item,item_id,2026-Q2,2025-Q4,2026-Q1,2025-Q4_1,ticker,2026-Q3,2025-Q3,2025-Q2,2025-Q1
Thu nhập trên mỗi cổ phần của 4 quý gần nhất (EPS),trailing_eps,3730.45,3797.57,3229.59,3730.45,ACB,,,,
Giá trị sổ sách của cổ phiếu (BVPS),book_value_per_share_bvps,17796.69,19494.35,18401.02,17796.69,ACB,,,,
Chỉ số giá thị trường trên thu nhập (P/E),pe_ratio,6.84,6.85,7.43,6.84,ACB,,,,
Chỉ số giá thị trường trên giá trị sổ sách (P/B),pb_ratio,1.43,1.33,1.3,1.43,ACB,,,,
Tỷ suất cổ tức,dividend_yield,0.04,0.04,4.17,3.92,ACB,,,,
Beta,beta,0.91,0.82,0.84,0.91,ACB,,,,
Tỷ suất lợi nhuận trên vốn chủ sở hữu bình quân (ROEA),roe,4.79,4.31,3.0,4.79,ACB,,,,
Tỷ suất sinh lợi trên tổng tài sản bình quân (ROAA),roa,0.45,0.42,0.28,0.45,ACB,,,,
Tỷ suất sinh lợi của Tài sản Có sinh lãi (YOEA),yield_on_earning_assets_yoea,1.63,1.53,1.61,1.63,ACB,,,,
Tỷ lệ chi phí hình thành Tài sản Có sinh lãi (COF),cost_of_funding_earning_assets_cof,1.0,0.9,1.03,1.0,ACB,,,,
Tỷ lệ thu nhập lãi thuần (NIM),net_interest_margin_nim,0.73,0.73,0.71,0.73,ACB,,,,
Tỷ lệ chi phí hoạt động/Tổng thu nhập HĐKD trước dự phòng (CIR),cost_income_ratio_cir,32.37,34.01,33.91,32.37,ACB,,,,
ROE bình quân 4 quý gần nhất,roe_trailling,19.92,20.44,17.35,19.92,ACB,,,,
ROA bình quân 4 quý gần nhất,roa_trailling,1.91,2.01,1.64,1.91,ACB,,,,
Tăng trưởng lợi nhuận trước thuế ,profit_before_tax,11.1,-6.04,-38.87,11.1,ACB,,,,
Tăng trưởng lợi nhuận sau thuế của CĐ ngân hàng mẹ,profit_after_tax_for_shareholders_of_the_parent_company,10.6,-5.82,-38.74,10.6,ACB,,,,
Tăng trưởng tổng tài sản,total_assets,22.02,22.6,18.73,22.02,ACB,,,,
Tăng trưởng vốn chủ sở hữu,owners_equity,15.93,16.42,13.25,15.93,ACB,,,,
Tăng trưởng vốn điều lệ,charter_capital,15.0,15.0,15.0,15.0,ACB,,,,
Tăng trưởng dư nợ cho vay,deposits_from_customers,20.59,18.31,18.27,20.59,ACB,,,,
Tăng trưởng huy động vốn khách hàng,deposits_from_customers_2,11.5,11.68,8.91,11.5,ACB,,,,
Tăng trưởng thu nhập lãi thuần,net_interest_income,-1.62,-5.4,0.18,-1.62,ACB,,,,
Tăng trưởng dự phòng rủi ro tín dụng,provisions_for_loan_losses,1.26,-6.1,23.86,1.26,ACB,,,,
Tăng trưởng thu phí dịch vụ thuần,net_fee_and_commission_income,6.46,17.06,2.93,6.46,ACB,,,,
Tăng trưởng tổng thu nhập HĐKD trước dự phòng,operating_profit_before_provision_for_credit_losses,9.0,-3.36,-6.79,9.0,ACB,,,,
Tăng trưởng tổng chi phí HĐKD,operating_expenses,-7.49,-2.61,1.57,-7.49,ACB,,,,
Dư nợ cho vay khách hàng/Tổng vốn huy động (LDR),outstanding_loans_customer_deposits,80.21,76.34,75.77,80.21,ACB,,,,
Dư nợ cho vay/Tổng tài sản Có,outstanding_loans_total_assets,70.55,67.16,66.95,70.55,ACB,,,,
Vốn chủ sở hữu/Tổng vốn huy động ,equity_deposits_from_customers,0.11,0.11,10.43,10.96,ACB,,,,
Vốn chủ sở hữu/Tổng tài sản Có,equity_total_assets,9.64,9.77,9.21,9.64,ACB,,,,
Dự phòng rủi ro tín dụng/Tổng dư nợ,loan_loss_provision_ratio,-0.01,-0.01,-1.12,-0.93,ACB,,,,
Tài sản Có sinh lãi/Tổng tài sản Có,earning_assets_total_assets,97.31,97.75,97.24,97.31,ACB,,,,
Thu nhập trên mỗi cổ phần của 4 quý gần nhất (EPS),trailing_eps,3889.69,4121.88,4277.87,3889.69,BID,,,,
Giá trị sổ sách của cổ phiếu (BVPS),book_value_per_share_bvps,23925.09,22204.57,24726.16,23925.09,BID,,,,
Chỉ số giá thị trường trên thu nhập (P/E),pe_ratio,10.28,9.4,9.09,10.28,BID,,,,
Chỉ số giá thị trường trên giá trị sổ sách (P/B),pb_ratio,1.67,1.75,1.57,1.67,BID,,,,
Tỷ suất cổ tức,dividend_yield,0.0,0.0,1.16,0.0,BID,,,,
Beta,beta,1.05,1.1,0.99,1.05,BID,,,,
Tỷ suất lợi nhuận trên vốn chủ sở hữu bình quân (ROEA),roe,3.6,3.88,6.9,3.72,BID,,,,
Tỷ suất sinh lợi trên tổng tài sản bình quân (ROAA),roa,0.2,0.21,0.36,0.2,BID,,,,
Tỷ suất sinh lợi của Tài sản Có sinh lãi (YOEA),yield_on_earning_assets_yoea,1.3,1.28,1.4,1.3,BID,,,,
Tỷ lệ chi phí hình thành Tài sản Có sinh lãi (COF),cost_of_funding_earning_assets_cof,0.83,0.82,0.83,0.83,BID,,,,
Tỷ lệ thu nhập lãi thuần (NIM),net_interest_margin_nim,0.51,0.5,0.59,0.51,BID,,,,
Tỷ lệ chi phí hoạt động/Tổng thu nhập HĐKD trước dự phòng (CIR),cost_income_ratio_cir,34.86,33.0,32.53,34.86,BID,,,,
ROE bình quân 4 quý gần nhất,roe_trailling,16.98,17.87,18.77,16.98,BID,,,,
ROA bình quân 4 quý gần nhất,roa_trailling,0.89,0.92,0.98,0.89,BID,,,,
Tăng trưởng lợi nhuận trước thuế ,profit_before_tax,16.86,0.31,52.42,16.86,BID,,,,
Tăng trưởng lợi nhuận sau thuế của CĐ ngân hàng mẹ,profit_after_tax_for_shareholders_of_the_parent_company,15.56,0.48,55.68,15.56,BID,,,,
Tăng trưởng tổng tài sản,total_assets,19.25,22.65,20.65,19.25,BID,,,,
Tăng trưởng vốn chủ sở hữu,owners_equity,21.34,20.84,20.14,21.34,BID,,,,
Tăng trưởng vốn điều lệ,charter_capital,23.17,23.17,1.8,23.17,BID,,,,
Tăng trưởng dư nợ cho vay,deposits_from_customers,14.54,17.47,15.41,14.54,BID,,,,
Tăng trưởng huy động vốn khách hàng,deposits_from_customers_2,11.39,13.96,13.83,11.39,BID,,,,
Tăng trưởng thu nhập lãi thuần,net_interest_income,8.46,2.99,23.07,8.46,BID,,,,
Tăng trưởng dự phòng rủi ro tín dụng,provisions_for_loan_losses,3.14,1.8,-11.93,3.14,BID,,,,
Tăng trưởng thu phí dịch vụ thuần,net_fee_and_commission_income,17.53,-9.1,-9.2,17.53,BID,,,,
Tăng trưởng tổng thu nhập HĐKD trước dự phòng,operating_profit_before_provision_for_credit_losses,25.83,1.81,19.63,25.83,BID,,,,
Tăng trưởng tổng chi phí HĐKD,operating_expenses,16.92,9.54,4.64,16.92,BID,,,,
Dư nợ cho vay khách hàng/Tổng vốn huy động (LDR),outstanding_loans_customer_deposits,78.85,79.83,76.91,78.85,BID,,,,
Dư nợ cho vay/Tổng tài sản Có,outstanding_loans_total_assets,72.82,73.78,71.24,72.82,BID,,,,
Vốn chủ sở hữu/Tổng vốn huy động ,equity_deposits_from_customers,0.06,0.06,5.63,5.92,BID,,,,
Vốn chủ sở hữu/Tổng tài sản Có,equity_total_assets,5.47,5.46,5.21,5.47,BID,,,,
Dự phòng rủi ro tín dụng/Tổng dư nợ,loan_loss_provision_ratio,-0.02,-0.02,-1.49,-1.8,BID,,,,
Tài sản Có sinh lãi/Tổng tài sản Có,earning_assets_total_assets,97.72,97.9,97.26,97.72,BID,,,,
Thu nhập trên mỗi cổ phần của 4 quý gần nhất (EPS),trailing_eps,3577.84,2924.74,4012.27,3577.84,BVH,,,,
Giá trị sổ sách của cổ phiếu (BVPS),book_value_per_share_bvps,34429.53,32671.29,34499.89,34429.53,BVH,,,,
Chỉ số giá thị trường trên thu nhập (P/E),pe_ratio,15.46,18.22,14.16,15.46,BVH,,,,
Chỉ số giá thị trường trên giá trị sổ sách (P/B),pb_ratio,5.53,5.33,5.68,5.53,BVH,,,,
Chỉ số giá thị trường trên doanh thu thuần (P/S),ps_ratio,4.21,3.97,4.0,4.21,BVH,,,,
Tỷ suất cổ tức,dividend_yield,0.02,0.02,1.86,1.82,BVH,,,,
Beta,beta,1.0,0.81,0.9,1.0,BVH,,,,
Giá trị doanh nghiệp trên lợi nhuận trước thuế và lãi vay (EV/EBIT),ev_ebit,42.69,0.0,0.0,42.69,BVH,,,,
"Giá trị doanh nghiệp trên lợi nhuận trước thuế, khấu hao và lãi vay (EV/EBITDA)",ev_ebitda,34.76,0.0,0.0,34.76,BVH,,,,
Tỷ suất lợi nhuận gộp biên,gross_margin,-1.14,5.79,-0.26,-1.14,BVH,,,,
Tỷ suất sinh lợi trên doanh thu thuần,net_margin,8.18,6.89,8.29,8.18,BVH,,,,
Tỷ suất lợi nhuận trên vốn chủ sở hữu bình quân (ROEA),roe,10.75,9.25,3.5,3.19,BVH,,,,
Tỷ suất sinh lợi trên tổng tài sản bình quân (ROAA),roa,0.29,0.27,0.3,0.29,BVH,,,,
ROE bình quân 4 quý gần nhất,roe_trailling,11.29,9.56,12.39,11.29,BVH,,,,
ROA bình quân 4 quý gần nhất,roa_trailling,1.02,0.89,1.1,1.02,BVH,,,,
Tăng trưởng  doanh thu thuần,net_revenue,0.03,3.69,0.41,0.03,BVH,,,,
Tăng trưởng  lợi nhuận gộp,gross_profit,0.0,0.0,0.0,0.0,BVH,,,,
Tăng trưởng lợi nhuận trước thuế ,profit_before_tax,39.94,14.2,61.64,39.94,BVH,,,,
Tăng trưởng lợi nhuận sau thuế của CĐ công ty mẹ,profit_after_tax_for_shareholders_of_the_parent_company,43.65,14.7,60.16,43.65,BVH,,,,
Tăng trưởng tổng tài sản,total_assets,14.52,9.19,16.2,14.52,BVH,,,,
Tăng trưởng nợ dài hạn,long_term_liabilities,3.96,3.01,1.41,3.96,BVH,,,,
Tăng trưởng nợ phải trả,liabilities,15.28,9.53,16.95,15.28,BVH,,,,
Tăng trưởng vốn chủ sở hữu,owners_equity,0.0,0.0,0.0,0.0,BVH,,,,
Tăng trưởng vốn điều lệ,charter_capital,0.0,0.0,0.0,0.0,BVH,,,,
Tỷ số thanh toán bằng tiền mặt,cash_ratio,0.11,0.02,0.06,0.11,BVH,,,,
Tỷ số thanh toán nhanh,quick_ratio,2.8,3.22,2.32,2.8,BVH,,,,
"Tỷ số thanh toán nhanh  (Đã loại trừ HTK, Phải thu ngắn hạn - Tham khảo)",quick_ratio_except_inventories_short_term_receivables_reference,2.44,2.83,2.03,2.44,BVH,,,,
Tỷ số thanh toán hiện hành (ngắn hạn),short_term_ratio,2.81,3.22,2.32,2.81,BVH,,,,
Vòng quay phải thu khách hàng,receivables_turnover,1.04,1.26,1.16,1.04,BVH,,,,
Thời gian thu tiền khách hàng bình quân,days_of_sales_outstanding,349.36,290.63,315.45,349.36,BVH,,,,
Vòng quay phải trả nhà cung cấp,payables_turnover,2.64,2.78,2.88,2.64,BVH,,,,
Thời gian trả tiền khách hàng bình quân,number_of_days_of_payables,138.24,131.13,126.9,138.24,BVH,,,,
Vòng quay tài sản cố định (Hiệu suất sử dụng tài sản cố định),fixed_asset_turnover,5.48,5.34,6.09,5.48,BVH,,,,
Vòng quay tổng tài sản (Hiệu suất sử dụng toàn bộ tài sản),total_asset_turnover,0.04,0.04,0.04,0.04,BVH,,,,
Vòng quay vốn chủ sở hữu,equity_turnover,1.31,1.34,1.42,1.31,BVH,,,,
Tỷ số Nợ ngắn hạn trên Tổng nợ phải trả,short_term_liabilities_to_total_liabilities,20.02,17.55,24.35,20.02,BVH,,,,
Tỷ số Nợ vay trên Tổng tài sản,debt_to_assets,1.58,1.27,0.0,1.58,BVH,,,,
Tỷ số Nợ trên Tổng tài sản,liabilities_to_assets,90.63,90.52,91.23,90.63,BVH,,,,
Tỷ số Vốn chủ sở hữu trên Tổng tài sản,equity_to_assets,2.72,2.9,2.54,2.72,BVH,,,,
Tỷ số Nợ ngắn hạn trên Vốn chủ sở hữu,short_term_liabilities_to_equity,666.8,547.25,873.44,666.8,BVH,,,,
Tỷ số Nợ vay trên Vốn chủ sở hữu,debt_to_equity,58.22,43.59,0.01,58.22,BVH,,,,
Tỷ số Nợ trên Vốn chủ sở hữu,liabilities_to_equity,3330.68,3119.12,3587.4,3330.68,BVH,,,,
Tỷ số dòng tiền HĐKD trên doanh thu thuần,accrual_ratio_cf,0.0,9.97,0.0,0.0,BVH,,,,
Khả năng chi trả nợ ngắn hạn từ dòng tiền HĐKD,cash_to_income,0.0,2.45,0.0,0.0,BVH,,,,
Khả năng chi trả nợ ngắn hạn từ lưu chuyển tiền thuần trong kỳ,net_cash_flows_short_term_liabilities,0.0,-1.3,0.0,0.0,BVH,,,,
Tỷ lệ dồn tích (Phương pháp Cân đối kế toán),accrual_ratio_balance_sheet_method,0.0,0.0,0.0,0.0,BVH,,,,
Tỷ lệ dồn tích (Phương pháp Dòng tiền),accrual_ratio_cash_flow_method,0.0,0.0,0.0,0.0,BVH,,,,
Dòng tiền từ HĐKD trên Tổng tài sản,cash_return_to_assets,0.0,0.39,0.0,0.0,BVH,,,,
Dòng tiền từ HĐKD trên Vốn chủ sở hữu,cash_return_on_equity,0.0,13.39,0.0,0.0,BVH,,,,
Dòng tiền từ HĐKD trên Lợi nhuận thuần từ HĐKD,cash_to_income_2,0.0,172.23,0.0,0.0,BVH,,,,
Khả năng thanh toán nợ từ dòng tiền HĐKD,debt_coverage,0.0,0.43,0.0,0.0,BVH,,,,
Dòng tiền từ HĐKD trên mỗi cổ phần (CPS),cash_flow_per_share_cps,0.0,1339.21,0.0,0.0,BVH,,,,
Thu nhập trên mỗi cổ phần của 4 quý gần nhất (EPS),trailing_eps,149.19,411.01,251.73,149.19,CII,,,,
Giá trị sổ sách của cổ phiếu (BVPS),book_value_per_share_bvps,19021.0,21052.0,19133.0,19021.0,CII,,,,
Chỉ số giá thị trường trên thu nhập (P/E),pe_ratio,170.93,33.33,83.03,170.93,CII,,,,
Chỉ số giá thị trường trên giá trị sổ sách (P/B),pb_ratio,1.34,0.65,1.09,1.34,CII,,,,
Chỉ số giá thị trường trên doanh thu thuần (P/S),ps_ratio,22.3,10.79,15.85,22.3,CII,,,,
Tỷ suất cổ tức,dividend_yield,0.04,0.07,2.39,3.92,CII,,,,
Beta,beta,1.74,1.65,1.74,1.74,CII,,,,
Giá trị doanh nghiệp trên lợi nhuận trước thuế và lãi vay (EV/EBIT),ev_ebit,96.97,75.29,71.73,96.97,CII,,,,
"Giá trị doanh nghiệp trên lợi nhuận trước thuế, khấu hao và lãi vay (EV/EBITDA)",ev_ebitda,35.91,47.48,30.64,35.91,CII,,,,
Tỷ suất lợi nhuận gộp biên,gross_margin,48.71,61.05,56.9,48.71,CII,,,,
Tỷ lệ lãi EBIT,ebit_margin,54.22,58.76,60.04,54.22,CII,,,,
Tỷ lệ lãi EBITDA,ebitda_net_revenue,75.88,93.18,79.13,75.88,CII,,,,
Tỷ suất sinh lợi trên doanh thu thuần,net_margin,7.86,13.74,16.46,7.86,CII,,,,
Tỷ suất lợi nhuận trên vốn chủ sở hữu bình quân (ROEA),roe,0.1,0.17,0.84,0.13,CII,,,,
Tỷ suất sinh lợi trên vốn dài hạn bình quân (ROCE),return_on_capital_employed_roce,1.33,1.45,1.65,1.33,CII,,,,
Tỷ suất sinh lợi trên tổng tài sản bình quân (ROAA),roa,0.03,0.05,0.2,0.03,CII,,,,
ROE bình quân 4 quý gần nhất,roe_trailling,0.9,2.15,1.63,0.9,CII,,,,
ROA bình quân 4 quý gần nhất,roa_trailling,0.19,0.4,0.37,0.19,CII,,,,
Tăng trưởng  doanh thu thuần,net_revenue,1.12,-20.78,8.99,1.12,CII,,,,
Tăng trưởng  lợi nhuận gộp,gross_profit,-16.93,-9.92,20.58,-16.93,CII,,,,
Tăng trưởng lợi nhuận trước thuế ,profit_before_tax,-45.07,-67.59,370.4,-45.07,CII,,,,
Tăng trưởng lợi nhuận sau thuế của CĐ công ty mẹ,profit_after_tax_for_shareholders_of_the_parent_company,85.87,-93.03,1161.61,85.87,CII,,,,
Tăng trưởng tổng tài sản,total_assets,7.74,2.41,2.31,7.74,CII,,,,
Tăng trưởng nợ dài hạn,long_term_liabilities,-0.82,-8.86,-3.24,-0.82,CII,,,,
Tăng trưởng nợ phải trả,liabilities,0.93,-4.25,-7.16,0.93,CII,,,,
Tăng trưởng vốn chủ sở hữu,owners_equity,26.41,21.08,30.82,26.41,CII,,,,
Tăng trưởng vốn điều lệ,charter_capital,96.04,72.12,95.6,96.04,CII,,,,
Tỷ số thanh toán bằng tiền mặt,cash_ratio,0.21,0.08,0.1,0.21,CII,,,,
Tỷ số thanh toán nhanh,quick_ratio,0.9,0.74,0.91,0.9,CII,,,,
"Tỷ số thanh toán nhanh  (Đã loại trừ HTK, Phải thu ngắn hạn - Tham khảo)",quick_ratio_except_inventories_short_term_receivables_reference,0.47,0.27,0.46,0.47,CII,,,,
Tỷ số thanh toán hiện hành (ngắn hạn),short_term_ratio,1.19,1.02,1.24,1.19,CII,,,,
Khả năng thanh toán lãi vay,interest_coverage,1.2,1.37,1.41,1.2,CII,,,,
Vòng quay phải thu khách hàng,receivables_turnover,1.15,0.99,1.45,1.15,CII,,,,
Thời gian thu tiền khách hàng bình quân,days_of_sales_outstanding,317.88,367.92,251.86,317.88,CII,,,,
Vòng quay hàng tồn kho,inventory_turnover,0.15,0.11,0.15,0.15,CII,,,,
Thời gian tồn kho bình quân,days_of_inventory_on_hand,2412.28,3185.71,2497.37,2412.28,CII,,,,
Vòng quay phải trả nhà cung cấp,payables_turnover,0.49,0.4,0.6,0.49,CII,,,,
Thời gian trả tiền khách hàng bình quân,number_of_days_of_payables,741.15,922.12,608.92,741.15,CII,,,,
Vòng quay tài sản cố định (Hiệu suất sử dụng tài sản cố định),fixed_asset_turnover,0.05,0.04,0.05,0.05,CII,,,,
Vòng quay tổng tài sản (Hiệu suất sử dụng toàn bộ tài sản),total_asset_turnover,0.02,0.02,0.02,0.02,CII,,,,
Vòng quay vốn chủ sở hữu,equity_turnover,0.06,0.07,0.07,0.06,CII,,,,
Tỷ số Nợ ngắn hạn trên Tổng nợ phải trả,short_term_liabilities_to_total_liabilities,31.21,34.5,28.96,31.21,CII,,,,
Tỷ số Nợ vay trên Tổng tài sản,debt_to_assets,53.63,56.13,53.74,53.63,CII,,,,
Tỷ số Nợ trên Tổng tài sản,liabilities_to_assets,68.67,68.89,68.13,68.67,CII,,,,
Tỷ số Vốn chủ sở hữu trên Tổng tài sản,equity_to_assets,31.33,31.11,31.87,31.33,CII,,,,
Tỷ số Nợ ngắn hạn trên Vốn chủ sở hữu,short_term_liabilities_to_equity,68.42,76.39,61.9,68.42,CII,,,,
Tỷ số Nợ vay trên Vốn chủ sở hữu,debt_to_equity,171.2,180.41,168.62,171.2,CII,,,,
Tỷ số Nợ trên Vốn chủ sở hữu,liabilities_to_equity,219.2,221.43,213.75,219.2,CII,,,,
Tỷ số dòng tiền HĐKD trên doanh thu thuần,accrual_ratio_cf,0.0,-18.0,0.0,0.0,CII,,,,
Khả năng chi trả nợ ngắn hạn từ dòng tiền HĐKD,cash_to_income,0.0,-1.42,0.0,0.0,CII,,,,
Khả năng chi trả nợ ngắn hạn từ lưu chuyển tiền thuần trong kỳ,net_cash_flows_short_term_liabilities,0.0,-6.87,0.0,0.0,CII,,,,
Tỷ lệ dồn tích (Phương pháp Cân đối kế toán),accrual_ratio_balance_sheet_method,0.0,0.0,0.0,0.0,CII,,,,
Tỷ lệ dồn tích (Phương pháp Dòng tiền),accrual_ratio_cash_flow_method,0.0,0.0,0.0,0.0,CII,,,,
Dòng tiền từ HĐKD trên Tổng tài sản,cash_return_to_assets,0.0,-0.34,0.0,0.0,CII,,,,
Dòng tiền từ HĐKD trên Vốn chủ sở hữu,cash_return_on_equity,0.0,-1.09,0.0,0.0,CII,,,,
Dòng tiền từ HĐKD trên Lợi nhuận thuần từ HĐKD,cash_to_income_2,0.0,-97.28,0.0,0.0,CII,,,,
Khả năng thanh toán nợ từ dòng tiền HĐKD,debt_coverage,0.0,-0.49,0.0,0.0,CII,,,,
Dòng tiền từ HĐKD trên mỗi cổ phần (CPS),cash_flow_per_share_cps,0.0,-228.56,0.0,0.0,CII,,,,
Thu nhập trên mỗi cổ phần của 4 quý gần nhất (EPS),trailing_eps,6206.54,4804.77,6441.47,6206.54,CTG,,,,
Giá trị sổ sách của cổ phiếu (BVPS),book_value_per_share_bvps,31635.24,28674.56,33452.79,31635.24,CTG,,,,
Chỉ số giá thị trường trên thu nhập (P/E),pe_ratio,8.18,8.63,5.55,8.18,CTG,,,,
Chỉ số giá thị trường trên giá trị sổ sách (P/B),pb_ratio,1.61,1.45,1.07,1.61,CTG,,,,
Tỷ suất cổ tức,dividend_yield,0.0,0.0,1.26,0.0,CTG,,,,
Beta,beta,1.18,1.29,1.15,1.18,CTG,,,,
Tỷ suất lợi nhuận trên vốn chủ sở hữu bình quân (ROEA),roe,5.06,3.58,6.37,5.1,CTG,,,,
Tỷ suất sinh lợi trên tổng tài sản bình quân (ROAA),roa,0.31,0.22,0.4,0.31,CTG,,,,
Tỷ suất sinh lợi của Tài sản Có sinh lãi (YOEA),yield_on_earning_assets_yoea,1.36,1.34,1.42,1.36,CTG,,,,
Tỷ lệ chi phí hình thành Tài sản Có sinh lãi (COF),cost_of_funding_earning_assets_cof,0.8,0.77,0.81,0.8,CTG,,,,
Tỷ lệ thu nhập lãi thuần (NIM),net_interest_margin_nim,0.63,0.64,0.66,0.63,CTG,,,,
Tỷ lệ chi phí hoạt động/Tổng thu nhập HĐKD trước dự phòng (CIR),cost_income_ratio_cir,26.76,26.98,39.11,26.76,CTG,,,,
ROE bình quân 4 quý gần nhất,roe_trailling,21.05,17.89,20.88,21.05,CTG,,,,
ROA bình quân 4 quý gần nhất,roa_trailling,1.3,1.12,1.3,1.3,CTG,,,,
Tăng trưởng lợi nhuận trước thuế ,profit_before_tax,61.99,9.87,13.6,61.99,CTG,,,,
Tăng trưởng lợi nhuận sau thuế của CĐ ngân hàng mẹ,profit_after_tax_for_shareholders_of_the_parent_company,61.67,9.28,12.88,61.67,CTG,,,,
Tăng trưởng tổng tài sản,total_assets,23.85,18.88,16.03,23.85,CTG,,,,
Tăng trưởng vốn chủ sở hữu,owners_equity,20.49,17.92,19.81,20.49,CTG,,,,
Tăng trưởng vốn điều lệ,charter_capital,0.0,0.0,44.64,0.0,CTG,,,,
Tăng trưởng dư nợ cho vay,deposits_from_customers,23.99,18.89,15.7,23.99,CTG,,,,
Tăng trưởng huy động vốn khách hàng,deposits_from_customers_2,17.05,13.56,11.68,17.05,CTG,,,,
Tăng trưởng thu nhập lãi thuần,net_interest_income,10.26,1.98,10.1,10.26,CTG,,,,
Tăng trưởng dự phòng rủi ro tín dụng,provisions_for_loan_losses,14.65,4.38,-9.2,14.65,CTG,,,,
Tăng trưởng thu phí dịch vụ thuần,net_fee_and_commission_income,-11.89,-9.46,36.88,-11.89,CTG,,,,
Tăng trưởng tổng thu nhập HĐKD trước dự phòng,operating_profit_before_provision_for_credit_losses,4.15,4.73,-3.04,4.15,CTG,,,,
Tăng trưởng tổng chi phí HĐKD,operating_expenses,-1.2,14.81,39.34,-1.2,CTG,,,,
Dư nợ cho vay khách hàng/Tổng vốn huy động (LDR),outstanding_loans_customer_deposits,78.46,79.24,78.74,78.46,CTG,,,,
Dư nợ cho vay/Tổng tài sản Có,outstanding_loans_total_assets,72.08,72.9,71.98,72.08,CTG,,,,
Vốn chủ sở hữu/Tổng vốn huy động ,equity_deposits_from_customers,0.07,0.07,7.1,6.7,CTG,,,,
Vốn chủ sở hữu/Tổng tài sản Có,equity_total_assets,6.15,6.23,6.49,6.15,CTG,,,,
Dự phòng rủi ro tín dụng/Tổng dư nợ,loan_loss_provision_ratio,-0.02,-0.02,-1.78,-1.96,CTG,,,,
Tài sản Có sinh lãi/Tổng tài sản Có,earning_assets_total_assets,98.62,98.63,98.15,98.62,CTG,,,,
Thu nhập trên mỗi cổ phần của 4 quý gần nhất (EPS),trailing_eps,3449.28,2611.57,3652.8,3449.28,DCM,,,,
Giá trị sổ sách của cổ phiếu (BVPS),book_value_per_share_bvps,19936.0,19956.0,20288.0,19936.0,DCM,,,,
Chỉ số giá thị trường trên thu nhập (P/E),pe_ratio,10.77,12.66,8.95,10.77,DCM,,,,
Chỉ số giá thị trường trên giá trị sổ sách (P/B),pb_ratio,1.86,1.66,1.61,1.86,DCM,,,,
Chỉ số giá thị trường trên doanh thu thuần (P/S),ps_ratio,6.58,5.14,3.82,6.58,DCM,,,,
Tỷ suất cổ tức,dividend_yield,0.05,0.06,6.12,5.38,DCM,,,,
Beta,beta,1.26,1.31,1.03,1.26,DCM,,,,
Giá trị doanh nghiệp trên lợi nhuận trước thuế và lãi vay (EV/EBIT),ev_ebit,49.69,36.95,35.32,49.69,DCM,,,,
"Giá trị doanh nghiệp trên lợi nhuận trước thuế, khấu hao và lãi vay (EV/EBITDA)",ev_ebitda,27.15,31.78,20.07,27.15,DCM,,,,
Tỷ suất lợi nhuận gộp biên,gross_margin,21.98,25.98,27.65,21.98,DCM,,,,
Tỷ lệ lãi EBIT,ebit_margin,13.3,13.78,10.03,13.3,DCM,,,,
Tỷ lệ lãi EBITDA,ebitda_net_revenue,16.24,16.02,12.12,16.24,DCM,,,,
Tỷ suất sinh lợi trên doanh thu thuần,net_margin,10.98,12.1,8.6,10.98,DCM,,,,
Tỷ suất lợi nhuận trên vốn chủ sở hữu bình quân (ROEA),roe,3.15,3.97,3.67,3.16,DCM,,,,
Tỷ suất sinh lợi trên vốn dài hạn bình quân (ROCE),return_on_capital_employed_roce,3.52,4.19,3.93,3.52,DCM,,,,
Tỷ suất sinh lợi trên tổng tài sản bình quân (ROAA),roa,1.89,2.52,2.28,1.89,DCM,,,,
ROE bình quân 4 quý gần nhất,roe_trailling,17.65,13.75,18.42,17.65,DCM,,,,
ROA bình quân 4 quý gần nhất,roa_trailling,10.87,8.54,11.18,10.87,DCM,,,,
Tăng trưởng  doanh thu thuần,net_revenue,13.43,24.15,7.47,13.43,DCM,,,,
Tăng trưởng  lợi nhuận gộp,gross_profit,75.24,24.74,84.24,75.24,DCM,,,,
Tăng trưởng lợi nhuận trước thuế ,profit_before_tax,187.79,18.6,36.38,187.79,DCM,,,,
Tăng trưởng lợi nhuận sau thuế của CĐ công ty mẹ,profit_after_tax_for_shareholders_of_the_parent_company,172.24,18.91,38.17,172.24,DCM,,,,
Tăng trưởng tổng tài sản,total_assets,7.04,7.27,12.75,7.04,DCM,,,,
Tăng trưởng nợ dài hạn,long_term_liabilities,-5.96,9.66,11.69,-5.96,DCM,,,,
Tăng trưởng nợ phải trả,liabilities,7.71,15.95,24.81,7.71,DCM,,,,
Tăng trưởng vốn chủ sở hữu,owners_equity,6.67,2.66,6.15,6.67,DCM,,,,
Tăng trưởng vốn điều lệ,charter_capital,0.0,0.0,0.0,0.0,DCM,,,,
Tỷ số thanh toán bằng tiền mặt,cash_ratio,0.38,0.37,0.6,0.38,DCM,,,,
Tỷ số thanh toán nhanh,quick_ratio,1.76,2.0,1.61,1.76,DCM,,,,
"Tỷ số thanh toán nhanh  (Đã loại trừ HTK, Phải thu ngắn hạn - Tham khảo)",quick_ratio_except_inventories_short_term_receivables_reference,1.36,1.65,1.28,1.36,DCM,,,,
Tỷ số thanh toán hiện hành (ngắn hạn),short_term_ratio,2.67,2.59,2.42,2.67,DCM,,,,
Khả năng thanh toán lãi vay,interest_coverage,20.94,30.31,25.34,20.94,DCM,,,,
Vòng quay phải thu khách hàng,receivables_turnover,6.32,5.04,9.43,6.32,DCM,,,,
Thời gian thu tiền khách hàng bình quân,days_of_sales_outstanding,57.78,72.35,38.69,57.78,DCM,,,,
Vòng quay hàng tồn kho,inventory_turnover,0.63,0.81,0.7,0.63,DCM,,,,
Thời gian tồn kho bình quân,days_of_inventory_on_hand,581.3,448.59,523.68,581.3,DCM,,,,
Vòng quay phải trả nhà cung cấp,payables_turnover,1.75,1.59,2.24,1.75,DCM,,,,
Thời gian trả tiền khách hàng bình quân,number_of_days_of_payables,208.22,229.12,163.29,208.22,DCM,,,,
Vòng quay tài sản cố định (Hiệu suất sử dụng tài sản cố định),fixed_asset_turnover,1.48,1.7,2.15,1.48,DCM,,,,
Vòng quay tổng tài sản (Hiệu suất sử dụng toàn bộ tài sản),total_asset_turnover,0.17,0.21,0.27,0.17,DCM,,,,
Vòng quay vốn chủ sở hữu,equity_turnover,0.29,0.33,0.43,0.29,DCM,,,,
Tỷ số Nợ ngắn hạn trên Tổng nợ phải trả,short_term_liabilities_to_total_liabilities,85.24,86.24,86.64,85.24,DCM,,,,
Tỷ số Nợ vay trên Tổng tài sản,debt_to_assets,12.08,10.68,12.94,12.08,DCM,,,,
Tỷ số Nợ trên Tổng tài sản,liabilities_to_assets,36.06,37.44,39.13,36.06,DCM,,,,
Tỷ số Vốn chủ sở hữu trên Tổng tài sản,equity_to_assets,63.94,62.56,60.87,63.94,DCM,,,,
Tỷ số Nợ ngắn hạn trên Vốn chủ sở hữu,short_term_liabilities_to_equity,48.06,51.61,55.7,48.06,DCM,,,,
Tỷ số Nợ vay trên Vốn chủ sở hữu,debt_to_equity,18.89,17.07,21.25,18.89,DCM,,,,
Tỷ số Nợ trên Vốn chủ sở hữu,liabilities_to_equity,56.39,59.85,64.29,56.39,DCM,,,,
Tỷ số dòng tiền HĐKD trên doanh thu thuần,accrual_ratio_cf,0.0,-7.31,0.0,0.0,DCM,,,,
Khả năng chi trả nợ ngắn hạn từ dòng tiền HĐKD,cash_to_income,0.0,-4.56,0.0,0.0,DCM,,,,
Khả năng chi trả nợ ngắn hạn từ lưu chuyển tiền thuần trong kỳ,net_cash_flows_short_term_liabilities,0.0,1.34,0.0,0.0,DCM,,,,
Tỷ lệ dồn tích (Phương pháp Cân đối kế toán),accrual_ratio_balance_sheet_method,0.0,0.0,0.0,0.0,DCM,,,,
Tỷ lệ dồn tích (Phương pháp Dòng tiền),accrual_ratio_cash_flow_method,0.0,0.0,0.0,0.0,DCM,,,,
Dòng tiền từ HĐKD trên Tổng tài sản,cash_return_to_assets,0.0,-1.47,0.0,0.0,DCM,,,,
Dòng tiền từ HĐKD trên Vốn chủ sở hữu,cash_return_on_equity,0.0,-2.36,0.0,0.0,DCM,,,,
Dòng tiền từ HĐKD trên Lợi nhuận thuần từ HĐKD,cash_to_income_2,0.0,-55.07,0.0,0.0,DCM,,,,
Khả năng thanh toán nợ từ dòng tiền HĐKD,debt_coverage,0.0,-3.94,0.0,0.0,DCM,,,,
Dòng tiền từ HĐKD trên mỗi cổ phần (CPS),cash_flow_per_share_cps,0.0,-470.17,0.0,0.0,DCM,,,,
Thu nhập trên mỗi cổ phần của 4 quý gần nhất (EPS),trailing_eps,8331.12,8181.65,7994.79,8331.12,DGC,,,,
Giá trị sổ sách của cổ phiếu (BVPS),book_value_per_share_bvps,42159.0,37692.0,40566.0,42159.0,DGC,,,,
Chỉ số giá thị trường trên thu nhập (P/E),pe_ratio,11.02,12.17,8.57,11.02,DGC,,,,
Chỉ số giá thị trường trên giá trị sổ sách (P/B),pb_ratio,2.18,2.64,1.69,2.18,DGC,,,,
Chỉ số giá thị trường trên doanh thu thuần (P/S),ps_ratio,12.38,13.46,9.49,12.38,DGC,,,,
Tỷ suất cổ tức,dividend_yield,0.03,0.03,4.38,3.27,DGC,,,,
Beta,beta,1.29,1.47,0.87,1.29,DGC,,,,
Giá trị doanh nghiệp trên lợi nhuận trước thuế và lãi vay (EV/EBIT),ev_ebit,39.09,38.45,35.26,39.09,DGC,,,,
"Giá trị doanh nghiệp trên lợi nhuận trước thuế, khấu hao và lãi vay (EV/EBITDA)",ev_ebitda,0.0,0.0,0.0,0.0,DGC,,,,
Tỷ suất lợi nhuận gộp biên,gross_margin,31.08,34.88,26.13,31.08,DGC,,,,
Tỷ lệ lãi EBIT,ebit_margin,32.42,35.05,27.44,32.42,DGC,,,,
Tỷ lệ lãi EBITDA,ebitda_net_revenue,34.96,37.71,30.37,34.96,DGC,,,,
Tỷ suất sinh lợi trên doanh thu thuần,net_margin,28.56,29.78,23.97,28.56,DGC,,,,
Tỷ suất lợi nhuận trên vốn chủ sở hữu bình quân (ROEA),roe,4.82,5.78,4.06,4.94,DGC,,,,
Tỷ suất sinh lợi trên vốn dài hạn bình quân (ROCE),return_on_capital_employed_roce,5.83,7.0,4.77,5.83,DGC,,,,
Tỷ suất sinh lợi trên tổng tài sản bình quân (ROAA),roa,4.01,5.01,3.19,4.01,DGC,,,,
ROE bình quân 4 quý gần nhất,roe_trailling,21.91,22.97,20.43,21.91,DGC,,,,
ROA bình quân 4 quý gần nhất,roa_trailling,18.12,19.46,16.5,18.12,DGC,,,,
Tăng trưởng  doanh thu thuần,net_revenue,10.11,17.84,13.34,10.11,DGC,,,,
Tăng trưởng  lợi nhuận gộp,gross_profit,-0.67,27.93,-19.23,-0.67,DGC,,,,
Tăng trưởng lợi nhuận trước thuế ,profit_before_tax,12.66,27.12,-14.67,12.66,DGC,,,,
Tăng trưởng lợi nhuận sau thuế của CĐ công ty mẹ,profit_after_tax_for_shareholders_of_the_parent_company,6.47,20.33,-17.04,6.47,DGC,,,,
Tăng trưởng tổng tài sản,total_assets,19.93,14.23,23.58,19.93,DGC,,,,
Tăng trưởng nợ dài hạn,long_term_liabilities,-4.73,342.6,-5.15,-4.73,DGC,,,,
Tăng trưởng nợ phải trả,liabilities,66.04,12.98,95.55,66.04,DGC,,,,
Tăng trưởng vốn chủ sở hữu,owners_equity,13.22,14.43,12.45,13.22,DGC,,,,
Tăng trưởng vốn điều lệ,charter_capital,0.0,0.0,0.0,0.0,DGC,,,,
Tỷ số thanh toán bằng tiền mặt,cash_ratio,0.1,0.09,0.25,0.1,DGC,,,,
Tỷ số thanh toán nhanh,quick_ratio,4.28,5.84,3.54,4.28,DGC,,,,
"Tỷ số thanh toán nhanh  (Đã loại trừ HTK, Phải thu ngắn hạn - Tham khảo)",quick_ratio_except_inventories_short_term_receivables_reference,3.91,5.29,3.21,3.91,DGC,,,,
Tỷ số thanh toán hiện hành (ngắn hạn),short_term_ratio,4.84,6.29,3.95,4.84,DGC,,,,
Khả năng thanh toán lãi vay,interest_coverage,76.53,140.81,62.85,76.53,DGC,,,,
Vòng quay phải thu khách hàng,receivables_turnover,4.69,5.47,4.55,4.69,DGC,,,,
Thời gian thu tiền khách hàng bình quân,days_of_sales_outstanding,77.9,66.73,80.21,77.9,DGC,,,,
Vòng quay hàng tồn kho,inventory_turnover,1.23,1.88,1.14,1.23,DGC,,,,
Thời gian tồn kho bình quân,days_of_inventory_on_hand,296.7,194.19,320.17,296.7,DGC,,,,
Vòng quay phải trả nhà cung cấp,payables_turnover,5.62,7.28,7.09,5.62,DGC,,,,
Thời gian trả tiền khách hàng bình quân,number_of_days_of_payables,64.92,50.13,51.51,64.92,DGC,,,,
Vòng quay tài sản cố định (Hiệu suất sử dụng tài sản cố định),fixed_asset_turnover,1.2,1.14,1.2,1.2,DGC,,,,
Vòng quay tổng tài sản (Hiệu suất sử dụng toàn bộ tài sản),total_asset_turnover,0.15,0.17,0.14,0.15,DGC,,,,
Vòng quay vốn chủ sở hữu,equity_turnover,0.18,0.2,0.17,0.18,DGC,,,,
Tỷ số Nợ ngắn hạn trên Tổng nợ phải trả,short_term_liabilities_to_total_liabilities,98.11,97.0,98.46,98.11,DGC,,,,
Tỷ số Nợ vay trên Tổng tài sản,debt_to_assets,10.09,6.54,7.91,10.09,DGC,,,,
Tỷ số Nợ trên Tổng tài sản,liabilities_to_assets,17.57,13.33,21.2,17.57,DGC,,,,
Tỷ số Vốn chủ sở hữu trên Tổng tài sản,equity_to_assets,82.43,86.67,78.8,82.43,DGC,,,,
Tỷ số Nợ ngắn hạn trên Vốn chủ sở hữu,short_term_liabilities_to_equity,20.92,14.92,26.49,20.92,DGC,,,,
Tỷ số Nợ vay trên Vốn chủ sở hữu,debt_to_equity,12.24,7.54,10.04,12.24,DGC,,,,
Tỷ số Nợ trên Vốn chủ sở hữu,liabilities_to_equity,21.32,15.38,26.9,21.32,DGC,,,,
Tỷ số dòng tiền HĐKD trên doanh thu thuần,accrual_ratio_cf,0.0,12.29,0.0,0.0,DGC,,,,
Khả năng chi trả nợ ngắn hạn từ dòng tiền HĐKD,cash_to_income,0.0,16.18,0.0,0.0,DGC,,,,
Khả năng chi trả nợ ngắn hạn từ lưu chuyển tiền thuần trong kỳ,net_cash_flows_short_term_liabilities,0.0,3.5,0.0,0.0,DGC,,,,
Tỷ lệ dồn tích (Phương pháp Cân đối kế toán),accrual_ratio_balance_sheet_method,0.0,0.0,0.0,0.0,DGC,,,,
Tỷ lệ dồn tích (Phương pháp Dòng tiền),accrual_ratio_cash_flow_method,0.0,0.0,0.0,0.0,DGC,,,,
Dòng tiền từ HĐKD trên Tổng tài sản,cash_return_to_assets,0.0,2.09,0.0,0.0,DGC,,,,
Dòng tiền từ HĐKD trên Vốn chủ sở hữu,cash_return_on_equity,0.0,2.41,0.0,0.0,DGC,,,,
Dòng tiền từ HĐKD trên Lợi nhuận thuần từ HĐKD,cash_to_income_2,0.0,35.33,0.0,0.0,DGC,,,,
Khả năng thanh toán nợ từ dòng tiền HĐKD,debt_coverage,0.0,15.69,0.0,0.0,DGC,,,,
Dòng tiền từ HĐKD trên mỗi cổ phần (CPS),cash_flow_per_share_cps,0.0,909.77,0.0,0.0,DGC,,,,
Thu nhập trên mỗi cổ phần của 4 quý gần nhất (EPS),trailing_eps,2160.08,1366.22,2218.26,2160.08,DPM,,,,
Giá trị sổ sách của cổ phiếu (BVPS),book_value_per_share_bvps,16681.0,29103.0,16962.0,16681.0,DPM,,,,
Chỉ số giá thị trường trên thu nhập (P/E),pe_ratio,11.62,25.44,10.03,11.62,DPM,,,,
Chỉ số giá thị trường trên giá trị sổ sách (P/B),pb_ratio,1.5,1.19,1.31,1.5,DPM,,,,
Chỉ số giá thị trường trên doanh thu thuần (P/S),ps_ratio,4.58,3.3,4.43,4.58,DPM,,,,
Tỷ suất cổ tức,dividend_yield,0.06,0.06,6.74,5.98,DPM,,,,
Beta,beta,1.23,1.28,0.98,1.23,DPM,,,,
Giá trị doanh nghiệp trên lợi nhuận trước thuế và lãi vay (EV/EBIT),ev_ebit,53.97,58.67,61.47,53.97,DPM,,,,
"Giá trị doanh nghiệp trên lợi nhuận trước thuế, khấu hao và lãi vay (EV/EBITDA)",ev_ebitda,0.0,0.0,0.0,0.0,DPM,,,,
Tỷ suất lợi nhuận gộp biên,gross_margin,19.27,15.89,19.58,19.27,DPM,,,,
Tỷ lệ lãi EBIT,ebit_margin,10.4,6.75,8.64,10.4,DPM,,,,
Tỷ lệ lãi EBITDA,ebitda_net_revenue,13.0,9.09,9.46,13.0,DPM,,,,
Tỷ suất sinh lợi trên doanh thu thuần,net_margin,6.4,5.12,6.82,6.4,DPM,,,,
Tỷ suất lợi nhuận trên vốn chủ sở hữu bình quân (ROEA),roe,2.05,1.82,2.04,2.08,DPM,,,,
Tỷ suất sinh lợi trên vốn dài hạn bình quân (ROCE),return_on_capital_employed_roce,3.31,2.41,2.53,3.31,DPM,,,,
Tỷ suất sinh lợi trên tổng tài sản bình quân (ROAA),roa,1.27,1.21,1.25,1.27,DPM,,,,
ROE bình quân 4 quý gần nhất,roe_trailling,7.84,4.74,9.5,7.84,DPM,,,,
ROA bình quân 4 quý gần nhất,roa_trailling,4.94,3.2,5.92,4.94,DPM,,,,
Tăng trưởng  doanh thu thuần,net_revenue,21.18,24.57,7.91,21.18,DPM,,,,
Tăng trưởng  lợi nhuận gộp,gross_profit,100.35,8.82,70.15,100.35,DPM,,,,
Tăng trưởng lợi nhuận trước thuế ,profit_before_tax,273.21,-21.96,251.9,273.21,DPM,,,,
Tăng trưởng lợi nhuận sau thuế của CĐ công ty mẹ,profit_after_tax_for_shareholders_of_the_parent_company,275.27,-22.43,535.2,275.27,DPM,,,,
Tăng trưởng tổng tài sản,total_assets,10.39,24.81,7.54,10.39,DPM,,,,
Tăng trưởng nợ dài hạn,long_term_liabilities,-53.71,-44.47,-3.77,-53.71,DPM,,,,
Tăng trưởng nợ phải trả,liabilities,28.58,178.54,17.92,28.58,DPM,,,,
Tăng trưởng vốn chủ sở hữu,owners_equity,0.97,-3.53,2.64,0.97,DPM,,,,
Tăng trưởng vốn điều lệ,charter_capital,73.73,0.0,73.73,73.73,DPM,,,,
Tỷ số thanh toán bằng tiền mặt,cash_ratio,0.11,0.12,0.19,0.11,DPM,,,,
Tỷ số thanh toán nhanh,quick_ratio,1.71,2.05,1.84,1.71,DPM,,,,
"Tỷ số thanh toán nhanh  (Đã loại trừ HTK, Phải thu ngắn hạn - Tham khảo)",quick_ratio_except_inventories_short_term_receivables_reference,1.44,1.83,1.49,1.44,DPM,,,,
Tỷ số thanh toán hiện hành (ngắn hạn),short_term_ratio,2.15,2.41,2.41,2.15,DPM,,,,
Khả năng thanh toán lãi vay,interest_coverage,11.29,11.0,5.97,11.29,DPM,,,,
Vòng quay phải thu khách hàng,receivables_turnover,5.42,14.76,3.48,5.42,DPM,,,,
Thời gian thu tiền khách hàng bình quân,days_of_sales_outstanding,67.38,24.73,104.85,67.38,DPM,,,,
Vòng quay hàng tồn kho,inventory_turnover,1.15,1.8,0.82,1.15,DPM,,,,
Thời gian tồn kho bình quân,days_of_inventory_on_hand,316.11,202.68,443.97,316.11,DPM,,,,
Vòng quay phải trả nhà cung cấp,payables_turnover,2.46,3.96,3.4,2.46,DPM,,,,
Thời gian trả tiền khách hàng bình quân,number_of_days_of_payables,148.13,92.13,107.44,148.13,DPM,,,,
Vòng quay tài sản cố định (Hiệu suất sử dụng tài sản cố định),fixed_asset_turnover,1.48,1.54,1.38,1.48,DPM,,,,
Vòng quay tổng tài sản (Hiệu suất sử dụng toàn bộ tài sản),total_asset_turnover,0.2,0.24,0.19,0.2,DPM,,,,
Vòng quay vốn chủ sở hữu,equity_turnover,0.32,0.36,0.3,0.32,DPM,,,,
Tỷ số Nợ ngắn hạn trên Tổng nợ phải trả,short_term_liabilities_to_total_liabilities,97.56,97.09,96.55,97.56,DPM,,,,
Tỷ số Nợ vay trên Tổng tài sản,debt_to_assets,24.67,19.72,23.42,24.67,DPM,,,,
Tỷ số Nợ trên Tổng tài sản,liabilities_to_assets,39.73,34.73,35.12,39.73,DPM,,,,
Tỷ số Vốn chủ sở hữu trên Tổng tài sản,equity_to_assets,60.27,65.27,64.88,60.27,DPM,,,,
Tỷ số Nợ ngắn hạn trên Vốn chủ sở hữu,short_term_liabilities_to_equity,64.31,51.67,52.27,64.31,DPM,,,,
Tỷ số Nợ vay trên Vốn chủ sở hữu,debt_to_equity,40.93,30.21,36.11,40.93,DPM,,,,
Tỷ số Nợ trên Vốn chủ sở hữu,liabilities_to_equity,65.92,53.22,54.14,65.92,DPM,,,,
Tỷ số dòng tiền HĐKD trên doanh thu thuần,accrual_ratio_cf,0.0,4.93,0.0,0.0,DPM,,,,
Khả năng chi trả nợ ngắn hạn từ dòng tiền HĐKD,cash_to_income,0.0,3.45,0.0,0.0,DPM,,,,
Khả năng chi trả nợ ngắn hạn từ lưu chuyển tiền thuần trong kỳ,net_cash_flows_short_term_liabilities,0.0,-4.7,0.0,0.0,DPM,,,,
Tỷ lệ dồn tích (Phương pháp Cân đối kế toán),accrual_ratio_balance_sheet_method,0.0,0.0,0.0,0.0,DPM,,,,
Tỷ lệ dồn tích (Phương pháp Dòng tiền),accrual_ratio_cash_flow_method,0.0,0.0,0.0,0.0,DPM,,,,
Dòng tiền từ HĐKD trên Tổng tài sản,cash_return_to_assets,0.0,1.17,0.0,0.0,DPM,,,,
Dòng tiền từ HĐKD trên Vốn chủ sở hữu,cash_return_on_equity,0.0,1.79,0.0,0.0,DPM,,,,
Dòng tiền từ HĐKD trên Lợi nhuận thuần từ HĐKD,cash_to_income_2,0.0,81.27,0.0,0.0,DPM,,,,
Khả năng thanh toán nợ từ dòng tiền HĐKD,debt_coverage,0.0,3.35,0.0,0.0,DPM,,,,
Dòng tiền từ HĐKD trên mỗi cổ phần (CPS),cash_flow_per_share_cps,0.0,519.5,0.0,0.0,DPM,,,,
Thu nhập trên mỗi cổ phần của 4 quý gần nhất (EPS),trailing_eps,453.02,367.97,249.97,453.02,DXG,,,,
Giá trị sổ sách của cổ phiếu (BVPS),book_value_per_share_bvps,18601.0,19616.0,18754.0,18601.0,DXG,,,,
Chỉ số giá thị trường trên thu nhập (P/E),pe_ratio,45.69,42.94,68.41,45.69,DXG,,,,
Chỉ số giá thị trường trên giá trị sổ sách (P/B),pb_ratio,1.11,0.81,0.91,1.11,DXG,,,,
Chỉ số giá thị trường trên doanh thu thuần (P/S),ps_ratio,19.74,14.88,13.24,19.74,DXG,,,,
Tỷ suất cổ tức,dividend_yield,0.0,0.0,0.0,0.0,DXG,,,,
Beta,beta,1.38,1.64,1.38,1.38,DXG,,,,
Giá trị doanh nghiệp trên lợi nhuận trước thuế và lãi vay (EV/EBIT),ev_ebit,117.31,73.32,176.7,117.31,DXG,,,,
"Giá trị doanh nghiệp trên lợi nhuận trước thuế, khấu hao và lãi vay (EV/EBITDA)",ev_ebitda,112.44,69.79,150.57,112.44,DXG,,,,
Tỷ suất lợi nhuận gộp biên,gross_margin,56.04,55.17,58.45,56.04,DXG,,,,
Tỷ lệ lãi EBIT,ebit_margin,23.91,30.91,10.66,23.91,DXG,,,,
Tỷ lệ lãi EBITDA,ebitda_net_revenue,24.57,32.48,11.23,24.57,DXG,,,,
Tỷ suất sinh lợi trên doanh thu thuần,net_margin,15.31,8.49,4.41,15.31,DXG,,,,
Tỷ suất lợi nhuận trên vốn chủ sở hữu bình quân (ROEA),roe,0.49,0.3,0.05,0.75,DXG,,,,
Tỷ suất sinh lợi trên vốn dài hạn bình quân (ROCE),return_on_capital_employed_roce,1.1,1.45,0.65,1.1,DXG,,,,
Tỷ suất sinh lợi trên tổng tài sản bình quân (ROAA),roa,0.27,0.15,0.02,0.27,DXG,,,,
ROE bình quân 4 quý gần nhất,roe_trailling,3.22,2.44,1.8,3.22,DXG,,,,
ROA bình quân 4 quý gần nhất,roa_trailling,1.17,0.89,0.66,1.17,DXG,,,,
Tăng trưởng  doanh thu thuần,net_revenue,5.45,-13.13,-6.04,5.45,DXG,,,,
Tăng trưởng  lợi nhuận gộp,gross_profit,18.54,8.0,9.28,18.54,DXG,,,,
Tăng trưởng lợi nhuận trước thuế ,profit_before_tax,56.4,16.3,-70.12,56.4,DXG,,,,
Tăng trưởng lợi nhuận sau thuế của CĐ công ty mẹ,profit_after_tax_for_shareholders_of_the_parent_company,202.26,54.58,-96.1,202.26,DXG,,,,
Tăng trưởng tổng tài sản,total_assets,22.04,13.53,30.77,22.04,DXG,,,,
Tăng trưởng nợ dài hạn,long_term_liabilities,48.02,20.13,-23.01,48.02,DXG,,,,
Tăng trưởng nợ phải trả,liabilities,23.01,17.04,23.73,23.01,DXG,,,,
Tăng trưởng vốn chủ sở hữu,owners_equity,21.22,10.33,37.22,21.22,DXG,,,,
Tăng trưởng vốn điều lệ,charter_capital,41.27,20.78,54.22,41.27,DXG,,,,
Tỷ số thanh toán bằng tiền mặt,cash_ratio,0.33,0.39,0.23,0.33,DXG,,,,
Tỷ số thanh toán nhanh,quick_ratio,1.47,1.32,1.27,1.47,DXG,,,,
"Tỷ số thanh toán nhanh  (Đã loại trừ HTK, Phải thu ngắn hạn - Tham khảo)",quick_ratio_except_inventories_short_term_receivables_reference,0.34,0.4,0.26,0.34,DXG,,,,
Tỷ số thanh toán hiện hành (ngắn hạn),short_term_ratio,2.7,2.35,2.35,2.7,DXG,,,,
Khả năng thanh toán lãi vay,interest_coverage,4.28,2.17,2.48,4.28,DXG,,,,
Vòng quay phải thu khách hàng,receivables_turnover,0.59,0.52,0.83,0.59,DXG,,,,
Thời gian thu tiền khách hàng bình quân,days_of_sales_outstanding,618.27,697.5,439.63,618.27,DXG,,,,
Vòng quay hàng tồn kho,inventory_turnover,0.03,0.03,0.04,0.03,DXG,,,,
Thời gian tồn kho bình quân,days_of_inventory_on_hand,11179.83,11806.89,9258.02,11179.83,DXG,,,,
Vòng quay phải trả nhà cung cấp,payables_turnover,0.57,0.6,0.69,0.57,DXG,,,,
Thời gian trả tiền khách hàng bình quân,number_of_days_of_payables,645.73,605.67,526.73,645.73,DXG,,,,
Vòng quay tài sản cố định (Hiệu suất sử dụng tài sản cố định),fixed_asset_turnover,2.87,2.52,3.82,2.87,DXG,,,,
Vòng quay tổng tài sản (Hiệu suất sử dụng toàn bộ tài sản),total_asset_turnover,0.03,0.03,0.04,0.03,DXG,,,,
Vòng quay vốn chủ sở hữu,equity_turnover,0.06,0.06,0.07,0.06,DXG,,,,
Tỷ số Nợ ngắn hạn trên Tổng nợ phải trả,short_term_liabilities_to_total_liabilities,73.17,78.74,83.99,73.17,DXG,,,,
Tỷ số Nợ vay trên Tổng tài sản,debt_to_assets,18.0,22.42,12.59,18.0,DXG,,,,
Tỷ số Nợ trên Tổng tài sản,liabilities_to_assets,46.17,49.25,45.25,46.17,DXG,,,,
Tỷ số Vốn chủ sở hữu trên Tổng tài sản,equity_to_assets,53.83,50.75,54.75,53.83,DXG,,,,
Tỷ số Nợ ngắn hạn trên Vốn chủ sở hữu,short_term_liabilities_to_equity,62.76,76.42,69.41,62.76,DXG,,,,
Tỷ số Nợ vay trên Vốn chủ sở hữu,debt_to_equity,33.45,44.17,22.99,33.45,DXG,,,,
Tỷ số Nợ trên Vốn chủ sở hữu,liabilities_to_equity,85.78,97.05,82.64,85.78,DXG,,,,
Tỷ số dòng tiền HĐKD trên doanh thu thuần,accrual_ratio_cf,0.0,122.18,0.0,0.0,DXG,,,,
Khả năng chi trả nợ ngắn hạn từ dòng tiền HĐKD,cash_to_income,0.0,8.66,0.0,0.0,DXG,,,,
Khả năng chi trả nợ ngắn hạn từ lưu chuyển tiền thuần trong kỳ,net_cash_flows_short_term_liabilities,0.0,29.55,0.0,0.0,DXG,,,,
Tỷ lệ dồn tích (Phương pháp Cân đối kế toán),accrual_ratio_balance_sheet_method,0.0,0.0,0.0,0.0,DXG,,,,
Tỷ lệ dồn tích (Phương pháp Dòng tiền),accrual_ratio_cash_flow_method,0.0,0.0,0.0,0.0,DXG,,,,
Dòng tiền từ HĐKD trên Tổng tài sản,cash_return_to_assets,0.0,3.36,0.0,0.0,DXG,,,,
Dòng tiền từ HĐKD trên Vốn chủ sở hữu,cash_return_on_equity,0.0,6.62,0.0,0.0,DXG,,,,
Dòng tiền từ HĐKD trên Lợi nhuận thuần từ HĐKD,cash_to_income_2,0.0,716.48,0.0,0.0,DXG,,,,
Khả năng thanh toán nợ từ dòng tiền HĐKD,debt_coverage,0.0,6.82,0.0,0.0,DXG,,,,
Dòng tiền từ HĐKD trên mỗi cổ phần (CPS),cash_flow_per_share_cps,0.0,1297.71,0.0,0.0,DXG,,,,
Thu nhập trên mỗi cổ phần của 4 quý gần nhất (EPS),trailing_eps,5988.42,5772.14,6016.81,5988.42,FPT,,,,
Giá trị sổ sách của cổ phiếu (BVPS),book_value_per_share_bvps,25141.0,25759.0,25682.0,25141.0,FPT,,,,
Chỉ số giá thị trường trên thu nhập (P/E),pe_ratio,15.53,20.96,15.92,15.53,FPT,,,,
Chỉ số giá thị trường trên giá trị sổ sách (P/B),pb_ratio,3.7,4.7,3.73,3.7,FPT,,,,
Chỉ số giá thị trường trên doanh thu thuần (P/S),ps_ratio,9.21,11.08,8.07,9.21,FPT,,,,
Tỷ suất cổ tức,dividend_yield,0.02,0.02,2.09,2.15,FPT,,,,
Beta,beta,0.88,0.96,0.64,0.88,FPT,,,,
Giá trị doanh nghiệp trên lợi nhuận trước thuế và lãi vay (EV/EBIT),ev_ebit,48.55,61.81,48.85,48.55,FPT,,,,
"Giá trị doanh nghiệp trên lợi nhuận trước thuế, khấu hao và lãi vay (EV/EBITDA)",ev_ebitda,29.68,51.39,29.69,29.68,FPT,,,,
Tỷ suất lợi nhuận gộp biên,gross_margin,37.89,39.24,34.88,37.89,FPT,,,,
Tỷ lệ lãi EBIT,ebit_margin,20.97,19.78,18.32,20.97,FPT,,,,
Tỷ lệ lãi EBITDA,ebitda_net_revenue,24.88,23.8,21.29,24.88,FPT,,,,
Tỷ suất sinh lợi trên doanh thu thuần,net_margin,16.87,16.16,14.77,16.87,FPT,,,,
Tỷ suất lợi nhuận trên vốn chủ sở hữu bình quân (ROEA),roe,5.89,5.91,6.93,7.05,FPT,,,,
Tỷ suất sinh lợi trên vốn dài hạn bình quân (ROCE),return_on_capital_employed_roce,7.99,8.22,7.97,7.99,FPT,,,,
Tỷ suất sinh lợi trên tổng tài sản bình quân (ROAA),roa,2.96,2.98,2.93,2.96,FPT,,,,
ROE bình quân 4 quý gần nhất,roe_trailling,27.33,27.62,27.23,27.33,FPT,,,,
ROA bình quân 4 quý gần nhất,roa_trailling,11.54,11.79,11.48,11.54,FPT,,,,
Tăng trưởng  doanh thu thuần,net_revenue,8.19,13.94,14.87,8.19,FPT,,,,
Tăng trưởng  lợi nhuận gộp,gross_profit,5.84,14.35,8.88,5.84,FPT,,,,
Tăng trưởng lợi nhuận trước thuế ,profit_before_tax,16.03,19.38,18.2,16.03,FPT,,,,
Tăng trưởng lợi nhuận sau thuế của CĐ công ty mẹ,profit_after_tax_for_shareholders_of_the_parent_company,16.56,20.93,19.92,16.56,FPT,,,,
Tăng trưởng tổng tài sản,total_assets,22.43,19.3,22.32,22.43,FPT,,,,
Tăng trưởng nợ dài hạn,long_term_liabilities,190.26,72.72,93.93,190.26,FPT,,,,
Tăng trưởng nợ phải trả,liabilities,23.87,19.15,22.42,23.87,FPT,,,,
Tăng trưởng vốn chủ sở hữu,owners_equity,21.11,19.45,22.22,21.11,FPT,,,,
Tăng trưởng vốn điều lệ,charter_capital,16.64,15.84,15.8,16.64,FPT,,,,
Tỷ số thanh toán bằng tiền mặt,cash_ratio,0.27,0.2,0.25,0.27,FPT,,,,
Tỷ số thanh toán nhanh,quick_ratio,1.42,1.3,1.35,1.42,FPT,,,,
"Tỷ số thanh toán nhanh  (Đã loại trừ HTK, Phải thu ngắn hạn - Tham khảo)",quick_ratio_except_inventories_short_term_receivables_reference,1.02,0.9,0.97,1.02,FPT,,,,
Tỷ số thanh toán hiện hành (ngắn hạn),short_term_ratio,1.48,1.36,1.4,1.48,FPT,,,,
Khả năng thanh toán lãi vay,interest_coverage,15.45,20.85,17.9,15.45,FPT,,,,
Vòng quay phải thu khách hàng,receivables_turnover,1.52,1.5,1.67,1.52,FPT,,,,
Thời gian thu tiền khách hàng bình quân,days_of_sales_outstanding,240.05,243.12,218.26,240.05,FPT,,,,
Vòng quay hàng tồn kho,inventory_turnover,5.18,4.95,6.25,5.18,FPT,,,,
Thời gian tồn kho bình quân,days_of_inventory_on_hand,70.44,73.77,58.44,70.44,FPT,,,,
Vòng quay phải trả nhà cung cấp,payables_turnover,3.54,2.54,3.86,3.54,FPT,,,,
Thời gian trả tiền khách hàng bình quân,number_of_days_of_payables,103.09,143.44,94.56,103.09,FPT,,,,
Vòng quay tài sản cố định (Hiệu suất sử dụng tài sản cố định),fixed_asset_turnover,1.02,1.06,1.18,1.02,FPT,,,,
Vòng quay tổng tài sản (Hiệu suất sử dụng toàn bộ tài sản),total_asset_turnover,0.21,0.22,0.24,0.21,FPT,,,,
Vòng quay vốn chủ sở hữu,equity_turnover,0.42,0.44,0.47,0.42,FPT,,,,
Tỷ số Nợ ngắn hạn trên Tổng nợ phải trả,short_term_liabilities_to_total_liabilities,90.92,93.95,93.72,90.92,FPT,,,,
Tỷ số Nợ vay trên Tổng tài sản,debt_to_assets,23.67,26.09,23.92,23.67,FPT,,,,
Tỷ số Nợ trên Tổng tài sản,liabilities_to_assets,48.23,48.79,50.33,48.23,FPT,,,,
Tỷ số Vốn chủ sở hữu trên Tổng tài sản,equity_to_assets,51.76,51.21,49.66,51.76,FPT,,,,
Tỷ số Nợ ngắn hạn trên Vốn chủ sở hữu,short_term_liabilities_to_equity,84.73,89.51,94.98,84.73,FPT,,,,
Tỷ số Nợ vay trên Vốn chủ sở hữu,debt_to_equity,45.74,50.95,48.17,45.74,FPT,,,,
Tỷ số Nợ trên Vốn chủ sở hữu,liabilities_to_equity,93.18,95.27,101.35,93.18,FPT,,,,
Tỷ số dòng tiền HĐKD trên doanh thu thuần,accrual_ratio_cf,0.0,-15.61,0.0,0.0,FPT,,,,
Khả năng chi trả nợ ngắn hạn từ dòng tiền HĐKD,cash_to_income,0.0,-7.39,0.0,0.0,FPT,,,,
Khả năng chi trả nợ ngắn hạn từ lưu chuyển tiền thuần trong kỳ,net_cash_flows_short_term_liabilities,0.0,-7.76,0.0,0.0,FPT,,,,
Tỷ lệ dồn tích (Phương pháp Cân đối kế toán),accrual_ratio_balance_sheet_method,0.0,0.0,0.0,0.0,FPT,,,,
Tỷ lệ dồn tích (Phương pháp Dòng tiền),accrual_ratio_cash_flow_method,0.0,0.0,0.0,0.0,FPT,,,,
Dòng tiền từ HĐKD trên Tổng tài sản,cash_return_to_assets,0.0,-3.39,0.0,0.0,FPT,,,,
Dòng tiền từ HĐKD trên Vốn chủ sở hữu,cash_return_on_equity,0.0,-6.62,0.0,0.0,FPT,,,,
Dòng tiền từ HĐKD trên Lợi nhuận thuần từ HĐKD,cash_to_income_2,0.0,-83.74,0.0,0.0,FPT,,,,
Khả năng thanh toán nợ từ dòng tiền HĐKD,debt_coverage,0.0,-6.94,0.0,0.0,FPT,,,,
Dòng tiền từ HĐKD trên mỗi cổ phần (CPS),cash_flow_per_share_cps,0.0,-1704.14,0.0,0.0,FPT,,,,
Thu nhập trên mỗi cổ phần của 4 quý gần nhất (EPS),trailing_eps,4375.32,3278.83,5301.9,4375.32,FRT,,,,
Giá trị sổ sách của cổ phiếu (BVPS),book_value_per_share_bvps,21391.0,17121.0,30176.0,21391.0,FRT,,,,
Chỉ số giá thị trường trên thu nhập (P/E),pe_ratio,29.26,50.32,28.2,29.26,FRT,,,,
Chỉ số giá thị trường trên giá trị sổ sách (P/B),pb_ratio,5.98,9.64,4.95,5.98,FRT,,,,
Chỉ số giá thị trường trên doanh thu thuần (P/S),ps_ratio,1.66,1.93,1.71,1.66,FRT,,,,
Tỷ suất cổ tức,dividend_yield,0.0,0.0,0.0,0.0,FRT,,,,
Beta,beta,0.78,0.83,1.05,0.78,FRT,,,,
Giá trị doanh nghiệp trên lợi nhuận trước thuế và lãi vay (EV/EBIT),ev_ebit,69.58,77.51,62.59,69.58,FRT,,,,
"Giá trị doanh nghiệp trên lợi nhuận trước thuế, khấu hao và lãi vay (EV/EBITDA)",ev_ebitda,0.0,0.0,0.0,0.0,FRT,,,,
Tỷ suất lợi nhuận gộp biên,gross_margin,19.37,19.92,19.28,19.37,FRT,,,,
Tỷ lệ lãi EBIT,ebit_margin,3.24,3.09,3.5,3.24,FRT,,,,
Tỷ lệ lãi EBITDA,ebitda_net_revenue,4.01,3.87,4.2,4.01,FRT,,,,
Tỷ suất sinh lợi trên doanh thu thuần,net_margin,2.03,1.82,2.34,2.03,FRT,,,,
Tỷ suất lợi nhuận trên vốn chủ sở hữu bình quân (ROEA),roe,6.23,7.54,7.98,7.35,FRT,,,,
Tỷ suất sinh lợi trên vốn dài hạn bình quân (ROCE),return_on_capital_employed_roce,12.1,16.22,11.87,12.1,FRT,,,,
Tỷ suất sinh lợi trên tổng tài sản bình quân (ROAA),roa,1.15,1.03,1.33,1.15,FRT,,,,
ROE bình quân 4 quý gần nhất,roe_trailling,24.8,23.95,26.05,24.8,FRT,,,,
ROA bình quân 4 quý gần nhất,roa_trailling,3.5,3.01,4.06,3.5,FRT,,,,
Tăng trưởng  doanh thu thuần,net_revenue,26.35,29.07,30.27,26.35,FRT,,,,
Tăng trưởng  lợi nhuận gộp,gross_profit,34.34,28.61,38.57,34.34,FRT,,,,
Tăng trưởng lợi nhuận trước thuế ,profit_before_tax,64.87,207.06,145.07,64.87,FRT,,,,
Tăng trưởng lợi nhuận sau thuế của CĐ công ty mẹ,profit_after_tax_for_shareholders_of_the_parent_company,55.23,333.3,160.59,55.23,FRT,,,,
Tăng trưởng tổng tài sản,total_assets,36.11,31.65,49.78,36.11,FRT,,,,
Tăng trưởng nợ dài hạn,long_term_liabilities,-2.08,3.48,24.95,-2.08,FRT,,,,
Tăng trưởng nợ phải trả,liabilities,28.64,31.74,35.46,28.64,FRT,,,,
Tăng trưởng vốn chủ sở hữu,owners_equity,82.97,31.06,142.43,82.97,FRT,,,,
Tăng trưởng vốn điều lệ,charter_capital,25.0,0.0,25.0,25.0,FRT,,,,
Tỷ số thanh toán bằng tiền mặt,cash_ratio,0.07,0.24,0.15,0.07,FRT,,,,
Tỷ số thanh toán nhanh,quick_ratio,0.45,0.35,0.53,0.45,FRT,,,,
"Tỷ số thanh toán nhanh  (Đã loại trừ HTK, Phải thu ngắn hạn - Tham khảo)",quick_ratio_except_inventories_short_term_receivables_reference,0.4,0.3,0.47,0.4,FRT,,,,
Tỷ số thanh toán hiện hành (ngắn hạn),short_term_ratio,1.11,1.04,1.17,1.11,FRT,,,,
Khả năng thanh toán lãi vay,interest_coverage,4.25,4.08,4.9,4.25,FRT,,,,
Vòng quay phải thu khách hàng,receivables_turnover,63.54,67.95,67.51,63.54,FRT,,,,
Thời gian thu tiền khách hàng bình quân,days_of_sales_outstanding,5.74,5.37,5.41,5.74,FRT,,,,
Vòng quay hàng tồn kho,inventory_turnover,1.05,0.93,1.07,1.05,FRT,,,,
Thời gian tồn kho bình quân,days_of_inventory_on_hand,348.5,390.58,340.13,348.5,FRT,,,,
Vòng quay phải trả nhà cung cấp,payables_turnover,2.41,2.64,2.2,2.41,FRT,,,,
Thời gian trả tiền khách hàng bình quân,number_of_days_of_payables,151.23,138.51,165.86,151.23,FRT,,,,
Vòng quay tài sản cố định (Hiệu suất sử dụng tài sản cố định),fixed_asset_turnover,8.53,8.05,9.53,8.53,FRT,,,,
Vòng quay tổng tài sản (Hiệu suất sử dụng toàn bộ tài sản),total_asset_turnover,0.69,0.72,0.69,0.69,FRT,,,,
Vòng quay vốn chủ sở hữu,equity_turnover,3.73,5.24,3.4,3.73,FRT,,,,
Tỷ số Nợ ngắn hạn trên Tổng nợ phải trả,short_term_liabilities_to_total_liabilities,100.0,100.0,100.0,100.0,FRT,,,,
Tỷ số Nợ vay trên Tổng tài sản,debt_to_assets,45.27,53.49,42.39,45.27,FRT,,,,
Tỷ số Nợ trên Tổng tài sản,liabilities_to_assets,81.51,85.98,78.33,81.51,FRT,,,,
Tỷ số Vốn chủ sở hữu trên Tổng tài sản,equity_to_assets,18.49,14.02,21.67,18.49,FRT,,,,
Tỷ số Nợ ngắn hạn trên Vốn chủ sở hữu,short_term_liabilities_to_equity,440.8,613.18,361.44,440.8,FRT,,,,
Tỷ số Nợ vay trên Vốn chủ sở hữu,debt_to_equity,244.84,381.51,195.59,244.84,FRT,,,,
Tỷ số Nợ trên Vốn chủ sở hữu,liabilities_to_equity,440.82,613.2,361.45,440.82,FRT,,,,
Tỷ số dòng tiền HĐKD trên doanh thu thuần,accrual_ratio_cf,0.0,9.79,0.0,0.0,FRT,,,,
Khả năng chi trả nợ ngắn hạn từ dòng tiền HĐKD,cash_to_income,0.0,7.99,0.0,0.0,FRT,,,,
Khả năng chi trả nợ ngắn hạn từ lưu chuyển tiền thuần trong kỳ,net_cash_flows_short_term_liabilities,0.0,9.04,0.0,0.0,FRT,,,,
Tỷ lệ dồn tích (Phương pháp Cân đối kế toán),accrual_ratio_balance_sheet_method,0.0,0.0,0.0,0.0,FRT,,,,
Tỷ lệ dồn tích (Phương pháp Dòng tiền),accrual_ratio_cash_flow_method,0.0,0.0,0.0,0.0,FRT,,,,
Dòng tiền từ HĐKD trên Tổng tài sản,cash_return_to_assets,0.0,6.87,0.0,0.0,FRT,,,,
Dòng tiền từ HĐKD trên Vốn chủ sở hữu,cash_return_on_equity,0.0,48.98,0.0,0.0,FRT,,,,
Dòng tiền từ HĐKD trên Lợi nhuận thuần từ HĐKD,cash_to_income_2,0.0,427.83,0.0,0.0,FRT,,,,
Khả năng thanh toán nợ từ dòng tiền HĐKD,debt_coverage,0.0,7.99,0.0,0.0,FRT,,,,
Dòng tiền từ HĐKD trên mỗi cổ phần (CPS),cash_flow_per_share_cps,0.0,8386.41,0.0,0.0,FRT,,,,
Thu nhập trên mỗi cổ phần của 4 quý gần nhất (EPS),trailing_eps,5162.67,4586.91,4832.77,5162.67,GAS,,,,
Giá trị sổ sách của cổ phiếu (BVPS),book_value_per_share_bvps,27509.0,27459.0,28038.0,27509.0,GAS,,,,
Chỉ số giá thị trường trên thu nhập (P/E),pe_ratio,11.7,14.56,14.98,11.7,GAS,,,,
Chỉ số giá thị trường trên giá trị sổ sách (P/B),pb_ratio,2.2,2.43,2.58,2.2,GAS,,,,
Chỉ số giá thị trường trên doanh thu thuần (P/S),ps_ratio,4.08,6.09,4.0,4.08,GAS,,,,
Tỷ suất cổ tức,dividend_yield,0.03,0.09,2.9,3.48,GAS,,,,
Beta,beta,0.71,0.6,0.61,0.71,GAS,,,,
Giá trị doanh nghiệp trên lợi nhuận trước thuế và lãi vay (EV/EBIT),ev_ebit,42.59,43.92,95.79,42.59,GAS,,,,
"Giá trị doanh nghiệp trên lợi nhuận trước thuế, khấu hao và lãi vay (EV/EBITDA)",ev_ebitda,22.8,36.29,39.19,22.8,GAS,,,,
Tỷ suất lợi nhuận gộp biên,gross_margin,11.49,15.93,8.68,11.49,GAS,,,,
Tỷ lệ lãi EBIT,ebit_margin,9.13,13.57,4.11,9.13,GAS,,,,
Tỷ lệ lãi EBITDA,ebitda_net_revenue,11.13,16.42,5.17,11.13,GAS,,,,
Tỷ suất sinh lợi trên doanh thu thuần,net_margin,7.32,10.76,3.18,7.32,GAS,,,,
Tỷ suất lợi nhuận trên vốn chủ sở hữu bình quân (ROEA),roe,3.77,4.38,2.07,3.85,GAS,,,,
Tỷ suất sinh lợi trên vốn dài hạn bình quân (ROCE),return_on_capital_employed_roce,4.46,5.07,2.48,4.46,GAS,,,,
Tỷ suất sinh lợi trên tổng tài sản bình quân (ROAA),roa,2.79,3.36,1.45,2.79,GAS,,,,
ROE bình quân 4 quý gần nhất,roe_trailling,18.93,16.96,17.45,18.93,GAS,,,,
ROA bình quân 4 quý gần nhất,roa_trailling,13.97,12.13,12.75,13.97,GAS,,,,
Tăng trưởng  doanh thu thuần,net_revenue,41.34,10.12,75.12,41.34,GAS,,,,
Tăng trưởng  lợi nhuận gộp,gross_profit,-1.94,10.79,-6.22,-1.94,GAS,,,,
Tăng trưởng lợi nhuận trước thuế ,profit_before_tax,0.06,8.15,-31.87,0.06,GAS,,,,
Tăng trưởng lợi nhuận sau thuế của CĐ công ty mẹ,profit_after_tax_for_shareholders_of_the_parent_company,1.08,9.75,-33.41,1.08,GAS,,,,
Tăng trưởng tổng tài sản,total_assets,2.19,-10.63,14.21,2.19,GAS,,,,
Tăng trưởng nợ dài hạn,long_term_liabilities,-11.12,-21.81,-6.97,-11.12,GAS,,,,
Tăng trưởng nợ phải trả,liabilities,-14.63,-25.89,27.34,-14.63,GAS,,,,
Tăng trưởng vốn chủ sở hữu,owners_equity,11.27,-5.26,9.88,11.27,GAS,,,,
Tăng trưởng vốn điều lệ,charter_capital,3.0,2.0,3.0,3.0,GAS,,,,
Tỷ số thanh toán bằng tiền mặt,cash_ratio,0.53,0.69,0.33,0.53,GAS,,,,
Tỷ số thanh toán nhanh,quick_ratio,3.07,4.61,3.19,3.07,GAS,,,,
"Tỷ số thanh toán nhanh  (Đã loại trừ HTK, Phải thu ngắn hạn - Tham khảo)",quick_ratio_except_inventories_short_term_receivables_reference,2.0,3.12,1.94,2.0,GAS,,,,
Tỷ số thanh toán hiện hành (ngắn hạn),short_term_ratio,3.18,4.86,3.4,3.18,GAS,,,,
Khả năng thanh toán lãi vay,interest_coverage,61.11,63.83,33.13,61.11,GAS,,,,
Vòng quay phải thu khách hàng,receivables_turnover,2.13,1.63,2.23,2.13,GAS,,,,
Thời gian thu tiền khách hàng bình quân,days_of_sales_outstanding,170.97,224.3,163.69,170.97,GAS,,,,
Vòng quay hàng tồn kho,inventory_turnover,11.27,5.71,11.83,11.27,GAS,,,,
Thời gian tồn kho bình quân,days_of_inventory_on_hand,32.4,63.92,30.87,32.4,GAS,,,,
Vòng quay phải trả nhà cung cấp,payables_turnover,3.54,3.68,3.58,3.54,GAS,,,,
Thời gian trả tiền khách hàng bình quân,number_of_days_of_payables,103.04,99.21,101.97,103.04,GAS,,,,
Vòng quay tài sản cố định (Hiệu suất sử dụng tài sản cố định),fixed_asset_turnover,2.13,1.43,2.7,2.13,GAS,,,,
Vòng quay tổng tài sản (Hiệu suất sử dụng toàn bộ tài sản),total_asset_turnover,0.39,0.31,0.47,0.39,GAS,,,,
Vòng quay vốn chủ sở hữu,equity_turnover,0.53,0.41,0.65,0.53,GAS,,,,
Tỷ số Nợ ngắn hạn trên Tổng nợ phải trả,short_term_liabilities_to_total_liabilities,80.25,67.11,79.36,80.25,GAS,,,,
Tỷ số Nợ vay trên Tổng tài sản,debt_to_assets,3.53,4.1,3.18,3.53,GAS,,,,
Tỷ số Nợ trên Tổng tài sản,liabilities_to_assets,29.28,21.57,27.67,29.28,GAS,,,,
Tỷ số Vốn chủ sở hữu trên Tổng tài sản,equity_to_assets,70.72,78.43,72.33,70.72,GAS,,,,
Tỷ số Nợ ngắn hạn trên Vốn chủ sở hữu,short_term_liabilities_to_equity,33.23,18.46,30.36,33.23,GAS,,,,
Tỷ số Nợ vay trên Vốn chủ sở hữu,debt_to_equity,4.98,5.22,4.39,4.98,GAS,,,,
Tỷ số Nợ trên Vốn chủ sở hữu,liabilities_to_equity,41.41,27.51,38.25,41.41,GAS,,,,
Tỷ số dòng tiền HĐKD trên doanh thu thuần,accrual_ratio_cf,0.0,16.16,0.0,0.0,GAS,,,,
Khả năng chi trả nợ ngắn hạn từ dòng tiền HĐKD,cash_to_income,0.0,34.93,0.0,0.0,GAS,,,,
Khả năng chi trả nợ ngắn hạn từ lưu chuyển tiền thuần trong kỳ,net_cash_flows_short_term_liabilities,0.0,21.89,0.0,0.0,GAS,,,,
Tỷ lệ dồn tích (Phương pháp Cân đối kế toán),accrual_ratio_balance_sheet_method,0.0,0.0,0.0,0.0,GAS,,,,
Tỷ lệ dồn tích (Phương pháp Dòng tiền),accrual_ratio_cash_flow_method,0.0,0.0,0.0,0.0,GAS,,,,
Dòng tiền từ HĐKD trên Tổng tài sản,cash_return_to_assets,0.0,5.06,0.0,0.0,GAS,,,,
Dòng tiền từ HĐKD trên Vốn chủ sở hữu,cash_return_on_equity,0.0,6.45,0.0,0.0,GAS,,,,
Dòng tiền từ HĐKD trên Lợi nhuận thuần từ HĐKD,cash_to_income_2,0.0,121.6,0.0,0.0,GAS,,,,
Khả năng thanh toán nợ từ dòng tiền HĐKD,debt_coverage,0.0,23.45,0.0,0.0,GAS,,,,
Dòng tiền từ HĐKD trên mỗi cổ phần (CPS),cash_flow_per_share_cps,0.0,1770.83,0.0,0.0,GAS,,,,
Thu nhập trên mỗi cổ phần của 4 quý gần nhất (EPS),trailing_eps,3488.52,3762.25,3933.88,3488.52,GMD,,,,
Giá trị sổ sách của cổ phiếu (BVPS),book_value_per_share_bvps,33766.0,33559.0,34842.0,33766.0,GMD,,,,
Chỉ số giá thị trường trên thu nhập (P/E),pe_ratio,19.46,15.28,15.51,19.46,GMD,,,,
Chỉ số giá thị trường trên giá trị sổ sách (P/B),pb_ratio,2.01,1.71,1.75,2.01,GMD,,,,
Chỉ số giá thị trường trên doanh thu thuần (P/S),ps_ratio,18.28,18.92,16.12,18.28,GMD,,,,
Tỷ suất cổ tức,dividend_yield,0.03,0.04,3.28,2.95,GMD,,,,
Beta,beta,1.02,0.9,0.95,1.02,GMD,,,,
Giá trị doanh nghiệp trên lợi nhuận trước thuế và lãi vay (EV/EBIT),ev_ebit,56.73,39.04,37.17,56.73,GMD,,,,
"Giá trị doanh nghiệp trên lợi nhuận trước thuế, khấu hao và lãi vay (EV/EBITDA)",ev_ebitda,33.95,33.7,24.89,33.95,GMD,,,,
Tỷ suất lợi nhuận gộp biên,gross_margin,42.69,43.98,47.42,42.69,GMD,,,,
Tỷ lệ lãi EBIT,ebit_margin,34.3,47.8,47.59,34.3,GMD,,,,
Tỷ lệ lãi EBITDA,ebitda_net_revenue,39.73,55.38,54.58,39.73,GMD,,,,
Tỷ suất sinh lợi trên doanh thu thuần,net_margin,27.71,41.32,40.88,27.71,GMD,,,,
Tỷ suất lợi nhuận trên vốn chủ sở hữu bình quân (ROEA),roe,2.26,2.89,4.01,2.55,GMD,,,,
Tỷ suất sinh lợi trên vốn dài hạn bình quân (ROCE),return_on_capital_employed_roce,3.28,3.82,4.5,3.28,GMD,,,,
Tỷ suất sinh lợi trên tổng tài sản bình quân (ROAA),roa,1.64,2.23,2.63,1.64,GMD,,,,
ROE bình quân 4 quý gần nhất,roe_trailling,11.05,11.7,13.11,11.05,GMD,,,,
ROA bình quân 4 quý gần nhất,roa_trailling,7.38,7.82,8.66,7.38,GMD,,,,
Tăng trưởng  doanh thu thuần,net_revenue,23.45,26.99,14.35,23.45,GMD,,,,
Tăng trưởng  lợi nhuận gộp,gross_profit,14.61,27.39,21.71,14.61,GMD,,,,
Tăng trưởng lợi nhuận trước thuế ,profit_before_tax,2.16,-17.64,109.04,2.16,GMD,,,,
Tăng trưởng lợi nhuận sau thuế của CĐ công ty mẹ,profit_after_tax_for_shareholders_of_the_parent_company,-5.92,-27.96,118.83,-5.92,GMD,,,,
Tăng trưởng tổng tài sản,total_assets,34.5,26.16,9.96,34.5,GMD,,,,
Tăng trưởng nợ dài hạn,long_term_liabilities,35.21,-0.28,20.79,35.21,GMD,,,,
Tăng trưởng nợ phải trả,liabilities,33.76,1.04,16.19,33.76,GMD,,,,
Tăng trưởng vốn chủ sở hữu,owners_equity,34.76,35.71,8.05,34.76,GMD,,,,
Tăng trưởng vốn điều lệ,charter_capital,35.33,37.36,3.02,35.33,GMD,,,,
Tỷ số thanh toán bằng tiền mặt,cash_ratio,0.86,1.85,0.69,0.86,GMD,,,,
Tỷ số thanh toán nhanh,quick_ratio,2.35,3.11,2.56,2.35,GMD,,,,
"Tỷ số thanh toán nhanh  (Đã loại trừ HTK, Phải thu ngắn hạn - Tham khảo)",quick_ratio_except_inventories_short_term_receivables_reference,1.72,2.42,1.82,1.72,GMD,,,,
Tỷ số thanh toán hiện hành (ngắn hạn),short_term_ratio,2.38,3.15,2.6,2.38,GMD,,,,
Khả năng thanh toán lãi vay,interest_coverage,22.47,22.32,22.36,22.47,GMD,,,,
Vòng quay phải thu khách hàng,receivables_turnover,2.18,2.12,2.29,2.18,GMD,,,,
Thời gian thu tiền khách hàng bình quân,days_of_sales_outstanding,167.35,172.12,159.73,167.35,GMD,,,,
Vòng quay hàng tồn kho,inventory_turnover,10.07,9.03,9.89,10.07,GMD,,,,
Thời gian tồn kho bình quân,days_of_inventory_on_hand,36.26,40.41,36.9,36.26,GMD,,,,
Vòng quay phải trả nhà cung cấp,payables_turnover,1.35,1.43,1.34,1.35,GMD,,,,
Thời gian trả tiền khách hàng bình quân,number_of_days_of_payables,269.58,255.62,272.14,269.58,GMD,,,,
Vòng quay tài sản cố định (Hiệu suất sử dụng tài sản cố định),fixed_asset_turnover,0.39,0.32,0.34,0.39,GMD,,,,
Vòng quay tổng tài sản (Hiệu suất sử dụng toàn bộ tài sản),total_asset_turnover,0.08,0.07,0.08,0.08,GMD,,,,
Vòng quay vốn chủ sở hữu,equity_turnover,0.11,0.09,0.11,0.11,GMD,,,,
Tỷ số Nợ ngắn hạn trên Tổng nợ phải trả,short_term_liabilities_to_total_liabilities,50.07,49.85,47.8,50.07,GMD,,,,
Tỷ số Nợ vay trên Tổng tài sản,debt_to_assets,12.36,10.61,12.08,12.36,GMD,,,,
Tỷ số Nợ trên Tổng tài sản,liabilities_to_assets,26.57,22.05,24.86,26.57,GMD,,,,
Tỷ số Vốn chủ sở hữu trên Tổng tài sản,equity_to_assets,73.43,77.95,75.14,73.43,GMD,,,,
Tỷ số Nợ ngắn hạn trên Vốn chủ sở hữu,short_term_liabilities_to_equity,18.12,14.1,15.82,18.12,GMD,,,,
Tỷ số Nợ vay trên Vốn chủ sở hữu,debt_to_equity,16.83,13.61,16.08,16.83,GMD,,,,
Tỷ số Nợ trên Vốn chủ sở hữu,liabilities_to_equity,36.19,28.28,33.09,36.19,GMD,,,,
Tỷ số dòng tiền HĐKD trên doanh thu thuần,accrual_ratio_cf,0.0,11.56,0.0,0.0,GMD,,,,
Khả năng chi trả nợ ngắn hạn từ dòng tiền HĐKD,cash_to_income,0.0,7.42,0.0,0.0,GMD,,,,
Khả năng chi trả nợ ngắn hạn từ lưu chuyển tiền thuần trong kỳ,net_cash_flows_short_term_liabilities,0.0,-14.55,0.0,0.0,GMD,,,,
Tỷ lệ dồn tích (Phương pháp Cân đối kế toán),accrual_ratio_balance_sheet_method,0.0,0.0,0.0,0.0,GMD,,,,
Tỷ lệ dồn tích (Phương pháp Dòng tiền),accrual_ratio_cash_flow_method,0.0,0.0,0.0,0.0,GMD,,,,
Dòng tiền từ HĐKD trên Tổng tài sản,cash_return_to_assets,0.0,0.82,0.0,0.0,GMD,,,,
Dòng tiền từ HĐKD trên Vốn chủ sở hữu,cash_return_on_equity,0.0,1.05,0.0,0.0,GMD,,,,
Dòng tiền từ HĐKD trên Lợi nhuận thuần từ HĐKD,cash_to_income_2,0.0,25.55,0.0,0.0,GMD,,,,
Khả năng thanh toán nợ từ dòng tiền HĐKD,debt_coverage,0.0,3.7,0.0,0.0,GMD,,,,
Dòng tiền từ HĐKD trên mỗi cổ phần (CPS),cash_flow_per_share_cps,0.0,351.31,0.0,0.0,GMD,,,,
Thu nhập trên mỗi cổ phần của 4 quý gần nhất (EPS),trailing_eps,1361.53,1089.34,1907.98,1361.53,HAG,,,,
Giá trị sổ sách của cổ phiếu (BVPS),book_value_per_share_bvps,12563.0,9214.0,11192.0,12563.0,HAG,,,,
Chỉ số giá thị trường trên thu nhập (P/E),pe_ratio,11.97,11.2,9.2,11.97,HAG,,,,
Chỉ số giá thị trường trên giá trị sổ sách (P/B),pb_ratio,1.3,1.32,1.57,1.3,HAG,,,,
Chỉ số giá thị trường trên doanh thu thuần (P/S),ps_ratio,9.09,9.35,12.1,9.09,HAG,,,,
Tỷ suất cổ tức,dividend_yield,0.0,0.0,0.0,0.0,HAG,,,,
Beta,beta,0.73,0.55,0.92,0.73,HAG,,,,
Giá trị doanh nghiệp trên lợi nhuận trước thuế và lãi vay (EV/EBIT),ev_ebit,39.93,41.28,1191.86,39.93,HAG,,,,
"Giá trị doanh nghiệp trên lợi nhuận trước thuế, khấu hao và lãi vay (EV/EBITDA)",ev_ebitda,23.87,35.78,45.74,23.87,HAG,,,,
Tỷ suất lợi nhuận gộp biên,gross_margin,40.22,40.91,30.82,40.22,HAG,,,,
Tỷ lệ lãi EBIT,ebit_margin,33.54,36.32,1.39,33.54,HAG,,,,
Tỷ lệ lãi EBITDA,ebitda_net_revenue,36.36,41.91,15.69,36.36,HAG,,,,
Tỷ suất sinh lợi trên doanh thu thuần,net_margin,22.8,26.12,50.66,22.8,HAG,,,,
Tỷ suất lợi nhuận trên vốn chủ sở hữu bình quân (ROEA),roe,3.52,3.57,6.77,3.71,HAG,,,,
Tỷ suất sinh lợi trên vốn dài hạn bình quân (ROCE),return_on_capital_employed_roce,4.48,4.36,0.16,4.48,HAG,,,,
Tỷ suất sinh lợi trên tổng tài sản bình quân (ROAA),roa,1.55,1.49,3.21,1.55,HAG,,,,
ROE bình quân 4 quý gần nhất,roe_trailling,14.34,13.43,18.9,14.34,HAG,,,,
ROA bình quân 4 quý gần nhất,roa_trailling,5.79,5.09,8.13,5.79,HAG,,,,
Tăng trưởng  doanh thu thuần,net_revenue,32.39,11.19,22.56,32.39,HAG,,,,
Tăng trưởng  lợi nhuận gộp,gross_profit,25.11,13.28,-3.46,25.11,HAG,,,,
Tăng trưởng lợi nhuận trước thuế ,profit_before_tax,23.13,58.32,399.98,23.13,HAG,,,,
Tăng trưởng lợi nhuận sau thuế của CĐ công ty mẹ,profit_after_tax_for_shareholders_of_the_parent_company,25.44,58.55,335.52,25.44,HAG,,,,
Tăng trưởng tổng tài sản,total_assets,23.35,10.91,20.31,23.35,HAG,,,,
Tăng trưởng nợ dài hạn,long_term_liabilities,-30.02,-55.24,20.7,-30.02,HAG,,,,
Tăng trưởng nợ phải trả,liabilities,6.85,-2.84,-3.42,6.85,HAG,,,,
Tăng trưởng vốn chủ sở hữu,owners_equity,48.26,38.55,54.27,48.26,HAG,,,,
Tăng trưởng vốn điều lệ,charter_capital,19.86,14.02,19.86,19.86,HAG,,,,
Tỷ số thanh toán bằng tiền mặt,cash_ratio,0.07,0.03,0.07,0.07,HAG,,,,
Tỷ số thanh toán nhanh,quick_ratio,0.94,0.72,0.79,0.94,HAG,,,,
"Tỷ số thanh toán nhanh  (Đã loại trừ HTK, Phải thu ngắn hạn - Tham khảo)",quick_ratio_except_inventories_short_term_receivables_reference,0.07,0.03,0.07,0.07,HAG,,,,
Tỷ số thanh toán hiện hành (ngắn hạn),short_term_ratio,1.01,0.79,0.86,1.01,HAG,,,,
Khả năng thanh toán lãi vay,interest_coverage,3.12,3.51,-0.03,3.12,HAG,,,,
Vòng quay phải thu khách hàng,receivables_turnover,0.92,0.9,0.99,0.92,HAG,,,,
Thời gian thu tiền khách hàng bình quân,days_of_sales_outstanding,394.62,406.75,370.18,394.62,HAG,,,,
Vòng quay hàng tồn kho,inventory_turnover,1.53,1.1,1.69,1.53,HAG,,,,
Thời gian tồn kho bình quân,days_of_inventory_on_hand,239.24,332.92,215.37,239.24,HAG,,,,
Vòng quay phải trả nhà cung cấp,payables_turnover,1.04,0.77,0.99,1.04,HAG,,,,
Thời gian trả tiền khách hàng bình quân,number_of_days_of_payables,350.18,473.91,368.18,350.18,HAG,,,,
Vòng quay tài sản cố định (Hiệu suất sử dụng tài sản cố định),fixed_asset_turnover,0.25,0.21,0.23,0.25,HAG,,,,
Vòng quay tổng tài sản (Hiệu suất sử dụng toàn bộ tài sản),total_asset_turnover,0.07,0.06,0.07,0.07,HAG,,,,
Vòng quay vốn chủ sở hữu,equity_turnover,0.16,0.15,0.13,0.16,HAG,,,,
Tỷ số Nợ ngắn hạn trên Tổng nợ phải trả,short_term_liabilities_to_total_liabilities,80.63,85.4,80.41,80.63,HAG,,,,
Tỷ số Nợ vay trên Tổng tài sản,debt_to_assets,30.17,31.96,29.38,30.17,HAG,,,,
Tỷ số Nợ trên Tổng tài sản,liabilities_to_assets,52.12,58.5,47.25,52.12,HAG,,,,
Tỷ số Vốn chủ sở hữu trên Tổng tài sản,equity_to_assets,47.88,41.5,52.75,47.88,HAG,,,,
Tỷ số Nợ ngắn hạn trên Vốn chủ sở hữu,short_term_liabilities_to_equity,87.77,120.38,72.04,87.77,HAG,,,,
Tỷ số Nợ vay trên Vốn chủ sở hữu,debt_to_equity,63.02,77.02,55.7,63.02,HAG,,,,
Tỷ số Nợ trên Vốn chủ sở hữu,liabilities_to_equity,108.85,140.97,89.59,108.85,HAG,,,,
Tỷ số dòng tiền HĐKD trên doanh thu thuần,accrual_ratio_cf,0.0,-13.56,0.0,0.0,HAG,,,,
Khả năng chi trả nợ ngắn hạn từ dòng tiền HĐKD,cash_to_income,0.0,-1.6,0.0,0.0,HAG,,,,
Khả năng chi trả nợ ngắn hạn từ lưu chuyển tiền thuần trong kỳ,net_cash_flows_short_term_liabilities,0.0,1.41,0.0,0.0,HAG,,,,
Tỷ lệ dồn tích (Phương pháp Cân đối kế toán),accrual_ratio_balance_sheet_method,0.0,0.0,0.0,0.0,HAG,,,,
Tỷ lệ dồn tích (Phương pháp Dòng tiền),accrual_ratio_cash_flow_method,0.0,0.0,0.0,0.0,HAG,,,,
Dòng tiền từ HĐKD trên Tổng tài sản,cash_return_to_assets,0.0,-0.8,0.0,0.0,HAG,,,,
Dòng tiền từ HĐKD trên Vốn chủ sở hữu,cash_return_on_equity,0.0,-1.92,0.0,0.0,HAG,,,,
Dòng tiền từ HĐKD trên Lợi nhuận thuần từ HĐKD,cash_to_income_2,0.0,-50.95,0.0,0.0,HAG,,,,
Khả năng thanh toán nợ từ dòng tiền HĐKD,debt_coverage,0.0,-1.36,0.0,0.0,HAG,,,,
Dòng tiền từ HĐKD trên mỗi cổ phần (CPS),cash_flow_per_share_cps,0.0,-176.96,0.0,0.0,HAG,,,,
Thu nhập trên mỗi cổ phần của 4 quý gần nhất (EPS),trailing_eps,9084.66,6987.92,8473.66,9084.66,HAH,,,,
Giá trị sổ sách của cổ phiếu (BVPS),book_value_per_share_bvps,29816.0,34642.0,31948.0,29816.0,HAH,,,,
Chỉ số giá thị trường trên thu nhập (P/E),pe_ratio,5.92,7.56,6.93,5.92,HAH,,,,
Chỉ số giá thị trường trên giá trị sổ sách (P/B),pb_ratio,1.8,1.52,1.84,1.8,HAH,,,,
Chỉ số giá thị trường trên doanh thu thuần (P/S),ps_ratio,6.74,5.87,7.63,6.74,HAH,,,,
Tỷ suất cổ tức,dividend_yield,0.02,0.0,1.7,1.86,HAH,,,,
Beta,beta,0.67,1.22,0.43,0.67,HAH,,,,
Giá trị doanh nghiệp trên lợi nhuận trước thuế và lãi vay (EV/EBIT),ev_ebit,23.94,24.23,26.12,23.94,HAH,,,,
"Giá trị doanh nghiệp trên lợi nhuận trước thuế, khấu hao và lãi vay (EV/EBITDA)",ev_ebitda,10.6,17.54,11.78,10.6,HAH,,,,
Tỷ suất lợi nhuận gộp biên,gross_margin,36.8,32.92,39.81,36.8,HAH,,,,
Tỷ lệ lãi EBIT,ebit_margin,34.54,31.38,36.72,34.54,HAH,,,,
Tỷ lệ lãi EBITDA,ebitda_net_revenue,46.04,43.35,46.83,46.04,HAH,,,,
Tỷ suất sinh lợi trên doanh thu thuần,net_margin,26.19,23.4,27.7,26.19,HAH,,,,
Tỷ suất lợi nhuận trên vốn chủ sở hữu bình quân (ROEA),roe,6.18,5.51,7.06,7.39,HAH,,,,
Tỷ suất sinh lợi trên vốn dài hạn bình quân (ROCE),return_on_capital_employed_roce,6.91,5.82,6.82,6.91,HAH,,,,
Tỷ suất sinh lợi trên tổng tài sản bình quân (ROAA),roa,3.71,3.08,3.62,3.71,HAH,,,,
ROE bình quân 4 quý gần nhất,roe_trailling,30.98,25.75,29.33,30.98,HAH,,,,
ROA bình quân 4 quý gần nhất,roa_trailling,14.96,11.89,14.65,14.96,HAH,,,,
Tăng trưởng  doanh thu thuần,net_revenue,19.42,66.05,7.35,19.42,HAH,,,,
Tăng trưởng  lợi nhuận gộp,gross_profit,26.4,262.22,-0.15,26.4,HAH,,,,
Tăng trưởng lợi nhuận trước thuế ,profit_before_tax,35.39,409.94,5.87,35.39,HAH,,,,
Tăng trưởng lợi nhuận sau thuế của CĐ công ty mẹ,profit_after_tax_for_shareholders_of_the_parent_company,52.6,293.69,9.79,52.6,HAH,,,,
Tăng trưởng tổng tài sản,total_assets,24.4,35.63,19.54,24.4,HAH,,,,
Tăng trưởng nợ dài hạn,long_term_liabilities,-12.26,22.06,-14.37,-12.26,HAH,,,,
Tăng trưởng nợ phải trả,liabilities,6.96,32.72,0.03,6.96,HAH,,,,
Tăng trưởng vốn chủ sở hữu,owners_equity,38.94,37.88,35.83,38.94,HAH,,,,
Tăng trưởng vốn điều lệ,charter_capital,39.16,23.1,39.16,39.16,HAH,,,,
Tỷ số thanh toán bằng tiền mặt,cash_ratio,0.58,0.8,0.35,0.58,HAH,,,,
Tỷ số thanh toán nhanh,quick_ratio,1.58,1.36,0.93,1.58,HAH,,,,
"Tỷ số thanh toán nhanh  (Đã loại trừ HTK, Phải thu ngắn hạn - Tham khảo)",quick_ratio_except_inventories_short_term_receivables_reference,0.6,0.85,0.39,0.6,HAH,,,,
Tỷ số thanh toán hiện hành (ngắn hạn),short_term_ratio,1.67,1.41,1.03,1.67,HAH,,,,
Khả năng thanh toán lãi vay,interest_coverage,15.35,10.85,13.8,15.35,HAH,,,,
Vòng quay phải thu khách hàng,receivables_turnover,3.28,3.53,3.22,3.28,HAH,,,,
Thời gian thu tiền khách hàng bình quân,days_of_sales_outstanding,111.23,103.31,113.25,111.23,HAH,,,,
Vòng quay hàng tồn kho,inventory_turnover,5.83,9.95,5.34,5.83,HAH,,,,
Thời gian tồn kho bình quân,days_of_inventory_on_hand,62.57,36.7,68.34,62.57,HAH,,,,
Vòng quay phải trả nhà cung cấp,payables_turnover,3.42,3.86,3.01,3.42,HAH,,,,
Thời gian trả tiền khách hàng bình quân,number_of_days_of_payables,106.68,94.45,121.41,106.68,HAH,,,,
Vòng quay tài sản cố định (Hiệu suất sử dụng tài sản cố định),fixed_asset_turnover,0.28,0.24,0.26,0.28,HAH,,,,
Vòng quay tổng tài sản (Hiệu suất sử dụng toàn bộ tài sản),total_asset_turnover,0.16,0.15,0.15,0.16,HAH,,,,
Vòng quay vốn chủ sở hữu,equity_turnover,0.27,0.28,0.25,0.27,HAH,,,,
Tỷ số Nợ ngắn hạn trên Tổng nợ phải trả,short_term_liabilities_to_total_liabilities,45.78,39.09,45.62,45.78,HAH,,,,
Tỷ số Nợ vay trên Tổng tài sản,debt_to_assets,25.19,29.29,25.25,25.19,HAH,,,,
Tỷ số Nợ trên Tổng tài sản,liabilities_to_assets,39.08,42.6,38.09,39.08,HAH,,,,
Tỷ số Vốn chủ sở hữu trên Tổng tài sản,equity_to_assets,60.92,57.4,61.91,60.92,HAH,,,,
Tỷ số Nợ ngắn hạn trên Vốn chủ sở hữu,short_term_liabilities_to_equity,29.38,29.0,28.06,29.38,HAH,,,,
Tỷ số Nợ vay trên Vốn chủ sở hữu,debt_to_equity,41.35,51.02,40.78,41.35,HAH,,,,
Tỷ số Nợ trên Vốn chủ sở hữu,liabilities_to_equity,64.16,74.21,61.52,64.16,HAH,,,,
Tỷ số dòng tiền HĐKD trên doanh thu thuần,accrual_ratio_cf,0.0,41.94,0.0,0.0,HAH,,,,
Khả năng chi trả nợ ngắn hạn từ dòng tiền HĐKD,cash_to_income,0.0,37.57,0.0,0.0,HAH,,,,
Khả năng chi trả nợ ngắn hạn từ lưu chuyển tiền thuần trong kỳ,net_cash_flows_short_term_liabilities,0.0,9.37,0.0,0.0,HAH,,,,
Tỷ lệ dồn tích (Phương pháp Cân đối kế toán),accrual_ratio_balance_sheet_method,0.0,0.0,0.0,0.0,HAH,,,,
Tỷ lệ dồn tích (Phương pháp Dòng tiền),accrual_ratio_cash_flow_method,0.0,0.0,0.0,0.0,HAH,,,,
Dòng tiền từ HĐKD trên Tổng tài sản,cash_return_to_assets,0.0,6.26,0.0,0.0,HAH,,,,
Dòng tiền từ HĐKD trên Vốn chủ sở hữu,cash_return_on_equity,0.0,10.9,0.0,0.0,HAH,,,,
Dòng tiền từ HĐKD trên Lợi nhuận thuần từ HĐKD,cash_to_income_2,0.0,147.64,0.0,0.0,HAH,,,,
Khả năng thanh toán nợ từ dòng tiền HĐKD,debt_coverage,0.0,14.69,0.0,0.0,HAH,,,,
Dòng tiền từ HĐKD trên mỗi cổ phần (CPS),cash_flow_per_share_cps,0.0,3775.12,0.0,0.0,HAH,,,,
Thu nhập trên mỗi cổ phần của 4 quý gần nhất (EPS),trailing_eps,4304.48,4519.53,4644.45,4304.48,HDB,,,,
Giá trị sổ sách của cổ phiếu (BVPS),book_value_per_share_bvps,19572.49,17462.51,20278.87,19572.49,HDB,,,,
Chỉ số giá thị trường trên thu nhập (P/E),pe_ratio,7.2,4.89,6.39,7.2,HDB,,,,
Chỉ số giá thị trường trên giá trị sổ sách (P/B),pb_ratio,1.58,1.27,1.46,1.58,HDB,,,,
Tỷ suất cổ tức,dividend_yield,0.0,0.05,0.0,0.0,HDB,,,,
Beta,beta,1.12,1.02,1.2,1.12,HDB,,,,
Tỷ suất lợi nhuận trên vốn chủ sở hữu bình quân (ROEA),roe,5.48,7.2,7.23,5.7,HDB,,,,
Tỷ suất sinh lợi trên tổng tài sản bình quân (ROAA),roa,0.47,0.6,0.6,0.47,HDB,,,,
Tỷ suất sinh lợi của Tài sản Có sinh lãi (YOEA),yield_on_earning_assets_yoea,2.21,2.34,2.18,2.21,HDB,,,,
Tỷ lệ chi phí hình thành Tài sản Có sinh lãi (COF),cost_of_funding_earning_assets_cof,1.24,1.22,1.2,1.24,HDB,,,,
Tỷ lệ thu nhập lãi thuần (NIM),net_interest_margin_nim,1.06,1.16,1.12,1.06,HDB,,,,
Tỷ lệ chi phí hoạt động/Tổng thu nhập HĐKD trước dự phòng (CIR),cost_income_ratio_cir,26.14,27.43,30.98,26.14,HDB,,,,
ROE bình quân 4 quý gần nhất,roe_trailling,24.06,25.82,25.17,24.06,HDB,,,,
ROA bình quân 4 quý gần nhất,roa_trailling,1.95,2.09,2.06,1.95,HDB,,,,
Tăng trưởng lợi nhuận trước thuế ,profit_before_tax,5.44,32.96,59.95,5.44,HDB,,,,
Tăng trưởng lợi nhuận sau thuế của CĐ ngân hàng mẹ,profit_after_tax_for_shareholders_of_the_parent_company,6.51,36.18,63.97,6.51,HDB,,,,
Tăng trưởng tổng tài sản,total_assets,24.2,18.05,33.53,24.2,HDB,,,,
Tăng trưởng vốn chủ sở hữu,owners_equity,27.66,22.8,38.14,27.66,HDB,,,,
Tăng trưởng vốn điều lệ,charter_capital,20.72,20.72,42.59,20.72,HDB,,,,
Tăng trưởng dư nợ cho vay,deposits_from_customers,22.54,22.74,23.48,22.54,HDB,,,,
Tăng trưởng huy động vốn khách hàng,deposits_from_customers_2,22.88,22.84,28.16,22.88,HDB,,,,
Tăng trưởng thu nhập lãi thuần,net_interest_income,-0.13,3.46,18.93,-0.13,HDB,,,,
Tăng trưởng dự phòng rủi ro tín dụng,provisions_for_loan_losses,0.84,-4.1,18.77,0.84,HDB,,,,
Tăng trưởng thu phí dịch vụ thuần,net_fee_and_commission_income,188.07,105.54,106.47,188.07,HDB,,,,
Tăng trưởng tổng thu nhập HĐKD trước dự phòng,operating_profit_before_provision_for_credit_losses,25.87,26.1,44.06,25.87,HDB,,,,
Tăng trưởng tổng chi phí HĐKD,operating_expenses,-15.69,2.85,7.89,-15.69,HDB,,,,
Dư nợ cho vay khách hàng/Tổng vốn huy động (LDR),outstanding_loans_customer_deposits,70.53,71.11,65.92,70.53,HDB,,,,
Dư nợ cho vay/Tổng tài sản Có,outstanding_loans_total_assets,62.49,62.72,58.68,62.49,HDB,,,,
Vốn chủ sở hữu/Tổng vốn huy động ,equity_deposits_from_customers,0.1,0.1,9.44,9.87,HDB,,,,
Vốn chủ sở hữu/Tổng tài sản Có,equity_total_assets,8.75,8.58,8.41,8.75,HDB,,,,
Dự phòng rủi ro tín dụng/Tổng dư nợ,loan_loss_provision_ratio,-0.01,-0.01,-1.35,-1.27,HDB,,,,
Tài sản Có sinh lãi/Tổng tài sản Có,earning_assets_total_assets,93.45,90.09,93.17,93.45,HDB,,,,
Thu nhập trên mỗi cổ phần của 4 quý gần nhất (EPS),trailing_eps,2157.16,1983.64,2203.18,2157.16,HPG,,,,
Giá trị sổ sách của cổ phiếu (BVPS),book_value_per_share_bvps,16613.0,18448.0,17096.0,16613.0,HPG,,,,
Chỉ số giá thị trường trên thu nhập (P/E),pe_ratio,13.05,13.49,11.98,13.05,HPG,,,,
Chỉ số giá thị trường trên giá trị sổ sách (P/B),pb_ratio,1.69,1.45,1.54,1.69,HPG,,,,
Chỉ số giá thị trường trên doanh thu thuần (P/S),ps_ratio,5.93,4.55,4.39,5.93,HPG,,,,
Tỷ suất cổ tức,dividend_yield,0.0,0.0,0.0,0.0,HPG,,,,
Beta,beta,1.14,1.21,1.07,1.14,HPG,,,,
Giá trị doanh nghiệp trên lợi nhuận trước thuế và lãi vay (EV/EBIT),ev_ebit,56.22,56.64,49.44,56.22,HPG,,,,
"Giá trị doanh nghiệp trên lợi nhuận trước thuế, khấu hao và lãi vay (EV/EBITDA)",ev_ebitda,25.98,40.36,20.84,25.98,HPG,,,,
Tỷ suất lợi nhuận gộp biên,gross_margin,16.72,14.42,13.85,16.72,HPG,,,,
Tỷ lệ lãi EBIT,ebit_margin,14.94,11.87,12.64,14.94,HPG,,,,
Tỷ lệ lãi EBITDA,ebitda_net_revenue,20.57,16.66,18.53,20.57,HPG,,,,
Tỷ suất sinh lợi trên doanh thu thuần,net_margin,11.02,8.9,8.42,11.02,HPG,,,,
Tỷ suất lợi nhuận trên vốn chủ sở hữu bình quân (ROEA),roe,3.19,2.88,3.03,3.23,HPG,,,,
Tỷ suất sinh lợi trên vốn dài hạn bình quân (ROCE),return_on_capital_employed_roce,3.41,2.97,3.57,3.41,HPG,,,,
Tỷ suất sinh lợi trên tổng tài sản bình quân (ROAA),roa,1.63,1.48,1.53,1.63,HPG,,,,
ROE bình quân 4 quý gần nhất,roe_trailling,12.02,11.05,12.51,12.02,HPG,,,,
ROA bình quân 4 quý gần nhất,roa_trailling,6.11,5.74,6.34,6.11,HPG,,,,
Tăng trưởng  doanh thu thuần,net_revenue,7.22,21.94,33.88,7.22,HPG,,,,
Tăng trưởng  lợi nhuận gộp,gross_profit,28.66,30.58,46.55,28.66,HPG,,,,
Tăng trưởng lợi nhuận trước thuế ,profit_before_tax,35.63,17.74,39.96,35.63,HPG,,,,
Tăng trưởng lợi nhuận sau thuế của CĐ công ty mẹ,profit_after_tax_for_shareholders_of_the_parent_company,31.93,16.5,37.56,31.93,HPG,,,,
Tăng trưởng tổng tài sản,total_assets,16.46,13.33,14.89,16.46,HPG,,,,
Tăng trưởng nợ dài hạn,long_term_liabilities,15.94,97.43,-5.38,15.94,HPG,,,,
Tăng trưởng nợ phải trả,liabilities,19.12,15.11,15.35,19.12,HPG,,,,
Tăng trưởng vốn chủ sở hữu,owners_equity,14.08,11.71,14.46,14.08,HPG,,,,
Tăng trưởng vốn điều lệ,charter_capital,20.0,10.0,20.0,20.0,HPG,,,,
Tỷ số thanh toán bằng tiền mặt,cash_ratio,0.11,0.1,0.09,0.11,HPG,,,,
Tỷ số thanh toán nhanh,quick_ratio,0.6,0.55,0.54,0.6,HPG,,,,
"Tỷ số thanh toán nhanh  (Đã loại trừ HTK, Phải thu ngắn hạn - Tham khảo)",quick_ratio_except_inventories_short_term_receivables_reference,0.34,0.31,0.29,0.34,HPG,,,,
Tỷ số thanh toán hiện hành (ngắn hạn),short_term_ratio,1.15,1.15,1.1,1.15,HPG,,,,
Khả năng thanh toán lãi vay,interest_coverage,6.7,7.12,4.72,6.7,HPG,,,,
Vòng quay phải thu khách hàng,receivables_turnover,4.5,6.4,4.87,4.5,HPG,,,,
Thời gian thu tiền khách hàng bình quân,days_of_sales_outstanding,81.07,57.03,74.99,81.07,HPG,,,,
Vòng quay hàng tồn kho,inventory_turnover,0.64,0.69,0.81,0.64,HPG,,,,
Thời gian tồn kho bình quân,days_of_inventory_on_hand,568.67,527.84,451.67,568.67,HPG,,,,
Vòng quay phải trả nhà cung cấp,payables_turnover,2.24,2.49,2.68,2.24,HPG,,,,
Thời gian trả tiền khách hàng bình quân,number_of_days_of_payables,162.98,146.35,136.32,162.98,HPG,,,,
Vòng quay tài sản cố định (Hiệu suất sử dụng tài sản cố định),fixed_asset_turnover,0.43,0.49,0.39,0.43,HPG,,,,
Vòng quay tổng tài sản (Hiệu suất sử dụng toàn bộ tài sản),total_asset_turnover,0.15,0.17,0.18,0.15,HPG,,,,
Vòng quay vốn chủ sở hữu,equity_turnover,0.29,0.32,0.36,0.29,HPG,,,,
Tỷ số Nợ ngắn hạn trên Tổng nợ phải trả,short_term_liabilities_to_total_liabilities,70.09,69.72,74.35,70.09,HPG,,,,
Tỷ số Nợ vay trên Tổng tài sản,debt_to_assets,39.34,38.91,35.74,39.34,HPG,,,,
Tỷ số Nợ trên Tổng tài sản,liabilities_to_assets,48.2,48.44,49.12,48.2,HPG,,,,
Tỷ số Vốn chủ sở hữu trên Tổng tài sản,equity_to_assets,51.8,51.56,50.88,51.8,HPG,,,,
Tỷ số Nợ ngắn hạn trên Vốn chủ sở hữu,short_term_liabilities_to_equity,65.22,65.51,71.79,65.22,HPG,,,,
Tỷ số Nợ vay trên Vốn chủ sở hữu,debt_to_equity,75.94,75.46,70.24,75.94,HPG,,,,
Tỷ số Nợ trên Vốn chủ sở hữu,liabilities_to_equity,93.05,93.96,96.56,93.05,HPG,,,,
Tỷ số dòng tiền HĐKD trên doanh thu thuần,accrual_ratio_cf,0.0,-7.38,0.0,0.0,HPG,,,,
Khả năng chi trả nợ ngắn hạn từ dòng tiền HĐKD,cash_to_income,0.0,-3.59,0.0,0.0,HPG,,,,
Khả năng chi trả nợ ngắn hạn từ lưu chuyển tiền thuần trong kỳ,net_cash_flows_short_term_liabilities,0.0,0.74,0.0,0.0,HPG,,,,
Tỷ lệ dồn tích (Phương pháp Cân đối kế toán),accrual_ratio_balance_sheet_method,0.0,0.0,0.0,0.0,HPG,,,,
Tỷ lệ dồn tích (Phương pháp Dòng tiền),accrual_ratio_cash_flow_method,0.0,0.0,0.0,0.0,HPG,,,,
Dòng tiền từ HĐKD trên Tổng tài sản,cash_return_to_assets,0.0,-1.21,0.0,0.0,HPG,,,,
Dòng tiền từ HĐKD trên Vốn chủ sở hữu,cash_return_on_equity,0.0,-2.35,0.0,0.0,HPG,,,,
Dòng tiền từ HĐKD trên Lợi nhuận thuần từ HĐKD,cash_to_income_2,0.0,-72.98,0.0,0.0,HPG,,,,
Khả năng thanh toán nợ từ dòng tiền HĐKD,debt_coverage,0.0,-2.51,0.0,0.0,HPG,,,,
Dòng tiền từ HĐKD trên mỗi cổ phần (CPS),cash_flow_per_share_cps,0.0,-434.31,0.0,0.0,HPG,,,,
Thu nhập trên mỗi cổ phần của 4 quý gần nhất (EPS),trailing_eps,840.57,1008.57,1174.63,,HSG,739.08,,,
Giá trị sổ sách của cổ phiếu (BVPS),book_value_per_share_bvps,18486.0,18320.0,18254.0,,HSG,18126.0,,,
Chỉ số giá thị trường trên thu nhập (P/E),pe_ratio,13.92,14.72,13.41,,HSG,25.71,,,
Chỉ số giá thị trường trên giá trị sổ sách (P/B),pb_ratio,0.82,0.81,0.86,,HSG,1.05,,,
Chỉ số giá thị trường trên doanh thu thuần (P/S),ps_ratio,1.05,1.1,1.17,,HSG,1.24,,,
Tỷ suất cổ tức,dividend_yield,0.0,3.16,2.99,,HSG,0.03,,,
Beta,beta,0.88,1.03,1.25,,HSG,1.35,,,
Giá trị doanh nghiệp trên lợi nhuận trước thuế và lãi vay (EV/EBIT),ev_ebit,65.75,101.58,90.85,,HSG,46.29,,,
"Giá trị doanh nghiệp trên lợi nhuận trước thuế, khấu hao và lãi vay (EV/EBITDA)",ev_ebitda,0.0,0.0,0.0,,HSG,0.0,,,
Tỷ suất lợi nhuận gộp biên,gross_margin,11.73,11.2,12.22,,HSG,12.75,,,
Tỷ lệ lãi EBIT,ebit_margin,2.95,1.77,1.89,,HSG,3.5,,,
Tỷ lệ lãi EBITDA,ebitda_net_revenue,5.03,4.52,3.56,,HSG,4.93,,,
Tỷ suất sinh lợi trên doanh thu thuần,net_margin,1.32,0.74,1.01,,HSG,2.88,,,
Tỷ suất lợi nhuận trên vốn chủ sở hữu bình quân (ROEA),roe,1.04,0.55,0.75,,HSG,2.43,,,
Tỷ suất sinh lợi trên vốn dài hạn bình quân (ROCE),return_on_capital_employed_roce,2.31,1.31,1.4,,HSG,2.95,,,
Tỷ suất sinh lợi trên tổng tài sản bình quân (ROAA),roa,0.54,0.31,0.44,,HSG,1.49,,,
ROE bình quân 4 quý gần nhất,roe_trailling,4.76,5.54,6.49,,HSG,4.12,,,
ROA bình quân 4 quý gần nhất,roa_trailling,2.62,3.27,3.87,,HSG,2.41,,,
Tăng trưởng  doanh thu thuần,net_revenue,6.1,-17.99,-17.33,,HSG,-12.28,,,
Tăng trưởng  lợi nhuận gộp,gross_profit,-2.22,-22.14,20.31,,HSG,-9.28,,,
Tăng trưởng lợi nhuận trước thuế ,profit_before_tax,-31.2,-48.99,0.0,,HSG,1.07,,,
Tăng trưởng lợi nhuận sau thuế của CĐ công ty mẹ,profit_after_tax_for_shareholders_of_the_parent_company,-42.21,-62.3,0.0,,HSG,0.14,,,
Tăng trưởng tổng tài sản,total_assets,32.35,6.35,-3.13,,HSG,-2.96,,,
Tăng trưởng nợ dài hạn,long_term_liabilities,4.38,4.36,-0.74,,HSG,4.23,,,
Tăng trưởng nợ phải trả,liabilities,88.33,11.54,-11.96,,HSG,-8.48,,,
Tăng trưởng vốn chủ sở hữu,owners_equity,1.49,2.3,3.87,,HSG,1.33,,,
Tăng trưởng vốn điều lệ,charter_capital,0.0,0.0,0.81,,HSG,0.81,,,
Tỷ số thanh toán bằng tiền mặt,cash_ratio,0.08,0.09,0.06,,HSG,0.09,,,
Tỷ số thanh toán nhanh,quick_ratio,0.41,0.42,0.46,,HSG,0.56,,,
"Tỷ số thanh toán nhanh  (Đã loại trừ HTK, Phải thu ngắn hạn - Tham khảo)",quick_ratio_except_inventories_short_term_receivables_reference,0.09,0.1,0.07,,HSG,0.1,,,
Tỷ số thanh toán hiện hành (ngắn hạn),short_term_ratio,1.28,1.39,1.54,,HSG,1.58,,,
Khả năng thanh toán lãi vay,interest_coverage,2.44,2.85,3.36,,HSG,7.82,,,
Vòng quay phải thu khách hàng,receivables_turnover,4.82,5.25,4.15,,HSG,4.23,,,
Thời gian thu tiền khách hàng bình quân,days_of_sales_outstanding,75.69,69.59,87.96,,HSG,86.32,,,
Vòng quay hàng tồn kho,inventory_turnover,0.81,0.84,0.9,,HSG,1.03,,,
Thời gian tồn kho bình quân,days_of_inventory_on_hand,452.37,432.41,404.05,,HSG,353.49,,,
Vòng quay phải trả nhà cung cấp,payables_turnover,3.23,3.35,3.65,,HSG,4.47,,,
Thời gian trả tiền khách hàng bình quân,number_of_days_of_payables,112.92,109.05,100.0,,HSG,81.7,,,
Vòng quay tài sản cố định (Hiệu suất sử dụng tài sản cố định),fixed_asset_turnover,2.14,2.02,2.09,,HSG,2.4,,,
Vòng quay tổng tài sản (Hiệu suất sử dụng toàn bộ tài sản),total_asset_turnover,0.4,0.42,0.44,,HSG,0.52,,,
Vòng quay vốn chủ sở hữu,equity_turnover,0.78,0.74,0.74,,HSG,0.84,,,
Tỷ số Nợ ngắn hạn trên Tổng nợ phải trả,short_term_liabilities_to_total_liabilities,99.85,99.82,99.79,,HSG,99.79,,,
Tỷ số Nợ vay trên Tổng tài sản,debt_to_assets,35.6,29.17,23.24,,HSG,24.19,,,
Tỷ số Nợ trên Tổng tài sản,liabilities_to_assets,50.57,45.98,40.18,,HSG,41.19,,,
Tỷ số Vốn chủ sở hữu trên Tổng tài sản,equity_to_assets,49.43,54.02,59.82,,HSG,58.81,,,
Tỷ số Nợ ngắn hạn trên Vốn chủ sở hữu,short_term_liabilities_to_equity,102.16,84.96,67.03,,HSG,69.9,,,
Tỷ số Nợ vay trên Vốn chủ sở hữu,debt_to_equity,72.02,54.0,38.85,,HSG,41.14,,,
Tỷ số Nợ trên Vốn chủ sở hữu,liabilities_to_equity,102.31,85.11,67.18,,HSG,70.05,,,
Tỷ số dòng tiền HĐKD trên doanh thu thuần,accrual_ratio_cf,0.0,-11.43,0.0,,HSG,0.0,,,
Khả năng chi trả nợ ngắn hạn từ dòng tiền HĐKD,cash_to_income,0.0,-9.91,0.0,,HSG,0.0,,,
Khả năng chi trả nợ ngắn hạn từ lưu chuyển tiền thuần trong kỳ,net_cash_flows_short_term_liabilities,0.0,4.45,0.0,,HSG,0.0,,,
Tỷ lệ dồn tích (Phương pháp Cân đối kế toán),accrual_ratio_balance_sheet_method,0.0,0.0,0.0,,HSG,0.0,,,
Tỷ lệ dồn tích (Phương pháp Dòng tiền),accrual_ratio_cash_flow_method,0.0,0.0,0.0,,HSG,0.0,,,
Dòng tiền từ HĐKD trên Tổng tài sản,cash_return_to_assets,0.0,-4.55,0.0,,HSG,0.0,,,
Dòng tiền từ HĐKD trên Vốn chủ sở hữu,cash_return_on_equity,0.0,-8.42,0.0,,HSG,0.0,,,
Dòng tiền từ HĐKD trên Lợi nhuận thuần từ HĐKD,cash_to_income_2,0.0,-1178.69,0.0,,HSG,0.0,,,
Khả năng thanh toán nợ từ dòng tiền HĐKD,debt_coverage,0.0,-9.89,0.0,,HSG,0.0,,,
Dòng tiền từ HĐKD trên mỗi cổ phần (CPS),cash_flow_per_share_cps,0.0,-1542.4,0.0,,HSG,0.0,,,
Thu nhập trên mỗi cổ phần của 4 quý gần nhất (EPS),trailing_eps,26.55,107.96,85.19,26.55,ITA,,,,
Giá trị sổ sách của cổ phiếu (BVPS),book_value_per_share_bvps,11436.0,11396.0,11476.0,11436.0,ITA,,,,
Chỉ số giá thị trường trên thu nhập (P/E),pe_ratio,86.62,21.3,27.0,86.62,ITA,,,,
Chỉ số giá thị trường trên giá trị sổ sách (P/B),pb_ratio,0.2,0.2,0.2,0.2,ITA,,,,
Chỉ số giá thị trường trên doanh thu thuần (P/S),ps_ratio,25.1,32.08,27.7,25.1,ITA,,,,
Tỷ suất cổ tức,dividend_yield,0.0,0.0,0.0,0.0,ITA,,,,
Beta,beta,0.04,0.06,0.03,0.04,ITA,,,,
Giá trị doanh nghiệp trên lợi nhuận trước thuế và lãi vay (EV/EBIT),ev_ebit,82.13,177.61,53.14,82.13,ITA,,,,
"Giá trị doanh nghiệp trên lợi nhuận trước thuế, khấu hao và lãi vay (EV/EBITDA)",ev_ebitda,59.57,108.62,52.39,59.57,ITA,,,,
Tỷ suất lợi nhuận gộp biên,gross_margin,63.81,48.01,46.6,63.81,ITA,,,,
Tỷ lệ lãi EBIT,ebit_margin,36.66,21.55,62.51,36.66,ITA,,,,
Tỷ lệ lãi EBITDA,ebitda_net_revenue,39.8,35.23,74.57,39.8,ITA,,,,
Tỷ suất sinh lợi trên doanh thu thuần,net_margin,24.95,11.45,49.14,24.95,ITA,,,,
Tỷ suất lợi nhuận trên vốn chủ sở hữu bình quân (ROEA),roe,0.2,0.07,0.36,0.2,ITA,,,,
Tỷ suất sinh lợi trên vốn dài hạn bình quân (ROCE),return_on_capital_employed_roce,0.28,0.13,0.43,0.28,ITA,,,,
Tỷ suất sinh lợi trên tổng tài sản bình quân (ROAA),roa,0.17,0.06,0.3,0.17,ITA,,,,
ROE bình quân 4 quý gần nhất,roe_trailling,0.24,0.98,0.77,0.24,ITA,,,,
ROA bình quân 4 quý gần nhất,roa_trailling,0.2,0.81,0.63,0.2,ITA,,,,
Tăng trưởng  doanh thu thuần,net_revenue,-42.36,-5.72,-7.77,-42.36,ITA,,,,
Tăng trưởng  lợi nhuận gộp,gross_profit,-42.09,-11.27,-19.27,-42.09,ITA,,,,
Tăng trưởng lợi nhuận trước thuế ,profit_before_tax,-61.74,-40.97,0.0,-61.74,ITA,,,,
Tăng trưởng lợi nhuận sau thuế của CĐ công ty mẹ,profit_after_tax_for_shareholders_of_the_parent_company,-68.91,-63.27,0.0,-68.91,ITA,,,,
Tăng trưởng tổng tài sản,total_assets,3.41,4.26,1.14,3.41,ITA,,,,
Tăng trưởng nợ dài hạn,long_term_liabilities,24.2,59.09,-3.87,24.2,ITA,,,,
Tăng trưởng nợ phải trả,liabilities,6.6,7.95,3.1,6.6,ITA,,,,
Tăng trưởng vốn chủ sở hữu,owners_equity,2.84,3.61,0.76,2.84,ITA,,,,
Tăng trưởng vốn điều lệ,charter_capital,0.0,0.0,0.0,0.0,ITA,,,,
Tỷ số thanh toán bằng tiền mặt,cash_ratio,0.01,0.03,0.0,0.01,ITA,,,,
Tỷ số thanh toán nhanh,quick_ratio,1.54,1.62,1.52,1.54,ITA,,,,
"Tỷ số thanh toán nhanh  (Đã loại trừ HTK, Phải thu ngắn hạn - Tham khảo)",quick_ratio_except_inventories_short_term_receivables_reference,0.01,0.03,0.01,0.01,ITA,,,,
Tỷ số thanh toán hiện hành (ngắn hạn),short_term_ratio,4.41,4.54,4.35,4.41,ITA,,,,
Khả năng thanh toán lãi vay,interest_coverage,8.78,9.09,13.6,8.78,ITA,,,,
Vòng quay phải thu khách hàng,receivables_turnover,0.12,0.09,0.11,0.12,ITA,,,,
Thời gian thu tiền khách hàng bình quân,days_of_sales_outstanding,3000.51,4017.27,3203.34,3000.51,ITA,,,,
Vòng quay hàng tồn kho,inventory_turnover,0.01,0.01,0.01,0.01,ITA,,,,
Thời gian tồn kho bình quân,days_of_inventory_on_hand,44290.57,38792.36,33486.12,44290.57,ITA,,,,
Vòng quay phải trả nhà cung cấp,payables_turnover,0.25,0.25,0.33,0.25,ITA,,,,
Thời gian trả tiền khách hàng bình quân,number_of_days_of_payables,1468.38,1451.03,1091.31,1468.38,ITA,,,,
Vòng quay tài sản cố định (Hiệu suất sử dụng tài sản cố định),fixed_asset_turnover,0.56,0.43,0.52,0.56,ITA,,,,
Vòng quay tổng tài sản (Hiệu suất sử dụng toàn bộ tài sản),total_asset_turnover,0.01,0.01,0.01,0.01,ITA,,,,
Vòng quay vốn chủ sở hữu,equity_turnover,0.01,0.01,0.01,0.01,ITA,,,,
Tỷ số Nợ ngắn hạn trên Tổng nợ phải trả,short_term_liabilities_to_total_liabilities,67.12,65.07,67.65,67.12,ITA,,,,
Tỷ số Nợ vay trên Tổng tài sản,debt_to_assets,1.04,1.13,0.98,1.04,ITA,,,,
Tỷ số Nợ trên Tổng tài sản,liabilities_to_assets,15.51,15.52,15.71,15.51,ITA,,,,
Tỷ số Vốn chủ sở hữu trên Tổng tài sản,equity_to_assets,84.49,84.48,84.29,84.49,ITA,,,,
Tỷ số Nợ ngắn hạn trên Vốn chủ sở hữu,short_term_liabilities_to_equity,12.33,11.96,12.61,12.33,ITA,,,,
Tỷ số Nợ vay trên Vốn chủ sở hữu,debt_to_equity,1.23,1.33,1.16,1.23,ITA,,,,
Tỷ số Nợ trên Vốn chủ sở hữu,liabilities_to_equity,18.36,18.38,18.64,18.36,ITA,,,,
Tỷ số dòng tiền HĐKD trên doanh thu thuần,accrual_ratio_cf,0.0,-59.78,0.0,0.0,ITA,,,,
Khả năng chi trả nợ ngắn hạn từ dòng tiền HĐKD,cash_to_income,0.0,-3.14,0.0,0.0,ITA,,,,
Khả năng chi trả nợ ngắn hạn từ lưu chuyển tiền thuần trong kỳ,net_cash_flows_short_term_liabilities,0.0,-1.58,0.0,0.0,ITA,,,,
Tỷ lệ dồn tích (Phương pháp Cân đối kế toán),accrual_ratio_balance_sheet_method,0.0,0.0,0.0,0.0,ITA,,,,
Tỷ lệ dồn tích (Phương pháp Dòng tiền),accrual_ratio_cash_flow_method,0.0,0.0,0.0,0.0,ITA,,,,
Dòng tiền từ HĐKD trên Tổng tài sản,cash_return_to_assets,0.0,-0.32,0.0,0.0,ITA,,,,
Dòng tiền từ HĐKD trên Vốn chủ sở hữu,cash_return_on_equity,0.0,-0.38,0.0,0.0,ITA,,,,
Dòng tiền từ HĐKD trên Lợi nhuận thuần từ HĐKD,cash_to_income_2,0.0,11762.79,0.0,0.0,ITA,,,,
Khả năng thanh toán nợ từ dòng tiền HĐKD,debt_coverage,0.0,-2.05,0.0,0.0,ITA,,,,
Dòng tiền từ HĐKD trên mỗi cổ phần (CPS),cash_flow_per_share_cps,0.0,-42.86,0.0,0.0,ITA,,,,
Thu nhập trên mỗi cổ phần của 4 quý gần nhất (EPS),trailing_eps,1952.03,1681.23,2525.62,1952.03,KBC,,,,
Giá trị sổ sách của cổ phiếu (BVPS),book_value_per_share_bvps,27675.0,28001.0,28399.0,27675.0,KBC,,,,
Chỉ số giá thị trường trên thu nhập (P/E),pe_ratio,18.49,18.23,14.0,18.49,KBC,,,,
Chỉ số giá thị trường trên giá trị sổ sách (P/B),pb_ratio,1.3,1.09,1.24,1.3,KBC,,,,
Chỉ số giá thị trường trên doanh thu thuần (P/S),ps_ratio,25.23,7.55,20.19,25.23,KBC,,,,
Tỷ suất cổ tức,dividend_yield,0.0,0.0,0.0,0.0,KBC,,,,
Beta,beta,1.31,1.45,1.16,1.31,KBC,,,,
Giá trị doanh nghiệp trên lợi nhuận trước thuế và lãi vay (EV/EBIT),ev_ebit,83.63,29.88,52.24,83.63,KBC,,,,
"Giá trị doanh nghiệp trên lợi nhuận trước thuế, khấu hao và lãi vay (EV/EBITDA)",ev_ebitda,75.37,29.01,48.72,75.37,KBC,,,,
Tỷ suất lợi nhuận gộp biên,gross_margin,58.16,38.78,36.6,58.16,KBC,,,,
Tỷ lệ lãi EBIT,ebit_margin,47.42,39.39,64.38,47.42,KBC,,,,
Tỷ lệ lãi EBITDA,ebitda_net_revenue,48.73,40.58,65.84,48.73,KBC,,,,
Tỷ suất sinh lợi trên doanh thu thuần,net_margin,23.15,27.24,40.3,23.15,KBC,,,,
Tỷ suất lợi nhuận trên vốn chủ sở hữu bình quân (ROEA),roe,1.19,3.71,2.66,1.28,KBC,,,,
Tỷ suất sinh lợi trên vốn dài hạn bình quân (ROCE),return_on_capital_employed_roce,1.15,2.94,1.97,1.15,KBC,,,,
Tỷ suất sinh lợi trên tổng tài sản bình quân (ROAA),roa,0.45,1.58,0.96,0.45,KBC,,,,
ROE bình quân 4 quý gần nhất,roe_trailling,7.28,6.9,9.29,7.28,KBC,,,,
ROA bình quân 4 quý gần nhất,roa_trailling,2.66,2.83,3.29,2.66,KBC,,,,
Tăng trưởng  doanh thu thuần,net_revenue,41.76,1946.08,110.99,41.76,KBC,,,,
Tăng trưởng  lợi nhuận gộp,gross_profit,117.88,1535.54,56.63,117.88,KBC,,,,
Tăng trưởng lợi nhuận trước thuế ,profit_before_tax,70.87,0.0,413.41,70.87,KBC,,,,
Tăng trưởng lợi nhuận sau thuế của CĐ công ty mẹ,profit_after_tax_for_shareholders_of_the_parent_company,56.62,0.0,773.44,56.62,KBC,,,,
Tăng trưởng tổng tài sản,total_assets,57.18,37.79,55.81,57.18,KBC,,,,
Tăng trưởng nợ dài hạn,long_term_liabilities,85.55,95.18,68.12,85.55,KBC,,,,
Tăng trưởng nợ phải trả,liabilities,86.38,70.42,78.57,86.38,KBC,,,,
Tăng trưởng vốn chủ sở hữu,owners_equity,26.41,6.7,29.31,26.41,KBC,,,,
Tăng trưởng vốn điều lệ,charter_capital,22.69,0.0,22.69,22.69,KBC,,,,
Tỷ số thanh toán bằng tiền mặt,cash_ratio,0.69,0.81,0.56,0.69,KBC,,,,
Tỷ số thanh toán nhanh,quick_ratio,2.36,3.11,1.89,2.36,KBC,,,,
"Tỷ số thanh toán nhanh  (Đã loại trừ HTK, Phải thu ngắn hạn - Tham khảo)",quick_ratio_except_inventories_short_term_receivables_reference,0.83,1.04,0.69,0.83,KBC,,,,
Tỷ số thanh toán hiện hành (ngắn hạn),short_term_ratio,4.2,5.6,3.69,4.2,KBC,,,,
Khả năng thanh toán lãi vay,interest_coverage,3.02,11.9,4.8,3.02,KBC,,,,
Vòng quay phải thu khách hàng,receivables_turnover,0.85,1.65,1.22,0.85,KBC,,,,
Thời gian thu tiền khách hàng bình quân,days_of_sales_outstanding,427.44,221.03,298.65,427.44,KBC,,,,
Vòng quay hàng tồn kho,inventory_turnover,0.02,0.11,0.04,0.02,KBC,,,,
Thời gian tồn kho bình quân,days_of_inventory_on_hand,15817.18,3265.74,9088.47,15817.18,KBC,,,,
Vòng quay phải trả nhà cung cấp,payables_turnover,0.83,3.86,1.61,0.83,KBC,,,,
Thời gian trả tiền khách hàng bình quân,number_of_days_of_payables,437.34,94.5,226.12,437.34,KBC,,,,
Vòng quay tài sản cố định (Hiệu suất sử dụng tài sản cố định),fixed_asset_turnover,3.64,7.79,3.87,3.64,KBC,,,,
Vòng quay tổng tài sản (Hiệu suất sử dụng toàn bộ tài sản),total_asset_turnover,0.02,0.06,0.02,0.02,KBC,,,,
Vòng quay vốn chủ sở hữu,equity_turnover,0.05,0.15,0.06,0.05,KBC,,,,
Tỷ số Nợ ngắn hạn trên Tổng nợ phải trả,short_term_liabilities_to_total_liabilities,33.64,24.89,34.8,33.64,KBC,,,,
Tỷ số Nợ vay trên Tổng tài sản,debt_to_assets,40.58,32.45,41.06,40.58,KBC,,,,
Tỷ số Nợ trên Tổng tài sản,liabilities_to_assets,60.84,60.35,61.66,60.84,KBC,,,,
Tỷ số Vốn chủ sở hữu trên Tổng tài sản,equity_to_assets,39.16,39.65,38.34,39.16,KBC,,,,
Tỷ số Nợ ngắn hạn trên Vốn chủ sở hữu,short_term_liabilities_to_equity,52.27,37.88,55.95,52.27,KBC,,,,
Tỷ số Nợ vay trên Vốn chủ sở hữu,debt_to_equity,103.62,81.83,107.08,103.62,KBC,,,,
Tỷ số Nợ trên Vốn chủ sở hữu,liabilities_to_equity,155.37,152.18,160.8,155.37,KBC,,,,
Tỷ số dòng tiền HĐKD trên doanh thu thuần,accrual_ratio_cf,0.0,-233.33,0.0,0.0,KBC,,,,
Khả năng chi trả nợ ngắn hạn từ dòng tiền HĐKD,cash_to_income,0.0,-89.31,0.0,0.0,KBC,,,,
Khả năng chi trả nợ ngắn hạn từ lưu chuyển tiền thuần trong kỳ,net_cash_flows_short_term_liabilities,0.0,0.18,0.0,0.0,KBC,,,,
Tỷ lệ dồn tích (Phương pháp Cân đối kế toán),accrual_ratio_balance_sheet_method,0.0,0.0,0.0,0.0,KBC,,,,
Tỷ lệ dồn tích (Phương pháp Dòng tiền),accrual_ratio_cash_flow_method,0.0,0.0,0.0,0.0,KBC,,,,
Dòng tiền từ HĐKD trên Tổng tài sản,cash_return_to_assets,0.0,-13.42,0.0,0.0,KBC,,,,
Dòng tiền từ HĐKD trên Vốn chủ sở hữu,cash_return_on_equity,0.0,-33.84,0.0,0.0,KBC,,,,
Dòng tiền từ HĐKD trên Lợi nhuận thuần từ HĐKD,cash_to_income_2,0.0,-660.84,0.0,0.0,KBC,,,,
Khả năng thanh toán nợ từ dòng tiền HĐKD,debt_coverage,0.0,-22.23,0.0,0.0,KBC,,,,
Dòng tiền từ HĐKD trên mỗi cổ phần (CPS),cash_flow_per_share_cps,0.0,-9474.31,0.0,0.0,KBC,,,,
Thu nhập trên mỗi cổ phần của 4 quý gần nhất (EPS),trailing_eps,935.38,948.78,995.99,935.38,KDH,,,,
Giá trị sổ sách của cổ phiếu (BVPS),book_value_per_share_bvps,18159.0,19352.0,18865.0,18159.0,KDH,,,,
Chỉ số giá thị trường trên thu nhập (P/E),pe_ratio,36.13,34.36,31.63,36.13,KDH,,,,
Chỉ số giá thị trường trên giá trị sổ sách (P/B),pb_ratio,1.86,1.68,1.67,1.86,KDH,,,,
Chỉ số giá thị trường trên doanh thu thuần (P/S),ps_ratio,34.54,46.43,19.46,34.54,KDH,,,,
Tỷ suất cổ tức,dividend_yield,0.0,0.0,0.0,0.0,KDH,,,,
Beta,beta,1.33,1.17,1.25,1.33,KDH,,,,
Giá trị doanh nghiệp trên lợi nhuận trước thuế và lãi vay (EV/EBIT),ev_ebit,73.11,257.46,46.37,73.11,KDH,,,,
"Giá trị doanh nghiệp trên lợi nhuận trước thuế, khấu hao và lãi vay (EV/EBITDA)",ev_ebitda,72.3,251.86,46.01,72.3,KDH,,,,
Tỷ suất lợi nhuận gộp biên,gross_margin,70.63,43.2,71.0,70.63,KDH,,,,
Tỷ lệ lãi EBIT,ebit_margin,59.51,22.05,54.13,59.51,KDH,,,,
Tỷ lệ lãi EBITDA,ebitda_net_revenue,59.68,22.54,54.24,59.68,KDH,,,,
Tỷ suất sinh lợi trên doanh thu thuần,net_margin,47.89,16.72,43.66,47.89,KDH,,,,
Tỷ suất lợi nhuận trên vốn chủ sở hữu bình quân (ROEA),roe,1.18,0.63,2.71,1.32,KDH,,,,
Tỷ suất sinh lợi trên vốn dài hạn bình quân (ROCE),return_on_capital_employed_roce,2.28,0.58,3.26,2.28,KDH,,,,
Tỷ suất sinh lợi trên tổng tài sản bình quân (ROAA),roa,0.73,0.4,1.48,0.73,KDH,,,,
ROE bình quân 4 quý gần nhất,roe_trailling,5.4,5.31,5.87,5.4,KDH,,,,
ROA bình quân 4 quý gần nhất,roa_trailling,3.05,2.87,3.27,3.05,KDH,,,,
Tăng trưởng  doanh thu thuần,net_revenue,334.85,112.57,-11.29,334.85,KDH,,,,
Tăng trưởng  lợi nhuận gộp,gross_profit,391.54,76.08,41.97,391.54,KDH,,,,
Tăng trưởng lợi nhuận trước thuế ,profit_before_tax,783.11,54.01,94.83,783.11,KDH,,,,
Tăng trưởng lợi nhuận sau thuế của CĐ công ty mẹ,profit_after_tax_for_shareholders_of_the_parent_company,235.1,92.46,24.77,235.1,KDH,,,,
Tăng trưởng tổng tài sản,total_assets,4.67,10.88,10.77,4.67,KDH,,,,
Tăng trưởng nợ dài hạn,long_term_liabilities,19.27,6.18,31.89,19.27,KDH,,,,
Tăng trưởng nợ phải trả,liabilities,-0.15,-8.74,14.08,-0.15,KDH,,,,
Tăng trưởng vốn chủ sở hữu,owners_equity,7.92,25.55,8.84,7.92,KDH,,,,
Tăng trưởng vốn điều lệ,charter_capital,23.4,26.5,10.98,23.4,KDH,,,,
Tỷ số thanh toán bằng tiền mặt,cash_ratio,0.7,0.66,0.73,0.7,KDH,,,,
Tỷ số thanh toán nhanh,quick_ratio,2.22,1.83,2.39,2.22,KDH,,,,
"Tỷ số thanh toán nhanh  (Đã loại trừ HTK, Phải thu ngắn hạn - Tham khảo)",quick_ratio_except_inventories_short_term_receivables_reference,0.79,0.74,0.79,0.79,KDH,,,,
Tỷ số thanh toán hiện hành (ngắn hạn),short_term_ratio,9.05,8.8,9.04,9.05,KDH,,,,
Khả năng thanh toán lãi vay,interest_coverage,0.0,0.0,0.0,0.0,KDH,,,,
Vòng quay phải thu khách hàng,receivables_turnover,2.0,4.18,1.62,2.0,KDH,,,,
Thời gian thu tiền khách hàng bình quân,days_of_sales_outstanding,182.45,87.22,225.94,182.45,KDH,,,,
Vòng quay hàng tồn kho,inventory_turnover,0.01,0.02,0.02,0.01,KDH,,,,
Thời gian tồn kho bình quân,days_of_inventory_on_hand,26082.41,20180.12,16059.09,26082.41,KDH,,,,
Vòng quay phải trả nhà cung cấp,payables_turnover,1.87,1.58,4.1,1.87,KDH,,,,
Thời gian trả tiền khách hàng bình quân,number_of_days_of_payables,194.71,230.42,89.04,194.71,KDH,,,,
Vòng quay tài sản cố định (Hiệu suất sử dụng tài sản cố định),fixed_asset_turnover,15.87,9.77,26.9,15.87,KDH,,,,
Vòng quay tổng tài sản (Hiệu suất sử dụng toàn bộ tài sản),total_asset_turnover,0.03,0.02,0.05,0.03,KDH,,,,
Vòng quay vốn chủ sở hữu,equity_turnover,0.05,0.04,0.09,0.05,KDH,,,,
Tỷ số Nợ ngắn hạn trên Tổng nợ phải trả,short_term_liabilities_to_total_liabilities,26.62,30.23,27.14,26.62,KDH,,,,
Tỷ số Nợ vay trên Tổng tài sản,debt_to_assets,29.88,24.5,29.79,29.88,KDH,,,,
Tỷ số Nợ trên Tổng tài sản,liabilities_to_assets,38.4,35.21,37.85,38.4,KDH,,,,
Tỷ số Vốn chủ sở hữu trên Tổng tài sản,equity_to_assets,61.6,64.79,62.15,61.6,KDH,,,,
Tỷ số Nợ ngắn hạn trên Vốn chủ sở hữu,short_term_liabilities_to_equity,16.59,16.42,16.53,16.59,KDH,,,,
Tỷ số Nợ vay trên Vốn chủ sở hữu,debt_to_equity,48.5,37.82,47.94,48.5,KDH,,,,
Tỷ số Nợ trên Vốn chủ sở hữu,liabilities_to_equity,62.34,54.34,60.9,62.34,KDH,,,,
Tỷ số dòng tiền HĐKD trên doanh thu thuần,accrual_ratio_cf,0.0,-185.4,0.0,0.0,KDH,,,,
Khả năng chi trả nợ ngắn hạn từ dòng tiền HĐKD,cash_to_income,0.0,-40.95,0.0,0.0,KDH,,,,
Khả năng chi trả nợ ngắn hạn từ lưu chuyển tiền thuần trong kỳ,net_cash_flows_short_term_liabilities,0.0,-30.76,0.0,0.0,KDH,,,,
Tỷ lệ dồn tích (Phương pháp Cân đối kế toán),accrual_ratio_balance_sheet_method,0.0,0.0,0.0,0.0,KDH,,,,
Tỷ lệ dồn tích (Phương pháp Dòng tiền),accrual_ratio_cash_flow_method,0.0,0.0,0.0,0.0,KDH,,,,
Dòng tiền từ HĐKD trên Tổng tài sản,cash_return_to_assets,0.0,-4.36,0.0,0.0,KDH,,,,
Dòng tiền từ HĐKD trên Vốn chủ sở hữu,cash_return_on_equity,0.0,-6.73,0.0,0.0,KDH,,,,
Dòng tiền từ HĐKD trên Lợi nhuận thuần từ HĐKD,cash_to_income_2,0.0,-814.65,0.0,0.0,KDH,,,,
Khả năng thanh toán nợ từ dòng tiền HĐKD,debt_coverage,0.0,-12.38,0.0,0.0,KDH,,,,
Dòng tiền từ HĐKD trên mỗi cổ phần (CPS),cash_flow_per_share_cps,0.0,-1301.61,0.0,0.0,KDH,,,,
Thu nhập trên mỗi cổ phần của 4 quý gần nhất (EPS),trailing_eps,3616.91,3758.35,3834.74,3616.91,LPB,,,,
Giá trị sổ sách của cổ phiếu (BVPS),book_value_per_share_bvps,14548.97,15355.83,15797.8,14548.97,LPB,,,,
Chỉ số giá thị trường trên thu nhập (P/E),pe_ratio,13.69,8.85,10.9,13.69,LPB,,,,
Chỉ số giá thị trường trên giá trị sổ sách (P/B),pb_ratio,3.4,2.17,2.65,3.4,LPB,,,,
Tỷ suất cổ tức,dividend_yield,0.05,0.0,5.98,5.05,LPB,,,,
Beta,beta,0.68,0.86,0.61,0.68,LPB,,,,
Tỷ suất lợi nhuận trên vốn chủ sở hữu bình quân (ROEA),roe,6.56,5.68,8.23,6.56,LPB,,,,
Tỷ suất sinh lợi trên tổng tài sản bình quân (ROAA),roa,0.52,0.5,0.65,0.52,LPB,,,,
Tỷ suất sinh lợi của Tài sản Có sinh lãi (YOEA),yield_on_earning_assets_yoea,1.94,1.73,1.88,1.94,LPB,,,,
Tỷ lệ chi phí hình thành Tài sản Có sinh lãi (COF),cost_of_funding_earning_assets_cof,1.29,1.16,1.24,1.29,LPB,,,,
Tỷ lệ thu nhập lãi thuần (NIM),net_interest_margin_nim,0.79,0.67,0.8,0.79,LPB,,,,
Tỷ lệ chi phí hoạt động/Tổng thu nhập HĐKD trước dự phòng (CIR),cost_income_ratio_cir,27.22,28.04,28.24,27.22,LPB,,,,
ROE bình quân 4 quý gần nhất,roe_trailling,23.91,23.67,25.78,23.91,LPB,,,,
ROA bình quân 4 quý gần nhất,roa_trailling,2.01,2.09,2.12,2.01,LPB,,,,
Tăng trưởng lợi nhuận trước thuế ,profit_before_tax,18.92,10.01,39.03,18.92,LPB,,,,
Tăng trưởng lợi nhuận sau thuế của CĐ ngân hàng mẹ,profit_after_tax_for_shareholders_of_the_parent_company,18.5,10.23,39.73,18.5,LPB,,,,
Tăng trưởng tổng tài sản,total_assets,18.29,22.0,19.13,18.29,LPB,,,,
Tăng trưởng vốn chủ sở hữu,owners_equity,6.87,25.97,8.89,6.87,LPB,,,,
Tăng trưởng vốn điều lệ,charter_capital,16.8,16.8,16.8,16.8,LPB,,,,
Tăng trưởng dư nợ cho vay,deposits_from_customers,21.31,14.47,18.14,21.31,LPB,,,,
Tăng trưởng huy động vốn khách hàng,deposits_from_customers_2,20.23,11.89,19.22,20.23,LPB,,,,
Tăng trưởng thu nhập lãi thuần,net_interest_income,12.1,-5.27,6.1,12.1,LPB,,,,
Tăng trưởng dự phòng rủi ro tín dụng,provisions_for_loan_losses,8.58,4.44,-7.09,8.58,LPB,,,,
Tăng trưởng thu phí dịch vụ thuần,net_fee_and_commission_income,-16.04,1.18,30.57,-16.04,LPB,,,,
Tăng trưởng tổng thu nhập HĐKD trước dự phòng,operating_profit_before_provision_for_credit_losses,9.7,8.79,27.94,9.7,LPB,,,,
Tăng trưởng tổng chi phí HĐKD,operating_expenses,-5.74,-4.48,19.06,-5.74,LPB,,,,
Dư nợ cho vay khách hàng/Tổng vốn huy động (LDR),outstanding_loans_customer_deposits,79.96,79.19,71.59,79.96,LPB,,,,
Dư nợ cho vay/Tổng tài sản Có,outstanding_loans_total_assets,71.95,70.45,64.69,71.95,LPB,,,,
Vốn chủ sở hữu/Tổng vốn huy động ,equity_deposits_from_customers,0.09,0.1,8.62,8.96,LPB,,,,
Vốn chủ sở hữu/Tổng tài sản Có,equity_total_assets,8.06,9.18,7.79,8.06,LPB,,,,
Dự phòng rủi ro tín dụng/Tổng dư nợ,loan_loss_provision_ratio,-0.01,-0.01,-1.26,-1.37,LPB,,,,
Tài sản Có sinh lãi/Tổng tài sản Có,earning_assets_total_assets,98.85,98.21,98.47,98.85,LPB,,,,
Thu nhập trên mỗi cổ phần của 4 quý gần nhất (EPS),trailing_eps,4050.73,4516.14,3980.45,4050.73,MBB,,,,
Giá trị sổ sách của cổ phiếu (BVPS),book_value_per_share_bvps,16522.75,20267.29,17631.6,16522.75,MBB,,,,
Chỉ số giá thị trường trên thu nhập (P/E),pe_ratio,6.47,5.34,6.36,6.47,MBB,,,,
Chỉ số giá thị trường trên giá trị sổ sách (P/B),pb_ratio,1.59,1.19,1.43,1.59,MBB,,,,
Tỷ suất cổ tức,dividend_yield,0.01,0.02,1.19,1.15,MBB,,,,
Beta,beta,1.2,1.11,1.17,1.2,MBB,,,,
Tỷ suất lợi nhuận trên vốn chủ sở hữu bình quân (ROEA),roe,4.27,5.46,6.65,4.46,MBB,,,,
Tỷ suất sinh lợi trên tổng tài sản bình quân (ROAA),roa,0.43,0.57,0.6,0.43,MBB,,,,
Tỷ suất sinh lợi của Tài sản Có sinh lãi (YOEA),yield_on_earning_assets_yoea,1.72,1.75,1.67,1.72,MBB,,,,
Tỷ lệ chi phí hình thành Tài sản Có sinh lãi (COF),cost_of_funding_earning_assets_cof,0.83,0.81,0.91,0.83,MBB,,,,
Tỷ lệ thu nhập lãi thuần (NIM),net_interest_margin_nim,1.0,1.05,0.93,1.0,MBB,,,,
Tỷ lệ chi phí hoạt động/Tổng thu nhập HĐKD trước dự phòng (CIR),cost_income_ratio_cir,29.14,25.78,31.9,29.14,MBB,,,,
ROE bình quân 4 quý gần nhất,roe_trailling,20.22,22.6,21.22,20.22,MBB,,,,
ROA bình quân 4 quý gần nhất,roa_trailling,1.98,2.29,1.99,1.98,MBB,,,,
Tăng trưởng lợi nhuận trước thuế ,profit_before_tax,-0.79,44.71,37.51,-0.79,MBB,,,,
Tăng trưởng lợi nhuận sau thuế của CĐ ngân hàng mẹ,profit_after_tax_for_shareholders_of_the_parent_company,-3.78,44.9,39.44,-3.78,MBB,,,,
Tăng trưởng tổng tài sản,total_assets,29.13,28.45,43.14,29.13,MBB,,,,
Tăng trưởng vốn chủ sở hữu,owners_equity,20.97,27.14,21.32,20.97,MBB,,,,
Tăng trưởng vốn điều lệ,charter_capital,52.35,17.03,51.8,52.35,MBB,,,,
Tăng trưởng dư nợ cho vay,deposits_from_customers,32.69,29.61,39.57,32.69,MBB,,,,
Tăng trưởng huy động vốn khách hàng,deposits_from_customers_2,25.57,29.31,29.02,25.57,MBB,,,,
Tăng trưởng thu nhập lãi thuần,net_interest_income,24.71,29.02,30.63,24.71,MBB,,,,
Tăng trưởng dự phòng rủi ro tín dụng,provisions_for_loan_losses,9.97,-4.87,-4.7,9.97,MBB,,,,
Tăng trưởng thu phí dịch vụ thuần,net_fee_and_commission_income,49.38,30.7,77.95,49.38,MBB,,,,
Tăng trưởng tổng thu nhập HĐKD trước dự phòng,operating_profit_before_provision_for_credit_losses,23.51,33.76,17.51,23.51,MBB,,,,
Tăng trưởng tổng chi phí HĐKD,operating_expenses,21.02,12.4,18.73,21.02,MBB,,,,
Dư nợ cho vay khách hàng/Tổng vốn huy động (LDR),outstanding_loans_customer_deposits,81.92,81.07,77.2,81.92,MBB,,,,
Dư nợ cho vay/Tổng tài sản Có,outstanding_loans_total_assets,70.11,68.94,67.09,70.11,MBB,,,,
Vốn chủ sở hữu/Tổng vốn huy động ,equity_deposits_from_customers,0.12,0.13,10.11,11.7,MBB,,,,
Vốn chủ sở hữu/Tổng tài sản Có,equity_total_assets,10.02,10.69,8.79,10.02,MBB,,,,
Dự phòng rủi ro tín dụng/Tổng dư nợ,loan_loss_provision_ratio,-0.02,-0.01,-1.23,-1.5,MBB,,,,
Tài sản Có sinh lãi/Tổng tài sản Có,earning_assets_total_assets,97.4,96.65,96.63,97.4,MBB,,,,
Thu nhập trên mỗi cổ phần của 4 quý gần nhất (EPS),trailing_eps,2264.03,1592.62,2756.2,2264.03,MSN,,,,
Giá trị sổ sách của cổ phiếu (BVPS),book_value_per_share_bvps,28263.0,30124.0,29647.0,28263.0,MSN,,,,
Chỉ số giá thị trường trên thu nhập (P/E),pe_ratio,35.78,41.94,27.94,35.78,MSN,,,,
Chỉ số giá thị trường trên giá trị sổ sách (P/B),pb_ratio,2.87,2.22,2.6,2.87,MSN,,,,
Chỉ số giá thị trường trên doanh thu thuần (P/S),ps_ratio,5.82,5.08,5.04,5.82,MSN,,,,
Tỷ suất cổ tức,dividend_yield,0.0,0.0,0.0,0.0,MSN,,,,
Beta,beta,1.24,1.2,1.07,1.24,MSN,,,,
Giá trị doanh nghiệp trên lợi nhuận trước thuế và lãi vay (EV/EBIT),ev_ebit,46.97,60.12,46.06,46.97,MSN,,,,
"Giá trị doanh nghiệp trên lợi nhuận trước thuế, khấu hao và lãi vay (EV/EBITDA)",ev_ebitda,27.0,44.98,29.38,27.0,MSN,,,,
Tỷ suất lợi nhuận gộp biên,gross_margin,30.44,32.78,31.21,30.44,MSN,,,,
Tỷ lệ lãi EBIT,ebit_margin,18.12,13.84,16.77,18.12,MSN,,,,
Tỷ lệ lãi EBITDA,ebitda_net_revenue,21.09,18.49,18.41,21.09,MSN,,,,
Tỷ suất sinh lợi trên doanh thu thuần,net_margin,8.82,5.2,9.87,8.82,MSN,,,,
Tỷ suất lợi nhuận trên vốn chủ sở hữu bình quân (ROEA),roe,2.86,0.94,4.27,3.65,MSN,,,,
Tỷ suất sinh lợi trên vốn dài hạn bình quân (ROCE),return_on_capital_employed_roce,4.5,2.92,4.52,4.5,MSN,,,,
Tỷ suất sinh lợi trên tổng tài sản bình quân (ROAA),roa,0.99,0.27,1.18,0.99,MSN,,,,
ROE bình quân 4 quý gần nhất,roe_trailling,10.46,7.37,12.42,10.46,MSN,,,,
ROA bình quân 4 quý gần nhất,roa_trailling,2.48,1.52,3.18,2.48,MSN,,,,
Tăng trưởng  doanh thu thuần,net_revenue,-1.5,0.22,2.4,-1.5,MSN,,,,
Tăng trưởng  lợi nhuận gộp,gross_profit,0.33,17.88,2.73,0.33,MSN,,,,
Tăng trưởng lợi nhuận trước thuế ,profit_before_tax,37.45,92.91,0.4,37.45,MSN,,,,
Tăng trưởng lợi nhuận sau thuế của CĐ công ty mẹ,profit_after_tax_for_shareholders_of_the_parent_company,72.4,277.07,113.29,72.4,MSN,,,,
Tăng trưởng tổng tài sản,total_assets,-21.35,-2.3,-12.62,-21.35,MSN,,,,
Tăng trưởng nợ dài hạn,long_term_liabilities,-31.46,-19.07,-9.34,-31.46,MSN,,,,
Tăng trưởng nợ phải trả,liabilities,-30.71,-7.3,-21.48,-30.71,MSN,,,,
Tăng trưởng vốn chủ sở hữu,owners_equity,4.35,11.57,10.62,4.35,MSN,,,,
Tăng trưởng vốn điều lệ,charter_capital,0.5,5.74,0.5,0.5,MSN,,,,
Tỷ số thanh toán bằng tiền mặt,cash_ratio,0.35,0.24,0.3,0.35,MSN,,,,
Tỷ số thanh toán nhanh,quick_ratio,0.58,0.74,0.62,0.58,MSN,,,,
"Tỷ số thanh toán nhanh  (Đã loại trừ HTK, Phải thu ngắn hạn - Tham khảo)",quick_ratio_except_inventories_short_term_receivables_reference,0.39,0.25,0.43,0.39,MSN,,,,
Tỷ số thanh toán hiện hành (ngắn hạn),short_term_ratio,0.86,0.92,0.9,0.86,MSN,,,,
Khả năng thanh toán lãi vay,interest_coverage,2.28,1.88,3.17,2.28,MSN,,,,
Vòng quay phải thu khách hàng,receivables_turnover,16.38,16.83,17.02,16.38,MSN,,,,
Thời gian thu tiền khách hàng bình quân,days_of_sales_outstanding,22.28,21.69,21.44,22.28,MSN,,,,
Vòng quay hàng tồn kho,inventory_turnover,1.43,1.23,1.48,1.43,MSN,,,,
Thời gian tồn kho bình quân,days_of_inventory_on_hand,255.24,295.76,246.18,255.24,MSN,,,,
Vòng quay phải trả nhà cung cấp,payables_turnover,2.27,1.95,2.09,2.27,MSN,,,,
Thời gian trả tiền khách hàng bình quân,number_of_days_of_payables,161.06,186.75,174.37,161.06,MSN,,,,
Vòng quay tài sản cố định (Hiệu suất sử dụng tài sản cố định),fixed_asset_turnover,0.59,0.51,0.65,0.59,MSN,,,,
Vòng quay tổng tài sản (Hiệu suất sử dụng toàn bộ tài sản),total_asset_turnover,0.17,0.13,0.19,0.17,MSN,,,,
Vòng quay vốn chủ sở hữu,equity_turnover,0.5,0.45,0.53,0.5,MSN,,,,
Tỷ số Nợ ngắn hạn trên Tổng nợ phải trả,short_term_liabilities_to_total_liabilities,48.02,52.77,47.99,48.02,MSN,,,,
Tỷ số Nợ vay trên Tổng tài sản,debt_to_assets,50.21,42.83,50.31,50.21,MSN,,,,
Tỷ số Nợ trên Tổng tài sản,liabilities_to_assets,64.59,69.73,65.05,64.59,MSN,,,,
Tỷ số Vốn chủ sở hữu trên Tổng tài sản,equity_to_assets,35.41,30.27,34.95,35.41,MSN,,,,
Tỷ số Nợ ngắn hạn trên Vốn chủ sở hữu,short_term_liabilities_to_equity,87.58,121.57,89.3,87.58,MSN,,,,
Tỷ số Nợ vay trên Vốn chủ sở hữu,debt_to_equity,141.8,141.51,143.92,141.8,MSN,,,,
Tỷ số Nợ trên Vốn chủ sở hữu,liabilities_to_equity,182.39,230.39,186.08,182.39,MSN,,,,
Tỷ số dòng tiền HĐKD trên doanh thu thuần,accrual_ratio_cf,0.0,-0.4,0.0,0.0,MSN,,,,
Khả năng chi trả nợ ngắn hạn từ dòng tiền HĐKD,cash_to_income,0.0,-0.14,0.0,0.0,MSN,,,,
Khả năng chi trả nợ ngắn hạn từ lưu chuyển tiền thuần trong kỳ,net_cash_flows_short_term_liabilities,0.0,-11.11,0.0,0.0,MSN,,,,
Tỷ lệ dồn tích (Phương pháp Cân đối kế toán),accrual_ratio_balance_sheet_method,0.0,0.0,0.0,0.0,MSN,,,,
Tỷ lệ dồn tích (Phương pháp Dòng tiền),accrual_ratio_cash_flow_method,0.0,0.0,0.0,0.0,MSN,,,,
Dòng tiền từ HĐKD trên Tổng tài sản,cash_return_to_assets,0.0,-0.05,0.0,0.0,MSN,,,,
Dòng tiền từ HĐKD trên Vốn chủ sở hữu,cash_return_on_equity,0.0,-0.18,0.0,0.0,MSN,,,,
Dòng tiền từ HĐKD trên Lợi nhuận thuần từ HĐKD,cash_to_income_2,0.0,-5.0,0.0,0.0,MSN,,,,
Khả năng thanh toán nợ từ dòng tiền HĐKD,debt_coverage,0.0,-0.08,0.0,0.0,MSN,,,,
Dòng tiền từ HĐKD trên mỗi cổ phần (CPS),cash_flow_per_share_cps,0.0,-52.77,0.0,0.0,MSN,,,,
Thu nhập trên mỗi cổ phần của 4 quý gần nhất (EPS),trailing_eps,3955.55,2986.11,4774.77,3955.55,MWG,,,,
Giá trị sổ sách của cổ phiếu (BVPS),book_value_per_share_bvps,21507.0,20301.0,22442.0,21507.0,MWG,,,,
Chỉ số giá thị trường trên thu nhập (P/E),pe_ratio,19.64,19.76,18.51,19.64,MWG,,,,
Chỉ số giá thị trường trên giá trị sổ sách (P/B),pb_ratio,3.61,2.91,3.94,3.61,MWG,,,,
Chỉ số giá thị trường trên doanh thu thuần (P/S),ps_ratio,2.88,2.39,3.05,2.88,MWG,,,,
Tỷ suất cổ tức,dividend_yield,0.01,0.01,1.13,1.29,MWG,,,,
Beta,beta,1.24,1.37,1.21,1.24,MWG,,,,
Giá trị doanh nghiệp trên lợi nhuận trước thuế và lãi vay (EV/EBIT),ev_ebit,53.48,48.69,53.62,53.48,MWG,,,,
"Giá trị doanh nghiệp trên lợi nhuận trước thuế, khấu hao và lãi vay (EV/EBITDA)",ev_ebitda,0.0,0.0,0.0,0.0,MWG,,,,
Tỷ suất lợi nhuận gộp biên,gross_margin,18.76,19.93,18.78,18.76,MWG,,,,
Tỷ lệ lãi EBIT,ebit_margin,6.42,6.25,6.73,6.42,MWG,,,,
Tỷ lệ lãi EBITDA,ebitda_net_revenue,7.4,7.66,6.76,7.4,MWG,,,,
Tỷ suất sinh lợi trên doanh thu thuần,net_margin,4.48,4.28,4.87,4.48,MWG,,,,
Tỷ suất lợi nhuận trên vốn chủ sở hữu bình quân (ROEA),roe,5.73,5.35,6.47,5.8,MWG,,,,
Tỷ suất sinh lợi trên vốn dài hạn bình quân (ROCE),return_on_capital_employed_roce,8.28,7.81,8.88,8.28,MWG,,,,
Tỷ suất sinh lợi trên tổng tài sản bình quân (ROAA),roa,2.2,2.16,2.52,2.2,MWG,,,,
ROE bình quân 4 quý gần nhất,roe_trailling,19.68,15.86,22.89,19.68,MWG,,,,
ROA bình quân 4 quý gần nhất,roa_trailling,7.64,6.33,8.85,7.64,MWG,,,,
Tăng trưởng  doanh thu thuần,net_revenue,16.71,14.76,23.94,16.71,MWG,,,,
Tăng trưởng  lợi nhuận gộp,gross_profit,8.51,7.27,22.15,8.51,MWG,,,,
Tăng trưởng lợi nhuận trước thuế ,profit_before_tax,103.4,60.39,141.55,103.4,MWG,,,,
Tăng trưởng lợi nhuận sau thuế của CĐ công ty mẹ,profit_after_tax_for_shareholders_of_the_parent_company,121.32,71.31,144.59,121.32,MWG,,,,
Tăng trưởng tổng tài sản,total_assets,20.01,14.38,19.57,20.01,MWG,,,,
Tăng trưởng nợ dài hạn,long_term_liabilities,0.0,0.0,0.0,0.0,MWG,,,,
Tăng trưởng nợ phải trả,liabilities,22.38,14.66,20.62,22.38,MWG,,,,
Tăng trưởng vốn chủ sở hữu,owners_equity,16.58,13.96,17.98,16.58,MWG,,,,
Tăng trưởng vốn điều lệ,charter_capital,1.19,-0.08,0.51,1.19,MWG,,,,
Tỷ số thanh toán bằng tiền mặt,cash_ratio,0.11,0.06,0.1,0.11,MWG,,,,
Tỷ số thanh toán nhanh,quick_ratio,1.05,1.06,0.98,1.05,MWG,,,,
"Tỷ số thanh toán nhanh  (Đã loại trừ HTK, Phải thu ngắn hạn - Tham khảo)",quick_ratio_except_inventories_short_term_receivables_reference,0.8,0.81,0.77,0.8,MWG,,,,
Tỷ số thanh toán hiện hành (ngắn hạn),short_term_ratio,1.55,1.59,1.52,1.55,MWG,,,,
Khả năng thanh toán lãi vay,interest_coverage,6.6,6.99,7.5,6.6,MWG,,,,
Vòng quay phải thu khách hàng,receivables_turnover,155.91,150.65,186.33,155.91,MWG,,,,
Thời gian thu tiền khách hàng bình quân,days_of_sales_outstanding,2.34,2.42,1.96,2.34,MWG,,,,
Vòng quay hàng tồn kho,inventory_turnover,1.35,1.28,1.36,1.35,MWG,,,,
Thời gian tồn kho bình quân,days_of_inventory_on_hand,269.42,284.17,269.36,269.42,MWG,,,,
Vòng quay phải trả nhà cung cấp,payables_turnover,2.72,2.83,2.7,2.72,MWG,,,,
Thời gian trả tiền khách hàng bình quân,number_of_days_of_payables,134.15,128.96,135.3,134.15,MWG,,,,
Vòng quay tài sản cố định (Hiệu suất sử dụng tài sản cố định),fixed_asset_turnover,14.27,10.6,16.47,14.27,MWG,,,,
Vòng quay tổng tài sản (Hiệu suất sử dụng toàn bộ tài sản),total_asset_turnover,0.49,0.51,0.52,0.49,MWG,,,,
Vòng quay vốn chủ sở hữu,equity_turnover,1.29,1.25,1.32,1.29,MWG,,,,
Tỷ số Nợ ngắn hạn trên Tổng nợ phải trả,short_term_liabilities_to_total_liabilities,100.0,100.0,100.0,100.0,MWG,,,,
Tỷ số Nợ vay trên Tổng tài sản,debt_to_assets,35.75,36.08,35.65,35.75,MWG,,,,
Tỷ số Nợ trên Tổng tài sản,liabilities_to_assets,60.4,59.18,60.48,60.4,MWG,,,,
Tỷ số Vốn chủ sở hữu trên Tổng tài sản,equity_to_assets,39.6,40.82,39.52,39.6,MWG,,,,
Tỷ số Nợ ngắn hạn trên Vốn chủ sở hữu,short_term_liabilities_to_equity,152.5,144.97,153.05,152.5,MWG,,,,
Tỷ số Nợ vay trên Vốn chủ sở hữu,debt_to_equity,90.28,88.38,90.21,90.28,MWG,,,,
Tỷ số Nợ trên Vốn chủ sở hữu,liabilities_to_equity,152.5,144.97,153.05,152.5,MWG,,,,
Tỷ số dòng tiền HĐKD trên doanh thu thuần,accrual_ratio_cf,0.0,6.89,0.0,0.0,MWG,,,,
Khả năng chi trả nợ ngắn hạn từ dòng tiền HĐKD,cash_to_income,0.0,5.79,0.0,0.0,MWG,,,,
Khả năng chi trả nợ ngắn hạn từ lưu chuyển tiền thuần trong kỳ,net_cash_flows_short_term_liabilities,0.0,-5.21,0.0,0.0,MWG,,,,
Tỷ lệ dồn tích (Phương pháp Cân đối kế toán),accrual_ratio_balance_sheet_method,0.0,0.0,0.0,0.0,MWG,,,,
Tỷ lệ dồn tích (Phương pháp Dòng tiền),accrual_ratio_cash_flow_method,0.0,0.0,0.0,0.0,MWG,,,,
Dòng tiền từ HĐKD trên Tổng tài sản,cash_return_to_assets,0.0,3.43,0.0,0.0,MWG,,,,
Dòng tiền từ HĐKD trên Vốn chủ sở hữu,cash_return_on_equity,0.0,8.39,0.0,0.0,MWG,,,,
Dòng tiền từ HĐKD trên Lợi nhuận thuần từ HĐKD,cash_to_income_2,0.0,128.31,0.0,0.0,MWG,,,,
Khả năng thanh toán nợ từ dòng tiền HĐKD,debt_coverage,0.0,5.79,0.0,0.0,MWG,,,,
Dòng tiền từ HĐKD trên mỗi cổ phần (CPS),cash_flow_per_share_cps,0.0,1703.42,0.0,0.0,MWG,,,,
Thu nhập trên mỗi cổ phần của 4 quý gần nhất (EPS),trailing_eps,591.13,1278.74,460.2,591.13,NKG,,,,
Giá trị sổ sách của cổ phiếu (BVPS),book_value_per_share_bvps,17055.0,16793.0,17060.0,17055.0,NKG,,,,
Chỉ số giá thị trường trên thu nhập (P/E),pe_ratio,29.77,11.73,32.27,29.77,NKG,,,,
Chỉ số giá thị trường trên giá trị sổ sách (P/B),pb_ratio,1.03,0.89,0.87,1.03,NKG,,,,
Chỉ số giá thị trường trên doanh thu thuần (P/S),ps_ratio,2.09,1.64,2.12,2.09,NKG,,,,
Tỷ suất cổ tức,dividend_yield,0.0,0.0,0.0,0.0,NKG,,,,
Beta,beta,1.33,1.76,1.29,1.33,NKG,,,,
Giá trị doanh nghiệp trên lợi nhuận trước thuế và lãi vay (EV/EBIT),ev_ebit,127.58,75.6,340.19,127.58,NKG,,,,
"Giá trị doanh nghiệp trên lợi nhuận trước thuế, khấu hao và lãi vay (EV/EBITDA)",ev_ebitda,41.48,0.0,46.12,41.48,NKG,,,,
Tỷ suất lợi nhuận gộp biên,gross_margin,4.77,6.44,2.29,4.77,NKG,,,,
Tỷ lệ lãi EBIT,ebit_margin,3.01,3.36,1.19,3.01,NKG,,,,
Tỷ lệ lãi EBITDA,ebitda_net_revenue,5.4,5.56,4.11,5.4,NKG,,,,
Tỷ suất sinh lợi trên doanh thu thuần,net_margin,1.31,1.6,-0.3,1.31,NKG,,,,
Tỷ suất lợi nhuận trên vốn chủ sở hữu bình quân (ROEA),roe,0.65,0.98,-0.12,0.65,NKG,,,,
Tỷ suất sinh lợi trên vốn dài hạn bình quân (ROCE),return_on_capital_employed_roce,1.21,2.02,0.38,1.21,NKG,,,,
Tỷ suất sinh lợi trên tổng tài sản bình quân (ROAA),roa,0.3,0.47,-0.06,0.3,NKG,,,,
ROE bình quân 4 quý gần nhất,roe_trailling,3.15,5.89,2.6,3.15,NKG,,,,
ROA bình quân 4 quý gần nhất,roa_trailling,1.48,2.71,1.24,1.48,NKG,,,,
Tăng trưởng  doanh thu thuần,net_revenue,-27.28,-22.7,-29.82,-27.28,NKG,,,,
Tăng trưởng  lợi nhuận gộp,gross_profit,-60.13,-53.6,-76.13,-60.13,NKG,,,,
Tăng trưởng lợi nhuận trước thuế ,profit_before_tax,-28.34,-56.83,0.0,-28.34,NKG,,,,
Tăng trưởng lợi nhuận sau thuế của CĐ công ty mẹ,profit_after_tax_for_shareholders_of_the_parent_company,-23.62,-56.43,0.0,-23.62,NKG,,,,
Tăng trưởng tổng tài sản,total_assets,19.53,9.42,22.0,19.53,NKG,,,,
Tăng trưởng nợ dài hạn,long_term_liabilities,7472.51,547.02,8448.0,7472.51,NKG,,,,
Tăng trưởng nợ phải trả,liabilities,11.48,-9.7,15.83,11.48,NKG,,,,
Tăng trưởng vốn chủ sở hữu,owners_equity,30.42,34.86,30.05,30.42,NKG,,,,
Tăng trưởng vốn điều lệ,charter_capital,70.0,70.0,41.67,70.0,NKG,,,,
Tỷ số thanh toán bằng tiền mặt,cash_ratio,0.05,0.2,0.13,0.05,NKG,,,,
Tỷ số thanh toán nhanh,quick_ratio,0.69,0.66,0.67,0.69,NKG,,,,
"Tỷ số thanh toán nhanh  (Đã loại trừ HTK, Phải thu ngắn hạn - Tham khảo)",quick_ratio_except_inventories_short_term_receivables_reference,0.22,0.24,0.25,0.22,NKG,,,,
Tỷ số thanh toán hiện hành (ngắn hạn),short_term_ratio,1.43,1.56,1.48,1.43,NKG,,,,
Khả năng thanh toán lãi vay,interest_coverage,2.08,2.44,0.77,2.08,NKG,,,,
Vòng quay phải thu khách hàng,receivables_turnover,2.48,3.39,2.08,2.48,NKG,,,,
Thời gian thu tiền khách hàng bình quân,days_of_sales_outstanding,147.22,107.74,175.65,147.22,NKG,,,,
Vòng quay hàng tồn kho,inventory_turnover,0.64,0.61,0.59,0.64,NKG,,,,
Thời gian tồn kho bình quân,days_of_inventory_on_hand,567.67,598.96,616.46,567.67,NKG,,,,
Vòng quay phải trả nhà cung cấp,payables_turnover,2.36,5.16,2.11,2.36,NKG,,,,
Thời gian trả tiền khách hàng bình quân,number_of_days_of_payables,154.57,70.79,172.96,154.57,NKG,,,,
Vòng quay tài sản cố định (Hiệu suất sử dụng tài sản cố định),fixed_asset_turnover,2.06,2.07,1.75,2.06,NKG,,,,
Vòng quay tổng tài sản (Hiệu suất sử dụng toàn bộ tài sản),total_asset_turnover,0.23,0.29,0.19,0.23,NKG,,,,
Vòng quay vốn chủ sở hữu,equity_turnover,0.5,0.61,0.41,0.5,NKG,,,,
Tỷ số Nợ ngắn hạn trên Tổng nợ phải trả,short_term_liabilities_to_total_liabilities,76.54,97.29,74.15,76.54,NKG,,,,
Tỷ số Nợ vay trên Tổng tài sản,debt_to_assets,42.23,40.45,41.63,42.23,NKG,,,,
Tỷ số Nợ trên Tổng tài sản,liabilities_to_assets,53.66,47.13,53.71,53.66,NKG,,,,
Tỷ số Vốn chủ sở hữu trên Tổng tài sản,equity_to_assets,46.34,52.87,46.29,46.34,NKG,,,,
Tỷ số Nợ ngắn hạn trên Vốn chủ sở hữu,short_term_liabilities_to_equity,88.63,86.72,86.02,88.63,NKG,,,,
Tỷ số Nợ vay trên Vốn chủ sở hữu,debt_to_equity,91.13,76.5,89.94,91.13,NKG,,,,
Tỷ số Nợ trên Vốn chủ sở hữu,liabilities_to_equity,115.8,89.14,116.02,115.8,NKG,,,,
Tỷ số dòng tiền HĐKD trên doanh thu thuần,accrual_ratio_cf,0.0,10.6,0.0,0.0,NKG,,,,
Khả năng chi trả nợ ngắn hạn từ dòng tiền HĐKD,cash_to_income,0.0,6.65,0.0,0.0,NKG,,,,
Khả năng chi trả nợ ngắn hạn từ lưu chuyển tiền thuần trong kỳ,net_cash_flows_short_term_liabilities,0.0,13.74,0.0,0.0,NKG,,,,
Tỷ lệ dồn tích (Phương pháp Cân đối kế toán),accrual_ratio_balance_sheet_method,0.0,0.0,0.0,0.0,NKG,,,,
Tỷ lệ dồn tích (Phương pháp Dòng tiền),accrual_ratio_cash_flow_method,0.0,0.0,0.0,0.0,NKG,,,,
Dòng tiền từ HĐKD trên Tổng tài sản,cash_return_to_assets,0.0,3.05,0.0,0.0,NKG,,,,
Dòng tiền từ HĐKD trên Vốn chủ sở hữu,cash_return_on_equity,0.0,5.77,0.0,0.0,NKG,,,,
Dòng tiền từ HĐKD trên Lợi nhuận thuần từ HĐKD,cash_to_income_2,0.0,564.76,0.0,0.0,NKG,,,,
Khả năng thanh toán nợ từ dòng tiền HĐKD,debt_coverage,0.0,6.47,0.0,0.0,NKG,,,,
Dòng tiền từ HĐKD trên mỗi cổ phần (CPS),cash_flow_per_share_cps,0.0,968.68,0.0,0.0,NKG,,,,
Thu nhập trên mỗi cổ phần của 4 quý gần nhất (EPS),trailing_eps,-1943.13,672.14,863.1,-1943.13,NVL,,,,
Giá trị sổ sách của cổ phiếu (BVPS),book_value_per_share_bvps,26057.0,25053.0,28741.0,26057.0,NVL,,,,
Chỉ số giá thị trường trên thu nhập (P/E),pe_ratio,-7.85,15.32,15.47,-7.85,NVL,,,,
Chỉ số giá thị trường trên giá trị sổ sách (P/B),pb_ratio,0.59,0.41,0.46,0.59,NVL,,,,
Chỉ số giá thị trường trên doanh thu thuần (P/S),ps_ratio,17.67,11.3,17.44,17.67,NVL,,,,
Tỷ suất cổ tức,dividend_yield,0.0,0.0,0.0,0.0,NVL,,,,
Beta,beta,1.35,1.77,1.36,1.35,NVL,,,,
Giá trị doanh nghiệp trên lợi nhuận trước thuế và lãi vay (EV/EBIT),ev_ebit,-136.91,-1024.95,25.44,-136.91,NVL,,,,
"Giá trị doanh nghiệp trên lợi nhuận trước thuế, khấu hao và lãi vay (EV/EBITDA)",ev_ebitda,-164.37,447.89,24.74,-164.37,NVL,,,,
Tỷ suất lợi nhuận gộp biên,gross_margin,34.82,36.31,164.77,34.82,NVL,,,,
Tỷ lệ lãi EBIT,ebit_margin,-44.59,-4.62,260.05,-44.59,NVL,,,,
Tỷ lệ lãi EBITDA,ebitda_net_revenue,-43.19,10.58,261.75,-43.19,NVL,,,,
Tỷ suất sinh lợi trên doanh thu thuần,net_margin,-68.52,-26.79,232.11,-68.52,NVL,,,,
Tỷ suất lợi nhuận trên vốn chủ sở hữu bình quân (ROEA),roe,-1.71,-0.92,7.62,-2.27,NVL,,,,
Tỷ suất sinh lợi trên vốn dài hạn bình quân (ROCE),return_on_capital_employed_roce,-0.58,-0.06,2.92,-0.58,NVL,,,,
Tỷ suất sinh lợi trên tổng tài sản bình quân (ROAA),roa,-0.37,-0.19,1.3,-0.37,NVL,,,,
ROE bình quân 4 quý gần nhất,roe_trailling,-9.9,3.54,4.24,-9.9,NVL,,,,
ROA bình quân 4 quý gần nhất,roa_trailling,-1.59,0.55,0.71,-1.59,NVL,,,,
Tăng trưởng  doanh thu thuần,net_revenue,-16.27,155.04,-67.2,-16.27,NVL,,,,
Tăng trưởng  lợi nhuận gộp,gross_profit,7.45,240.39,31.29,7.45,NVL,,,,
Tăng trưởng lợi nhuận trước thuế ,profit_before_tax,0.0,0.0,602.82,0.0,NVL,,,,
Tăng trưởng lợi nhuận sau thuế của CĐ công ty mẹ,profit_after_tax_for_shareholders_of_the_parent_company,0.0,0.0,0.0,0.0,NVL,,,,
Tăng trưởng tổng tài sản,total_assets,3.25,-0.71,4.88,3.25,NVL,,,,
Tăng trưởng nợ dài hạn,long_term_liabilities,-12.48,-14.17,11.64,-12.48,NVL,,,,
Tăng trưởng nợ phải trả,liabilities,-1.38,-3.04,0.25,-1.38,NVL,,,,
Tăng trưởng vốn chủ sở hữu,owners_equity,25.09,9.29,23.36,25.09,NVL,,,,
Tăng trưởng vốn điều lệ,charter_capital,0.0,0.0,14.46,0.0,NVL,,,,
Tỷ số thanh toán bằng tiền mặt,cash_ratio,0.03,0.06,0.05,0.03,NVL,,,,
Tỷ số thanh toán nhanh,quick_ratio,0.45,0.54,0.56,0.45,NVL,,,,
"Tỷ số thanh toán nhanh  (Đã loại trừ HTK, Phải thu ngắn hạn - Tham khảo)",quick_ratio_except_inventories_short_term_receivables_reference,0.03,0.06,0.05,0.03,NVL,,,,
Tỷ số thanh toán hiện hành (ngắn hạn),short_term_ratio,1.78,2.01,2.16,1.78,NVL,,,,
Khả năng thanh toán lãi vay,interest_coverage,-23.73,-2.05,96.1,-23.73,NVL,,,,
Vòng quay phải thu khách hàng,receivables_turnover,0.5,0.57,0.47,0.5,NVL,,,,
Thời gian thu tiền khách hàng bình quân,days_of_sales_outstanding,736.85,641.95,777.41,736.85,NVL,,,,
Vòng quay hàng tồn kho,inventory_turnover,0.01,0.01,-0.01,0.01,NVL,,,,
Thời gian tồn kho bình quân,days_of_inventory_on_hand,50304.23,47580.21,-54952.04,50304.23,NVL,,,,
Vòng quay phải trả nhà cung cấp,payables_turnover,0.14,0.13,-0.13,0.14,NVL,,,,
Thời gian trả tiền khách hàng bình quân,number_of_days_of_payables,2652.19,2729.56,-2876.49,2652.19,NVL,,,,
Vòng quay tài sản cố định (Hiệu suất sử dụng tài sản cố định),fixed_asset_turnover,0.87,0.92,0.82,0.87,NVL,,,,
Vòng quay tổng tài sản (Hiệu suất sử dụng toàn bộ tài sản),total_asset_turnover,0.01,0.01,0.01,0.01,NVL,,,,
Vòng quay vốn chủ sở hữu,equity_turnover,0.03,0.04,0.03,0.03,NVL,,,,
Tỷ số Nợ ngắn hạn trên Tổng nợ phải trả,short_term_liabilities_to_total_liabilities,60.44,54.25,50.23,60.44,NVL,,,,
Tỷ số Nợ vay trên Tổng tài sản,debt_to_assets,26.83,25.24,26.9,26.83,NVL,,,,
Tỷ số Nợ trên Tổng tài sản,liabilities_to_assets,78.79,79.19,76.44,78.79,NVL,,,,
Tỷ số Vốn chủ sở hữu trên Tổng tài sản,equity_to_assets,21.21,20.81,23.56,21.21,NVL,,,,
Tỷ số Nợ ngắn hạn trên Vốn chủ sở hữu,short_term_liabilities_to_equity,224.51,206.47,162.97,224.51,NVL,,,,
Tỷ số Nợ vay trên Vốn chủ sở hữu,debt_to_equity,126.51,121.29,114.17,126.51,NVL,,,,
Tỷ số Nợ trên Vốn chủ sở hữu,liabilities_to_equity,371.47,380.62,324.45,371.47,NVL,,,,
Tỷ số dòng tiền HĐKD trên doanh thu thuần,accrual_ratio_cf,0.0,-46.99,0.0,0.0,NVL,,,,
Khả năng chi trả nợ ngắn hạn từ dòng tiền HĐKD,cash_to_income,0.0,-0.83,0.0,0.0,NVL,,,,
Khả năng chi trả nợ ngắn hạn từ lưu chuyển tiền thuần trong kỳ,net_cash_flows_short_term_liabilities,0.0,1.46,0.0,0.0,NVL,,,,
Tỷ lệ dồn tích (Phương pháp Cân đối kế toán),accrual_ratio_balance_sheet_method,0.0,0.0,0.0,0.0,NVL,,,,
Tỷ lệ dồn tích (Phương pháp Dòng tiền),accrual_ratio_cash_flow_method,0.0,0.0,0.0,0.0,NVL,,,,
Dòng tiền từ HĐKD trên Tổng tài sản,cash_return_to_assets,0.0,-0.36,0.0,0.0,NVL,,,,
Dòng tiền từ HĐKD trên Vốn chủ sở hữu,cash_return_on_equity,0.0,-1.71,0.0,0.0,NVL,,,,
Dòng tiền từ HĐKD trên Lợi nhuận thuần từ HĐKD,cash_to_income_2,0.0,-598.89,0.0,0.0,NVL,,,,
Khả năng thanh toán nợ từ dòng tiền HĐKD,debt_coverage,0.0,-0.45,0.0,0.0,NVL,,,,
Dòng tiền từ HĐKD trên mỗi cổ phần (CPS),cash_flow_per_share_cps,0.0,-428.5,0.0,0.0,NVL,,,,
Thu nhập trên mỗi cổ phần của 4 quý gần nhất (EPS),trailing_eps,635.82,615.83,556.52,635.82,PDR,,,,
Giá trị sổ sách của cổ phiếu (BVPS),book_value_per_share_bvps,12187.0,12722.0,12680.0,12187.0,PDR,,,,
Chỉ số giá thị trường trên thu nhập (P/E),pe_ratio,36.88,31.42,33.78,36.88,PDR,,,,
Chỉ số giá thị trường trên giá trị sổ sách (P/B),pb_ratio,1.92,1.52,1.48,1.92,PDR,,,,
Chỉ số giá thị trường trên doanh thu thuần (P/S),ps_ratio,45.36,38.58,51.09,45.36,PDR,,,,
Tỷ suất cổ tức,dividend_yield,0.0,0.0,0.0,0.0,PDR,,,,
Beta,beta,1.67,1.9,1.63,1.67,PDR,,,,
Giá trị doanh nghiệp trên lợi nhuận trước thuế và lãi vay (EV/EBIT),ev_ebit,150.43,169.45,46.15,150.43,PDR,,,,
"Giá trị doanh nghiệp trên lợi nhuận trước thuế, khấu hao và lãi vay (EV/EBITDA)",ev_ebitda,148.08,165.19,45.88,148.08,PDR,,,,
Tỷ suất lợi nhuận gộp biên,gross_margin,49.39,39.96,80.45,49.39,PDR,,,,
Tỷ lệ lãi EBIT,ebit_margin,37.81,29.92,142.06,37.81,PDR,,,,
Tỷ lệ lãi EBITDA,ebitda_net_revenue,38.41,30.7,142.88,38.41,PDR,,,,
Tỷ suất sinh lợi trên doanh thu thuần,net_margin,16.95,11.56,86.9,16.95,PDR,,,,
Tỷ suất lợi nhuận trên vốn chủ sở hữu bình quân (ROEA),roe,0.72,0.46,2.59,0.72,PDR,,,,
Tỷ suất sinh lợi trên vốn dài hạn bình quân (ROCE),return_on_capital_employed_roce,1.15,0.85,3.04,1.15,PDR,,,,
Tỷ suất sinh lợi trên tổng tài sản bình quân (ROAA),roa,0.35,0.21,1.22,0.35,PDR,,,,
ROE bình quân 4 quý gần nhất,roe_trailling,4.95,4.7,4.37,4.95,PDR,,,,
ROA bình quân 4 quý gần nhất,roa_trailling,2.38,2.25,2.08,2.38,PDR,,,,
Tăng trưởng  doanh thu thuần,net_revenue,19175.54,170.01,-80.45,19175.54,PDR,,,,
Tăng trưởng  lợi nhuận gộp,gross_profit,18516.72,8.52,-58.39,18516.72,PDR,,,,
Tăng trưởng lợi nhuận trước thuế ,profit_before_tax,48.94,-15.84,-17.68,48.94,PDR,,,,
Tăng trưởng lợi nhuận sau thuế của CĐ công ty mẹ,profit_after_tax_for_shareholders_of_the_parent_company,67.45,-3.76,-15.01,67.45,PDR,,,,
Tăng trưởng tổng tài sản,total_assets,6.98,7.77,13.08,6.98,PDR,,,,
Tăng trưởng nợ dài hạn,long_term_liabilities,54.26,67.99,6.89,54.26,PDR,,,,
Tăng trưởng nợ phải trả,liabilities,6.02,1.6,16.98,6.02,PDR,,,,
Tăng trưởng vốn chủ sở hữu,owners_equity,7.99,15.34,8.75,7.99,PDR,,,,
Tăng trưởng vốn điều lệ,charter_capital,12.22,18.18,14.28,12.22,PDR,,,,
Tỷ số thanh toán bằng tiền mặt,cash_ratio,0.02,0.01,0.04,0.02,PDR,,,,
Tỷ số thanh toán nhanh,quick_ratio,0.83,0.82,0.73,0.83,PDR,,,,
"Tỷ số thanh toán nhanh  (Đã loại trừ HTK, Phải thu ngắn hạn - Tham khảo)",quick_ratio_except_inventories_short_term_receivables_reference,0.02,0.02,0.04,0.02,PDR,,,,
Tỷ số thanh toán hiện hành (ngắn hạn),short_term_ratio,2.8,2.55,2.36,2.8,PDR,,,,
Khả năng thanh toán lãi vay,interest_coverage,2.58,1.96,3.57,2.58,PDR,,,,
Vòng quay phải thu khách hàng,receivables_turnover,0.25,0.15,0.18,0.25,PDR,,,,
Thời gian thu tiền khách hàng bình quân,days_of_sales_outstanding,1454.96,2359.77,2031.2,1454.96,PDR,,,,
Vòng quay hàng tồn kho,inventory_turnover,0.02,0.02,0.0,0.02,PDR,,,,
Thời gian tồn kho bình quân,days_of_inventory_on_hand,20703.48,19043.65,82041.79,20703.48,PDR,,,,
Vòng quay phải trả nhà cung cấp,payables_turnover,1.94,1.39,0.49,1.94,PDR,,,,
Thời gian trả tiền khách hàng bình quân,number_of_days_of_payables,188.05,263.49,737.55,188.05,PDR,,,,
Vòng quay tài sản cố định (Hiệu suất sử dụng tài sản cố định),fixed_asset_turnover,0.69,0.59,0.49,0.69,PDR,,,,
Vòng quay tổng tài sản (Hiệu suất sử dụng toàn bộ tài sản),total_asset_turnover,0.02,0.02,0.01,0.02,PDR,,,,
Vòng quay vốn chủ sở hữu,equity_turnover,0.04,0.04,0.03,0.04,PDR,,,,
Tỷ số Nợ ngắn hạn trên Tổng nợ phải trả,short_term_liabilities_to_total_liabilities,61.78,67.79,69.09,61.78,PDR,,,,
Tỷ số Nợ vay trên Tổng tài sản,debt_to_assets,24.3,23.11,20.33,24.3,PDR,,,,
Tỷ số Nợ trên Tổng tài sản,liabilities_to_assets,50.75,51.9,54.44,50.75,PDR,,,,
Tỷ số Vốn chủ sở hữu trên Tổng tài sản,equity_to_assets,49.25,48.1,45.56,49.25,PDR,,,,
Tỷ số Nợ ngắn hạn trên Vốn chủ sở hữu,short_term_liabilities_to_equity,63.66,73.15,82.57,63.66,PDR,,,,
Tỷ số Nợ vay trên Vốn chủ sở hữu,debt_to_equity,49.35,48.05,44.63,49.35,PDR,,,,
Tỷ số Nợ trên Vốn chủ sở hữu,liabilities_to_equity,103.05,107.91,119.51,103.05,PDR,,,,
Tỷ số dòng tiền HĐKD trên doanh thu thuần,accrual_ratio_cf,-26.02,-100.01,-127.7,-26.02,PDR,,,,
Khả năng chi trả nợ ngắn hạn từ dòng tiền HĐKD,cash_to_income,-1.73,-5.39,-4.49,-1.73,PDR,,,,
Khả năng chi trả nợ ngắn hạn từ lưu chuyển tiền thuần trong kỳ,net_cash_flows_short_term_liabilities,1.19,-3.2,2.53,1.19,PDR,,,,
Tỷ lệ dồn tích (Phương pháp Cân đối kế toán),accrual_ratio_balance_sheet_method,0.0,0.0,0.0,0.0,PDR,,,,
Tỷ lệ dồn tích (Phương pháp Dòng tiền),accrual_ratio_cash_flow_method,0.0,0.0,0.0,0.0,PDR,,,,
Dòng tiền từ HĐKD trên Tổng tài sản,cash_return_to_assets,-0.54,-1.9,-1.69,-0.54,PDR,,,,
Dòng tiền từ HĐKD trên Vốn chủ sở hữu,cash_return_on_equity,-1.1,-3.94,-3.71,-1.1,PDR,,,,
Dòng tiền từ HĐKD trên Lợi nhuận thuần từ HĐKD,cash_to_income_2,-106.62,-678.18,-106.04,-106.62,PDR,,,,
Khả năng thanh toán nợ từ dòng tiền HĐKD,debt_coverage,-1.07,-3.65,-3.1,-1.07,PDR,,,,
Dòng tiền từ HĐKD trên mỗi cổ phần (CPS),cash_flow_per_share_cps,-134.52,-501.64,-469.96,-134.52,PDR,,,,
Thu nhập trên mỗi cổ phần của 4 quý gần nhất (EPS),trailing_eps,2025.29,1530.2,2056.91,2025.29,PLX,,,,
Giá trị sổ sách của cổ phiếu (BVPS),book_value_per_share_bvps,22745.0,23233.0,23199.0,22745.0,PLX,,,,
Chỉ số giá thị trường trên thu nhập (P/E),pe_ratio,16.89,25.85,17.16,16.89,PLX,,,,
Chỉ số giá thị trường trên giá trị sổ sách (P/B),pb_ratio,1.5,1.7,1.52,1.5,PLX,,,,
Chỉ số giá thị trường trên doanh thu thuần (P/S),ps_ratio,0.52,0.74,0.55,0.52,PLX,,,,
Tỷ suất cổ tức,dividend_yield,0.04,0.04,3.4,3.51,PLX,,,,
Beta,beta,0.81,0.88,0.66,0.81,PLX,,,,
Giá trị doanh nghiệp trên lợi nhuận trước thuế và lãi vay (EV/EBIT),ev_ebit,56.44,121.57,51.25,56.44,PLX,,,,
"Giá trị doanh nghiệp trên lợi nhuận trước thuế, khấu hao và lãi vay (EV/EBITDA)",ev_ebitda,21.86,61.63,20.27,21.86,PLX,,,,
Tỷ suất lợi nhuận gộp biên,gross_margin,5.38,5.47,5.87,5.38,PLX,,,,
Tỷ lệ lãi EBIT,ebit_margin,1.26,0.77,1.34,1.26,PLX,,,,
Tỷ lệ lãi EBITDA,ebitda_net_revenue,1.66,1.52,1.85,1.66,PLX,,,,
Tỷ suất sinh lợi trên doanh thu thuần,net_margin,0.84,0.31,0.85,0.84,PLX,,,,
Tỷ suất lợi nhuận trên vốn chủ sở hữu bình quân (ROEA),roe,2.14,0.45,2.26,2.41,PLX,,,,
Tỷ suất sinh lợi trên vốn dài hạn bình quân (ROCE),return_on_capital_employed_roce,3.57,1.73,3.63,3.57,PLX,,,,
Tỷ suất sinh lợi trên tổng tài sản bình quân (ROAA),roa,0.68,0.17,0.66,0.68,PLX,,,,
ROE bình quân 4 quý gần nhất,roe_trailling,10.01,7.56,10.15,10.01,PLX,,,,
ROA bình quân 4 quý gần nhất,roa_trailling,3.02,2.54,3.03,3.02,PLX,,,,
Tăng trưởng  doanh thu thuần,net_revenue,30.02,-9.65,15.28,30.02,PLX,,,,
Tăng trưởng  lợi nhuận gộp,gross_profit,30.93,-20.51,4.49,30.93,PLX,,,,
Tăng trưởng lợi nhuận trước thuế ,profit_before_tax,234.61,-75.13,16.56,234.61,PLX,,,,
Tăng trưởng lợi nhuận sau thuế của CĐ công ty mẹ,profit_after_tax_for_shareholders_of_the_parent_company,827.07,-87.57,7.37,827.07,PLX,,,,
Tăng trưởng tổng tài sản,total_assets,30.47,-0.86,5.78,30.47,PLX,,,,
Tăng trưởng nợ dài hạn,long_term_liabilities,14.91,-0.18,17.69,14.91,PLX,,,,
Tăng trưởng nợ phải trả,liabilities,50.97,0.19,8.7,50.97,PLX,,,,
Tăng trưởng vốn chủ sở hữu,owners_equity,0.78,-2.62,0.59,0.78,PLX,,,,
Tăng trưởng vốn điều lệ,charter_capital,0.0,0.0,0.0,0.0,PLX,,,,
Tỷ số thanh toán bằng tiền mặt,cash_ratio,0.2,0.21,0.19,0.2,PLX,,,,
Tỷ số thanh toán nhanh,quick_ratio,0.79,0.87,0.82,0.79,PLX,,,,
"Tỷ số thanh toán nhanh  (Đã loại trừ HTK, Phải thu ngắn hạn - Tham khảo)",quick_ratio_except_inventories_short_term_receivables_reference,0.49,0.61,0.51,0.49,PLX,,,,
Tỷ số thanh toán hiện hành (ngắn hạn),short_term_ratio,1.06,1.19,1.07,1.06,PLX,,,,
Khả năng thanh toán lãi vay,interest_coverage,4.31,3.16,5.25,4.31,PLX,,,,
Vòng quay phải thu khách hàng,receivables_turnover,5.02,5.69,4.95,5.02,PLX,,,,
Thời gian thu tiền khách hàng bình quân,days_of_sales_outstanding,72.75,64.18,73.71,72.75,PLX,,,,
Vòng quay hàng tồn kho,inventory_turnover,4.74,4.09,5.04,4.74,PLX,,,,
Thời gian tồn kho bình quân,days_of_inventory_on_hand,77.05,89.15,72.37,77.05,PLX,,,,
Vòng quay phải trả nhà cung cấp,payables_turnover,2.85,2.71,2.76,2.85,PLX,,,,
Thời gian trả tiền khách hàng bình quân,number_of_days_of_payables,128.29,134.76,132.14,128.29,PLX,,,,
Vòng quay tài sản cố định (Hiệu suất sử dụng tài sản cố định),fixed_asset_turnover,6.41,5.06,5.96,6.41,PLX,,,,
Vòng quay tổng tài sản (Hiệu suất sử dụng toàn bộ tài sản),total_asset_turnover,0.93,0.84,0.92,0.93,PLX,,,,
Vòng quay vốn chủ sở hữu,equity_turnover,2.93,2.31,2.81,2.93,PLX,,,,
Tỷ số Nợ ngắn hạn trên Tổng nợ phải trả,short_term_liabilities_to_total_liabilities,98.49,98.45,98.3,98.49,PLX,,,,
Tỷ số Nợ vay trên Tổng tài sản,debt_to_assets,27.54,25.64,21.71,27.54,PLX,,,,
Tỷ số Nợ trên Tổng tài sản,liabilities_to_assets,68.44,63.12,65.77,68.44,PLX,,,,
Tỷ số Vốn chủ sở hữu trên Tổng tài sản,equity_to_assets,31.56,36.88,34.23,31.56,PLX,,,,
Tỷ số Nợ ngắn hạn trên Vốn chủ sở hữu,short_term_liabilities_to_equity,213.6,168.47,188.9,213.6,PLX,,,,
Tỷ số Nợ vay trên Vốn chủ sở hữu,debt_to_equity,87.26,69.51,63.42,87.26,PLX,,,,
Tỷ số Nợ trên Vốn chủ sở hữu,liabilities_to_equity,216.87,171.12,192.15,216.87,PLX,,,,
Tỷ số dòng tiền HĐKD trên doanh thu thuần,accrual_ratio_cf,0.0,-3.76,0.0,0.0,PLX,,,,
Khả năng chi trả nợ ngắn hạn từ dòng tiền HĐKD,cash_to_income,0.0,-5.13,0.0,0.0,PLX,,,,
Khả năng chi trả nợ ngắn hạn từ lưu chuyển tiền thuần trong kỳ,net_cash_flows_short_term_liabilities,0.0,-9.01,0.0,0.0,PLX,,,,
Tỷ lệ dồn tích (Phương pháp Cân đối kế toán),accrual_ratio_balance_sheet_method,0.0,0.0,0.0,0.0,PLX,,,,
Tỷ lệ dồn tích (Phương pháp Dòng tiền),accrual_ratio_cash_flow_method,0.0,0.0,0.0,0.0,PLX,,,,
Dòng tiền từ HĐKD trên Tổng tài sản,cash_return_to_assets,0.0,-3.19,0.0,0.0,PLX,,,,
Dòng tiền từ HĐKD trên Vốn chủ sở hữu,cash_return_on_equity,0.0,-8.64,0.0,0.0,PLX,,,,
Dòng tiền từ HĐKD trên Lợi nhuận thuần từ HĐKD,cash_to_income_2,0.0,-755.44,0.0,0.0,PLX,,,,
Khả năng thanh toán nợ từ dòng tiền HĐKD,debt_coverage,0.0,-5.05,0.0,0.0,PLX,,,,
Dòng tiền từ HĐKD trên mỗi cổ phần (CPS),cash_flow_per_share_cps,0.0,-2006.77,0.0,0.0,PLX,,,,
Thu nhập trên mỗi cổ phần của 4 quý gần nhất (EPS),trailing_eps,6947.49,6111.29,8368.83,6947.49,PNJ,,,,
Giá trị sổ sách của cổ phiếu (BVPS),book_value_per_share_bvps,35489.0,34715.0,38915.0,35489.0,PNJ,,,,
Chỉ số giá thị trường trên thu nhập (P/E),pe_ratio,11.96,13.63,11.59,11.96,PNJ,,,,
Chỉ số giá thị trường trên giá trị sổ sách (P/B),pb_ratio,2.34,2.4,2.49,2.34,PNJ,,,,
Chỉ số giá thị trường trên doanh thu thuần (P/S),ps_ratio,3.45,2.92,3.44,3.45,PNJ,,,,
Tỷ suất cổ tức,dividend_yield,0.03,0.02,1.44,3.37,PNJ,,,,
Beta,beta,0.84,0.92,0.78,0.84,PNJ,,,,
Giá trị doanh nghiệp trên lợi nhuận trước thuế và lãi vay (EV/EBIT),ev_ebit,44.64,34.6,23.66,44.64,PNJ,,,,
"Giá trị doanh nghiệp trên lợi nhuận trước thuế, khấu hao và lãi vay (EV/EBITDA)",ev_ebitda,0.0,0.0,0.0,0.0,PNJ,,,,
Tỷ suất lợi nhuận gộp biên,gross_margin,19.76,21.26,25.13,19.76,PNJ,,,,
Tỷ lệ lãi EBIT,ebit_margin,7.99,9.17,16.16,7.99,PNJ,,,,
Tỷ lệ lãi EBITDA,ebitda_net_revenue,8.24,9.4,16.32,8.24,PNJ,,,,
Tỷ suất sinh lợi trên doanh thu thuần,net_margin,6.09,7.03,12.67,6.09,PNJ,,,,
Tỷ suất lợi nhuận trên vốn chủ sở hữu bình quân (ROEA),roe,4.14,5.9,9.65,4.14,PNJ,,,,
Tỷ suất sinh lợi trên vốn dài hạn bình quân (ROCE),return_on_capital_employed_roce,5.42,7.68,12.3,5.42,PNJ,,,,
Tỷ suất sinh lợi trên tổng tài sản bình quân (ROAA),roa,2.9,3.91,6.55,2.9,PNJ,,,,
ROE bình quân 4 quý gần nhất,roe_trailling,20.0,18.59,23.15,20.0,PNJ,,,,
ROA bình quân 4 quý gần nhất,roa_trailling,13.64,13.14,15.79,13.64,PNJ,,,,
Tăng trưởng  doanh thu thuần,net_revenue,14.11,-23.49,12.14,14.11,PNJ,,,,
Tăng trưởng  lợi nhuận gộp,gross_profit,28.52,-4.7,35.06,28.52,PNJ,,,,
Tăng trưởng lợi nhuận trước thuế ,profit_before_tax,96.77,-8.7,76.06,96.77,PNJ,,,,
Tăng trưởng lợi nhuận sau thuế của CĐ công ty mẹ,profit_after_tax_for_shareholders_of_the_parent_company,129.67,-8.14,66.4,129.67,PNJ,,,,
Tăng trưởng tổng tài sản,total_assets,13.96,34.32,17.21,13.96,PNJ,,,,
Tăng trưởng nợ dài hạn,long_term_liabilities,26.45,12.38,36.57,26.45,PNJ,,,,
Tăng trưởng nợ phải trả,liabilities,13.98,128.06,15.84,13.98,PNJ,,,,
Tăng trưởng vốn chủ sở hữu,owners_equity,13.94,11.99,17.93,13.94,PNJ,,,,
Tăng trưởng vốn điều lệ,charter_capital,0.0,1.0,0.96,0.0,PNJ,,,,
Tỷ số thanh toán bằng tiền mặt,cash_ratio,0.12,0.05,0.08,0.12,PNJ,,,,
Tỷ số thanh toán nhanh,quick_ratio,0.64,0.41,0.4,0.64,PNJ,,,,
"Tỷ số thanh toán nhanh  (Đã loại trừ HTK, Phải thu ngắn hạn - Tham khảo)",quick_ratio_except_inventories_short_term_receivables_reference,0.56,0.33,0.37,0.56,PNJ,,,,
Tỷ số thanh toán hiện hành (ngắn hạn),short_term_ratio,3.1,2.81,2.71,3.1,PNJ,,,,
Khả năng thanh toán lãi vay,interest_coverage,27.0,30.61,46.43,27.0,PNJ,,,,
Vòng quay phải thu khách hàng,receivables_turnover,100.21,110.05,124.05,100.21,PNJ,,,,
Thời gian thu tiền khách hàng bình quân,days_of_sales_outstanding,3.64,3.32,2.94,3.64,PNJ,,,,
Vòng quay hàng tồn kho,inventory_turnover,0.5,0.57,0.51,0.5,PNJ,,,,
Thời gian tồn kho bình quân,days_of_inventory_on_hand,731.37,641.32,716.5,731.37,PNJ,,,,
Vòng quay phải trả nhà cung cấp,payables_turnover,40.94,12.82,32.26,40.94,PNJ,,,,
Thời gian trả tiền khách hàng bình quân,number_of_days_of_payables,8.92,28.47,11.31,8.92,PNJ,,,,
Vòng quay tài sản cố định (Hiệu suất sử dụng tài sản cố định),fixed_asset_turnover,9.47,11.14,11.18,9.47,PNJ,,,,
Vòng quay tổng tài sản (Hiệu suất sử dụng toàn bộ tài sản),total_asset_turnover,0.48,0.56,0.52,0.48,PNJ,,,,
Vòng quay vốn chủ sở hữu,equity_turnover,0.68,0.84,0.76,0.68,PNJ,,,,
Tỷ số Nợ ngắn hạn trên Tổng nợ phải trả,short_term_liabilities_to_total_liabilities,99.77,99.81,99.79,99.77,PNJ,,,,
Tỷ số Nợ vay trên Tổng tài sản,debt_to_assets,13.68,20.02,20.94,13.68,PNJ,,,,
Tỷ số Nợ trên Tổng tài sản,liabilities_to_assets,29.67,32.66,34.18,29.67,PNJ,,,,
Tỷ số Vốn chủ sở hữu trên Tổng tài sản,equity_to_assets,70.33,67.34,65.82,70.33,PNJ,,,,
Tỷ số Nợ ngắn hạn trên Vốn chủ sở hữu,short_term_liabilities_to_equity,42.08,48.41,51.81,42.08,PNJ,,,,
Tỷ số Nợ vay trên Vốn chủ sở hữu,debt_to_equity,19.45,29.74,31.81,19.45,PNJ,,,,
Tỷ số Nợ trên Vốn chủ sở hữu,liabilities_to_equity,42.18,48.5,51.92,42.18,PNJ,,,,
Tỷ số dòng tiền HĐKD trên doanh thu thuần,accrual_ratio_cf,0.0,-2.44,0.0,0.0,PNJ,,,,
Khả năng chi trả nợ ngắn hạn từ dòng tiền HĐKD,cash_to_income,0.0,-4.14,0.0,0.0,PNJ,,,,
Khả năng chi trả nợ ngắn hạn từ lưu chuyển tiền thuần trong kỳ,net_cash_flows_short_term_liabilities,0.0,-15.25,0.0,0.0,PNJ,,,,
Tỷ lệ dồn tích (Phương pháp Cân đối kế toán),accrual_ratio_balance_sheet_method,0.0,0.0,0.0,0.0,PNJ,,,,
Tỷ lệ dồn tích (Phương pháp Dòng tiền),accrual_ratio_cash_flow_method,0.0,0.0,0.0,0.0,PNJ,,,,
Dòng tiền từ HĐKD trên Tổng tài sản,cash_return_to_assets,0.0,-1.35,0.0,0.0,PNJ,,,,
Dòng tiền từ HĐKD trên Vốn chủ sở hữu,cash_return_on_equity,0.0,-2.0,0.0,0.0,PNJ,,,,
Dòng tiền từ HĐKD trên Lợi nhuận thuần từ HĐKD,cash_to_income_2,0.0,-27.69,0.0,0.0,PNJ,,,,
Khả năng thanh toán nợ từ dòng tiền HĐKD,debt_coverage,0.0,-4.13,0.0,0.0,PNJ,,,,
Dòng tiền từ HĐKD trên mỗi cổ phần (CPS),cash_flow_per_share_cps,0.0,-696.02,0.0,0.0,PNJ,,,,
Thu nhập trên mỗi cổ phần của 4 quý gần nhất (EPS),trailing_eps,860.54,609.9,987.82,860.54,POW,,,,
Giá trị sổ sách của cổ phiếu (BVPS),book_value_per_share_bvps,15576.0,14960.0,15835.0,15576.0,POW,,,,
Chỉ số giá thị trường trên thu nhập (P/E),pe_ratio,16.68,20.99,12.86,16.68,POW,,,,
Chỉ số giá thị trường trên giá trị sổ sách (P/B),pb_ratio,0.92,0.86,0.8,0.92,POW,,,,
Chỉ số giá thị trường trên doanh thu thuần (P/S),ps_ratio,4.28,3.68,3.4,4.28,POW,,,,
Tỷ suất cổ tức,dividend_yield,0.0,0.0,0.0,0.0,POW,,,,
Beta,beta,0.8,0.71,0.83,0.8,POW,,,,
Giá trị doanh nghiệp trên lợi nhuận trước thuế và lãi vay (EV/EBIT),ev_ebit,46.72,74.27,54.97,46.72,POW,,,,
"Giá trị doanh nghiệp trên lợi nhuận trước thuế, khấu hao và lãi vay (EV/EBITDA)",ev_ebitda,13.58,35.05,14.25,13.58,POW,,,,
Tỷ suất lợi nhuận gộp biên,gross_margin,16.43,10.01,12.03,16.43,POW,,,,
Tỷ lệ lãi EBIT,ebit_margin,14.82,7.73,11.36,14.82,POW,,,,
Tỷ lệ lãi EBITDA,ebitda_net_revenue,23.98,16.38,19.4,23.98,POW,,,,
Tỷ suất sinh lợi trên doanh thu thuần,net_margin,12.07,5.79,7.86,12.07,POW,,,,
Tỷ suất lợi nhuận trên vốn chủ sở hữu bình quân (ROEA),roe,2.25,1.28,1.42,2.43,POW,,,,
Tỷ suất sinh lợi trên vốn dài hạn bình quân (ROCE),return_on_capital_employed_roce,2.11,1.36,1.75,2.11,POW,,,,
Tỷ suất sinh lợi trên tổng tài sản bình quân (ROAA),roa,0.94,0.55,0.56,0.94,POW,,,,
ROE bình quân 4 quý gần nhất,roe_trailling,6.16,4.47,6.94,6.16,POW,,,,
ROA bình quân 4 quý gần nhất,roa_trailling,2.41,1.77,2.71,2.41,POW,,,,
Tăng trưởng  doanh thu thuần,net_revenue,29.6,30.55,2.98,29.6,POW,,,,
Tăng trưởng  lợi nhuận gộp,gross_profit,335.69,116.61,94.94,335.69,POW,,,,
Tăng trưởng lợi nhuận trước thuế ,profit_before_tax,84.95,83.57,199.42,84.95,POW,,,,
Tăng trưởng lợi nhuận sau thuế của CĐ công ty mẹ,profit_after_tax_for_shareholders_of_the_parent_company,104.19,60.32,160.12,104.19,POW,,,,
Tăng trưởng tổng tài sản,total_assets,6.29,11.29,8.82,6.29,POW,,,,
Tăng trưởng nợ dài hạn,long_term_liabilities,80.98,15.82,82.39,80.98,POW,,,,
Tăng trưởng nợ phải trả,liabilities,7.05,18.16,10.05,7.05,POW,,,,
Tăng trưởng vốn chủ sở hữu,owners_equity,5.29,3.44,7.16,5.29,POW,,,,
Tăng trưởng vốn điều lệ,charter_capital,0.0,0.0,19.0,0.0,POW,,,,
Tỷ số thanh toán bằng tiền mặt,cash_ratio,0.32,0.27,0.22,0.32,POW,,,,
Tỷ số thanh toán nhanh,quick_ratio,1.06,0.83,1.14,1.06,POW,,,,
"Tỷ số thanh toán nhanh  (Đã loại trừ HTK, Phải thu ngắn hạn - Tham khảo)",quick_ratio_except_inventories_short_term_receivables_reference,0.69,0.41,0.64,0.69,POW,,,,
Tỷ số thanh toán hiện hành (ngắn hạn),short_term_ratio,1.14,0.89,1.22,1.14,POW,,,,
Khả năng thanh toán lãi vay,interest_coverage,7.64,5.27,4.04,7.64,POW,,,,
Vòng quay phải thu khách hàng,receivables_turnover,0.69,0.67,0.73,0.69,POW,,,,
Thời gian thu tiền khách hàng bình quân,days_of_sales_outstanding,528.71,545.39,497.3,528.71,POW,,,,
Vòng quay hàng tồn kho,inventory_turnover,2.78,3.83,3.3,2.78,POW,,,,
Thời gian tồn kho bình quân,days_of_inventory_on_hand,131.41,95.22,110.55,131.41,POW,,,,
Vòng quay phải trả nhà cung cấp,payables_turnover,0.45,0.44,0.53,0.45,POW,,,,
Thời gian trả tiền khách hàng bình quân,number_of_days_of_payables,806.6,833.22,692.16,806.6,POW,,,,
Vòng quay tài sản cố định (Hiệu suất sử dụng tài sản cố định),fixed_asset_turnover,0.35,0.34,0.26,0.35,POW,,,,
Vòng quay tổng tài sản (Hiệu suất sử dụng toàn bộ tài sản),total_asset_turnover,0.09,0.1,0.1,0.09,POW,,,,
Vòng quay vốn chủ sở hữu,equity_turnover,0.22,0.23,0.24,0.22,POW,,,,
Tỷ số Nợ ngắn hạn trên Tổng nợ phải trả,short_term_liabilities_to_total_liabilities,61.01,74.42,59.02,61.01,POW,,,,
Tỷ số Nợ vay trên Tổng tài sản,debt_to_assets,32.34,29.05,32.66,32.34,POW,,,,
Tỷ số Nợ trên Tổng tài sản,liabilities_to_assets,57.47,56.61,58.07,57.47,POW,,,,
Tỷ số Vốn chủ sở hữu trên Tổng tài sản,equity_to_assets,42.53,43.39,41.93,42.53,POW,,,,
Tỷ số Nợ ngắn hạn trên Vốn chủ sở hữu,short_term_liabilities_to_equity,82.45,97.08,81.76,82.45,POW,,,,
Tỷ số Nợ vay trên Vốn chủ sở hữu,debt_to_equity,76.03,66.96,77.9,76.03,POW,,,,
Tỷ số Nợ trên Vốn chủ sở hữu,liabilities_to_equity,135.15,130.46,138.52,135.15,POW,,,,
Tỷ số dòng tiền HĐKD trên doanh thu thuần,accrual_ratio_cf,0.0,-0.55,0.0,0.0,POW,,,,
Khả năng chi trả nợ ngắn hạn từ dòng tiền HĐKD,cash_to_income,0.0,-0.13,0.0,0.0,POW,,,,
Khả năng chi trả nợ ngắn hạn từ lưu chuyển tiền thuần trong kỳ,net_cash_flows_short_term_liabilities,0.0,-6.59,0.0,0.0,POW,,,,
Tỷ lệ dồn tích (Phương pháp Cân đối kế toán),accrual_ratio_balance_sheet_method,0.0,0.0,0.0,0.0,POW,,,,
Tỷ lệ dồn tích (Phương pháp Dòng tiền),accrual_ratio_cash_flow_method,0.0,0.0,0.0,0.0,POW,,,,
Dòng tiền từ HĐKD trên Tổng tài sản,cash_return_to_assets,0.0,-0.06,0.0,0.0,POW,,,,
Dòng tiền từ HĐKD trên Vốn chủ sở hữu,cash_return_on_equity,0.0,-0.13,0.0,0.0,POW,,,,
Dòng tiền từ HĐKD trên Lợi nhuận thuần từ HĐKD,cash_to_income_2,0.0,-8.78,0.0,0.0,POW,,,,
Khả năng thanh toán nợ từ dòng tiền HĐKD,debt_coverage,0.0,-0.1,0.0,0.0,POW,,,,
Dòng tiền từ HĐKD trên mỗi cổ phần (CPS),cash_flow_per_share_cps,0.0,-19.17,0.0,0.0,POW,,,,
Thu nhập trên mỗi cổ phần của 4 quý gần nhất (EPS),trailing_eps,1595.38,1235.27,1855.36,1595.38,PVD,,,,
Giá trị sổ sách của cổ phiếu (BVPS),book_value_per_share_bvps,30876.0,29239.0,30756.0,30876.0,PVD,,,,
Chỉ số giá thị trường trên thu nhập (P/E),pe_ratio,13.82,17.81,15.28,13.82,PVD,,,,
Chỉ số giá thị trường trên giá trị sổ sách (P/B),pb_ratio,0.71,0.75,0.92,0.71,PVD,,,,
Chỉ số giá thị trường trên doanh thu thuần (P/S),ps_ratio,4.77,8.14,3.65,4.77,PVD,,,,
Tỷ suất cổ tức,dividend_yield,0.02,0.0,1.76,2.27,PVD,,,,
Beta,beta,1.19,1.3,1.09,1.19,PVD,,,,
Giá trị doanh nghiệp trên lợi nhuận trước thuế và lãi vay (EV/EBIT),ev_ebit,36.83,56.8,34.63,36.83,PVD,,,,
"Giá trị doanh nghiệp trên lợi nhuận trước thuế, khấu hao và lãi vay (EV/EBITDA)",ev_ebitda,8.9,30.95,13.27,8.9,PVD,,,,
Tỷ suất lợi nhuận gộp biên,gross_margin,23.7,17.99,15.42,23.7,PVD,,,,
Tỷ lệ lãi EBIT,ebit_margin,16.06,16.47,12.46,16.06,PVD,,,,
Tỷ lệ lãi EBITDA,ebitda_net_revenue,29.84,30.23,16.09,29.84,PVD,,,,
Tỷ suất sinh lợi trên doanh thu thuần,net_margin,10.78,9.51,8.69,10.78,PVD,,,,
Tỷ suất lợi nhuận trên vốn chủ sở hữu bình quân (ROEA),roe,1.64,0.95,2.14,1.66,PVD,,,,
Tỷ suất sinh lợi trên vốn dài hạn bình quân (ROCE),return_on_capital_employed_roce,1.98,1.27,2.48,1.98,PVD,,,,
Tỷ suất sinh lợi trên tổng tài sản bình quân (ROAA),roa,1.08,0.65,1.31,1.08,PVD,,,,
ROE bình quân 4 quý gần nhất,roe_trailling,5.44,4.39,6.22,5.44,PVD,,,,
ROA bình quân 4 quý gần nhất,roa_trailling,3.59,2.94,3.99,3.59,PVD,,,,
Tăng trưởng  doanh thu thuần,net_revenue,5.43,-14.39,54.65,5.43,PVD,,,,
Tăng trưởng  lợi nhuận gộp,gross_profit,35.72,-39.96,85.39,35.72,PVD,,,,
Tăng trưởng lợi nhuận trước thuế ,profit_before_tax,46.96,-8.7,91.97,46.96,PVD,,,,
Tăng trưởng lợi nhuận sau thuế của CĐ công ty mẹ,profit_after_tax_for_shareholders_of_the_parent_company,53.08,-3.2,66.84,53.08,PVD,,,,
Tăng trưởng tổng tài sản,total_assets,17.02,3.18,19.36,17.02,PVD,,,,
Tăng trưởng nợ dài hạn,long_term_liabilities,31.7,-8.45,33.36,31.7,PVD,,,,
Tăng trưởng nợ phải trả,liabilities,29.52,-3.19,46.23,29.52,PVD,,,,
Tăng trưởng vốn chủ sở hữu,owners_equity,10.93,6.18,6.52,10.93,PVD,,,,
Tăng trưởng vốn điều lệ,charter_capital,0.0,0.0,0.0,0.0,PVD,,,,
Tỷ số thanh toán bằng tiền mặt,cash_ratio,0.27,0.39,0.28,0.27,PVD,,,,
Tỷ số thanh toán nhanh,quick_ratio,1.33,1.72,1.25,1.33,PVD,,,,
"Tỷ số thanh toán nhanh  (Đã loại trừ HTK, Phải thu ngắn hạn - Tham khảo)",quick_ratio_except_inventories_short_term_receivables_reference,0.39,0.71,0.38,0.39,PVD,,,,
Tỷ số thanh toán hiện hành (ngắn hạn),short_term_ratio,1.64,2.04,1.48,1.64,PVD,,,,
Khả năng thanh toán lãi vay,interest_coverage,8.9,4.81,12.0,8.9,PVD,,,,
Vòng quay phải thu khách hàng,receivables_turnover,0.79,0.57,1.14,0.79,PVD,,,,
Thời gian thu tiền khách hàng bình quân,days_of_sales_outstanding,459.38,638.44,319.65,459.38,PVD,,,,
Vòng quay hàng tồn kho,inventory_turnover,1.27,1.05,2.29,1.27,PVD,,,,
Thời gian tồn kho bình quân,days_of_inventory_on_hand,286.57,348.92,159.13,286.57,PVD,,,,
Vòng quay phải trả nhà cung cấp,payables_turnover,1.2,1.21,1.72,1.2,PVD,,,,
Thời gian trả tiền khách hàng bình quân,number_of_days_of_payables,304.92,302.03,212.0,304.92,PVD,,,,
Vòng quay tài sản cố định (Hiệu suất sử dụng tài sản cố định),fixed_asset_turnover,0.19,0.12,0.29,0.19,PVD,,,,
Vòng quay tổng tài sản (Hiệu suất sử dụng toàn bộ tài sản),total_asset_turnover,0.1,0.06,0.16,0.1,PVD,,,,
Vòng quay vốn chủ sở hữu,equity_turnover,0.15,0.09,0.25,0.15,PVD,,,,
Tỷ số Nợ ngắn hạn trên Tổng nợ phải trả,short_term_liabilities_to_total_liabilities,54.01,52.62,59.12,54.01,PVD,,,,
Tỷ số Nợ vay trên Tổng tài sản,debt_to_assets,15.26,13.04,15.57,15.26,PVD,,,,
Tỷ số Nợ trên Tổng tài sản,liabilities_to_assets,36.23,30.04,39.61,36.23,PVD,,,,
Tỷ số Vốn chủ sở hữu trên Tổng tài sản,equity_to_assets,63.77,69.96,60.39,63.77,PVD,,,,
Tỷ số Nợ ngắn hạn trên Vốn chủ sở hữu,short_term_liabilities_to_equity,30.69,22.59,38.78,30.69,PVD,,,,
Tỷ số Nợ vay trên Vốn chủ sở hữu,debt_to_equity,23.93,18.63,25.79,23.93,PVD,,,,
Tỷ số Nợ trên Vốn chủ sở hữu,liabilities_to_equity,56.82,42.94,65.6,56.82,PVD,,,,
Tỷ số dòng tiền HĐKD trên doanh thu thuần,accrual_ratio_cf,0.0,-17.48,0.0,0.0,PVD,,,,
Khả năng chi trả nợ ngắn hạn từ dòng tiền HĐKD,cash_to_income,0.0,-7.16,0.0,0.0,PVD,,,,
Khả năng chi trả nợ ngắn hạn từ lưu chuyển tiền thuần trong kỳ,net_cash_flows_short_term_liabilities,0.0,-21.11,0.0,0.0,PVD,,,,
Tỷ lệ dồn tích (Phương pháp Cân đối kế toán),accrual_ratio_balance_sheet_method,0.0,0.0,0.0,0.0,PVD,,,,
Tỷ lệ dồn tích (Phương pháp Dòng tiền),accrual_ratio_cash_flow_method,0.0,0.0,0.0,0.0,PVD,,,,
Dòng tiền từ HĐKD trên Tổng tài sản,cash_return_to_assets,0.0,-1.13,0.0,0.0,PVD,,,,
Dòng tiền từ HĐKD trên Vốn chủ sở hữu,cash_return_on_equity,0.0,-1.62,0.0,0.0,PVD,,,,
Dòng tiền từ HĐKD trên Lợi nhuận thuần từ HĐKD,cash_to_income_2,0.0,-180.38,0.0,0.0,PVD,,,,
Khả năng thanh toán nợ từ dòng tiền HĐKD,debt_coverage,0.0,-3.77,0.0,0.0,PVD,,,,
Dòng tiền từ HĐKD trên mỗi cổ phần (CPS),cash_flow_per_share_cps,0.0,-472.71,0.0,0.0,PVD,,,,
Thu nhập trên mỗi cổ phần của 4 quý gần nhất (EPS),trailing_eps,3373.41,3216.96,3448.99,3373.41,SAB,,,,
Giá trị sổ sách của cổ phiếu (BVPS),book_value_per_share_bvps,19104.0,19965.0,17933.0,19104.0,SAB,,,,
Chỉ số giá thị trường trên thu nhập (P/E),pe_ratio,13.4,15.2,14.21,13.4,SAB,,,,
Chỉ số giá thị trường trên giá trị sổ sách (P/B),pb_ratio,2.37,2.45,2.73,2.37,SAB,,,,
Chỉ số giá thị trường trên doanh thu thuần (P/S),ps_ratio,9.01,10.79,9.19,9.01,SAB,,,,
Tỷ suất cổ tức,dividend_yield,0.11,0.08,6.12,11.06,SAB,,,,
Beta,beta,0.87,0.92,0.68,0.87,SAB,,,,
Giá trị doanh nghiệp trên lợi nhuận trước thuế và lãi vay (EV/EBIT),ev_ebit,33.59,58.96,44.29,33.59,SAB,,,,
"Giá trị doanh nghiệp trên lợi nhuận trước thuế, khấu hao và lãi vay (EV/EBITDA)",ev_ebitda,10.93,50.32,12.39,10.93,SAB,,,,
Tỷ suất lợi nhuận gộp biên,gross_margin,37.07,32.22,37.94,37.07,SAB,,,,
Tỷ lệ lãi EBIT,ebit_margin,26.46,17.78,20.18,26.46,SAB,,,,
Tỷ lệ lãi EBITDA,ebitda_net_revenue,29.76,20.83,22.35,29.76,SAB,,,,
Tỷ suất sinh lợi trên doanh thu thuần,net_margin,21.81,13.76,16.37,21.81,SAB,,,,
Tỷ suất lợi nhuận trên vốn chủ sở hữu bình quân (ROEA),roe,5.74,3.17,4.85,6.17,SAB,,,,
Tỷ suất sinh lợi trên vốn dài hạn bình quân (ROCE),return_on_capital_employed_roce,7.01,4.06,5.64,7.01,SAB,,,,
Tỷ suất sinh lợi trên tổng tài sản bình quân (ROAA),roa,4.22,2.44,3.32,4.22,SAB,,,,
ROE bình quân 4 quý gần nhất,roe_trailling,18.93,17.17,19.82,18.93,SAB,,,,
ROA bình quân 4 quý gần nhất,roa_trailling,13.35,12.56,13.74,13.35,SAB,,,,
Tăng trưởng  doanh thu thuần,net_revenue,-16.08,-19.11,-23.46,-16.08,SAB,,,,
Tăng trưởng  lợi nhuận gộp,gross_profit,4.75,-10.86,3.79,4.75,SAB,,,,
Tăng trưởng lợi nhuận trước thuế ,profit_before_tax,15.28,-21.54,10.76,15.28,SAB,,,,
Tăng trưởng lợi nhuận sau thuế của CĐ công ty mẹ,profit_after_tax_for_shareholders_of_the_parent_company,21.57,-20.47,10.04,21.57,SAB,,,,
Tăng trưởng tổng tài sản,total_assets,-2.79,-1.64,-2.52,-2.79,SAB,,,,
Tăng trưởng nợ dài hạn,long_term_liabilities,105.66,35.04,107.8,105.66,SAB,,,,
Tăng trưởng nợ phải trả,liabilities,13.64,5.68,6.61,13.64,SAB,,,,
Tăng trưởng vốn chủ sở hữu,owners_equity,-6.56,-3.22,-5.88,-6.56,SAB,,,,
Tăng trưởng vốn điều lệ,charter_capital,0.0,0.0,0.0,0.0,SAB,,,,
Tỷ số thanh toán bằng tiền mặt,cash_ratio,0.48,0.72,0.45,0.48,SAB,,,,
Tỷ số thanh toán nhanh,quick_ratio,3.07,3.85,2.26,3.07,SAB,,,,
"Tỷ số thanh toán nhanh  (Đã loại trừ HTK, Phải thu ngắn hạn - Tham khảo)",quick_ratio_except_inventories_short_term_receivables_reference,2.89,3.65,2.14,2.89,SAB,,,,
Tỷ số thanh toán hiện hành (ngắn hạn),short_term_ratio,3.35,4.25,2.49,3.35,SAB,,,,
Khả năng thanh toán lãi vay,interest_coverage,233.37,94.77,186.93,233.37,SAB,,,,
Vòng quay phải thu khách hàng,receivables_turnover,10.35,11.9,10.77,10.35,SAB,,,,
Thời gian thu tiền khách hàng bình quân,days_of_sales_outstanding,35.28,30.68,33.9,35.28,SAB,,,,
Vòng quay hàng tồn kho,inventory_turnover,2.38,1.88,2.25,2.38,SAB,,,,
Thời gian tồn kho bình quân,days_of_inventory_on_hand,153.58,194.34,162.24,153.58,SAB,,,,
Vòng quay phải trả nhà cung cấp,payables_turnover,2.56,1.86,2.2,2.56,SAB,,,,
Thời gian trả tiền khách hàng bình quân,number_of_days_of_payables,142.61,195.97,165.87,142.61,SAB,,,,
Vòng quay tài sản cố định (Hiệu suất sử dụng tài sản cố định),fixed_asset_turnover,1.34,1.42,1.34,1.34,SAB,,,,
Vòng quay tổng tài sản (Hiệu suất sử dụng toàn bộ tài sản),total_asset_turnover,0.2,0.18,0.21,0.2,SAB,,,,
Vòng quay vốn chủ sở hữu,equity_turnover,0.27,0.23,0.29,0.27,SAB,,,,
Tỷ số Nợ ngắn hạn trên Tổng nợ phải trả,short_term_liabilities_to_total_liabilities,89.46,92.26,92.53,89.46,SAB,,,,
Tỷ số Nợ vay trên Tổng tài sản,debt_to_assets,1.09,2.06,1.34,1.09,SAB,,,,
Tỷ số Nợ trên Tổng tài sản,liabilities_to_assets,21.8,19.02,29.44,21.8,SAB,,,,
Tỷ số Vốn chủ sở hữu trên Tổng tài sản,equity_to_assets,78.2,80.98,70.56,78.2,SAB,,,,
Tỷ số Nợ ngắn hạn trên Vốn chủ sở hữu,short_term_liabilities_to_equity,24.95,21.66,38.61,24.95,SAB,,,,
Tỷ số Nợ vay trên Vốn chủ sở hữu,debt_to_equity,1.39,2.54,1.89,1.39,SAB,,,,
Tỷ số Nợ trên Vốn chủ sở hữu,liabilities_to_equity,27.88,23.48,41.73,27.88,SAB,,,,
Tỷ số dòng tiền HĐKD trên doanh thu thuần,accrual_ratio_cf,0.0,-2.15,0.0,0.0,SAB,,,,
Khả năng chi trả nợ ngắn hạn từ dòng tiền HĐKD,cash_to_income,0.0,-2.25,0.0,0.0,SAB,,,,
Khả năng chi trả nợ ngắn hạn từ lưu chuyển tiền thuần trong kỳ,net_cash_flows_short_term_liabilities,0.0,-8.64,0.0,0.0,SAB,,,,
Tỷ lệ dồn tích (Phương pháp Cân đối kế toán),accrual_ratio_balance_sheet_method,0.0,0.0,0.0,0.0,SAB,,,,
Tỷ lệ dồn tích (Phương pháp Dòng tiền),accrual_ratio_cash_flow_method,0.0,0.0,0.0,0.0,SAB,,,,
Dòng tiền từ HĐKD trên Tổng tài sản,cash_return_to_assets,0.0,-0.4,0.0,0.0,SAB,,,,
Dòng tiền từ HĐKD trên Vốn chủ sở hữu,cash_return_on_equity,0.0,-0.49,0.0,0.0,SAB,,,,
Dòng tiền từ HĐKD trên Lợi nhuận thuần từ HĐKD,cash_to_income_2,0.0,-12.13,0.0,0.0,SAB,,,,
Khả năng thanh toán nợ từ dòng tiền HĐKD,debt_coverage,0.0,-2.08,0.0,0.0,SAB,,,,
Dòng tiền từ HĐKD trên mỗi cổ phần (CPS),cash_flow_per_share_cps,0.0,-97.47,0.0,0.0,SAB,,,,
Thu nhập trên mỗi cổ phần của 4 quý gần nhất (EPS),trailing_eps,,927.75,,,SBT,,952.36,918.43,995.93
Giá trị sổ sách của cổ phiếu (BVPS),book_value_per_share_bvps,,14191.0,,,SBT,,14840.0,14614.0,14336.0
Chỉ số giá thị trường trên thu nhập (P/E),pe_ratio,,24.23,,,SBT,,23.07,19.0,13.44
Chỉ số giá thị trường trên giá trị sổ sách (P/B),pb_ratio,,1.77,,,SBT,,1.62,1.35,1.04
Chỉ số giá thị trường trên doanh thu thuần (P/S),ps_ratio,,3.36,,,SBT,,2.45,2.45,2.25
Tỷ suất cổ tức,dividend_yield,,0.0,,,SBT,,0.0,0.0,0.0
Beta,beta,,0.64,,,SBT,,0.56,0.68,0.87
Giá trị doanh nghiệp trên lợi nhuận trước thuế và lãi vay (EV/EBIT),ev_ebit,,50.6,,,SBT,,58.54,58.65,48.88
"Giá trị doanh nghiệp trên lợi nhuận trước thuế, khấu hao và lãi vay (EV/EBITDA)",ev_ebitda,,44.21,,,SBT,,49.36,37.62,39.47
Tỷ suất lợi nhuận gộp biên,gross_margin,,13.54,,,SBT,,9.36,7.76,9.3
Tỷ lệ lãi EBIT,ebit_margin,,11.1,,,SBT,,7.6,8.3,10.1
Tỷ lệ lãi EBITDA,ebitda_net_revenue,,12.71,,,SBT,,8.66,9.75,12.5
Tỷ suất sinh lợi trên doanh thu thuần,net_margin,,3.49,,,SBT,,2.98,2.85,3.69
Tỷ suất lợi nhuận trên vốn chủ sở hữu bình quân (ROEA),roe,,1.96,,,SBT,,2.14,1.65,1.86
Tỷ suất sinh lợi trên vốn dài hạn bình quân (ROCE),return_on_capital_employed_roce,,3.87,,,SBT,,3.41,3.11,3.07
Tỷ suất sinh lợi trên tổng tài sản bình quân (ROAA),roa,,0.6,,,SBT,,0.66,0.53,0.6
ROE bình quân 4 quý gần nhất,roe_trailling,,7.54,,,SBT,,7.49,7.4,7.82
ROA bình quân 4 quý gần nhất,roa_trailling,,2.34,,,SBT,,2.36,2.36,2.47
Tăng trưởng  doanh thu thuần,net_revenue,,-4.25,,,SBT,,12.92,-10.68,-21.26
Tăng trưởng  lợi nhuận gộp,gross_profit,,54.1,,,SBT,,3.92,-37.02,-40.6
Tăng trưởng lợi nhuận trước thuế ,profit_before_tax,,45.02,,,SBT,,5.67,-22.41,-23.23
Tăng trưởng lợi nhuận sau thuế của CĐ công ty mẹ,profit_after_tax_for_shareholders_of_the_parent_company,,12.79,,,SBT,,13.73,-13.02,-7.42
Tăng trưởng tổng tài sản,total_assets,,16.97,,,SBT,,14.27,5.64,-0.53
Tăng trưởng nợ dài hạn,long_term_liabilities,,-1.99,,,SBT,,23.6,6.47,92.69
Tăng trưởng nợ phải trả,liabilities,,18.34,,,SBT,,13.4,1.11,-3.88
Tăng trưởng vốn chủ sở hữu,owners_equity,,14.2,,,SBT,,16.16,15.65,6.64
Tăng trưởng vốn điều lệ,charter_capital,,10.99,,,SBT,,4.85,15.04,9.72
Tỷ số thanh toán bằng tiền mặt,cash_ratio,,0.1,,,SBT,,0.18,0.17,0.23
Tỷ số thanh toán nhanh,quick_ratio,,1.02,,,SBT,,1.04,1.06,1.1
"Tỷ số thanh toán nhanh  (Đã loại trừ HTK, Phải thu ngắn hạn - Tham khảo)",quick_ratio_except_inventories_short_term_receivables_reference,,0.46,,,SBT,,0.46,0.46,0.46
Tỷ số thanh toán hiện hành (ngắn hạn),short_term_ratio,,1.23,,,SBT,,1.26,1.22,1.3
Khả năng thanh toán lãi vay,interest_coverage,,1.55,,,SBT,,1.64,1.58,1.6
Vòng quay phải thu khách hàng,receivables_turnover,,2.07,,,SBT,,2.52,2.48,2.26
Thời gian thu tiền khách hàng bình quân,days_of_sales_outstanding,,176.42,,,SBT,,144.94,147.23,161.68
Vòng quay hàng tồn kho,inventory_turnover,,1.36,,,SBT,,2.04,2.02,1.45
Thời gian tồn kho bình quân,days_of_inventory_on_hand,,267.47,,,SBT,,178.78,180.7,251.21
Vòng quay phải trả nhà cung cấp,payables_turnover,,4.11,,,SBT,,6.66,6.89,3.81
Thời gian trả tiền khách hàng bình quân,number_of_days_of_payables,,88.77,,,SBT,,54.84,52.95,95.76
Vòng quay tài sản cố định (Hiệu suất sử dụng tài sản cố định),fixed_asset_turnover,,1.91,,,SBT,,2.4,1.94,1.48
Vòng quay tổng tài sản (Hiệu suất sử dụng toàn bộ tài sản),total_asset_turnover,,0.17,,,SBT,,0.22,0.19,0.16
Vòng quay vốn chủ sở hữu,equity_turnover,,0.53,,,SBT,,0.67,0.56,0.48
Tỷ số Nợ ngắn hạn trên Tổng nợ phải trả,short_term_liabilities_to_total_liabilities,,76.23,,,SBT,,74.81,76.89,71.05
Tỷ số Nợ vay trên Tổng tài sản,debt_to_assets,,44.0,,,SBT,,49.86,51.51,50.61
Tỷ số Nợ trên Tổng tài sản,liabilities_to_assets,,67.54,,,SBT,,67.91,65.94,65.84
Tỷ số Vốn chủ sở hữu trên Tổng tài sản,equity_to_assets,,32.46,,,SBT,,32.09,34.06,34.16
Tỷ số Nợ ngắn hạn trên Vốn chủ sở hữu,short_term_liabilities_to_equity,,158.59,,,SBT,,158.34,148.85,136.96
Tỷ số Nợ vay trên Vốn chủ sở hữu,debt_to_equity,,135.55,,,SBT,,155.39,151.24,148.18
Tỷ số Nợ trên Vốn chủ sở hữu,liabilities_to_equity,,208.04,,,SBT,,211.65,193.59,192.78
Tỷ số dòng tiền HĐKD trên doanh thu thuần,accrual_ratio_cf,,0.0,,,SBT,,0.0,0.0,-8.92
Khả năng chi trả nợ ngắn hạn từ dòng tiền HĐKD,cash_to_income,,0.0,,,SBT,,0.0,0.0,-3.0
Khả năng chi trả nợ ngắn hạn từ lưu chuyển tiền thuần trong kỳ,net_cash_flows_short_term_liabilities,,0.0,,,SBT,,0.0,0.0,1.24
Tỷ lệ dồn tích (Phương pháp Cân đối kế toán),accrual_ratio_balance_sheet_method,,0.0,,,SBT,,0.0,0.0,0.0
Tỷ lệ dồn tích (Phương pháp Dòng tiền),accrual_ratio_cash_flow_method,,0.0,,,SBT,,0.0,0.0,0.0
Dòng tiền từ HĐKD trên Tổng tài sản,cash_return_to_assets,,0.0,,,SBT,,0.0,0.0,-1.4
Dòng tiền từ HĐKD trên Vốn chủ sở hữu,cash_return_on_equity,,0.0,,,SBT,,0.0,0.0,-4.11
Dòng tiền từ HĐKD trên Lợi nhuận thuần từ HĐKD,cash_to_income_2,,0.0,,,SBT,,0.0,0.0,-258.13
Khả năng thanh toán nợ từ dòng tiền HĐKD,debt_coverage,,0.0,,,SBT,,0.0,0.0,-2.13
Dòng tiền từ HĐKD trên mỗi cổ phần (CPS),cash_flow_per_share_cps,,0.0,,,SBT,,0.0,0.0,-588.57
Thu nhập trên mỗi cổ phần của 4 quý gần nhất (EPS),trailing_eps,2994.85,2574.99,2883.8,2994.85,SHB,,,,
Giá trị sổ sách của cổ phiếu (BVPS),book_value_per_share_bvps,14315.52,15121.61,14801.94,14315.52,SHB,,,,
Chỉ số giá thị trường trên thu nhập (P/E),pe_ratio,5.64,4.83,5.67,5.64,SHB,,,,
Chỉ số giá thị trường trên giá trị sổ sách (P/B),pb_ratio,1.18,0.82,1.1,1.18,SHB,,,,
Tỷ suất cổ tức,dividend_yield,0.03,0.04,3.06,2.96,SHB,,,,
Beta,beta,0.71,0.91,0.8,0.71,SHB,,,,
Tỷ suất lợi nhuận trên vốn chủ sở hữu bình quân (ROEA),roe,4.05,5.85,3.38,4.05,SHB,,,,
Tỷ suất sinh lợi trên tổng tài sản bình quân (ROAA),roa,0.31,0.45,0.26,0.31,SHB,,,,
Tỷ suất sinh lợi của Tài sản Có sinh lãi (YOEA),yield_on_earning_assets_yoea,1.89,1.83,1.74,1.89,SHB,,,,
Tỷ lệ chi phí hình thành Tài sản Có sinh lãi (COF),cost_of_funding_earning_assets_cof,1.28,1.2,1.34,1.28,SHB,,,,
Tỷ lệ thu nhập lãi thuần (NIM),net_interest_margin_nim,0.68,0.73,0.47,0.68,SHB,,,,
Tỷ lệ chi phí hoạt động/Tổng thu nhập HĐKD trước dự phòng (CIR),cost_income_ratio_cir,25.41,17.51,36.39,25.41,SHB,,,,
ROE bình quân 4 quý gần nhất,roe_trailling,18.84,16.45,18.53,18.84,SHB,,,,
ROA bình quân 4 quý gần nhất,roa_trailling,1.45,1.32,1.42,1.45,SHB,,,,
Tăng trưởng lợi nhuận trước thuế ,profit_before_tax,51.29,8.8,11.98,51.29,SHB,,,,
Tăng trưởng lợi nhuận sau thuế của CĐ ngân hàng mẹ,profit_after_tax_for_shareholders_of_the_parent_company,49.82,8.94,14.05,49.82,SHB,,,,
Tăng trưởng tổng tài sản,total_assets,23.86,27.3,19.45,23.86,SHB,,,,
Tăng trưởng vốn chủ sở hữu,owners_equity,17.96,15.59,17.54,17.96,SHB,,,,
Tăng trưởng vốn điều lệ,charter_capital,25.42,12.33,25.42,25.42,SHB,,,,
Tăng trưởng dư nợ cho vay,deposits_from_customers,26.38,29.77,18.25,26.38,SHB,,,,
Tăng trưởng huy động vốn khách hàng,deposits_from_customers_2,19.72,19.32,14.45,19.72,SHB,,,,
Tăng trưởng thu nhập lãi thuần,net_interest_income,63.22,7.23,-53.76,63.22,SHB,,,,
Tăng trưởng dự phòng rủi ro tín dụng,provisions_for_loan_losses,5.99,9.72,1.35,5.99,SHB,,,,
Tăng trưởng thu phí dịch vụ thuần,net_fee_and_commission_income,504.27,121.66,74.65,504.27,SHB,,,,
Tăng trưởng tổng thu nhập HĐKD trước dự phòng,operating_profit_before_provision_for_credit_losses,77.59,5.64,-48.3,77.59,SHB,,,,
Tăng trưởng tổng chi phí HĐKD,operating_expenses,40.25,-4.96,-7.4,40.25,SHB,,,,
Dư nợ cho vay khách hàng/Tổng vốn huy động (LDR),outstanding_loans_customer_deposits,79.78,80.0,77.71,79.78,SHB,,,,
Dư nợ cho vay/Tổng tài sản Có,outstanding_loans_total_assets,71.29,71.82,68.89,71.29,SHB,,,,
Vốn chủ sở hữu/Tổng vốn huy động ,equity_deposits_from_customers,0.09,0.09,8.59,8.63,SHB,,,,
Vốn chủ sở hữu/Tổng tài sản Có,equity_total_assets,7.71,7.77,7.62,7.71,SHB,,,,
Dự phòng rủi ro tín dụng/Tổng dư nợ,loan_loss_provision_ratio,-0.02,-0.02,-1.77,-1.77,SHB,,,,
Tài sản Có sinh lãi/Tổng tài sản Có,earning_assets_total_assets,92.29,95.7,91.35,92.29,SHB,,,,
Thu nhập trên mỗi cổ phần của 4 quý gần nhất (EPS),trailing_eps,1911.6,1706.52,2052.63,1911.6,SSI,,,,
Giá trị sổ sách của cổ phiếu (BVPS),book_value_per_share_bvps,15056.24,14120.87,15446.84,15056.24,SSI,,,,
Chỉ số giá thị trường trên thu nhập (P/E),pe_ratio,20.17,15.24,14.74,20.17,SSI,,,,
Chỉ số giá thị trường trên giá trị sổ sách (P/B),pb_ratio,2.56,1.84,1.96,2.56,SSI,,,,
Chỉ số giá thị trường trên doanh thu thuần (P/S),ps_ratio,19.16,23.62,17.43,19.16,SSI,,,,
Tỷ suất cổ tức,dividend_yield,0.03,0.04,3.31,2.59,SSI,,,,
Beta,beta,1.56,1.4,1.54,1.56,SSI,,,,
Giá trị doanh nghiệp trên lợi nhuận trước thuế và lãi vay (EV/EBIT),ev_ebit,0.0,0.0,0.0,0.0,SSI,,,,
"Giá trị doanh nghiệp trên lợi nhuận trước thuế, khấu hao và lãi vay (EV/EBITDA)",ev_ebitda,0.0,0.0,0.0,0.0,SSI,,,,
Tỷ suất lợi nhuận gộp biên,gross_margin,61.34,71.04,51.41,61.34,SSI,,,,
Tỷ suất sinh lợi trên doanh thu thuần,net_margin,35.33,39.09,22.76,35.33,SSI,,,,
Tỷ suất lợi nhuận trên vốn chủ sở hữu bình quân (ROEA),roe,4.93,3.1,2.59,4.95,SSI,,,,
Tỷ suất sinh lợi trên tổng tài sản bình quân (ROAA),roa,1.53,1.07,0.84,1.53,SSI,,,,
ROE bình quân 4 quý gần nhất,roe_trailling,13.06,11.33,13.79,13.06,SSI,,,,
ROA bình quân 4 quý gần nhất,roa_trailling,4.24,3.95,4.43,4.24,SSI,,,,
Tăng trưởng  doanh thu thuần,net_revenue,105.94,9.45,62.15,105.94,SSI,,,,
Tăng trưởng  lợi nhuận gộp,gross_profit,84.0,11.43,82.27,84.0,SSI,,,,
Tăng trưởng lợi nhuận trước thuế ,profit_before_tax,85.98,11.08,80.83,85.98,SSI,,,,
Tăng trưởng lợi nhuận sau thuế của CĐ công ty mẹ,profit_after_tax_for_shareholders_of_the_parent_company,85.66,10.43,91.11,85.66,SSI,,,,
Tăng trưởng tổng tài sản,total_assets,52.18,28.33,27.95,52.18,SSI,,,,
Tăng trưởng nợ dài hạn,long_term_liabilities,12.99,70.17,0.97,12.99,SSI,,,,
Tăng trưởng nợ phải trả,liabilities,65.11,35.87,32.78,65.11,SSI,,,,
Tăng trưởng vốn chủ sở hữu,owners_equity,29.61,15.33,19.53,29.61,SSI,,,,
Tăng trưởng vốn điều lệ,charter_capital,14.61,30.83,5.81,14.61,SSI,,,,
Tỷ số thanh toán bằng tiền mặt,cash_ratio,0.0,0.0,0.06,0.0,SSI,,,,
"Tỷ số thanh toán nhanh  (Đã loại trừ HTK, Phải thu ngắn hạn - Tham khảo)",quick_ratio_except_inventories_short_term_receivables_reference,0.0,0.0,0.06,0.0,SSI,,,,
Tỷ số thanh toán hiện hành (ngắn hạn),short_term_ratio,1.42,1.45,1.44,1.42,SSI,,,,
Vòng quay phải thu khách hàng,receivables_turnover,0.0,0.0,0.0,0.0,SSI,,,,
Thời gian thu tiền khách hàng bình quân,days_of_sales_outstanding,0.0,0.0,0.0,0.0,SSI,,,,
Vòng quay tài sản cố định (Hiệu suất sử dụng tài sản cố định),fixed_asset_turnover,19.76,9.75,18.46,19.76,SSI,,,,
Vòng quay tổng tài sản (Hiệu suất sử dụng toàn bộ tài sản),total_asset_turnover,0.04,0.03,0.04,0.04,SSI,,,,
Vòng quay vốn chủ sở hữu,equity_turnover,0.14,0.08,0.11,0.14,SSI,,,,
Tỷ số Nợ ngắn hạn trên Tổng nợ phải trả,short_term_liabilities_to_total_liabilities,99.86,99.84,99.87,99.86,SSI,,,,
Tỷ số Nợ vay trên Tổng tài sản,debt_to_assets,64.96,65.74,63.97,64.96,SSI,,,,
Tỷ số Nợ trên Tổng tài sản,liabilities_to_assets,68.97,67.04,65.91,68.97,SSI,,,,
Tỷ số Vốn chủ sở hữu trên Tổng tài sản,equity_to_assets,31.03,32.96,34.09,31.03,SSI,,,,
Tỷ số Nợ ngắn hạn trên Vốn chủ sở hữu,short_term_liabilities_to_equity,221.91,203.04,193.04,221.91,SSI,,,,
Tỷ số Nợ vay trên Vốn chủ sở hữu,debt_to_equity,209.31,199.42,187.61,209.31,SSI,,,,
Tỷ số Nợ trên Vốn chủ sở hữu,liabilities_to_equity,222.22,203.37,193.3,222.22,SSI,,,,
Tỷ số dòng tiền HĐKD trên doanh thu thuần,accrual_ratio_cf,0.0,-434.13,0.0,0.0,SSI,,,,
Khả năng chi trả nợ ngắn hạn từ dòng tiền HĐKD,cash_to_income,0.0,-16.67,0.0,0.0,SSI,,,,
Khả năng chi trả nợ ngắn hạn từ lưu chuyển tiền thuần trong kỳ,net_cash_flows_short_term_liabilities,0.0,-0.22,0.0,0.0,SSI,,,,
Tỷ lệ dồn tích (Phương pháp Cân đối kế toán),accrual_ratio_balance_sheet_method,10.15,13.87,-8.48,10.15,SSI,,,,
Tỷ lệ dồn tích (Phương pháp Dòng tiền),accrual_ratio_cash_flow_method,1.61,13.84,0.88,1.61,SSI,,,,
Dòng tiền từ HĐKD trên Tổng tài sản,cash_return_to_assets,0.0,-11.15,0.0,0.0,SSI,,,,
Dòng tiền từ HĐKD trên Vốn chủ sở hữu,cash_return_on_equity,0.0,-33.84,0.0,0.0,SSI,,,,
Dòng tiền từ HĐKD trên Lợi nhuận thuần từ HĐKD,cash_to_income_2,0.0,0.0,0.0,0.0,SSI,,,,
Khả năng thanh toán nợ từ dòng tiền HĐKD,debt_coverage,0.0,-16.64,0.0,0.0,SSI,,,,
Dòng tiền từ HĐKD trên mỗi cổ phần (CPS),cash_flow_per_share_cps,0.0,-4778.08,0.0,0.0,SSI,,,,
Thu nhập trên mỗi cổ phần của 4 quý gần nhất (EPS),trailing_eps,6518.96,5767.39,3150.36,6518.96,STB,,,,
Giá trị sổ sách của cổ phiếu (BVPS),book_value_per_share_bvps,33261.34,30692.71,31755.91,33261.34,STB,,,,
Chỉ số giá thị trường trên thu nhập (P/E),pe_ratio,8.73,6.64,18.41,8.73,STB,,,,
Chỉ số giá thị trường trên giá trị sổ sách (P/B),pb_ratio,1.71,1.25,1.83,1.71,STB,,,,
Tỷ suất cổ tức,dividend_yield,0.0,0.0,0.0,0.0,STB,,,,
Beta,beta,0.99,1.2,1.05,0.99,STB,,,,
Tỷ suất lợi nhuận trên vốn chủ sở hữu bình quân (ROEA),roe,4.74,5.13,-4.49,4.74,STB,,,,
Tỷ suất sinh lợi trên tổng tài sản bình quân (ROAA),roa,0.35,0.38,-0.31,0.35,STB,,,,
Tỷ suất sinh lợi của Tài sản Có sinh lãi (YOEA),yield_on_earning_assets_yoea,1.89,1.81,1.53,1.89,STB,,,,
Tỷ lệ chi phí hình thành Tài sản Có sinh lãi (COF),cost_of_funding_earning_assets_cof,1.08,1.0,1.08,1.08,STB,,,,
Tỷ lệ thu nhập lãi thuần (NIM),net_interest_margin_nim,0.93,0.91,0.58,0.93,STB,,,,
Tỷ lệ chi phí hoạt động/Tổng thu nhập HĐKD trước dự phòng (CIR),cost_income_ratio_cir,46.56,50.37,23.68,46.56,STB,,,,
ROE bình quân 4 quý gần nhất,roe_trailling,40.41,43.71,9.89,40.41,STB,,,,
ROA bình quân 4 quý gần nhất,roa_trailling,1.55,1.49,0.71,1.55,STB,,,,
Tăng trưởng lợi nhuận trước thuế ,profit_before_tax,32.89,38.42,0.0,32.89,STB,,,,
Tăng trưởng lợi nhuận sau thuế của CĐ ngân hàng mẹ,profit_after_tax_for_shareholders_of_the_parent_company,31.81,37.19,0.0,31.81,STB,,,,
Tăng trưởng tổng tài sản,total_assets,20.76,9.16,22.59,20.76,STB,,,,
Tăng trưởng vốn chủ sở hữu,owners_equity,22.28,20.78,8.9,22.28,STB,,,,
Tăng trưởng vốn điều lệ,charter_capital,0.0,0.0,0.0,0.0,STB,,,,
Tăng trưởng dư nợ cho vay,deposits_from_customers,15.33,12.77,16.15,15.33,STB,,,,
Tăng trưởng huy động vốn khách hàng,deposits_from_customers_2,13.12,9.79,9.08,13.12,STB,,,,
Tăng trưởng thu nhập lãi thuần,net_interest_income,23.71,15.33,-12.15,23.71,STB,,,,
Tăng trưởng dự phòng rủi ro tín dụng,provisions_for_loan_losses,42.36,19.17,29.04,42.36,STB,,,,
Tăng trưởng thu phí dịch vụ thuần,net_fee_and_commission_income,-10.95,25.86,-21.3,-10.95,STB,,,,
Tăng trưởng tổng thu nhập HĐKD trước dự phòng,operating_profit_before_provision_for_credit_losses,19.0,16.13,37.87,19.0,STB,,,,
Tăng trưởng tổng chi phí HĐKD,operating_expenses,24.58,10.85,-42.17,24.58,STB,,,,
Dư nợ cho vay khách hàng/Tổng vốn huy động (LDR),outstanding_loans_customer_deposits,79.46,82.95,74.94,79.46,STB,,,,
Dư nợ cho vay/Tổng tài sản Có,outstanding_loans_total_assets,71.39,74.54,68.3,71.39,STB,,,,
Vốn chủ sở hữu/Tổng vốn huy động ,equity_deposits_from_customers,0.08,0.09,7.16,8.22,STB,,,,
Vốn chủ sở hữu/Tổng tài sản Có,equity_total_assets,7.39,7.64,6.53,7.39,STB,,,,
Dự phòng rủi ro tín dụng/Tổng dư nợ,loan_loss_provision_ratio,-0.03,-0.02,-3.31,-2.63,STB,,,,
Tài sản Có sinh lãi/Tổng tài sản Có,earning_assets_total_assets,99.33,99.37,100.01,99.33,STB,,,,
Thu nhập trên mỗi cổ phần của 4 quý gần nhất (EPS),trailing_eps,3112.8,3506.16,3575.81,3112.8,TCB,,,,
Giá trị sổ sách của cổ phiếu (BVPS),book_value_per_share_bvps,25320.99,21791.35,25330.98,25320.99,TCB,,,,
Chỉ số giá thị trường trên thu nhập (P/E),pe_ratio,12.16,7.84,9.76,12.16,TCB,,,,
Chỉ số giá thị trường trên giá trị sổ sách (P/B),pb_ratio,1.49,1.26,1.38,1.49,TCB,,,,
Tỷ suất cổ tức,dividend_yield,0.03,0.05,2.87,2.64,TCB,,,,
Beta,beta,1.21,1.24,1.2,1.21,TCB,,,,
Tỷ suất lợi nhuận trên vốn chủ sở hữu bình quân (ROEA),roe,3.76,3.94,4.0,3.99,TCB,,,,
Tỷ suất sinh lợi trên tổng tài sản bình quân (ROAA),roa,0.59,0.6,0.58,0.59,TCB,,,,
Tỷ suất sinh lợi của Tài sản Có sinh lãi (YOEA),yield_on_earning_assets_yoea,1.71,1.61,1.75,1.71,TCB,,,,
Tỷ lệ chi phí hình thành Tài sản Có sinh lãi (COF),cost_of_funding_earning_assets_cof,0.86,0.82,0.88,0.86,TCB,,,,
Tỷ lệ thu nhập lãi thuần (NIM),net_interest_margin_nim,0.92,0.89,0.97,0.92,TCB,,,,
Tỷ lệ chi phí hoạt động/Tổng thu nhập HĐKD trước dự phòng (CIR),cost_income_ratio_cir,31.55,28.29,32.61,31.55,TCB,,,,
ROE bình quân 4 quý gần nhất,roe_trailling,14.22,14.73,15.73,14.22,TCB,,,,
ROA bình quân 4 quý gần nhất,roa_trailling,2.13,2.23,2.33,2.13,TCB,,,,
Tăng trưởng lợi nhuận trước thuế ,profit_before_tax,14.36,-7.25,94.91,14.36,TCB,,,,
Tăng trưởng lợi nhuận sau thuế của CĐ ngân hàng mẹ,profit_after_tax_for_shareholders_of_the_parent_company,11.88,-4.39,98.03,11.88,TCB,,,,
Tăng trưởng tổng tài sản,total_assets,21.85,11.69,21.82,21.85,TCB,,,,
Tăng trưởng vốn chủ sở hữu,owners_equity,24.29,11.66,21.33,24.29,TCB,,,,
Tăng trưởng vốn điều lệ,charter_capital,0.28,100.56,0.3,0.28,TCB,,,,
Tăng trưởng dư nợ cho vay,deposits_from_customers,22.42,18.67,21.51,22.42,TCB,,,,
Tăng trưởng huy động vốn khách hàng,deposits_from_customers_2,20.23,16.06,16.03,20.23,TCB,,,,
Tăng trưởng thu nhập lãi thuần,net_interest_income,11.15,-2.28,25.42,11.15,TCB,,,,
Tăng trưởng dự phòng rủi ro tín dụng,provisions_for_loan_losses,11.56,7.19,-1.24,11.56,TCB,,,,
Tăng trưởng thu phí dịch vụ thuần,net_fee_and_commission_income,16.39,-15.8,75.75,16.39,TCB,,,,
Tăng trưởng tổng thu nhập HĐKD trước dự phòng,operating_profit_before_provision_for_credit_losses,17.13,-7.62,107.13,17.13,TCB,,,,
Tăng trưởng tổng chi phí HĐKD,operating_expenses,30.95,1.1,1.76,30.95,TCB,,,,
Dư nợ cho vay khách hàng/Tổng vốn huy động (LDR),outstanding_loans_customer_deposits,83.02,81.44,78.05,83.02,TCB,,,,
Dư nợ cho vay/Tổng tài sản Có,outstanding_loans_total_assets,67.88,67.09,64.38,67.88,TCB,,,,
Vốn chủ sở hữu/Tổng vốn huy động ,equity_deposits_from_customers,0.19,0.19,18.25,19.43,TCB,,,,
Vốn chủ sở hữu/Tổng tài sản Có,equity_total_assets,15.88,15.56,15.05,15.88,TCB,,,,
Dự phòng rủi ro tín dụng/Tổng dư nợ,loan_loss_provision_ratio,-0.01,-0.01,-1.39,-1.41,TCB,,,,
Tài sản Có sinh lãi/Tổng tài sản Có,earning_assets_total_assets,95.36,94.35,93.17,95.36,TCB,,,,
Thu nhập trên mỗi cổ phần của 4 quý gần nhất (EPS),trailing_eps,5008.22,6037.9,4542.29,5008.22,VCB,,,,
Giá trị sổ sách của cổ phiếu (BVPS),book_value_per_share_bvps,26663.5,24527.26,27231.3,26663.5,VCB,,,,
Chỉ số giá thị trường trên thu nhập (P/E),pe_ratio,12.38,10.6,12.66,12.38,VCB,,,,
Chỉ số giá thị trường trên giá trị sổ sách (P/B),pb_ratio,2.33,2.61,2.11,2.33,VCB,,,,
Tỷ suất cổ tức,dividend_yield,0.0,0.0,0.78,0.0,VCB,,,,
Beta,beta,0.69,0.62,0.67,0.69,VCB,,,,
Tỷ suất lợi nhuận trên vốn chủ sở hữu bình quân (ROEA),roe,4.13,4.34,3.83,4.13,VCB,,,,
Tỷ suất sinh lợi trên tổng tài sản bình quân (ROAA),roa,0.39,0.41,0.36,0.39,VCB,,,,
Tỷ suất sinh lợi của Tài sản Có sinh lãi (YOEA),yield_on_earning_assets_yoea,1.14,1.18,1.19,1.14,VCB,,,,
Tỷ lệ chi phí hình thành Tài sản Có sinh lãi (COF),cost_of_funding_earning_assets_cof,0.59,0.58,0.58,0.59,VCB,,,,
Tỷ lệ thu nhập lãi thuần (NIM),net_interest_margin_nim,0.62,0.66,0.67,0.62,VCB,,,,
Tỷ lệ chi phí hoạt động/Tổng thu nhập HĐKD trước dự phòng (CIR),cost_income_ratio_cir,33.44,32.74,38.79,33.44,VCB,,,,
ROE bình quân 4 quý gần nhất,roe_trailling,16.72,17.51,16.2,16.72,VCB,,,,
ROA bình quân 4 quý gần nhất,roa_trailling,1.6,1.69,1.54,1.6,VCB,,,,
Tăng trưởng lợi nhuận trước thuế ,profit_before_tax,5.05,1.32,1.73,5.05,VCB,,,,
Tăng trưởng lợi nhuận sau thuế của CĐ ngân hàng mẹ,profit_after_tax_for_shareholders_of_the_parent_company,5.3,1.35,0.75,5.3,VCB,,,,
Tăng trưởng tổng tài sản,total_assets,23.07,18.92,17.1,23.07,VCB,,,,
Tăng trưởng vốn chủ sở hữu,owners_equity,17.08,18.04,14.36,17.08,VCB,,,,
Tăng trưởng vốn điều lệ,charter_capital,49.5,49.5,49.5,49.5,VCB,,,,
Tăng trưởng dư nợ cho vay,deposits_from_customers,16.33,15.78,15.48,16.33,VCB,,,,
Tăng trưởng huy động vốn khách hàng,deposits_from_customers_2,12.72,12.01,10.42,12.72,VCB,,,,
Tăng trưởng thu nhập lãi thuần,net_interest_income,7.95,-2.78,16.81,7.95,VCB,,,,
Tăng trưởng dự phòng rủi ro tín dụng,provisions_for_loan_losses,2.11,0.97,-26.58,2.11,VCB,,,,
Tăng trưởng thu phí dịch vụ thuần,net_fee_and_commission_income,-26.25,-44.09,-6.4,-26.25,VCB,,,,
Tăng trưởng tổng thu nhập HĐKD trước dự phòng,operating_profit_before_provision_for_credit_losses,8.98,-5.02,9.98,8.98,VCB,,,,
Tăng trưởng tổng chi phí HĐKD,operating_expenses,3.89,11.84,5.65,3.89,VCB,,,,
Dư nợ cho vay khách hàng/Tổng vốn huy động (LDR),outstanding_loans_customer_deposits,77.07,78.36,76.73,77.07,VCB,,,,
Dư nợ cho vay/Tổng tài sản Có,outstanding_loans_total_assets,68.54,69.52,68.53,68.54,VCB,,,,
Vốn chủ sở hữu/Tổng vốn huy động ,equity_deposits_from_customers,0.11,0.11,10.43,10.53,VCB,,,,
Vốn chủ sở hữu/Tổng tài sản Có,equity_total_assets,9.37,9.72,9.32,9.37,VCB,,,,
Dự phòng rủi ro tín dụng/Tổng dư nợ,loan_loss_provision_ratio,-0.02,-0.02,-1.51,-2.13,VCB,,,,
Tài sản Có sinh lãi/Tổng tài sản Có,earning_assets_total_assets,98.83,98.72,98.22,98.83,VCB,,,,
Thu nhập trên mỗi cổ phần của 4 quý gần nhất (EPS),trailing_eps,1593.95,1782.51,1862.23,1593.95,VCI,,,,
Giá trị sổ sách của cổ phiếu (BVPS),book_value_per_share_bvps,17533.86,17518.63,21185.62,17533.86,VCI,,,,
Chỉ số giá thị trường trên thu nhập (P/E),pe_ratio,27.26,21.49,18.96,27.26,VCI,,,,
Chỉ số giá thị trường trên giá trị sổ sách (P/B),pb_ratio,2.48,2.19,1.67,2.48,VCI,,,,
Chỉ số giá thị trường trên doanh thu thuần (P/S),ps_ratio,21.75,32.32,19.66,21.75,VCI,,,,
Tỷ suất cổ tức,dividend_yield,0.01,0.02,0.71,0.58,VCI,,,,
Beta,beta,1.25,1.66,1.17,1.25,VCI,,,,
Giá trị doanh nghiệp trên lợi nhuận trước thuế và lãi vay (EV/EBIT),ev_ebit,0.0,0.0,0.0,0.0,VCI,,,,
"Giá trị doanh nghiệp trên lợi nhuận trước thuế, khấu hao và lãi vay (EV/EBITDA)",ev_ebitda,0.0,0.0,0.0,0.0,VCI,,,,
Tỷ suất lợi nhuận gộp biên,gross_margin,52.5,63.12,59.42,52.5,VCI,,,,
Tỷ suất sinh lợi trên doanh thu thuần,net_margin,29.12,34.65,29.02,29.12,VCI,,,,
Tỷ suất lợi nhuận trên vốn chủ sở hữu bình quân (ROEA),roe,3.35,2.31,2.89,3.35,VCI,,,,
Tỷ suất sinh lợi trên tổng tài sản bình quân (ROAA),roa,1.63,1.17,1.35,1.63,VCI,,,,
ROE bình quân 4 quý gần nhất,roe_trailling,8.83,9.37,9.64,8.83,VCI,,,,
ROA bình quân 4 quý gần nhất,roa_trailling,4.38,4.3,4.82,4.38,VCI,,,,
Tăng trưởng  doanh thu thuần,net_revenue,48.13,5.53,52.78,48.13,VCI,,,,
Tăng trưởng  lợi nhuận gộp,gross_profit,49.69,23.11,89.3,49.69,VCI,,,,
Tăng trưởng lợi nhuận trước thuế ,profit_before_tax,96.05,56.06,114.61,96.05,VCI,,,,
Tăng trưởng lợi nhuận sau thuế của CĐ công ty mẹ,profit_after_tax_for_shareholders_of_the_parent_company,95.15,49.11,102.83,95.15,VCI,,,,
Tăng trưởng tổng tài sản,total_assets,45.57,21.4,35.4,45.57,VCI,,,,
Tăng trưởng nợ dài hạn,long_term_liabilities,-44.45,-15.2,10.09,-44.45,VCI,,,,
Tăng trưởng nợ phải trả,liabilities,44.8,-1.93,31.86,44.8,VCI,,,,
Tăng trưởng vốn chủ sở hữu,owners_equity,46.61,53.84,39.13,46.61,VCI,,,,
Tăng trưởng vốn điều lệ,charter_capital,25.79,64.14,18.38,25.79,VCI,,,,
Tỷ số thanh toán bằng tiền mặt,cash_ratio,0.16,0.22,0.19,0.16,VCI,,,,
"Tỷ số thanh toán nhanh  (Đã loại trừ HTK, Phải thu ngắn hạn - Tham khảo)",quick_ratio_except_inventories_short_term_receivables_reference,0.16,0.22,0.19,0.16,VCI,,,,
Tỷ số thanh toán hiện hành (ngắn hạn),short_term_ratio,1.77,2.21,2.07,1.77,VCI,,,,
Vòng quay phải thu khách hàng,receivables_turnover,0.0,0.0,0.0,0.0,VCI,,,,
Thời gian thu tiền khách hàng bình quân,days_of_sales_outstanding,0.0,0.0,0.0,0.0,VCI,,,,
Vòng quay tài sản cố định (Hiệu suất sử dụng tài sản cố định),fixed_asset_turnover,24.89,21.28,22.57,24.89,VCI,,,,
Vòng quay tổng tài sản (Hiệu suất sử dụng toàn bộ tài sản),total_asset_turnover,0.06,0.03,0.05,0.06,VCI,,,,
Vòng quay vốn chủ sở hữu,equity_turnover,0.11,0.07,0.1,0.11,VCI,,,,
Tỷ số Nợ ngắn hạn trên Tổng nợ phải trả,short_term_liabilities_to_total_liabilities,98.06,95.72,96.27,98.06,VCI,,,,
Tỷ số Nợ vay trên Tổng tài sản,debt_to_assets,53.39,43.46,44.62,53.39,VCI,,,,
Tỷ số Nợ trên Tổng tài sản,liabilities_to_assets,57.37,46.98,49.98,57.37,VCI,,,,
Tỷ số Vốn chủ sở hữu trên Tổng tài sản,equity_to_assets,42.63,53.02,50.02,42.63,VCI,,,,
Tỷ số Nợ ngắn hạn trên Vốn chủ sở hữu,short_term_liabilities_to_equity,131.94,84.82,96.2,131.94,VCI,,,,
Tỷ số Nợ vay trên Vốn chủ sở hữu,debt_to_equity,125.23,81.96,89.2,125.23,VCI,,,,
Tỷ số Nợ trên Vốn chủ sở hữu,liabilities_to_equity,134.55,88.61,99.92,134.55,VCI,,,,
Tỷ số dòng tiền HĐKD trên doanh thu thuần,accrual_ratio_cf,0.0,1.21,0.0,0.0,VCI,,,,
Khả năng chi trả nợ ngắn hạn từ dòng tiền HĐKD,cash_to_income,0.0,0.1,0.0,0.0,VCI,,,,
Khả năng chi trả nợ ngắn hạn từ lưu chuyển tiền thuần trong kỳ,net_cash_flows_short_term_liabilities,0.0,-22.88,0.0,0.0,VCI,,,,
Tỷ lệ dồn tích (Phương pháp Cân đối kế toán),accrual_ratio_balance_sheet_method,22.87,-0.9,17.48,22.87,VCI,,,,
Tỷ lệ dồn tích (Phương pháp Dòng tiền),accrual_ratio_cash_flow_method,1.81,1.42,1.56,1.81,VCI,,,,
Dòng tiền từ HĐKD trên Tổng tài sản,cash_return_to_assets,0.0,0.04,0.0,0.0,VCI,,,,
Dòng tiền từ HĐKD trên Vốn chủ sở hữu,cash_return_on_equity,0.0,0.08,0.0,0.0,VCI,,,,
Dòng tiền từ HĐKD trên Lợi nhuận thuần từ HĐKD,cash_to_income_2,0.0,0.0,0.0,0.0,VCI,,,,
Khả năng thanh toán nợ từ dòng tiền HĐKD,debt_coverage,0.0,0.09,0.0,0.0,VCI,,,,
Dòng tiền từ HĐKD trên mỗi cổ phần (CPS),cash_flow_per_share_cps,0.0,14.38,0.0,0.0,VCI,,,,
Thu nhập trên mỗi cổ phần của 4 quý gần nhất (EPS),trailing_eps,6259.08,7695.53,10019.1,6259.08,VHM,,,,
Giá trị sổ sách của cổ phiếu (BVPS),book_value_per_share_bvps,57197.0,54389.0,60356.0,57197.0,VHM,,,,
Chỉ số giá thị trường trên thu nhập (P/E),pe_ratio,16.46,6.67,12.38,16.46,VHM,,,,
Chỉ số giá thị trường trên giá trị sổ sách (P/B),pb_ratio,1.8,0.94,2.05,1.8,VHM,,,,
Chỉ số giá thị trường trên doanh thu thuần (P/S),ps_ratio,25.77,13.42,4.94,25.77,VHM,,,,
Tỷ suất cổ tức,dividend_yield,0.0,0.0,0.0,0.0,VHM,,,,
Beta,beta,1.0,0.92,1.35,1.0,VHM,,,,
Giá trị doanh nghiệp trên lợi nhuận trước thuế và lãi vay (EV/EBIT),ev_ebit,65.7,39.47,17.26,65.7,VHM,,,,
"Giá trị doanh nghiệp trên lợi nhuận trước thuế, khấu hao và lãi vay (EV/EBITDA)",ev_ebitda,65.01,37.05,16.79,65.01,VHM,,,,
Tỷ suất lợi nhuận gộp biên,gross_margin,15.02,32.86,32.64,15.02,VHM,,,,
Tỷ lệ lãi EBIT,ebit_margin,49.45,47.66,34.73,49.45,VHM,,,,
Tỷ lệ lãi EBITDA,ebitda_net_revenue,51.6,50.77,35.24,51.6,VHM,,,,
Tỷ suất sinh lợi trên doanh thu thuần,net_margin,27.01,16.89,26.02,27.01,VHM,,,,
Tỷ suất lợi nhuận trên vốn chủ sở hữu bình quân (ROEA),roe,1.8,1.21,11.79,1.95,VHM,,,,
Tỷ suất sinh lợi trên vốn dài hạn bình quân (ROCE),return_on_capital_employed_roce,1.98,2.52,8.13,1.98,VHM,,,,
Tỷ suất sinh lợi trên tổng tài sản bình quân (ROAA),roa,0.59,0.48,3.44,0.59,VHM,,,,
ROE bình quân 4 quý gần nhất,roe_trailling,12.4,16.44,18.89,12.4,VHM,,,,
ROA bình quân 4 quý gần nhất,roa_trailling,4.07,6.14,5.93,4.07,VHM,,,,
Tăng trưởng  doanh thu thuần,net_revenue,-50.73,91.18,210.86,-50.73,VHM,,,,
Tăng trưởng  lợi nhuận gộp,gross_profit,-74.71,190.69,181.21,-74.71,VHM,,,,
Tăng trưởng lợi nhuận trước thuế ,profit_before_tax,-49.98,171.08,108.08,-49.98,VHM,,,,
Tăng trưởng lợi nhuận sau thuế của CĐ công ty mẹ,profit_after_tax_for_shareholders_of_the_parent_company,-46.81,203.94,131.66,-46.81,VHM,,,,
Tăng trưởng tổng tài sản,total_assets,46.42,20.89,40.24,46.42,VHM,,,,
Tăng trưởng nợ dài hạn,long_term_liabilities,227.94,88.73,287.13,227.94,VHM,,,,
Tăng trưởng nợ phải trả,liabilities,72.76,26.03,58.24,72.76,VHM,,,,
Tăng trưởng vốn chủ sở hữu,owners_equity,8.78,13.85,12.46,8.78,VHM,,,,
Tăng trưởng vốn điều lệ,charter_capital,-5.67,-5.67,0.0,-5.67,VHM,,,,
Tỷ số thanh toán bằng tiền mặt,cash_ratio,0.15,0.09,0.14,0.15,VHM,,,,
Tỷ số thanh toán nhanh,quick_ratio,0.94,0.86,1.06,0.94,VHM,,,,
"Tỷ số thanh toán nhanh  (Đã loại trừ HTK, Phải thu ngắn hạn - Tham khảo)",quick_ratio_except_inventories_short_term_receivables_reference,0.15,0.1,0.15,0.15,VHM,,,,
Tỷ số thanh toán hiện hành (ngắn hạn),short_term_ratio,1.32,1.09,1.45,1.32,VHM,,,,
Khả năng thanh toán lãi vay,interest_coverage,3.01,2.05,12.83,3.01,VHM,,,,
Vòng quay phải thu khách hàng,receivables_turnover,0.78,0.85,4.49,0.78,VHM,,,,
Thời gian thu tiền khách hàng bình quân,days_of_sales_outstanding,470.23,427.11,81.36,470.23,VHM,,,,
Vòng quay hàng tồn kho,inventory_turnover,0.14,0.2,0.53,0.14,VHM,,,,
Thời gian tồn kho bình quân,days_of_inventory_on_hand,2690.8,1807.62,684.9,2690.8,VHM,,,,
Vòng quay phải trả nhà cung cấp,payables_turnover,0.76,0.55,3.69,0.76,VHM,,,,
Thời gian trả tiền khách hàng bình quân,number_of_days_of_payables,479.55,658.15,98.86,479.55,VHM,,,,
Vòng quay tài sản cố định (Hiệu suất sử dụng tài sản cố định),fixed_asset_turnover,0.92,1.08,5.13,0.92,VHM,,,,
Vòng quay tổng tài sản (Hiệu suất sử dụng toàn bộ tài sản),total_asset_turnover,0.02,0.03,0.13,0.02,VHM,,,,
Vòng quay vốn chủ sở hữu,equity_turnover,0.07,0.07,0.43,0.07,VHM,,,,
Tỷ số Nợ ngắn hạn trên Tổng nợ phải trả,short_term_liabilities_to_total_liabilities,61.78,70.25,64.1,61.78,VHM,,,,
Tỷ số Nợ vay trên Tổng tài sản,debt_to_assets,18.42,15.66,18.6,18.42,VHM,,,,
Tỷ số Nợ trên Tổng tài sản,liabilities_to_assets,69.42,60.21,68.47,69.42,VHM,,,,
Tỷ số Vốn chủ sở hữu trên Tổng tài sản,equity_to_assets,30.58,39.79,31.53,30.58,VHM,,,,
Tỷ số Nợ ngắn hạn trên Vốn chủ sở hữu,short_term_liabilities_to_equity,140.26,106.32,139.24,140.26,VHM,,,,
Tỷ số Nợ vay trên Vốn chủ sở hữu,debt_to_equity,60.23,39.37,59.0,60.23,VHM,,,,
Tỷ số Nợ trên Vốn chủ sở hữu,liabilities_to_equity,227.02,151.35,217.21,227.02,VHM,,,,
Tỷ số dòng tiền HĐKD trên doanh thu thuần,accrual_ratio_cf,0.0,4.05,0.0,0.0,VHM,,,,
Khả năng chi trả nợ ngắn hạn từ dòng tiền HĐKD,cash_to_income,0.0,0.27,0.0,0.0,VHM,,,,
Khả năng chi trả nợ ngắn hạn từ lưu chuyển tiền thuần trong kỳ,net_cash_flows_short_term_liabilities,0.0,-3.07,0.0,0.0,VHM,,,,
Tỷ lệ dồn tích (Phương pháp Cân đối kế toán),accrual_ratio_balance_sheet_method,0.0,0.0,0.0,0.0,VHM,,,,
Tỷ lệ dồn tích (Phương pháp Dòng tiền),accrual_ratio_cash_flow_method,0.0,0.0,0.0,0.0,VHM,,,,
Dòng tiền từ HĐKD trên Tổng tài sản,cash_return_to_assets,0.0,0.11,0.0,0.0,VHM,,,,
Dòng tiền từ HĐKD trên Vốn chủ sở hữu,cash_return_on_equity,0.0,0.28,0.0,0.0,VHM,,,,
Dòng tiền từ HĐKD trên Lợi nhuận thuần từ HĐKD,cash_to_income_2,0.0,16.57,0.0,0.0,VHM,,,,
Khả năng thanh toán nợ từ dòng tiền HĐKD,debt_coverage,0.0,0.19,0.0,0.0,VHM,,,,
Dòng tiền từ HĐKD trên mỗi cổ phần (CPS),cash_flow_per_share_cps,0.0,154.74,0.0,0.0,VHM,,,,
Thu nhập trên mỗi cổ phần của 4 quý gần nhất (EPS),trailing_eps,2495.74,2558.3,2319.29,2495.74,VIB,,,,
Giá trị sổ sách của cổ phiếu (BVPS),book_value_per_share_bvps,13296.03,14649.68,13779.28,13296.03,VIB,,,,
Chỉ số giá thị trường trên thu nhập (P/E),pe_ratio,7.97,7.76,7.65,7.97,VIB,,,,
Chỉ số giá thị trường trên giá trị sổ sách (P/B),pb_ratio,1.5,1.35,1.29,1.5,VIB,,,,
Tỷ suất cổ tức,dividend_yield,0.04,0.03,3.94,3.52,VIB,,,,
Beta,beta,0.99,1.18,0.92,0.99,VIB,,,,
Tỷ suất lợi nhuận trên vốn chủ sở hữu bình quân (ROEA),roe,3.66,4.53,3.58,3.66,VIB,,,,
Tỷ suất sinh lợi trên tổng tài sản bình quân (ROAA),roa,0.3,0.39,0.3,0.3,VIB,,,,
Tỷ suất sinh lợi của Tài sản Có sinh lãi (YOEA),yield_on_earning_assets_yoea,1.72,1.71,1.82,1.72,VIB,,,,
Tỷ lệ chi phí hình thành Tài sản Có sinh lãi (COF),cost_of_funding_earning_assets_cof,1.06,1.05,1.16,1.06,VIB,,,,
Tỷ lệ thu nhập lãi thuần (NIM),net_interest_margin_nim,0.77,0.76,0.77,0.77,VIB,,,,
Tỷ lệ chi phí hoạt động/Tổng thu nhập HĐKD trước dự phòng (CIR),cost_income_ratio_cir,36.33,38.23,37.32,36.33,VIB,,,,
ROE bình quân 4 quý gần nhất,roe_trailling,17.34,17.44,16.24,17.34,VIB,,,,
ROA bình quân 4 quý gần nhất,roa_trailling,1.47,1.53,1.37,1.47,VIB,,,,
Tăng trưởng lợi nhuận trước thuế ,profit_before_tax,1.59,-3.24,-14.28,1.59,VIB,,,,
Tăng trưởng lợi nhuận sau thuế của CĐ ngân hàng mẹ,profit_after_tax_for_shareholders_of_the_parent_company,1.58,-3.23,-14.22,1.58,VIB,,,,
Tăng trưởng tổng tài sản,total_assets,22.04,19.77,12.76,22.04,VIB,,,,
Tăng trưởng vốn chủ sở hữu,owners_equity,13.31,13.61,12.05,13.31,VIB,,,,
Tăng trưởng vốn điều lệ,charter_capital,14.26,17.44,14.26,14.26,VIB,,,,
Tăng trưởng dư nợ cho vay,deposits_from_customers,25.27,24.82,17.89,25.27,VIB,,,,
Tăng trưởng huy động vốn khách hàng,deposits_from_customers_2,20.46,20.53,6.61,20.46,VIB,,,,
Tăng trưởng thu nhập lãi thuần,net_interest_income,2.78,-7.4,7.59,2.78,VIB,,,,
Tăng trưởng dự phòng rủi ro tín dụng,provisions_for_loan_losses,3.54,-14.04,-0.28,3.54,VIB,,,,
Tăng trưởng thu phí dịch vụ thuần,net_fee_and_commission_income,20.61,-49.89,27.43,20.61,VIB,,,,
Tăng trưởng tổng thu nhập HĐKD trước dự phòng,operating_profit_before_provision_for_credit_losses,1.08,-17.56,-6.05,1.08,VIB,,,,
Tăng trưởng tổng chi phí HĐKD,operating_expenses,2.07,-5.99,12.53,2.07,VIB,,,,
Dư nợ cho vay khách hàng/Tổng vốn huy động (LDR),outstanding_loans_customer_deposits,76.58,75.65,76.68,76.58,VIB,,,,
Dư nợ cho vay/Tổng tài sản Có,outstanding_loans_total_assets,68.57,67.41,68.69,68.57,VIB,,,,
Vốn chủ sở hữu/Tổng vốn huy động ,equity_deposits_from_customers,0.09,0.1,9.42,9.3,VIB,,,,
Vốn chủ sở hữu/Tổng tài sản Có,equity_total_assets,8.33,8.8,8.43,8.33,VIB,,,,
Dự phòng rủi ro tín dụng/Tổng dư nợ,loan_loss_provision_ratio,-0.01,-0.01,-1.29,-1.32,VIB,,,,
Tài sản Có sinh lãi/Tổng tài sản Có,earning_assets_total_assets,99.09,99.17,98.28,99.09,VIB,,,,
Thu nhập trên mỗi cổ phần của 4 quý gần nhất (EPS),trailing_eps,2335.45,2808.89,1785.27,2335.45,VIC,,,,
Giá trị sổ sách của cổ phiếu (BVPS),book_value_per_share_bvps,41723.0,41178.0,19584.0,41723.0,VIC,,,,
Chỉ số giá thị trường trên thu nhập (P/E),pe_ratio,74.21,20.36,95.0,74.89,VIC,,,,
Chỉ số giá thị trường trên giá trị sổ sách (P/B),pb_ratio,4.19,1.41,8.66,4.19,VIC,,,,
Chỉ số giá thị trường trên doanh thu thuần (P/S),ps_ratio,17.34,2.64,8.04,17.34,VIC,,,,
Tỷ suất cổ tức,dividend_yield,0.0,0.0,0.0,0.0,VIC,,,,
Beta,beta,1.18,0.96,1.12,1.18,VIC,,,,
Giá trị doanh nghiệp trên lợi nhuận trước thuế và lãi vay (EV/EBIT),ev_ebit,72.38,33.38,81.51,72.38,VIC,,,,
"Giá trị doanh nghiệp trên lợi nhuận trước thuế, khấu hao và lãi vay (EV/EBITDA)",ev_ebitda,25.75,21.92,33.09,25.75,VIC,,,,
Tỷ suất lợi nhuận gộp biên,gross_margin,-18.63,22.85,22.68,-18.63,VIC,,,,
Tỷ lệ lãi EBIT,ebit_margin,33.35,16.04,11.85,33.35,VIC,,,,
Tỷ lệ lãi EBITDA,ebitda_net_revenue,55.28,24.43,17.4,55.28,VIC,,,,
Tỷ suất sinh lợi trên doanh thu thuần,net_margin,7.73,2.67,2.19,7.73,VIC,,,,
Tỷ suất lợi nhuận trên vốn chủ sở hữu bình quân (ROEA),roe,0.4,4.48,4.6,0.44,VIC,,,,
Tỷ suất sinh lợi trên vốn dài hạn bình quân (ROCE),return_on_capital_employed_roce,2.64,3.81,3.65,2.64,VIC,,,,
Tỷ suất sinh lợi trên tổng tài sản bình quân (ROAA),roa,0.06,0.84,0.61,0.06,VIC,,,,
ROE bình quân 4 quý gần nhất,roe_trailling,6.33,7.97,9.46,6.33,VIC,,,,
ROA bình quân 4 quý gần nhất,roa_trailling,0.98,1.37,1.38,0.98,VIC,,,,
Tăng trưởng  doanh thu thuần,net_revenue,-37.73,286.66,150.08,-37.73,VIC,,,,
Tăng trưởng  lợi nhuận gộp,gross_profit,0.0,0.0,270.1,0.0,VIC,,,,
Tăng trưởng lợi nhuận trước thuế ,profit_before_tax,-14.47,196.0,104.63,-14.47,VIC,,,,
Tăng trưởng lợi nhuận sau thuế của CĐ công ty mẹ,profit_after_tax_for_shareholders_of_the_parent_company,-87.91,-12.04,234.29,-87.91,VIC,,,,
Tăng trưởng tổng tài sản,total_assets,37.45,18.64,33.63,37.45,VIC,,,,
Tăng trưởng nợ dài hạn,long_term_liabilities,134.73,58.74,121.0,134.73,VIC,,,,
Tăng trưởng nợ phải trả,liabilities,47.63,24.17,41.46,47.63,VIC,,,,
Tăng trưởng vốn chủ sở hữu,owners_equity,-1.43,-0.19,-1.34,-1.43,VIC,,,,
Tăng trưởng vốn điều lệ,charter_capital,0.05,0.0,99.39,0.05,VIC,,,,
Tỷ số thanh toán bằng tiền mặt,cash_ratio,0.13,0.07,0.12,0.13,VIC,,,,
Tỷ số thanh toán nhanh,quick_ratio,0.73,0.59,0.77,0.73,VIC,,,,
"Tỷ số thanh toán nhanh  (Đã loại trừ HTK, Phải thu ngắn hạn - Tham khảo)",quick_ratio_except_inventories_short_term_receivables_reference,0.14,0.09,0.14,0.14,VIC,,,,
Tỷ số thanh toán hiện hành (ngắn hạn),short_term_ratio,1.06,0.84,1.12,1.06,VIC,,,,
Khả năng thanh toán lãi vay,interest_coverage,1.45,2.21,2.35,1.45,VIC,,,,
Vòng quay phải thu khách hàng,receivables_turnover,1.33,2.72,4.96,1.33,VIC,,,,
Thời gian thu tiền khách hàng bình quân,days_of_sales_outstanding,274.15,133.95,73.54,274.15,VIC,,,,
Vòng quay hàng tồn kho,inventory_turnover,0.29,0.58,0.64,0.29,VIC,,,,
Thời gian tồn kho bình quân,days_of_inventory_on_hand,1268.61,629.31,567.99,1268.61,VIC,,,,
Vòng quay phải trả nhà cung cấp,payables_turnover,0.97,1.44,2.3,0.97,VIC,,,,
Thời gian trả tiền khách hàng bình quân,number_of_days_of_payables,377.19,253.36,158.94,377.19,VIC,,,,
Vòng quay tài sản cố định (Hiệu suất sử dụng tài sản cố định),fixed_asset_turnover,0.21,0.46,0.86,0.21,VIC,,,,
Vòng quay tổng tài sản (Hiệu suất sử dụng toàn bộ tài sản),total_asset_turnover,0.04,0.1,0.15,0.04,VIC,,,,
Vòng quay vốn chủ sở hữu,equity_turnover,0.24,0.54,1.04,0.24,VIC,,,,
Tỷ số Nợ ngắn hạn trên Tổng nợ phải trả,short_term_liabilities_to_total_liabilities,60.25,66.19,61.07,60.25,VIC,,,,
Tỷ số Nợ vay trên Tổng tài sản,debt_to_assets,29.59,30.1,29.91,29.59,VIC,,,,
Tỷ số Nợ trên Tổng tài sản,liabilities_to_assets,85.12,80.87,86.49,85.12,VIC,,,,
Tỷ số Vốn chủ sở hữu trên Tổng tài sản,equity_to_assets,14.88,19.13,13.51,14.88,VIC,,,,
Tỷ số Nợ ngắn hạn trên Vốn chủ sở hữu,short_term_liabilities_to_equity,344.58,279.9,391.15,344.58,VIC,,,,
Tỷ số Nợ vay trên Vốn chủ sở hữu,debt_to_equity,198.84,157.38,221.44,198.84,VIC,,,,
Tỷ số Nợ trên Vốn chủ sở hữu,liabilities_to_equity,571.92,422.87,640.45,571.92,VIC,,,,
Tỷ số dòng tiền HĐKD trên doanh thu thuần,accrual_ratio_cf,0.0,-20.79,0.0,0.0,VIC,,,,
Khả năng chi trả nợ ngắn hạn từ dòng tiền HĐKD,cash_to_income,0.0,-3.96,0.0,0.0,VIC,,,,
Khả năng chi trả nợ ngắn hạn từ lưu chuyển tiền thuần trong kỳ,net_cash_flows_short_term_liabilities,0.0,-2.29,0.0,0.0,VIC,,,,
Tỷ lệ dồn tích (Phương pháp Cân đối kế toán),accrual_ratio_balance_sheet_method,0.0,0.0,0.0,0.0,VIC,,,,
Tỷ lệ dồn tích (Phương pháp Dòng tiền),accrual_ratio_cash_flow_method,0.0,0.0,0.0,0.0,VIC,,,,
Dòng tiền từ HĐKD trên Tổng tài sản,cash_return_to_assets,0.0,-2.12,0.0,0.0,VIC,,,,
Dòng tiền từ HĐKD trên Vốn chủ sở hữu,cash_return_on_equity,0.0,-11.1,0.0,0.0,VIC,,,,
Dòng tiền từ HĐKD trên Lợi nhuận thuần từ HĐKD,cash_to_income_2,0.0,-338.78,0.0,0.0,VIC,,,,
Khả năng thanh toán nợ từ dòng tiền HĐKD,debt_coverage,0.0,-2.62,0.0,0.0,VIC,,,,
Dòng tiền từ HĐKD trên mỗi cổ phần (CPS),cash_flow_per_share_cps,0.0,-4569.91,0.0,0.0,VIC,,,,
Thu nhập trên mỗi cổ phần của 4 quý gần nhất (EPS),trailing_eps,3003.05,3348.13,3804.75,3003.05,VJC,,,,
Giá trị sổ sách của cổ phiếu (BVPS),book_value_per_share_bvps,41263.0,32915.0,42005.0,41263.0,VJC,,,,
Chỉ số giá thị trường trên thu nhập (P/E),pe_ratio,43.16,28.37,54.93,43.16,VJC,,,,
Chỉ số giá thị trường trên giá trị sổ sách (P/B),pb_ratio,3.14,2.89,4.98,3.14,VJC,,,,
Chỉ số giá thị trường trên doanh thu thuần (P/S),ps_ratio,4.53,2.87,4.22,4.53,VJC,,,,
Tỷ suất cổ tức,dividend_yield,0.0,0.0,0.0,0.0,VJC,,,,
Beta,beta,0.89,0.57,0.88,0.89,VJC,,,,
Giá trị doanh nghiệp trên lợi nhuận trước thuế và lãi vay (EV/EBIT),ev_ebit,93.42,56.15,111.75,93.42,VJC,,,,
"Giá trị doanh nghiệp trên lợi nhuận trước thuế, khấu hao và lãi vay (EV/EBITDA)",ev_ebitda,57.62,49.88,69.72,57.62,VJC,,,,
Tỷ suất lợi nhuận gộp biên,gross_margin,12.38,13.39,5.29,12.38,VJC,,,,
Tỷ lệ lãi EBIT,ebit_margin,7.84,9.17,5.55,7.84,VJC,,,,
Tỷ lệ lãi EBITDA,ebitda_net_revenue,9.47,10.32,6.42,9.47,VJC,,,,
Tỷ suất sinh lợi trên doanh thu thuần,net_margin,1.89,3.57,1.74,1.89,VJC,,,,
Tỷ suất lợi nhuận trên vốn chủ sở hữu bình quân (ROEA),roe,1.32,3.67,2.08,1.32,VJC,,,,
Tỷ suất sinh lợi trên vốn dài hạn bình quân (ROCE),return_on_capital_employed_roce,1.74,2.49,1.9,1.74,VJC,,,,
Tỷ suất sinh lợi trên tổng tài sản bình quân (ROAA),roa,0.28,0.65,0.4,0.28,VJC,,,,
ROE bình quân 4 quý gần nhất,roe_trailling,7.89,10.64,9.35,7.89,VJC,,,,
ROA bình quân 4 quý gần nhất,roa_trailling,1.54,1.89,1.82,1.54,VJC,,,,
Tăng trưởng  doanh thu thuần,net_revenue,-6.79,0.9,48.13,-6.79,VJC,,,,
Tăng trưởng  lợi nhuận gộp,gross_profit,-4.85,37.72,53.69,-4.85,VJC,,,,
Tăng trưởng lợi nhuận trước thuế ,profit_before_tax,-47.38,23.66,434.15,-47.38,VJC,,,,
Tăng trưởng lợi nhuận sau thuế của CĐ công ty mẹ,profit_after_tax_for_shareholders_of_the_parent_company,-44.14,19.45,2084.46,-44.14,VJC,,,,
Tăng trưởng tổng tài sản,total_assets,22.89,15.07,40.13,22.89,VJC,,,,
Tăng trưởng nợ dài hạn,long_term_liabilities,40.51,42.41,39.47,40.51,VJC,,,,
Tăng trưởng nợ phải trả,liabilities,17.88,16.0,38.76,17.88,VJC,,,,
Tăng trưởng vốn chủ sở hữu,owners_equity,45.97,11.06,46.78,45.97,VJC,,,,
Tăng trưởng vốn điều lệ,charter_capital,9.23,0.0,9.23,9.23,VJC,,,,
Tỷ số thanh toán bằng tiền mặt,cash_ratio,0.15,0.07,0.24,0.15,VJC,,,,
Tỷ số thanh toán nhanh,quick_ratio,1.02,1.08,1.13,1.02,VJC,,,,
"Tỷ số thanh toán nhanh  (Đã loại trừ HTK, Phải thu ngắn hạn - Tham khảo)",quick_ratio_except_inventories_short_term_receivables_reference,0.22,0.19,0.29,0.22,VJC,,,,
Tỷ số thanh toán hiện hành (ngắn hạn),short_term_ratio,1.07,1.14,1.17,1.07,VJC,,,,
Khả năng thanh toán lãi vay,interest_coverage,1.43,2.03,1.55,1.43,VJC,,,,
Vòng quay phải thu khách hàng,receivables_turnover,1.79,1.27,2.1,1.79,VJC,,,,
Thời gian thu tiền khách hàng bình quân,days_of_sales_outstanding,203.77,287.79,173.5,203.77,VJC,,,,
Vòng quay hàng tồn kho,inventory_turnover,6.84,7.59,13.21,6.84,VJC,,,,
Thời gian tồn kho bình quân,days_of_inventory_on_hand,53.37,48.07,27.63,53.37,VJC,,,,
Vòng quay phải trả nhà cung cấp,payables_turnover,2.81,2.49,5.34,2.81,VJC,,,,
Thời gian trả tiền khách hàng bình quân,number_of_days_of_payables,130.01,146.8,68.39,130.01,VJC,,,,
Vòng quay tài sản cố định (Hiệu suất sử dụng tài sản cố định),fixed_asset_turnover,0.92,1.27,1.09,0.92,VJC,,,,
Vòng quay tổng tài sản (Hiệu suất sử dụng toàn bộ tài sản),total_asset_turnover,0.15,0.18,0.23,0.15,VJC,,,,
Vòng quay vốn chủ sở hữu,equity_turnover,0.7,1.03,1.19,0.7,VJC,,,,
Tỷ số Nợ ngắn hạn trên Tổng nợ phải trả,short_term_liabilities_to_total_liabilities,41.04,39.47,40.69,41.04,VJC,,,,
Tỷ số Nợ vay trên Tổng tài sản,debt_to_assets,45.87,43.73,49.48,45.87,VJC,,,,
Tỷ số Nợ trên Tổng tài sản,liabilities_to_assets,78.81,81.95,82.18,78.81,VJC,,,,
Tỷ số Vốn chủ sở hữu trên Tổng tài sản,equity_to_assets,21.19,18.05,17.82,21.19,VJC,,,,
Tỷ số Nợ ngắn hạn trên Vốn chủ sở hữu,short_term_liabilities_to_equity,152.69,179.19,187.65,152.69,VJC,,,,
Tỷ số Nợ vay trên Vốn chủ sở hữu,debt_to_equity,216.52,242.28,277.66,216.52,VJC,,,,
Tỷ số Nợ trên Vốn chủ sở hữu,liabilities_to_equity,372.03,454.02,461.19,372.03,VJC,,,,
Tỷ số dòng tiền HĐKD trên doanh thu thuần,accrual_ratio_cf,0.0,-4.73,0.0,0.0,VJC,,,,
Khả năng chi trả nợ ngắn hạn từ dòng tiền HĐKD,cash_to_income,0.0,-2.66,0.0,0.0,VJC,,,,
Khả năng chi trả nợ ngắn hạn từ lưu chuyển tiền thuần trong kỳ,net_cash_flows_short_term_liabilities,0.0,-7.37,0.0,0.0,VJC,,,,
Tỷ lệ dồn tích (Phương pháp Cân đối kế toán),accrual_ratio_balance_sheet_method,0.0,0.0,0.0,0.0,VJC,,,,
Tỷ lệ dồn tích (Phương pháp Dòng tiền),accrual_ratio_cash_flow_method,0.0,0.0,0.0,0.0,VJC,,,,
Dòng tiền từ HĐKD trên Tổng tài sản,cash_return_to_assets,0.0,-0.86,0.0,0.0,VJC,,,,
Dòng tiền từ HĐKD trên Vốn chủ sở hữu,cash_return_on_equity,0.0,-4.76,0.0,0.0,VJC,,,,
Dòng tiền từ HĐKD trên Lợi nhuận thuần từ HĐKD,cash_to_income_2,0.0,-102.86,0.0,0.0,VJC,,,,
Khả năng thanh toán nợ từ dòng tiền HĐKD,debt_coverage,0.0,-1.05,0.0,0.0,VJC,,,,
Dòng tiền từ HĐKD trên mỗi cổ phần (CPS),cash_flow_per_share_cps,0.0,-1567.25,0.0,0.0,VJC,,,,
Thu nhập trên mỗi cổ phần của 4 quý gần nhất (EPS),trailing_eps,1268.74,1034.6,1328.31,1268.74,VND,,,,
Giá trị sổ sách của cổ phiếu (BVPS),book_value_per_share_bvps,13506.48,13202.13,13731.14,13506.48,VND,,,,
Chỉ số giá thị trường trên thu nhập (P/E),pe_ratio,17.69,14.79,14.64,17.69,VND,,,,
Chỉ số giá thị trường trên giá trị sổ sách (P/B),pb_ratio,1.66,1.16,1.42,1.66,VND,,,,
Chỉ số giá thị trường trên doanh thu thuần (P/S),ps_ratio,15.43,18.51,20.74,15.43,VND,,,,
Tỷ suất cổ tức,dividend_yield,0.02,0.03,2.57,2.23,VND,,,,
Beta,beta,1.4,1.6,1.46,1.4,VND,,,,
Giá trị doanh nghiệp trên lợi nhuận trước thuế và lãi vay (EV/EBIT),ev_ebit,0.0,0.0,0.0,0.0,VND,,,,
"Giá trị doanh nghiệp trên lợi nhuận trước thuế, khấu hao và lãi vay (EV/EBITDA)",ev_ebitda,0.0,0.0,0.0,0.0,VND,,,,
Tỷ suất lợi nhuận gộp biên,gross_margin,70.85,64.13,61.97,70.85,VND,,,,
Tỷ suất sinh lợi trên doanh thu thuần,net_margin,41.96,30.41,23.96,41.96,VND,,,,
Tỷ suất lợi nhuận trên vốn chủ sở hữu bình quân (ROEA),roe,4.62,1.92,1.65,4.62,VND,,,,
Tỷ suất sinh lợi trên tổng tài sản bình quân (ROAA),roa,1.79,0.81,0.64,1.79,VND,,,,
ROE bình quân 4 quý gần nhất,roe_trailling,9.66,7.75,9.96,9.66,VND,,,,
ROA bình quân 4 quý gần nhất,roa_trailling,3.89,3.25,3.93,3.89,VND,,,,
Tăng trưởng  doanh thu thuần,net_revenue,74.41,-9.16,17.8,74.41,VND,,,,
Tăng trưởng  lợi nhuận gộp,gross_profit,76.1,-24.97,52.11,76.1,VND,,,,
Tăng trưởng lợi nhuận trước thuế ,profit_before_tax,87.92,-37.65,36.79,87.92,VND,,,,
Tăng trưởng lợi nhuận sau thuế của CĐ công ty mẹ,profit_after_tax_for_shareholders_of_the_parent_company,83.92,-38.01,36.08,83.92,VND,,,,
Tăng trưởng tổng tài sản,total_assets,29.48,21.15,16.56,29.48,VND,,,,
Tăng trưởng nợ dài hạn,long_term_liabilities,41.37,-43.66,2580.41,41.37,VND,,,,
Tăng trưởng nợ phải trả,liabilities,48.95,23.82,25.01,48.95,VND,,,,
Tăng trưởng vốn chủ sở hữu,owners_equity,5.64,17.36,6.03,5.64,VND,,,,
Tăng trưởng vốn điều lệ,charter_capital,0.0,25.0,0.0,0.0,VND,,,,
Tỷ số thanh toán bằng tiền mặt,cash_ratio,0.02,0.03,0.06,0.02,VND,,,,
"Tỷ số thanh toán nhanh  (Đã loại trừ HTK, Phải thu ngắn hạn - Tham khảo)",quick_ratio_except_inventories_short_term_receivables_reference,0.02,0.03,0.06,0.02,VND,,,,
Tỷ số thanh toán hiện hành (ngắn hạn),short_term_ratio,1.54,1.57,1.77,1.54,VND,,,,
Vòng quay phải thu khách hàng,receivables_turnover,0.0,0.0,0.0,0.0,VND,,,,
Thời gian thu tiền khách hàng bình quân,days_of_sales_outstanding,0.0,0.0,0.0,0.0,VND,,,,
Vòng quay tài sản cố định (Hiệu suất sử dụng tài sản cố định),fixed_asset_turnover,30.5,15.98,18.7,30.5,VND,,,,
Vòng quay tổng tài sản (Hiệu suất sử dụng toàn bộ tài sản),total_asset_turnover,0.04,0.03,0.03,0.04,VND,,,,
Vòng quay vốn chủ sở hữu,equity_turnover,0.11,0.06,0.07,0.11,VND,,,,
Tỷ số Nợ ngắn hạn trên Tổng nợ phải trả,short_term_liabilities_to_total_liabilities,99.66,99.76,93.26,99.66,VND,,,,
Tỷ số Nợ vay trên Tổng tài sản,debt_to_assets,56.72,56.18,51.26,56.72,VND,,,,
Tỷ số Nợ trên Tổng tài sản,liabilities_to_assets,63.32,59.88,59.51,63.32,VND,,,,
Tỷ số Vốn chủ sở hữu trên Tổng tài sản,equity_to_assets,36.68,40.12,40.49,36.68,VND,,,,
Tỷ số Nợ ngắn hạn trên Vốn chủ sở hữu,short_term_liabilities_to_equity,172.07,148.88,137.09,172.07,VND,,,,
Tỷ số Nợ vay trên Vốn chủ sở hữu,debt_to_equity,154.66,140.01,126.6,154.66,VND,,,,
Tỷ số Nợ trên Vốn chủ sở hữu,liabilities_to_equity,172.66,149.24,146.99,172.66,VND,,,,
Tỷ số dòng tiền HĐKD trên doanh thu thuần,accrual_ratio_cf,0.0,-413.57,0.0,0.0,VND,,,,
Khả năng chi trả nợ ngắn hạn từ dòng tiền HĐKD,cash_to_income,0.0,-17.39,0.0,0.0,VND,,,,
Khả năng chi trả nợ ngắn hạn từ lưu chuyển tiền thuần trong kỳ,net_cash_flows_short_term_liabilities,0.0,0.32,0.0,0.0,VND,,,,
Tỷ lệ dồn tích (Phương pháp Cân đối kế toán),accrual_ratio_balance_sheet_method,15.79,13.53,-12.34,15.79,VND,,,,
Tỷ lệ dồn tích (Phương pháp Dòng tiền),accrual_ratio_cash_flow_method,1.94,12.63,0.7,1.94,VND,,,,
Dòng tiền từ HĐKD trên Tổng tài sản,cash_return_to_assets,0.0,-10.39,0.0,0.0,VND,,,,
Dòng tiền từ HĐKD trên Vốn chủ sở hữu,cash_return_on_equity,0.0,-25.89,0.0,0.0,VND,,,,
Dòng tiền từ HĐKD trên Lợi nhuận thuần từ HĐKD,cash_to_income_2,0.0,0.0,0.0,0.0,VND,,,,
Khả năng thanh toán nợ từ dòng tiền HĐKD,debt_coverage,0.0,-17.35,0.0,0.0,VND,,,,
Dòng tiền từ HĐKD trên mỗi cổ phần (CPS),cash_flow_per_share_cps,0.0,-3417.6,0.0,0.0,VND,,,,
Thu nhập trên mỗi cổ phần của 4 quý gần nhất (EPS),trailing_eps,4159.65,4194.41,4502.58,4159.65,VNM,,,,
Giá trị sổ sách của cổ phiếu (BVPS),book_value_per_share_bvps,18160.0,18002.0,16499.0,18160.0,VNM,,,,
Chỉ số giá thị trường trên thu nhập (P/E),pe_ratio,14.42,14.45,13.59,14.42,VNM,,,,
Chỉ số giá thị trường trên giá trị sổ sách (P/B),pb_ratio,3.3,3.37,3.71,3.3,VNM,,,,
Chỉ số giá thị trường trên doanh thu thuần (P/S),ps_ratio,7.4,9.79,7.51,7.4,VNM,,,,
Tỷ suất cổ tức,dividend_yield,0.04,0.05,7.92,4.17,VNM,,,,
Beta,beta,0.52,0.63,0.52,0.52,VNM,,,,
Giá trị doanh nghiệp trên lợi nhuận trước thuế và lãi vay (EV/EBIT),ev_ebit,41.35,68.22,39.07,41.35,VNM,,,,
"Giá trị doanh nghiệp trên lợi nhuận trước thuế, khấu hao và lãi vay (EV/EBITDA)",ev_ebitda,26.02,54.47,25.73,26.02,VNM,,,,
Tỷ suất lợi nhuận gộp biên,gross_margin,41.8,40.28,40.45,41.8,VNM,,,,
Tỷ lệ lãi EBIT,ebit_margin,18.88,15.67,20.94,18.88,VNM,,,,
Tỷ lệ lãi EBITDA,ebitda_net_revenue,21.73,19.62,23.47,21.73,VNM,,,,
Tỷ suất sinh lợi trên doanh thu thuần,net_margin,14.81,12.27,16.6,14.81,VNM,,,,
Tỷ suất lợi nhuận trên vốn chủ sở hữu bình quân (ROEA),roe,6.86,4.25,8.77,7.67,VNM,,,,
Tỷ suất sinh lợi trên vốn dài hạn bình quân (ROCE),return_on_capital_employed_roce,8.6,5.43,9.75,8.6,VNM,,,,
Tỷ suất sinh lợi trên tổng tài sản bình quân (ROAA),roa,4.55,2.85,5.21,4.55,VNM,,,,
ROE bình quân 4 quý gần nhất,roe_trailling,26.37,26.63,28.9,26.37,VNM,,,,
ROA bình quân 4 quý gần nhất,roa_trailling,15.73,15.8,17.17,15.73,VNM,,,,
Tăng trưởng  doanh thu thuần,net_revenue,9.11,-8.35,10.06,9.11,VNM,,,,
Tăng trưởng  lợi nhuận gộp,gross_profit,10.71,-11.86,10.96,10.71,VNM,,,,
Tăng trưởng lợi nhuận trước thuế ,profit_before_tax,6.25,-27.89,31.54,6.25,VNM,,,,
Tăng trưởng lợi nhuận sau thuế của CĐ công ty mẹ,profit_after_tax_for_shareholders_of_the_parent_company,5.13,-28.53,33.75,5.13,VNM,,,,
Tăng trưởng tổng tài sản,total_assets,-3.47,6.5,-3.15,-3.47,VNM,,,,
Tăng trưởng nợ dài hạn,long_term_liabilities,-3.48,-16.75,-25.55,-3.48,VNM,,,,
Tăng trưởng nợ phải trả,liabilities,-20.99,10.17,-0.24,-20.99,VNM,,,,
Tăng trưởng vốn chủ sở hữu,owners_equity,7.69,4.89,-4.68,7.69,VNM,,,,
Tăng trưởng vốn điều lệ,charter_capital,0.0,0.0,0.0,0.0,VNM,,,,
Tỷ số thanh toán bằng tiền mặt,cash_ratio,0.3,0.15,0.1,0.3,VNM,,,,
Tỷ số thanh toán nhanh,quick_ratio,1.87,1.85,1.59,1.87,VNM,,,,
"Tỷ số thanh toán nhanh  (Đã loại trừ HTK, Phải thu ngắn hạn - Tham khảo)",quick_ratio_except_inventories_short_term_receivables_reference,1.52,1.51,1.25,1.52,VNM,,,,
Tỷ số thanh toán hiện hành (ngắn hạn),short_term_ratio,2.24,2.26,1.96,2.24,VNM,,,,
Khả năng thanh toán lãi vay,interest_coverage,42.42,26.96,39.64,42.42,VNM,,,,
Vòng quay phải thu khách hàng,receivables_turnover,3.63,2.9,3.58,3.63,VNM,,,,
Thời gian thu tiền khách hàng bình quân,days_of_sales_outstanding,100.68,125.71,101.94,100.68,VNM,,,,
Vòng quay hàng tồn kho,inventory_turnover,1.48,1.22,1.54,1.48,VNM,,,,
Thời gian tồn kho bình quân,days_of_inventory_on_hand,247.07,299.27,236.55,247.07,VNM,,,,
Vòng quay phải trả nhà cung cấp,payables_turnover,2.52,1.98,2.73,2.52,VNM,,,,
Thời gian trả tiền khách hàng bình quân,number_of_days_of_payables,144.8,184.07,133.46,144.8,VNM,,,,
Vòng quay tài sản cố định (Hiệu suất sử dụng tài sản cố định),fixed_asset_turnover,1.32,1.04,1.34,1.32,VNM,,,,
Vòng quay tổng tài sản (Hiệu suất sử dụng toàn bộ tài sản),total_asset_turnover,0.31,0.24,0.31,0.31,VNM,,,,
Vòng quay vốn chủ sở hữu,equity_turnover,0.46,0.35,0.47,0.46,VNM,,,,
Tỷ số Nợ ngắn hạn trên Tổng nợ phải trả,short_term_liabilities_to_total_liabilities,97.76,97.65,98.36,97.76,VNM,,,,
Tỷ số Nợ vay trên Tổng tài sản,debt_to_assets,14.86,18.57,17.74,14.86,VNM,,,,
Tỷ số Nợ trên Tổng tài sản,liabilities_to_assets,31.83,31.61,35.32,31.83,VNM,,,,
Tỷ số Vốn chủ sở hữu trên Tổng tài sản,equity_to_assets,68.17,68.39,64.68,68.17,VNM,,,,
Tỷ số Nợ ngắn hạn trên Vốn chủ sở hữu,short_term_liabilities_to_equity,45.66,45.14,53.71,45.66,VNM,,,,
Tỷ số Nợ vay trên Vốn chủ sở hữu,debt_to_equity,21.8,27.15,27.42,21.8,VNM,,,,
Tỷ số Nợ trên Vốn chủ sở hữu,liabilities_to_equity,46.7,46.23,54.6,46.7,VNM,,,,
Tỷ số dòng tiền HĐKD trên doanh thu thuần,accrual_ratio_cf,0.0,-0.96,0.0,0.0,VNM,,,,
Khả năng chi trả nợ ngắn hạn từ dòng tiền HĐKD,cash_to_income,0.0,-0.73,0.0,0.0,VNM,,,,
Khả năng chi trả nợ ngắn hạn từ lưu chuyển tiền thuần trong kỳ,net_cash_flows_short_term_liabilities,0.0,1.83,0.0,0.0,VNM,,,,
Tỷ lệ dồn tích (Phương pháp Cân đối kế toán),accrual_ratio_balance_sheet_method,0.0,0.0,0.0,0.0,VNM,,,,
Tỷ lệ dồn tích (Phương pháp Dòng tiền),accrual_ratio_cash_flow_method,0.0,0.0,0.0,0.0,VNM,,,,
Dòng tiền từ HĐKD trên Tổng tài sản,cash_return_to_assets,0.0,-0.23,0.0,0.0,VNM,,,,
Dòng tiền từ HĐKD trên Vốn chủ sở hữu,cash_return_on_equity,0.0,-0.33,0.0,0.0,VNM,,,,
Dòng tiền từ HĐKD trên Lợi nhuận thuần từ HĐKD,cash_to_income_2,0.0,-6.39,0.0,0.0,VNM,,,,
Khả năng thanh toán nợ từ dòng tiền HĐKD,debt_coverage,0.0,-0.72,0.0,0.0,VNM,,,,
Dòng tiền từ HĐKD trên mỗi cổ phần (CPS),cash_flow_per_share_cps,0.0,-59.67,0.0,0.0,VNM,,,,
Thu nhập trên mỗi cổ phần của 4 quý gần nhất (EPS),trailing_eps,2602.77,2029.08,3023.72,2602.77,VPB,,,,
Giá trị sổ sách của cổ phiếu (BVPS),book_value_per_share_bvps,20109.25,19059.09,22722.13,20109.25,VPB,,,,
Chỉ số giá thị trường trên thu nhập (P/E),pe_ratio,11.95,9.36,9.48,11.95,VPB,,,,
Chỉ số giá thị trường trên giá trị sổ sách (P/B),pb_ratio,1.55,1.0,1.26,1.55,VPB,,,,
Tỷ suất cổ tức,dividend_yield,0.02,0.05,1.75,1.61,VPB,,,,
Beta,beta,1.21,1.05,1.31,1.21,VPB,,,,
Tỷ suất lợi nhuận trên vốn chủ sở hữu bình quân (ROEA),roe,4.67,2.61,4.94,4.84,VPB,,,,
Tỷ suất sinh lợi trên tổng tài sản bình quân (ROAA),roa,0.64,0.41,0.65,0.64,VPB,,,,
Tỷ suất sinh lợi của Tài sản Có sinh lãi (YOEA),yield_on_earning_assets_yoea,2.31,2.36,2.44,2.31,VPB,,,,
Tỷ lệ chi phí hình thành Tài sản Có sinh lãi (COF),cost_of_funding_earning_assets_cof,1.17,1.12,1.26,1.17,VPB,,,,
Tỷ lệ thu nhập lãi thuần (NIM),net_interest_margin_nim,1.33,1.42,1.39,1.33,VPB,,,,
Tỷ lệ chi phí hoạt động/Tổng thu nhập HĐKD trước dự phòng (CIR),cost_income_ratio_cir,21.99,24.89,26.43,21.99,VPB,,,,
ROE bình quân 4 quý gần nhất,roe_trailling,14.04,11.53,15.62,14.04,VPB,,,,
ROA bình quân 4 quý gần nhất,roa_trailling,1.97,1.77,2.11,1.97,VPB,,,,
Tăng trưởng lợi nhuận trước thuế ,profit_before_tax,76.72,19.92,66.29,76.72,VPB,,,,
Tăng trưởng lợi nhuận sau thuế của CĐ ngân hàng mẹ,profit_after_tax_for_shareholders_of_the_parent_company,80.63,9.2,72.33,80.63,VPB,,,,
Tăng trưởng tổng tài sản,total_assets,37.19,20.88,36.4,37.19,VPB,,,,
Tăng trưởng vốn chủ sở hữu,owners_equity,12.17,5.79,22.41,12.17,VPB,,,,
Tăng trưởng vốn điều lệ,charter_capital,0.0,0.0,0.0,0.0,VPB,,,,
Tăng trưởng dư nợ cho vay,deposits_from_customers,41.09,25.28,36.23,41.09,VPB,,,,
Tăng trưởng huy động vốn khách hàng,deposits_from_customers_2,23.13,21.18,29.32,23.13,VPB,,,,
Tăng trưởng thu nhập lãi thuần,net_interest_income,23.9,17.95,27.09,23.9,VPB,,,,
Tăng trưởng dự phòng rủi ro tín dụng,provisions_for_loan_losses,0.84,0.51,0.52,0.84,VPB,,,,
Tăng trưởng thu phí dịch vụ thuần,net_fee_and_commission_income,108.44,-24.78,60.68,108.44,VPB,,,,
Tăng trưởng tổng thu nhập HĐKD trước dự phòng,operating_profit_before_provision_for_credit_losses,38.88,17.58,19.04,38.88,VPB,,,,
Tăng trưởng tổng chi phí HĐKD,operating_expenses,18.04,11.75,56.27,18.04,VPB,,,,
Dư nợ cho vay khách hàng/Tổng vốn huy động (LDR),outstanding_loans_customer_deposits,91.92,89.17,91.61,91.92,VPB,,,,
Dư nợ cho vay/Tổng tài sản Có,outstanding_loans_total_assets,76.08,73.43,74.9,76.08,VPB,,,,
Vốn chủ sở hữu/Tổng vốn huy động ,equity_deposits_from_customers,0.16,0.18,17.5,16.36,VPB,,,,
Vốn chủ sở hữu/Tổng tài sản Có,equity_total_assets,13.54,15.21,14.31,13.54,VPB,,,,
Dự phòng rủi ro tín dụng/Tổng dư nợ,loan_loss_provision_ratio,-0.02,-0.02,-1.88,-1.97,VPB,,,,
Tài sản Có sinh lãi/Tổng tài sản Có,earning_assets_total_assets,96.32,94.38,95.87,96.32,VPB,,,,
Thu nhập trên mỗi cổ phần của 4 quý gần nhất (EPS),trailing_eps,2144.25,1844.2,2836.72,2144.25,VRE,,,,
Giá trị sổ sách của cổ phiếu (BVPS),book_value_per_share_bvps,20116.0,18967.0,21286.0,20116.0,VRE,,,,
Chỉ số giá thị trường trên thu nhập (P/E),pe_ratio,14.97,10.38,11.86,14.97,VRE,,,,
Chỉ số giá thị trường trên giá trị sổ sách (P/B),pb_ratio,1.6,1.01,1.58,1.6,VRE,,,,
Chỉ số giá thị trường trên doanh thu thuần (P/S),ps_ratio,32.4,20.42,33.07,32.4,VRE,,,,
Tỷ suất cổ tức,dividend_yield,0.0,0.0,0.0,0.0,VRE,,,,
Beta,beta,1.19,1.12,1.59,1.19,VRE,,,,
Giá trị doanh nghiệp trên lợi nhuận trước thuế và lãi vay (EV/EBIT),ev_ebit,40.43,27.8,22.24,40.43,VRE,,,,
"Giá trị doanh nghiệp trên lợi nhuận trước thuế, khấu hao và lãi vay (EV/EBITDA)",ev_ebitda,39.63,22.91,0.0,39.63,VRE,,,,
Tỷ suất lợi nhuận gộp biên,gross_margin,50.51,56.4,52.35,50.51,VRE,,,,
Tỷ lệ lãi EBIT,ebit_margin,84.1,76.22,152.49,84.1,VRE,,,,
Tỷ lệ lãi EBITDA,ebitda_net_revenue,84.6,92.47,152.74,84.6,VRE,,,,
Tỷ suất sinh lợi trên doanh thu thuần,net_margin,61.15,55.24,114.99,61.15,VRE,,,,
Tỷ suất lợi nhuận trên vốn chủ sở hữu bình quân (ROEA),roe,3.05,2.77,5.65,3.06,VRE,,,,
Tỷ suất sinh lợi trên vốn dài hạn bình quân (ROCE),return_on_capital_employed_roce,3.81,3.36,6.47,3.81,VRE,,,,
Tỷ suất sinh lợi trên tổng tài sản bình quân (ROAA),roa,2.3,2.12,4.34,2.3,VRE,,,,
ROE bình quân 4 quý gần nhất,roe_trailling,11.13,10.11,14.21,11.13,VRE,,,,
ROA bình quân 4 quý gần nhất,roa_trailling,8.45,7.74,10.89,8.45,VRE,,,,
Tăng trưởng  doanh thu thuần,net_revenue,8.34,-5.47,8.65,8.34,VRE,,,,
Tăng trưởng  lợi nhuận gộp,gross_profit,4.38,-4.22,0.75,4.38,VRE,,,,
Tăng trưởng lợi nhuận trước thuế ,profit_before_tax,53.87,7.94,143.79,53.87,VRE,,,,
Tăng trưởng lợi nhuận sau thuế của CĐ công ty mẹ,profit_after_tax_for_shareholders_of_the_parent_company,51.86,8.76,144.98,51.86,VRE,,,,
Tăng trưởng tổng tài sản,total_assets,15.21,14.14,10.96,15.21,VRE,,,,
Tăng trưởng nợ dài hạn,long_term_liabilities,14.13,22.32,4.8,14.13,VRE,,,,
Tăng trưởng nợ phải trả,liabilities,26.08,27.11,-2.95,26.08,VRE,,,,
Tăng trưởng vốn chủ sở hữu,owners_equity,11.93,10.77,15.37,11.93,VRE,,,,
Tăng trưởng vốn điều lệ,charter_capital,0.0,0.0,0.0,0.0,VRE,,,,
Tỷ số thanh toán bằng tiền mặt,cash_ratio,0.34,0.34,0.86,0.34,VRE,,,,
Tỷ số thanh toán nhanh,quick_ratio,1.62,1.47,1.49,1.62,VRE,,,,
"Tỷ số thanh toán nhanh  (Đã loại trừ HTK, Phải thu ngắn hạn - Tham khảo)",quick_ratio_except_inventories_short_term_receivables_reference,0.47,0.35,0.88,0.47,VRE,,,,
Tỷ số thanh toán hiện hành (ngắn hạn),short_term_ratio,1.65,1.5,1.54,1.65,VRE,,,,
Khả năng thanh toán lãi vay,interest_coverage,11.03,10.94,19.02,11.03,VRE,,,,
Vòng quay phải thu khách hàng,receivables_turnover,1.52,1.32,1.67,1.52,VRE,,,,
Thời gian thu tiền khách hàng bình quân,days_of_sales_outstanding,239.88,276.77,218.81,239.88,VRE,,,,
Vòng quay hàng tồn kho,inventory_turnover,3.93,3.27,4.37,3.93,VRE,,,,
Thời gian tồn kho bình quân,days_of_inventory_on_hand,92.83,111.74,83.45,92.83,VRE,,,,
Vòng quay phải trả nhà cung cấp,payables_turnover,1.91,2.03,1.84,1.91,VRE,,,,
Thời gian trả tiền khách hàng bình quân,number_of_days_of_payables,191.07,179.54,198.5,191.07,VRE,,,,
Vòng quay tài sản cố định (Hiệu suất sử dụng tài sản cố định),fixed_asset_turnover,9.31,9.84,9.04,9.31,VRE,,,,
Vòng quay tổng tài sản (Hiệu suất sử dụng toàn bộ tài sản),total_asset_turnover,0.04,0.04,0.04,0.04,VRE,,,,
Vòng quay vốn chủ sở hữu,equity_turnover,0.05,0.05,0.05,0.05,VRE,,,,
Tỷ số Nợ ngắn hạn trên Tổng nợ phải trả,short_term_liabilities_to_total_liabilities,53.66,66.85,40.07,53.66,VRE,,,,
Tỷ số Nợ vay trên Tổng tài sản,debt_to_assets,10.46,8.16,10.45,10.46,VRE,,,,
Tỷ số Nợ trên Tổng tài sản,liabilities_to_assets,25.39,22.96,21.07,25.39,VRE,,,,
Tỷ số Vốn chủ sở hữu trên Tổng tài sản,equity_to_assets,74.61,77.04,78.93,74.61,VRE,,,,
Tỷ số Nợ ngắn hạn trên Vốn chủ sở hữu,short_term_liabilities_to_equity,18.26,19.93,10.7,18.26,VRE,,,,
Tỷ số Nợ vay trên Vốn chủ sở hữu,debt_to_equity,14.01,10.59,13.23,14.01,VRE,,,,
Tỷ số Nợ trên Vốn chủ sở hữu,liabilities_to_equity,34.03,29.81,26.69,34.03,VRE,,,,
Tỷ số dòng tiền HĐKD trên doanh thu thuần,accrual_ratio_cf,0.0,7.15,0.0,0.0,VRE,,,,
Khả năng chi trả nợ ngắn hạn từ dòng tiền HĐKD,cash_to_income,0.0,1.77,0.0,0.0,VRE,,,,
Khả năng chi trả nợ ngắn hạn từ lưu chuyển tiền thuần trong kỳ,net_cash_flows_short_term_liabilities,0.0,0.37,0.0,0.0,VRE,,,,
Tỷ lệ dồn tích (Phương pháp Cân đối kế toán),accrual_ratio_balance_sheet_method,0.0,0.0,0.0,0.0,VRE,,,,
Tỷ lệ dồn tích (Phương pháp Dòng tiền),accrual_ratio_cash_flow_method,0.0,0.0,0.0,0.0,VRE,,,,
Dòng tiền từ HĐKD trên Tổng tài sản,cash_return_to_assets,0.0,0.27,0.0,0.0,VRE,,,,
Dòng tiền từ HĐKD trên Vốn chủ sở hữu,cash_return_on_equity,0.0,0.35,0.0,0.0,VRE,,,,
Dòng tiền từ HĐKD trên Lợi nhuận thuần từ HĐKD,cash_to_income_2,0.0,10.79,0.0,0.0,VRE,,,,
Khả năng thanh toán nợ từ dòng tiền HĐKD,debt_coverage,0.0,1.19,0.0,0.0,VRE,,,,
Dòng tiền từ HĐKD trên mỗi cổ phần (CPS),cash_flow_per_share_cps,0.0,67.06,0.0,0.0,VRE,,,,
