time,open,high,low,close,volume,ticker
2019-01-02 07:00:00,17.36,17.36,16.88,16.91,805700,BID
2019-01-03 07:00:00,16.91,17.06,16.15,16.15,1107500,BID
2019-01-04 07:00:00,15.9,16.13,15.54,15.92,1457300,BID
2019-01-07 07:00:00,16.15,16.66,16.15,16.3,806060,BID
2019-01-08 07:00:00,16.45,16.45,16.1,16.15,558540,BID
2019-01-09 07:00:00,16.3,16.68,16.2,16.66,1075730,BID
2019-01-10 07:00:00,16.66,16.71,16.4,16.4,410690,BID
2019-01-11 07:00:00,16.4,16.56,16.08,16.1,941940,BID
2019-01-14 07:00:00,16.1,16.33,15.87,16.1,755920,BID
2019-01-15 07:00:00,16.02,16.56,16.02,16.4,580710,BID
2019-01-16 07:00:00,16.5,16.53,16.25,16.25,363680,BID
2019-01-17 07:00:00,16.25,16.35,16.1,16.13,297560,BID
2019-01-18 07:00:00,16.13,16.3,15.97,16.0,509140,BID
2019-01-21 07:00:00,16.15,16.83,16.0,16.58,1207560,BID
2019-01-22 07:00:00,16.6,16.71,16.5,16.53,563940,BID
2019-01-23 07:00:00,16.35,16.58,16.2,16.5,457760,BID
2019-01-24 07:00:00,16.43,16.58,16.4,16.4,579540,BID
2019-01-25 07:00:00,16.5,16.5,16.15,16.18,570980,BID
2019-01-28 07:00:00,16.18,16.33,16.05,16.1,545190,BID
2019-01-29 07:00:00,16.1,16.1,15.92,16.0,635890,BID
2019-01-30 07:00:00,16.1,16.28,15.95,16.0,429410,BID
2019-01-31 07:00:00,16.25,16.25,15.9,15.9,678130,BID
2019-02-01 07:00:00,15.87,16.08,15.85,15.95,537050,BID
2019-02-11 07:00:00,16.08,16.28,16.05,16.13,631710,BID
2019-02-12 07:00:00,16.18,16.5,16.18,16.38,1395780,BID
2019-02-13 07:00:00,16.43,16.45,16.28,16.4,1557810,BID
2019-02-14 07:00:00,16.4,16.43,16.33,16.35,1018550,BID
2019-02-15 07:00:00,16.33,17.06,16.2,16.73,1622530,BID
2019-02-18 07:00:00,16.91,17.01,16.76,16.91,955540,BID
2019-02-19 07:00:00,16.91,17.03,16.6,16.6,1143130,BID
2019-02-20 07:00:00,16.56,17.61,16.48,17.16,2361110,BID
2019-02-21 07:00:00,17.29,17.49,17.16,17.29,2157870,BID
2019-02-22 07:00:00,17.26,17.51,17.16,17.16,1459730,BID
2019-02-25 07:00:00,17.41,17.41,17.01,17.16,1687500,BID
2019-02-26 07:00:00,17.01,17.16,16.91,16.96,1409740,BID
2019-02-27 07:00:00,16.96,17.14,16.91,16.96,749060,BID
2019-02-28 07:00:00,16.96,17.03,16.4,16.4,1793480,BID
2019-03-01 07:00:00,16.45,16.71,16.45,16.58,1153130,BID
2019-03-04 07:00:00,16.71,17.03,16.66,16.96,918340,BID
2019-03-05 07:00:00,16.76,17.82,16.76,17.46,4215640,BID
2019-03-06 07:00:00,17.46,17.61,17.36,17.54,1601660,BID
2019-03-07 07:00:00,17.66,17.79,17.51,17.61,1702650,BID
2019-03-08 07:00:00,17.39,17.51,17.11,17.16,1808960,BID
2019-03-11 07:00:00,17.21,17.21,16.88,16.98,1137250,BID
2019-03-12 07:00:00,17.21,17.92,17.06,17.92,1690500,BID
2019-03-13 07:00:00,17.82,18.14,17.77,17.97,2860920,BID
2019-03-14 07:00:00,17.97,18.52,17.77,18.27,2651040,BID
2019-03-15 07:00:00,18.27,18.93,18.12,18.77,3180240,BID
2019-03-18 07:00:00,18.77,18.98,18.62,18.83,2925810,BID
2019-03-19 07:00:00,18.75,18.83,18.42,18.47,2819110,BID
2019-03-20 07:00:00,18.24,18.42,17.92,18.22,2700620,BID
2019-03-21 07:00:00,18.3,18.5,17.56,17.56,2239650,BID
2019-03-22 07:00:00,17.87,18.02,17.56,17.72,1877120,BID
2019-03-25 07:00:00,17.21,17.66,16.91,17.41,2092900,BID
2019-03-26 07:00:00,17.61,17.72,17.26,17.31,1042090,BID
2019-03-27 07:00:00,17.59,17.72,17.31,17.61,1236550,BID
2019-03-28 07:00:00,17.39,18.09,17.39,17.97,2196570,BID
2019-03-29 07:00:00,17.97,18.17,17.97,18.07,1654790,BID
2019-04-01 07:00:00,18.07,18.32,17.82,17.92,909820,BID
2019-04-02 07:00:00,18.17,18.17,17.56,17.56,1453530,BID
2019-04-03 07:00:00,17.56,18.22,17.39,18.02,1895710,BID
2019-04-04 07:00:00,18.17,18.17,17.74,17.82,1058540,BID
2019-04-05 07:00:00,17.82,18.02,17.56,17.69,737650,BID
2019-04-08 07:00:00,17.56,17.94,17.56,17.92,1042660,BID
2019-04-09 07:00:00,17.92,18.27,17.92,18.04,2081540,BID
2019-04-10 07:00:00,18.04,18.07,17.77,17.77,522520,BID
2019-04-11 07:00:00,17.82,17.92,17.64,17.74,643960,BID
2019-04-12 07:00:00,17.72,17.77,17.51,17.54,894410,BID
2019-04-16 07:00:00,17.46,17.97,17.26,17.92,1404520,BID
2019-04-17 07:00:00,17.92,17.92,17.56,17.56,852450,BID
2019-04-18 07:00:00,17.56,17.87,17.49,17.56,1016060,BID
2019-04-19 07:00:00,17.56,17.77,17.51,17.59,293870,BID
2019-04-22 07:00:00,17.59,17.59,17.14,17.26,687460,BID
2019-04-23 07:00:00,17.46,17.46,17.14,17.26,1005740,BID
2019-04-24 07:00:00,17.41,17.56,17.31,17.46,538100,BID
2019-04-25 07:00:00,17.46,17.66,17.41,17.41,464620,BID
2019-04-26 07:00:00,17.41,17.61,17.41,17.56,484200,BID
2019-05-02 07:00:00,17.66,17.66,17.41,17.41,483460,BID
2019-05-03 07:00:00,17.41,17.56,17.26,17.26,555330,BID
2019-05-06 07:00:00,16.98,17.11,16.66,16.71,1220260,BID
2019-05-07 07:00:00,16.81,17.11,16.6,16.71,949150,BID
2019-05-08 07:00:00,16.5,16.66,16.33,16.33,1127910,BID
2019-05-09 07:00:00,16.48,16.56,15.65,15.7,1937960,BID
2019-05-10 07:00:00,15.9,16.25,15.85,16.15,1098030,BID
2019-05-13 07:00:00,16.15,16.56,16.15,16.5,778440,BID
2019-05-14 07:00:00,16.38,16.45,16.15,16.35,1091640,BID
2019-05-15 07:00:00,16.45,16.71,16.3,16.6,1460060,BID
2019-05-16 07:00:00,16.63,16.66,16.38,16.45,776200,BID
2019-05-17 07:00:00,16.5,16.5,16.15,16.23,938600,BID
2019-05-20 07:00:00,16.2,16.6,16.2,16.5,960860,BID
2019-05-21 07:00:00,16.5,16.78,16.45,16.68,1716340,BID
2019-05-22 07:00:00,16.76,16.96,16.68,16.76,1262730,BID
2019-05-23 07:00:00,16.66,16.86,16.45,16.86,795270,BID
2019-05-24 07:00:00,16.71,16.78,16.4,16.4,1510920,BID
2019-05-27 07:00:00,16.4,16.5,16.35,16.45,526030,BID
2019-05-28 07:00:00,16.4,16.56,16.23,16.3,881610,BID
2019-05-29 07:00:00,16.3,16.38,16.13,16.15,896960,BID
2019-05-30 07:00:00,16.25,16.3,16.05,16.05,671830,BID
2019-05-31 07:00:00,15.97,16.1,15.87,15.9,914150,BID
2019-06-03 07:00:00,15.85,15.9,15.44,15.44,1299050,BID
2019-06-04 07:00:00,15.44,16.15,15.42,16.15,867040,BID
2019-06-05 07:00:00,16.15,16.25,15.85,15.85,482730,BID
2019-06-06 07:00:00,15.85,16.0,15.6,15.8,329600,BID
2019-06-07 07:00:00,15.8,16.0,15.8,16.0,459310,BID
2019-06-10 07:00:00,16.05,16.2,16.0,16.0,471530,BID
2019-06-11 07:00:00,16.05,16.15,15.95,16.1,584390,BID
2019-06-12 07:00:00,16.0,16.1,15.87,15.9,351310,BID
2019-06-13 07:00:00,15.85,16.02,15.85,15.9,289140,BID
2019-06-14 07:00:00,16.0,16.28,15.9,16.23,1589620,BID
2019-06-17 07:00:00,16.25,16.43,16.13,16.2,693710,BID
2019-06-18 07:00:00,16.1,16.2,16.0,16.15,273680,BID
2019-06-19 07:00:00,16.15,16.35,16.13,16.15,461820,BID
2019-06-20 07:00:00,16.15,16.5,16.1,16.48,1142380,BID
2019-06-21 07:00:00,16.5,16.63,16.38,16.4,501660,BID
2019-06-24 07:00:00,16.48,16.66,16.35,16.45,750120,BID
2019-06-25 07:00:00,16.45,16.5,16.2,16.2,734450,BID
2019-06-26 07:00:00,16.15,16.43,16.1,16.4,1052510,BID
2019-06-27 07:00:00,16.38,16.38,16.15,16.15,664820,BID
2019-06-28 07:00:00,16.15,16.25,15.85,16.0,653190,BID
2019-07-01 07:00:00,16.25,16.4,16.2,16.33,550440,BID
2019-07-02 07:00:00,16.2,16.35,16.18,16.18,454740,BID
2019-07-03 07:00:00,16.15,16.35,16.15,16.2,409880,BID
2019-07-04 07:00:00,16.35,16.58,16.25,16.56,1147150,BID
2019-07-05 07:00:00,16.48,16.76,16.45,16.56,1204780,BID
2019-07-08 07:00:00,16.6,16.6,16.35,16.43,564180,BID
2019-07-09 07:00:00,16.35,16.5,16.35,16.45,403680,BID
2019-07-10 07:00:00,16.45,16.58,16.35,16.35,699090,BID
2019-07-11 07:00:00,16.45,16.91,16.35,16.88,2461040,BID
2019-07-12 07:00:00,16.91,17.06,16.81,16.86,1417000,BID
2019-07-15 07:00:00,16.81,16.91,16.78,16.81,913470,BID
2019-07-16 07:00:00,16.88,17.44,16.88,17.44,3287930,BID
2019-07-17 07:00:00,17.41,17.61,17.29,17.44,1551860,BID
2019-07-18 07:00:00,17.39,17.51,17.26,17.51,1442460,BID
2019-07-19 07:00:00,17.66,17.87,17.51,17.61,1713010,BID
2019-07-22 07:00:00,17.77,18.14,17.66,18.04,2863060,BID
2019-07-23 07:00:00,18.04,18.04,17.51,17.79,2132860,BID
2019-07-24 07:00:00,17.87,17.87,17.26,17.39,1886280,BID
2019-07-25 07:00:00,17.31,17.77,17.31,17.77,1316210,BID
2019-07-26 07:00:00,17.66,18.12,17.66,18.07,2184360,BID
2019-07-29 07:00:00,18.02,18.07,17.82,18.07,1351320,BID
2019-07-30 07:00:00,17.97,17.97,17.64,17.66,1623110,BID
2019-07-31 07:00:00,17.66,17.92,17.51,17.92,933640,BID
2019-08-01 07:00:00,17.92,17.92,17.69,17.89,744670,BID
2019-08-02 07:00:00,17.66,18.17,17.61,18.07,1824090,BID
2019-08-05 07:00:00,17.92,18.07,17.89,18.07,1969000,BID
2019-08-06 07:00:00,17.41,17.99,17.41,17.77,1229640,BID
2019-08-07 07:00:00,17.84,17.92,17.51,17.51,1081380,BID
2019-08-08 07:00:00,17.51,17.74,17.49,17.51,908980,BID
2019-08-09 07:00:00,17.66,17.66,17.26,17.51,997910,BID
2019-08-12 07:00:00,17.59,17.87,17.19,17.84,1373320,BID
2019-08-13 07:00:00,17.69,17.87,17.54,17.61,817060,BID
2019-08-14 07:00:00,17.82,17.87,17.54,17.72,520650,BID
2019-08-15 07:00:00,17.41,17.72,17.41,17.72,551130,BID
2019-08-16 07:00:00,17.66,18.52,17.61,18.17,3237040,BID
2019-08-19 07:00:00,18.42,18.67,18.32,18.52,1132960,BID
2019-08-20 07:00:00,18.65,18.65,18.45,18.57,800200,BID
2019-08-21 07:00:00,18.42,19.3,18.42,19.1,2691400,BID
2019-08-22 07:00:00,19.18,19.23,18.93,18.98,1618940,BID
2019-08-23 07:00:00,19.08,19.08,18.75,18.95,977030,BID
2019-08-26 07:00:00,18.62,19.1,18.47,19.1,1806980,BID
2019-08-27 07:00:00,19.33,19.38,18.93,18.93,1170790,BID
2019-08-28 07:00:00,18.93,19.18,18.88,18.98,932680,BID
2019-08-29 07:00:00,18.98,19.13,18.85,19.13,1330160,BID
2019-08-30 07:00:00,19.28,19.58,19.15,19.56,2186980,BID
2019-09-03 07:00:00,19.58,19.73,19.51,19.53,830420,BID
2019-09-04 07:00:00,19.53,19.58,19.18,19.48,921560,BID
2019-09-05 07:00:00,19.58,19.71,19.43,19.43,939140,BID
2019-09-06 07:00:00,19.43,19.43,18.95,19.18,1528000,BID
2019-09-09 07:00:00,19.18,19.23,19.05,19.23,801830,BID
2019-09-10 07:00:00,19.15,19.48,19.08,19.33,1003930,BID
2019-09-11 07:00:00,19.18,19.38,19.15,19.28,519270,BID
2019-09-12 07:00:00,19.36,19.56,19.18,19.51,1763420,BID
2019-09-13 07:00:00,19.61,20.11,19.48,20.11,2303060,BID
2019-09-16 07:00:00,20.11,20.59,20.09,20.19,1250810,BID
2019-09-17 07:00:00,20.04,20.69,19.89,20.69,1566850,BID
2019-09-18 07:00:00,20.64,20.82,20.47,20.77,1630310,BID
2019-09-19 07:00:00,20.79,20.82,20.57,20.59,1029490,BID
2019-09-20 07:00:00,20.59,20.74,20.09,20.19,2204400,BID
2019-09-23 07:00:00,20.04,20.44,19.99,20.01,1089550,BID
2019-09-24 07:00:00,20.09,20.19,19.91,19.91,821180,BID
2019-09-25 07:00:00,19.81,20.14,19.63,20.14,1445080,BID
2019-09-26 07:00:00,20.14,20.54,20.14,20.26,888310,BID
2019-09-27 07:00:00,20.34,20.39,20.21,20.32,876890,BID
2019-09-30 07:00:00,20.29,20.52,19.89,19.89,1429150,BID
2019-10-01 07:00:00,19.89,20.19,19.89,20.19,862420,BID
2019-10-02 07:00:00,20.19,20.59,20.16,20.29,1505190,BID
2019-10-03 07:00:00,20.09,20.82,20.06,20.82,1939160,BID
2019-10-04 07:00:00,20.84,21.02,20.44,20.44,884430,BID
2019-10-07 07:00:00,20.64,20.64,20.19,20.39,807180,BID
2019-10-08 07:00:00,20.39,20.74,20.24,20.74,650420,BID
2019-10-09 07:00:00,20.74,21.1,20.59,20.82,1415560,BID
2019-10-10 07:00:00,20.82,21.05,20.69,20.69,1054690,BID
2019-10-11 07:00:00,20.69,20.79,20.54,20.59,552640,BID
2019-10-14 07:00:00,20.69,21.17,20.62,20.77,1381960,BID
2019-10-15 07:00:00,20.69,20.97,20.69,20.9,631810,BID
2019-10-16 07:00:00,20.9,21.02,20.77,20.77,650130,BID
2019-10-17 07:00:00,20.87,20.87,20.59,20.59,801110,BID
2019-10-18 07:00:00,20.59,20.59,20.19,20.24,1225560,BID
2019-10-21 07:00:00,20.04,20.19,19.84,19.84,1281520,BID
2019-10-22 07:00:00,19.84,20.19,19.84,20.19,566150,BID
2019-10-23 07:00:00,20.19,20.34,20.11,20.24,455760,BID
2019-10-24 07:00:00,20.24,20.44,20.06,20.34,513170,BID
2019-10-25 07:00:00,20.19,20.47,20.09,20.29,968770,BID
2019-10-28 07:00:00,20.74,20.79,20.49,20.49,800080,BID
2019-10-29 07:00:00,20.64,20.64,20.19,20.49,921380,BID
2019-10-30 07:00:00,20.44,20.59,20.26,20.29,760410,BID
2019-10-31 07:00:00,20.29,20.54,20.21,20.49,777680,BID
2019-11-01 07:00:00,20.44,20.74,20.34,20.69,1180640,BID
2019-11-04 07:00:00,20.74,21.42,20.74,21.3,1744250,BID
2019-11-05 07:00:00,21.35,21.45,21.27,21.45,898400,BID
2019-11-06 07:00:00,21.38,21.55,21.3,21.3,821030,BID
2019-11-07 07:00:00,21.56,21.82,21.3,21.72,1105060,BID
2019-11-08 07:00:00,21.82,21.92,21.51,21.56,729880,BID
2019-11-11 07:00:00,21.53,21.87,21.46,21.56,724450,BID
2019-11-12 07:00:00,21.61,22.03,21.56,21.98,1499510,BID
2019-11-13 07:00:00,22.03,22.4,22.03,22.4,1804440,BID
2019-11-14 07:00:00,22.45,22.45,21.98,22.19,811080,BID
2019-11-15 07:00:00,22.26,22.29,21.92,21.92,627650,BID
2019-11-18 07:00:00,21.82,22.03,21.53,21.56,958470,BID
2019-11-19 07:00:00,21.56,21.77,21.46,21.74,676040,BID
2019-11-20 07:00:00,21.87,21.87,21.53,21.69,246520,BID
2019-11-21 07:00:00,21.66,21.77,21.48,21.51,611690,BID
2019-11-22 07:00:00,21.66,21.66,20.78,20.99,1041320,BID
2019-11-25 07:00:00,20.99,21.2,20.62,20.72,822450,BID
2019-11-26 07:00:00,21.04,21.17,20.78,20.88,406540,BID
2019-11-27 07:00:00,20.93,21.61,20.93,21.3,1060810,BID
2019-11-28 07:00:00,21.4,21.4,21.12,21.22,396280,BID
2019-11-29 07:00:00,21.14,21.35,21.14,21.14,391620,BID
2019-12-02 07:00:00,21.04,21.04,20.57,20.57,702050,BID
2019-12-03 07:00:00,20.57,20.91,20.36,20.72,786830,BID
2019-12-04 07:00:00,20.72,21.17,20.67,21.06,352310,BID
2019-12-05 07:00:00,21.17,21.2,20.7,20.88,393640,BID
2019-12-06 07:00:00,20.72,20.99,20.65,20.7,374930,BID
2019-12-09 07:00:00,20.88,20.88,20.7,20.88,358570,BID
2019-12-10 07:00:00,20.88,21.06,20.75,20.83,415660,BID
2019-12-11 07:00:00,20.83,20.93,20.78,20.93,280130,BID
2019-12-12 07:00:00,21.2,21.4,20.99,21.4,724090,BID
2019-12-13 07:00:00,21.4,21.9,21.4,21.87,1426060,BID
2019-12-16 07:00:00,22.03,22.06,21.66,21.87,841690,BID
2019-12-17 07:00:00,21.82,21.87,21.56,21.64,580480,BID
2019-12-18 07:00:00,21.46,22.21,21.46,21.92,1478200,BID
2019-12-19 07:00:00,21.98,22.16,21.61,22.03,702550,BID
2019-12-20 07:00:00,21.92,22.34,21.92,22.32,712940,BID
2019-12-23 07:00:00,22.32,23.46,22.32,23.36,2442660,BID
2019-12-24 07:00:00,23.26,23.57,23.13,23.44,741520,BID
2019-12-25 07:00:00,23.02,23.62,23.02,23.6,585450,BID
2019-12-26 07:00:00,23.52,23.67,23.07,23.07,525840,BID
2019-12-27 07:00:00,23.07,24.12,22.97,24.12,1098010,BID
2019-12-30 07:00:00,24.17,24.61,24.01,24.07,872650,BID
2019-12-31 07:00:00,24.12,24.28,23.96,24.09,630410,BID
2020-01-02 07:00:00,24.01,24.64,23.96,24.48,872620,BID
2020-01-03 07:00:00,24.72,24.8,24.38,24.38,603940,BID
2020-01-06 07:00:00,24.38,24.38,23.91,23.91,794490,BID
2020-01-07 07:00:00,23.91,24.38,23.6,24.38,526890,BID
2020-01-08 07:00:00,24.01,25.0,23.91,24.59,1230830,BID
2020-01-09 07:00:00,24.93,26.05,24.85,25.92,1573190,BID
2020-01-10 07:00:00,25.92,27.15,25.89,26.78,1506410,BID
2020-01-13 07:00:00,26.05,26.88,25.84,26.15,544740,BID
2020-01-14 07:00:00,26.15,26.88,26.05,26.15,752200,BID
2020-01-15 07:00:00,26.05,26.78,26.05,26.62,695290,BID
2020-01-16 07:00:00,26.62,28.24,26.62,28.19,1004080,BID
2020-01-17 07:00:00,28.24,28.5,27.72,27.93,643490,BID
2020-01-20 07:00:00,27.93,28.29,27.77,27.82,761650,BID
2020-01-21 07:00:00,27.82,28.45,27.82,28.19,609600,BID
2020-01-22 07:00:00,28.19,29.13,28.08,28.97,781390,BID
2020-01-30 07:00:00,28.45,28.66,27.15,27.51,1388710,BID
2020-01-31 07:00:00,27.3,27.98,26.88,26.88,1154570,BID
2020-02-03 07:00:00,26.0,28.71,25.0,27.93,1562560,BID
2020-02-04 07:00:00,28.4,28.56,27.98,28.4,1406270,BID
2020-02-05 07:00:00,28.66,28.82,27.93,27.93,718710,BID
2020-02-06 07:00:00,27.88,28.24,27.67,27.77,1469930,BID
2020-02-07 07:00:00,27.51,27.82,26.94,26.99,1501140,BID
2020-02-10 07:00:00,26.57,26.73,25.63,25.63,1111680,BID
2020-02-11 07:00:00,25.63,26.83,25.63,26.52,917080,BID
2020-02-12 07:00:00,26.88,27.04,26.47,26.52,704550,BID
2020-02-13 07:00:00,26.47,26.62,26.05,26.31,578820,BID
2020-02-14 07:00:00,26.15,26.42,26.1,26.1,627040,BID
2020-02-17 07:00:00,26.21,26.88,26.15,26.88,863730,BID
2020-02-18 07:00:00,27.09,27.46,26.88,27.15,879430,BID
2020-02-19 07:00:00,27.15,27.2,26.73,26.78,372250,BID
2020-02-20 07:00:00,27.09,27.15,26.73,26.78,552810,BID
2020-02-21 07:00:00,26.78,26.78,25.45,25.84,2619020,BID
2020-02-24 07:00:00,25.16,25.48,24.17,24.17,1081210,BID
2020-02-25 07:00:00,23.49,25.48,23.49,25.48,878610,BID
2020-02-26 07:00:00,24.85,25.21,24.46,24.54,626350,BID
2020-02-27 07:00:00,24.54,24.9,24.25,24.59,722680,BID
2020-02-28 07:00:00,24.01,24.22,23.52,23.75,972320,BID
2020-03-02 07:00:00,23.96,23.96,23.49,23.57,568290,BID
2020-03-03 07:00:00,24.43,24.93,23.86,24.48,1016900,BID
2020-03-04 07:00:00,24.54,24.54,23.96,24.09,658350,BID
2020-03-05 07:00:00,24.3,24.67,24.28,24.35,872610,BID
2020-03-06 07:00:00,23.75,24.61,23.75,24.46,555990,BID
2020-03-09 07:00:00,22.81,23.34,22.76,22.76,944020,BID
2020-03-10 07:00:00,22.19,22.97,21.56,22.13,1366220,BID
2020-03-11 07:00:00,22.71,22.71,20.59,20.59,1522030,BID
2020-03-12 07:00:00,19.18,19.68,19.16,19.16,1531140,BID
2020-03-13 07:00:00,17.83,19.16,17.83,18.27,2330290,BID
2020-03-16 07:00:00,18.27,18.77,16.99,17.12,2191590,BID
2020-03-17 07:00:00,15.97,17.7,15.97,17.64,1774340,BID
2020-03-18 07:00:00,17.75,18.53,17.72,18.04,1743970,BID
2020-03-19 07:00:00,17.72,17.85,17.1,17.44,906470,BID
2020-03-20 07:00:00,17.54,17.77,17.18,17.28,771320,BID
2020-03-23 07:00:00,16.18,16.65,16.08,16.08,2728710,BID
2020-03-24 07:00:00,16.18,16.68,16.03,16.5,1227020,BID
2020-03-25 07:00:00,17.44,17.46,17.12,17.33,1611980,BID
2020-03-26 07:00:00,17.23,17.85,16.78,17.38,1148580,BID
2020-03-27 07:00:00,17.28,17.62,16.91,17.23,1128210,BID
2020-03-30 07:00:00,16.18,16.65,16.03,16.13,1369430,BID
2020-03-31 07:00:00,16.7,16.78,15.4,16.1,1018770,BID
2020-04-01 07:00:00,16.13,17.23,16.08,16.76,1190960,BID
2020-04-03 07:00:00,17.02,17.91,17.02,17.91,1547020,BID
2020-04-06 07:00:00,18.64,19.16,18.32,19.16,1881640,BID
2020-04-07 07:00:00,19.58,19.68,18.79,19.32,1793050,BID
2020-04-08 07:00:00,18.69,19.84,18.32,19.81,1456160,BID
2020-04-09 07:00:00,19.81,20.15,19.66,19.68,1349000,BID
2020-04-10 07:00:00,19.47,19.73,19.16,19.26,1198580,BID
2020-04-13 07:00:00,19.16,19.68,19.11,19.39,1056950,BID
2020-04-14 07:00:00,19.34,19.6,18.69,19.05,1220360,BID
2020-04-15 07:00:00,19.16,19.68,19.16,19.47,1107070,BID
2020-04-16 07:00:00,19.42,19.47,19.18,19.47,1210270,BID
2020-04-17 07:00:00,19.76,19.94,19.42,19.52,1151710,BID
2020-04-20 07:00:00,19.78,19.84,19.29,19.37,1371830,BID
2020-04-21 07:00:00,18.79,19.21,18.11,18.11,2238980,BID
2020-04-22 07:00:00,17.28,19.34,17.28,18.9,1413800,BID
2020-04-23 07:00:00,19.32,19.42,18.84,18.9,789930,BID
2020-04-24 07:00:00,19.03,19.03,18.43,18.79,592910,BID
2020-04-27 07:00:00,18.9,19.0,18.32,18.32,1205680,BID
2020-04-28 07:00:00,18.32,18.69,18.01,18.35,589490,BID
2020-04-29 07:00:00,18.58,18.74,18.27,18.58,595490,BID
2020-05-04 07:00:00,18.58,19.0,18.32,18.43,655630,BID
2020-05-05 07:00:00,18.43,18.69,18.38,18.43,427650,BID
2020-05-06 07:00:00,18.51,18.79,18.43,18.79,739320,BID
2020-05-07 07:00:00,18.95,19.63,18.95,19.6,2524450,BID
2020-05-08 07:00:00,19.81,20.52,19.6,19.84,2563570,BID
2020-05-11 07:00:00,20.1,20.36,19.81,20.1,1209730,BID
2020-05-12 07:00:00,19.99,20.18,19.81,20.12,1645960,BID
2020-05-13 07:00:00,19.99,20.78,19.73,20.67,2725900,BID
2020-05-14 07:00:00,20.36,21.14,20.36,20.72,1994890,BID
2020-05-15 07:00:00,20.78,20.93,20.05,20.15,1909780,BID
2020-05-18 07:00:00,20.07,20.31,19.84,20.31,1864370,BID
2020-05-19 07:00:00,20.83,20.83,20.31,20.41,1686240,BID
2020-05-20 07:00:00,20.36,20.52,20.1,20.44,900670,BID
2020-05-21 07:00:00,20.62,20.96,20.59,20.72,2474770,BID
2020-05-22 07:00:00,20.72,20.88,20.52,20.52,1140830,BID
2020-05-25 07:00:00,20.52,20.78,20.36,20.7,888300,BID
2020-05-26 07:00:00,20.75,21.92,20.75,21.92,2954120,BID
2020-05-27 07:00:00,22.32,22.32,20.78,20.78,2293240,BID
2020-05-28 07:00:00,20.88,21.38,20.78,21.25,1913890,BID
2020-05-29 07:00:00,21.09,21.14,20.78,20.93,1669730,BID
2020-06-01 07:00:00,21.04,21.69,21.01,21.64,1104330,BID
2020-06-02 07:00:00,21.66,21.87,21.14,21.17,1496600,BID
2020-06-03 07:00:00,21.35,21.51,21.14,21.4,896130,BID
2020-06-04 07:00:00,21.51,22.08,21.46,21.82,2013380,BID
2020-06-05 07:00:00,21.82,22.03,21.53,21.98,1216160,BID
2020-06-08 07:00:00,22.29,22.97,22.19,22.97,2487930,BID
2020-06-09 07:00:00,23.02,23.02,22.6,22.63,1119590,BID
2020-06-10 07:00:00,22.5,23.02,22.19,22.71,1297400,BID
2020-06-11 07:00:00,22.71,22.81,21.14,21.14,2386670,BID
2020-06-12 07:00:00,20.62,22.19,20.62,22.19,1913590,BID
2020-06-15 07:00:00,22.08,22.08,20.83,20.83,1503480,BID
2020-06-16 07:00:00,21.66,21.72,21.14,21.25,958780,BID
2020-06-17 07:00:00,21.25,21.46,20.8,21.04,817560,BID
2020-06-18 07:00:00,21.04,21.2,20.88,21.14,629450,BID
2020-06-19 07:00:00,21.51,21.64,21.25,21.64,720420,BID
2020-06-22 07:00:00,21.66,21.85,21.3,21.56,622920,BID
2020-06-23 07:00:00,21.43,21.59,21.14,21.25,1110100,BID
2020-06-24 07:00:00,21.25,21.51,20.99,21.04,692090,BID
2020-06-25 07:00:00,20.88,21.01,20.78,20.88,791820,BID
2020-06-26 07:00:00,21.35,21.35,20.72,20.83,717380,BID
2020-06-29 07:00:00,20.52,20.62,20.05,20.1,1334210,BID
2020-06-30 07:00:00,20.36,20.39,19.73,19.78,862060,BID
2020-07-01 07:00:00,19.78,20.57,19.78,20.46,769310,BID
2020-07-02 07:00:00,20.59,20.59,20.2,20.36,501500,BID
2020-07-03 07:00:00,20.49,20.52,20.26,20.41,547350,BID
2020-07-06 07:00:00,20.57,20.99,20.41,20.93,757690,BID
2020-07-07 07:00:00,21.09,21.32,21.01,21.2,1097570,BID
2020-07-08 07:00:00,21.14,21.25,20.88,21.17,768660,BID
2020-07-09 07:00:00,21.17,21.87,21.17,21.72,1531780,BID
2020-07-10 07:00:00,21.51,21.74,21.27,21.66,1030790,BID
2020-07-13 07:00:00,21.74,21.85,21.4,21.56,1039520,BID
2020-07-14 07:00:00,21.32,21.56,21.25,21.53,990800,BID
2020-07-15 07:00:00,21.77,21.77,21.56,21.59,690440,BID
2020-07-16 07:00:00,21.59,21.61,21.4,21.59,473290,BID
2020-07-17 07:00:00,21.61,21.85,21.61,21.72,1343600,BID
2020-07-20 07:00:00,21.77,21.8,21.3,21.3,832370,BID
2020-07-21 07:00:00,21.4,21.4,21.06,21.3,374580,BID
2020-07-22 07:00:00,21.4,21.4,20.62,20.88,750600,BID
2020-07-23 07:00:00,20.88,21.12,20.7,20.8,764300,BID
2020-07-24 07:00:00,20.8,20.8,19.71,19.94,1807770,BID
2020-07-27 07:00:00,18.79,19.73,18.56,18.56,1545430,BID
2020-07-28 07:00:00,18.79,19.76,18.79,19.76,1193550,BID
2020-07-29 07:00:00,19.21,19.42,18.69,19.29,725660,BID
2020-07-30 07:00:00,19.58,19.58,18.79,19.42,419920,BID
2020-07-31 07:00:00,18.79,19.45,18.79,19.13,479890,BID
2020-08-03 07:00:00,18.95,19.5,18.95,19.42,646640,BID
2020-08-04 07:00:00,19.84,19.84,19.58,19.78,494030,BID
2020-08-05 07:00:00,19.73,20.36,19.63,20.23,911970,BID
2020-08-06 07:00:00,20.18,20.31,19.94,19.97,597260,BID
2020-08-07 07:00:00,19.97,20.15,19.81,19.89,532060,BID
2020-08-10 07:00:00,20.07,20.2,19.89,19.89,534820,BID
2020-08-11 07:00:00,20.02,20.15,19.89,20.1,780760,BID
2020-08-12 07:00:00,20.15,20.54,20.15,20.46,963310,BID
2020-08-13 07:00:00,20.62,20.72,20.52,20.7,673490,BID
2020-08-14 07:00:00,20.54,20.67,20.26,20.36,985710,BID
2020-08-17 07:00:00,20.31,20.36,20.07,20.2,631010,BID
2020-08-18 07:00:00,20.36,20.36,20.05,20.05,663290,BID
2020-08-19 07:00:00,20.05,20.28,20.05,20.15,346360,BID
2020-08-20 07:00:00,20.15,20.28,19.97,19.97,859310,BID
2020-08-21 07:00:00,20.05,20.49,20.05,20.33,1098410,BID
2020-08-24 07:00:00,20.62,20.83,20.46,20.7,940780,BID
2020-08-25 07:00:00,20.83,20.88,20.57,20.62,886570,BID
2020-08-26 07:00:00,20.62,20.62,20.52,20.54,831700,BID
2020-08-27 07:00:00,20.52,20.57,20.36,20.41,1095260,BID
2020-08-28 07:00:00,20.62,21.4,20.52,21.17,3032570,BID
2020-08-31 07:00:00,21.2,21.56,21.17,21.38,2006450,BID
2020-09-01 07:00:00,21.14,21.61,21.09,21.61,2124220,BID
2020-09-03 07:00:00,21.66,22.03,21.51,22.03,2666170,BID
2020-09-04 07:00:00,21.56,22.08,21.53,21.98,2001840,BID
2020-09-07 07:00:00,22.03,22.03,21.2,21.2,2246440,BID
2020-09-08 07:00:00,21.3,21.4,20.91,21.32,1261510,BID
2020-09-09 07:00:00,20.99,21.38,20.93,21.3,804160,BID
2020-09-10 07:00:00,21.46,21.48,21.14,21.14,846810,BID
2020-09-11 07:00:00,21.14,21.22,21.01,21.12,773230,BID
2020-09-14 07:00:00,21.17,21.3,21.12,21.14,931340,BID
2020-09-15 07:00:00,21.25,21.51,21.09,21.27,1109810,BID
2020-09-16 07:00:00,21.35,21.35,21.12,21.17,546300,BID
2020-09-17 07:00:00,21.25,21.46,21.04,21.14,1520660,BID
2020-09-18 07:00:00,21.2,21.4,21.14,21.4,1401990,BID
2020-09-21 07:00:00,21.51,21.66,21.25,21.3,1006520,BID
2020-09-22 07:00:00,21.25,21.35,21.12,21.25,1160730,BID
2020-09-23 07:00:00,21.3,21.87,21.3,21.61,2105880,BID
2020-09-24 07:00:00,21.51,21.69,21.3,21.35,1523780,BID
2020-09-25 07:00:00,21.4,21.46,21.17,21.3,1334760,BID
2020-09-28 07:00:00,21.43,21.77,21.3,21.56,1952000,BID
2020-09-29 07:00:00,21.66,21.9,21.2,21.22,2022020,BID
2020-09-30 07:00:00,21.25,21.35,21.14,21.3,933550,BID
2020-10-01 07:00:00,21.3,21.48,21.3,21.38,1157830,BID
2020-10-02 07:00:00,21.4,21.64,20.1,21.22,1758990,BID
2020-10-05 07:00:00,21.4,21.4,20.99,21.09,1567920,BID
2020-10-06 07:00:00,21.17,21.3,21.04,21.12,1507790,BID
2020-10-07 07:00:00,21.09,21.35,21.04,21.12,1177720,BID
2020-10-08 07:00:00,21.2,21.22,20.78,21.09,1893390,BID
2020-10-09 07:00:00,21.04,21.14,20.93,21.06,849330,BID
2020-10-12 07:00:00,21.72,21.9,21.25,21.38,3533550,BID
2020-10-13 07:00:00,21.4,21.85,21.2,21.53,1980740,BID
2020-10-14 07:00:00,21.82,22.42,21.66,22.4,6821050,BID
2020-10-15 07:00:00,22.68,22.68,22.03,22.06,2957800,BID
2020-10-16 07:00:00,22.06,22.55,21.82,22.03,2411650,BID
2020-10-19 07:00:00,22.16,22.16,21.77,21.87,2690250,BID
2020-10-20 07:00:00,21.66,22.19,21.66,21.92,1923390,BID
2020-10-21 07:00:00,22.13,22.71,22.0,22.11,3019940,BID
2020-10-22 07:00:00,22.08,22.42,21.87,22.42,1733020,BID
2020-10-23 07:00:00,22.66,22.66,22.34,22.34,1940000,BID
2020-10-26 07:00:00,22.19,22.45,21.4,21.4,3379510,BID
2020-10-27 07:00:00,21.4,21.66,21.25,21.25,2635960,BID
2020-10-28 07:00:00,21.14,21.25,20.52,20.52,2899500,BID
2020-10-29 07:00:00,20.26,20.62,20.07,20.18,2823190,BID
2020-10-30 07:00:00,20.36,20.46,19.92,20.1,1678270,BID
2020-11-02 07:00:00,20.1,20.41,20.1,20.31,1084730,BID
2020-11-03 07:00:00,20.36,20.62,20.36,20.57,1035230,BID
2020-11-04 07:00:00,20.57,20.93,20.54,20.75,1077740,BID
2020-11-05 07:00:00,20.75,20.75,20.39,20.39,1280230,BID
2020-11-06 07:00:00,20.59,20.59,20.28,20.39,646660,BID
2020-11-09 07:00:00,20.59,20.59,20.41,20.49,1187610,BID
2020-11-10 07:00:00,20.8,20.88,20.57,20.57,1361190,BID
2020-11-11 07:00:00,20.57,20.7,20.44,20.57,723840,BID
2020-11-12 07:00:00,20.62,20.78,20.57,20.67,1126040,BID
2020-11-13 07:00:00,20.72,21.04,20.7,21.04,1833350,BID
2020-11-16 07:00:00,21.06,21.3,20.83,20.83,1939610,BID
2020-11-17 07:00:00,20.88,21.04,20.75,21.04,1455550,BID
2020-11-18 07:00:00,21.04,21.06,20.88,20.91,1572210,BID
2020-11-19 07:00:00,20.93,21.3,20.93,21.09,1787480,BID
2020-11-20 07:00:00,21.25,21.53,21.25,21.51,2522690,BID
2020-11-23 07:00:00,21.66,21.66,21.17,21.46,1315280,BID
2020-11-24 07:00:00,21.43,21.46,21.09,21.25,1958510,BID
2020-11-25 07:00:00,21.4,21.64,21.17,21.56,2775000,BID
2020-11-26 07:00:00,21.56,22.24,21.4,22.24,4356380,BID
2020-11-27 07:00:00,22.34,22.37,21.95,22.16,2323620,BID
2020-11-30 07:00:00,22.16,22.19,21.77,21.77,1708190,BID
2020-12-01 07:00:00,21.4,21.82,21.3,21.77,2913470,BID
2020-12-02 07:00:00,21.8,21.92,21.61,21.66,1833120,BID
2020-12-03 07:00:00,21.69,21.87,21.61,21.72,1836790,BID
2020-12-04 07:00:00,21.72,22.08,21.66,21.74,2563040,BID
2020-12-07 07:00:00,21.92,22.55,21.85,22.45,4120830,BID
2020-12-08 07:00:00,22.6,22.6,22.16,22.29,2151740,BID
2020-12-09 07:00:00,22.4,22.97,22.32,22.86,3679830,BID
2020-12-10 07:00:00,22.86,23.39,22.81,22.94,3830860,BID
2020-12-11 07:00:00,22.92,23.91,22.76,23.91,4566950,BID
2020-12-14 07:00:00,24.09,24.3,23.94,24.28,2935490,BID
2020-12-15 07:00:00,24.09,24.54,23.94,24.07,3422380,BID
2020-12-16 07:00:00,24.07,24.77,24.07,24.74,3093050,BID
2020-12-17 07:00:00,24.43,24.85,24.22,24.22,3894580,BID
2020-12-18 07:00:00,24.38,24.8,24.22,24.54,2432540,BID
2020-12-21 07:00:00,25.06,25.06,24.28,24.77,2476240,BID
2020-12-22 07:00:00,24.77,24.77,24.33,24.46,2735230,BID
2020-12-23 07:00:00,24.54,24.8,24.22,24.33,2105620,BID
2020-12-24 07:00:00,24.33,24.43,22.92,23.75,3135180,BID
2020-12-25 07:00:00,23.75,24.38,23.49,24.33,1562900,BID
2020-12-28 07:00:00,24.51,25.06,24.43,24.77,3156280,BID
2020-12-29 07:00:00,24.69,25.4,24.69,25.24,3031270,BID
2020-12-30 07:00:00,25.27,25.48,25.06,25.08,1442160,BID
2020-12-31 07:00:00,25.08,25.43,24.95,25.43,1342380,BID
2021-01-04 07:00:00,25.35,25.72,25.35,25.62,1993800,BID
2021-01-05 07:00:00,25.43,25.54,25.3,25.43,2155700,BID
2021-01-06 07:00:00,25.64,26.86,25.24,25.91,3674500,BID
2021-01-07 07:00:00,25.91,26.49,25.75,25.96,1678500,BID
2021-01-08 07:00:00,26.17,26.17,25.59,25.75,2034900,BID
2021-01-11 07:00:00,25.75,25.8,25.43,25.62,2758800,BID
2021-01-12 07:00:00,25.62,26.01,25.43,25.88,2189300,BID
2021-01-13 07:00:00,25.91,26.12,25.69,25.72,1650200,BID
2021-01-14 07:00:00,25.75,26.01,25.48,25.93,1904800,BID
2021-01-15 07:00:00,26.17,26.28,25.93,25.93,2404700,BID
2021-01-18 07:00:00,25.96,26.01,25.8,25.83,1685100,BID
2021-01-19 07:00:00,25.8,25.8,24.02,24.02,2701100,BID
2021-01-20 07:00:00,24.02,24.69,22.56,24.16,2306500,BID
2021-01-21 07:00:00,24.21,24.69,24.0,24.69,1347000,BID
2021-01-22 07:00:00,24.69,24.71,23.94,24.02,2211800,BID
2021-01-25 07:00:00,23.89,24.0,23.57,23.68,1371900,BID
2021-01-26 07:00:00,23.54,23.54,22.19,22.59,1836800,BID
2021-01-27 07:00:00,22.59,23.04,21.55,21.92,2102100,BID
2021-01-28 07:00:00,20.7,21.24,20.41,20.41,2692000,BID
2021-01-29 07:00:00,19.38,21.69,19.38,21.18,2008200,BID
2021-02-01 07:00:00,21.18,21.77,20.52,20.76,1545000,BID
2021-02-02 07:00:00,20.65,21.21,20.46,20.89,2497300,BID
2021-02-03 07:00:00,21.29,22.03,21.08,21.95,1851900,BID
2021-02-04 07:00:00,21.98,22.08,21.71,22.03,1378500,BID
2021-02-05 07:00:00,22.03,22.35,21.92,22.19,1279600,BID
2021-02-08 07:00:00,22.19,22.3,20.73,21.29,1874900,BID
2021-02-09 07:00:00,21.5,21.87,21.08,21.66,1448500,BID
2021-02-17 07:00:00,21.69,22.35,21.69,22.35,1439000,BID
2021-02-18 07:00:00,22.4,23.09,22.14,23.04,2339700,BID
2021-02-19 07:00:00,22.83,23.62,22.75,23.41,2027200,BID
2021-02-22 07:00:00,23.41,23.62,23.2,23.23,1523800,BID
2021-02-23 07:00:00,23.23,23.41,22.93,23.36,1533100,BID
2021-02-24 07:00:00,23.3,23.46,22.62,22.85,1640000,BID
2021-02-25 07:00:00,22.91,23.25,22.4,22.8,1733200,BID
2021-02-26 07:00:00,22.72,23.2,22.46,23.15,1379500,BID
2021-03-01 07:00:00,23.15,23.57,23.15,23.41,2251400,BID
2021-03-02 07:00:00,23.62,23.68,23.28,23.38,2124000,BID
2021-03-03 07:00:00,23.38,23.46,23.2,23.25,1583800,BID
2021-03-04 07:00:00,23.36,23.49,22.46,22.7,2089500,BID
2021-03-05 07:00:00,22.7,22.99,22.3,22.51,1857200,BID
2021-03-08 07:00:00,23.04,23.04,22.46,22.54,1595300,BID
2021-03-09 07:00:00,22.51,22.51,22.03,22.22,2430700,BID
2021-03-10 07:00:00,22.3,22.4,21.98,22.3,2056500,BID
2021-03-11 07:00:00,22.67,23.15,22.59,22.99,1672400,BID
2021-03-12 07:00:00,23.09,23.2,22.88,23.01,2536400,BID
2021-03-15 07:00:00,23.09,23.15,22.72,22.83,2779700,BID
2021-03-16 07:00:00,22.83,22.93,22.46,22.51,2223700,BID
2021-03-17 07:00:00,22.56,23.04,22.27,22.99,4346500,BID
2021-03-18 07:00:00,23.36,24.05,23.12,23.89,5666500,BID
2021-03-19 07:00:00,23.89,24.1,23.73,23.89,2885400,BID
2021-03-22 07:00:00,23.89,23.89,23.62,23.7,2562800,BID
2021-03-23 07:00:00,23.62,23.65,22.88,23.2,4549300,BID
2021-03-24 07:00:00,22.83,22.99,22.24,22.38,3341900,BID
2021-03-25 07:00:00,22.56,22.8,22.27,22.43,2369000,BID
2021-03-26 07:00:00,22.27,22.51,21.5,22.35,2445100,BID
2021-03-29 07:00:00,22.56,22.64,22.38,22.59,1347900,BID
2021-03-30 07:00:00,22.83,22.85,22.46,22.75,2304200,BID
2021-03-31 07:00:00,22.8,23.07,22.72,22.8,2170100,BID
2021-04-01 07:00:00,22.83,23.36,22.83,23.33,3706500,BID
2021-04-02 07:00:00,23.57,24.16,23.38,23.89,5794100,BID
2021-04-05 07:00:00,24.26,24.37,23.94,24.18,5969400,BID
2021-04-06 07:00:00,24.1,24.55,23.92,24.29,4113800,BID
2021-04-07 07:00:00,24.26,24.29,24.08,24.18,2609000,BID
2021-04-08 07:00:00,24.26,24.31,23.73,23.78,4412400,BID
2021-04-09 07:00:00,23.73,23.78,23.38,23.52,4489700,BID
2021-04-12 07:00:00,23.62,24.05,23.41,23.76,5149300,BID
2021-04-13 07:00:00,23.89,23.94,23.09,23.17,3952000,BID
2021-04-14 07:00:00,23.09,23.52,22.83,23.36,2839300,BID
2021-04-15 07:00:00,23.41,23.46,22.83,22.85,3705100,BID
2021-04-16 07:00:00,22.75,23.09,22.22,22.3,4667300,BID
2021-04-19 07:00:00,22.3,22.88,22.19,22.83,3194000,BID
2021-04-20 07:00:00,22.88,23.36,22.8,22.93,2676100,BID
2021-04-22 07:00:00,22.93,22.93,21.77,21.77,2929700,BID
2021-04-23 07:00:00,21.77,22.38,21.69,22.3,3078200,BID
2021-04-26 07:00:00,22.16,22.3,21.5,21.5,3328300,BID
2021-04-27 07:00:00,21.5,21.66,21.34,21.42,1978500,BID
2021-04-28 07:00:00,21.42,21.71,21.42,21.55,1379200,BID
2021-04-29 07:00:00,21.55,22.24,21.55,21.77,1949100,BID
2021-05-04 07:00:00,21.24,22.19,21.24,21.92,2171900,BID
2021-05-05 07:00:00,22.14,22.48,22.03,22.24,2692200,BID
2021-05-06 07:00:00,22.24,22.24,21.87,21.9,2246100,BID
2021-05-07 07:00:00,21.55,21.87,21.5,21.58,3706600,BID
2021-05-10 07:00:00,21.5,22.03,21.42,21.98,3027800,BID
2021-05-11 07:00:00,22.3,23.09,22.19,22.35,5349300,BID
2021-05-12 07:00:00,22.3,22.67,22.19,22.64,3331500,BID
2021-05-13 07:00:00,22.56,23.04,22.3,22.62,3483900,BID
2021-05-14 07:00:00,22.72,22.83,22.46,22.48,2724600,BID
2021-05-17 07:00:00,22.56,22.83,22.14,22.19,2992400,BID
2021-05-18 07:00:00,22.14,22.14,21.66,21.71,3903100,BID
2021-05-19 07:00:00,21.77,21.98,21.55,21.71,2872100,BID
2021-05-20 07:00:00,21.71,22.24,21.24,22.22,3495000,BID
2021-05-21 07:00:00,22.3,23.76,22.22,23.76,13027500,BID
2021-05-24 07:00:00,24.16,24.63,24.16,24.42,6994100,BID
2021-05-25 07:00:00,24.42,24.87,24.13,24.79,6329600,BID
2021-05-26 07:00:00,24.79,25.0,24.53,24.76,7369800,BID
2021-05-27 07:00:00,24.84,24.84,23.92,24.1,5862300,BID
2021-05-28 07:00:00,24.21,25.32,23.84,25.03,7857000,BID
2021-05-31 07:00:00,25.38,25.91,25.22,25.85,5597900,BID
2021-06-01 07:00:00,25.93,26.01,25.48,25.48,4096100,BID
2021-06-02 07:00:00,25.11,25.46,25.06,25.16,6043600,BID
2021-06-03 07:00:00,25.38,26.28,25.16,25.91,6715400,BID
2021-06-04 07:00:00,25.85,26.28,25.48,26.01,5939600,BID
2021-06-07 07:00:00,25.75,25.8,24.21,24.84,5275100,BID
2021-06-08 07:00:00,24.9,25.06,23.73,23.78,5685400,BID
2021-06-09 07:00:00,23.89,24.26,23.36,24.13,4454300,BID
2021-06-10 07:00:00,24.13,24.21,23.3,23.3,4463400,BID
2021-06-11 07:00:00,23.36,24.02,23.09,24.0,6390300,BID
2021-06-14 07:00:00,24.16,24.21,23.7,23.84,3394300,BID
2021-06-15 07:00:00,23.76,23.97,23.36,23.84,3257000,BID
2021-06-16 07:00:00,23.73,24.79,23.46,24.05,4217600,BID
2021-06-17 07:00:00,23.68,24.61,23.68,24.37,3579300,BID
2021-06-18 07:00:00,24.55,24.69,24.26,24.5,3200200,BID
2021-06-21 07:00:00,24.37,24.42,23.81,23.89,4237600,BID
2021-06-22 07:00:00,24.05,24.13,23.84,23.89,2781900,BID
2021-06-23 07:00:00,23.84,24.63,23.84,24.1,2574200,BID
2021-06-24 07:00:00,24.1,24.37,23.89,24.0,2110700,BID
2021-06-25 07:00:00,23.94,24.42,23.73,24.18,2572300,BID
2021-06-28 07:00:00,24.42,25.0,24.23,24.9,6685100,BID
2021-06-29 07:00:00,24.95,25.43,24.74,24.9,3945700,BID
2021-06-30 07:00:00,24.9,25.19,24.87,25.08,4001800,BID
2021-07-01 07:00:00,25.22,25.3,24.87,25.11,4601600,BID
2021-07-02 07:00:00,25.22,25.35,24.9,24.98,4204700,BID
2021-07-05 07:00:00,24.98,24.98,24.0,24.76,3489500,BID
2021-07-06 07:00:00,24.9,25.8,23.36,23.36,6222400,BID
2021-07-07 07:00:00,23.62,24.23,23.15,24.16,3943600,BID
2021-07-08 07:00:00,24.16,24.5,23.86,24.31,2127400,BID
2021-07-09 07:00:00,24.0,24.42,23.36,23.84,3587800,BID
2021-07-12 07:00:00,23.68,23.68,22.19,22.3,6021800,BID
2021-07-13 07:00:00,22.56,22.7,22.06,22.51,1982500,BID
2021-07-14 07:00:00,22.56,22.67,21.77,22.62,1788900,BID
2021-07-15 07:00:00,22.32,22.91,22.3,22.67,1793200,BID
2021-07-16 07:00:00,22.72,22.83,22.56,22.56,1416400,BID
2021-07-19 07:00:00,21.82,22.24,21.05,21.05,2960800,BID
2021-07-20 07:00:00,21.08,21.77,20.65,21.77,2713600,BID
2021-07-21 07:00:00,21.98,21.98,21.5,21.61,1157700,BID
2021-07-22 07:00:00,21.55,21.82,21.55,21.77,1700900,BID
2021-07-23 07:00:00,21.71,22.03,21.34,21.34,1823500,BID
2021-07-26 07:00:00,21.24,21.42,20.97,21.24,1436900,BID
2021-07-27 07:00:00,21.45,21.66,21.32,21.34,1428900,BID
2021-07-28 07:00:00,21.34,21.5,21.24,21.5,1233300,BID
2021-07-29 07:00:00,21.66,21.77,21.55,21.77,1179900,BID
2021-07-30 07:00:00,21.92,21.95,21.74,21.82,2031500,BID
2021-08-02 07:00:00,22.3,22.8,22.3,22.59,3961400,BID
2021-08-03 07:00:00,22.46,23.01,22.35,23.01,2765600,BID
2021-08-04 07:00:00,23.04,23.09,22.67,22.83,2140000,BID
2021-08-05 07:00:00,22.62,23.09,22.46,22.8,2116600,BID
2021-08-06 07:00:00,22.8,23.04,22.62,22.77,1868300,BID
2021-08-09 07:00:00,22.59,22.91,22.48,22.91,1743800,BID
2021-08-10 07:00:00,22.96,23.09,22.85,22.99,1867400,BID
2021-08-11 07:00:00,22.99,23.41,22.77,22.88,2739100,BID
2021-08-12 07:00:00,23.01,23.04,22.72,22.72,1709400,BID
2021-08-13 07:00:00,22.64,22.83,22.19,22.59,2309600,BID
2021-08-16 07:00:00,22.48,23.09,22.3,22.99,3286300,BID
2021-08-17 07:00:00,23.15,23.15,22.72,22.8,1565300,BID
2021-08-18 07:00:00,22.77,22.83,22.56,22.64,1514500,BID
2021-08-19 07:00:00,22.62,22.62,22.38,22.56,1803900,BID
2021-08-20 07:00:00,22.62,22.77,21.24,21.5,4363500,BID
2021-08-23 07:00:00,21.5,21.66,20.86,20.86,2742300,BID
2021-08-24 07:00:00,20.86,21.08,20.65,20.92,2540900,BID
2021-08-25 07:00:00,20.97,21.0,20.7,20.94,1103600,BID
2021-08-26 07:00:00,21.05,21.05,20.17,20.49,2045600,BID
2021-08-27 07:00:00,20.44,20.7,20.07,20.54,1906500,BID
2021-08-30 07:00:00,20.7,20.97,20.6,20.94,1410200,BID
2021-08-31 07:00:00,21.02,21.02,20.68,20.68,1814800,BID
2021-09-01 07:00:00,20.6,20.76,20.52,20.7,1357900,BID
2021-09-06 07:00:00,20.73,20.97,20.68,20.76,1364600,BID
2021-09-07 07:00:00,20.86,21.34,20.78,21.08,1709800,BID
2021-09-08 07:00:00,21.34,21.45,20.97,21.02,1420900,BID
2021-09-09 07:00:00,21.02,21.13,21.0,21.13,839800,BID
2021-09-10 07:00:00,21.24,21.24,21.02,21.05,793800,BID
2021-09-13 07:00:00,21.05,21.05,20.7,20.78,1734700,BID
2021-09-14 07:00:00,20.76,20.78,20.49,20.54,1415300,BID
2021-09-15 07:00:00,20.49,20.7,20.49,20.6,1055100,BID
2021-09-16 07:00:00,20.76,20.97,20.73,20.92,1465600,BID
2021-09-17 07:00:00,21.02,21.47,21.02,21.24,1784100,BID
2021-09-20 07:00:00,21.26,21.39,21.18,21.18,1957000,BID
2021-09-21 07:00:00,20.97,21.13,20.81,21.05,1524100,BID
2021-09-22 07:00:00,21.02,21.18,20.76,21.02,1267800,BID
2021-09-23 07:00:00,21.13,21.18,20.94,20.94,1084600,BID
2021-09-24 07:00:00,20.97,21.13,20.94,21.08,964900,BID
2021-09-27 07:00:00,21.08,21.29,20.81,20.92,1210800,BID
2021-09-28 07:00:00,20.92,21.42,20.81,21.29,2187700,BID
2021-09-29 07:00:00,21.26,21.26,20.86,21.18,1183100,BID
2021-09-30 07:00:00,21.16,21.24,20.89,20.94,1097300,BID
2021-10-01 07:00:00,20.86,20.94,20.6,20.6,1658100,BID
2021-10-04 07:00:00,20.62,21.02,20.44,20.65,1055100,BID
2021-10-05 07:00:00,20.7,21.0,20.7,20.86,730100,BID
2021-10-06 07:00:00,20.97,21.24,20.86,20.92,813300,BID
2021-10-07 07:00:00,20.92,20.97,20.78,20.78,1021500,BID
2021-10-08 07:00:00,20.78,20.92,20.78,20.81,978100,BID
2021-10-11 07:00:00,21.02,21.24,20.92,21.24,1760100,BID
2021-10-12 07:00:00,21.34,21.63,21.26,21.37,1985900,BID
2021-10-13 07:00:00,21.39,21.47,21.02,21.18,1423600,BID
2021-10-14 07:00:00,21.18,21.21,21.0,21.0,1060700,BID
2021-10-15 07:00:00,21.0,21.16,20.97,20.97,1104900,BID
2021-10-18 07:00:00,20.97,21.26,20.7,20.86,1795500,BID
2021-10-19 07:00:00,20.86,21.53,20.7,21.26,2212300,BID
2021-10-20 07:00:00,21.26,21.34,20.86,21.1,1079600,BID
2021-10-21 07:00:00,21.1,21.18,20.97,20.97,632200,BID
2021-10-22 07:00:00,20.97,21.08,20.86,20.86,1054900,BID
2021-10-25 07:00:00,21.02,21.02,20.81,20.81,889700,BID
2021-10-26 07:00:00,20.81,20.92,20.78,20.81,547200,BID
2021-10-27 07:00:00,20.84,21.21,20.84,21.18,1412900,BID
2021-10-28 07:00:00,21.24,21.34,21.08,21.16,1237100,BID
2021-10-29 07:00:00,21.24,22.14,21.18,22.03,3730300,BID
2021-11-01 07:00:00,22.3,22.35,22.08,22.19,3293200,BID
2021-11-02 07:00:00,22.19,22.56,22.08,22.27,1527700,BID
2021-11-03 07:00:00,22.46,23.41,22.3,22.85,5601700,BID
2021-11-04 07:00:00,22.91,23.49,22.67,23.36,4380200,BID
2021-11-05 07:00:00,23.36,23.57,22.96,23.15,1940900,BID
2021-11-08 07:00:00,23.15,23.57,22.91,23.3,2686800,BID
2021-11-09 07:00:00,23.36,23.44,22.83,22.83,2541000,BID
2021-11-10 07:00:00,22.88,23.09,22.48,22.83,2138500,BID
2021-11-11 07:00:00,23.04,23.09,22.4,22.72,2441800,BID
2021-11-12 07:00:00,22.48,22.99,22.48,22.93,1878000,BID
2021-11-15 07:00:00,23.01,23.09,22.3,22.72,1523300,BID
2021-11-16 07:00:00,22.67,22.88,22.54,22.72,1266900,BID
2021-11-17 07:00:00,22.64,23.25,22.54,23.15,2444800,BID
2021-11-18 07:00:00,23.36,23.84,23.04,23.62,3510800,BID
2021-11-19 07:00:00,23.65,24.45,22.3,23.57,4055100,BID
2021-11-22 07:00:00,23.57,24.53,23.36,24.18,4942900,BID
2021-11-23 07:00:00,24.16,24.16,23.46,23.73,1795000,BID
2021-11-24 07:00:00,23.86,24.47,23.68,24.45,4127600,BID
2021-11-25 07:00:00,24.63,24.63,24.05,24.08,2686800,BID
2021-11-26 07:00:00,24.47,24.53,23.36,24.13,4132100,BID
2021-11-29 07:00:00,23.62,23.89,23.41,23.62,3260500,BID
2021-11-30 07:00:00,23.84,24.23,23.15,23.57,2542100,BID
2021-12-01 07:00:00,23.57,23.73,23.2,23.52,1755700,BID
2021-12-02 07:00:00,23.49,24.1,23.36,23.46,1367300,BID
2021-12-03 07:00:00,23.62,23.62,22.3,22.3,2199100,BID
2021-12-06 07:00:00,22.83,22.83,22.11,22.27,2858100,BID
2021-12-07 07:00:00,22.32,23.23,22.32,23.15,1653500,BID
2021-12-08 07:00:00,23.2,23.52,23.07,23.36,1145000,BID
2021-12-09 07:00:00,23.33,23.44,23.12,23.36,979700,BID
2021-12-10 07:00:00,23.52,24.0,23.52,23.68,2064600,BID
2021-12-13 07:00:00,24.16,24.31,23.94,24.16,2477500,BID
2021-12-14 07:00:00,24.26,24.26,24.0,24.05,1711000,BID
2021-12-15 07:00:00,24.0,24.16,23.76,23.84,1426700,BID
2021-12-16 07:00:00,23.89,23.89,23.36,23.84,1674500,BID
2021-12-17 07:00:00,23.84,24.16,23.41,23.84,1851700,BID
2021-12-20 07:00:00,23.78,23.86,23.62,23.68,1229300,BID
2021-12-21 07:00:00,23.62,23.7,23.25,23.25,2787700,BID
2021-12-22 07:00:00,23.36,23.49,22.8,22.99,2827800,BID
2021-12-23 07:00:00,23.36,23.42,22.62,23.16,2318800,BID
2021-12-24 07:00:00,23.16,23.76,23.16,23.49,1525000,BID
2021-12-27 07:00:00,23.62,23.83,23.49,23.69,1202100,BID
2021-12-28 07:00:00,23.83,23.83,23.42,23.62,1359900,BID
2021-12-29 07:00:00,23.86,23.86,23.56,23.62,1581600,BID
2021-12-30 07:00:00,23.76,23.96,23.62,23.76,987000,BID
2021-12-31 07:00:00,23.89,25.3,23.83,24.9,4857000,BID
2022-01-04 07:00:00,25.24,25.5,25.0,25.1,1769200,BID
2022-01-05 07:00:00,25.44,25.44,24.76,24.87,1922200,BID
2022-01-06 07:00:00,24.5,26.04,24.33,25.5,5998800,BID
2022-01-07 07:00:00,25.94,26.48,25.27,26.31,4367700,BID
2022-01-10 07:00:00,26.31,27.05,26.04,26.07,3180600,BID
2022-01-11 07:00:00,26.04,26.78,25.7,26.44,4276500,BID
2022-01-12 07:00:00,26.44,28.29,26.44,28.29,8028300,BID
2022-01-13 07:00:00,28.52,30.27,28.52,29.53,9664800,BID
2022-01-14 07:00:00,29.06,30.27,29.06,29.7,3265400,BID
2022-01-17 07:00:00,29.53,31.54,29.26,29.3,7741100,BID
2022-01-18 07:00:00,29.13,30.5,29.13,30.13,4849200,BID
2022-01-19 07:00:00,30.24,30.74,29.23,29.3,2972800,BID
2022-01-20 07:00:00,28.93,31.34,28.36,31.34,5637900,BID
2022-01-21 07:00:00,31.58,32.75,31.21,31.78,4570000,BID
2022-01-24 07:00:00,31.48,32.55,31.44,31.48,4165100,BID
2022-01-25 07:00:00,31.07,32.89,30.81,32.89,4703200,BID
2022-01-26 07:00:00,33.22,33.52,32.28,32.28,4052900,BID
2022-01-27 07:00:00,32.22,32.55,31.81,31.95,1921100,BID
2022-01-28 07:00:00,31.95,32.89,31.74,32.18,2956900,BID
2022-02-07 07:00:00,32.48,32.62,31.68,31.81,3477200,BID
2022-02-08 07:00:00,31.81,32.48,31.21,31.78,2672600,BID
2022-02-09 07:00:00,31.74,32.82,31.54,32.48,4562000,BID
2022-02-10 07:00:00,32.62,32.82,32.22,32.48,2741500,BID
2022-02-11 07:00:00,32.35,32.55,32.08,32.15,1716100,BID
2022-02-14 07:00:00,31.68,31.95,30.03,30.03,7129000,BID
2022-02-15 07:00:00,30.1,31.07,29.8,31.01,3694100,BID
2022-02-16 07:00:00,30.94,30.94,30.0,30.3,2795800,BID
2022-02-17 07:00:00,30.67,30.87,30.0,30.87,1790200,BID
2022-02-18 07:00:00,30.5,30.91,30.0,30.0,2995400,BID
2022-02-21 07:00:00,30.07,30.5,29.33,30.37,2957200,BID
2022-02-22 07:00:00,30.13,30.87,30.0,30.87,2290300,BID
2022-02-23 07:00:00,31.21,31.48,30.54,30.6,2954000,BID
2022-02-24 07:00:00,30.4,30.57,29.26,29.93,3385900,BID
2022-02-25 07:00:00,29.93,30.6,29.87,29.9,2347500,BID
2022-02-28 07:00:00,29.73,29.9,29.33,29.33,2699000,BID
2022-03-01 07:00:00,29.36,30.2,29.26,29.6,2395600,BID
2022-03-02 07:00:00,29.33,29.53,28.42,28.49,3090100,BID
2022-03-03 07:00:00,28.42,28.99,28.19,28.72,2473700,BID
2022-03-04 07:00:00,28.72,29.2,28.52,29.06,1660800,BID
2022-03-07 07:00:00,28.72,28.72,28.29,28.36,2266100,BID
2022-03-08 07:00:00,28.05,28.56,27.78,27.92,2585800,BID
2022-03-09 07:00:00,27.92,28.12,27.18,27.18,1970700,BID
2022-03-10 07:00:00,27.85,28.19,27.48,27.48,1563100,BID
2022-03-11 07:00:00,27.48,28.09,27.48,28.09,1476500,BID
2022-03-14 07:00:00,28.09,28.32,27.72,27.72,1337300,BID
2022-03-15 07:00:00,27.72,28.32,27.52,28.26,1515300,BID
2022-03-16 07:00:00,28.39,28.39,27.85,27.92,1331400,BID
2022-03-17 07:00:00,28.32,29.7,27.52,29.2,5819900,BID
2022-03-18 07:00:00,29.33,29.93,29.2,29.46,2786600,BID
2022-03-21 07:00:00,29.46,29.6,29.06,29.4,1279000,BID
2022-03-22 07:00:00,29.4,29.5,28.99,29.2,2825000,BID
2022-03-23 07:00:00,29.16,29.8,28.96,29.13,1995900,BID
2022-03-24 07:00:00,29.13,29.16,28.86,28.93,1287000,BID
2022-03-25 07:00:00,28.96,29.43,28.59,29.16,1969000,BID
2022-03-28 07:00:00,28.86,29.16,27.82,27.92,3983900,BID
2022-03-29 07:00:00,27.99,28.52,27.85,28.46,1733800,BID
2022-03-30 07:00:00,28.26,30.2,27.99,29.23,3512800,BID
2022-03-31 07:00:00,29.36,29.5,29.13,29.2,1444000,BID
2022-04-01 07:00:00,29.2,29.87,29.13,29.76,3165900,BID
2022-04-04 07:00:00,30.17,30.17,29.7,29.7,2081900,BID
2022-04-05 07:00:00,29.2,29.4,28.96,29.06,2905000,BID
2022-04-06 07:00:00,28.86,29.4,28.62,29.2,3242600,BID
2022-04-07 07:00:00,29.2,29.76,28.89,28.89,3152800,BID
2022-04-08 07:00:00,28.86,28.99,28.05,28.12,3146100,BID
2022-04-12 07:00:00,28.39,28.39,27.15,27.15,3187500,BID
2022-04-13 07:00:00,27.18,27.78,26.91,27.45,1996100,BID
2022-04-14 07:00:00,27.78,27.78,27.18,27.18,1890900,BID
2022-04-15 07:00:00,27.25,27.65,26.18,26.38,2508700,BID
2022-04-18 07:00:00,26.54,26.64,25.37,25.47,2820600,BID
2022-04-19 07:00:00,25.74,26.31,25.17,25.47,2322500,BID
2022-04-20 07:00:00,25.47,26.04,25.4,25.47,1458300,BID
2022-04-21 07:00:00,25.44,26.01,25.27,25.84,2094100,BID
2022-04-22 07:00:00,25.91,26.24,25.5,25.84,2628900,BID
2022-04-25 07:00:00,25.84,25.91,24.06,24.06,2945400,BID
2022-04-26 07:00:00,23.59,25.0,23.59,24.76,1857800,BID
2022-04-27 07:00:00,24.83,25.17,24.46,24.97,748100,BID
2022-04-28 07:00:00,24.97,24.97,24.63,24.63,974900,BID
2022-04-29 07:00:00,24.73,25.34,24.7,25.0,1518600,BID
2022-05-04 07:00:00,25.0,25.3,24.8,25.0,1561000,BID
2022-05-05 07:00:00,25.24,25.64,24.83,25.64,1990600,BID
2022-05-06 07:00:00,25.07,25.4,24.83,24.83,1579600,BID
2022-05-09 07:00:00,24.56,24.76,23.12,23.12,2414100,BID
2022-05-10 07:00:00,22.89,24.09,22.48,24.03,1727600,BID
2022-05-11 07:00:00,23.99,24.23,23.52,24.23,862900,BID
2022-05-12 07:00:00,23.76,24.03,22.55,22.55,1507900,BID
2022-05-13 07:00:00,22.68,22.82,21.34,21.34,2353900,BID
2022-05-16 07:00:00,22.28,22.32,21.61,21.61,1280700,BID
2022-05-17 07:00:00,21.81,23.12,21.51,23.12,1116800,BID
2022-05-18 07:00:00,23.42,23.83,22.95,23.42,1288800,BID
2022-05-19 07:00:00,22.82,23.49,22.75,23.26,895100,BID
2022-05-20 07:00:00,23.09,23.42,23.02,23.16,1128100,BID
2022-05-23 07:00:00,23.09,23.29,22.15,22.38,1002800,BID
2022-05-24 07:00:00,22.62,22.72,22.22,22.65,768000,BID
2022-05-25 07:00:00,22.82,23.56,22.82,23.42,1066800,BID
2022-05-26 07:00:00,23.89,23.99,23.49,23.56,1194100,BID
2022-05-27 07:00:00,23.56,23.76,23.42,23.69,891000,BID
2022-05-30 07:00:00,23.83,24.06,23.62,23.99,1088100,BID
2022-05-31 07:00:00,23.83,23.89,23.49,23.69,1027300,BID
2022-06-01 07:00:00,23.56,23.86,23.46,23.59,1071100,BID
2022-06-02 07:00:00,23.59,23.62,23.16,23.29,905200,BID
2022-06-03 07:00:00,23.29,23.32,22.82,23.05,570700,BID
2022-06-06 07:00:00,23.05,23.26,22.68,22.95,918800,BID
2022-06-07 07:00:00,22.89,22.95,22.22,22.55,1172500,BID
2022-06-08 07:00:00,22.62,23.36,22.58,23.02,982900,BID
2022-06-09 07:00:00,23.05,23.32,22.89,23.16,394400,BID
2022-06-10 07:00:00,22.85,23.02,22.68,22.68,786000,BID
2022-06-13 07:00:00,22.18,22.38,21.44,21.44,1446900,BID
2022-06-14 07:00:00,21.41,22.01,20.87,21.68,1178900,BID
2022-06-15 07:00:00,21.48,21.81,20.81,21.48,1366100,BID
2022-06-16 07:00:00,21.48,22.01,21.48,21.68,1293500,BID
2022-06-17 07:00:00,21.44,21.44,20.94,21.21,1218700,BID
2022-06-20 07:00:00,21.28,21.34,19.8,19.8,972600,BID
2022-06-21 07:00:00,19.53,20.57,19.43,20.34,1403700,BID
2022-06-22 07:00:00,20.34,21.21,20.0,20.47,1532700,BID
2022-06-23 07:00:00,20.47,20.81,20.17,20.81,422300,BID
2022-06-24 07:00:00,20.94,21.64,20.87,20.94,1328200,BID
2022-06-27 07:00:00,21.01,21.34,20.91,21.31,826300,BID
2022-06-28 07:00:00,21.21,22.78,21.21,22.58,2412700,BID
2022-06-29 07:00:00,22.15,23.42,22.15,23.42,2342200,BID
2022-06-30 07:00:00,23.49,23.49,22.48,22.48,1498400,BID
2022-07-01 07:00:00,22.08,23.96,21.54,23.52,3520700,BID
2022-07-04 07:00:00,23.83,23.99,23.42,23.52,1827500,BID
2022-07-05 07:00:00,23.52,25.17,23.49,24.36,4933500,BID
2022-07-06 07:00:00,24.03,24.76,23.83,23.89,2731600,BID
2022-07-07 07:00:00,23.76,24.6,23.02,24.36,2824700,BID
2022-07-08 07:00:00,24.43,24.46,23.49,23.49,1979400,BID
2022-07-11 07:00:00,23.42,23.59,22.15,23.16,2058500,BID
2022-07-12 07:00:00,23.05,24.5,22.95,24.43,1671000,BID
2022-07-13 07:00:00,24.3,24.97,24.03,24.2,2657100,BID
2022-07-14 07:00:00,24.03,24.76,23.99,24.26,1504200,BID
2022-07-15 07:00:00,24.23,24.66,24.03,24.03,1387300,BID
2022-07-18 07:00:00,24.16,24.16,23.76,23.83,1698400,BID
2022-07-19 07:00:00,23.83,24.06,23.49,23.93,976900,BID
2022-07-20 07:00:00,24.3,24.76,24.13,24.43,1587800,BID
2022-07-21 07:00:00,24.3,24.73,24.3,24.5,1519100,BID
2022-07-22 07:00:00,24.76,24.76,23.83,23.83,1247400,BID
2022-07-25 07:00:00,23.83,24.09,23.36,23.76,1196800,BID
2022-07-26 07:00:00,24.03,24.16,23.83,23.86,885800,BID
2022-07-27 07:00:00,23.86,23.93,23.49,23.86,725200,BID
2022-07-28 07:00:00,24.16,24.73,23.96,24.5,2049800,BID
2022-07-29 07:00:00,24.63,25.44,24.6,25.03,4174700,BID
2022-08-01 07:00:00,25.1,26.18,25.03,26.18,3367400,BID
2022-08-02 07:00:00,25.91,26.18,25.64,25.84,1951800,BID
2022-08-03 07:00:00,25.47,26.38,25.44,26.38,2146200,BID
2022-08-04 07:00:00,26.38,26.61,25.84,26.38,2421700,BID
2022-08-05 07:00:00,26.31,26.31,25.84,26.18,1029400,BID
2022-08-08 07:00:00,26.18,26.34,25.97,26.04,987900,BID
2022-08-09 07:00:00,26.04,26.31,25.91,25.94,1567700,BID
2022-08-10 07:00:00,25.84,26.04,25.77,25.77,987000,BID
2022-08-11 07:00:00,26.18,26.38,25.64,25.7,1739100,BID
2022-08-12 07:00:00,25.7,26.31,25.6,26.31,1639000,BID
2022-08-15 07:00:00,26.38,27.62,26.38,27.52,3772200,BID
2022-08-16 07:00:00,27.48,27.58,27.18,27.18,981400,BID
2022-08-17 07:00:00,27.18,27.25,26.85,26.85,1394900,BID
2022-08-18 07:00:00,26.64,26.91,26.58,26.58,1480900,BID
2022-08-19 07:00:00,26.54,26.85,26.31,26.41,1451800,BID
2022-08-22 07:00:00,26.41,26.41,25.74,25.81,1761800,BID
2022-08-23 07:00:00,25.74,26.51,25.64,26.51,1732500,BID
2022-08-24 07:00:00,26.64,26.71,26.14,26.38,969800,BID
2022-08-25 07:00:00,26.18,26.51,26.14,26.38,1272100,BID
2022-08-26 07:00:00,26.38,26.95,26.38,26.44,2006200,BID
2022-08-29 07:00:00,25.91,26.38,25.6,26.18,1345400,BID
2022-08-30 07:00:00,26.21,27.15,26.18,26.71,2329700,BID
2022-08-31 07:00:00,26.71,26.98,26.58,26.85,1622100,BID
2022-09-05 07:00:00,26.85,26.88,26.34,26.51,803800,BID
2022-09-06 07:00:00,26.51,27.22,26.48,26.88,1779600,BID
2022-09-07 07:00:00,26.78,26.78,25.37,25.37,3012000,BID
2022-09-08 07:00:00,25.44,25.74,24.56,24.63,2190400,BID
2022-09-09 07:00:00,24.63,24.9,24.26,24.83,1111000,BID
2022-09-12 07:00:00,24.83,25.17,24.7,24.76,937800,BID
2022-09-13 07:00:00,24.76,25.0,24.6,24.7,840200,BID
2022-09-14 07:00:00,24.16,24.5,24.13,24.5,933100,BID
2022-09-15 07:00:00,24.5,24.7,23.93,23.99,1945600,BID
2022-09-16 07:00:00,24.16,24.3,23.83,23.83,974900,BID
2022-09-19 07:00:00,23.79,23.79,22.89,22.95,1276000,BID
2022-09-20 07:00:00,23.02,23.66,23.02,23.59,1116600,BID
2022-09-21 07:00:00,23.36,23.56,23.32,23.32,495400,BID
2022-09-22 07:00:00,23.19,23.69,23.12,23.59,977300,BID
2022-09-23 07:00:00,23.89,23.89,23.16,23.32,785400,BID
2022-09-26 07:00:00,22.89,22.99,21.74,22.42,2016400,BID
2022-09-27 07:00:00,22.48,22.85,22.15,22.62,607300,BID
2022-09-28 07:00:00,22.62,22.75,22.38,22.48,777900,BID
2022-09-29 07:00:00,22.82,22.89,22.45,22.48,1000100,BID
2022-09-30 07:00:00,22.01,22.75,21.68,22.75,1817900,BID
2022-10-03 07:00:00,22.22,22.55,21.18,21.18,1573400,BID
2022-10-04 07:00:00,21.48,21.51,20.74,20.81,1195400,BID
2022-10-05 07:00:00,21.34,21.48,21.01,21.34,516100,BID
2022-10-06 07:00:00,21.44,21.44,20.81,20.81,915800,BID
2022-10-07 07:00:00,20.47,20.54,19.4,19.6,1716300,BID
2022-10-10 07:00:00,18.89,20.44,18.79,20.13,1000800,BID
2022-10-11 07:00:00,20.13,20.13,19.13,19.13,907900,BID
2022-10-12 07:00:00,19.46,20.44,19.26,20.44,1476600,BID
2022-10-13 07:00:00,20.5,21.78,20.44,21.78,1413700,BID
2022-10-14 07:00:00,22.15,22.28,21.88,22.15,1720800,BID
2022-10-17 07:00:00,22.11,22.11,21.28,21.95,1089600,BID
2022-10-18 07:00:00,22.15,22.45,21.95,22.01,882400,BID
2022-10-19 07:00:00,22.01,22.48,21.74,22.15,753300,BID
2022-10-20 07:00:00,21.88,22.82,21.81,22.25,1476300,BID
2022-10-21 07:00:00,22.25,22.25,21.54,21.88,1657300,BID
2022-10-24 07:00:00,22.11,22.11,20.37,20.37,1374200,BID
2022-10-25 07:00:00,20.13,21.78,19.66,21.01,1464500,BID
2022-10-26 07:00:00,21.14,21.81,21.01,21.28,684000,BID
2022-10-27 07:00:00,21.34,22.75,21.34,22.75,2034500,BID
2022-10-28 07:00:00,23.02,23.46,22.68,22.68,2106200,BID
2022-10-31 07:00:00,22.68,23.39,22.62,23.19,2663400,BID
2022-11-01 07:00:00,23.22,23.59,22.82,22.85,1615200,BID
2022-11-02 07:00:00,22.85,23.05,22.52,22.62,1325200,BID
2022-11-03 07:00:00,22.25,22.68,22.15,22.15,1125400,BID
2022-11-04 07:00:00,22.15,22.58,21.18,22.35,2376600,BID
2022-11-07 07:00:00,22.01,22.89,22.01,22.35,1582200,BID
2022-11-08 07:00:00,22.15,23.49,22.15,23.42,3079100,BID
2022-11-09 07:00:00,23.56,24.7,23.52,24.26,4501700,BID
2022-11-10 07:00:00,24.13,24.13,22.58,23.29,2499700,BID
2022-11-11 07:00:00,24.16,24.5,23.76,24.16,2165600,BID
2022-11-14 07:00:00,23.89,24.76,23.42,24.09,1326800,BID
2022-11-15 07:00:00,23.49,23.99,22.42,22.42,1888700,BID
2022-11-16 07:00:00,21.41,23.96,21.18,23.96,1603000,BID
2022-11-17 07:00:00,24.3,24.5,23.83,23.93,1492200,BID
2022-11-18 07:00:00,23.93,24.2,22.82,24.13,1383600,BID
2022-11-21 07:00:00,24.5,24.5,23.83,23.83,1285300,BID
2022-11-22 07:00:00,23.22,24.66,23.22,24.46,2109100,BID
2022-11-23 07:00:00,24.43,25.5,24.13,25.1,2415200,BID
2022-11-24 07:00:00,24.97,25.77,24.7,25.5,1789300,BID
2022-11-25 07:00:00,25.77,26.85,25.64,26.85,2564400,BID
2022-11-28 07:00:00,26.85,27.25,26.18,26.51,2605800,BID
2022-11-29 07:00:00,26.51,27.52,26.07,27.52,2549200,BID
2022-11-30 07:00:00,27.52,28.39,26.51,27.58,2054900,BID
2022-12-01 07:00:00,27.58,27.85,26.18,26.18,1935500,BID
2022-12-02 07:00:00,26.18,27.72,26.14,27.65,1503000,BID
2022-12-05 07:00:00,27.78,28.19,27.22,27.68,1665800,BID
2022-12-06 07:00:00,27.58,27.58,26.24,26.24,2673000,BID
2022-12-07 07:00:00,26.51,26.51,25.84,26.18,1797900,BID
2022-12-08 07:00:00,26.31,27.65,26.04,26.18,2731500,BID
2022-12-09 07:00:00,26.11,26.51,25.7,26.31,1624100,BID
2022-12-12 07:00:00,26.44,26.78,25.57,25.57,1983700,BID
2022-12-13 07:00:00,25.54,26.51,25.54,25.97,1706400,BID
2022-12-14 07:00:00,26.64,26.64,26.04,26.04,659400,BID
2022-12-15 07:00:00,25.91,26.74,25.91,26.18,1459900,BID
2022-12-16 07:00:00,25.94,26.51,25.94,26.11,1000200,BID
2022-12-19 07:00:00,26.04,27.18,26.04,26.04,1917400,BID
2022-12-20 07:00:00,26.04,26.18,25.17,25.84,1652700,BID
2022-12-21 07:00:00,26.07,26.58,25.81,25.91,1432800,BID
2022-12-22 07:00:00,26.07,26.78,26.01,26.18,1335700,BID
2022-12-23 07:00:00,26.51,26.51,26.18,26.18,690600,BID
2022-12-26 07:00:00,26.18,26.24,26.01,26.04,1255700,BID
2022-12-27 07:00:00,26.04,26.85,25.97,26.85,1496000,BID
2022-12-28 07:00:00,26.91,28.46,26.58,28.12,3692800,BID
2022-12-29 07:00:00,28.19,28.26,26.85,26.85,1265700,BID
2022-12-30 07:00:00,27.01,27.85,25.91,25.91,2618200,BID
2023-01-03 07:00:00,26.38,27.65,26.21,27.65,1732900,BID
2023-01-04 07:00:00,27.65,28.32,27.11,27.38,2070300,BID
2023-01-05 07:00:00,27.52,27.58,27.01,27.35,1175100,BID
2023-01-06 07:00:00,27.35,28.49,27.25,27.95,3400900,BID
2023-01-09 07:00:00,28.32,28.32,27.42,27.52,1326400,BID
2023-01-10 07:00:00,27.92,27.99,27.35,27.72,924000,BID
2023-01-11 07:00:00,27.92,28.32,27.45,27.68,1531300,BID
2023-01-12 07:00:00,27.75,28.16,27.52,27.82,708200,BID
2023-01-13 07:00:00,27.92,28.32,27.92,28.05,1630000,BID
2023-01-16 07:00:00,28.19,30.0,28.16,30.0,4737900,BID
2023-01-17 07:00:00,30.2,30.4,29.93,30.17,1499200,BID
2023-01-18 07:00:00,30.13,30.57,30.07,30.27,1832900,BID
2023-01-19 07:00:00,30.27,31.07,30.17,30.84,1656800,BID
2023-01-27 07:00:00,31.21,31.28,29.87,29.9,1729800,BID
2023-01-30 07:00:00,29.53,30.13,29.53,29.87,1210300,BID
2023-01-31 07:00:00,29.7,30.27,29.23,30.27,1643500,BID
2023-02-01 07:00:00,30.44,30.54,28.59,28.72,2510500,BID
2023-02-02 07:00:00,28.69,29.26,28.26,28.96,2864500,BID
2023-02-03 07:00:00,29.2,29.4,28.96,29.09,1377900,BID
2023-02-06 07:00:00,29.06,30.2,28.79,30.2,1747200,BID
2023-02-07 07:00:00,30.2,30.44,29.33,29.4,1568300,BID
2023-02-08 07:00:00,29.46,30.37,29.46,29.87,1796700,BID
2023-02-09 07:00:00,29.87,30.2,29.53,29.53,1184800,BID
2023-02-10 07:00:00,29.8,29.9,28.83,28.83,1398000,BID
2023-02-13 07:00:00,28.83,29.8,28.83,29.8,1589700,BID
2023-02-14 07:00:00,29.87,29.87,29.06,29.13,1325100,BID
2023-02-15 07:00:00,28.96,29.83,28.96,29.53,604600,BID
2023-02-16 07:00:00,30.0,30.2,29.53,30.2,1068100,BID
2023-02-17 07:00:00,30.2,30.74,30.17,30.74,1493700,BID
2023-02-20 07:00:00,30.74,31.78,30.74,31.68,1508300,BID
2023-02-21 07:00:00,31.68,31.74,31.04,31.04,996600,BID
2023-02-22 07:00:00,30.77,30.87,30.2,30.2,994100,BID
2023-02-23 07:00:00,30.17,30.57,29.33,30.57,1279900,BID
2023-02-24 07:00:00,30.24,30.57,29.8,29.93,497900,BID
2023-02-27 07:00:00,29.87,29.87,29.26,29.7,939200,BID
2023-02-28 07:00:00,29.7,29.93,29.56,29.6,257600,BID
2023-03-01 07:00:00,29.53,30.64,29.4,30.64,740900,BID
2023-03-02 07:00:00,30.64,31.21,30.47,31.14,976200,BID
2023-03-03 07:00:00,31.14,31.21,30.37,30.81,735400,BID
2023-03-06 07:00:00,30.81,31.54,30.4,30.74,864900,BID
2023-03-07 07:00:00,30.54,31.61,30.54,31.48,1634600,BID
2023-03-08 07:00:00,31.14,32.22,30.81,32.22,1229700,BID
2023-03-09 07:00:00,32.22,32.22,31.58,31.98,1170600,BID
2023-03-10 07:00:00,31.85,31.85,31.51,31.64,862200,BID
2023-03-13 07:00:00,31.28,31.48,31.04,31.04,933700,BID
2023-03-14 07:00:00,30.94,31.11,30.03,30.24,1444500,BID
2023-03-15 07:00:00,30.87,31.81,30.5,31.41,628400,BID
2023-03-16 07:00:00,30.91,31.48,30.91,31.04,875700,BID
2023-03-17 07:00:00,31.54,31.54,30.87,31.07,310700,BID
2023-03-20 07:00:00,30.87,30.87,30.2,30.44,585800,BID
2023-03-21 07:00:00,30.47,30.7,30.07,30.44,741600,BID
2023-03-22 07:00:00,30.7,31.01,30.5,30.94,560800,BID
2023-03-23 07:00:00,30.4,30.87,30.4,30.81,414900,BID
2023-03-24 07:00:00,30.81,31.07,30.54,30.57,364600,BID
2023-03-27 07:00:00,30.57,30.97,30.2,30.87,672200,BID
2023-03-28 07:00:00,31.21,31.41,30.87,30.87,504000,BID
2023-03-29 07:00:00,30.87,31.11,30.57,31.01,303100,BID
2023-03-30 07:00:00,31.04,31.28,31.01,31.01,699700,BID
2023-03-31 07:00:00,31.01,31.54,30.91,31.01,643700,BID
2023-04-03 07:00:00,31.31,31.41,30.74,30.81,1263700,BID
2023-04-04 07:00:00,30.81,30.97,30.67,30.87,889600,BID
2023-04-05 07:00:00,30.87,31.07,30.4,30.54,1363800,BID
2023-04-06 07:00:00,30.54,31.21,30.4,30.87,1514700,BID
2023-04-07 07:00:00,30.7,30.87,30.54,30.64,731900,BID
2023-04-10 07:00:00,30.74,30.74,30.0,30.0,1806100,BID
2023-04-11 07:00:00,29.83,29.97,29.63,29.8,1229100,BID
2023-04-12 07:00:00,29.87,30.07,29.66,29.8,775500,BID
2023-04-13 07:00:00,29.8,30.2,29.8,30.17,779000,BID
2023-04-14 07:00:00,30.2,30.2,29.83,29.83,618700,BID
2023-04-17 07:00:00,29.83,30.27,29.8,30.2,716600,BID
2023-04-18 07:00:00,30.07,30.2,29.73,29.93,639700,BID
2023-04-19 07:00:00,30.03,30.03,29.66,29.8,452100,BID
2023-04-20 07:00:00,29.76,29.93,29.63,29.93,256900,BID
2023-04-21 07:00:00,29.93,29.93,29.66,29.66,354500,BID
2023-04-24 07:00:00,29.66,29.66,29.33,29.33,462900,BID
2023-04-25 07:00:00,29.26,29.46,28.96,29.23,539200,BID
2023-04-26 07:00:00,29.2,29.73,28.99,29.6,405100,BID
2023-04-27 07:00:00,29.6,29.6,29.2,29.46,163100,BID
2023-04-28 07:00:00,29.5,29.6,29.2,29.2,414600,BID
2023-05-04 07:00:00,29.2,29.66,29.06,29.36,376500,BID
2023-05-05 07:00:00,29.4,29.43,29.16,29.16,296500,BID
2023-05-08 07:00:00,29.23,30.54,29.23,30.0,1130500,BID
2023-05-09 07:00:00,30.0,30.44,30.0,30.27,650900,BID
2023-05-10 07:00:00,30.4,30.4,29.87,30.2,595000,BID
2023-05-11 07:00:00,30.2,30.37,30.07,30.2,510500,BID
2023-05-12 07:00:00,30.2,30.27,29.9,30.2,428300,BID
2023-05-15 07:00:00,30.87,30.87,30.13,30.13,435500,BID
2023-05-16 07:00:00,30.27,30.27,30.03,30.2,429200,BID
2023-05-17 07:00:00,30.2,30.27,30.07,30.07,865900,BID
2023-05-18 07:00:00,30.13,30.17,29.87,29.97,514700,BID
2023-05-19 07:00:00,29.93,30.17,29.73,29.8,603200,BID
2023-05-22 07:00:00,29.8,30.17,29.8,29.8,607800,BID
2023-05-23 07:00:00,30.13,30.13,29.43,29.43,753500,BID
2023-05-24 07:00:00,29.53,29.53,29.2,29.2,767100,BID
2023-05-25 07:00:00,29.2,29.53,29.16,29.36,655400,BID
2023-05-26 07:00:00,29.6,29.6,29.13,29.13,544800,BID
2023-05-29 07:00:00,29.5,29.5,29.13,29.46,668100,BID
2023-05-30 07:00:00,29.53,29.53,29.26,29.4,800800,BID
2023-05-31 07:00:00,29.4,29.53,29.23,29.53,770800,BID
2023-06-01 07:00:00,29.53,29.53,29.3,29.46,617900,BID
2023-06-02 07:00:00,29.53,30.13,29.53,30.0,1202800,BID
2023-06-05 07:00:00,30.13,30.44,30.0,30.0,959100,BID
2023-06-06 07:00:00,30.2,30.2,29.73,30.07,846100,BID
2023-06-07 07:00:00,30.07,30.13,29.76,29.76,967700,BID
2023-06-08 07:00:00,29.8,29.87,29.33,29.33,1655400,BID
2023-06-09 07:00:00,29.4,29.56,28.93,29.16,1289600,BID
2023-06-12 07:00:00,29.26,29.3,28.86,29.3,1125600,BID
2023-06-13 07:00:00,29.33,29.87,29.3,29.76,1328300,BID
2023-06-14 07:00:00,29.93,30.0,29.53,29.53,1334800,BID
2023-06-15 07:00:00,29.46,29.66,29.33,29.43,823400,BID
2023-06-16 07:00:00,29.73,29.87,29.3,29.33,1441500,BID
2023-06-19 07:00:00,29.4,29.43,29.06,29.06,796000,BID
2023-06-20 07:00:00,29.16,29.2,28.96,29.2,812700,BID
2023-06-21 07:00:00,29.2,29.53,29.06,29.13,812800,BID
2023-06-22 07:00:00,29.33,29.56,29.13,29.5,1284000,BID
2023-06-23 07:00:00,29.46,30.17,29.33,29.73,1911900,BID
2023-06-26 07:00:00,29.87,30.1,29.46,29.73,1225100,BID
2023-06-27 07:00:00,29.6,29.83,29.53,29.73,793800,BID
2023-06-28 07:00:00,29.73,30.44,29.63,30.44,2337400,BID
2023-06-29 07:00:00,30.47,30.81,29.87,29.87,1582000,BID
2023-06-30 07:00:00,29.87,30.07,29.09,29.09,975000,BID
2023-07-03 07:00:00,29.46,29.87,29.33,29.87,1085400,BID
2023-07-04 07:00:00,29.8,29.9,29.36,29.53,1183300,BID
2023-07-05 07:00:00,29.66,30.03,29.56,29.76,1294400,BID
2023-07-06 07:00:00,29.66,29.97,29.26,29.5,1337000,BID
2023-07-07 07:00:00,29.33,29.73,29.33,29.73,880100,BID
2023-07-10 07:00:00,29.8,31.51,29.66,31.51,4620400,BID
2023-07-11 07:00:00,31.68,31.81,31.21,31.24,2620200,BID
2023-07-12 07:00:00,31.51,31.64,30.97,31.34,2332100,BID
2023-07-13 07:00:00,31.48,31.88,31.24,31.48,1884600,BID
2023-07-14 07:00:00,31.48,31.98,30.91,31.38,2606100,BID
2023-07-17 07:00:00,31.38,31.61,31.01,31.01,2231500,BID
2023-07-18 07:00:00,31.01,31.34,31.01,31.34,1667200,BID
2023-07-19 07:00:00,31.48,31.48,30.77,31.04,2329500,BID
2023-07-20 07:00:00,31.01,31.14,30.77,31.04,934600,BID
2023-07-21 07:00:00,31.04,31.38,30.94,31.38,1422100,BID
2023-07-24 07:00:00,31.48,31.95,31.41,31.41,1970000,BID
2023-07-25 07:00:00,31.38,31.68,31.34,31.64,1621600,BID
2023-07-26 07:00:00,31.64,32.25,31.64,31.78,2329100,BID
2023-07-27 07:00:00,31.74,31.81,31.31,31.34,1369700,BID
2023-07-28 07:00:00,31.34,31.74,31.14,31.34,1754600,BID
2023-07-31 07:00:00,31.54,31.85,31.34,31.68,1873000,BID
2023-08-01 07:00:00,31.91,33.22,31.68,32.35,3814100,BID
2023-08-02 07:00:00,32.35,33.09,32.32,32.95,2355600,BID
2023-08-03 07:00:00,32.95,32.99,32.48,32.58,2094400,BID
2023-08-04 07:00:00,32.55,32.82,32.35,32.48,2196000,BID
2023-08-07 07:00:00,32.68,33.19,32.52,32.78,2004700,BID
2023-08-08 07:00:00,32.82,33.19,32.58,32.65,2104900,BID
2023-08-09 07:00:00,32.65,32.75,32.25,32.35,1802300,BID
2023-08-10 07:00:00,32.35,32.48,31.21,31.21,2612100,BID
2023-08-11 07:00:00,31.21,31.48,30.6,31.34,2102400,BID
2023-08-14 07:00:00,31.54,31.98,31.31,31.95,2117100,BID
2023-08-15 07:00:00,31.81,31.95,31.44,31.54,1658000,BID
2023-08-16 07:00:00,31.51,31.95,31.48,31.88,1353700,BID
2023-08-17 07:00:00,31.88,32.01,31.61,31.61,1666000,BID
2023-08-18 07:00:00,31.61,31.61,29.6,29.66,2845400,BID
2023-08-21 07:00:00,29.93,31.44,29.87,30.6,1810000,BID
2023-08-22 07:00:00,30.13,30.84,29.87,30.74,1287500,BID
2023-08-23 07:00:00,31.01,31.01,30.47,30.67,1363100,BID
2023-08-24 07:00:00,30.67,30.94,30.44,30.74,1360100,BID
2023-08-25 07:00:00,30.74,30.74,30.24,30.34,1174700,BID
2023-08-28 07:00:00,30.44,30.81,30.4,30.47,740300,BID
2023-08-29 07:00:00,30.47,30.94,30.44,30.74,1359600,BID
2023-08-30 07:00:00,30.87,31.28,30.74,31.01,1123800,BID
2023-08-31 07:00:00,31.11,31.51,31.07,31.51,1668900,BID
2023-09-05 07:00:00,31.54,32.01,31.54,31.88,1362300,BID
2023-09-06 07:00:00,32.01,32.01,31.64,31.74,1178700,BID
2023-09-07 07:00:00,31.88,32.32,31.68,31.78,1172700,BID
2023-09-08 07:00:00,31.88,31.91,31.51,31.54,1600700,BID
2023-09-11 07:00:00,31.81,31.81,30.87,31.21,967200,BID
2023-09-12 07:00:00,31.38,31.54,31.14,31.54,991700,BID
2023-09-13 07:00:00,31.61,31.78,31.21,31.54,1201100,BID
2023-09-14 07:00:00,31.54,32.15,31.38,31.38,1873900,BID
2023-09-15 07:00:00,31.54,31.81,31.41,31.41,1054000,BID
2023-09-18 07:00:00,31.54,31.54,30.4,30.7,1446600,BID
2023-09-19 07:00:00,30.74,30.97,30.2,30.34,1189600,BID
2023-09-20 07:00:00,30.34,30.67,30.27,30.67,673300,BID
2023-09-21 07:00:00,30.67,30.91,30.27,30.34,915200,BID
2023-09-22 07:00:00,30.07,30.91,29.66,30.91,1822500,BID
2023-09-25 07:00:00,30.91,30.91,30.13,30.27,1038300,BID
2023-09-26 07:00:00,30.4,30.4,29.66,29.76,1121800,BID
2023-09-27 07:00:00,29.76,30.0,29.7,29.8,1079800,BID
2023-09-28 07:00:00,29.76,30.0,29.7,29.76,695600,BID
2023-09-29 07:00:00,29.8,30.03,29.66,29.76,542600,BID
2023-10-02 07:00:00,29.76,29.97,29.4,29.5,688100,BID
2023-10-03 07:00:00,29.3,29.36,27.89,27.89,1336300,BID
2023-10-04 07:00:00,27.52,28.83,27.52,28.52,892900,BID
2023-10-05 07:00:00,28.52,28.76,27.89,27.92,526100,BID
2023-10-06 07:00:00,27.92,28.52,27.65,28.32,555200,BID
2023-10-09 07:00:00,28.32,28.39,28.05,28.16,699800,BID
2023-10-10 07:00:00,28.32,28.52,28.12,28.22,876600,BID
2023-10-11 07:00:00,28.52,28.52,28.02,28.19,1117500,BID
2023-10-12 07:00:00,28.22,28.46,28.12,28.29,1015900,BID
2023-10-13 07:00:00,28.32,28.52,28.26,28.52,1027000,BID
2023-10-16 07:00:00,28.52,28.52,27.68,27.95,973400,BID
2023-10-17 07:00:00,28.12,28.32,27.72,27.72,978500,BID
2023-10-18 07:00:00,27.72,27.75,26.85,26.85,1455600,BID
2023-10-19 07:00:00,26.98,27.25,26.64,26.98,1169600,BID
2023-10-20 07:00:00,26.98,27.18,26.54,27.18,978400,BID
2023-10-23 07:00:00,27.05,27.18,26.91,27.05,706800,BID
2023-10-24 07:00:00,26.95,27.82,26.95,27.72,915400,BID
2023-10-25 07:00:00,27.72,27.92,27.35,27.35,741800,BID
2023-10-26 07:00:00,26.85,27.45,26.18,27.22,1976000,BID
2023-10-27 07:00:00,27.22,28.19,26.98,28.19,894500,BID
2023-10-30 07:00:00,28.12,28.12,27.52,27.52,540600,BID
2023-10-31 07:00:00,27.52,27.85,26.98,26.98,545000,BID
2023-11-01 07:00:00,27.45,27.45,26.64,26.85,350900,BID
2023-11-02 07:00:00,27.42,27.95,27.25,27.95,690200,BID
2023-11-03 07:00:00,28.36,28.36,27.85,27.85,563400,BID
2023-11-06 07:00:00,27.95,28.32,27.92,28.05,586900,BID
2023-11-07 07:00:00,28.19,28.19,27.85,28.05,531300,BID
2023-11-08 07:00:00,27.95,28.86,27.89,28.79,966700,BID
2023-11-09 07:00:00,28.86,28.96,28.59,28.76,756700,BID
2023-11-10 07:00:00,28.46,28.79,28.26,28.32,627400,BID
2023-11-13 07:00:00,28.32,28.66,28.16,28.26,473900,BID
2023-11-14 07:00:00,28.36,29.16,28.36,28.86,1571600,BID
2023-11-15 07:00:00,29.13,29.63,28.99,29.63,1449200,BID
2023-11-16 07:00:00,29.7,29.8,29.16,29.36,970300,BID
2023-11-17 07:00:00,29.53,29.53,28.56,28.79,1209700,BID
2023-11-20 07:00:00,28.19,29.43,28.19,28.96,809800,BID
2023-11-21 07:00:00,29.33,29.5,28.86,29.5,824200,BID
2023-11-22 07:00:00,29.5,29.53,29.13,29.26,738100,BID
2023-11-23 07:00:00,29.53,29.53,28.86,28.86,755300,BID
2023-11-24 07:00:00,28.86,29.3,28.46,29.3,811000,BID
2023-11-27 07:00:00,29.3,29.3,28.72,28.86,747600,BID
2023-11-28 07:00:00,29.5,29.5,28.9,29.39,833900,BID
2023-11-29 07:00:00,29.5,29.73,29.43,29.73,811800,BID
2023-11-30 07:00:00,29.5,29.88,29.35,29.39,726300,BID
2023-12-01 07:00:00,29.43,29.88,29.39,29.8,761100,BID
2023-12-04 07:00:00,29.88,30.11,29.77,30.11,711900,BID
2023-12-05 07:00:00,30.11,30.18,29.8,29.99,654400,BID
2023-12-06 07:00:00,29.99,30.56,29.8,30.26,1157100,BID
2023-12-07 07:00:00,30.52,31.02,30.26,30.71,1955000,BID
2023-12-08 07:00:00,30.71,31.77,30.71,31.7,2406400,BID
2023-12-11 07:00:00,31.77,31.92,31.28,31.32,1589400,BID
2023-12-12 07:00:00,31.39,31.81,31.17,31.7,956500,BID
2023-12-13 07:00:00,31.7,31.77,30.71,31.47,793400,BID
2023-12-14 07:00:00,31.51,31.62,31.24,31.47,779800,BID
2023-12-15 07:00:00,31.36,31.54,31.2,31.39,562000,BID
2023-12-18 07:00:00,31.05,31.39,30.64,31.02,678400,BID
2023-12-19 07:00:00,31.02,31.39,30.68,31.17,823300,BID
2023-12-20 07:00:00,31.7,31.77,30.86,31.24,1024900,BID
2023-12-21 07:00:00,30.94,31.7,30.94,31.62,1136900,BID
2023-12-22 07:00:00,31.62,32.11,31.32,32.11,1189100,BID
2023-12-25 07:00:00,32.15,32.76,31.77,32.68,1173400,BID
2023-12-26 07:00:00,32.68,32.94,32.3,32.53,1163800,BID
2023-12-27 07:00:00,32.38,32.68,32.38,32.53,938900,BID
2023-12-28 07:00:00,32.53,32.64,32.3,32.3,1099500,BID
2023-12-29 07:00:00,32.3,32.83,32.0,32.83,882100,BID
2024-01-02 07:00:00,32.83,32.98,32.3,32.53,1112000,BID
2024-01-03 07:00:00,32.83,33.36,32.53,33.13,1559300,BID
2024-01-04 07:00:00,33.21,34.04,32.98,33.02,3213200,BID
2024-01-05 07:00:00,33.06,34.0,33.06,33.66,1329800,BID
2024-01-08 07:00:00,33.89,35.18,33.78,35.1,1949000,BID
2024-01-09 07:00:00,35.55,35.55,34.84,34.84,1741100,BID
2024-01-10 07:00:00,34.84,36.16,34.8,35.86,2141800,BID
2024-01-11 07:00:00,35.7,35.74,34.95,35.18,3385600,BID
2024-01-12 07:00:00,34.72,35.7,34.08,34.8,3074500,BID
2024-01-15 07:00:00,34.84,35.55,34.84,35.25,1335700,BID
2024-01-16 07:00:00,34.84,35.52,34.84,35.48,1130700,BID
2024-01-17 07:00:00,35.21,35.55,35.02,35.44,1463000,BID
2024-01-18 07:00:00,35.44,36.2,35.29,35.93,2278300,BID
2024-01-19 07:00:00,36.24,37.71,35.7,37.71,2954000,BID
2024-01-22 07:00:00,37.79,37.98,36.84,37.67,2365400,BID
2024-01-23 07:00:00,37.44,37.67,36.8,37.37,2182200,BID
2024-01-24 07:00:00,36.69,37.22,36.65,36.99,1868700,BID
2024-01-25 07:00:00,36.99,37.63,36.61,36.61,1348900,BID
2024-01-26 07:00:00,36.61,37.03,36.61,37.03,812400,BID
2024-01-29 07:00:00,36.99,37.22,36.69,36.84,984500,BID
2024-01-30 07:00:00,36.92,36.99,36.46,36.65,1121300,BID
2024-01-31 07:00:00,36.69,36.92,35.93,36.08,1673600,BID
2024-02-01 07:00:00,35.93,36.27,35.67,35.74,1542600,BID
2024-02-02 07:00:00,35.78,35.93,35.33,35.48,1952800,BID
2024-02-05 07:00:00,35.63,37.37,35.59,36.8,2249900,BID
2024-02-06 07:00:00,36.92,36.92,36.31,36.92,1527400,BID
2024-02-07 07:00:00,36.92,37.1,36.76,37.03,1859200,BID
2024-02-15 07:00:00,37.03,37.26,36.65,37.03,1625600,BID
2024-02-16 07:00:00,37.07,37.07,36.54,36.73,1353000,BID
2024-02-19 07:00:00,36.88,38.05,36.5,37.29,3283300,BID
2024-02-20 07:00:00,37.44,37.98,37.37,37.37,1569300,BID
2024-02-21 07:00:00,37.63,37.67,36.99,37.63,1850900,BID
2024-02-22 07:00:00,37.67,37.75,37.44,37.63,1596200,BID
2024-02-23 07:00:00,37.67,40.24,37.29,39.34,6935200,BID
2024-02-26 07:00:00,39.94,41.23,39.34,40.55,1533000,BID
2024-02-27 07:00:00,40.62,40.85,40.09,40.09,1742700,BID
2024-02-28 07:00:00,40.24,41.45,39.56,40.77,2342300,BID
2024-02-29 07:00:00,40.77,40.85,40.09,40.09,1337300,BID
2024-03-01 07:00:00,40.32,41.08,39.64,40.47,1246100,BID
2024-03-04 07:00:00,40.55,41.23,39.72,40.47,2330400,BID
2024-03-05 07:00:00,40.47,41.15,40.02,41.15,1200400,BID
2024-03-06 07:00:00,40.85,41.45,40.47,41.15,1585300,BID
2024-03-07 07:00:00,41.15,41.15,40.24,40.32,2125200,BID
2024-03-08 07:00:00,40.4,40.4,37.52,38.66,2740700,BID
2024-03-11 07:00:00,39.18,39.64,38.2,38.2,1478700,BID
2024-03-12 07:00:00,38.28,39.41,38.2,39.34,1210100,BID
2024-03-13 07:00:00,39.49,39.79,39.18,39.79,1398100,BID
2024-03-14 07:00:00,40.47,40.47,38.88,39.11,1482400,BID
2024-03-15 07:00:00,39.03,39.94,38.58,39.49,1433700,BID
2024-03-18 07:00:00,39.34,39.94,37.75,39.34,1481000,BID
2024-03-19 07:00:00,39.41,39.41,38.58,39.03,765300,BID
2024-03-20 07:00:00,39.03,40.17,38.2,40.09,3132600,BID
2024-03-21 07:00:00,40.24,40.4,39.94,40.09,1857100,BID
2024-03-22 07:00:00,40.32,42.89,40.32,41.0,4361200,BID
2024-03-25 07:00:00,41.0,41.98,39.87,40.09,1262200,BID
2024-03-26 07:00:00,40.09,40.77,40.09,40.09,1409500,BID
2024-03-27 07:00:00,40.32,40.32,39.72,39.72,1607900,BID
2024-03-28 07:00:00,40.24,40.77,39.72,39.79,1358700,BID
2024-03-29 07:00:00,40.24,40.24,39.34,39.41,1788300,BID
2024-04-01 07:00:00,39.49,39.87,39.11,39.41,1362900,BID
2024-04-02 07:00:00,39.26,39.64,38.96,39.26,1576300,BID
2024-04-03 07:00:00,39.34,39.56,38.58,38.58,1496500,BID
2024-04-04 07:00:00,39.18,39.18,38.58,38.58,1093500,BID
2024-04-05 07:00:00,38.5,38.5,37.98,37.98,1654900,BID
2024-04-08 07:00:00,37.98,39.03,37.82,38.43,904800,BID
2024-04-09 07:00:00,38.66,39.87,38.43,39.87,1751000,BID
2024-04-10 07:00:00,39.94,39.94,39.26,39.34,1193200,BID
2024-04-11 07:00:00,38.96,40.4,38.81,40.09,2276400,BID
2024-04-12 07:00:00,40.09,41.23,39.94,40.4,3374100,BID
2024-04-15 07:00:00,40.32,41.23,37.6,37.6,2541500,BID
2024-04-16 07:00:00,37.6,38.73,37.41,38.05,2349900,BID
2024-04-17 07:00:00,38.5,38.58,36.31,36.39,1973200,BID
2024-04-19 07:00:00,36.24,37.44,35.63,36.58,2170000,BID
2024-04-22 07:00:00,36.92,37.9,36.92,37.9,1298900,BID
2024-04-23 07:00:00,37.22,38.2,36.69,37.37,2273300,BID
2024-04-24 07:00:00,37.41,38.13,37.33,37.82,1416800,BID
2024-04-25 07:00:00,37.63,38.05,37.29,37.52,1053600,BID
2024-04-26 07:00:00,37.52,37.9,37.14,37.22,774500,BID
2024-05-02 07:00:00,37.29,37.6,36.95,37.22,568700,BID
2024-05-03 07:00:00,37.56,37.75,37.07,37.22,700800,BID
2024-05-06 07:00:00,37.29,38.2,37.29,38.2,1192000,BID
2024-05-07 07:00:00,38.28,38.58,37.82,37.82,1069500,BID
2024-05-08 07:00:00,37.9,38.43,37.67,37.67,1057600,BID
2024-05-09 07:00:00,38.05,38.05,37.44,37.44,970600,BID
2024-05-10 07:00:00,37.52,37.63,37.03,37.1,827700,BID
2024-05-13 07:00:00,37.22,37.44,36.69,36.76,1663700,BID
2024-05-14 07:00:00,36.92,37.22,36.35,36.39,1948300,BID
2024-05-15 07:00:00,36.65,37.03,36.58,36.76,1393000,BID
2024-05-16 07:00:00,37.18,38.05,37.1,37.52,2097300,BID
2024-05-17 07:00:00,37.56,37.6,37.22,37.33,1518300,BID
2024-05-20 07:00:00,37.52,38.35,37.44,37.52,2191900,BID
2024-05-21 07:00:00,37.82,38.05,37.37,37.82,1794700,BID
2024-05-22 07:00:00,38.2,38.73,37.63,37.67,2428000,BID
2024-05-23 07:00:00,37.67,37.98,37.37,37.44,1788900,BID
2024-05-24 07:00:00,37.52,38.28,36.69,37.22,2175600,BID
2024-05-27 07:00:00,37.37,37.37,36.73,36.99,763200,BID
2024-05-28 07:00:00,37.07,37.22,36.76,37.14,1230700,BID
2024-05-29 07:00:00,37.41,37.41,36.76,36.76,1388900,BID
2024-05-30 07:00:00,36.61,36.69,35.86,36.08,2092000,BID
2024-05-31 07:00:00,36.08,36.54,35.63,35.63,1967800,BID
2024-06-03 07:00:00,36.24,36.65,35.7,35.78,2095200,BID
2024-06-04 07:00:00,36.2,36.46,35.97,36.01,1112900,BID
2024-06-05 07:00:00,36.24,36.46,36.05,36.05,1799400,BID
2024-06-06 07:00:00,36.08,36.39,36.08,36.24,1413000,BID
2024-06-07 07:00:00,36.39,36.54,36.08,36.12,1233400,BID
2024-06-10 07:00:00,36.2,36.73,35.97,36.05,2062700,BID
2024-06-11 07:00:00,36.16,36.2,35.7,35.82,2535500,BID
2024-06-12 07:00:00,36.01,36.27,35.55,36.24,2649200,BID
2024-06-13 07:00:00,36.58,36.58,36.24,36.58,2615400,BID
2024-06-14 07:00:00,36.61,36.88,35.93,35.93,2240900,BID
2024-06-17 07:00:00,35.93,35.93,35.18,35.18,2812800,BID
2024-06-18 07:00:00,35.33,35.59,35.18,35.18,1468000,BID
2024-06-19 07:00:00,35.4,35.4,34.68,34.87,2599500,BID
2024-06-20 07:00:00,34.8,34.95,34.31,34.42,2671200,BID
2024-06-21 07:00:00,34.49,35.14,34.46,34.49,1540200,BID
2024-06-24 07:00:00,34.8,35.06,34.04,34.04,1951000,BID
2024-06-25 07:00:00,34.34,34.57,32.94,33.44,2891100,BID
2024-06-26 07:00:00,33.47,33.89,33.28,33.66,1689800,BID
2024-06-27 07:00:00,33.81,34.04,33.36,33.36,1573600,BID
2024-06-28 07:00:00,33.36,33.74,32.72,32.72,2120500,BID
2024-07-01 07:00:00,32.76,33.21,32.53,33.21,1236800,BID
2024-07-02 07:00:00,33.47,34.65,33.32,34.61,3612500,BID
2024-07-03 07:00:00,34.8,35.7,34.46,35.7,4601800,BID
2024-07-04 07:00:00,35.55,35.86,35.4,35.78,2666100,BID
2024-07-05 07:00:00,35.82,36.46,35.63,35.78,4622000,BID
2024-07-08 07:00:00,35.97,36.16,35.36,35.55,1981700,BID
2024-07-09 07:00:00,35.93,36.31,35.48,35.93,2572300,BID
2024-07-10 07:00:00,36.2,36.24,35.48,35.48,2019900,BID
2024-07-11 07:00:00,35.89,35.89,35.4,35.4,1293700,BID
2024-07-12 07:00:00,35.48,35.7,34.99,35.25,1435600,BID
2024-07-15 07:00:00,35.55,35.59,35.02,35.21,1185400,BID
2024-07-16 07:00:00,35.4,36.54,35.18,35.67,4079700,BID
2024-07-17 07:00:00,36.24,37.82,35.97,36.31,7855000,BID
2024-07-18 07:00:00,36.76,37.29,36.2,36.69,3362700,BID
2024-07-19 07:00:00,36.92,37.07,35.93,36.08,3082700,BID
2024-07-22 07:00:00,36.08,36.84,35.7,36.08,3438100,BID
2024-07-23 07:00:00,36.16,36.5,33.66,34.8,3359700,BID
2024-07-24 07:00:00,34.04,35.44,34.04,34.87,2478000,BID
2024-07-25 07:00:00,35.14,35.14,34.42,34.8,1465000,BID
2024-07-26 07:00:00,35.02,35.21,34.68,34.99,1238300,BID
2024-07-29 07:00:00,35.06,35.74,35.06,35.63,1045400,BID
2024-07-30 07:00:00,35.82,35.82,35.18,35.4,2282100,BID
2024-07-31 07:00:00,35.55,36.61,35.48,36.01,3161200,BID
2024-08-01 07:00:00,36.24,36.99,35.4,35.4,3825500,BID
2024-08-02 07:00:00,35.18,36.12,35.18,36.12,1968800,BID
2024-08-05 07:00:00,35.48,35.7,34.04,34.87,2723100,BID
2024-08-06 07:00:00,35.1,36.05,34.68,35.36,1806100,BID
2024-08-07 07:00:00,35.86,35.86,34.8,35.1,2145000,BID
2024-08-08 07:00:00,35.18,35.4,34.57,34.8,1424000,BID
2024-08-09 07:00:00,35.55,35.55,35.06,35.33,1050900,BID
2024-08-12 07:00:00,35.33,35.82,35.18,35.4,1358400,BID
2024-08-13 07:00:00,35.55,35.67,35.18,35.29,1015400,BID
2024-08-14 07:00:00,35.4,36.12,35.4,35.59,1703800,BID
2024-08-15 07:00:00,35.59,35.89,35.29,35.29,1004300,BID
2024-08-16 07:00:00,35.36,36.35,35.36,35.93,2382200,BID
2024-08-19 07:00:00,36.16,36.69,36.01,36.24,2107200,BID
2024-08-20 07:00:00,36.54,37.22,36.42,37.18,4359400,BID
2024-08-21 07:00:00,37.41,38.43,37.1,38.28,6170900,BID
2024-08-22 07:00:00,38.58,38.81,37.75,38.05,2738000,BID
2024-08-23 07:00:00,37.98,38.43,37.9,38.2,2273200,BID
2024-08-26 07:00:00,38.43,38.5,37.9,37.98,2246500,BID
2024-08-27 07:00:00,38.05,38.05,37.14,37.52,4159800,BID
2024-08-28 07:00:00,37.52,38.05,37.44,37.52,1206100,BID
2024-08-29 07:00:00,37.29,38.28,37.29,37.29,1686100,BID
2024-08-30 07:00:00,37.48,37.6,36.99,36.99,1798000,BID
2024-09-04 07:00:00,36.69,37.41,36.42,37.03,1971000,BID
2024-09-05 07:00:00,36.88,37.44,36.76,36.84,1899400,BID
2024-09-06 07:00:00,36.84,37.44,36.8,37.29,2361500,BID
2024-09-09 07:00:00,37.22,37.48,36.99,37.1,1202400,BID
2024-09-10 07:00:00,37.29,37.29,36.65,36.69,2399900,BID
2024-09-11 07:00:00,36.65,36.8,36.31,36.54,1405800,BID
2024-09-12 07:00:00,36.69,36.84,36.58,36.58,1105200,BID
2024-09-13 07:00:00,36.46,36.73,36.46,36.46,747400,BID
2024-09-16 07:00:00,36.46,36.76,36.12,36.12,1570700,BID
2024-09-17 07:00:00,36.16,36.84,35.93,36.84,1363300,BID
2024-09-18 07:00:00,36.92,37.41,36.69,37.1,1836300,BID
2024-09-19 07:00:00,37.22,37.37,36.92,37.26,1356100,BID
2024-09-20 07:00:00,37.44,37.75,37.1,37.1,2652200,BID
2024-09-23 07:00:00,37.1,37.37,36.84,36.84,1217700,BID
2024-09-24 07:00:00,37.03,37.26,36.69,37.26,1414200,BID
2024-09-25 07:00:00,37.6,38.13,37.33,37.82,5257900,BID
2024-09-26 07:00:00,38.05,38.43,37.71,37.82,4232600,BID
2024-09-27 07:00:00,38.05,39.11,37.82,37.9,3204000,BID
2024-09-30 07:00:00,37.9,37.98,37.52,37.6,2190600,BID
2024-10-01 07:00:00,37.6,38.35,37.6,37.6,2817700,BID
2024-10-02 07:00:00,37.6,37.98,37.52,37.67,1835200,BID
2024-10-03 07:00:00,37.67,38.43,37.44,37.44,3503800,BID
2024-10-04 07:00:00,37.44,37.52,37.18,37.22,2164800,BID
2024-10-07 07:00:00,37.44,37.44,37.07,37.1,1492500,BID
2024-10-08 07:00:00,37.1,37.33,36.92,36.99,1900100,BID
2024-10-09 07:00:00,37.22,37.52,36.92,37.41,2190900,BID
2024-10-10 07:00:00,37.79,37.79,37.37,37.63,2650400,BID
2024-10-11 07:00:00,37.71,37.71,37.29,37.37,1539800,BID
2024-10-14 07:00:00,37.44,37.63,37.37,37.37,1161900,BID
2024-10-15 07:00:00,37.44,38.58,37.44,37.82,6928400,BID
2024-10-16 07:00:00,37.82,38.2,37.67,37.71,1791000,BID
2024-10-17 07:00:00,37.98,38.05,37.48,38.05,2118900,BID
2024-10-18 07:00:00,38.35,38.58,38.05,38.05,3395100,BID
2024-10-21 07:00:00,37.82,37.98,37.56,37.56,2125200,BID
2024-10-22 07:00:00,37.6,37.6,36.84,36.88,3371900,BID
2024-10-23 07:00:00,36.88,36.88,36.31,36.61,2397200,BID
2024-10-24 07:00:00,36.39,36.95,36.31,36.31,1465200,BID
2024-10-25 07:00:00,36.35,36.54,35.93,35.93,1696500,BID
2024-10-28 07:00:00,35.93,36.12,35.78,35.93,1726200,BID
2024-10-29 07:00:00,36.08,36.65,35.93,35.97,2176400,BID
2024-10-30 07:00:00,36.05,36.46,36.05,36.08,1415800,BID
2024-10-31 07:00:00,36.31,36.65,36.05,36.12,1792200,BID
2024-11-01 07:00:00,36.31,36.39,35.97,36.12,1543200,BID
2024-11-04 07:00:00,36.12,36.46,35.97,36.08,1337100,BID
2024-11-05 07:00:00,36.08,36.24,35.82,35.86,1526000,BID
2024-11-06 07:00:00,36.01,36.42,36.01,36.35,1082600,BID
2024-11-07 07:00:00,36.61,36.61,36.01,36.01,1263600,BID
2024-11-08 07:00:00,36.08,36.24,35.55,35.86,2648700,BID
2024-11-11 07:00:00,35.86,35.93,35.1,35.18,2600300,BID
2024-11-12 07:00:00,35.18,35.44,35.02,35.02,1686200,BID
2024-11-13 07:00:00,35.02,35.18,34.68,34.91,1816400,BID
2024-11-14 07:00:00,34.99,34.99,34.42,34.42,1998500,BID
2024-11-15 07:00:00,34.49,34.49,33.81,33.81,2255800,BID
2024-11-18 07:00:00,33.78,34.49,33.62,33.62,1914300,BID
2024-11-19 07:00:00,34.19,34.19,33.74,33.74,1457400,BID
2024-11-20 07:00:00,33.81,34.68,33.66,34.04,2188800,BID
2024-11-21 07:00:00,34.12,34.53,34.12,34.31,1472400,BID
2024-11-22 07:00:00,34.65,34.65,34.23,34.57,1874700,BID
2024-11-25 07:00:00,34.57,34.65,34.42,34.46,1110400,BID
2024-11-26 07:00:00,34.42,34.99,34.42,34.99,1839300,BID
2024-11-27 07:00:00,34.99,35.14,34.84,35.06,1214900,BID
2024-11-28 07:00:00,35.18,35.21,34.87,34.87,1284700,BID
2024-11-29 07:00:00,34.87,35.36,34.68,35.36,1443200,BID
2024-12-02 07:00:00,35.48,35.63,35.18,35.18,1314100,BID
2024-12-03 07:00:00,35.18,35.18,34.84,34.84,1400100,BID
2024-12-04 07:00:00,34.87,34.91,34.16,34.16,2399100,BID
2024-12-05 07:00:00,34.27,35.4,34.27,34.8,2427400,BID
2024-12-06 07:00:00,35.1,35.52,35.1,35.25,2497200,BID
2024-12-09 07:00:00,35.29,35.55,35.25,35.33,1717700,BID
2024-12-10 07:00:00,35.4,35.82,35.36,35.36,1943300,BID
2024-12-11 07:00:00,35.52,35.55,35.18,35.25,1286600,BID
2024-12-12 07:00:00,35.33,35.67,35.25,35.25,1935300,BID
2024-12-13 07:00:00,35.21,35.4,35.1,35.1,1382900,BID
2024-12-16 07:00:00,35.55,35.74,35.33,35.36,3247200,BID
2024-12-17 07:00:00,35.55,35.67,35.25,35.25,2248800,BID
2024-12-18 07:00:00,35.44,35.55,35.33,35.44,1661100,BID
2024-12-19 07:00:00,35.29,35.36,35.1,35.14,2706000,BID
2024-12-20 07:00:00,35.18,35.33,35.06,35.14,2993400,BID
2024-12-23 07:00:00,35.6,35.69,35.23,35.32,2895400,BID
2024-12-24 07:00:00,35.41,35.55,34.82,34.86,3216000,BID
2024-12-25 07:00:00,34.96,36.42,34.86,35.37,5277300,BID
2024-12-26 07:00:00,35.64,36.01,35.5,35.69,3884200,BID
2024-12-27 07:00:00,35.92,36.15,35.78,35.82,2859500,BID
2024-12-30 07:00:00,35.78,35.82,35.0,35.0,4011800,BID
2024-12-31 07:00:00,35.23,35.46,34.36,34.36,3416900,BID
2025-01-02 07:00:00,34.96,35.37,34.68,34.96,3160500,BID
2025-01-03 07:00:00,34.96,35.32,34.96,34.96,3698500,BID
2025-01-06 07:00:00,35.05,35.82,34.96,35.5,4820800,BID
2025-01-07 07:00:00,35.78,37.06,35.73,36.97,10448400,BID
2025-01-08 07:00:00,36.97,36.97,36.28,36.92,3125200,BID
2025-01-09 07:00:00,36.51,36.65,36.01,36.56,3599100,BID
2025-01-10 07:00:00,36.51,36.51,35.78,35.78,3114500,BID
2025-01-13 07:00:00,35.78,36.01,35.14,35.96,2461400,BID
2025-01-14 07:00:00,35.87,35.87,35.6,35.69,957600,BID
2025-01-15 07:00:00,35.87,35.87,35.32,35.87,1485800,BID
2025-01-16 07:00:00,35.87,36.15,35.73,36.05,1628500,BID
2025-01-17 07:00:00,35.87,36.15,35.73,36.15,1572900,BID
2025-01-20 07:00:00,36.1,36.69,36.05,36.51,2854300,BID
2025-01-21 07:00:00,36.65,36.65,36.15,36.42,2139600,BID
2025-01-22 07:00:00,36.42,36.42,36.1,36.15,2020900,BID
2025-01-23 07:00:00,36.15,36.69,36.1,36.51,2925500,BID
2025-01-24 07:00:00,36.51,36.6,36.37,36.6,2333900,BID
2025-02-03 07:00:00,36.33,36.51,35.78,36.05,3550500,BID
2025-02-04 07:00:00,36.15,36.69,35.82,36.28,4270900,BID
2025-02-05 07:00:00,36.51,36.56,36.19,36.24,2370300,BID
2025-02-06 07:00:00,36.28,36.6,36.24,36.42,3976100,BID
2025-02-07 07:00:00,36.42,37.33,36.42,37.06,8054000,BID
2025-02-10 07:00:00,37.06,37.7,36.69,36.92,4596700,BID
2025-02-11 07:00:00,37.06,37.29,36.69,37.01,2873800,BID
2025-02-12 07:00:00,36.92,37.01,36.51,36.6,4336000,BID
2025-02-13 07:00:00,36.6,36.83,36.51,36.6,2430100,BID
2025-02-14 07:00:00,36.92,37.38,36.74,37.2,4557800,BID
2025-02-17 07:00:00,37.2,37.2,36.74,36.78,2273100,BID
2025-02-18 07:00:00,36.69,37.2,36.65,37.06,3320100,BID
2025-02-19 07:00:00,37.06,37.43,36.97,37.38,5452400,BID
2025-02-20 07:00:00,37.52,37.56,37.2,37.43,3398400,BID
2025-02-21 07:00:00,37.38,37.56,37.2,37.43,2988800,BID
2025-02-24 07:00:00,37.43,37.88,37.24,37.61,4168600,BID
2025-02-25 07:00:00,37.65,37.84,37.52,37.75,4348800,BID
2025-02-26 07:00:00,37.7,37.75,37.47,37.7,3020100,BID
2025-02-27 07:00:00,37.7,37.79,37.43,37.47,2552300,BID
2025-02-28 07:00:00,37.47,37.47,37.24,37.47,3051600,BID
2025-03-03 07:00:00,37.47,37.7,37.38,37.47,1966100,BID
2025-03-04 07:00:00,37.33,37.43,36.97,37.33,3340100,BID
2025-03-05 07:00:00,37.24,37.65,37.01,37.2,2829800,BID
2025-03-06 07:00:00,37.2,37.43,37.1,37.33,2390500,BID
2025-03-07 07:00:00,37.33,37.65,37.24,37.65,4622400,BID
2025-03-10 07:00:00,37.79,38.43,37.7,37.88,4881700,BID
2025-03-11 07:00:00,37.47,37.88,37.29,37.88,3352200,BID
2025-03-12 07:00:00,37.84,37.88,37.38,37.43,3968100,BID
2025-03-13 07:00:00,37.43,37.43,36.69,36.78,3981300,BID
2025-03-14 07:00:00,36.78,36.97,36.65,36.97,2298100,BID
2025-03-17 07:00:00,36.97,37.1,36.74,36.92,3319900,BID
2025-03-18 07:00:00,37.06,37.15,36.6,36.6,3419200,BID
2025-03-19 07:00:00,36.78,36.78,36.19,36.42,3182000,BID
2025-03-20 07:00:00,36.19,36.51,36.19,36.42,2255800,BID
2025-03-21 07:00:00,36.24,36.42,36.1,36.1,2407600,BID
2025-03-24 07:00:00,36.1,36.15,35.69,35.78,3733500,BID
2025-03-25 07:00:00,35.87,36.33,35.87,36.33,2936500,BID
2025-03-26 07:00:00,36.24,36.47,36.05,36.19,2603800,BID
2025-03-27 07:00:00,36.28,36.28,35.78,35.78,1862400,BID
2025-03-28 07:00:00,35.82,35.92,35.73,35.78,1401500,BID
2025-03-31 07:00:00,35.69,35.69,35.23,35.46,2899600,BID
2025-04-01 07:00:00,35.6,35.69,35.41,35.69,1367000,BID
2025-04-02 07:00:00,35.92,35.92,35.41,35.41,3026000,BID
2025-04-03 07:00:00,33.86,34.68,32.94,32.94,7520100,BID
2025-04-04 07:00:00,30.7,32.94,30.7,32.94,6883200,BID
2025-04-08 07:00:00,32.03,32.48,30.65,30.65,4706500,BID
2025-04-09 07:00:00,28.55,31.57,28.55,29.69,6519100,BID
2025-04-10 07:00:00,31.75,31.75,31.75,31.75,635800,BID
2025-04-11 07:00:00,33.76,33.76,32.53,33.63,6947500,BID
2025-04-14 07:00:00,33.86,33.86,32.94,33.86,3547400,BID
2025-04-15 07:00:00,33.49,33.63,32.94,33.4,2999100,BID
2025-04-16 07:00:00,33.03,33.31,32.67,32.94,2914600,BID
2025-04-17 07:00:00,32.21,32.8,31.98,32.8,3126800,BID
2025-04-18 07:00:00,33.12,33.17,32.8,32.9,3477600,BID
2025-04-21 07:00:00,32.9,32.94,32.12,32.26,2105600,BID
2025-04-22 07:00:00,32.16,32.21,30.01,32.12,3599300,BID
2025-04-23 07:00:00,32.71,32.71,32.03,32.35,1849600,BID
2025-04-24 07:00:00,32.35,32.44,31.94,32.44,2028700,BID
2025-04-25 07:00:00,32.3,32.39,32.03,32.03,2684500,BID
2025-04-28 07:00:00,32.3,32.3,31.48,31.62,3320200,BID
2025-04-29 07:00:00,31.66,31.8,31.43,31.62,2440200,BID
2025-05-05 07:00:00,31.71,31.89,31.39,31.89,1834700,BID
2025-05-06 07:00:00,31.94,32.21,31.62,31.98,2972100,BID
2025-05-07 07:00:00,31.84,31.94,31.66,31.94,2129800,BID
2025-05-08 07:00:00,31.94,32.53,31.75,32.44,4666200,BID
2025-05-09 07:00:00,32.53,32.67,32.12,32.12,3058100,BID
2025-05-12 07:00:00,32.12,32.3,32.03,32.26,3137300,BID
2025-05-13 07:00:00,32.44,32.76,32.3,32.76,6592100,BID
2025-05-14 07:00:00,32.9,34.31,32.85,34.27,11855500,BID
2025-05-15 07:00:00,34.31,34.5,33.99,34.22,6223800,BID
2025-05-16 07:00:00,34.22,34.27,33.44,33.49,5773600,BID
2025-05-19 07:00:00,33.4,33.44,33.03,33.12,2742800,BID
2025-05-20 07:00:00,33.17,33.31,32.8,33.12,4650500,BID
2025-05-21 07:00:00,33.26,33.72,32.94,33.12,3685900,BID
2025-05-22 07:00:00,33.12,33.12,32.8,32.94,3481000,BID
2025-05-23 07:00:00,32.94,32.94,32.48,32.8,3338100,BID
2025-05-26 07:00:00,32.8,32.85,32.03,32.8,2512800,BID
2025-05-27 07:00:00,32.94,33.31,32.76,33.22,3546900,BID
2025-05-28 07:00:00,33.81,33.81,32.99,33.4,4671900,BID
2025-05-29 07:00:00,33.4,33.4,33.03,33.35,3029800,BID
2025-05-30 07:00:00,33.31,33.31,32.76,32.94,2334100,BID
2025-06-02 07:00:00,32.76,32.8,32.48,32.67,2796500,BID
2025-06-03 07:00:00,32.85,33.08,32.76,32.85,2729300,BID
2025-06-04 07:00:00,32.94,33.03,32.62,32.71,3010300,BID
2025-06-05 07:00:00,32.85,32.85,32.44,32.48,3302200,BID
2025-06-06 07:00:00,32.48,32.62,32.21,32.26,2792100,BID
2025-06-09 07:00:00,32.26,32.35,32.03,32.26,1659900,BID
2025-06-10 07:00:00,32.26,32.44,32.21,32.21,1865600,BID
2025-06-11 07:00:00,32.3,32.39,32.03,32.07,1236800,BID
2025-06-12 07:00:00,32.12,32.39,32.12,32.3,1416400,BID
2025-06-13 07:00:00,32.07,33.17,32.03,32.53,6320900,BID
2025-06-16 07:00:00,32.53,32.85,32.44,32.8,2707600,BID
2025-06-17 07:00:00,32.94,33.12,32.8,32.85,3745800,BID
2025-06-18 07:00:00,32.85,32.99,32.58,32.62,2595800,BID
2025-06-19 07:00:00,32.67,32.85,32.48,32.76,1873000,BID
2025-06-20 07:00:00,32.76,33.31,32.76,32.94,5982300,BID
2025-06-23 07:00:00,32.62,32.94,32.53,32.8,2289600,BID
2025-06-24 07:00:00,32.99,33.12,32.67,32.94,4416300,BID
2025-06-25 07:00:00,32.99,33.17,32.8,32.8,3395300,BID
2025-06-26 07:00:00,32.85,32.9,32.58,32.67,2340200,BID
2025-06-27 07:00:00,32.67,33.54,32.67,33.03,8298600,BID
2025-06-30 07:00:00,33.26,33.26,33.12,33.22,4550000,BID
2025-07-01 07:00:00,33.26,33.72,33.17,33.49,7013400,BID
2025-07-02 07:00:00,33.49,33.54,33.22,33.31,3804400,BID
2025-07-03 07:00:00,33.4,33.67,33.08,33.22,6056200,BID
2025-07-04 07:00:00,33.35,33.58,33.22,33.44,3907700,BID
2025-07-07 07:00:00,33.54,34.04,33.54,34.04,11238100,BID
2025-07-08 07:00:00,34.04,34.31,33.86,34.31,7363100,BID
2025-07-09 07:00:00,34.45,35.18,34.31,34.96,11136600,BID
2025-07-10 07:00:00,35.23,35.41,34.82,35.0,7732900,BID
2025-07-11 07:00:00,35.0,35.37,34.91,35.05,8713900,BID
2025-07-14 07:00:00,35.23,36.01,35.05,35.37,8309600,BID
2025-07-15 07:00:00,35.32,35.46,34.86,34.86,5787900,BID
2025-07-16 07:00:00,34.68,35.14,34.64,35.14,7121600,BID
2025-07-17 07:00:00,35.5,35.5,34.91,35.05,5679300,BID
2025-07-18 07:00:00,35.05,35.5,34.77,35.09,9035700,BID
2025-07-21 07:00:00,35.18,35.37,34.82,34.86,6201500,BID
2025-07-22 07:00:00,34.82,35.96,34.77,35.6,10824300,BID
2025-07-23 07:00:00,35.78,35.87,35.28,35.41,6983000,BID
2025-07-24 07:00:00,35.69,36.28,35.41,35.55,10953100,BID
2025-07-25 07:00:00,35.78,35.78,35.46,35.55,6289500,BID
2025-07-28 07:00:00,35.78,36.42,35.6,36.05,11057400,BID
2025-07-29 07:00:00,36.28,36.28,34.22,34.22,15396400,BID
2025-07-30 07:00:00,34.22,35.5,34.13,34.86,9305000,BID
2025-07-31 07:00:00,35.23,35.23,34.31,34.64,6291400,BID
2025-08-01 07:00:00,34.64,35.05,33.95,34.04,7122300,BID
2025-08-04 07:00:00,34.04,35.0,34.04,34.82,4467900,BID
2025-08-05 07:00:00,35.14,36.78,34.96,35.46,28540100,BID
2025-08-06 07:00:00,35.69,36.51,35.64,36.15,6984500,BID
2025-08-07 07:00:00,36.33,37.06,36.15,37.01,12283900,BID
2025-08-08 07:00:00,37.52,37.52,36.01,36.33,16734500,BID
2025-08-11 07:00:00,36.6,37.15,36.24,36.78,11391300,BID
2025-08-12 07:00:00,37.06,38.39,37.01,37.98,15346900,BID
2025-08-13 07:00:00,38.25,38.25,36.88,37.84,11836100,BID
2025-08-14 07:00:00,38.07,39.03,37.65,38.57,15166900,BID
2025-08-15 07:00:00,38.98,38.98,37.24,37.52,14374100,BID
2025-08-18 07:00:00,37.56,37.79,37.15,37.33,7511900,BID
2025-08-19 07:00:00,37.43,37.98,37.24,37.38,9924300,BID
2025-08-20 07:00:00,37.52,38.3,36.24,37.24,14543200,BID
2025-08-21 07:00:00,37.52,38.98,37.43,38.71,17322300,BID
2025-08-22 07:00:00,38.8,41.27,38.39,39.58,22730700,BID
2025-08-25 07:00:00,40.17,40.17,37.52,37.52,11310800,BID
2025-08-26 07:00:00,37.52,38.3,37.1,38.25,11173900,BID
2025-08-27 07:00:00,38.57,40.72,38.3,39.16,14870300,BID
2025-08-28 07:00:00,39.39,39.58,38.66,38.89,5841200,BID
2025-08-29 07:00:00,39.07,39.9,38.89,39.21,10429800,BID
2025-09-03 07:00:00,39.44,40.17,38.48,39.8,11349700,BID
2025-09-04 07:00:00,40.03,40.22,39.48,39.71,7236000,BID
2025-09-05 07:00:00,39.9,39.9,38.39,38.39,13561000,BID
2025-09-08 07:00:00,38.16,38.3,37.2,37.2,9074900,BID
2025-09-09 07:00:00,37.2,37.52,36.92,37.2,4248700,BID
2025-09-10 07:00:00,37.24,37.84,37.1,37.24,5472700,BID
2025-09-11 07:00:00,37.33,37.33,36.47,37.2,5782600,BID
2025-09-12 07:00:00,37.33,37.75,37.33,37.47,3319500,BID
2025-09-15 07:00:00,37.56,38.62,37.56,38.62,7330300,BID
2025-09-16 07:00:00,38.89,39.07,38.43,38.48,7340200,BID
2025-09-17 07:00:00,38.43,38.8,37.52,37.52,3700300,BID
2025-09-18 07:00:00,37.52,37.93,37.1,37.33,4684500,BID
2025-09-19 07:00:00,37.61,37.7,36.42,36.42,6161400,BID
2025-09-22 07:00:00,36.78,37.52,36.24,37.52,7994300,BID
2025-09-23 07:00:00,37.24,37.43,37.06,37.38,3466500,BID
2025-09-24 07:00:00,37.38,37.7,36.78,37.7,4669500,BID
2025-09-25 07:00:00,37.65,37.65,37.33,37.43,2009200,BID
2025-09-26 07:00:00,37.33,37.65,37.1,37.1,2295100,BID
2025-09-29 07:00:00,36.83,37.1,36.69,36.88,2110500,BID
2025-09-30 07:00:00,36.78,37.1,36.24,36.6,3683900,BID
2025-10-01 07:00:00,36.6,37.2,36.42,36.65,1783000,BID
2025-10-02 07:00:00,36.74,37.24,36.6,36.69,2735400,BID
2025-10-03 07:00:00,36.6,36.74,36.42,36.42,2515700,BID
2025-10-06 07:00:00,36.88,37.43,36.65,37.29,3058100,BID
2025-10-07 07:00:00,37.52,37.52,37.01,37.06,2418400,BID
2025-10-08 07:00:00,37.43,37.43,36.83,37.01,4602600,BID
2025-10-09 07:00:00,37.1,37.47,36.97,37.33,4346900,BID
2025-10-10 07:00:00,37.43,37.98,37.43,37.7,6794000,BID
2025-10-13 07:00:00,37.52,37.65,37.29,37.43,4326200,BID
2025-10-14 07:00:00,37.56,37.7,36.64,36.64,7724500,BID
2025-10-15 07:00:00,36.73,37.15,36.41,36.41,4329400,BID
2025-10-16 07:00:00,36.41,36.78,36.27,36.78,3801100,BID
2025-10-17 07:00:00,36.78,36.82,36.13,36.13,4176200,BID
2025-10-20 07:00:00,36.04,36.13,33.77,33.77,7393700,BID
2025-10-21 07:00:00,33.82,34.7,33.82,34.28,4500300,BID
2025-10-22 07:00:00,34.7,34.7,33.77,34.42,3971100,BID
2025-10-23 07:00:00,34.23,34.65,34.1,34.14,2708600,BID
2025-10-24 07:00:00,34.23,34.33,33.49,34.14,3489900,BID
2025-10-27 07:00:00,34.19,34.42,33.77,33.77,2062600,BID
2025-10-28 07:00:00,33.86,34.37,33.86,34.33,2793500,BID
2025-10-29 07:00:00,34.7,35.07,34.51,34.97,3204200,BID
2025-10-30 07:00:00,35.11,35.39,34.79,35.07,2599600,BID
2025-10-31 07:00:00,35.16,35.16,34.6,34.6,2380000,BID
2025-11-03 07:00:00,34.79,34.97,34.33,34.33,2453800,BID
2025-11-04 07:00:00,34.33,35.16,34.14,35.07,3482600,BID
2025-11-05 07:00:00,34.79,35.9,34.79,35.76,3945700,BID
2025-11-06 07:00:00,35.81,35.99,35.48,35.62,2392700,BID
2025-11-07 07:00:00,35.48,35.76,34.65,34.7,3220900,BID
2025-11-10 07:00:00,34.7,35.16,34.51,34.6,2337400,BID
2025-11-11 07:00:00,34.79,35.3,34.79,35.16,2393800,BID
2025-11-12 07:00:00,35.34,35.53,34.97,35.39,2029800,BID
2025-11-13 07:00:00,35.39,35.58,35.16,35.44,1942700,BID
2025-11-14 07:00:00,35.34,35.62,35.34,35.48,2234600,BID
2025-11-17 07:00:00,35.48,35.67,35.44,35.53,1422700,BID
2025-11-18 07:00:00,35.62,35.62,35.39,35.53,1451400,BID
2025-11-19 07:00:00,35.44,35.58,35.25,35.25,1302400,BID
2025-11-20 07:00:00,35.34,35.34,35.07,35.11,1467900,BID
2025-11-21 07:00:00,35.07,35.07,34.6,34.79,1247000,BID
2025-11-24 07:00:00,34.79,35.11,34.79,34.84,1091700,BID
2025-11-25 07:00:00,34.97,34.97,34.23,34.23,1798100,BID
2025-11-26 07:00:00,34.28,34.74,34.28,34.56,1237300,BID
2025-11-27 07:00:00,34.65,34.88,34.51,34.74,1071300,BID
2025-11-28 07:00:00,34.74,34.79,34.33,34.33,878600,BID
2025-12-01 07:00:00,34.42,34.51,34.19,34.19,1458900,BID
2025-12-02 07:00:00,34.19,34.28,33.91,34.1,1590300,BID
2025-12-03 07:00:00,34.23,35.58,34.23,35.53,4011700,BID
2025-12-04 07:00:00,35.62,35.67,35.2,35.34,2052100,BID
2025-12-05 07:00:00,35.44,35.58,34.97,34.97,1626100,BID
2025-12-08 07:00:00,34.97,35.11,34.65,34.7,1702000,BID
2025-12-09 07:00:00,34.7,35.11,34.33,34.65,3264300,BID
2025-12-10 07:00:00,34.7,35.07,34.65,34.88,1904100,BID
2025-12-11 07:00:00,34.88,35.25,34.79,34.79,1133200,BID
2025-12-12 07:00:00,34.88,34.88,34.23,34.23,1877500,BID
2025-12-15 07:00:00,34.28,34.37,34.14,34.23,1243400,BID
2025-12-16 07:00:00,34.33,34.93,34.1,34.6,2060100,BID
2025-12-17 07:00:00,34.65,35.62,34.65,35.16,4085100,BID
2025-12-18 07:00:00,35.25,35.44,35.07,35.16,1238300,BID
2025-12-19 07:00:00,35.16,35.3,34.79,34.88,2050700,BID
2025-12-22 07:00:00,34.88,35.58,34.84,35.53,2714700,BID
2025-12-23 07:00:00,35.62,35.9,35.07,35.16,1919100,BID
2025-12-24 07:00:00,35.16,35.58,34.97,35.53,1986000,BID
2025-12-25 07:00:00,35.53,36.04,35.48,35.9,3728800,BID
2025-12-26 07:00:00,35.58,35.9,35.16,35.9,2657200,BID
2025-12-29 07:00:00,35.9,35.99,35.71,35.9,1644300,BID
2025-12-30 07:00:00,35.9,36.87,35.76,36.45,5379000,BID
2025-12-31 07:00:00,36.55,36.59,35.99,35.99,1630700,BID
2026-01-05 07:00:00,35.94,35.99,35.07,35.58,3885400,BID
2026-01-06 07:00:00,35.44,35.99,34.97,35.99,4854900,BID
2026-01-07 07:00:00,36.55,38.3,36.55,37.89,13409700,BID
2026-01-08 07:00:00,38.21,40.52,37.84,39.83,27506700,BID
2026-01-09 07:00:00,40.52,42.61,40.43,42.61,22918600,BID
2026-01-12 07:00:00,44.32,45.57,43.49,45.57,7783600,BID
2026-01-13 07:00:00,45.66,47.74,44.97,47.19,21869900,BID
2026-01-14 07:00:00,47.0,50.42,46.45,50.42,17646800,BID
2026-01-15 07:00:00,48.67,49.96,46.91,46.91,26455700,BID
2026-01-16 07:00:00,47.19,50.15,46.63,47.28,13973800,BID
2026-01-19 07:00:00,47.28,48.67,46.72,48.11,9409600,BID
2026-01-20 07:00:00,48.94,51.16,48.3,49.22,15547500,BID
2026-01-21 07:00:00,48.67,49.87,47.28,49.04,11935000,BID
2026-01-22 07:00:00,49.5,52.37,47.74,48.11,18089900,BID
2026-01-23 07:00:00,47.93,48.85,46.91,47.0,10080300,BID
2026-01-26 07:00:00,47.19,48.67,47.0,48.58,11947600,BID
2026-01-27 07:00:00,48.58,48.85,45.8,48.67,12478800,BID
2026-01-28 07:00:00,49.41,51.72,47.56,48.02,17897800,BID
2026-01-29 07:00:00,47.93,48.85,47.19,48.02,7082200,BID
2026-01-30 07:00:00,48.39,50.42,48.02,49.87,13696100,BID
2026-02-02 07:00:00,49.78,51.07,48.2,50.89,11934200,BID
2026-02-03 07:00:00,51.54,52.28,49.96,50.06,11573700,BID
2026-02-04 07:00:00,49.96,50.33,48.67,49.04,9645300,BID
2026-02-05 07:00:00,49.04,49.32,47.65,47.65,9817200,BID
2026-02-06 07:00:00,46.91,48.39,46.91,47.56,9885700,BID
2026-02-09 07:00:00,47.93,47.93,46.82,46.82,3595300,BID
2026-02-10 07:00:00,46.45,46.72,43.58,43.58,22973600,BID
2026-02-11 07:00:00,43.07,45.1,42.65,44.87,8738800,BID
2026-02-12 07:00:00,44.69,44.87,43.81,44.0,4806600,BID
2026-02-13 07:00:00,44.0,44.13,43.3,43.39,6762700,BID
2026-02-23 07:00:00,44.04,45.98,43.62,45.43,7557400,BID
2026-02-24 07:00:00,45.75,45.75,44.83,45.1,5739400,BID
2026-02-25 07:00:00,45.29,46.22,44.87,44.87,8375400,BID
2026-02-26 07:00:00,44.92,45.24,44.18,44.83,4690300,BID
2026-02-27 07:00:00,44.83,45.43,43.95,44.32,6519700,BID
2026-03-02 07:00:00,42.61,43.86,41.82,41.82,11738000,BID
2026-03-03 07:00:00,41.73,42.47,40.25,40.29,15198300,BID
2026-03-04 07:00:00,40.16,42.19,40.16,42.19,10734400,BID
2026-03-05 07:00:00,42.65,42.65,41.08,41.08,6063200,BID
2026-03-06 07:00:00,40.71,41.64,39.78,40.29,5423100,BID
2026-03-09 07:00:00,37.52,37.93,37.52,37.52,6134800,BID
2026-03-10 07:00:00,38.4,39.6,36.55,38.67,14055500,BID
2026-03-11 07:00:00,38.21,39.18,38.21,38.58,6154500,BID
2026-03-12 07:00:00,38.67,38.77,37.61,37.7,6452900,BID
2026-03-13 07:00:00,37.56,38.17,36.96,37.61,7923500,BID
2026-03-16 07:00:00,37.47,38.12,37.01,37.29,5174500,BID
2026-03-17 07:00:00,37.75,38.21,37.33,37.43,6922000,BID
2026-03-18 07:00:00,38.03,39.78,37.93,38.21,14609300,BID
2026-03-19 07:00:00,37.84,38.03,37.1,37.61,6392700,BID
2026-03-20 07:00:00,37.61,38.03,36.64,36.78,10147300,BID
2026-03-23 07:00:00,36.45,36.5,35.25,35.58,10634100,BID
2026-03-24 07:00:00,36.36,36.64,35.62,36.18,6990400,BID
2026-03-25 07:00:00,36.55,36.68,35.99,36.55,8722100,BID
2026-03-26 07:00:00,36.55,36.73,35.99,35.99,6156000,BID
2026-03-27 07:00:00,35.99,36.92,35.99,36.87,8196600,BID
2026-03-30 07:00:00,36.18,36.59,36.04,36.5,6075800,BID
2026-03-31 07:00:00,36.64,36.82,36.18,36.45,7278600,BID
2026-04-01 07:00:00,37.01,37.56,36.73,37.24,10071800,BID
2026-04-02 07:00:00,37.01,37.01,36.45,36.73,7101700,BID
2026-04-03 07:00:00,36.73,36.78,36.13,36.13,7279600,BID
2026-04-06 07:00:00,36.13,36.45,35.76,36.41,5679400,BID
2026-04-07 07:00:00,36.45,36.55,36.08,36.45,4798100,BID
2026-04-08 07:00:00,37.47,38.35,37.06,38.35,15053900,BID
2026-04-09 07:00:00,37.93,38.07,37.47,37.56,8138800,BID
2026-04-10 07:00:00,38.03,38.81,37.61,37.75,8968200,BID
2026-04-13 07:00:00,37.47,37.7,37.24,37.33,5770800,BID
2026-04-14 07:00:00,37.7,37.8,37.24,37.38,5565300,BID
2026-04-15 07:00:00,37.7,37.93,37.29,37.29,6296700,BID
2026-04-16 07:00:00,37.38,37.56,37.15,37.19,4295800,BID
2026-04-17 07:00:00,37.29,37.66,37.1,37.29,5789600,BID
2026-04-20 07:00:00,37.43,37.7,37.24,37.52,5993200,BID
2026-04-21 07:00:00,37.7,38.21,37.38,37.38,7980700,BID
2026-04-22 07:00:00,37.56,37.56,37.19,37.24,3619600,BID
2026-04-23 07:00:00,37.24,39.83,37.24,38.49,23927000,BID
2026-04-24 07:00:00,38.49,38.54,37.7,37.7,4703800,BID
2026-04-28 07:00:00,37.84,38.03,37.06,37.15,6600700,BID
2026-04-29 07:00:00,37.19,37.33,36.73,37.1,6693000,BID
2026-05-04 07:00:00,37.38,38.21,37.1,37.8,6495500,BID
2026-05-05 07:00:00,37.56,37.75,37.19,37.52,3474000,BID
2026-05-06 07:00:00,37.66,37.93,37.52,37.84,4399100,BID
2026-05-07 07:00:00,38.12,38.21,37.75,37.8,7167000,BID
2026-05-08 07:00:00,37.8,39.6,37.8,39.23,23775900,BID
2026-05-11 07:00:00,39.51,39.51,38.4,38.4,6557100,BID
2026-05-12 07:00:00,38.44,38.63,37.98,38.63,6207800,BID
2026-05-13 07:00:00,38.67,39.78,38.07,39.6,15229800,BID
2026-05-14 07:00:00,39.69,40.94,39.65,40.29,11071100,BID
2026-05-15 07:00:00,40.71,40.71,39.65,39.74,10515600,BID
2026-05-18 07:00:00,39.6,42.1,39.04,41.91,17432500,BID
2026-05-19 07:00:00,42.0,42.93,39.97,40.94,19441800,BID
2026-05-20 07:00:00,40.48,40.9,38.77,40.62,10319200,BID
2026-05-21 07:00:00,41.08,41.36,40.25,40.52,7402400,BID
2026-05-22 07:00:00,40.57,40.57,39.46,39.78,6357600,BID
2026-05-25 07:00:00,39.83,39.88,39.23,39.78,5080600,BID
2026-05-26 07:00:00,39.74,40.52,39.55,40.34,4349700,BID
2026-05-27 07:00:00,40.57,40.57,39.97,40.06,3843400,BID
2026-05-28 07:00:00,40.06,40.25,39.32,39.32,4024000,BID
2026-05-29 07:00:00,39.28,39.37,38.67,38.86,5960400,BID
2026-06-01 07:00:00,38.91,39.28,38.49,38.77,4502300,BID
2026-06-02 07:00:00,38.67,39.09,38.03,38.58,4522400,BID
2026-06-03 07:00:00,38.49,39.04,38.4,38.77,2717200,BID
2026-06-04 07:00:00,38.77,39.6,38.72,39.46,3897900,BID
2026-06-05 07:00:00,39.6,39.6,38.86,38.86,2265100,BID
2026-06-08 07:00:00,38.49,38.77,37.89,37.93,5125200,BID
2026-06-09 07:00:00,38.26,38.3,37.75,38.07,2030800,BID
2026-06-10 07:00:00,38.21,39.14,38.17,38.54,3656500,BID
2026-06-11 07:00:00,38.21,38.49,38.03,38.3,1568100,BID
2026-06-12 07:00:00,38.67,38.77,37.98,37.98,3430300,BID
2026-06-15 07:00:00,38.54,38.72,38.3,38.49,2874100,BID
2026-06-16 07:00:00,38.72,39.04,38.63,38.77,3050500,BID
2026-06-17 07:00:00,38.86,39.97,38.81,39.74,8595300,BID
2026-06-18 07:00:00,39.78,39.83,39.23,39.55,4128800,BID
2026-06-19 07:00:00,39.51,39.51,38.67,38.67,4372000,BID
2026-06-22 07:00:00,38.67,39.6,38.58,39.28,4870900,BID
2026-06-23 07:00:00,39.69,40.25,39.32,39.46,8373100,BID
2026-06-24 07:00:00,39.42,39.65,38.77,38.95,2965500,BID
2026-06-25 07:00:00,38.95,39.09,38.77,38.77,2667100,BID
2026-06-26 07:00:00,38.81,38.95,38.58,38.58,3299800,BID
2026-06-29 07:00:00,38.91,39.28,38.86,39.23,2854400,BID
2026-06-30 07:00:00,39.37,39.6,39.23,39.23,2936900,BID
2026-07-01 07:00:00,39.23,40.02,39.18,39.83,5674800,BID
2026-07-02 07:00:00,39.83,39.97,39.37,39.37,2980300,BID
2026-07-03 07:00:00,39.42,39.55,38.91,39.09,3902300,BID
2026-07-06 07:00:00,39.14,39.46,38.12,38.26,5593100,BID
2026-07-07 07:00:00,38.3,38.58,38.21,38.54,2163600,BID
2026-07-08 07:00:00,38.54,38.86,38.12,38.67,2763300,BID
2026-07-09 07:00:00,38.49,38.63,38.12,38.17,2899000,BID
2026-07-10 07:00:00,38.21,38.4,37.93,37.93,2282200,BID
2026-07-13 07:00:00,37.93,37.93,36.78,36.96,6051000,BID
2026-07-14 07:00:00,36.96,37.47,36.45,37.24,2737300,BID
2026-07-15 07:00:00,37.33,37.38,36.55,36.55,2688800,BID
2026-07-16 07:00:00,36.55,36.78,35.67,36.36,4480000,BID
2026-07-17 07:00:00,36.5,36.55,36.22,36.32,1911700,BID
2026-07-20 07:00:00,36.32,36.41,34.63,34.63,5507500,BID
2026-07-21 07:00:00,34.72,35.28,34.44,34.44,3459200,BID
2026-07-22 07:00:00,34.63,34.77,33.55,33.55,6012800,BID
2026-07-23 07:00:00,33.32,34.35,32.48,33.69,5714100,BID
2026-07-24 07:00:00,33.69,34.4,33.27,33.69,2968900,BID
2026-07-27 07:00:00,33.98,34.07,32.48,32.48,3561000,BID
2026-07-28 07:00:00,32.29,33.37,32.15,32.85,2774700,BID
2026-07-29 07:00:00,33.09,33.46,32.9,33.18,2228900,BID
2026-07-30 07:00:00,33.32,34.91,33.23,34.86,6603800,BID
2026-07-31 07:00:00,34.96,36.88,34.72,35.57,9566200,BID
2026-08-03 07:00:00,35.85,36.5,35.75,35.8,4506700,BID
2026-08-04 07:00:00,35.94,36.03,35.43,35.57,3977900,BID
2026-08-05 07:00:00,35.94,36.22,35.47,35.57,3378700,BID
2026-08-06 07:00:00,35.66,35.85,35.47,35.47,2715100,BID
2026-08-07 07:00:00,35.47,36.88,35.47,36.55,8649000,BID
2026-08-10 07:00:00,37.02,37.2,36.74,36.97,3020100,BID
2026-08-11 07:00:00,36.97,37.34,36.6,36.6,4831900,BID
2026-08-12 07:00:00,36.6,36.97,36.46,36.74,2699800,BID
2026-08-13 07:00:00,36.6,37.06,36.36,36.36,5660200,BID
2026-08-14 07:00:00,36.22,36.41,35.52,35.8,4735300,BID
2026-08-17 07:00:00,36.0,36.2,35.6,35.9,2586600,BID
2026-08-18 07:00:00,36.0,36.4,35.9,36.0,2494000,BID
2026-08-19 07:00:00,36.0,36.0,35.5,35.7,2167600,BID
2026-08-20 07:00:00,35.9,36.1,35.55,35.85,2149900,BID
2026-08-21 07:00:00,36.05,36.95,35.8,36.9,4542300,BID
2026-08-24 07:00:00,37.6,37.75,36.85,36.9,3922800,BID
2026-08-25 07:00:00,36.95,37.35,36.65,36.7,4031600,BID
2026-08-26 07:00:00,36.5,36.95,36.5,36.9,3772300,BID
2026-08-27 07:00:00,36.9,37.4,36.8,36.95,3096800,BID
2026-08-28 07:00:00,36.95,37.2,36.7,36.85,3116700,BID
2026-09-03 07:00:00,36.75,36.75,36.4,36.45,3257400,BID
2026-09-04 07:00:00,36.45,36.7,36.35,36.5,2364100,BID
2026-09-07 07:00:00,36.6,36.8,36.0,36.0,2686000,BID
2026-09-08 07:00:00,36.0,36.35,35.85,36.2,1676800,BID
2026-09-09 07:00:00,36.2,36.7,36.15,36.4,2459100,BID
2026-09-10 07:00:00,36.4,36.55,36.05,36.35,2388800,BID
2026-09-11 07:00:00,36.2,36.25,35.6,35.6,4969500,BID
2026-09-14 07:00:00,35.25,35.85,35.2,35.75,3603300,BID
2026-09-15 07:00:00,35.8,37.0,35.8,36.8,5810000,BID
2026-09-16 07:00:00,36.95,36.95,36.3,36.35,2256300,BID
2026-09-17 07:00:00,36.2,36.95,36.15,36.7,3397000,BID
2026-09-18 07:00:00,36.85,37.85,35.75,35.75,12526600,BID
2026-09-21 07:00:00,36.5,36.85,36.15,36.2,3989700,BID
2026-09-22 07:00:00,36.4,36.55,35.9,36.2,3157800,BID
2026-09-23 07:00:00,36.2,36.5,36.15,36.3,475200,BID
