time,open,high,low,close,volume,ticker
2019-01-02 07:00:00,6.06,6.18,6.0,6.0,481710,DCM
2019-01-03 07:00:00,6.0,6.0,5.82,5.82,1384180,DCM
2019-01-04 07:00:00,5.81,5.88,5.7,5.85,673990,DCM
2019-01-07 07:00:00,5.94,5.94,5.87,5.87,276210,DCM
2019-01-08 07:00:00,5.88,5.91,5.82,5.82,294670,DCM
2019-01-09 07:00:00,5.83,5.88,5.83,5.83,541480,DCM
2019-01-10 07:00:00,5.86,5.86,5.81,5.81,427930,DCM
2019-01-11 07:00:00,5.82,5.82,5.79,5.81,564320,DCM
2019-01-14 07:00:00,5.87,5.87,5.76,5.81,93070,DCM
2019-01-15 07:00:00,5.81,5.81,5.75,5.75,717230,DCM
2019-01-16 07:00:00,5.76,5.82,5.72,5.74,292920,DCM
2019-01-17 07:00:00,5.79,5.79,5.73,5.74,409250,DCM
2019-01-18 07:00:00,5.74,5.75,5.62,5.65,725120,DCM
2019-01-21 07:00:00,5.63,5.65,5.49,5.52,1313750,DCM
2019-01-22 07:00:00,5.52,5.52,5.47,5.5,801060,DCM
2019-01-23 07:00:00,5.5,5.5,5.37,5.42,817880,DCM
2019-01-24 07:00:00,5.37,5.52,5.37,5.5,852990,DCM
2019-01-25 07:00:00,5.51,5.52,5.39,5.4,538630,DCM
2019-01-28 07:00:00,5.4,5.46,5.4,5.41,267620,DCM
2019-01-29 07:00:00,5.42,5.42,5.34,5.37,1020820,DCM
2019-01-30 07:00:00,5.37,5.39,5.26,5.32,750100,DCM
2019-01-31 07:00:00,5.33,5.34,5.28,5.28,340810,DCM
2019-02-01 07:00:00,5.27,5.3,5.24,5.24,644980,DCM
2019-02-11 07:00:00,5.24,5.26,5.12,5.19,1589210,DCM
2019-02-12 07:00:00,5.23,5.33,5.2,5.33,790350,DCM
2019-02-13 07:00:00,5.37,5.49,5.37,5.46,1255810,DCM
2019-02-14 07:00:00,5.45,5.46,5.43,5.44,796900,DCM
2019-02-15 07:00:00,5.43,5.43,5.39,5.4,1148140,DCM
2019-02-18 07:00:00,5.4,5.45,5.4,5.45,631460,DCM
2019-02-19 07:00:00,5.48,5.53,5.4,5.44,948110,DCM
2019-02-20 07:00:00,5.43,5.46,5.4,5.42,437680,DCM
2019-02-21 07:00:00,5.4,5.44,5.3,5.31,1441030,DCM
2019-02-22 07:00:00,5.28,5.46,5.28,5.42,821720,DCM
2019-02-25 07:00:00,5.45,5.46,5.39,5.4,453480,DCM
2019-02-26 07:00:00,5.4,5.41,5.34,5.37,598490,DCM
2019-02-27 07:00:00,5.4,5.4,5.34,5.34,477510,DCM
2019-02-28 07:00:00,5.34,5.36,5.32,5.32,307730,DCM
2019-03-01 07:00:00,5.32,5.34,5.31,5.34,552060,DCM
2019-03-04 07:00:00,5.34,5.48,5.33,5.48,1236420,DCM
2019-03-05 07:00:00,5.48,5.61,5.46,5.54,1282400,DCM
2019-03-06 07:00:00,5.53,5.58,5.47,5.49,425850,DCM
2019-03-07 07:00:00,5.49,5.49,5.42,5.43,926640,DCM
2019-03-08 07:00:00,5.43,5.48,5.4,5.46,542180,DCM
2019-03-11 07:00:00,5.5,5.5,5.42,5.44,223730,DCM
2019-03-12 07:00:00,5.46,5.51,5.44,5.48,642380,DCM
2019-03-13 07:00:00,5.5,5.51,5.46,5.46,414220,DCM
2019-03-14 07:00:00,5.46,5.49,5.44,5.47,321010,DCM
2019-03-15 07:00:00,5.46,5.58,5.45,5.51,725710,DCM
2019-03-18 07:00:00,5.53,5.68,5.52,5.66,2024450,DCM
2019-03-19 07:00:00,5.68,5.68,5.52,5.58,1056920,DCM
2019-03-20 07:00:00,5.58,5.58,5.49,5.53,550670,DCM
2019-03-21 07:00:00,5.53,5.53,5.42,5.42,1267590,DCM
2019-03-22 07:00:00,5.42,5.46,5.38,5.4,704720,DCM
2019-03-25 07:00:00,5.35,5.39,5.33,5.34,776690,DCM
2019-03-26 07:00:00,5.34,5.4,5.33,5.33,244260,DCM
2019-03-27 07:00:00,5.33,5.39,5.33,5.37,258190,DCM
2019-03-28 07:00:00,5.37,5.42,5.34,5.34,195410,DCM
2019-03-29 07:00:00,5.38,5.38,5.34,5.34,218480,DCM
2019-04-01 07:00:00,5.36,5.39,5.34,5.37,176260,DCM
2019-04-02 07:00:00,5.38,5.49,5.38,5.43,582870,DCM
2019-04-03 07:00:00,5.43,5.43,5.38,5.38,573840,DCM
2019-04-04 07:00:00,5.43,5.43,5.39,5.41,615970,DCM
2019-04-05 07:00:00,5.43,5.43,5.37,5.41,150880,DCM
2019-04-08 07:00:00,5.43,5.43,5.37,5.37,381900,DCM
2019-04-09 07:00:00,5.37,5.4,5.34,5.34,494660,DCM
2019-04-10 07:00:00,5.34,5.39,5.33,5.34,315900,DCM
2019-04-11 07:00:00,5.34,5.37,5.33,5.34,218380,DCM
2019-04-12 07:00:00,5.34,5.37,5.33,5.33,167220,DCM
2019-04-16 07:00:00,5.34,5.34,5.26,5.27,639490,DCM
2019-04-17 07:00:00,5.26,5.27,5.21,5.21,685330,DCM
2019-04-18 07:00:00,5.22,5.22,5.17,5.17,380430,DCM
2019-04-19 07:00:00,5.17,5.23,5.16,5.2,326410,DCM
2019-04-22 07:00:00,5.2,5.21,5.14,5.14,166290,DCM
2019-04-23 07:00:00,5.14,5.22,5.14,5.18,99400,DCM
2019-04-24 07:00:00,5.18,5.22,5.18,5.21,207820,DCM
2019-04-25 07:00:00,5.2,5.23,5.18,5.18,89910,DCM
2019-04-26 07:00:00,5.18,5.26,5.18,5.2,273400,DCM
2019-05-02 07:00:00,5.2,5.23,5.11,5.11,564920,DCM
2019-05-03 07:00:00,4.99,5.1,4.99,5.03,765240,DCM
2019-05-06 07:00:00,5.03,5.03,4.98,5.01,648060,DCM
2019-05-07 07:00:00,4.99,5.06,4.99,5.03,157950,DCM
2019-05-08 07:00:00,5.02,5.02,4.98,4.98,149270,DCM
2019-05-09 07:00:00,4.98,5.03,4.98,4.99,138020,DCM
2019-05-10 07:00:00,5.02,5.02,4.98,5.01,184470,DCM
2019-05-13 07:00:00,5.01,5.23,5.0,5.08,257400,DCM
2019-05-14 07:00:00,5.08,5.08,5.02,5.04,142760,DCM
2019-05-15 07:00:00,5.07,5.1,5.04,5.08,350240,DCM
2019-05-16 07:00:00,5.11,5.11,5.06,5.09,134930,DCM
2019-05-17 07:00:00,5.09,5.11,5.08,5.08,184800,DCM
2019-05-20 07:00:00,5.08,5.14,5.06,5.12,308250,DCM
2019-05-21 07:00:00,5.12,5.13,5.11,5.11,210620,DCM
2019-05-22 07:00:00,5.11,5.2,5.08,5.11,418670,DCM
2019-05-23 07:00:00,5.1,5.14,5.08,5.13,112540,DCM
2019-05-24 07:00:00,5.13,5.14,5.08,5.09,177550,DCM
2019-05-27 07:00:00,5.12,5.12,5.04,5.05,227080,DCM
2019-05-28 07:00:00,5.04,5.09,5.02,5.04,184020,DCM
2019-05-29 07:00:00,5.04,5.1,5.03,5.08,176840,DCM
2019-05-30 07:00:00,5.07,5.09,5.05,5.07,58760,DCM
2019-05-31 07:00:00,5.06,5.07,5.02,5.05,157530,DCM
2019-06-03 07:00:00,5.05,5.06,4.98,4.98,257270,DCM
2019-06-04 07:00:00,4.98,4.99,4.95,4.98,517370,DCM
2019-06-05 07:00:00,4.98,5.02,4.96,4.96,179710,DCM
2019-06-06 07:00:00,4.99,4.99,4.93,4.93,171930,DCM
2019-06-07 07:00:00,4.96,5.01,4.92,4.93,315100,DCM
2019-06-10 07:00:00,4.93,4.96,4.92,4.92,360680,DCM
2019-06-11 07:00:00,4.92,4.94,4.92,4.92,168310,DCM
2019-06-12 07:00:00,4.92,4.95,4.9,4.91,449860,DCM
2019-06-13 07:00:00,4.9,4.91,4.86,4.9,246670,DCM
2019-06-14 07:00:00,4.89,4.93,4.86,4.92,341540,DCM
2019-06-17 07:00:00,4.93,4.94,4.89,4.89,507500,DCM
2019-06-18 07:00:00,4.89,4.9,4.87,4.87,88050,DCM
2019-06-19 07:00:00,4.89,4.93,4.87,4.89,130300,DCM
2019-06-20 07:00:00,4.88,4.89,4.87,4.87,250290,DCM
2019-06-21 07:00:00,4.87,4.87,4.85,4.86,243330,DCM
2019-06-24 07:00:00,4.9,4.9,4.85,4.85,157810,DCM
2019-06-25 07:00:00,4.86,4.87,4.81,4.82,304460,DCM
2019-06-26 07:00:00,4.81,4.82,4.79,4.8,346810,DCM
2019-06-27 07:00:00,4.8,4.8,4.73,4.74,405230,DCM
2019-06-28 07:00:00,4.75,5.05,4.72,5.05,429530,DCM
2019-07-01 07:00:00,4.93,4.93,4.82,4.9,329370,DCM
2019-07-02 07:00:00,4.88,4.88,4.79,4.79,351150,DCM
2019-07-03 07:00:00,4.85,4.85,4.78,4.8,232260,DCM
2019-07-04 07:00:00,4.8,4.82,4.78,4.82,192660,DCM
2019-07-05 07:00:00,4.82,4.82,4.77,4.77,191530,DCM
2019-07-08 07:00:00,4.79,4.79,4.76,4.76,113360,DCM
2019-07-09 07:00:00,4.75,4.78,4.73,4.78,391370,DCM
2019-07-10 07:00:00,4.78,4.8,4.76,4.76,77340,DCM
2019-07-11 07:00:00,4.76,4.78,4.75,4.76,229980,DCM
2019-07-12 07:00:00,4.76,4.79,4.76,4.76,79710,DCM
2019-07-15 07:00:00,4.78,4.78,4.76,4.76,121560,DCM
2019-07-16 07:00:00,4.78,4.78,4.76,4.76,126830,DCM
2019-07-17 07:00:00,4.76,4.77,4.76,4.76,181870,DCM
2019-07-18 07:00:00,4.76,4.78,4.76,4.77,218830,DCM
2019-07-19 07:00:00,4.77,4.78,4.75,4.76,160600,DCM
2019-07-22 07:00:00,4.76,4.76,4.75,4.75,196860,DCM
2019-07-23 07:00:00,4.75,4.77,4.74,4.75,219950,DCM
2019-07-24 07:00:00,4.75,4.75,4.73,4.75,124070,DCM
2019-07-25 07:00:00,4.75,4.75,4.73,4.74,233870,DCM
2019-07-26 07:00:00,4.74,4.76,4.73,4.74,340910,DCM
2019-07-29 07:00:00,4.75,5.0,4.75,4.98,1262540,DCM
2019-07-30 07:00:00,4.98,5.06,4.98,4.98,787930,DCM
2019-07-31 07:00:00,4.98,4.98,4.91,4.94,146010,DCM
2019-08-01 07:00:00,4.94,4.94,4.9,4.9,135830,DCM
2019-08-02 07:00:00,4.87,4.88,4.82,4.85,365360,DCM
2019-08-05 07:00:00,4.82,4.86,4.81,4.81,166490,DCM
2019-08-06 07:00:00,4.75,4.79,4.69,4.79,340390,DCM
2019-08-07 07:00:00,4.75,4.79,4.74,4.75,406110,DCM
2019-08-08 07:00:00,4.75,4.79,4.75,4.79,92640,DCM
2019-08-09 07:00:00,4.83,4.83,4.76,4.81,139370,DCM
2019-08-12 07:00:00,4.81,4.83,4.8,4.8,40000,DCM
2019-08-13 07:00:00,4.78,4.83,4.77,4.8,167380,DCM
2019-08-14 07:00:00,4.8,4.82,4.79,4.8,58610,DCM
2019-08-15 07:00:00,4.76,4.87,4.75,4.87,210560,DCM
2019-08-16 07:00:00,4.87,4.87,4.81,4.83,137220,DCM
2019-08-19 07:00:00,4.83,4.83,4.82,4.82,104810,DCM
2019-08-20 07:00:00,4.79,4.82,4.77,4.79,144410,DCM
2019-08-21 07:00:00,4.79,4.83,4.77,4.83,395630,DCM
2019-08-22 07:00:00,4.87,4.87,4.75,4.82,130670,DCM
2019-08-23 07:00:00,4.82,4.85,4.78,4.84,68180,DCM
2019-08-26 07:00:00,4.77,4.83,4.77,4.77,105130,DCM
2019-08-27 07:00:00,4.77,4.87,4.77,4.78,158670,DCM
2019-08-28 07:00:00,4.78,4.82,4.77,4.81,203710,DCM
2019-08-29 07:00:00,4.82,4.84,4.81,4.81,145570,DCM
2019-08-30 07:00:00,4.82,4.86,4.82,4.86,347720,DCM
2019-09-03 07:00:00,4.99,5.1,4.99,5.03,1409790,DCM
2019-09-04 07:00:00,4.99,5.05,4.98,5.01,618870,DCM
2019-09-05 07:00:00,5.02,5.02,4.96,4.96,341290,DCM
2019-09-06 07:00:00,4.96,5.08,4.96,5.07,807070,DCM
2019-09-09 07:00:00,5.07,5.08,5.04,5.05,186900,DCM
2019-09-10 07:00:00,5.02,5.04,4.93,4.98,670290,DCM
2019-09-11 07:00:00,5.02,5.02,4.96,4.99,268700,DCM
2019-09-12 07:00:00,5.05,5.05,4.96,5.01,577480,DCM
2019-09-13 07:00:00,5.03,5.03,4.98,4.99,387170,DCM
2019-09-16 07:00:00,4.99,5.04,4.99,5.02,501090,DCM
2019-09-17 07:00:00,5.02,5.02,4.99,5.0,387450,DCM
2019-09-18 07:00:00,5.0,5.03,5.0,5.01,521920,DCM
2019-09-19 07:00:00,5.02,5.17,5.02,5.15,1941620,DCM
2019-09-20 07:00:00,5.15,5.16,5.09,5.11,807800,DCM
2019-09-23 07:00:00,5.12,5.15,5.08,5.09,816150,DCM
2019-09-24 07:00:00,5.1,5.1,5.02,5.03,1090560,DCM
2019-09-25 07:00:00,5.03,5.16,4.98,4.99,614130,DCM
2019-09-26 07:00:00,4.99,5.0,4.96,4.98,376200,DCM
2019-09-27 07:00:00,4.98,5.08,4.95,5.02,802030,DCM
2019-09-30 07:00:00,5.02,5.02,4.94,4.97,491520,DCM
2019-10-01 07:00:00,4.96,4.98,4.94,4.95,517100,DCM
2019-10-02 07:00:00,4.95,4.95,4.9,4.9,695840,DCM
2019-10-03 07:00:00,4.9,4.9,4.86,4.9,336500,DCM
2019-10-04 07:00:00,4.89,5.03,4.88,4.96,642170,DCM
2019-10-07 07:00:00,4.96,5.0,4.91,4.92,267940,DCM
2019-10-08 07:00:00,4.91,4.93,4.9,4.92,243320,DCM
2019-10-09 07:00:00,4.92,4.97,4.9,4.92,183590,DCM
2019-10-10 07:00:00,4.91,4.92,4.9,4.9,160790,DCM
2019-10-11 07:00:00,4.91,4.94,4.9,4.9,110170,DCM
2019-10-14 07:00:00,4.9,4.93,4.9,4.9,175340,DCM
2019-10-15 07:00:00,4.9,5.05,4.9,5.04,1041050,DCM
2019-10-16 07:00:00,5.05,5.05,5.01,5.03,514540,DCM
2019-10-17 07:00:00,5.18,5.28,5.12,5.2,1527930,DCM
2019-10-18 07:00:00,5.22,5.22,5.11,5.11,316620,DCM
2019-10-21 07:00:00,5.11,5.12,5.06,5.06,212580,DCM
2019-10-22 07:00:00,5.08,5.16,5.0,5.0,569250,DCM
2019-10-23 07:00:00,5.0,5.05,5.0,5.03,116870,DCM
2019-10-24 07:00:00,5.02,5.04,5.0,5.0,134950,DCM
2019-10-25 07:00:00,4.98,4.98,4.9,4.9,777430,DCM
2019-10-28 07:00:00,4.86,4.92,4.86,4.9,365050,DCM
2019-10-29 07:00:00,4.89,4.9,4.86,4.88,211380,DCM
2019-10-30 07:00:00,4.89,4.94,4.88,4.91,174790,DCM
2019-10-31 07:00:00,4.9,4.97,4.88,4.89,205630,DCM
2019-11-01 07:00:00,4.89,4.89,4.86,4.89,300230,DCM
2019-11-04 07:00:00,4.89,4.89,4.84,4.84,476480,DCM
2019-11-05 07:00:00,4.85,4.86,4.83,4.84,156120,DCM
2019-11-06 07:00:00,4.85,4.85,4.81,4.82,284750,DCM
2019-11-07 07:00:00,4.82,4.84,4.8,4.82,159380,DCM
2019-11-08 07:00:00,4.82,4.83,4.78,4.78,325590,DCM
2019-11-11 07:00:00,4.84,4.84,4.77,4.78,122590,DCM
2019-11-12 07:00:00,4.78,4.78,4.68,4.74,211160,DCM
2019-11-13 07:00:00,4.78,4.78,4.71,4.71,285600,DCM
2019-11-14 07:00:00,4.74,4.74,4.67,4.67,381690,DCM
2019-11-15 07:00:00,4.7,4.7,4.67,4.67,74430,DCM
2019-11-18 07:00:00,4.68,4.69,4.65,4.65,142800,DCM
2019-11-19 07:00:00,4.65,4.68,4.65,4.65,196870,DCM
2019-11-20 07:00:00,4.66,4.66,4.64,4.64,159820,DCM
2019-11-21 07:00:00,4.62,4.65,4.62,4.63,99360,DCM
2019-11-22 07:00:00,4.63,4.65,4.58,4.59,239480,DCM
2019-11-25 07:00:00,4.62,4.62,4.54,4.55,186530,DCM
2019-11-26 07:00:00,4.55,4.6,4.55,4.57,74840,DCM
2019-11-27 07:00:00,4.57,4.61,4.57,4.57,114120,DCM
2019-11-28 07:00:00,4.57,4.58,4.55,4.55,184890,DCM
2019-11-29 07:00:00,4.55,4.58,4.55,4.57,50610,DCM
2019-12-02 07:00:00,4.56,4.58,4.52,4.52,159130,DCM
2019-12-03 07:00:00,4.54,4.55,4.51,4.52,171300,DCM
2019-12-04 07:00:00,4.52,4.54,4.5,4.52,54320,DCM
2019-12-05 07:00:00,4.52,4.54,4.5,4.52,112500,DCM
2019-12-06 07:00:00,4.54,4.54,4.5,4.51,76860,DCM
2019-12-09 07:00:00,4.5,4.51,4.39,4.39,392810,DCM
2019-12-10 07:00:00,4.4,4.42,4.38,4.39,170740,DCM
2019-12-11 07:00:00,4.4,4.42,4.39,4.41,28300,DCM
2019-12-12 07:00:00,4.42,4.49,4.41,4.45,91960,DCM
2019-12-13 07:00:00,4.45,4.49,4.38,4.38,257120,DCM
2019-12-16 07:00:00,4.44,4.52,4.44,4.48,91120,DCM
2019-12-17 07:00:00,4.5,4.5,4.44,4.44,143650,DCM
2019-12-18 07:00:00,4.45,4.45,4.42,4.43,50170,DCM
2019-12-19 07:00:00,4.44,4.46,4.4,4.4,125250,DCM
2019-12-20 07:00:00,4.41,4.45,4.4,4.4,112840,DCM
2019-12-23 07:00:00,4.44,4.47,4.41,4.42,116560,DCM
2019-12-24 07:00:00,4.45,4.48,4.45,4.47,166810,DCM
2019-12-25 07:00:00,4.48,4.48,4.43,4.45,119070,DCM
2019-12-26 07:00:00,4.46,4.46,4.42,4.45,71620,DCM
2019-12-27 07:00:00,4.44,4.45,4.41,4.42,106580,DCM
2019-12-30 07:00:00,4.45,4.45,4.4,4.4,192410,DCM
2019-12-31 07:00:00,4.36,4.38,4.29,4.32,529110,DCM
2020-01-02 07:00:00,4.28,4.34,4.28,4.32,117850,DCM
2020-01-03 07:00:00,4.32,4.33,4.26,4.26,385220,DCM
2020-01-06 07:00:00,4.24,4.25,4.19,4.19,552080,DCM
2020-01-07 07:00:00,4.19,4.19,4.11,4.11,249910,DCM
2020-01-08 07:00:00,4.09,4.11,3.97,3.99,352060,DCM
2020-01-09 07:00:00,4.04,4.04,3.93,3.96,356170,DCM
2020-01-10 07:00:00,3.96,3.99,3.95,3.97,127150,DCM
2020-01-13 07:00:00,3.97,3.99,3.95,3.99,57990,DCM
2020-01-14 07:00:00,3.99,4.01,3.97,3.99,61460,DCM
2020-01-15 07:00:00,3.99,4.01,3.96,3.97,106320,DCM
2020-01-16 07:00:00,3.99,3.99,3.94,3.97,152400,DCM
2020-01-17 07:00:00,3.96,3.96,3.93,3.93,159370,DCM
2020-01-20 07:00:00,3.95,3.99,3.92,3.93,180560,DCM
2020-01-21 07:00:00,3.92,3.95,3.92,3.95,76810,DCM
2020-01-22 07:00:00,3.98,4.04,3.98,4.04,159020,DCM
2020-01-30 07:00:00,4.02,4.05,3.94,3.95,391530,DCM
2020-01-31 07:00:00,3.99,3.99,3.93,3.93,147910,DCM
2020-02-03 07:00:00,3.85,3.85,3.65,3.77,386280,DCM
2020-02-04 07:00:00,3.77,3.82,3.73,3.82,285620,DCM
2020-02-05 07:00:00,3.79,3.82,3.72,3.78,249370,DCM
2020-02-06 07:00:00,3.8,3.82,3.78,3.79,278520,DCM
2020-02-07 07:00:00,3.79,3.86,3.79,3.85,248100,DCM
2020-02-10 07:00:00,3.85,3.85,3.79,3.85,289570,DCM
2020-02-11 07:00:00,3.85,3.99,3.85,3.94,292740,DCM
2020-02-12 07:00:00,3.92,4.04,3.92,4.03,497880,DCM
2020-02-13 07:00:00,4.01,4.04,4.01,4.04,227040,DCM
2020-02-14 07:00:00,4.05,4.15,4.05,4.11,625020,DCM
2020-02-17 07:00:00,4.14,4.14,4.05,4.06,349190,DCM
2020-02-18 07:00:00,4.05,4.11,4.01,4.1,401920,DCM
2020-02-19 07:00:00,4.1,4.11,4.06,4.11,281190,DCM
2020-02-20 07:00:00,4.11,4.18,4.09,4.17,670430,DCM
2020-02-21 07:00:00,4.16,4.19,4.12,4.13,156680,DCM
2020-02-24 07:00:00,4.09,4.09,4.03,4.04,650830,DCM
2020-02-25 07:00:00,3.92,4.05,3.92,4.05,198850,DCM
2020-02-26 07:00:00,4.02,4.07,4.02,4.05,290390,DCM
2020-02-27 07:00:00,4.07,4.11,4.05,4.07,128770,DCM
2020-02-28 07:00:00,4.03,4.07,4.03,4.04,147700,DCM
2020-03-02 07:00:00,4.04,4.04,3.99,4.0,407890,DCM
2020-03-03 07:00:00,4.01,4.03,3.98,4.01,360690,DCM
2020-03-04 07:00:00,4.0,4.2,3.99,4.16,882950,DCM
2020-03-05 07:00:00,4.2,4.22,4.11,4.11,206880,DCM
2020-03-06 07:00:00,4.11,4.12,4.06,4.06,146580,DCM
2020-03-09 07:00:00,3.78,3.92,3.78,3.79,1157560,DCM
2020-03-10 07:00:00,3.75,3.93,3.75,3.93,313800,DCM
2020-03-11 07:00:00,3.95,3.96,3.89,3.9,349950,DCM
2020-03-12 07:00:00,3.63,3.67,3.63,3.63,1109730,DCM
2020-03-13 07:00:00,3.39,3.52,3.38,3.52,730180,DCM
2020-03-16 07:00:00,3.52,3.69,3.52,3.67,984100,DCM
2020-03-17 07:00:00,3.65,3.72,3.62,3.72,588380,DCM
2020-03-18 07:00:00,3.75,3.88,3.74,3.85,659550,DCM
2020-03-19 07:00:00,3.85,4.01,3.75,3.95,603250,DCM
2020-03-20 07:00:00,3.98,3.98,3.9,3.93,271590,DCM
2020-03-23 07:00:00,3.9,3.92,3.66,3.66,648570,DCM
2020-03-24 07:00:00,3.6,3.79,3.59,3.73,858450,DCM
2020-03-25 07:00:00,3.79,3.87,3.79,3.83,442040,DCM
2020-03-26 07:00:00,3.8,3.85,3.75,3.77,247810,DCM
2020-03-27 07:00:00,3.82,3.82,3.72,3.74,304660,DCM
2020-03-30 07:00:00,3.61,3.61,3.56,3.56,552810,DCM
2020-03-31 07:00:00,3.61,3.63,3.46,3.53,284950,DCM
2020-04-01 07:00:00,3.56,3.69,3.52,3.69,246240,DCM
2020-04-03 07:00:00,3.69,3.81,3.69,3.78,957510,DCM
2020-04-06 07:00:00,3.82,3.91,3.78,3.89,662950,DCM
2020-04-07 07:00:00,3.89,3.9,3.83,3.89,358060,DCM
2020-04-08 07:00:00,3.82,4.15,3.79,4.15,4052510,DCM
2020-04-09 07:00:00,4.35,4.41,4.19,4.21,1304610,DCM
2020-04-10 07:00:00,4.23,4.29,4.12,4.25,580060,DCM
2020-04-13 07:00:00,4.19,4.37,4.13,4.13,1567870,DCM
2020-04-14 07:00:00,4.13,4.29,4.11,4.29,1113570,DCM
2020-04-15 07:00:00,4.37,4.42,4.36,4.36,1303660,DCM
2020-04-16 07:00:00,4.32,4.38,4.29,4.35,1183890,DCM
2020-04-17 07:00:00,4.43,4.44,4.34,4.38,1121630,DCM
2020-04-20 07:00:00,4.42,4.69,4.35,4.69,2308940,DCM
2020-04-21 07:00:00,4.91,5.02,4.76,4.95,4985550,DCM
2020-04-22 07:00:00,4.92,5.3,4.73,5.3,2234520,DCM
2020-04-23 07:00:00,5.58,5.58,5.31,5.31,2308920,DCM
2020-04-24 07:00:00,5.19,5.3,5.06,5.15,2576940,DCM
2020-04-27 07:00:00,5.16,5.32,5.02,5.18,1825200,DCM
2020-04-28 07:00:00,5.22,5.54,5.22,5.54,2850030,DCM
2020-04-29 07:00:00,5.62,5.87,5.58,5.62,2888190,DCM
2020-05-04 07:00:00,5.46,5.51,5.25,5.25,1562950,DCM
2020-05-05 07:00:00,5.21,5.42,5.21,5.35,1230410,DCM
2020-05-06 07:00:00,5.32,5.42,5.32,5.38,1103120,DCM
2020-05-07 07:00:00,5.36,5.4,5.29,5.32,1236080,DCM
2020-05-08 07:00:00,5.29,5.42,5.28,5.3,1846120,DCM
2020-05-11 07:00:00,5.3,5.38,5.28,5.3,1104570,DCM
2020-05-12 07:00:00,5.29,5.66,5.29,5.66,4383450,DCM
2020-05-13 07:00:00,5.71,5.87,5.59,5.83,2881960,DCM
2020-05-14 07:00:00,5.65,5.81,5.65,5.68,1280770,DCM
2020-05-15 07:00:00,5.68,5.68,5.38,5.52,2374630,DCM
2020-05-18 07:00:00,5.52,5.52,5.34,5.44,1479440,DCM
2020-05-19 07:00:00,5.48,5.59,5.42,5.46,1672890,DCM
2020-05-20 07:00:00,5.52,5.81,5.48,5.76,2554830,DCM
2020-05-21 07:00:00,5.44,5.77,5.44,5.64,1113960,DCM
2020-05-22 07:00:00,5.62,5.89,5.58,5.7,2390430,DCM
2020-05-25 07:00:00,5.7,6.01,5.65,5.91,2392630,DCM
2020-05-26 07:00:00,5.91,5.91,5.79,5.85,1369530,DCM
2020-05-27 07:00:00,5.86,5.93,5.59,5.59,1976250,DCM
2020-05-28 07:00:00,5.71,5.73,5.59,5.65,1486580,DCM
2020-05-29 07:00:00,5.65,5.7,5.62,5.64,815760,DCM
2020-06-01 07:00:00,5.65,5.73,5.64,5.65,1273410,DCM
2020-06-02 07:00:00,5.68,5.68,5.32,5.48,2830060,DCM
2020-06-03 07:00:00,5.48,5.52,5.42,5.51,1052660,DCM
2020-06-04 07:00:00,5.68,5.68,5.51,5.54,660300,DCM
2020-06-05 07:00:00,5.42,5.68,5.42,5.6,868980,DCM
2020-06-08 07:00:00,5.59,5.71,5.59,5.61,1923210,DCM
2020-06-09 07:00:00,5.65,5.8,5.61,5.77,3821740,DCM
2020-06-10 07:00:00,5.82,5.9,5.68,5.85,2686710,DCM
2020-06-11 07:00:00,5.88,6.07,5.44,5.44,4633900,DCM
2020-06-12 07:00:00,5.44,5.65,5.44,5.59,2516500,DCM
2020-06-15 07:00:00,5.59,5.77,5.52,5.58,1966350,DCM
2020-06-16 07:00:00,5.65,5.73,5.55,5.65,1822420,DCM
2020-06-17 07:00:00,5.61,5.78,5.61,5.69,1478610,DCM
2020-06-18 07:00:00,5.68,5.69,5.6,5.65,671580,DCM
2020-06-19 07:00:00,5.65,5.87,5.65,5.85,2790890,DCM
2020-06-22 07:00:00,5.9,6.26,5.89,6.26,6138070,DCM
2020-06-23 07:00:00,6.41,6.54,6.11,6.36,4039140,DCM
2020-06-24 07:00:00,6.31,6.36,6.13,6.13,1911620,DCM
2020-06-25 07:00:00,6.18,6.52,6.06,6.31,4881260,DCM
2020-06-26 07:00:00,6.38,6.45,6.15,6.15,1692050,DCM
2020-06-29 07:00:00,6.11,6.15,5.77,5.9,3275200,DCM
2020-06-30 07:00:00,5.94,6.03,5.49,5.66,3860800,DCM
2020-07-01 07:00:00,5.67,5.91,5.61,5.85,1627540,DCM
2020-07-02 07:00:00,5.85,5.93,5.75,5.79,787860,DCM
2020-07-03 07:00:00,5.79,5.84,5.71,5.75,1248610,DCM
2020-07-06 07:00:00,5.78,5.87,5.72,5.83,987580,DCM
2020-07-07 07:00:00,5.84,5.91,5.84,5.85,1851610,DCM
2020-07-08 07:00:00,5.85,6.05,5.82,5.99,1861080,DCM
2020-07-09 07:00:00,6.09,6.09,5.99,6.01,1145390,DCM
2020-07-10 07:00:00,5.98,6.05,5.96,5.98,1868620,DCM
2020-07-13 07:00:00,6.02,6.08,5.91,5.95,1254510,DCM
2020-07-14 07:00:00,5.95,6.02,5.92,6.02,1487360,DCM
2020-07-15 07:00:00,6.1,6.15,6.01,6.01,1594150,DCM
2020-07-16 07:00:00,6.01,6.05,5.95,5.99,1328300,DCM
2020-07-17 07:00:00,5.99,6.04,5.96,5.96,1324580,DCM
2020-07-20 07:00:00,5.96,5.98,5.81,5.81,1723170,DCM
2020-07-21 07:00:00,5.86,5.91,5.77,5.89,1385810,DCM
2020-07-22 07:00:00,5.91,5.99,5.81,5.85,1148260,DCM
2020-07-23 07:00:00,5.85,5.89,5.79,5.84,562520,DCM
2020-07-24 07:00:00,5.81,5.84,5.44,5.58,2870260,DCM
2020-07-27 07:00:00,5.32,5.43,5.2,5.2,3733280,DCM
2020-07-28 07:00:00,5.23,5.52,5.2,5.52,1616520,DCM
2020-07-29 07:00:00,5.3,5.32,5.14,5.31,2069730,DCM
2020-07-30 07:00:00,5.38,5.43,5.33,5.33,997970,DCM
2020-07-31 07:00:00,5.12,5.36,5.12,5.25,1121840,DCM
2020-08-03 07:00:00,5.28,5.44,5.26,5.4,885230,DCM
2020-08-04 07:00:00,5.43,5.48,5.4,5.42,1159510,DCM
2020-08-05 07:00:00,5.42,5.54,5.38,5.53,1328290,DCM
2020-08-06 07:00:00,5.53,5.53,5.44,5.44,1163100,DCM
2020-08-07 07:00:00,5.44,5.5,5.41,5.44,1370670,DCM
2020-08-10 07:00:00,5.51,5.63,5.5,5.56,2095400,DCM
2020-08-11 07:00:00,5.58,5.61,5.52,5.56,1956010,DCM
2020-08-12 07:00:00,5.56,5.59,5.52,5.57,1606080,DCM
2020-08-13 07:00:00,5.58,5.85,5.58,5.78,2997390,DCM
2020-08-14 07:00:00,5.78,5.83,5.58,5.72,1966960,DCM
2020-08-17 07:00:00,5.72,5.75,5.66,5.71,1076850,DCM
2020-08-18 07:00:00,5.75,5.79,5.73,5.73,1207010,DCM
2020-08-19 07:00:00,5.77,5.79,5.75,5.75,1407000,DCM
2020-08-20 07:00:00,5.75,5.77,5.68,5.69,1305350,DCM
2020-08-21 07:00:00,5.69,6.02,5.69,6.0,5234320,DCM
2020-08-24 07:00:00,6.15,6.17,6.05,6.09,3105600,DCM
2020-08-25 07:00:00,6.09,6.11,6.01,6.03,2071880,DCM
2020-08-26 07:00:00,6.0,6.11,5.96,6.05,2859570,DCM
2020-08-27 07:00:00,6.09,6.16,6.06,6.09,1841680,DCM
2020-08-28 07:00:00,6.13,6.15,6.05,6.05,1830890,DCM
2020-08-31 07:00:00,6.05,6.37,6.01,6.17,3294400,DCM
2020-09-01 07:00:00,6.17,6.21,6.11,6.18,1030970,DCM
2020-09-03 07:00:00,6.21,6.24,6.11,6.15,1850680,DCM
2020-09-04 07:00:00,6.06,6.11,6.02,6.09,1607750,DCM
2020-09-07 07:00:00,6.09,6.18,6.05,6.05,2102690,DCM
2020-09-08 07:00:00,6.08,6.1,6.03,6.05,958720,DCM
2020-09-09 07:00:00,6.03,6.29,6.03,6.24,3964000,DCM
2020-09-10 07:00:00,6.29,6.31,6.2,6.21,1431220,DCM
2020-09-11 07:00:00,6.21,6.29,6.17,6.25,2007190,DCM
2020-09-14 07:00:00,6.3,6.61,6.25,6.61,5746950,DCM
2020-09-15 07:00:00,6.64,6.91,6.64,6.68,4518800,DCM
2020-09-16 07:00:00,6.64,6.81,6.53,6.71,2348500,DCM
2020-09-17 07:00:00,6.71,6.78,6.58,6.68,2661050,DCM
2020-09-18 07:00:00,6.64,6.88,6.63,6.81,2271970,DCM
2020-09-21 07:00:00,6.88,6.94,6.62,6.64,3159880,DCM
2020-09-22 07:00:00,6.64,6.81,6.64,6.81,2776360,DCM
2020-09-23 07:00:00,6.84,6.88,6.68,6.78,2143160,DCM
2020-09-24 07:00:00,6.71,6.81,6.68,6.74,2024220,DCM
2020-09-25 07:00:00,6.78,6.81,6.71,6.81,2176900,DCM
2020-09-28 07:00:00,6.91,7.28,6.91,7.28,6234180,DCM
2020-09-29 07:00:00,7.51,7.77,7.48,7.77,9543880,DCM
2020-09-30 07:00:00,7.84,8.04,7.57,7.87,3759410,DCM
2020-10-01 07:00:00,7.84,7.97,7.57,7.81,3824540,DCM
2020-10-02 07:00:00,7.77,7.81,7.38,7.77,5484570,DCM
2020-10-05 07:00:00,8.04,8.04,7.81,8.04,4798530,DCM
2020-10-06 07:00:00,8.11,8.11,7.87,7.97,2117120,DCM
2020-10-07 07:00:00,7.91,7.94,7.77,7.77,2431200,DCM
2020-10-08 07:00:00,7.81,8.14,7.67,8.04,7706100,DCM
2020-10-09 07:00:00,8.11,8.14,7.94,8.04,1690980,DCM
2020-10-12 07:00:00,8.04,8.11,7.87,7.94,3954970,DCM
2020-10-13 07:00:00,7.87,8.01,7.77,7.97,2969200,DCM
2020-10-14 07:00:00,7.97,8.01,7.84,7.94,1474130,DCM
2020-10-15 07:00:00,8.01,8.07,7.94,7.97,4456120,DCM
2020-10-16 07:00:00,8.07,8.51,7.91,8.34,10014980,DCM
2020-10-19 07:00:00,8.37,8.47,8.21,8.24,2381220,DCM
2020-10-20 07:00:00,8.17,8.27,8.14,8.27,2369750,DCM
2020-10-21 07:00:00,8.3,8.47,8.24,8.24,3619400,DCM
2020-10-22 07:00:00,8.24,8.37,8.17,8.37,2240150,DCM
2020-10-23 07:00:00,8.37,8.64,8.37,8.51,3964710,DCM
2020-10-26 07:00:00,8.51,8.57,8.34,8.34,1648640,DCM
2020-10-27 07:00:00,8.34,8.34,8.14,8.14,1847470,DCM
2020-10-28 07:00:00,8.1,8.35,8.03,8.03,3098260,DCM
2020-10-29 07:00:00,8.03,8.28,7.93,8.14,3091820,DCM
2020-10-30 07:00:00,8.17,8.35,8.17,8.31,2789410,DCM
2020-11-02 07:00:00,8.45,8.87,8.45,8.87,4554800,DCM
2020-11-03 07:00:00,8.94,9.01,8.66,8.8,2554570,DCM
2020-11-04 07:00:00,8.8,8.84,8.66,8.8,2308520,DCM
2020-11-05 07:00:00,8.73,9.01,8.7,8.73,3196480,DCM
2020-11-06 07:00:00,8.77,8.8,8.59,8.73,3319610,DCM
2020-11-09 07:00:00,8.8,9.19,8.8,9.12,5227000,DCM
2020-11-10 07:00:00,9.12,9.12,8.77,8.84,4210860,DCM
2020-11-11 07:00:00,8.8,8.87,8.59,8.63,5160080,DCM
2020-11-12 07:00:00,8.66,8.84,8.42,8.84,4432750,DCM
2020-11-13 07:00:00,8.84,9.01,8.73,8.84,3024420,DCM
2020-11-16 07:00:00,8.87,8.91,8.66,8.66,3243970,DCM
2020-11-17 07:00:00,8.66,8.73,8.52,8.73,4297480,DCM
2020-11-18 07:00:00,8.77,8.8,8.59,8.66,2826820,DCM
2020-11-19 07:00:00,8.59,8.73,8.59,8.66,2503700,DCM
2020-11-20 07:00:00,8.59,8.66,8.56,8.56,2927590,DCM
2020-11-23 07:00:00,8.49,8.59,8.49,8.49,3660270,DCM
2020-11-24 07:00:00,8.49,8.7,8.38,8.63,5713360,DCM
2020-11-25 07:00:00,8.63,8.66,8.45,8.49,3090050,DCM
2020-11-26 07:00:00,8.49,8.59,8.45,8.52,1576250,DCM
2020-11-27 07:00:00,8.56,8.59,8.49,8.49,1835780,DCM
2020-11-30 07:00:00,8.49,8.49,8.31,8.31,4263660,DCM
2020-12-01 07:00:00,8.17,8.49,8.07,8.49,3673840,DCM
2020-12-02 07:00:00,8.49,8.73,8.38,8.52,3375810,DCM
2020-12-03 07:00:00,8.56,8.63,8.49,8.59,1967910,DCM
2020-12-04 07:00:00,8.59,8.7,8.52,8.59,4199830,DCM
2020-12-07 07:00:00,8.66,8.66,8.56,8.59,2636490,DCM
2020-12-08 07:00:00,8.63,9.01,8.59,8.91,7750620,DCM
2020-12-09 07:00:00,8.94,8.94,8.8,8.84,2682830,DCM
2020-12-10 07:00:00,8.87,8.87,8.73,8.73,2978470,DCM
2020-12-11 07:00:00,8.7,8.73,8.56,8.73,2914750,DCM
2020-12-14 07:00:00,8.8,8.87,8.66,8.66,3012670,DCM
2020-12-15 07:00:00,8.66,8.94,8.59,8.73,3461650,DCM
2020-12-16 07:00:00,8.8,8.84,8.7,8.77,2696150,DCM
2020-12-17 07:00:00,8.8,8.8,8.63,8.66,2880660,DCM
2020-12-18 07:00:00,8.66,8.7,8.59,8.63,2559750,DCM
2020-12-21 07:00:00,8.7,8.77,8.63,8.73,3666060,DCM
2020-12-22 07:00:00,8.87,9.33,8.73,9.33,11486410,DCM
2020-12-23 07:00:00,9.75,9.78,9.4,9.43,8077920,DCM
2020-12-24 07:00:00,9.68,9.71,8.98,9.33,5646470,DCM
2020-12-25 07:00:00,9.29,9.64,9.08,9.64,6396790,DCM
2020-12-28 07:00:00,9.64,9.78,9.43,9.61,4808650,DCM
2020-12-29 07:00:00,9.5,9.68,9.4,9.57,3998990,DCM
2020-12-30 07:00:00,9.68,10.1,9.68,9.78,6807900,DCM
2020-12-31 07:00:00,9.71,9.85,9.64,9.78,3098020,DCM
2021-01-04 07:00:00,9.85,10.03,9.68,9.85,4685600,DCM
2021-01-05 07:00:00,9.85,9.96,9.71,9.85,4650000,DCM
2021-01-06 07:00:00,9.89,9.96,9.75,9.82,4556800,DCM
2021-01-07 07:00:00,9.82,9.85,9.71,9.82,3261200,DCM
2021-01-08 07:00:00,9.92,10.2,9.82,9.99,4944600,DCM
2021-01-11 07:00:00,10.13,10.2,9.89,9.96,3402900,DCM
2021-01-12 07:00:00,9.96,10.03,9.85,9.99,2730500,DCM
2021-01-13 07:00:00,10.13,10.16,9.92,9.96,4556900,DCM
2021-01-14 07:00:00,9.92,9.99,9.82,9.96,2783500,DCM
2021-01-15 07:00:00,9.99,10.06,9.85,9.96,3520600,DCM
2021-01-18 07:00:00,9.99,10.62,9.96,10.55,8532300,DCM
2021-01-19 07:00:00,10.62,10.62,9.82,9.96,4019500,DCM
2021-01-20 07:00:00,9.92,9.99,9.29,9.92,2957500,DCM
2021-01-21 07:00:00,9.96,10.24,9.64,10.06,4159300,DCM
2021-01-22 07:00:00,10.06,10.27,9.92,9.99,2529300,DCM
2021-01-25 07:00:00,9.99,10.44,9.82,10.06,4122900,DCM
2021-01-26 07:00:00,10.06,10.2,9.43,9.71,3268100,DCM
2021-01-27 07:00:00,9.54,9.75,9.05,9.22,3889600,DCM
2021-01-28 07:00:00,8.59,8.8,8.59,8.59,3918300,DCM
2021-01-29 07:00:00,8.0,9.01,8.0,8.91,2974900,DCM
2021-02-01 07:00:00,8.91,8.91,8.31,8.35,4405600,DCM
2021-02-02 07:00:00,8.35,8.49,8.03,8.24,2301800,DCM
2021-02-03 07:00:00,8.38,8.8,8.38,8.8,2548300,DCM
2021-02-04 07:00:00,8.84,9.19,8.21,8.87,2751600,DCM
2021-02-05 07:00:00,8.87,9.08,8.84,9.01,1438500,DCM
2021-02-08 07:00:00,9.01,9.08,8.59,8.77,2219800,DCM
2021-02-09 07:00:00,8.7,8.84,8.63,8.73,2277000,DCM
2021-02-17 07:00:00,8.91,9.01,8.73,8.94,2073000,DCM
2021-02-18 07:00:00,8.94,9.54,8.87,9.54,5597500,DCM
2021-02-19 07:00:00,9.57,9.92,9.43,9.64,3616800,DCM
2021-02-22 07:00:00,9.85,9.85,9.5,9.64,2954300,DCM
2021-02-23 07:00:00,9.5,9.68,9.5,9.54,2390200,DCM
2021-02-24 07:00:00,9.54,9.71,9.26,9.43,2755000,DCM
2021-02-25 07:00:00,9.57,9.57,9.26,9.36,2405300,DCM
2021-02-26 07:00:00,9.19,9.43,9.15,9.43,3042200,DCM
2021-03-01 07:00:00,9.57,9.89,9.5,9.78,4322600,DCM
2021-03-02 07:00:00,10.1,10.44,9.92,10.44,11549900,DCM
2021-03-03 07:00:00,10.69,11.14,10.62,11.14,9926500,DCM
2021-03-04 07:00:00,11.49,11.77,11.14,11.42,7916800,DCM
2021-03-05 07:00:00,11.11,11.81,10.93,11.74,7688000,DCM
2021-03-08 07:00:00,11.77,12.02,11.39,11.7,6129900,DCM
2021-03-09 07:00:00,11.46,11.81,11.35,11.74,4187600,DCM
2021-03-10 07:00:00,11.74,12.09,11.74,11.81,4718100,DCM
2021-03-11 07:00:00,11.81,11.91,11.67,11.77,3640100,DCM
2021-03-12 07:00:00,11.81,11.84,11.53,11.56,2827800,DCM
2021-03-15 07:00:00,11.56,11.6,11.42,11.46,3279000,DCM
2021-03-16 07:00:00,11.46,11.53,11.18,11.42,2549500,DCM
2021-03-17 07:00:00,11.56,12.19,11.56,12.19,7363000,DCM
2021-03-18 07:00:00,12.44,12.47,12.12,12.19,3240200,DCM
2021-03-19 07:00:00,12.19,12.19,11.81,12.09,3406800,DCM
2021-03-22 07:00:00,12.02,12.05,11.84,11.91,3447500,DCM
2021-03-23 07:00:00,11.88,12.3,11.77,12.16,3727300,DCM
2021-03-24 07:00:00,12.12,12.12,11.53,11.88,3223400,DCM
2021-03-25 07:00:00,11.81,11.88,11.53,11.67,2132500,DCM
2021-03-26 07:00:00,11.53,11.84,11.32,11.74,3996100,DCM
2021-03-29 07:00:00,11.84,12.33,11.81,12.23,5037000,DCM
2021-03-30 07:00:00,12.26,12.26,11.88,12.05,2346100,DCM
2021-03-31 07:00:00,11.98,12.3,11.98,12.19,4268000,DCM
2021-04-01 07:00:00,12.44,12.92,12.4,12.65,5582300,DCM
2021-04-02 07:00:00,12.72,12.78,12.44,12.61,2362300,DCM
2021-04-05 07:00:00,12.72,12.72,12.37,12.54,2966200,DCM
2021-04-06 07:00:00,12.3,12.78,12.26,12.58,3576400,DCM
2021-04-07 07:00:00,12.54,12.68,12.44,12.68,2004800,DCM
2021-04-08 07:00:00,12.68,12.75,12.47,12.54,1687400,DCM
2021-04-09 07:00:00,12.54,12.61,12.23,12.51,2763800,DCM
2021-04-12 07:00:00,12.51,12.86,12.44,12.68,4177600,DCM
2021-04-13 07:00:00,12.72,12.92,12.58,12.61,4066300,DCM
2021-04-14 07:00:00,12.51,12.65,12.44,12.65,2416900,DCM
2021-04-15 07:00:00,12.65,12.72,11.88,12.09,4863700,DCM
2021-04-16 07:00:00,12.05,12.05,11.56,11.95,4232200,DCM
2021-04-19 07:00:00,11.95,12.26,11.74,12.16,1535300,DCM
2021-04-20 07:00:00,12.16,12.19,11.7,11.88,2437900,DCM
2021-04-22 07:00:00,11.74,11.84,11.07,11.07,4848500,DCM
2021-04-23 07:00:00,11.07,11.35,10.48,11.28,2890300,DCM
2021-04-26 07:00:00,11.28,11.32,10.69,10.83,1800200,DCM
2021-04-27 07:00:00,10.83,11.56,10.65,11.28,3171100,DCM
2021-04-28 07:00:00,11.39,11.42,11.18,11.28,1826200,DCM
2021-04-29 07:00:00,11.32,11.42,11.18,11.18,1406200,DCM
2021-05-04 07:00:00,10.83,11.18,10.83,11.11,1614400,DCM
2021-05-05 07:00:00,11.18,11.46,11.07,11.35,1864900,DCM
2021-05-06 07:00:00,11.39,11.46,11.18,11.21,1570400,DCM
2021-05-07 07:00:00,11.14,11.21,10.86,10.86,2012300,DCM
2021-05-10 07:00:00,10.79,11.25,10.72,11.14,2778900,DCM
2021-05-11 07:00:00,11.32,11.42,11.21,11.21,1753300,DCM
2021-05-12 07:00:00,11.21,11.63,11.18,11.63,1800100,DCM
2021-05-13 07:00:00,11.53,11.77,11.46,11.63,2274000,DCM
2021-05-14 07:00:00,11.81,12.44,11.81,12.33,5811300,DCM
2021-05-17 07:00:00,12.4,12.51,11.91,11.98,2806500,DCM
2021-05-18 07:00:00,11.91,12.02,11.56,11.6,1760300,DCM
2021-05-19 07:00:00,11.56,11.84,11.32,11.63,2701100,DCM
2021-05-20 07:00:00,11.67,11.91,11.6,11.74,1785900,DCM
2021-05-21 07:00:00,12.05,12.26,11.81,11.88,2990600,DCM
2021-05-24 07:00:00,12.02,12.44,11.88,12.37,4516700,DCM
2021-05-25 07:00:00,12.3,12.78,12.3,12.33,4640600,DCM
2021-05-26 07:00:00,12.33,12.37,12.16,12.19,1980600,DCM
2021-05-27 07:00:00,12.16,12.19,11.77,11.88,3385300,DCM
2021-05-28 07:00:00,11.88,12.09,11.6,11.88,3537400,DCM
2021-05-31 07:00:00,11.88,11.88,11.56,11.74,4106200,DCM
2021-06-01 07:00:00,11.67,11.77,11.6,11.63,2551200,DCM
2021-06-02 07:00:00,11.6,12.44,11.32,12.44,6752700,DCM
2021-06-03 07:00:00,12.92,12.92,12.58,12.61,3823700,DCM
2021-06-04 07:00:00,12.61,12.61,12.33,12.44,3709900,DCM
2021-06-07 07:00:00,12.44,12.92,12.23,12.4,7308900,DCM
2021-06-08 07:00:00,12.58,12.89,12.44,12.44,5690800,DCM
2021-06-09 07:00:00,12.44,12.58,12.09,12.51,2063600,DCM
2021-06-10 07:00:00,12.51,13.38,12.4,13.38,10617500,DCM
2021-06-11 07:00:00,13.48,13.62,13.2,13.31,4548000,DCM
2021-06-14 07:00:00,13.34,13.9,13.34,13.62,3360200,DCM
2021-06-15 07:00:00,13.48,13.83,13.27,13.59,4405300,DCM
2021-06-16 07:00:00,13.62,14.15,13.55,13.76,5046200,DCM
2021-06-17 07:00:00,13.41,14.18,13.41,14.11,3719600,DCM
2021-06-18 07:00:00,14.29,15.02,13.9,14.18,5936800,DCM
2021-06-21 07:00:00,14.32,14.6,14.11,14.22,3715700,DCM
2021-06-22 07:00:00,14.32,14.36,13.76,13.83,5703200,DCM
2021-06-23 07:00:00,13.69,14.18,13.48,14.08,5383800,DCM
2021-06-24 07:00:00,13.9,14.11,13.69,13.9,2012600,DCM
2021-06-25 07:00:00,13.9,14.18,13.9,14.11,2489700,DCM
2021-06-28 07:00:00,14.11,14.46,14.11,14.29,3295000,DCM
2021-06-29 07:00:00,14.32,14.88,14.32,14.43,2923700,DCM
2021-06-30 07:00:00,14.43,14.99,14.25,14.67,4257700,DCM
2021-07-01 07:00:00,14.81,14.95,14.32,14.43,4589300,DCM
2021-07-02 07:00:00,14.5,14.64,13.9,14.04,7896100,DCM
2021-07-05 07:00:00,13.9,13.97,13.55,13.62,6023700,DCM
2021-07-06 07:00:00,13.62,13.9,13.24,13.24,2939300,DCM
2021-07-07 07:00:00,13.13,13.35,12.55,13.09,2779100,DCM
2021-07-08 07:00:00,12.98,13.38,12.8,12.88,2350700,DCM
2021-07-09 07:00:00,12.62,13.09,12.4,12.44,3294500,DCM
2021-07-12 07:00:00,12.47,12.47,11.6,11.67,5058100,DCM
2021-07-13 07:00:00,11.82,12.47,11.74,12.47,2663000,DCM
2021-07-14 07:00:00,12.55,12.76,11.96,12.4,2549200,DCM
2021-07-15 07:00:00,12.07,12.66,12.07,12.55,1769600,DCM
2021-07-16 07:00:00,12.55,13.06,12.4,12.76,2411800,DCM
2021-07-19 07:00:00,12.33,12.55,12.0,12.11,2819500,DCM
2021-07-20 07:00:00,12.26,12.8,12.11,12.73,3420800,DCM
2021-07-21 07:00:00,12.8,13.02,12.62,12.69,1965800,DCM
2021-07-22 07:00:00,12.69,13.46,12.55,13.28,4159600,DCM
2021-07-23 07:00:00,13.28,13.6,13.13,13.42,3972200,DCM
2021-07-26 07:00:00,13.28,14.0,13.13,13.82,4972400,DCM
2021-07-27 07:00:00,13.86,14.15,13.53,13.79,5045100,DCM
2021-07-28 07:00:00,13.68,13.86,13.57,13.68,2278900,DCM
2021-07-29 07:00:00,13.79,14.12,13.64,14.08,5280200,DCM
2021-07-30 07:00:00,14.12,14.84,14.08,14.74,9063300,DCM
2021-08-02 07:00:00,14.81,15.46,14.74,15.03,7888600,DCM
2021-08-03 07:00:00,15.1,15.39,14.81,15.21,6710900,DCM
2021-08-04 07:00:00,15.21,15.24,14.74,15.03,5567900,DCM
2021-08-05 07:00:00,14.95,15.72,14.77,15.68,7178800,DCM
2021-08-06 07:00:00,15.72,15.83,15.39,15.46,5646100,DCM
2021-08-09 07:00:00,15.36,16.52,15.28,16.52,8393700,DCM
2021-08-10 07:00:00,17.14,17.51,16.48,16.67,10346200,DCM
2021-08-11 07:00:00,16.56,17.51,16.27,17.22,7160300,DCM
2021-08-12 07:00:00,16.78,17.25,16.01,16.05,10891800,DCM
2021-08-13 07:00:00,15.61,17.14,15.61,17.1,7672700,DCM
2021-08-16 07:00:00,17.25,17.84,17.0,17.1,6711000,DCM
2021-08-17 07:00:00,16.7,17.54,16.45,17.29,5911700,DCM
2021-08-18 07:00:00,17.07,17.43,16.74,17.1,3768800,DCM
2021-08-19 07:00:00,16.78,17.25,16.78,17.07,2744200,DCM
2021-08-20 07:00:00,17.29,17.47,16.48,17.25,9465500,DCM
2021-08-23 07:00:00,17.36,18.05,17.32,17.87,7776200,DCM
2021-08-24 07:00:00,17.87,17.91,17.0,17.22,3659300,DCM
2021-08-25 07:00:00,17.22,17.25,16.23,16.92,3916500,DCM
2021-08-26 07:00:00,16.92,18.09,16.92,17.62,8177600,DCM
2021-08-27 07:00:00,17.29,17.94,17.18,17.94,3190600,DCM
2021-08-30 07:00:00,18.09,18.6,17.73,17.94,6237900,DCM
2021-08-31 07:00:00,17.84,18.53,17.54,18.24,7774000,DCM
2021-09-01 07:00:00,18.09,19.18,18.02,18.96,8207000,DCM
2021-09-06 07:00:00,19.11,19.18,18.45,18.53,4167600,DCM
2021-09-07 07:00:00,18.6,18.6,17.91,17.98,6359200,DCM
2021-09-08 07:00:00,17.69,18.27,17.65,17.98,3960500,DCM
2021-09-09 07:00:00,18.2,18.2,17.8,18.09,2090400,DCM
2021-09-10 07:00:00,18.09,18.56,17.94,18.2,4414700,DCM
2021-09-13 07:00:00,18.24,18.6,18.02,18.31,3784400,DCM
2021-09-14 07:00:00,18.53,18.93,18.42,18.42,4512600,DCM
2021-09-15 07:00:00,18.38,18.53,18.05,18.24,2704900,DCM
2021-09-16 07:00:00,18.31,18.34,17.91,18.09,2916200,DCM
2021-09-17 07:00:00,18.02,18.38,17.51,18.27,6065700,DCM
2021-09-20 07:00:00,18.53,18.71,17.94,18.05,3255900,DCM
2021-09-21 07:00:00,17.62,18.02,17.58,18.02,3255000,DCM
2021-09-22 07:00:00,18.09,18.2,17.65,17.87,2789400,DCM
2021-09-23 07:00:00,17.91,18.24,17.8,18.02,2561500,DCM
2021-09-24 07:00:00,18.02,18.16,17.62,17.65,2879400,DCM
2021-09-27 07:00:00,17.65,17.65,16.63,16.63,4173100,DCM
2021-09-28 07:00:00,16.52,17.0,15.61,16.89,3292600,DCM
2021-09-29 07:00:00,16.89,18.05,16.52,18.05,3987100,DCM
2021-09-30 07:00:00,18.24,19.29,18.16,19.29,10520100,DCM
2021-10-01 07:00:00,19.4,20.64,19.37,20.57,9130200,DCM
2021-10-04 07:00:00,21.01,21.77,20.57,20.72,6320600,DCM
2021-10-05 07:00:00,20.42,21.66,20.28,21.01,7723900,DCM
2021-10-06 07:00:00,21.01,21.66,20.68,21.34,6551700,DCM
2021-10-07 07:00:00,21.34,22.39,21.26,21.26,5660900,DCM
2021-10-08 07:00:00,21.45,21.45,20.57,20.61,5927700,DCM
2021-10-11 07:00:00,21.08,21.59,20.57,21.52,5415900,DCM
2021-10-12 07:00:00,21.74,21.99,21.12,21.19,6067700,DCM
2021-10-13 07:00:00,21.23,22.65,20.97,22.65,9255100,DCM
2021-10-14 07:00:00,23.34,24.07,22.98,23.42,4687300,DCM
2021-10-15 07:00:00,23.71,24.33,23.05,23.85,4786800,DCM
2021-10-18 07:00:00,23.93,24.29,22.54,22.69,12102000,DCM
2021-10-19 07:00:00,22.72,23.71,22.25,23.71,9616700,DCM
2021-10-20 07:00:00,23.93,24.73,23.71,24.44,5413200,DCM
2021-10-21 07:00:00,24.66,24.87,24.0,24.66,4817000,DCM
2021-10-22 07:00:00,24.73,24.73,23.82,24.22,7164600,DCM
2021-10-25 07:00:00,23.93,24.07,22.83,22.98,7568100,DCM
2021-10-26 07:00:00,22.76,23.56,22.39,23.2,9255600,DCM
2021-10-27 07:00:00,23.71,23.85,23.12,23.12,5767300,DCM
2021-10-28 07:00:00,23.42,24.44,23.12,24.44,8110500,DCM
2021-10-29 07:00:00,24.44,24.76,23.93,24.29,6903200,DCM
2021-11-01 07:00:00,24.66,25.42,24.18,24.8,9363100,DCM
2021-11-02 07:00:00,24.95,25.31,24.29,24.73,7260500,DCM
2021-11-03 07:00:00,24.73,25.02,23.34,23.82,7581500,DCM
2021-11-04 07:00:00,24.0,24.44,23.56,23.96,9328500,DCM
2021-11-05 07:00:00,24.07,25.6,23.96,25.6,12651500,DCM
2021-11-08 07:00:00,26.62,27.35,26.26,26.88,7887000,DCM
2021-11-09 07:00:00,26.88,26.99,26.26,26.81,10330400,DCM
2021-11-10 07:00:00,27.17,28.05,26.7,28.05,8734400,DCM
2021-11-11 07:00:00,28.05,28.05,27.03,27.14,7667500,DCM
2021-11-12 07:00:00,27.35,28.05,26.99,27.79,6546600,DCM
2021-11-15 07:00:00,28.08,29.0,27.35,28.3,7641700,DCM
2021-11-16 07:00:00,28.59,29.03,28.16,28.59,6192500,DCM
2021-11-17 07:00:00,28.59,28.81,28.08,28.23,4922900,DCM
2021-11-18 07:00:00,28.08,28.19,26.33,26.62,15836300,DCM
2021-11-19 07:00:00,26.26,27.35,24.8,26.19,11080600,DCM
2021-11-22 07:00:00,26.84,27.03,25.53,25.53,5412700,DCM
2021-11-23 07:00:00,25.53,26.99,25.38,26.99,5420600,DCM
2021-11-24 07:00:00,27.21,27.28,26.33,26.48,4488500,DCM
2021-11-25 07:00:00,26.7,27.35,26.3,26.95,6994800,DCM
2021-11-26 07:00:00,27.35,28.38,26.99,27.79,9079400,DCM
2021-11-29 07:00:00,27.21,27.72,27.06,27.43,4582100,DCM
2021-11-30 07:00:00,27.5,28.59,27.28,27.72,7895400,DCM
2021-12-01 07:00:00,27.94,29.54,27.83,29.36,12264700,DCM
2021-12-02 07:00:00,29.47,29.94,28.38,28.52,7184400,DCM
2021-12-03 07:00:00,28.67,28.85,27.35,27.35,9257200,DCM
2021-12-06 07:00:00,26.99,27.39,25.46,25.68,10722600,DCM
2021-12-07 07:00:00,25.97,26.77,25.38,26.41,4207400,DCM
2021-12-08 07:00:00,26.84,27.28,26.55,26.77,4623700,DCM
2021-12-09 07:00:00,26.62,27.1,26.26,27.1,3231000,DCM
2021-12-10 07:00:00,27.17,28.05,27.14,27.46,4893900,DCM
2021-12-13 07:00:00,27.83,27.83,26.99,27.24,3833700,DCM
2021-12-14 07:00:00,27.28,28.45,27.03,27.79,6455400,DCM
2021-12-15 07:00:00,28.01,28.59,27.57,27.9,6578100,DCM
2021-12-16 07:00:00,27.9,27.94,27.17,27.35,5357000,DCM
2021-12-17 07:00:00,27.35,27.79,26.92,27.65,7136400,DCM
2021-12-20 07:00:00,27.72,28.23,27.28,27.57,4569200,DCM
2021-12-21 07:00:00,27.72,29.36,27.72,29.21,12913600,DCM
2021-12-22 07:00:00,29.47,29.8,28.27,28.27,7584500,DCM
2021-12-23 07:00:00,28.27,29.1,27.65,28.3,6364400,DCM
2021-12-24 07:00:00,28.45,28.67,27.28,27.32,6581000,DCM
2021-12-27 07:00:00,27.43,27.57,26.62,26.92,5305800,DCM
2021-12-28 07:00:00,27.43,27.65,26.77,27.03,3712200,DCM
2021-12-29 07:00:00,27.39,27.39,25.97,26.41,5937600,DCM
2021-12-30 07:00:00,26.44,26.88,26.3,26.55,3832300,DCM
2021-12-31 07:00:00,26.84,26.84,26.41,26.77,2505700,DCM
2022-01-04 07:00:00,26.84,27.14,26.44,27.06,4461800,DCM
2022-01-05 07:00:00,27.17,27.54,26.77,27.14,5027800,DCM
2022-01-06 07:00:00,27.03,27.46,26.73,26.84,4536000,DCM
2022-01-07 07:00:00,26.77,26.92,25.57,25.6,10920200,DCM
2022-01-10 07:00:00,25.42,25.42,23.82,23.82,14036600,DCM
2022-01-11 07:00:00,23.82,24.14,22.72,23.2,5266200,DCM
2022-01-12 07:00:00,22.98,23.85,22.18,22.76,4282900,DCM
2022-01-13 07:00:00,23.27,23.49,22.65,22.69,2766600,DCM
2022-01-14 07:00:00,22.25,22.43,21.12,21.12,6923700,DCM
2022-01-17 07:00:00,21.08,21.59,19.84,19.84,5986800,DCM
2022-01-18 07:00:00,19.62,21.23,19.55,21.23,4742800,DCM
2022-01-19 07:00:00,21.88,22.07,21.19,21.45,2138200,DCM
2022-01-20 07:00:00,21.52,21.52,20.75,21.12,2483100,DCM
2022-01-21 07:00:00,21.15,21.15,20.42,20.57,3570000,DCM
2022-01-24 07:00:00,20.28,20.35,19.15,19.15,4079100,DCM
2022-01-25 07:00:00,18.6,20.06,18.42,19.44,3141600,DCM
2022-01-26 07:00:00,19.51,19.91,19.08,19.08,2404700,DCM
2022-01-27 07:00:00,19.18,19.84,19.18,19.62,2003600,DCM
2022-01-28 07:00:00,19.84,19.95,19.4,19.7,1501700,DCM
2022-02-07 07:00:00,20.21,20.72,19.99,20.42,2593500,DCM
2022-02-08 07:00:00,20.53,21.34,20.06,20.79,3207900,DCM
2022-02-09 07:00:00,20.79,21.3,20.79,20.94,2504200,DCM
2022-02-10 07:00:00,21.15,21.85,20.83,21.7,4197300,DCM
2022-02-11 07:00:00,21.92,22.72,21.74,22.21,3987600,DCM
2022-02-14 07:00:00,21.88,22.5,21.37,21.37,4755000,DCM
2022-02-15 07:00:00,21.3,21.92,21.15,21.74,2410400,DCM
2022-02-16 07:00:00,21.88,22.47,21.77,22.39,5555600,DCM
2022-02-17 07:00:00,22.47,22.9,22.25,22.25,3845600,DCM
2022-02-18 07:00:00,21.88,22.58,21.88,22.39,4068000,DCM
2022-02-21 07:00:00,22.54,22.94,22.32,22.76,4467800,DCM
2022-02-22 07:00:00,22.47,22.58,21.77,21.96,4303400,DCM
2022-02-23 07:00:00,22.25,23.49,22.1,23.49,6810700,DCM
2022-02-24 07:00:00,23.38,25.13,23.38,25.13,14960700,DCM
2022-02-25 07:00:00,25.6,26.62,25.24,25.24,9879400,DCM
2022-02-28 07:00:00,25.68,26.99,25.64,26.99,9760600,DCM
2022-03-01 07:00:00,28.08,28.38,26.7,26.92,11496700,DCM
2022-03-02 07:00:00,27.57,28.45,26.84,28.45,11847200,DCM
2022-03-03 07:00:00,28.81,29.51,28.56,29.03,9717000,DCM
2022-03-04 07:00:00,28.81,29.91,28.01,29.4,10585300,DCM
2022-03-07 07:00:00,30.64,31.44,30.13,31.44,7723200,DCM
2022-03-08 07:00:00,31.73,32.83,30.27,30.78,13001200,DCM
2022-03-09 07:00:00,31.37,32.93,30.64,32.5,12977100,DCM
2022-03-10 07:00:00,31.66,33.19,31.4,32.72,8334600,DCM
2022-03-11 07:00:00,33.55,34.58,33.19,33.92,10728800,DCM
2022-03-14 07:00:00,33.99,34.28,31.55,31.55,15380100,DCM
2022-03-15 07:00:00,31.37,31.73,30.09,31.22,11367200,DCM
2022-03-16 07:00:00,31.66,32.46,31.26,31.95,4240300,DCM
2022-03-17 07:00:00,32.17,32.31,29.72,29.76,13697900,DCM
2022-03-18 07:00:00,30.13,31.0,29.62,30.93,5881800,DCM
2022-03-21 07:00:00,31.15,31.84,30.27,31.07,4617600,DCM
2022-03-22 07:00:00,31.0,32.46,30.56,32.42,8823200,DCM
2022-03-23 07:00:00,32.64,33.52,32.2,32.75,9709500,DCM
2022-03-24 07:00:00,33.44,34.06,32.68,32.97,7480800,DCM
2022-03-25 07:00:00,32.83,34.43,31.95,33.99,10636200,DCM
2022-03-28 07:00:00,33.55,35.34,33.34,35.34,9990400,DCM
2022-03-29 07:00:00,35.74,36.07,34.36,34.87,5350200,DCM
2022-03-30 07:00:00,34.21,34.58,32.46,32.46,15037700,DCM
2022-03-31 07:00:00,32.68,32.97,31.33,31.33,8268500,DCM
2022-04-01 07:00:00,31.33,32.68,30.96,32.17,5085300,DCM
2022-04-04 07:00:00,32.17,32.17,29.98,30.56,10286700,DCM
2022-04-05 07:00:00,29.98,31.0,29.98,30.93,4076500,DCM
2022-04-06 07:00:00,30.27,30.6,28.89,28.96,8522500,DCM
2022-04-07 07:00:00,28.96,30.27,27.97,30.09,7382700,DCM
2022-04-08 07:00:00,30.09,30.27,28.89,29.0,3098400,DCM
2022-04-12 07:00:00,29.4,29.83,28.81,28.81,3285800,DCM
2022-04-13 07:00:00,28.81,29.76,27.5,29.76,4788900,DCM
2022-04-14 07:00:00,30.27,31.84,29.98,31.84,13335500,DCM
2022-04-15 07:00:00,32.1,32.46,29.69,31.18,5651300,DCM
2022-04-18 07:00:00,30.56,32.1,30.31,31.73,5794300,DCM
2022-04-19 07:00:00,32.1,33.88,31.22,32.46,10383500,DCM
2022-04-20 07:00:00,32.1,32.46,30.27,30.27,5813300,DCM
2022-04-21 07:00:00,30.38,31.58,29.69,30.2,5358600,DCM
2022-04-22 07:00:00,30.34,30.64,28.12,28.12,10067600,DCM
2022-04-25 07:00:00,27.06,27.72,26.19,26.19,4756800,DCM
2022-04-26 07:00:00,24.36,27.72,24.36,27.72,7675300,DCM
2022-04-27 07:00:00,26.84,27.43,25.82,26.77,3741100,DCM
2022-04-28 07:00:00,27.03,28.01,26.73,27.72,4342400,DCM
2022-04-29 07:00:00,27.43,28.85,27.39,28.19,4128800,DCM
2022-05-04 07:00:00,27.72,27.86,26.22,26.22,4768400,DCM
2022-05-05 07:00:00,26.41,27.1,25.53,26.62,3885200,DCM
2022-05-06 07:00:00,25.68,27.06,25.68,26.11,3973800,DCM
2022-05-09 07:00:00,25.86,25.9,24.29,24.29,2799400,DCM
2022-05-10 07:00:00,22.61,23.93,22.61,22.61,8540400,DCM
2022-05-11 07:00:00,23.27,23.71,22.8,23.63,3236300,DCM
2022-05-12 07:00:00,23.34,23.93,21.99,21.99,4167800,DCM
2022-05-13 07:00:00,21.3,21.99,20.46,20.46,4669200,DCM
2022-05-16 07:00:00,21.15,21.37,19.04,19.04,7358700,DCM
2022-05-17 07:00:00,18.45,20.35,17.8,20.35,5335800,DCM
2022-05-18 07:00:00,20.72,21.77,20.5,21.77,5196000,DCM
2022-05-19 07:00:00,21.01,23.27,20.86,22.9,8017100,DCM
2022-05-20 07:00:00,22.76,24.29,22.58,23.78,5916600,DCM
2022-05-23 07:00:00,24.04,24.87,23.56,24.29,7564000,DCM
2022-05-24 07:00:00,23.89,25.31,23.89,24.87,8043400,DCM
2022-05-25 07:00:00,25.31,26.59,24.29,26.59,7586900,DCM
2022-05-26 07:00:00,26.7,27.14,25.17,25.75,6175800,DCM
2022-05-27 07:00:00,25.57,26.33,25.46,25.75,5337000,DCM
2022-05-30 07:00:00,25.86,26.19,25.42,25.42,3230900,DCM
2022-05-31 07:00:00,25.17,27.17,25.09,27.17,9072500,DCM
2022-06-01 07:00:00,27.35,29.07,27.32,28.59,8314400,DCM
2022-06-02 07:00:00,29.18,29.25,27.72,28.3,5813300,DCM
2022-06-03 07:00:00,28.12,29.87,28.08,29.69,7244100,DCM
2022-06-06 07:00:00,30.27,31.73,29.21,31.55,7997700,DCM
2022-06-07 07:00:00,31.0,31.95,29.4,31.0,11037200,DCM
2022-06-08 07:00:00,31.0,32.31,30.02,30.82,7615200,DCM
2022-06-09 07:00:00,30.82,31.8,30.34,30.93,4578600,DCM
2022-06-10 07:00:00,30.64,31.29,28.78,28.78,7460700,DCM
2022-06-13 07:00:00,26.99,28.48,26.77,26.77,9806900,DCM
2022-06-14 07:00:00,26.26,28.63,25.6,28.3,6322300,DCM
2022-06-15 07:00:00,28.52,29.69,26.99,29.69,6377300,DCM
2022-06-16 07:00:00,30.05,31.37,29.69,30.6,6533900,DCM
2022-06-17 07:00:00,29.62,31.37,29.4,31.0,6546100,DCM
2022-06-20 07:00:00,31.0,31.58,28.85,28.85,11367400,DCM
2022-06-21 07:00:00,28.08,29.18,26.84,26.84,7118600,DCM
2022-06-22 07:00:00,26.84,27.14,24.98,24.98,5573200,DCM
2022-06-23 07:00:00,23.71,25.86,23.34,25.86,5919700,DCM
2022-06-24 07:00:00,26.22,26.92,25.68,26.26,2894100,DCM
2022-06-27 07:00:00,26.26,26.88,24.44,24.44,6098500,DCM
2022-06-28 07:00:00,24.07,25.09,22.83,23.23,9398900,DCM
2022-06-29 07:00:00,23.42,24.07,22.03,23.56,6403700,DCM
2022-06-30 07:00:00,24.07,24.4,23.78,23.89,3954100,DCM
2022-07-01 07:00:00,23.42,23.78,22.47,22.98,3238300,DCM
2022-07-04 07:00:00,23.27,23.71,23.09,23.34,3137700,DCM
2022-07-05 07:00:00,23.5,23.77,21.72,21.95,6756600,DCM
2022-07-06 07:00:00,20.95,22.03,20.44,20.44,5630700,DCM
2022-07-07 07:00:00,20.25,21.18,19.86,20.87,4097800,DCM
2022-07-08 07:00:00,21.41,22.14,21.26,22.14,3890200,DCM
2022-07-11 07:00:00,22.1,22.34,21.26,21.37,3649000,DCM
2022-07-12 07:00:00,21.37,22.07,21.26,22.03,2962800,DCM
2022-07-13 07:00:00,22.03,22.3,21.68,21.72,2910400,DCM
2022-07-14 07:00:00,21.56,23.23,21.56,23.23,5144600,DCM
2022-07-15 07:00:00,23.81,23.84,23.03,23.03,4167000,DCM
2022-07-18 07:00:00,23.54,23.84,22.88,22.88,2361800,DCM
2022-07-19 07:00:00,22.57,23.19,22.26,22.65,3317100,DCM
2022-07-20 07:00:00,23.19,23.57,22.92,23.19,3364200,DCM
2022-07-21 07:00:00,23.19,24.15,23.03,23.69,3115400,DCM
2022-07-22 07:00:00,23.73,23.92,22.8,22.92,3658800,DCM
2022-07-25 07:00:00,22.8,22.8,21.8,21.84,2670500,DCM
2022-07-26 07:00:00,21.72,22.92,21.72,22.45,2879500,DCM
2022-07-27 07:00:00,22.45,23.42,22.45,23.42,2900900,DCM
2022-07-28 07:00:00,23.73,23.92,23.54,23.65,4580000,DCM
2022-07-29 07:00:00,23.96,23.96,22.61,22.65,6014800,DCM
2022-08-01 07:00:00,23.26,23.3,22.61,23.23,4299500,DCM
2022-08-02 07:00:00,23.3,24.19,23.3,23.81,4355100,DCM
2022-08-03 07:00:00,23.73,25.31,23.38,25.04,6116300,DCM
2022-08-04 07:00:00,25.04,25.51,24.58,25.04,3435400,DCM
2022-08-05 07:00:00,24.73,25.12,24.5,25.04,2782300,DCM
2022-08-08 07:00:00,25.16,26.01,25.0,25.93,5623200,DCM
2022-08-09 07:00:00,25.97,26.51,25.43,25.74,4212100,DCM
2022-08-10 07:00:00,25.7,25.7,24.89,25.0,3492600,DCM
2022-08-11 07:00:00,25.24,25.54,24.5,24.54,3853000,DCM
2022-08-12 07:00:00,24.54,25.08,24.35,25.04,2555100,DCM
2022-08-15 07:00:00,25.2,25.82,25.2,25.31,2432300,DCM
2022-08-16 07:00:00,25.39,25.89,25.08,25.35,4656800,DCM
2022-08-17 07:00:00,25.58,25.66,24.73,24.89,3138200,DCM
2022-08-18 07:00:00,24.89,25.51,24.73,25.04,3288400,DCM
2022-08-19 07:00:00,25.2,25.35,24.62,24.73,3694700,DCM
2022-08-22 07:00:00,24.73,25.0,23.81,24.04,2822700,DCM
2022-08-23 07:00:00,23.88,24.66,23.81,24.31,2857600,DCM
2022-08-24 07:00:00,24.73,25.78,24.62,25.62,6184800,DCM
2022-08-25 07:00:00,26.01,27.4,25.97,27.4,9699800,DCM
2022-08-26 07:00:00,27.82,28.48,27.05,27.4,5951800,DCM
2022-08-29 07:00:00,27.98,29.29,27.44,29.29,13224600,DCM
2022-08-30 07:00:00,30.03,30.07,28.79,29.18,5814900,DCM
2022-08-31 07:00:00,29.14,29.68,28.91,28.98,7736300,DCM
2022-09-05 07:00:00,29.29,30.53,29.06,29.64,5509100,DCM
2022-09-06 07:00:00,30.03,30.03,28.29,28.29,11442800,DCM
2022-09-07 07:00:00,28.06,28.95,27.67,27.67,7989500,DCM
2022-09-08 07:00:00,28.13,29.29,27.44,28.52,6904100,DCM
2022-09-09 07:00:00,28.6,29.6,27.94,29.6,6796300,DCM
2022-09-12 07:00:00,29.76,30.41,28.98,29.14,5976300,DCM
2022-09-13 07:00:00,29.33,29.53,28.4,29.29,6784800,DCM
2022-09-14 07:00:00,28.6,29.29,28.6,28.87,6492100,DCM
2022-09-15 07:00:00,29.37,30.07,29.22,29.22,8376900,DCM
2022-09-16 07:00:00,29.22,29.29,28.48,28.6,5486000,DCM
2022-09-19 07:00:00,28.68,28.71,26.63,26.63,10024200,DCM
2022-09-20 07:00:00,27.05,27.82,26.01,27.82,5998000,DCM
2022-09-21 07:00:00,27.44,27.98,27.13,27.79,4029200,DCM
2022-09-22 07:00:00,27.44,28.6,27.28,28.6,5921600,DCM
2022-09-23 07:00:00,28.56,29.14,27.9,28.02,4579500,DCM
2022-09-26 07:00:00,27.21,27.75,26.24,27.13,6960900,DCM
2022-09-27 07:00:00,27.44,27.82,26.82,26.94,4655400,DCM
2022-09-28 07:00:00,26.94,27.71,26.59,26.78,4732600,DCM
2022-09-29 07:00:00,27.52,27.52,24.93,24.93,6539300,DCM
2022-09-30 07:00:00,24.77,26.28,23.57,26.05,7104300,DCM
2022-10-03 07:00:00,26.05,26.05,24.23,24.23,4086400,DCM
2022-10-04 07:00:00,24.66,24.73,22.57,22.8,6310800,DCM
2022-10-05 07:00:00,23.19,24.35,22.96,24.04,4354000,DCM
2022-10-06 07:00:00,24.35,24.42,22.8,23.26,4708200,DCM
2022-10-07 07:00:00,22.96,23.07,21.64,21.64,7030700,DCM
2022-10-10 07:00:00,20.95,23.15,20.95,23.15,4460200,DCM
2022-10-11 07:00:00,23.34,24.12,22.72,22.8,6540400,DCM
2022-10-12 07:00:00,23.26,24.39,23.03,24.39,5021900,DCM
2022-10-13 07:00:00,24.39,24.73,23.73,24.39,4510100,DCM
2022-10-14 07:00:00,24.96,25.27,24.66,24.93,4564000,DCM
2022-10-17 07:00:00,24.42,25.74,24.42,25.62,4658900,DCM
2022-10-18 07:00:00,26.12,26.2,24.73,25.04,4839100,DCM
2022-10-19 07:00:00,25.35,25.66,24.85,25.12,3052300,DCM
2022-10-20 07:00:00,25.04,25.43,24.35,24.7,3494900,DCM
2022-10-21 07:00:00,24.66,24.96,23.03,23.07,6466400,DCM
2022-10-24 07:00:00,23.5,24.08,23.03,23.11,5013000,DCM
2022-10-25 07:00:00,23.42,24.7,23.15,24.7,6877200,DCM
2022-10-26 07:00:00,25.12,25.24,24.23,24.54,2903600,DCM
2022-10-27 07:00:00,24.73,25.78,24.35,25.47,4957500,DCM
2022-10-28 07:00:00,25.54,26.09,24.77,24.77,5380200,DCM
2022-10-31 07:00:00,24.77,25.89,24.46,25.51,4112800,DCM
2022-11-01 07:00:00,25.74,25.97,24.89,24.96,4206800,DCM
2022-11-02 07:00:00,24.96,25.0,23.23,23.23,10902000,DCM
2022-11-03 07:00:00,22.88,23.92,22.84,23.69,2952700,DCM
2022-11-04 07:00:00,23.57,23.88,22.18,22.57,4232300,DCM
2022-11-07 07:00:00,22.88,23.19,22.38,22.42,3491700,DCM
2022-11-08 07:00:00,22.65,22.8,22.03,22.49,2645400,DCM
2022-11-09 07:00:00,22.65,23.34,22.57,23.11,3832800,DCM
2022-11-10 07:00:00,22.88,23.11,21.53,21.53,5227800,DCM
2022-11-11 07:00:00,22.03,22.26,21.26,22.03,3187500,DCM
2022-11-14 07:00:00,21.33,21.64,20.52,20.52,2702400,DCM
2022-11-15 07:00:00,19.09,19.21,19.09,19.09,902900,DCM
2022-11-16 07:00:00,17.78,20.4,17.78,20.4,7226500,DCM
2022-11-17 07:00:00,20.79,21.29,20.02,20.64,2649300,DCM
2022-11-18 07:00:00,20.64,20.68,19.21,20.25,4968500,DCM
2022-11-21 07:00:00,20.25,20.6,19.01,19.67,4270200,DCM
2022-11-22 07:00:00,19.32,20.56,19.21,19.9,4829900,DCM
2022-11-23 07:00:00,19.98,20.37,19.79,19.94,2067700,DCM
2022-11-24 07:00:00,19.82,19.9,18.78,19.86,2573600,DCM
2022-11-25 07:00:00,20.1,20.21,19.56,20.17,3266500,DCM
2022-11-28 07:00:00,20.52,21.26,20.37,21.14,4095200,DCM
2022-11-29 07:00:00,21.18,22.34,20.71,22.26,5978500,DCM
2022-11-30 07:00:00,22.42,22.8,22.07,22.49,3712200,DCM
2022-12-01 07:00:00,22.72,22.8,21.26,21.49,6350900,DCM
2022-12-02 07:00:00,21.37,22.42,21.02,22.42,4129900,DCM
2022-12-05 07:00:00,22.68,22.84,22.03,22.26,4338700,DCM
2022-12-06 07:00:00,22.1,23.81,21.49,23.23,10598900,DCM
2022-12-07 07:00:00,23.19,23.73,22.42,22.49,3069100,DCM
2022-12-08 07:00:00,23.26,23.42,22.07,22.76,5269500,DCM
2022-12-09 07:00:00,22.68,22.68,22.07,22.1,2723400,DCM
2022-12-12 07:00:00,22.1,22.76,21.8,22.38,3079300,DCM
2022-12-13 07:00:00,22.38,22.57,22.03,22.57,2132500,DCM
2022-12-14 07:00:00,22.88,23.57,22.65,22.84,3469000,DCM
2022-12-15 07:00:00,22.88,23.11,22.42,22.57,1801400,DCM
2022-12-16 07:00:00,22.42,22.72,22.26,22.34,2266400,DCM
2022-12-19 07:00:00,22.34,22.88,22.18,22.18,2427800,DCM
2022-12-20 07:00:00,22.18,22.3,21.02,22.18,3995000,DCM
2022-12-21 07:00:00,22.18,22.34,20.87,20.87,1852600,DCM
2022-12-22 07:00:00,21.33,21.64,20.56,21.64,1668000,DCM
2022-12-23 07:00:00,21.33,21.64,20.87,21.49,1513900,DCM
2022-12-26 07:00:00,21.49,21.49,20.02,20.02,2369700,DCM
2022-12-27 07:00:00,19.79,20.4,19.63,20.4,1586800,DCM
2022-12-28 07:00:00,20.64,20.64,20.1,20.44,1145400,DCM
2022-12-29 07:00:00,20.06,20.4,19.86,20.06,1094300,DCM
2022-12-30 07:00:00,20.56,20.56,20.25,20.48,1476700,DCM
2023-01-03 07:00:00,20.48,21.37,20.29,21.06,2295800,DCM
2023-01-04 07:00:00,21.1,21.91,21.1,21.18,2285800,DCM
2023-01-05 07:00:00,21.56,21.56,20.91,21.02,1654300,DCM
2023-01-06 07:00:00,21.06,21.56,20.25,20.48,2777600,DCM
2023-01-09 07:00:00,20.52,21.1,20.52,20.6,1029800,DCM
2023-01-10 07:00:00,20.75,20.75,20.25,20.29,1490300,DCM
2023-01-11 07:00:00,20.44,20.56,20.25,20.25,1516900,DCM
2023-01-12 07:00:00,20.4,20.4,20.02,20.1,1563300,DCM
2023-01-13 07:00:00,20.33,20.48,19.82,19.94,2587300,DCM
2023-01-16 07:00:00,19.94,20.1,19.79,19.79,1505600,DCM
2023-01-17 07:00:00,19.86,20.29,19.71,20.29,1911300,DCM
2023-01-18 07:00:00,20.29,20.79,20.29,20.52,1903200,DCM
2023-01-19 07:00:00,20.44,20.79,20.25,20.64,2872500,DCM
2023-01-27 07:00:00,20.87,21.18,20.75,20.98,2834700,DCM
2023-01-30 07:00:00,21.1,21.41,20.71,21.18,3492600,DCM
2023-01-31 07:00:00,21.26,21.95,21.26,21.64,4947700,DCM
2023-02-01 07:00:00,21.99,21.99,20.48,20.6,4971300,DCM
2023-02-02 07:00:00,20.6,20.87,20.33,20.68,2493200,DCM
2023-02-03 07:00:00,20.68,21.02,20.4,20.6,1922200,DCM
2023-02-06 07:00:00,20.75,20.79,20.52,20.56,1637600,DCM
2023-02-07 07:00:00,20.68,20.79,20.1,20.1,2302300,DCM
2023-02-08 07:00:00,20.1,20.4,19.36,20.33,3297900,DCM
2023-02-09 07:00:00,20.33,20.4,19.94,20.02,1300700,DCM
2023-02-10 07:00:00,20.02,20.02,19.4,19.48,2154400,DCM
2023-02-13 07:00:00,19.48,20.02,19.21,19.25,2742300,DCM
2023-02-14 07:00:00,19.48,19.59,19.32,19.44,860100,DCM
2023-02-15 07:00:00,19.48,19.79,19.4,19.63,1046700,DCM
2023-02-16 07:00:00,19.71,19.94,19.56,19.63,2138300,DCM
2023-02-17 07:00:00,19.63,19.79,19.52,19.59,2033500,DCM
2023-02-20 07:00:00,19.56,20.25,19.56,20.17,4335400,DCM
2023-02-21 07:00:00,20.17,20.44,19.9,19.9,3579000,DCM
2023-02-22 07:00:00,19.86,19.86,19.17,19.17,3103200,DCM
2023-02-23 07:00:00,19.32,19.4,18.55,19.32,3008200,DCM
2023-02-24 07:00:00,19.32,19.75,18.94,19.05,1828800,DCM
2023-02-27 07:00:00,18.7,18.82,18.24,18.24,1510500,DCM
2023-02-28 07:00:00,18.63,18.7,17.58,18.16,2977600,DCM
2023-03-01 07:00:00,17.93,18.32,17.7,18.24,1989600,DCM
2023-03-02 07:00:00,18.47,18.78,18.32,18.55,1581700,DCM
2023-03-03 07:00:00,18.67,18.74,18.09,18.24,1518600,DCM
2023-03-06 07:00:00,18.55,18.55,17.82,17.93,2130500,DCM
2023-03-07 07:00:00,18.05,18.12,17.58,17.93,2827700,DCM
2023-03-08 07:00:00,17.85,17.89,17.43,17.89,1244000,DCM
2023-03-09 07:00:00,18.01,18.2,17.89,18.01,3982600,DCM
2023-03-10 07:00:00,18.01,18.59,17.93,18.36,3595000,DCM
2023-03-13 07:00:00,18.09,18.82,18.09,18.67,3871000,DCM
2023-03-14 07:00:00,18.7,18.78,18.24,18.32,2962100,DCM
2023-03-15 07:00:00,18.59,18.7,18.43,18.55,2609300,DCM
2023-03-16 07:00:00,18.28,18.51,18.01,18.09,1817000,DCM
2023-03-17 07:00:00,18.4,18.55,18.09,18.55,6927700,DCM
2023-03-20 07:00:00,18.55,19.09,18.32,19.01,3692700,DCM
2023-03-21 07:00:00,19.13,19.17,18.67,18.94,2889200,DCM
2023-03-22 07:00:00,19.05,19.4,18.94,19.13,4002900,DCM
2023-03-23 07:00:00,19.09,19.25,18.98,19.13,1739400,DCM
2023-03-24 07:00:00,19.25,19.25,18.74,18.74,3053900,DCM
2023-03-27 07:00:00,18.78,19.01,18.63,18.98,1475100,DCM
2023-03-28 07:00:00,19.17,19.17,18.86,18.86,2146300,DCM
2023-03-29 07:00:00,18.98,18.98,18.67,18.86,1165300,DCM
2023-03-30 07:00:00,18.86,19.01,18.59,18.63,2092300,DCM
2023-03-31 07:00:00,18.63,18.7,18.36,18.51,2379000,DCM
2023-04-03 07:00:00,18.63,18.78,18.47,18.59,4058800,DCM
2023-04-04 07:00:00,18.74,19.17,18.59,19.01,3718800,DCM
2023-04-05 07:00:00,18.98,19.48,18.86,19.21,3754100,DCM
2023-04-06 07:00:00,19.25,20.25,19.25,19.25,6695300,DCM
2023-04-07 07:00:00,19.63,19.63,19.17,19.21,2855300,DCM
2023-04-10 07:00:00,19.21,19.4,18.78,18.82,3240400,DCM
2023-04-11 07:00:00,18.94,19.17,18.82,18.98,2245000,DCM
2023-04-12 07:00:00,19.25,19.48,18.94,19.09,2961400,DCM
2023-04-13 07:00:00,19.25,19.79,19.13,19.48,4883700,DCM
2023-04-14 07:00:00,19.52,19.82,19.01,19.01,3608900,DCM
2023-04-17 07:00:00,19.09,19.13,18.7,18.78,2307900,DCM
2023-04-18 07:00:00,19.01,19.01,18.74,18.9,1253100,DCM
2023-04-19 07:00:00,18.9,19.13,18.7,18.82,2630500,DCM
2023-04-20 07:00:00,18.86,18.98,18.78,18.86,1575900,DCM
2023-04-21 07:00:00,18.94,18.98,18.4,18.4,3299900,DCM
2023-04-24 07:00:00,18.43,18.55,17.93,18.05,1871100,DCM
2023-04-25 07:00:00,18.09,18.32,17.97,18.05,1495200,DCM
2023-04-26 07:00:00,18.01,18.05,17.74,17.85,2430200,DCM
2023-04-27 07:00:00,17.97,18.55,17.97,18.28,1567800,DCM
2023-04-28 07:00:00,18.51,18.51,18.24,18.32,961600,DCM
2023-05-04 07:00:00,18.24,18.4,18.01,18.05,1444500,DCM
2023-05-05 07:00:00,18.01,18.16,17.89,17.89,1479300,DCM
2023-05-08 07:00:00,18.09,18.28,18.05,18.2,1738900,DCM
2023-05-09 07:00:00,18.24,18.4,18.24,18.32,1273400,DCM
2023-05-10 07:00:00,18.4,18.4,18.24,18.32,1595800,DCM
2023-05-11 07:00:00,18.24,19.01,18.24,18.82,3996900,DCM
2023-05-12 07:00:00,18.86,18.9,18.63,18.74,1697000,DCM
2023-05-15 07:00:00,18.9,18.9,18.43,18.43,2566000,DCM
2023-05-16 07:00:00,18.4,18.59,18.4,18.47,1640300,DCM
2023-05-17 07:00:00,18.63,18.94,18.43,18.47,3133900,DCM
2023-05-18 07:00:00,18.55,18.86,18.43,18.47,2052400,DCM
2023-05-19 07:00:00,18.4,18.47,18.2,18.2,3630200,DCM
2023-05-22 07:00:00,18.01,18.32,17.89,18.16,3152700,DCM
2023-05-23 07:00:00,18.32,18.55,18.32,18.43,2396200,DCM
2023-05-24 07:00:00,18.51,18.51,18.2,18.2,1373900,DCM
2023-05-25 07:00:00,18.24,18.24,18.05,18.09,1846000,DCM
2023-05-26 07:00:00,18.28,18.32,18.2,18.24,1341600,DCM
2023-05-29 07:00:00,18.32,18.36,18.2,18.36,1974400,DCM
2023-05-30 07:00:00,18.47,18.86,18.43,18.82,4675900,DCM
2023-05-31 07:00:00,18.86,18.94,18.67,18.78,3294900,DCM
2023-06-01 07:00:00,18.7,18.86,18.55,18.63,2728800,DCM
2023-06-02 07:00:00,18.74,19.25,18.67,19.09,4792700,DCM
2023-06-05 07:00:00,19.4,19.86,19.17,19.67,6010800,DCM
2023-06-06 07:00:00,19.67,19.9,19.44,19.63,3524800,DCM
2023-06-07 07:00:00,19.63,19.86,19.56,19.75,5447500,DCM
2023-06-08 07:00:00,19.94,19.98,19.25,19.25,4487400,DCM
2023-06-09 07:00:00,19.17,19.75,19.13,19.67,4644300,DCM
2023-06-12 07:00:00,19.79,20.25,19.67,19.98,4833400,DCM
2023-06-13 07:00:00,20.06,20.21,19.59,19.71,4679500,DCM
2023-06-14 07:00:00,19.79,19.94,19.44,19.48,4197900,DCM
2023-06-15 07:00:00,19.48,19.67,19.17,19.32,3399200,DCM
2023-06-16 07:00:00,19.48,19.82,19.25,19.25,4949200,DCM
2023-06-19 07:00:00,19.21,19.63,19.21,19.56,2684500,DCM
2023-06-20 07:00:00,19.56,19.79,19.44,19.75,2935500,DCM
2023-06-21 07:00:00,19.79,19.79,19.52,19.67,3437400,DCM
2023-06-22 07:00:00,19.79,20.48,19.71,20.48,9149100,DCM
2023-06-23 07:00:00,20.48,20.64,20.37,20.56,5008600,DCM
2023-06-26 07:00:00,20.64,20.95,20.48,20.79,8217700,DCM
2023-06-27 07:00:00,20.87,20.91,20.6,20.79,3626400,DCM
2023-06-28 07:00:00,20.79,21.22,20.68,20.95,5354500,DCM
2023-06-29 07:00:00,20.95,20.95,20.33,20.33,4547600,DCM
2023-06-30 07:00:00,20.33,20.52,20.25,20.4,2387500,DCM
2023-07-03 07:00:00,21.41,21.49,20.98,21.06,5716700,DCM
2023-07-04 07:00:00,21.1,21.14,20.87,21.14,3145200,DCM
2023-07-05 07:00:00,21.26,21.8,21.14,21.26,6209300,DCM
2023-07-06 07:00:00,21.29,21.33,20.64,20.98,4878600,DCM
2023-07-07 07:00:00,20.98,21.41,20.91,21.33,3721200,DCM
2023-07-10 07:00:00,21.64,21.84,21.41,21.49,5564800,DCM
2023-07-11 07:00:00,21.8,21.84,21.26,21.29,4021700,DCM
2023-07-12 07:00:00,21.49,21.84,21.26,21.68,4694800,DCM
2023-07-13 07:00:00,21.76,22.22,21.72,22.03,6097800,DCM
2023-07-14 07:00:00,22.03,22.14,21.6,21.95,4542600,DCM
2023-07-17 07:00:00,21.95,22.03,21.56,21.68,4640200,DCM
2023-07-18 07:00:00,22.14,22.34,21.99,22.22,6738100,DCM
2023-07-19 07:00:00,22.42,22.57,22.1,22.22,5425000,DCM
2023-07-20 07:00:00,22.3,22.49,22.18,22.49,3640600,DCM
2023-07-21 07:00:00,22.61,22.65,22.34,22.49,3234900,DCM
2023-07-24 07:00:00,22.53,22.8,22.42,22.61,4136900,DCM
2023-07-25 07:00:00,22.61,22.99,22.42,22.68,4288900,DCM
2023-07-26 07:00:00,22.68,23.15,22.65,22.88,4278500,DCM
2023-07-27 07:00:00,22.88,23.03,22.45,22.76,3871300,DCM
2023-07-28 07:00:00,22.8,23.81,22.61,23.57,6022300,DCM
2023-07-31 07:00:00,24.58,24.81,24.12,24.5,7604900,DCM
2023-08-01 07:00:00,24.73,25.2,24.46,24.5,6778800,DCM
2023-08-02 07:00:00,24.54,25.16,24.19,25.08,5101400,DCM
2023-08-03 07:00:00,25.04,25.66,25.0,25.66,5713200,DCM
2023-08-04 07:00:00,25.74,26.05,25.27,25.51,4804800,DCM
2023-08-07 07:00:00,25.85,25.85,25.31,25.51,4288200,DCM
2023-08-08 07:00:00,25.39,25.89,25.27,25.82,4150000,DCM
2023-08-09 07:00:00,25.74,25.82,25.43,25.58,2360000,DCM
2023-08-10 07:00:00,25.51,25.62,24.77,24.89,4837400,DCM
2023-08-11 07:00:00,24.89,25.7,24.81,25.43,4147300,DCM
2023-08-14 07:00:00,25.82,26.2,25.54,25.93,2751500,DCM
2023-08-15 07:00:00,26.2,26.24,25.78,25.78,2199700,DCM
2023-08-16 07:00:00,25.85,26.01,25.66,25.78,2362400,DCM
2023-08-17 07:00:00,25.78,25.82,25.39,25.39,3212400,DCM
2023-08-18 07:00:00,25.39,25.51,23.65,23.81,6291200,DCM
2023-08-21 07:00:00,24.0,25.08,24.0,24.93,3456500,DCM
2023-08-22 07:00:00,25.35,25.35,23.81,25.08,3628100,DCM
2023-08-23 07:00:00,25.16,25.27,24.66,24.85,2489400,DCM
2023-08-24 07:00:00,24.89,25.12,24.81,25.12,2787700,DCM
2023-08-25 07:00:00,25.12,25.35,24.89,25.12,3553200,DCM
2023-08-28 07:00:00,25.51,26.55,25.47,26.36,9305200,DCM
2023-08-29 07:00:00,26.27,26.86,25.72,25.93,5786000,DCM
2023-08-30 07:00:00,26.23,26.27,25.68,25.76,4901900,DCM
2023-08-31 07:00:00,25.76,26.27,25.76,26.27,3849400,DCM
2023-09-05 07:00:00,26.44,26.86,26.31,26.82,4955900,DCM
2023-09-06 07:00:00,27.29,27.67,27.08,27.2,5850500,DCM
2023-09-07 07:00:00,27.46,27.54,26.74,26.82,6352400,DCM
2023-09-08 07:00:00,28.56,28.69,28.39,28.69,5806900,DCM
2023-09-11 07:00:00,29.49,29.79,28.73,28.77,10654400,DCM
2023-09-12 07:00:00,28.77,29.11,28.05,29.11,5828100,DCM
2023-09-13 07:00:00,29.24,29.87,28.56,28.94,6598100,DCM
2023-09-14 07:00:00,28.94,29.2,28.43,28.48,4533700,DCM
2023-09-15 07:00:00,28.77,29.15,28.43,28.6,4202600,DCM
2023-09-18 07:00:00,28.6,29.03,28.22,28.56,2884400,DCM
2023-09-19 07:00:00,28.73,29.58,28.22,29.58,6284000,DCM
2023-09-20 07:00:00,29.58,30.26,29.49,29.54,4162000,DCM
2023-09-21 07:00:00,29.66,29.83,29.07,29.49,4354400,DCM
2023-09-22 07:00:00,28.69,29.28,27.71,28.56,4647500,DCM
2023-09-25 07:00:00,28.81,29.2,26.7,26.7,4567500,DCM
2023-09-26 07:00:00,26.27,27.76,26.27,26.7,4064800,DCM
2023-09-27 07:00:00,26.86,27.54,26.27,27.54,2679300,DCM
2023-09-28 07:00:00,27.58,28.09,27.5,27.8,3153100,DCM
2023-09-29 07:00:00,28.22,28.22,27.71,27.76,1884000,DCM
2023-10-02 07:00:00,28.39,29.11,28.22,28.6,3056100,DCM
2023-10-03 07:00:00,28.31,28.73,27.12,27.76,5862100,DCM
2023-10-04 07:00:00,27.54,29.66,27.37,29.66,11004300,DCM
2023-10-05 07:00:00,29.66,30.47,29.49,29.49,6187200,DCM
2023-10-06 07:00:00,29.62,29.96,29.24,29.83,4570800,DCM
2023-10-09 07:00:00,30.17,31.65,29.96,31.44,7215700,DCM
2023-10-10 07:00:00,31.86,31.86,30.85,30.85,5816900,DCM
2023-10-11 07:00:00,30.93,31.44,30.34,31.36,4583000,DCM
2023-10-12 07:00:00,31.36,31.74,30.42,30.81,6047000,DCM
2023-10-13 07:00:00,30.34,31.36,30.34,31.14,3757100,DCM
2023-10-16 07:00:00,31.23,32.12,30.89,31.4,6255500,DCM
2023-10-17 07:00:00,31.53,31.53,29.24,29.24,4328300,DCM
2023-10-18 07:00:00,29.58,29.83,27.2,28.14,8238300,DCM
2023-10-19 07:00:00,28.22,28.39,27.12,27.54,4944000,DCM
2023-10-20 07:00:00,27.54,28.39,27.37,28.35,3798300,DCM
2023-10-23 07:00:00,28.48,28.48,27.37,27.76,3484500,DCM
2023-10-24 07:00:00,27.54,27.71,25.98,26.86,10792200,DCM
2023-10-25 07:00:00,26.86,26.86,25.34,25.38,7789200,DCM
2023-10-26 07:00:00,24.92,25.0,23.64,23.64,8496600,DCM
2023-10-27 07:00:00,24.11,24.49,23.35,24.15,3202300,DCM
2023-10-30 07:00:00,23.98,23.98,22.88,22.88,3364700,DCM
2023-10-31 07:00:00,22.88,23.18,21.78,22.88,5731100,DCM
2023-11-01 07:00:00,22.88,23.73,22.71,23.73,2188500,DCM
2023-11-02 07:00:00,23.98,25.3,23.81,25.3,5760400,DCM
2023-11-03 07:00:00,25.42,25.42,24.49,24.83,4244600,DCM
2023-11-06 07:00:00,24.62,25.21,24.58,24.79,2557400,DCM
2023-11-07 07:00:00,24.75,25.85,24.36,25.08,4494400,DCM
2023-11-08 07:00:00,25.26,26.61,25.08,26.61,3635600,DCM
2023-11-09 07:00:00,26.44,26.95,26.36,26.48,4265600,DCM
2023-11-10 07:00:00,26.02,26.61,26.02,26.02,3574600,DCM
2023-11-13 07:00:00,26.02,26.44,25.34,25.85,2795900,DCM
2023-11-14 07:00:00,26.19,26.53,26.02,26.48,2889500,DCM
2023-11-15 07:00:00,27.04,27.12,26.23,26.36,3215700,DCM
2023-11-16 07:00:00,26.53,27.25,26.19,27.08,4283600,DCM
2023-11-17 07:00:00,27.12,27.29,25.85,26.31,4734400,DCM
2023-11-20 07:00:00,25.85,26.57,25.85,26.4,2666900,DCM
2023-11-21 07:00:00,26.74,27.12,26.53,27.12,3695900,DCM
2023-11-22 07:00:00,27.16,27.88,27.16,27.5,5161000,DCM
2023-11-23 07:00:00,27.63,27.84,26.48,26.48,4397400,DCM
2023-11-24 07:00:00,26.53,27.04,25.85,27.04,3554300,DCM
2023-11-27 07:00:00,26.95,27.2,26.4,26.44,1274700,DCM
2023-11-28 07:00:00,26.31,26.53,25.93,26.44,2220800,DCM
2023-11-29 07:00:00,26.65,26.74,26.44,26.74,2259600,DCM
2023-11-30 07:00:00,26.95,27.12,26.53,27.12,2943300,DCM
2023-12-01 07:00:00,27.12,27.46,26.86,27.12,2772000,DCM
2023-12-04 07:00:00,27.2,28.31,27.2,28.14,5257000,DCM
2023-12-05 07:00:00,28.22,28.39,27.8,27.84,3850000,DCM
2023-12-06 07:00:00,28.31,28.31,27.84,28.22,2771500,DCM
2023-12-07 07:00:00,28.39,28.39,27.2,27.58,4430800,DCM
2023-12-08 07:00:00,27.54,27.97,27.25,27.42,2022400,DCM
2023-12-11 07:00:00,27.5,27.84,27.46,27.5,1627100,DCM
2023-12-12 07:00:00,27.5,28.05,27.5,27.88,2408500,DCM
2023-12-13 07:00:00,27.88,28.22,27.12,27.54,2698100,DCM
2023-12-14 07:00:00,27.63,27.67,26.82,27.04,2477000,DCM
2023-12-15 07:00:00,27.04,27.29,26.7,26.7,2120400,DCM
2023-12-18 07:00:00,26.7,26.95,26.19,26.19,2407100,DCM
2023-12-19 07:00:00,26.36,26.44,25.68,26.4,1631600,DCM
2023-12-20 07:00:00,26.61,26.7,26.53,26.57,896200,DCM
2023-12-21 07:00:00,26.53,26.78,26.44,26.57,982600,DCM
2023-12-22 07:00:00,26.61,26.86,26.48,26.78,994600,DCM
2023-12-25 07:00:00,26.91,27.08,26.7,26.95,1689900,DCM
2023-12-26 07:00:00,26.95,27.5,26.95,27.5,2687600,DCM
2023-12-27 07:00:00,27.54,27.54,27.29,27.37,2429100,DCM
2023-12-28 07:00:00,27.37,27.37,26.95,26.99,3230000,DCM
2023-12-29 07:00:00,27.08,27.46,26.95,27.46,2088700,DCM
2024-01-02 07:00:00,27.42,28.05,27.42,27.42,3682900,DCM
2024-01-03 07:00:00,27.54,27.63,27.33,27.54,1698900,DCM
2024-01-04 07:00:00,27.76,28.09,27.42,27.42,5275200,DCM
2024-01-05 07:00:00,27.42,27.58,27.25,27.46,1415500,DCM
2024-01-08 07:00:00,27.58,27.76,27.33,27.33,2751700,DCM
2024-01-09 07:00:00,27.37,27.92,27.04,27.63,4569800,DCM
2024-01-10 07:00:00,27.63,27.92,27.33,27.37,2859300,DCM
2024-01-11 07:00:00,27.58,27.63,27.12,27.42,1934400,DCM
2024-01-12 07:00:00,27.2,27.2,26.4,26.7,4392000,DCM
2024-01-15 07:00:00,26.7,26.95,26.27,26.27,1758700,DCM
2024-01-16 07:00:00,26.31,26.48,26.14,26.48,1942400,DCM
2024-01-17 07:00:00,26.53,26.78,26.48,26.53,1842300,DCM
2024-01-18 07:00:00,26.53,26.61,26.23,26.44,1848400,DCM
2024-01-19 07:00:00,26.61,26.78,26.48,26.57,1694600,DCM
2024-01-22 07:00:00,26.7,26.7,26.36,26.44,1354100,DCM
2024-01-23 07:00:00,26.57,26.61,26.27,26.31,1900800,DCM
2024-01-24 07:00:00,26.27,26.44,26.19,26.19,1494900,DCM
2024-01-25 07:00:00,26.27,26.36,26.02,26.02,1155400,DCM
2024-01-26 07:00:00,26.02,26.48,26.02,26.19,1566000,DCM
2024-01-29 07:00:00,26.78,27.5,26.78,27.25,7549700,DCM
2024-01-30 07:00:00,27.37,27.37,26.95,27.2,2855700,DCM
2024-01-31 07:00:00,27.42,27.42,26.65,26.82,4227000,DCM
2024-02-01 07:00:00,26.78,27.5,26.78,27.37,3603900,DCM
2024-02-02 07:00:00,27.46,28.09,27.42,27.71,4904500,DCM
2024-02-05 07:00:00,27.8,27.88,27.5,27.58,2196600,DCM
2024-02-06 07:00:00,27.54,28.22,27.54,27.97,4959800,DCM
2024-02-07 07:00:00,28.31,29.24,28.22,28.81,6638500,DCM
2024-02-15 07:00:00,29.15,29.15,28.56,28.81,3340500,DCM
2024-02-16 07:00:00,28.81,29.15,28.43,28.73,5265000,DCM
2024-02-19 07:00:00,28.9,29.54,28.56,29.07,6808500,DCM
2024-02-20 07:00:00,29.32,29.32,28.69,29.03,3989100,DCM
2024-02-21 07:00:00,28.81,29.45,28.81,29.32,5980300,DCM
2024-02-22 07:00:00,29.28,29.54,29.15,29.15,3373300,DCM
2024-02-23 07:00:00,29.15,29.2,27.54,27.97,11961900,DCM
2024-02-26 07:00:00,28.01,28.94,27.8,28.52,4769500,DCM
2024-02-27 07:00:00,28.56,28.81,28.35,28.52,2660400,DCM
2024-02-28 07:00:00,28.69,29.58,28.64,28.86,7549100,DCM
2024-02-29 07:00:00,28.98,29.15,28.48,28.6,3078300,DCM
2024-03-01 07:00:00,28.56,29.03,28.31,28.98,6312500,DCM
2024-03-04 07:00:00,29.24,29.32,28.94,29.03,5771600,DCM
2024-03-05 07:00:00,29.07,29.58,29.03,29.15,4850600,DCM
2024-03-06 07:00:00,29.24,29.24,28.6,28.98,4134200,DCM
2024-03-07 07:00:00,28.98,29.92,28.69,29.49,7492000,DCM
2024-03-08 07:00:00,29.83,30.76,29.62,30.42,11193600,DCM
2024-03-11 07:00:00,30.42,30.93,29.45,29.96,4931500,DCM
2024-03-12 07:00:00,30.04,30.3,29.49,29.66,5741000,DCM
2024-03-13 07:00:00,30.08,31.1,29.66,30.81,8408700,DCM
2024-03-14 07:00:00,30.85,30.98,30.08,30.3,5945500,DCM
2024-03-15 07:00:00,30.26,30.51,29.96,30.08,4699600,DCM
2024-03-18 07:00:00,30.13,30.34,28.39,28.9,9159700,DCM
2024-03-19 07:00:00,29.15,29.2,28.69,28.81,3452300,DCM
2024-03-20 07:00:00,28.98,29.32,28.64,29.11,3043300,DCM
2024-03-21 07:00:00,29.32,29.66,29.2,29.45,3592200,DCM
2024-03-22 07:00:00,29.79,29.83,29.24,29.66,3882900,DCM
2024-03-25 07:00:00,29.92,30.0,29.11,29.2,3223200,DCM
2024-03-26 07:00:00,29.49,29.96,29.24,29.75,2643600,DCM
2024-03-27 07:00:00,29.96,29.96,29.62,29.79,2328800,DCM
2024-03-28 07:00:00,29.96,30.26,29.66,30.13,4660800,DCM
2024-03-29 07:00:00,30.26,30.34,29.75,29.79,1895900,DCM
2024-04-01 07:00:00,29.79,29.83,29.24,29.28,4246600,DCM
2024-04-02 07:00:00,29.36,29.58,29.03,29.45,2746100,DCM
2024-04-03 07:00:00,29.58,30.85,29.58,30.08,8687100,DCM
2024-04-04 07:00:00,30.47,30.47,29.58,30.0,3425200,DCM
2024-04-05 07:00:00,29.7,29.92,29.07,29.07,3189300,DCM
2024-04-08 07:00:00,29.15,29.24,28.39,28.39,3250100,DCM
2024-04-09 07:00:00,28.48,28.64,28.14,28.6,2167900,DCM
2024-04-10 07:00:00,28.73,28.73,28.31,28.31,1465800,DCM
2024-04-11 07:00:00,28.14,28.39,27.8,28.31,2107800,DCM
2024-04-12 07:00:00,28.39,28.48,28.18,28.43,1616200,DCM
2024-04-15 07:00:00,28.56,29.07,26.48,26.53,3243600,DCM
2024-04-16 07:00:00,26.7,26.86,26.02,26.82,3524900,DCM
2024-04-17 07:00:00,27.08,27.12,26.36,26.48,1694400,DCM
2024-04-19 07:00:00,26.14,26.61,25.3,25.85,3021100,DCM
2024-04-22 07:00:00,26.27,26.27,25.81,25.93,1585300,DCM
2024-04-23 07:00:00,26.02,26.23,25.42,25.51,1889400,DCM
2024-04-24 07:00:00,25.85,26.27,25.64,26.27,1925000,DCM
2024-04-25 07:00:00,26.1,26.27,25.81,25.98,960000,DCM
2024-04-26 07:00:00,25.55,26.36,25.55,26.02,1924400,DCM
2024-05-02 07:00:00,26.1,27.16,26.1,27.16,3002900,DCM
2024-05-03 07:00:00,27.37,27.37,26.78,27.12,1991900,DCM
2024-05-06 07:00:00,27.2,27.8,27.12,27.8,2776500,DCM
2024-05-07 07:00:00,27.88,28.64,27.8,28.22,4871800,DCM
2024-05-08 07:00:00,27.97,29.32,27.58,28.94,6823700,DCM
2024-05-09 07:00:00,29.36,29.58,28.77,28.98,4236200,DCM
2024-05-10 07:00:00,28.98,29.49,28.39,29.28,3784000,DCM
2024-05-13 07:00:00,29.49,29.49,28.73,29.07,2271700,DCM
2024-05-14 07:00:00,29.28,29.28,28.73,29.15,2194500,DCM
2024-05-15 07:00:00,29.32,30.76,29.03,30.68,10753600,DCM
2024-05-16 07:00:00,30.93,31.48,30.59,31.44,8558500,DCM
2024-05-17 07:00:00,31.31,31.91,30.98,31.61,4962000,DCM
2024-05-20 07:00:00,32.2,32.2,31.23,31.23,4192100,DCM
2024-05-21 07:00:00,31.23,33.01,30.93,32.88,10015300,DCM
2024-05-22 07:00:00,33.05,33.26,32.25,32.84,4071800,DCM
2024-05-23 07:00:00,32.84,33.73,32.46,33.14,5073900,DCM
2024-05-24 07:00:00,32.67,32.97,30.98,32.03,9127000,DCM
2024-05-27 07:00:00,32.37,33.05,31.7,32.54,4721400,DCM
2024-05-28 07:00:00,32.58,32.8,32.37,32.63,3537100,DCM
2024-05-29 07:00:00,32.8,33.35,31.91,32.2,9376300,DCM
2024-05-30 07:00:00,31.61,31.99,30.93,31.95,10134000,DCM
2024-05-31 07:00:00,31.86,32.16,31.57,31.82,3245600,DCM
2024-06-03 07:00:00,32.08,33.94,31.82,32.97,10790200,DCM
2024-06-04 07:00:00,32.97,33.18,32.5,32.71,4295300,DCM
2024-06-05 07:00:00,32.88,32.97,31.99,32.2,6105600,DCM
2024-06-06 07:00:00,32.2,32.84,32.03,32.5,4200100,DCM
2024-06-07 07:00:00,32.88,33.69,32.58,33.14,9058900,DCM
2024-06-10 07:00:00,33.48,33.48,32.71,32.84,3595200,DCM
2024-06-11 07:00:00,33.14,33.9,33.01,33.26,6790100,DCM
2024-06-12 07:00:00,33.52,33.77,32.8,33.43,4158900,DCM
2024-06-13 07:00:00,33.52,33.77,33.01,33.05,4388500,DCM
2024-06-14 07:00:00,33.09,33.31,31.78,31.78,9203900,DCM
2024-06-17 07:00:00,31.82,32.37,31.82,32.03,4578500,DCM
2024-06-18 07:00:00,32.2,32.8,32.2,32.58,2921700,DCM
2024-06-19 07:00:00,32.8,34.45,32.76,33.31,9192900,DCM
2024-06-20 07:00:00,33.73,33.73,32.84,33.31,3625600,DCM
2024-06-21 07:00:00,33.39,33.94,33.14,33.26,5453600,DCM
2024-06-24 07:00:00,33.04,33.44,31.61,31.92,7069000,DCM
2024-06-25 07:00:00,32.1,32.42,31.7,32.37,2855300,DCM
2024-06-26 07:00:00,32.37,32.86,31.97,32.86,2775600,DCM
2024-06-27 07:00:00,33.04,33.84,32.91,33.4,5446000,DCM
2024-06-28 07:00:00,33.22,33.4,32.01,32.15,3711100,DCM
2024-07-01 07:00:00,32.24,32.73,31.97,32.68,1835400,DCM
2024-07-02 07:00:00,33.22,33.71,32.95,33.08,4762000,DCM
2024-07-03 07:00:00,33.4,34.47,33.04,33.49,7875200,DCM
2024-07-04 07:00:00,33.58,33.98,32.95,33.26,4420600,DCM
2024-07-05 07:00:00,33.58,34.2,33.17,33.49,4539700,DCM
2024-07-08 07:00:00,33.98,35.81,33.98,35.81,17247700,DCM
2024-07-09 07:00:00,36.43,37.33,35.99,36.08,5803600,DCM
2024-07-10 07:00:00,36.08,36.88,35.81,36.34,7619200,DCM
2024-07-11 07:00:00,36.61,36.61,35.01,35.01,9764400,DCM
2024-07-12 07:00:00,35.01,35.58,34.74,35.54,5684500,DCM
2024-07-15 07:00:00,35.63,35.94,34.65,35.18,4204100,DCM
2024-07-16 07:00:00,35.23,35.58,34.83,34.92,3358100,DCM
2024-07-17 07:00:00,35.23,35.23,32.5,33.04,10986000,DCM
2024-07-18 07:00:00,33.31,34.11,32.95,34.02,5161600,DCM
2024-07-19 07:00:00,33.93,33.93,33.13,33.31,3145900,DCM
2024-07-22 07:00:00,33.04,33.31,31.74,32.15,6051400,DCM
2024-07-23 07:00:00,32.24,32.55,31.25,31.3,4528800,DCM
2024-07-24 07:00:00,30.94,32.37,30.45,31.92,3731300,DCM
2024-07-25 07:00:00,31.79,32.19,31.61,31.92,2143700,DCM
2024-07-26 07:00:00,32.15,32.55,31.84,32.42,2917300,DCM
2024-07-29 07:00:00,32.73,34.02,32.55,33.89,7820700,DCM
2024-07-30 07:00:00,34.02,34.02,33.13,33.66,3320800,DCM
2024-07-31 07:00:00,33.66,33.93,33.13,33.13,3667800,DCM
2024-08-01 07:00:00,33.4,33.4,31.61,31.84,6053400,DCM
2024-08-02 07:00:00,31.7,32.91,31.08,32.91,4117300,DCM
2024-08-05 07:00:00,32.15,32.5,30.67,30.81,5446100,DCM
2024-08-06 07:00:00,31.39,31.79,30.85,31.7,3177100,DCM
2024-08-07 07:00:00,31.7,32.55,31.34,32.33,4118700,DCM
2024-08-08 07:00:00,31.7,32.5,31.52,31.88,2845700,DCM
2024-08-09 07:00:00,32.5,32.73,32.1,32.42,3404400,DCM
2024-08-12 07:00:00,32.59,33.22,32.42,32.82,3233600,DCM
2024-08-13 07:00:00,32.82,33.13,32.28,32.55,2752300,DCM
2024-08-14 07:00:00,32.68,33.62,32.55,32.59,5039900,DCM
2024-08-15 07:00:00,32.59,32.59,31.84,31.97,3494100,DCM
2024-08-16 07:00:00,32.06,33.53,32.06,33.31,6194200,DCM
2024-08-19 07:00:00,33.49,33.89,33.17,33.71,5637000,DCM
2024-08-20 07:00:00,33.71,34.11,33.44,33.8,4748900,DCM
2024-08-21 07:00:00,33.93,34.6,33.49,33.49,6185400,DCM
2024-08-22 07:00:00,33.58,33.66,33.22,33.31,3039600,DCM
2024-08-23 07:00:00,33.31,33.89,33.26,33.49,2969200,DCM
2024-08-26 07:00:00,33.71,33.76,32.86,32.86,4220900,DCM
2024-08-27 07:00:00,33.04,33.17,32.77,33.17,2382200,DCM
2024-08-28 07:00:00,33.22,33.4,32.95,33.08,2673700,DCM
2024-08-29 07:00:00,33.13,33.58,33.08,33.4,2807500,DCM
2024-08-30 07:00:00,33.49,33.89,33.13,33.4,3563000,DCM
2024-09-04 07:00:00,32.91,33.35,32.82,33.08,2463900,DCM
2024-09-05 07:00:00,33.26,33.4,32.5,32.59,2989900,DCM
2024-09-06 07:00:00,32.59,33.4,32.46,33.35,3776000,DCM
2024-09-09 07:00:00,33.08,33.31,32.95,33.17,1554800,DCM
2024-09-10 07:00:00,33.4,33.76,33.04,33.04,4113000,DCM
2024-09-11 07:00:00,33.04,33.4,32.73,33.31,1950000,DCM
2024-09-12 07:00:00,33.49,34.51,33.4,33.76,9390800,DCM
2024-09-13 07:00:00,33.8,34.29,33.58,34.07,2800100,DCM
2024-09-16 07:00:00,34.38,34.6,33.44,33.49,5818300,DCM
2024-09-17 07:00:00,33.66,33.89,33.08,33.89,4043700,DCM
2024-09-18 07:00:00,33.89,33.93,33.58,33.76,3910400,DCM
2024-09-19 07:00:00,33.93,33.93,33.31,33.66,3948100,DCM
2024-09-20 07:00:00,33.84,34.38,33.71,33.84,4433400,DCM
2024-09-23 07:00:00,33.93,34.47,33.84,34.02,4707300,DCM
2024-09-24 07:00:00,34.02,34.34,33.98,34.16,2058400,DCM
2024-09-25 07:00:00,34.34,34.96,34.07,34.96,7521100,DCM
2024-09-26 07:00:00,35.05,35.5,34.38,34.47,5338500,DCM
2024-09-27 07:00:00,34.51,34.65,34.07,34.16,4584500,DCM
2024-09-30 07:00:00,34.11,34.42,33.84,34.38,2880900,DCM
2024-10-01 07:00:00,34.29,34.78,34.16,34.16,4020500,DCM
2024-10-02 07:00:00,34.11,34.51,34.07,34.34,2957800,DCM
2024-10-03 07:00:00,34.47,34.65,33.66,33.8,4944100,DCM
2024-10-04 07:00:00,33.93,34.02,33.66,33.66,2104800,DCM
2024-10-07 07:00:00,33.93,33.98,33.58,33.62,1941700,DCM
2024-10-08 07:00:00,33.62,33.76,33.31,33.53,2708400,DCM
2024-10-09 07:00:00,33.71,34.16,33.58,34.16,2567100,DCM
2024-10-10 07:00:00,34.16,34.42,33.76,33.76,2653000,DCM
2024-10-11 07:00:00,33.84,33.89,33.62,33.89,1729100,DCM
2024-10-14 07:00:00,34.2,34.2,33.71,33.84,2687500,DCM
2024-10-15 07:00:00,33.84,34.11,33.58,33.58,2229600,DCM
2024-10-16 07:00:00,33.76,33.76,32.73,32.86,5334500,DCM
2024-10-17 07:00:00,32.95,33.04,32.42,33.0,2940600,DCM
2024-10-18 07:00:00,33.17,33.26,33.0,33.0,1713300,DCM
2024-10-21 07:00:00,33.0,33.0,32.33,32.5,1585900,DCM
2024-10-22 07:00:00,32.68,33.04,32.24,32.5,2240400,DCM
2024-10-23 07:00:00,32.46,32.77,32.33,32.59,1047700,DCM
2024-10-24 07:00:00,32.59,33.13,32.59,32.68,2063000,DCM
2024-10-25 07:00:00,32.77,33.22,32.68,32.68,1759400,DCM
2024-10-28 07:00:00,32.73,33.4,32.59,33.4,2076700,DCM
2024-10-29 07:00:00,33.53,34.02,33.49,34.02,5266600,DCM
2024-10-30 07:00:00,34.02,34.02,33.49,33.58,1817500,DCM
2024-10-31 07:00:00,33.58,33.62,33.4,33.53,1370500,DCM
2024-11-01 07:00:00,33.44,33.49,32.91,32.91,1891900,DCM
2024-11-04 07:00:00,33.04,33.04,32.15,32.24,3276700,DCM
2024-11-05 07:00:00,32.33,32.46,32.19,32.42,1306200,DCM
2024-11-06 07:00:00,32.5,33.22,32.5,33.22,1624100,DCM
2024-11-07 07:00:00,33.44,33.44,32.77,32.82,1810600,DCM
2024-11-08 07:00:00,32.95,33.0,32.59,32.77,1173900,DCM
2024-11-11 07:00:00,32.77,33.4,32.59,33.35,3331400,DCM
2024-11-12 07:00:00,33.31,33.89,33.22,33.22,2683300,DCM
2024-11-13 07:00:00,33.31,33.89,32.95,33.76,3967000,DCM
2024-11-14 07:00:00,33.76,34.11,33.4,33.4,4227000,DCM
2024-11-15 07:00:00,33.26,33.4,32.64,32.68,3199300,DCM
2024-11-18 07:00:00,32.86,32.95,32.42,32.82,1917800,DCM
2024-11-19 07:00:00,32.82,33.26,32.5,32.5,1611100,DCM
2024-11-20 07:00:00,32.5,33.0,31.7,32.68,2181700,DCM
2024-11-21 07:00:00,32.73,33.4,32.59,33.4,2168000,DCM
2024-11-22 07:00:00,33.4,34.11,33.35,33.84,6638300,DCM
2024-11-25 07:00:00,33.93,34.34,33.66,33.66,2540700,DCM
2024-11-26 07:00:00,34.02,34.29,33.66,33.98,4848100,DCM
2024-11-27 07:00:00,34.38,34.47,32.91,33.0,9144800,DCM
2024-11-28 07:00:00,33.22,33.35,32.91,33.0,2881100,DCM
2024-11-29 07:00:00,33.04,33.13,32.73,32.95,3753900,DCM
2024-12-02 07:00:00,33.08,33.22,32.68,33.08,2754900,DCM
2024-12-03 07:00:00,33.08,33.4,33.04,33.04,1845400,DCM
2024-12-04 07:00:00,32.91,33.17,32.64,32.77,2152500,DCM
2024-12-05 07:00:00,32.95,33.4,32.64,33.31,2735900,DCM
2024-12-06 07:00:00,33.22,34.29,33.22,33.44,6712700,DCM
2024-12-09 07:00:00,33.44,33.53,33.26,33.35,2124800,DCM
2024-12-10 07:00:00,33.35,33.62,33.13,33.31,2125800,DCM
2024-12-11 07:00:00,33.35,33.44,32.95,32.95,2749500,DCM
2024-12-12 07:00:00,32.95,33.17,32.82,32.95,2552100,DCM
2024-12-13 07:00:00,32.86,33.22,32.82,32.86,1443000,DCM
2024-12-16 07:00:00,32.86,32.86,32.59,32.68,2783000,DCM
2024-12-17 07:00:00,32.86,32.95,32.42,32.5,2494500,DCM
2024-12-18 07:00:00,32.5,32.64,32.28,32.5,2643800,DCM
2024-12-19 07:00:00,32.33,32.82,32.1,32.46,3009200,DCM
2024-12-20 07:00:00,32.46,32.64,32.37,32.37,2108300,DCM
2024-12-23 07:00:00,32.55,32.59,32.33,32.55,1791000,DCM
2024-12-24 07:00:00,32.5,32.95,32.37,32.86,3136600,DCM
2024-12-25 07:00:00,32.95,33.13,32.68,32.73,2359200,DCM
2024-12-26 07:00:00,32.64,32.77,32.42,32.46,2392500,DCM
2024-12-27 07:00:00,32.55,32.82,32.28,32.42,2717300,DCM
2024-12-30 07:00:00,32.46,32.64,32.37,32.37,1156000,DCM
2024-12-31 07:00:00,32.42,32.5,31.79,31.79,5066500,DCM
2025-01-02 07:00:00,31.79,32.01,31.74,31.84,1277500,DCM
2025-01-03 07:00:00,31.97,31.97,31.39,31.39,2019800,DCM
2025-01-06 07:00:00,31.39,31.52,30.67,30.81,2799700,DCM
2025-01-07 07:00:00,31.08,31.08,30.54,30.72,1480000,DCM
2025-01-08 07:00:00,30.85,30.99,30.63,30.9,1073900,DCM
2025-01-09 07:00:00,30.9,30.99,30.41,30.5,1537400,DCM
2025-01-10 07:00:00,30.5,30.54,29.33,29.38,3115200,DCM
2025-01-13 07:00:00,29.33,29.92,29.02,29.92,2456300,DCM
2025-01-14 07:00:00,29.92,30.05,29.78,30.0,1050500,DCM
2025-01-15 07:00:00,30.0,30.05,29.65,30.0,1299900,DCM
2025-01-16 07:00:00,30.05,30.23,29.92,29.92,1108500,DCM
2025-01-17 07:00:00,30.0,30.18,29.82,30.09,897200,DCM
2025-01-20 07:00:00,30.18,30.18,29.87,29.96,850200,DCM
2025-01-21 07:00:00,29.92,30.05,29.82,29.87,897800,DCM
2025-01-22 07:00:00,29.92,29.92,29.29,29.29,1576000,DCM
2025-01-23 07:00:00,29.56,29.87,29.47,29.78,884900,DCM
2025-01-24 07:00:00,29.82,30.14,29.78,29.92,1124200,DCM
2025-02-03 07:00:00,29.92,30.54,29.82,30.32,1566400,DCM
2025-02-04 07:00:00,30.58,30.9,30.58,30.9,1860400,DCM
2025-02-05 07:00:00,31.08,31.21,30.9,31.16,1855100,DCM
2025-02-06 07:00:00,31.25,31.34,30.9,31.08,1417200,DCM
2025-02-07 07:00:00,31.08,31.16,30.9,30.94,876200,DCM
2025-02-10 07:00:00,30.94,30.94,30.45,30.45,2311200,DCM
2025-02-11 07:00:00,30.27,30.94,30.27,30.9,1236200,DCM
2025-02-12 07:00:00,30.99,31.34,30.72,31.21,2414800,DCM
2025-02-13 07:00:00,31.34,32.5,31.3,32.42,7122900,DCM
2025-02-14 07:00:00,32.42,32.46,32.06,32.15,2026400,DCM
2025-02-17 07:00:00,32.15,32.64,31.88,31.92,3006500,DCM
2025-02-18 07:00:00,31.97,32.1,31.7,31.88,1428100,DCM
2025-02-19 07:00:00,31.97,32.24,31.88,32.01,1711200,DCM
2025-02-20 07:00:00,32.06,32.33,31.84,32.06,2428300,DCM
2025-02-21 07:00:00,32.06,32.19,31.92,32.06,1347200,DCM
2025-02-24 07:00:00,32.1,32.1,31.66,31.79,1838600,DCM
2025-02-25 07:00:00,32.06,32.33,31.79,32.06,2196100,DCM
2025-02-26 07:00:00,32.37,32.68,31.97,32.01,2487300,DCM
2025-02-27 07:00:00,32.01,32.06,31.43,31.84,2953200,DCM
2025-02-28 07:00:00,31.97,32.01,31.57,31.57,1745100,DCM
2025-03-03 07:00:00,31.74,32.01,31.57,31.7,1079600,DCM
2025-03-04 07:00:00,31.7,31.97,31.43,31.57,1860800,DCM
2025-03-05 07:00:00,31.57,31.74,31.25,31.25,1456500,DCM
2025-03-06 07:00:00,31.34,31.57,31.16,31.39,2437500,DCM
2025-03-07 07:00:00,31.7,31.97,31.43,31.52,2232800,DCM
2025-03-10 07:00:00,31.57,31.66,31.21,31.25,2593900,DCM
2025-03-11 07:00:00,31.03,31.52,30.81,31.08,3253900,DCM
2025-03-12 07:00:00,31.16,31.39,30.94,31.03,1401500,DCM
2025-03-13 07:00:00,31.08,31.16,30.5,30.54,2436500,DCM
2025-03-14 07:00:00,30.72,30.72,30.18,30.32,2696600,DCM
2025-03-17 07:00:00,30.45,30.45,30.23,30.27,1787500,DCM
2025-03-18 07:00:00,30.27,30.67,30.27,30.36,1480400,DCM
2025-03-19 07:00:00,30.54,30.81,30.41,30.54,1609500,DCM
2025-03-20 07:00:00,30.63,30.67,30.41,30.58,938200,DCM
2025-03-21 07:00:00,30.58,30.58,30.36,30.36,1176400,DCM
2025-03-24 07:00:00,30.63,30.63,30.23,30.32,1153200,DCM
2025-03-25 07:00:00,30.36,30.54,30.27,30.41,1034800,DCM
2025-03-26 07:00:00,30.54,30.58,30.23,30.36,976200,DCM
2025-03-27 07:00:00,30.36,30.36,30.14,30.14,1263800,DCM
2025-03-28 07:00:00,30.18,30.54,30.05,30.05,1468900,DCM
2025-03-31 07:00:00,29.96,30.0,29.51,29.51,2842300,DCM
2025-04-01 07:00:00,29.65,29.96,29.56,29.56,701900,DCM
2025-04-02 07:00:00,29.74,29.82,29.51,29.51,931500,DCM
2025-04-03 07:00:00,27.46,28.4,27.46,27.46,3523100,DCM
2025-04-04 07:00:00,25.54,26.34,25.54,25.54,6014400,DCM
2025-04-08 07:00:00,24.02,24.65,23.75,23.75,3272500,DCM
2025-04-09 07:00:00,22.1,25.0,22.1,22.5,6425400,DCM
2025-04-10 07:00:00,24.07,24.07,24.07,24.07,111000,DCM
2025-04-11 07:00:00,25.72,25.72,24.91,25.72,4502800,DCM
2025-04-14 07:00:00,26.08,27.5,26.08,27.5,4767400,DCM
2025-04-15 07:00:00,27.5,27.95,26.92,27.68,3396400,DCM
2025-04-16 07:00:00,27.73,27.82,27.46,27.64,2288900,DCM
2025-04-17 07:00:00,27.32,27.68,27.01,27.68,1958100,DCM
2025-04-18 07:00:00,27.68,28.13,27.5,27.55,2146800,DCM
2025-04-21 07:00:00,28.0,28.0,27.41,27.68,1569800,DCM
2025-04-22 07:00:00,27.55,28.13,25.76,27.46,3317600,DCM
2025-04-23 07:00:00,27.86,28.35,27.37,28.13,3328100,DCM
2025-04-24 07:00:00,28.4,28.49,27.86,28.08,1532900,DCM
2025-04-25 07:00:00,28.4,28.53,28.08,28.44,2208300,DCM
2025-04-28 07:00:00,28.8,29.29,28.58,29.02,1924600,DCM
2025-04-29 07:00:00,28.93,29.2,28.66,28.84,1502500,DCM
2025-05-05 07:00:00,29.11,30.54,29.07,30.27,3431800,DCM
2025-05-06 07:00:00,30.36,30.76,30.05,30.18,2214000,DCM
2025-05-07 07:00:00,30.45,31.25,30.45,30.54,2288700,DCM
2025-05-08 07:00:00,30.54,30.72,29.96,30.36,2262400,DCM
2025-05-09 07:00:00,30.36,30.45,30.0,30.18,1681900,DCM
2025-05-12 07:00:00,30.14,30.23,29.74,30.23,2052400,DCM
2025-05-13 07:00:00,30.54,30.54,30.0,30.0,3072800,DCM
2025-05-14 07:00:00,30.0,30.5,29.82,30.14,2151100,DCM
2025-05-15 07:00:00,30.18,30.63,30.09,30.18,2331000,DCM
2025-05-16 07:00:00,30.27,30.45,29.92,29.92,1549900,DCM
2025-05-19 07:00:00,29.82,30.45,29.51,29.69,1943200,DCM
2025-05-20 07:00:00,29.87,29.92,29.6,29.78,1149300,DCM
2025-05-21 07:00:00,29.87,29.87,29.24,29.42,2639100,DCM
2025-05-22 07:00:00,29.38,30.32,29.29,30.0,3327400,DCM
2025-05-23 07:00:00,30.05,30.99,30.05,30.76,5312900,DCM
2025-05-26 07:00:00,30.81,31.16,30.05,31.03,3402300,DCM
2025-05-27 07:00:00,31.16,31.21,30.36,30.67,3478300,DCM
2025-05-28 07:00:00,30.67,30.94,30.23,30.27,3025000,DCM
2025-05-29 07:00:00,30.32,30.45,30.0,30.0,2084200,DCM
2025-05-30 07:00:00,29.78,30.09,29.47,29.56,2823800,DCM
2025-06-02 07:00:00,29.56,30.14,29.38,30.14,2831700,DCM
2025-06-03 07:00:00,30.23,31.48,30.23,31.3,8260500,DCM
2025-06-04 07:00:00,31.43,31.43,30.81,30.9,2869900,DCM
2025-06-05 07:00:00,30.81,31.12,30.81,30.94,2319900,DCM
2025-06-06 07:00:00,31.12,31.12,30.14,30.14,4350000,DCM
2025-06-09 07:00:00,30.0,30.27,29.82,29.82,2429000,DCM
2025-06-10 07:00:00,29.78,30.63,29.78,30.14,2464700,DCM
2025-06-11 07:00:00,30.36,30.72,30.0,30.09,1973300,DCM
2025-06-12 07:00:00,30.27,30.67,30.23,30.54,3083000,DCM
2025-06-13 07:00:00,30.18,31.16,30.09,30.45,4955000,DCM
2025-06-16 07:00:00,30.94,31.92,30.94,31.48,5311700,DCM
2025-06-17 07:00:00,31.79,32.46,31.25,32.46,9985800,DCM
2025-06-18 07:00:00,32.77,32.86,32.24,32.5,4622100,DCM
2025-06-19 07:00:00,32.77,33.04,32.33,32.68,5315400,DCM
2025-06-20 07:00:00,32.95,33.0,32.37,32.5,3766200,DCM
2025-06-23 07:00:00,33.04,33.58,32.5,32.86,6641900,DCM
2025-06-24 07:00:00,32.5,32.5,32.19,32.46,5708300,DCM
2025-06-25 07:00:00,32.28,32.46,31.92,32.06,4700700,DCM
2025-06-26 07:00:00,32.24,32.42,31.97,32.19,3225200,DCM
2025-06-27 07:00:00,32.33,32.62,31.72,31.81,4316300,DCM
2025-06-30 07:00:00,31.86,32.15,31.62,31.86,3730000,DCM
2025-07-01 07:00:00,31.91,32.19,31.58,31.62,2975800,DCM
2025-07-02 07:00:00,31.67,32.05,31.58,31.86,3033300,DCM
2025-07-03 07:00:00,31.86,32.1,31.48,31.72,3390000,DCM
2025-07-04 07:00:00,31.91,31.91,31.58,31.58,3473600,DCM
2025-07-07 07:00:00,31.77,32.24,31.72,31.91,4062000,DCM
2025-07-08 07:00:00,31.91,32.24,31.81,31.96,3993500,DCM
2025-07-09 07:00:00,32.1,32.48,32.0,32.38,7789000,DCM
2025-07-10 07:00:00,32.66,32.71,32.24,32.33,2661100,DCM
2025-07-11 07:00:00,32.38,32.48,31.72,31.96,5492700,DCM
2025-07-14 07:00:00,32.0,32.24,31.67,32.19,3218400,DCM
2025-07-15 07:00:00,32.29,32.9,32.15,32.33,6364100,DCM
2025-07-16 07:00:00,32.24,32.71,32.24,32.43,2967500,DCM
2025-07-17 07:00:00,32.62,32.66,31.96,32.19,5548400,DCM
2025-07-18 07:00:00,32.38,32.38,31.81,31.96,3851600,DCM
2025-07-21 07:00:00,32.1,32.71,32.0,32.57,6429100,DCM
2025-07-22 07:00:00,32.62,33.56,32.62,33.28,7974300,DCM
2025-07-23 07:00:00,33.56,33.85,33.18,33.75,8421400,DCM
2025-07-24 07:00:00,33.75,33.75,32.9,33.28,6394000,DCM
2025-07-25 07:00:00,33.37,34.22,33.23,33.66,6382900,DCM
2025-07-28 07:00:00,34.03,34.03,33.61,33.75,4852200,DCM
2025-07-29 07:00:00,34.27,35.83,33.75,33.94,14461700,DCM
2025-07-30 07:00:00,34.51,35.08,34.08,34.37,6943200,DCM
2025-07-31 07:00:00,34.93,34.93,33.66,33.89,5589600,DCM
2025-08-01 07:00:00,34.13,34.13,33.14,33.8,5482800,DCM
2025-08-04 07:00:00,34.03,35.41,33.94,34.37,7673700,DCM
2025-08-05 07:00:00,34.7,35.22,33.42,34.03,10087600,DCM
2025-08-06 07:00:00,34.41,36.4,34.32,36.4,15490000,DCM
2025-08-07 07:00:00,37.25,37.82,36.49,37.72,11117100,DCM
2025-08-08 07:00:00,37.82,39.8,37.72,39.24,10717400,DCM
2025-08-11 07:00:00,39.71,39.71,37.96,38.34,8885000,DCM
2025-08-12 07:00:00,38.24,39.19,37.96,39.05,6091800,DCM
2025-08-13 07:00:00,39.14,39.19,38.01,38.76,5271800,DCM
2025-08-14 07:00:00,39.09,39.09,37.91,38.24,6726000,DCM
2025-08-15 07:00:00,38.34,39.52,37.82,38.76,6983300,DCM
2025-08-18 07:00:00,38.76,41.46,38.29,40.98,11605200,DCM
2025-08-19 07:00:00,41.03,41.03,39.71,39.71,6011400,DCM
2025-08-20 07:00:00,39.24,39.61,37.34,38.29,12011700,DCM
2025-08-21 07:00:00,38.34,39.33,37.86,38.2,4496900,DCM
2025-08-22 07:00:00,37.34,38.01,35.6,36.12,10833700,DCM
2025-08-25 07:00:00,36.68,37.3,35.45,35.55,4603100,DCM
2025-08-26 07:00:00,35.55,37.63,35.55,37.63,3247900,DCM
2025-08-27 07:00:00,37.77,37.77,36.54,36.59,3722000,DCM
2025-08-28 07:00:00,37.01,37.2,36.64,36.92,2130900,DCM
2025-08-29 07:00:00,37.06,38.15,36.68,37.44,5331900,DCM
2025-09-03 07:00:00,37.25,37.86,36.87,37.49,3327900,DCM
2025-09-04 07:00:00,37.72,37.72,36.97,37.25,3391300,DCM
2025-09-05 07:00:00,37.34,38.67,37.34,37.34,6314700,DCM
2025-09-08 07:00:00,36.97,37.34,35.64,35.64,5176200,DCM
2025-09-09 07:00:00,35.64,35.93,34.93,35.45,3440400,DCM
2025-09-10 07:00:00,35.78,36.21,35.55,35.78,2539200,DCM
2025-09-11 07:00:00,35.78,36.45,35.17,36.45,2865500,DCM
2025-09-12 07:00:00,36.82,37.2,36.3,36.73,2696400,DCM
2025-09-15 07:00:00,37.25,37.53,36.78,37.53,2832000,DCM
2025-09-16 07:00:00,37.72,37.77,36.59,36.68,3631500,DCM
2025-09-17 07:00:00,36.68,37.25,36.3,36.35,2324700,DCM
2025-09-18 07:00:00,36.4,36.54,35.83,36.12,1748300,DCM
2025-09-19 07:00:00,36.21,36.54,35.64,35.64,2299400,DCM
2025-09-22 07:00:00,35.69,35.97,34.6,34.6,3283700,DCM
2025-09-23 07:00:00,35.03,35.31,34.84,34.89,2016300,DCM
2025-09-24 07:00:00,34.89,35.45,34.65,35.45,1077000,DCM
2025-09-25 07:00:00,35.5,35.78,35.45,35.64,1260000,DCM
2025-09-26 07:00:00,35.6,35.78,35.41,35.45,1618800,DCM
2025-09-29 07:00:00,35.5,35.83,35.36,35.64,1460800,DCM
2025-09-30 07:00:00,35.69,36.12,34.56,35.12,2373900,DCM
2025-10-01 07:00:00,35.12,35.22,34.56,34.6,2895000,DCM
2025-10-02 07:00:00,34.7,34.93,33.7,33.75,3050100,DCM
2025-10-03 07:00:00,33.75,34.22,32.85,33.0,3166200,DCM
2025-10-06 07:00:00,33.18,34.46,33.09,34.37,2754000,DCM
2025-10-07 07:00:00,34.51,34.56,33.66,33.66,2349700,DCM
2025-10-08 07:00:00,33.89,34.27,33.66,34.08,2330100,DCM
2025-10-09 07:00:00,34.56,34.84,34.13,34.7,2098600,DCM
2025-10-10 07:00:00,34.98,35.03,34.51,34.51,2550900,DCM
2025-10-13 07:00:00,33.94,34.32,33.61,33.7,4498600,DCM
2025-10-14 07:00:00,33.75,33.94,33.0,33.0,5473700,DCM
2025-10-15 07:00:00,33.0,33.56,32.0,32.15,5370100,DCM
2025-10-16 07:00:00,32.43,32.71,32.15,32.71,2552800,DCM
2025-10-17 07:00:00,32.9,33.0,31.96,31.96,3321100,DCM
2025-10-20 07:00:00,31.96,32.66,30.25,30.25,4925700,DCM
2025-10-21 07:00:00,31.1,31.96,30.63,31.96,4679700,DCM
2025-10-22 07:00:00,32.15,32.57,31.77,32.57,2723400,DCM
2025-10-23 07:00:00,32.62,32.71,32.24,32.33,2160200,DCM
2025-10-24 07:00:00,32.52,32.62,31.96,32.15,2039300,DCM
2025-10-27 07:00:00,32.19,32.9,31.86,32.52,3102100,DCM
2025-10-28 07:00:00,32.62,33.04,32.29,32.9,1818500,DCM
2025-10-29 07:00:00,33.04,33.61,32.81,33.28,3987200,DCM
2025-10-30 07:00:00,33.47,33.56,33.04,33.37,1709600,DCM
2025-10-31 07:00:00,33.42,33.89,33.09,33.09,2155700,DCM
2025-11-03 07:00:00,33.47,33.56,32.66,32.66,2232100,DCM
2025-11-04 07:00:00,32.66,33.09,31.39,33.09,3367300,DCM
2025-11-05 07:00:00,32.81,34.27,32.62,33.99,5566200,DCM
2025-11-06 07:00:00,34.27,34.27,33.42,33.47,2149200,DCM
2025-11-07 07:00:00,33.23,33.61,32.19,32.33,2709400,DCM
2025-11-10 07:00:00,32.19,32.57,31.72,31.77,1771400,DCM
2025-11-11 07:00:00,31.81,32.05,31.67,31.96,898100,DCM
2025-11-12 07:00:00,32.15,32.48,31.96,32.43,1036100,DCM
2025-11-13 07:00:00,32.52,33.75,32.52,32.81,3132800,DCM
2025-11-14 07:00:00,32.81,32.95,32.52,32.52,1155700,DCM
2025-11-17 07:00:00,32.76,33.14,32.71,33.09,1858100,DCM
2025-11-18 07:00:00,33.18,33.42,32.66,32.9,2170300,DCM
2025-11-19 07:00:00,32.95,33.85,32.85,33.42,4159500,DCM
2025-11-20 07:00:00,33.37,33.42,32.57,32.9,1771000,DCM
2025-11-21 07:00:00,32.85,32.85,32.1,32.19,2831000,DCM
2025-11-24 07:00:00,32.43,32.43,31.96,32.0,1484900,DCM
2025-11-25 07:00:00,32.1,32.19,31.67,31.72,1630500,DCM
2025-11-26 07:00:00,31.81,32.24,31.77,32.1,1048400,DCM
2025-11-27 07:00:00,32.29,32.29,31.91,32.1,899000,DCM
2025-11-28 07:00:00,32.1,32.15,31.91,32.05,825200,DCM
2025-12-01 07:00:00,32.05,32.05,31.77,31.86,794100,DCM
2025-12-02 07:00:00,31.86,32.05,31.39,32.0,1192600,DCM
2025-12-03 07:00:00,32.29,32.29,31.96,32.05,1037100,DCM
2025-12-04 07:00:00,32.15,32.38,32.05,32.38,1159900,DCM
2025-12-05 07:00:00,32.43,32.62,32.24,32.33,1202900,DCM
2025-12-08 07:00:00,32.19,32.24,31.81,31.96,1198700,DCM
2025-12-09 07:00:00,32.05,32.15,31.44,31.53,1334400,DCM
2025-12-10 07:00:00,31.77,31.81,31.48,31.53,464200,DCM
2025-12-11 07:00:00,31.67,31.81,31.44,31.48,420200,DCM
2025-12-12 07:00:00,31.48,31.67,30.44,30.44,1494200,DCM
2025-12-15 07:00:00,30.3,30.58,30.25,30.35,1054200,DCM
2025-12-16 07:00:00,30.44,30.96,29.5,30.68,1588600,DCM
2025-12-17 07:00:00,30.82,30.82,30.25,30.35,687200,DCM
2025-12-18 07:00:00,30.35,30.58,30.02,30.21,677700,DCM
2025-12-19 07:00:00,30.21,30.44,30.11,30.16,738800,DCM
2025-12-22 07:00:00,30.16,30.63,30.16,30.58,1004400,DCM
2025-12-23 07:00:00,31.01,31.01,30.63,30.68,1286500,DCM
2025-12-24 07:00:00,30.68,30.68,30.25,30.35,963600,DCM
2025-12-25 07:00:00,30.4,30.77,30.25,30.25,973200,DCM
2025-12-26 07:00:00,30.25,30.73,29.83,30.06,2252100,DCM
2025-12-29 07:00:00,30.35,31.1,30.35,30.92,1618300,DCM
2025-12-30 07:00:00,31.15,31.15,30.77,30.92,492800,DCM
2025-12-31 07:00:00,30.92,31.15,30.63,30.92,1353600,DCM
2026-01-05 07:00:00,31.01,31.81,30.82,31.53,2369000,DCM
2026-01-06 07:00:00,31.86,31.86,31.2,31.58,1192100,DCM
2026-01-07 07:00:00,31.67,32.29,31.48,32.15,2524200,DCM
2026-01-08 07:00:00,32.52,33.56,32.52,32.76,5787700,DCM
2026-01-09 07:00:00,32.95,33.56,32.62,32.76,2942900,DCM
2026-01-12 07:00:00,33.47,34.37,33.18,33.37,5198200,DCM
2026-01-13 07:00:00,33.52,33.94,32.81,33.7,3452700,DCM
2026-01-14 07:00:00,33.89,35.17,33.42,34.7,7092200,DCM
2026-01-15 07:00:00,34.7,34.89,33.66,33.75,3521000,DCM
2026-01-16 07:00:00,33.94,34.03,33.28,33.28,2425100,DCM
2026-01-19 07:00:00,33.28,33.56,33.09,33.18,1960300,DCM
2026-01-20 07:00:00,33.09,33.8,33.0,33.28,3028600,DCM
2026-01-21 07:00:00,33.09,34.13,33.09,33.56,3355000,DCM
2026-01-22 07:00:00,33.75,35.88,33.75,35.88,10965800,DCM
2026-01-23 07:00:00,36.02,36.07,34.03,34.08,4146800,DCM
2026-01-26 07:00:00,34.18,34.27,32.38,32.9,5677900,DCM
2026-01-27 07:00:00,33.0,33.99,32.95,33.85,2905000,DCM
2026-01-28 07:00:00,34.03,34.6,33.56,34.03,3438300,DCM
2026-01-29 07:00:00,34.03,35.17,33.61,34.98,4027900,DCM
2026-01-30 07:00:00,35.08,35.45,34.56,34.6,4038100,DCM
2026-02-02 07:00:00,34.93,35.93,34.51,35.78,6163300,DCM
2026-02-03 07:00:00,36.02,36.49,35.45,35.55,5331100,DCM
2026-02-04 07:00:00,35.55,36.45,35.26,36.21,5412300,DCM
2026-02-05 07:00:00,36.49,37.01,36.4,36.49,7036500,DCM
2026-02-06 07:00:00,36.16,36.82,34.98,36.68,5823900,DCM
2026-02-09 07:00:00,36.87,37.72,36.02,37.72,5856700,DCM
2026-02-10 07:00:00,37.72,37.82,35.45,36.87,4612400,DCM
2026-02-11 07:00:00,36.87,37.34,35.97,37.34,3795100,DCM
2026-02-12 07:00:00,36.92,37.25,36.68,36.78,1402500,DCM
2026-02-13 07:00:00,36.73,37.06,36.3,37.06,2553900,DCM
2026-02-23 07:00:00,37.53,38.1,36.97,37.82,3327500,DCM
2026-02-24 07:00:00,38.01,39.71,37.16,39.71,6701000,DCM
2026-02-25 07:00:00,39.76,39.76,38.76,38.9,2272200,DCM
2026-02-26 07:00:00,38.95,39.09,37.96,38.2,2757800,DCM
2026-02-27 07:00:00,38.53,40.84,38.01,40.61,10552000,DCM
2026-03-02 07:00:00,43.4,43.44,42.36,43.44,8672600,DCM
2026-03-03 07:00:00,45.38,46.47,42.92,46.47,14000300,DCM
2026-03-04 07:00:00,46.33,47.93,43.92,47.27,10768000,DCM
2026-03-05 07:00:00,44.91,47.22,44.91,45.1,7129000,DCM
2026-03-06 07:00:00,45.76,47.27,44.1,46.8,8151200,DCM
2026-03-09 07:00:00,50.01,50.01,43.54,43.54,16428100,DCM
2026-03-10 07:00:00,44.44,46.56,43.02,46.04,9501500,DCM
2026-03-11 07:00:00,44.58,46.04,43.3,45.52,6388900,DCM
2026-03-12 07:00:00,45.62,48.12,45.38,47.46,9495700,DCM
2026-03-13 07:00:00,48.31,49.45,44.44,45.29,11046300,DCM
2026-03-16 07:00:00,44.62,45.1,42.12,42.12,8205000,DCM
2026-03-17 07:00:00,42.07,42.12,39.19,39.19,11197100,DCM
2026-03-18 07:00:00,40.65,41.93,39.24,41.93,5221400,DCM
2026-03-19 07:00:00,42.54,43.21,40.84,42.59,5443800,DCM
2026-03-20 07:00:00,42.4,42.45,40.65,41.22,5675400,DCM
2026-03-23 07:00:00,40.84,42.97,40.75,41.88,5838000,DCM
2026-03-24 07:00:00,42.64,43.44,41.88,42.88,3903900,DCM
2026-03-25 07:00:00,42.73,43.68,42.17,42.97,5753100,DCM
2026-03-26 07:00:00,42.97,45.95,42.36,45.95,7927500,DCM
2026-03-27 07:00:00,46.33,47.65,44.58,45.85,7559600,DCM
2026-03-30 07:00:00,46.52,47.18,45.66,46.33,3556500,DCM
2026-03-31 07:00:00,46.33,46.42,44.06,45.66,7359400,DCM
2026-04-01 07:00:00,45.76,46.04,42.83,42.83,7112700,DCM
2026-04-02 07:00:00,43.02,43.92,41.79,43.49,4365000,DCM
2026-04-03 07:00:00,43.49,44.06,41.93,41.93,2662000,DCM
2026-04-06 07:00:00,41.93,42.21,40.65,40.65,2694000,DCM
2026-04-07 07:00:00,41.32,42.21,40.94,41.88,3029200,DCM
2026-04-08 07:00:00,42.17,42.92,41.13,42.78,4883900,DCM
2026-04-09 07:00:00,42.64,43.3,42.31,42.54,2279400,DCM
2026-04-10 07:00:00,42.36,44.91,42.36,44.01,6196000,DCM
2026-04-13 07:00:00,44.53,45.38,43.77,44.44,3176300,DCM
2026-04-14 07:00:00,44.58,44.67,43.21,43.49,3236900,DCM
2026-04-15 07:00:00,43.68,43.87,42.02,42.02,5240700,DCM
2026-04-16 07:00:00,42.36,43.06,41.79,42.07,3994300,DCM
2026-04-17 07:00:00,42.54,44.15,42.36,42.92,3867400,DCM
2026-04-20 07:00:00,42.97,43.58,42.31,42.54,2813900,DCM
2026-04-21 07:00:00,42.64,43.16,42.12,42.31,2360700,DCM
2026-04-22 07:00:00,42.64,43.49,42.36,42.4,2378800,DCM
2026-04-23 07:00:00,42.73,42.83,40.32,41.03,5563500,DCM
2026-04-24 07:00:00,40.75,41.74,39.33,39.38,6073700,DCM
2026-04-28 07:00:00,39.47,39.9,38.1,38.15,3534400,DCM
2026-04-29 07:00:00,38.62,40.61,38.15,40.37,3723300,DCM
2026-05-04 07:00:00,39.9,41.13,39.71,39.76,2910000,DCM
2026-05-05 07:00:00,40.18,40.61,38.95,40.28,2580200,DCM
2026-05-06 07:00:00,40.37,40.46,39.94,40.28,1296400,DCM
2026-05-07 07:00:00,40.18,40.18,38.76,38.86,5118200,DCM
2026-05-08 07:00:00,38.86,39.14,37.86,38.01,3395000,DCM
2026-05-11 07:00:00,38.15,40.56,38.01,40.56,4697700,DCM
2026-05-12 07:00:00,40.28,41.13,39.71,41.08,3881600,DCM
2026-05-13 07:00:00,41.08,42.45,40.28,41.13,5862600,DCM
2026-05-14 07:00:00,41.6,41.6,40.65,40.7,1989000,DCM
2026-05-15 07:00:00,40.61,41.5,40.23,41.36,2916200,DCM
2026-05-18 07:00:00,41.36,43.16,41.36,42.54,5928700,DCM
2026-05-19 07:00:00,42.73,42.83,39.76,40.18,4988900,DCM
2026-05-20 07:00:00,40.23,40.56,37.86,39.94,3879400,DCM
2026-05-21 07:00:00,39.94,40.04,38.81,39.19,1629600,DCM
2026-05-22 07:00:00,39.52,39.76,38.9,39.33,1277100,DCM
2026-05-25 07:00:00,38.76,39.24,38.05,38.15,3086200,DCM
2026-05-26 07:00:00,38.29,38.72,38.2,38.48,1145800,DCM
2026-05-27 07:00:00,38.67,39.0,38.34,38.43,1044600,DCM
2026-05-28 07:00:00,38.43,38.53,37.91,38.01,2037100,DCM
2026-05-29 07:00:00,37.96,38.38,37.25,37.63,2667100,DCM
2026-06-01 07:00:00,37.63,37.86,36.87,36.92,2803800,DCM
2026-06-02 07:00:00,36.97,37.39,36.49,36.64,1743900,DCM
2026-06-03 07:00:00,36.64,37.06,36.59,37.06,1317600,DCM
2026-06-04 07:00:00,37.16,37.72,36.87,36.92,1233000,DCM
2026-06-05 07:00:00,36.97,37.01,36.59,36.59,1371200,DCM
2026-06-08 07:00:00,36.3,36.59,35.45,35.45,1826600,DCM
2026-06-09 07:00:00,35.64,35.93,35.12,35.17,2112300,DCM
2026-06-10 07:00:00,35.12,35.5,35.08,35.5,1387500,DCM
2026-06-11 07:00:00,35.64,36.12,35.5,35.78,1401900,DCM
2026-06-12 07:00:00,35.83,36.12,35.45,36.12,1880800,DCM
2026-06-15 07:00:00,36.16,36.21,35.08,35.17,3546200,DCM
2026-06-16 07:00:00,35.45,35.64,34.32,34.51,5522600,DCM
2026-06-17 07:00:00,34.89,34.93,34.08,34.32,3914600,DCM
2026-06-18 07:00:00,34.32,35.17,34.32,34.74,2379200,DCM
2026-06-19 07:00:00,34.79,34.89,34.46,34.6,1886200,DCM
2026-06-22 07:00:00,34.65,35.22,34.08,34.89,1750800,DCM
2026-06-23 07:00:00,34.89,34.93,33.85,33.85,3776700,DCM
2026-06-24 07:00:00,34.03,34.03,33.37,33.52,1928400,DCM
2026-06-25 07:00:00,33.47,33.75,32.95,33.0,2142000,DCM
2026-06-26 07:00:00,32.9,33.37,32.76,32.85,2208500,DCM
2026-06-29 07:00:00,33.28,33.75,33.09,33.28,2695500,DCM
2026-06-30 07:00:00,33.47,33.52,33.28,33.28,1497300,DCM
2026-07-01 07:00:00,33.47,33.85,33.33,33.61,1140500,DCM
2026-07-02 07:00:00,33.7,33.75,33.42,33.47,859100,DCM
2026-07-03 07:00:00,33.56,33.75,33.33,33.42,1804700,DCM
2026-07-06 07:00:00,33.61,33.66,32.29,32.66,3157500,DCM
2026-07-07 07:00:00,32.76,33.18,32.62,33.18,1173500,DCM
2026-07-08 07:00:00,33.52,34.84,33.47,34.65,5137200,DCM
2026-07-09 07:00:00,34.5,34.75,33.7,33.75,3371200,DCM
2026-07-10 07:00:00,33.8,33.95,32.8,32.8,2460100,DCM
2026-07-13 07:00:00,32.95,33.0,31.95,32.55,2266900,DCM
2026-07-14 07:00:00,32.8,33.9,32.7,33.65,2667300,DCM
2026-07-15 07:00:00,33.8,33.8,32.9,32.95,1267200,DCM
2026-07-16 07:00:00,32.95,32.95,31.5,32.4,1950800,DCM
2026-07-17 07:00:00,32.4,32.4,31.65,31.7,1103900,DCM
2026-07-20 07:00:00,32.05,32.2,30.25,30.25,2474700,DCM
2026-07-21 07:00:00,30.0,30.9,29.7,29.9,3259300,DCM
2026-07-22 07:00:00,30.05,30.4,28.85,28.9,3023900,DCM
2026-07-23 07:00:00,28.6,29.9,28.5,29.7,2087800,DCM
2026-07-24 07:00:00,29.8,30.1,29.4,29.55,1503500,DCM
2026-07-27 07:00:00,29.55,29.6,28.75,29.0,1703400,DCM
2026-07-28 07:00:00,29.0,30.3,28.7,30.3,2133000,DCM
2026-07-29 07:00:00,30.45,31.1,30.3,30.7,1368100,DCM
2026-07-30 07:00:00,31.2,31.6,30.95,31.25,1839200,DCM
2026-07-31 07:00:00,31.6,31.6,30.65,30.7,1444500,DCM
2026-08-03 07:00:00,30.7,31.6,30.7,31.05,2064100,DCM
2026-08-04 07:00:00,31.3,31.3,30.85,30.95,1239400,DCM
2026-08-05 07:00:00,31.15,31.25,30.6,31.2,2447200,DCM
2026-08-06 07:00:00,31.25,31.25,30.55,30.85,1617100,DCM
2026-08-07 07:00:00,30.85,32.0,30.8,31.6,4022800,DCM
2026-08-10 07:00:00,32.2,32.2,31.75,31.85,1719300,DCM
2026-08-11 07:00:00,32.0,32.4,31.45,31.5,2601000,DCM
2026-08-12 07:00:00,31.7,31.7,31.2,31.35,1829900,DCM
2026-08-13 07:00:00,31.45,31.6,30.8,30.8,2168900,DCM
2026-08-14 07:00:00,30.8,30.9,30.35,30.5,2480900,DCM
2026-08-17 07:00:00,30.5,30.65,30.25,30.55,819900,DCM
2026-08-18 07:00:00,30.55,31.3,30.55,30.7,2757000,DCM
2026-08-19 07:00:00,30.7,30.85,30.45,30.5,772000,DCM
2026-08-20 07:00:00,30.6,31.3,30.3,31.3,3326800,DCM
2026-08-21 07:00:00,31.35,31.7,31.05,31.4,3376500,DCM
2026-08-24 07:00:00,31.75,32.2,31.3,31.45,3739600,DCM
2026-08-25 07:00:00,31.55,31.6,30.8,30.85,3297200,DCM
2026-08-26 07:00:00,30.8,31.25,30.75,31.25,2346900,DCM
2026-08-27 07:00:00,31.25,31.35,30.85,31.0,1029100,DCM
2026-08-28 07:00:00,31.1,31.1,30.85,30.85,1586400,DCM
2026-09-03 07:00:00,31.25,32.8,31.2,32.6,8068300,DCM
2026-09-04 07:00:00,32.65,32.7,31.9,32.55,3346700,DCM
2026-09-07 07:00:00,32.6,32.6,31.8,31.8,2574200,DCM
2026-09-08 07:00:00,31.75,33.25,31.7,32.75,5899800,DCM
2026-09-09 07:00:00,33.2,33.25,32.65,32.65,3045500,DCM
2026-09-10 07:00:00,32.8,33.15,32.4,32.5,2906900,DCM
2026-09-11 07:00:00,32.8,33.3,32.4,32.5,4512500,DCM
2026-09-14 07:00:00,32.6,32.9,31.9,32.45,2600900,DCM
2026-09-15 07:00:00,32.4,33.95,32.3,33.8,4913100,DCM
2026-09-16 07:00:00,33.9,34.25,33.4,33.4,3447000,DCM
2026-09-17 07:00:00,33.0,33.45,32.75,32.8,2800200,DCM
2026-09-18 07:00:00,32.8,33.6,32.75,33.05,3695500,DCM
2026-09-21 07:00:00,33.1,33.75,32.85,33.7,3145900,DCM
2026-09-22 07:00:00,33.6,34.4,33.2,33.95,2762100,DCM
2026-09-23 07:00:00,33.95,34.0,33.65,34.0,200100,DCM
