time,open,high,low,close,volume,ticker
2019-01-02 07:00:00,8.52,8.52,8.29,8.29,247400,DGC
2019-01-03 07:00:00,8.29,8.39,7.93,8.01,151300,DGC
2019-01-04 07:00:00,8.01,8.18,7.82,8.18,63200,DGC
2019-01-07 07:00:00,8.18,8.39,8.12,8.18,35800,DGC
2019-01-08 07:00:00,8.18,8.2,8.05,8.16,18620,DGC
2019-01-09 07:00:00,8.16,8.29,8.1,8.2,83790,DGC
2019-01-10 07:00:00,8.2,8.37,8.2,8.29,178300,DGC
2019-01-11 07:00:00,8.4,8.61,8.39,8.48,208900,DGC
2019-01-14 07:00:00,8.54,8.54,8.46,8.5,305870,DGC
2019-01-15 07:00:00,8.48,8.48,8.29,8.29,218500,DGC
2019-01-16 07:00:00,8.39,8.43,8.27,8.33,34200,DGC
2019-01-17 07:00:00,8.37,8.41,8.1,8.1,38800,DGC
2019-01-18 07:00:00,8.1,8.18,8.1,8.12,66200,DGC
2019-01-21 07:00:00,8.12,8.5,8.12,8.48,148500,DGC
2019-01-22 07:00:00,8.39,8.39,8.29,8.29,70600,DGC
2019-01-23 07:00:00,8.29,8.29,8.2,8.27,34000,DGC
2019-01-24 07:00:00,8.1,8.12,8.02,8.02,163104,DGC
2019-01-25 07:00:00,8.27,8.29,8.0,8.21,54000,DGC
2019-01-28 07:00:00,8.14,8.14,7.87,7.91,127120,DGC
2019-01-29 07:00:00,7.85,7.85,7.67,7.75,128910,DGC
2019-01-30 07:00:00,7.81,7.94,7.73,7.94,56900,DGC
2019-01-31 07:00:00,7.91,7.94,7.91,7.91,16520,DGC
2019-02-01 07:00:00,7.91,8.06,7.91,8.06,13110,DGC
2019-02-11 07:00:00,8.1,8.12,8.06,8.06,43314,DGC
2019-02-12 07:00:00,8.06,8.14,8.02,8.14,87770,DGC
2019-02-13 07:00:00,8.14,8.52,8.14,8.48,143650,DGC
2019-02-14 07:00:00,8.52,8.56,8.35,8.37,47910,DGC
2019-02-15 07:00:00,8.5,8.5,8.25,8.25,98630,DGC
2019-02-18 07:00:00,8.46,8.58,8.2,8.23,72030,DGC
2019-02-19 07:00:00,8.25,8.27,8.18,8.23,43300,DGC
2019-02-20 07:00:00,8.2,8.23,8.1,8.23,66720,DGC
2019-02-21 07:00:00,8.25,8.29,8.12,8.2,44410,DGC
2019-02-22 07:00:00,8.12,8.29,8.1,8.29,57900,DGC
2019-02-25 07:00:00,8.2,8.29,8.2,8.29,23110,DGC
2019-02-26 07:00:00,8.29,8.54,8.25,8.46,112720,DGC
2019-02-27 07:00:00,8.5,8.5,8.31,8.31,58638,DGC
2019-02-28 07:00:00,8.33,8.39,8.1,8.29,43710,DGC
2019-03-01 07:00:00,8.14,8.29,8.14,8.29,53510,DGC
2019-03-04 07:00:00,8.29,8.66,8.29,8.56,177944,DGC
2019-03-05 07:00:00,8.56,8.75,8.48,8.72,267470,DGC
2019-03-06 07:00:00,8.68,8.75,8.6,8.6,111275,DGC
2019-03-07 07:00:00,8.6,8.68,8.48,8.52,133006,DGC
2019-03-08 07:00:00,8.52,8.68,8.41,8.52,96591,DGC
2019-03-11 07:00:00,8.52,8.54,8.48,8.52,59699,DGC
2019-03-12 07:00:00,8.68,8.68,8.5,8.54,97910,DGC
2019-03-13 07:00:00,8.58,8.58,8.06,8.29,291843,DGC
2019-03-14 07:00:00,8.29,8.29,8.02,8.12,183580,DGC
2019-03-15 07:00:00,8.1,8.33,8.06,8.2,97317,DGC
2019-03-18 07:00:00,8.14,8.31,8.1,8.12,117828,DGC
2019-03-19 07:00:00,8.12,8.23,8.06,8.18,154250,DGC
2019-03-20 07:00:00,8.12,8.18,8.02,8.16,134690,DGC
2019-03-21 07:00:00,8.16,8.29,8.12,8.2,90713,DGC
2019-03-22 07:00:00,8.14,8.23,8.12,8.12,87175,DGC
2019-03-25 07:00:00,8.1,8.14,8.04,8.08,94476,DGC
2019-03-26 07:00:00,8.1,8.14,8.04,8.08,190279,DGC
2019-03-27 07:00:00,8.08,8.29,8.08,8.21,130600,DGC
2019-03-28 07:00:00,8.21,8.25,8.18,8.2,54871,DGC
2019-03-29 07:00:00,8.25,8.27,8.14,8.14,54400,DGC
2019-04-01 07:00:00,8.1,8.18,8.08,8.08,19947,DGC
2019-04-02 07:00:00,8.1,8.21,8.04,8.06,77842,DGC
2019-04-03 07:00:00,8.06,8.06,8.02,8.06,25100,DGC
2019-04-04 07:00:00,8.06,8.06,8.0,8.02,39500,DGC
2019-04-05 07:00:00,8.0,8.04,7.94,8.02,77060,DGC
2019-04-08 07:00:00,8.0,8.02,7.71,7.77,94118,DGC
2019-04-09 07:00:00,7.77,7.77,7.52,7.52,135346,DGC
2019-04-10 07:00:00,7.52,7.52,7.33,7.35,144530,DGC
2019-04-11 07:00:00,7.44,7.48,7.4,7.42,117010,DGC
2019-04-12 07:00:00,7.42,7.62,7.42,7.56,41300,DGC
2019-04-16 07:00:00,7.56,7.56,7.4,7.44,73700,DGC
2019-04-17 07:00:00,7.44,7.46,7.4,7.4,77700,DGC
2019-04-18 07:00:00,7.39,7.39,7.0,7.01,214303,DGC
2019-04-19 07:00:00,6.84,7.09,6.84,7.03,118180,DGC
2019-04-22 07:00:00,7.03,7.33,7.03,7.33,153280,DGC
2019-04-23 07:00:00,7.33,7.33,7.23,7.29,13946,DGC
2019-04-24 07:00:00,7.29,7.33,7.15,7.27,78720,DGC
2019-04-25 07:00:00,7.27,7.27,7.17,7.17,39320,DGC
2019-04-26 07:00:00,7.15,7.23,7.11,7.21,30870,DGC
2019-05-02 07:00:00,7.21,7.21,6.98,7.05,214838,DGC
2019-05-03 07:00:00,7.05,7.13,7.03,7.09,28600,DGC
2019-05-06 07:00:00,7.09,7.09,6.98,7.0,201840,DGC
2019-05-07 07:00:00,7.03,7.13,7.03,7.11,80420,DGC
2019-05-08 07:00:00,7.18,7.29,7.0,7.11,56200,DGC
2019-05-09 07:00:00,7.09,7.16,7.07,7.07,29100,DGC
2019-05-10 07:00:00,7.09,7.11,7.07,7.07,32300,DGC
2019-05-13 07:00:00,7.04,7.07,6.91,6.91,106075,DGC
2019-05-14 07:00:00,6.91,6.96,6.73,6.82,170620,DGC
2019-05-15 07:00:00,6.78,7.07,6.78,7.07,100387,DGC
2019-05-16 07:00:00,7.02,7.2,7.02,7.16,78365,DGC
2019-05-17 07:00:00,7.16,7.18,7.07,7.07,69240,DGC
2019-05-20 07:00:00,7.02,7.04,7.0,7.04,29925,DGC
2019-05-21 07:00:00,7.02,7.02,6.89,7.02,106040,DGC
2019-05-22 07:00:00,6.96,7.02,6.91,6.93,65020,DGC
2019-05-23 07:00:00,6.89,7.14,6.89,7.07,72490,DGC
2019-05-24 07:00:00,7.07,7.18,6.86,7.02,59010,DGC
2019-05-27 07:00:00,7.04,7.14,7.02,7.07,105500,DGC
2019-05-28 07:00:00,7.07,7.09,6.96,7.0,86910,DGC
2019-05-29 07:00:00,6.96,7.0,6.89,6.98,82800,DGC
2019-05-30 07:00:00,6.91,7.02,6.89,6.98,61300,DGC
2019-05-31 07:00:00,6.96,6.96,6.82,6.82,80830,DGC
2019-06-03 07:00:00,6.82,6.82,6.69,6.73,80300,DGC
2019-06-04 07:00:00,6.73,6.73,6.69,6.73,38850,DGC
2019-06-05 07:00:00,6.84,6.84,6.73,6.73,28950,DGC
2019-06-06 07:00:00,6.73,6.75,6.69,6.73,20935,DGC
2019-06-07 07:00:00,6.69,6.78,6.69,6.73,34430,DGC
2019-06-10 07:00:00,6.75,6.75,6.71,6.71,68700,DGC
2019-06-11 07:00:00,6.71,6.71,6.51,6.51,105340,DGC
2019-06-12 07:00:00,6.51,6.55,6.39,6.44,69330,DGC
2019-06-13 07:00:00,6.44,6.51,6.44,6.46,57780,DGC
2019-06-14 07:00:00,6.42,6.48,6.39,6.46,17405,DGC
2019-06-17 07:00:00,6.46,6.46,6.39,6.44,39314,DGC
2019-06-18 07:00:00,6.44,6.44,6.37,6.42,29220,DGC
2019-06-19 07:00:00,6.44,6.44,6.37,6.39,31106,DGC
2019-06-20 07:00:00,6.37,6.37,6.12,6.22,268211,DGC
2019-06-21 07:00:00,6.22,6.28,5.9,6.28,211725,DGC
2019-06-24 07:00:00,6.3,6.33,6.19,6.33,121146,DGC
2019-06-25 07:00:00,6.33,6.33,6.26,6.26,65225,DGC
2019-06-26 07:00:00,6.26,6.28,6.22,6.28,51360,DGC
2019-06-27 07:00:00,6.28,6.33,6.28,6.33,77925,DGC
2019-06-28 07:00:00,6.3,6.39,6.28,6.39,74286,DGC
2019-07-01 07:00:00,6.39,6.64,6.39,6.6,128314,DGC
2019-07-02 07:00:00,6.55,6.71,6.53,6.64,68590,DGC
2019-07-03 07:00:00,6.64,7.11,6.64,6.96,200770,DGC
2019-07-04 07:00:00,6.96,7.02,6.84,6.96,97926,DGC
2019-07-05 07:00:00,7.0,7.0,6.82,6.84,140151,DGC
2019-07-08 07:00:00,6.84,6.96,6.8,6.93,72015,DGC
2019-07-09 07:00:00,6.93,6.96,6.86,6.93,50430,DGC
2019-07-10 07:00:00,6.93,7.0,6.91,7.0,103450,DGC
2019-07-11 07:00:00,7.02,7.04,6.98,7.02,100900,DGC
2019-07-12 07:00:00,6.98,7.02,6.91,7.0,138010,DGC
2019-07-15 07:00:00,7.02,7.02,6.86,6.91,83210,DGC
2019-07-16 07:00:00,6.91,6.91,6.73,6.73,109700,DGC
2019-07-17 07:00:00,6.73,6.73,6.51,6.62,130118,DGC
2019-07-18 07:00:00,6.64,6.71,6.51,6.64,68007,DGC
2019-07-19 07:00:00,6.64,6.64,6.55,6.64,111060,DGC
2019-07-22 07:00:00,6.64,7.02,6.64,7.02,365935,DGC
2019-07-23 07:00:00,7.02,7.47,6.98,7.36,405982,DGC
2019-07-24 07:00:00,7.4,7.4,7.11,7.22,219620,DGC
2019-07-25 07:00:00,7.16,7.22,7.11,7.11,129281,DGC
2019-07-26 07:00:00,7.07,7.34,7.0,7.16,350554,DGC
2019-07-29 07:00:00,7.18,7.38,7.14,7.34,247235,DGC
2019-07-30 07:00:00,7.34,7.56,7.18,7.2,308125,DGC
2019-07-31 07:00:00,7.18,7.2,7.09,7.18,140701,DGC
2019-08-01 07:00:00,7.18,7.36,6.93,6.98,324150,DGC
2019-08-02 07:00:00,7.0,7.27,6.84,7.09,205380,DGC
2019-08-05 07:00:00,7.14,7.14,7.04,7.04,289091,DGC
2019-08-06 07:00:00,6.96,7.02,6.84,6.91,325454,DGC
2019-08-07 07:00:00,6.86,7.04,6.86,6.91,101020,DGC
2019-08-08 07:00:00,6.91,7.14,6.78,7.04,359372,DGC
2019-08-09 07:00:00,7.04,7.31,6.91,6.96,825840,DGC
2019-08-12 07:00:00,6.96,6.96,6.66,6.69,760485,DGC
2019-08-13 07:00:00,6.69,6.73,6.6,6.64,166088,DGC
2019-08-14 07:00:00,6.69,6.69,6.19,6.3,683537,DGC
2019-08-15 07:00:00,6.28,6.3,6.08,6.3,246420,DGC
2019-08-16 07:00:00,6.3,6.42,6.24,6.33,321299,DGC
2019-08-19 07:00:00,6.33,6.51,6.33,6.42,152020,DGC
2019-08-20 07:00:00,6.42,6.46,6.33,6.37,142585,DGC
2019-08-21 07:00:00,6.3,6.44,6.3,6.42,151270,DGC
2019-08-22 07:00:00,6.39,6.44,6.3,6.39,113150,DGC
2019-08-23 07:00:00,6.35,6.42,6.3,6.37,91580,DGC
2019-08-26 07:00:00,6.37,6.37,6.28,6.28,85682,DGC
2019-08-27 07:00:00,6.3,6.37,6.28,6.33,72927,DGC
2019-08-28 07:00:00,6.3,6.37,6.24,6.24,75790,DGC
2019-08-29 07:00:00,6.24,6.28,6.24,6.26,117765,DGC
2019-08-30 07:00:00,6.28,6.3,6.24,6.28,60386,DGC
2019-09-03 07:00:00,6.28,6.28,6.19,6.22,82160,DGC
2019-09-04 07:00:00,6.22,6.24,6.06,6.22,144550,DGC
2019-09-05 07:00:00,6.24,6.28,6.22,6.22,52440,DGC
2019-09-06 07:00:00,6.24,6.24,6.17,6.22,60600,DGC
2019-09-09 07:00:00,6.22,6.22,6.15,6.15,31530,DGC
2019-09-10 07:00:00,6.15,6.17,6.08,6.1,83460,DGC
2019-09-11 07:00:00,6.1,6.12,5.94,6.04,90495,DGC
2019-09-12 07:00:00,6.06,6.06,5.7,5.77,280882,DGC
2019-09-13 07:00:00,5.79,6.06,5.79,6.01,124650,DGC
2019-09-16 07:00:00,6.04,6.04,5.88,5.94,56570,DGC
2019-09-17 07:00:00,5.94,6.06,5.9,6.01,70355,DGC
2019-09-18 07:00:00,6.01,6.19,6.01,6.06,94562,DGC
2019-09-19 07:00:00,6.06,6.24,6.06,6.24,159530,DGC
2019-09-20 07:00:00,6.28,6.28,6.1,6.15,52050,DGC
2019-09-23 07:00:00,6.08,6.1,6.01,6.01,52620,DGC
2019-09-24 07:00:00,6.06,6.12,5.97,6.04,102410,DGC
2019-09-25 07:00:00,6.06,6.06,5.92,5.94,68518,DGC
2019-09-26 07:00:00,6.01,6.01,5.92,5.92,75020,DGC
2019-09-27 07:00:00,5.94,6.04,5.83,6.04,120055,DGC
2019-09-30 07:00:00,6.04,6.04,5.94,5.99,56825,DGC
2019-10-01 07:00:00,5.97,6.06,5.94,5.97,53020,DGC
2019-10-02 07:00:00,5.94,5.94,5.83,5.94,106605,DGC
2019-10-03 07:00:00,5.92,5.99,5.83,5.99,58900,DGC
2019-10-04 07:00:00,6.01,6.17,5.94,6.12,127428,DGC
2019-10-07 07:00:00,6.15,6.15,6.01,6.01,58632,DGC
2019-10-08 07:00:00,6.01,6.01,5.83,5.97,48215,DGC
2019-10-09 07:00:00,5.92,6.04,5.83,5.88,87605,DGC
2019-10-10 07:00:00,5.88,5.99,5.83,5.88,52840,DGC
2019-10-11 07:00:00,5.88,5.9,5.83,5.88,27265,DGC
2019-10-14 07:00:00,5.92,5.92,5.79,5.79,75180,DGC
2019-10-15 07:00:00,5.81,5.83,5.79,5.83,55160,DGC
2019-10-16 07:00:00,5.83,5.86,5.81,5.86,53273,DGC
2019-10-17 07:00:00,5.83,5.9,5.83,5.86,73796,DGC
2019-10-18 07:00:00,5.86,5.88,5.83,5.88,58455,DGC
2019-10-21 07:00:00,5.83,5.83,5.68,5.77,118794,DGC
2019-10-22 07:00:00,5.77,5.83,5.77,5.81,54392,DGC
2019-10-23 07:00:00,5.83,5.83,5.79,5.83,62580,DGC
2019-10-24 07:00:00,5.83,5.83,5.68,5.81,175236,DGC
2019-10-25 07:00:00,5.79,5.83,5.79,5.81,63856,DGC
2019-10-28 07:00:00,5.83,5.86,5.81,5.83,49675,DGC
2019-10-29 07:00:00,5.83,5.86,5.81,5.83,80270,DGC
2019-10-30 07:00:00,5.83,5.83,5.77,5.83,37550,DGC
2019-10-31 07:00:00,5.79,5.79,5.77,5.77,33441,DGC
2019-11-01 07:00:00,5.79,5.86,5.72,5.83,119350,DGC
2019-11-04 07:00:00,5.83,5.83,5.74,5.81,216630,DGC
2019-11-05 07:00:00,5.79,5.81,5.77,5.79,33465,DGC
2019-11-06 07:00:00,5.79,5.86,5.79,5.81,75716,DGC
2019-11-07 07:00:00,5.81,6.24,5.81,6.1,198620,DGC
2019-11-08 07:00:00,6.1,6.1,6.01,6.08,71305,DGC
2019-11-11 07:00:00,6.12,6.12,6.01,6.01,73633,DGC
2019-11-12 07:00:00,5.99,6.35,5.99,6.01,41270,DGC
2019-11-13 07:00:00,6.01,6.06,6.01,6.04,31590,DGC
2019-11-14 07:00:00,6.04,6.06,6.01,6.06,80245,DGC
2019-11-15 07:00:00,6.06,6.08,6.06,6.06,29810,DGC
2019-11-18 07:00:00,6.06,6.06,5.94,5.94,64315,DGC
2019-11-19 07:00:00,5.94,5.97,5.92,5.94,42700,DGC
2019-11-20 07:00:00,5.97,6.04,5.94,6.04,27910,DGC
2019-11-21 07:00:00,5.97,6.08,5.97,6.06,86315,DGC
2019-11-22 07:00:00,6.04,6.06,5.99,5.99,76960,DGC
2019-11-25 07:00:00,6.01,6.06,5.97,5.97,31385,DGC
2019-11-26 07:00:00,5.97,6.04,5.92,5.97,79805,DGC
2019-11-27 07:00:00,5.97,6.12,5.97,6.08,115470,DGC
2019-11-28 07:00:00,6.08,6.1,6.04,6.06,104905,DGC
2019-11-29 07:00:00,6.06,6.08,6.04,6.04,38779,DGC
2019-12-02 07:00:00,5.97,6.04,5.94,5.94,83381,DGC
2019-12-03 07:00:00,5.94,6.04,5.9,6.04,77180,DGC
2019-12-04 07:00:00,5.97,6.06,5.92,6.06,66440,DGC
2019-12-05 07:00:00,6.06,6.1,6.04,6.06,33262,DGC
2019-12-06 07:00:00,6.1,6.66,6.1,6.66,838506,DGC
2019-12-09 07:00:00,6.66,7.07,6.39,6.42,410368,DGC
2019-12-10 07:00:00,6.46,6.6,6.42,6.48,131525,DGC
2019-12-11 07:00:00,6.46,6.57,6.33,6.46,221814,DGC
2019-12-12 07:00:00,6.46,6.55,6.28,6.28,240329,DGC
2019-12-13 07:00:00,6.28,6.39,6.17,6.22,167913,DGC
2019-12-16 07:00:00,6.22,6.35,6.17,6.28,185201,DGC
2019-12-17 07:00:00,6.26,6.28,6.22,6.26,55230,DGC
2019-12-18 07:00:00,6.28,6.28,6.04,6.08,230500,DGC
2019-12-19 07:00:00,6.1,6.1,5.99,6.1,76395,DGC
2019-12-20 07:00:00,6.24,6.24,6.01,6.01,56750,DGC
2019-12-23 07:00:00,6.06,6.06,5.94,5.94,80617,DGC
2019-12-24 07:00:00,6.08,6.08,5.82,5.85,124692,DGC
2019-12-25 07:00:00,5.87,5.89,5.82,5.85,51265,DGC
2019-12-26 07:00:00,5.87,5.99,5.82,5.82,99460,DGC
2019-12-27 07:00:00,5.82,6.06,5.75,5.8,69154,DGC
2019-12-30 07:00:00,5.8,5.82,5.47,5.68,130203,DGC
2019-12-31 07:00:00,5.68,5.75,5.68,5.68,62420,DGC
2020-01-02 07:00:00,5.68,5.75,5.66,5.75,92776,DGC
2020-01-03 07:00:00,5.75,5.75,5.64,5.66,68200,DGC
2020-01-06 07:00:00,5.66,5.66,5.54,5.54,58880,DGC
2020-01-07 07:00:00,5.54,5.68,5.54,5.66,36562,DGC
2020-01-08 07:00:00,5.66,5.68,5.38,5.38,71120,DGC
2020-01-09 07:00:00,5.38,5.64,5.33,5.59,73310,DGC
2020-01-10 07:00:00,5.61,5.68,5.59,5.59,47055,DGC
2020-01-13 07:00:00,5.57,5.61,5.57,5.61,72290,DGC
2020-01-14 07:00:00,5.64,5.75,5.64,5.73,32650,DGC
2020-01-15 07:00:00,5.73,5.73,5.68,5.73,27855,DGC
2020-01-16 07:00:00,5.73,5.73,5.68,5.71,24600,DGC
2020-01-17 07:00:00,5.71,5.75,5.71,5.75,29200,DGC
2020-01-20 07:00:00,5.78,5.82,5.75,5.78,38228,DGC
2020-01-21 07:00:00,5.75,5.82,5.75,5.78,47300,DGC
2020-01-22 07:00:00,5.8,5.87,5.8,5.87,15290,DGC
2020-01-30 07:00:00,5.89,5.99,5.87,5.96,113800,DGC
2020-01-31 07:00:00,5.94,5.94,5.73,5.73,223105,DGC
2020-02-03 07:00:00,5.71,5.71,5.47,5.57,133550,DGC
2020-02-04 07:00:00,5.73,5.75,5.57,5.61,69245,DGC
2020-02-05 07:00:00,5.64,5.71,5.61,5.64,18482,DGC
2020-02-06 07:00:00,5.71,5.71,5.61,5.64,50954,DGC
2020-02-07 07:00:00,5.64,5.66,5.64,5.66,58413,DGC
2020-02-10 07:00:00,5.66,5.68,5.64,5.66,34730,DGC
2020-02-11 07:00:00,5.68,5.71,5.66,5.66,29630,DGC
2020-02-12 07:00:00,5.64,5.8,5.64,5.78,56280,DGC
2020-02-13 07:00:00,5.78,5.78,5.73,5.73,51040,DGC
2020-02-14 07:00:00,5.73,5.73,5.68,5.71,59700,DGC
2020-02-17 07:00:00,5.71,5.71,5.68,5.68,99820,DGC
2020-02-18 07:00:00,5.71,5.82,5.71,5.82,70077,DGC
2020-02-19 07:00:00,5.78,5.78,5.75,5.78,40660,DGC
2020-02-20 07:00:00,5.78,5.8,5.75,5.75,163565,DGC
2020-02-21 07:00:00,5.78,5.85,5.71,5.73,306437,DGC
2020-02-24 07:00:00,5.71,5.73,5.54,5.59,322405,DGC
2020-02-25 07:00:00,5.52,5.75,5.47,5.73,419793,DGC
2020-02-26 07:00:00,5.73,5.73,5.66,5.68,32800,DGC
2020-02-27 07:00:00,5.68,5.71,5.66,5.66,31065,DGC
2020-02-28 07:00:00,5.66,5.68,5.64,5.68,71364,DGC
2020-03-02 07:00:00,5.66,5.73,5.66,5.66,37202,DGC
2020-03-03 07:00:00,5.68,5.68,5.66,5.66,19815,DGC
2020-03-04 07:00:00,5.64,5.71,5.61,5.66,68000,DGC
2020-03-05 07:00:00,5.66,5.71,5.66,5.68,62165,DGC
2020-03-06 07:00:00,5.68,5.75,5.64,5.68,50400,DGC
2020-03-09 07:00:00,5.68,5.68,5.29,5.29,335153,DGC
2020-03-10 07:00:00,5.29,5.5,5.29,5.4,144940,DGC
2020-03-11 07:00:00,5.47,5.57,5.31,5.33,262400,DGC
2020-03-12 07:00:00,5.33,5.33,5.08,5.22,342520,DGC
2020-03-13 07:00:00,4.89,5.36,4.89,5.26,335341,DGC
2020-03-16 07:00:00,5.26,5.59,5.24,5.31,61661,DGC
2020-03-17 07:00:00,5.31,5.31,5.17,5.24,260500,DGC
2020-03-18 07:00:00,5.29,5.36,5.24,5.31,135740,DGC
2020-03-19 07:00:00,5.17,5.29,5.1,5.24,86610,DGC
2020-03-20 07:00:00,5.22,5.24,5.19,5.19,53410,DGC
2020-03-23 07:00:00,5.12,5.19,5.01,5.01,239314,DGC
2020-03-24 07:00:00,5.01,5.22,5.01,5.01,30320,DGC
2020-03-25 07:00:00,5.03,5.03,4.52,4.99,129330,DGC
2020-03-26 07:00:00,5.24,5.24,4.82,4.89,78900,DGC
2020-03-27 07:00:00,4.89,4.96,4.7,4.89,109640,DGC
2020-03-30 07:00:00,4.89,5.31,4.59,4.7,63832,DGC
2020-03-31 07:00:00,4.87,4.87,4.29,4.52,73600,DGC
2020-04-01 07:00:00,4.52,4.64,4.31,4.64,36195,DGC
2020-04-03 07:00:00,4.66,4.87,4.54,4.64,250750,DGC
2020-04-06 07:00:00,4.64,4.99,4.64,4.99,91956,DGC
2020-04-07 07:00:00,5.01,5.05,4.94,5.01,118288,DGC
2020-04-08 07:00:00,4.99,5.01,4.89,4.96,78060,DGC
2020-04-09 07:00:00,5.01,5.36,4.99,5.24,151145,DGC
2020-04-10 07:00:00,5.24,5.31,5.12,5.19,90238,DGC
2020-04-13 07:00:00,5.17,5.36,5.17,5.31,169238,DGC
2020-04-14 07:00:00,5.31,5.31,5.26,5.29,36674,DGC
2020-04-15 07:00:00,5.29,5.33,5.26,5.26,64005,DGC
2020-04-16 07:00:00,5.26,5.45,5.19,5.45,150101,DGC
2020-04-17 07:00:00,5.47,5.75,5.45,5.68,250829,DGC
2020-04-20 07:00:00,5.73,6.24,5.68,5.96,760140,DGC
2020-04-21 07:00:00,5.96,6.03,5.78,5.92,336798,DGC
2020-04-22 07:00:00,5.92,5.94,5.66,5.94,103700,DGC
2020-04-23 07:00:00,5.96,6.17,5.96,6.03,228656,DGC
2020-04-24 07:00:00,6.03,6.4,5.89,6.29,477214,DGC
2020-04-27 07:00:00,6.29,6.38,6.22,6.27,72295,DGC
2020-04-28 07:00:00,6.29,6.29,6.13,6.2,126900,DGC
2020-04-29 07:00:00,6.15,6.29,6.06,6.22,138900,DGC
2020-05-04 07:00:00,6.22,6.45,6.22,6.43,247816,DGC
2020-05-05 07:00:00,6.22,6.68,6.22,6.68,350359,DGC
2020-05-06 07:00:00,6.68,6.8,6.62,6.8,181340,DGC
2020-05-07 07:00:00,6.8,6.8,6.71,6.73,148535,DGC
2020-05-08 07:00:00,6.68,6.73,6.62,6.66,112405,DGC
2020-05-11 07:00:00,6.66,6.87,6.54,6.76,142960,DGC
2020-05-12 07:00:00,6.78,6.89,6.76,6.82,92045,DGC
2020-05-13 07:00:00,6.8,7.1,6.8,7.08,262110,DGC
2020-05-14 07:00:00,6.99,7.66,6.59,7.43,208233,DGC
2020-05-15 07:00:00,7.41,7.45,7.27,7.27,127265,DGC
2020-05-18 07:00:00,7.27,7.41,7.22,7.41,175832,DGC
2020-05-19 07:00:00,7.45,7.55,7.36,7.38,213095,DGC
2020-05-20 07:00:00,7.38,7.52,7.34,7.52,106815,DGC
2020-05-21 07:00:00,7.45,7.57,7.43,7.52,185542,DGC
2020-05-22 07:00:00,7.52,7.64,7.48,7.59,175128,DGC
2020-05-25 07:00:00,7.62,7.71,6.87,7.69,183478,DGC
2020-05-26 07:00:00,7.69,7.8,7.64,7.8,176738,DGC
2020-05-27 07:00:00,7.85,8.57,7.85,8.27,450728,DGC
2020-05-28 07:00:00,8.29,8.66,8.29,8.57,263841,DGC
2020-05-29 07:00:00,8.62,8.64,8.5,8.57,141908,DGC
2020-06-01 07:00:00,8.52,9.15,8.52,9.13,538274,DGC
2020-06-02 07:00:00,9.2,9.46,8.99,9.06,272601,DGC
2020-06-03 07:00:00,9.08,9.08,8.74,8.9,162716,DGC
2020-06-04 07:00:00,8.92,9.34,8.85,9.32,599621,DGC
2020-06-05 07:00:00,9.41,9.76,9.32,9.67,738332,DGC
2020-06-08 07:00:00,9.67,9.78,9.6,9.69,404654,DGC
2020-06-09 07:00:00,9.67,9.67,9.32,9.53,270883,DGC
2020-06-10 07:00:00,9.39,9.43,9.18,9.32,538759,DGC
2020-06-11 07:00:00,9.13,9.13,8.5,8.57,1411706,DGC
2020-06-12 07:00:00,8.38,8.97,8.15,8.97,310014,DGC
2020-06-15 07:00:00,9.04,9.13,8.85,8.97,221875,DGC
2020-06-16 07:00:00,8.85,9.01,8.85,8.99,94490,DGC
2020-06-17 07:00:00,8.99,8.99,8.87,8.9,85490,DGC
2020-06-18 07:00:00,8.92,8.92,8.78,8.85,133896,DGC
2020-06-19 07:00:00,8.85,9.32,8.85,9.15,182308,DGC
2020-06-22 07:00:00,9.15,9.15,9.04,9.04,168420,DGC
2020-06-23 07:00:00,9.08,9.08,8.99,9.04,46491,DGC
2020-06-24 07:00:00,9.06,9.13,8.92,8.94,126250,DGC
2020-06-25 07:00:00,8.92,9.01,8.85,8.94,95511,DGC
2020-06-26 07:00:00,8.94,9.53,8.94,9.22,499357,DGC
2020-06-29 07:00:00,9.18,9.18,8.97,9.04,181202,DGC
2020-06-30 07:00:00,9.04,9.2,8.9,9.2,225636,DGC
2020-07-01 07:00:00,9.04,9.32,9.01,9.27,201004,DGC
2020-07-02 07:00:00,9.27,9.27,9.18,9.2,81263,DGC
2020-07-03 07:00:00,9.25,9.62,9.25,9.5,883025,DGC
2020-07-06 07:00:00,9.43,9.57,9.32,9.5,170457,DGC
2020-07-07 07:00:00,9.5,9.55,9.39,9.39,150287,DGC
2020-07-08 07:00:00,9.32,9.55,9.04,9.39,476980,DGC
2020-07-09 07:00:00,9.32,9.36,9.08,9.34,166432,DGC
2020-07-10 07:00:00,9.34,9.39,9.2,9.29,160900,DGC
2020-07-13 07:00:00,9.29,9.5,9.2,9.36,226205,DGC
2020-07-14 07:00:00,9.32,9.39,9.22,9.29,124210,DGC
2020-07-15 07:00:00,9.32,9.36,9.2,9.27,260340,DGC
2020-07-16 07:00:00,9.39,9.74,9.32,9.41,779858,DGC
2020-07-17 07:00:00,9.43,9.53,9.36,9.41,540257,DGC
2020-07-28 07:00:00,8.78,8.85,8.38,8.76,485410,DGC
2020-07-29 07:00:00,8.66,8.66,8.15,8.15,731630,DGC
2020-07-30 07:00:00,8.15,8.29,7.99,8.06,368450,DGC
2020-07-31 07:00:00,8.04,8.38,7.8,8.11,643970,DGC
2020-08-03 07:00:00,8.15,8.62,8.15,8.62,380170,DGC
2020-08-04 07:00:00,8.84,8.92,8.66,8.74,380200,DGC
2020-08-05 07:00:00,8.74,8.83,8.64,8.8,317210,DGC
2020-08-06 07:00:00,8.74,8.85,8.71,8.76,537190,DGC
2020-08-07 07:00:00,8.76,9.14,8.76,8.89,527370,DGC
2020-08-10 07:00:00,9.08,9.08,8.87,8.89,302990,DGC
2020-08-11 07:00:00,8.95,8.98,8.83,8.88,326110,DGC
2020-08-12 07:00:00,8.84,8.84,8.62,8.7,665380,DGC
2020-08-13 07:00:00,8.8,8.8,8.65,8.73,221570,DGC
2020-08-14 07:00:00,8.73,8.89,8.7,8.84,256780,DGC
2020-08-17 07:00:00,8.81,8.81,8.69,8.76,177770,DGC
2020-08-18 07:00:00,8.76,8.81,8.72,8.72,109400,DGC
2020-08-19 07:00:00,8.72,9.2,8.64,9.07,626730,DGC
2020-08-20 07:00:00,9.16,9.27,9.08,9.1,767220,DGC
2020-08-21 07:00:00,9.16,9.2,9.11,9.16,282930,DGC
2020-08-24 07:00:00,9.22,9.8,9.22,9.8,4781900,DGC
2020-08-25 07:00:00,10.48,10.48,10.41,10.48,1811880,DGC
2020-08-26 07:00:00,11.12,11.12,10.6,10.71,2096060,DGC
2020-08-27 07:00:00,10.6,10.72,10.3,10.6,2243470,DGC
2020-08-28 07:00:00,10.71,10.98,10.66,10.71,1449190,DGC
2020-08-31 07:00:00,10.71,10.93,10.36,10.56,1303820,DGC
2020-09-01 07:00:00,10.45,10.56,10.37,10.49,833310,DGC
2020-09-03 07:00:00,10.57,10.79,10.47,10.78,1653680,DGC
2020-09-04 07:00:00,10.63,10.72,10.52,10.7,951570,DGC
2020-09-07 07:00:00,10.71,11.09,10.71,10.85,2562860,DGC
2020-09-08 07:00:00,10.85,10.95,10.74,10.95,886790,DGC
2020-09-09 07:00:00,10.74,11.33,10.74,11.17,1012290,DGC
2020-09-10 07:00:00,11.25,11.28,10.94,10.98,1203660,DGC
2020-09-11 07:00:00,10.93,11.09,10.85,11.06,707090,DGC
2020-09-14 07:00:00,11.06,11.28,10.95,11.18,1295800,DGC
2020-09-15 07:00:00,11.18,11.24,11.02,11.02,936610,DGC
2020-09-16 07:00:00,10.98,11.06,10.9,11.01,671980,DGC
2020-09-17 07:00:00,11.01,11.06,10.85,10.93,836830,DGC
2020-09-18 07:00:00,10.89,11.04,10.89,11.02,566520,DGC
2020-09-21 07:00:00,11.09,11.2,10.93,10.93,847720,DGC
2020-09-22 07:00:00,10.91,10.98,10.86,10.94,800830,DGC
2020-09-23 07:00:00,10.95,10.97,10.89,10.89,584920,DGC
2020-09-24 07:00:00,10.85,11.2,10.76,11.01,998540,DGC
2020-09-25 07:00:00,11.0,11.6,11.0,11.6,2929190,DGC
2020-09-28 07:00:00,11.6,11.89,11.6,11.66,745060,DGC
2020-09-29 07:00:00,11.66,11.81,11.44,11.47,1042360,DGC
2020-09-30 07:00:00,11.39,11.55,11.22,11.55,1364900,DGC
2020-10-01 07:00:00,11.6,11.66,11.28,11.39,985160,DGC
2020-10-02 07:00:00,11.39,11.63,11.25,11.42,1319430,DGC
2020-10-05 07:00:00,11.5,11.6,11.46,11.52,680490,DGC
2020-10-06 07:00:00,11.66,11.66,11.48,11.52,638820,DGC
2020-10-07 07:00:00,11.52,11.63,11.48,11.5,936050,DGC
2020-10-08 07:00:00,11.5,11.58,11.43,11.47,740720,DGC
2020-10-09 07:00:00,11.55,11.88,11.46,11.77,1057790,DGC
2020-10-12 07:00:00,11.8,11.89,11.47,11.47,1015480,DGC
2020-10-13 07:00:00,11.48,11.58,11.39,11.44,717840,DGC
2020-10-14 07:00:00,11.64,11.64,11.47,11.52,425440,DGC
2020-10-15 07:00:00,11.55,11.58,11.4,11.42,613250,DGC
2020-10-16 07:00:00,11.42,11.42,11.22,11.27,982050,DGC
2020-10-19 07:00:00,11.28,11.66,11.28,11.39,635200,DGC
2020-10-20 07:00:00,11.42,11.42,11.14,11.18,659390,DGC
2020-10-21 07:00:00,11.25,11.25,11.02,11.02,537260,DGC
2020-10-22 07:00:00,11.04,11.2,10.98,11.14,407290,DGC
2020-10-23 07:00:00,11.25,11.39,11.17,11.36,524820,DGC
2020-10-26 07:00:00,11.58,11.58,11.31,11.31,485790,DGC
2020-10-27 07:00:00,11.31,11.39,11.17,11.2,493420,DGC
2020-10-28 07:00:00,11.14,11.2,10.93,10.97,628960,DGC
2020-10-29 07:00:00,10.85,11.12,10.85,10.97,368550,DGC
2020-10-30 07:00:00,10.97,11.06,10.91,10.95,254560,DGC
2020-11-02 07:00:00,10.98,11.66,10.98,11.16,323510,DGC
2020-11-03 07:00:00,11.16,11.37,11.16,11.31,314410,DGC
2020-11-04 07:00:00,11.39,11.39,11.25,11.33,273180,DGC
2020-11-05 07:00:00,11.33,11.64,11.33,11.46,804410,DGC
2020-11-06 07:00:00,11.46,11.59,11.4,11.5,340480,DGC
2020-11-09 07:00:00,11.6,12.3,11.6,12.3,3904230,DGC
2020-11-10 07:00:00,12.61,12.68,12.28,12.31,952870,DGC
2020-11-11 07:00:00,12.36,12.76,12.31,12.57,814910,DGC
2020-11-12 07:00:00,12.53,12.74,12.39,12.69,1329710,DGC
2020-11-13 07:00:00,12.69,12.93,12.61,12.66,967450,DGC
2020-11-16 07:00:00,12.64,12.72,12.2,12.34,1375030,DGC
2020-11-17 07:00:00,12.42,12.61,12.34,12.61,703880,DGC
2020-11-18 07:00:00,12.57,12.91,12.55,12.74,920170,DGC
2020-11-19 07:00:00,12.74,12.8,12.64,12.74,770510,DGC
2020-11-20 07:00:00,12.69,13.29,12.68,13.1,1391130,DGC
2020-11-23 07:00:00,13.1,13.26,12.96,13.03,828210,DGC
2020-11-24 07:00:00,13.04,13.14,12.81,12.88,1135400,DGC
2020-11-25 07:00:00,13.0,13.0,12.61,12.64,1196790,DGC
2020-11-26 07:00:00,12.55,12.88,12.5,12.66,665300,DGC
2020-11-27 07:00:00,12.69,12.81,12.68,12.78,571910,DGC
2020-11-30 07:00:00,12.77,12.87,12.76,12.76,484420,DGC
2020-12-01 07:00:00,12.55,12.88,12.55,12.88,575640,DGC
2020-12-02 07:00:00,13.07,13.42,12.93,13.29,2050020,DGC
2020-12-03 07:00:00,13.42,13.42,13.23,13.29,250940,DGC
2020-12-04 07:00:00,13.2,13.27,13.15,13.19,450660,DGC
2020-12-07 07:00:00,13.19,13.22,13.07,13.18,736370,DGC
2020-12-08 07:00:00,13.24,13.45,13.18,13.41,1130550,DGC
2020-12-09 07:00:00,13.41,13.58,13.34,13.41,672730,DGC
2020-12-10 07:00:00,13.41,13.45,13.2,13.2,880830,DGC
2020-12-11 07:00:00,13.2,13.42,13.12,13.29,800160,DGC
2020-12-14 07:00:00,13.51,13.54,13.37,13.44,633360,DGC
2020-12-15 07:00:00,13.44,13.68,13.36,13.44,574200,DGC
2020-12-16 07:00:00,13.47,13.68,13.44,13.55,583840,DGC
2020-12-17 07:00:00,13.36,13.54,13.33,13.43,640490,DGC
2020-12-18 07:00:00,13.43,13.51,13.38,13.41,525560,DGC
2020-12-21 07:00:00,13.54,13.57,13.37,13.37,575840,DGC
2020-12-22 07:00:00,13.37,13.43,13.19,13.41,811850,DGC
2020-12-23 07:00:00,13.43,13.76,13.43,13.57,1009620,DGC
2020-12-24 07:00:00,13.57,13.65,13.2,13.37,473200,DGC
2020-12-25 07:00:00,13.31,13.57,13.29,13.54,842470,DGC
2020-12-28 07:00:00,13.59,13.65,13.34,13.44,646500,DGC
2020-12-29 07:00:00,13.51,14.38,13.43,14.38,3283780,DGC
2020-12-30 07:00:00,14.66,14.66,14.35,14.35,829470,DGC
2020-12-31 07:00:00,14.32,14.4,14.15,14.29,419350,DGC
2021-01-04 07:00:00,14.4,14.4,14.21,14.26,838900,DGC
2021-01-05 07:00:00,14.21,14.71,14.12,14.43,473300,DGC
2021-01-06 07:00:00,14.49,14.54,14.32,14.35,473000,DGC
2021-01-07 07:00:00,14.4,14.74,14.18,14.63,818700,DGC
2021-01-08 07:00:00,14.66,14.82,14.29,14.63,1069100,DGC
2021-01-11 07:00:00,14.68,14.68,14.52,14.66,553300,DGC
2021-01-12 07:00:00,14.66,15.1,14.54,14.88,716800,DGC
2021-01-13 07:00:00,14.91,14.96,14.6,14.68,625100,DGC
2021-01-14 07:00:00,14.82,14.82,14.57,14.74,535900,DGC
2021-01-15 07:00:00,14.82,15.08,14.66,14.77,653800,DGC
2021-01-18 07:00:00,14.82,15.38,14.68,15.05,1671900,DGC
2021-01-19 07:00:00,15.05,15.05,14.01,14.21,956100,DGC
2021-01-20 07:00:00,14.49,14.52,13.84,14.26,580000,DGC
2021-01-21 07:00:00,14.4,14.82,14.4,14.82,527300,DGC
2021-01-22 07:00:00,14.82,15.52,14.68,15.3,1635900,DGC
2021-01-25 07:00:00,15.24,15.52,15.24,15.3,502900,DGC
2021-01-26 07:00:00,15.3,15.3,14.54,14.66,685900,DGC
2021-01-27 07:00:00,14.66,15.1,14.26,14.63,1147700,DGC
2021-01-28 07:00:00,13.7,14.35,13.61,13.61,1570700,DGC
2021-01-29 07:00:00,13.61,14.26,13.03,13.9,872900,DGC
2021-02-01 07:00:00,13.84,14.01,13.58,13.59,735900,DGC
2021-02-02 07:00:00,13.59,13.98,13.48,13.84,381700,DGC
2021-02-03 07:00:00,13.98,14.26,13.79,14.26,597000,DGC
2021-02-04 07:00:00,14.18,14.46,14.18,14.46,536600,DGC
2021-02-05 07:00:00,14.46,15.3,14.43,15.13,1628300,DGC
2021-02-08 07:00:00,15.13,15.8,15.02,15.24,1012600,DGC
2021-02-09 07:00:00,15.24,15.44,15.02,15.3,451700,DGC
2021-02-17 07:00:00,15.33,16.36,15.33,16.36,1718300,DGC
2021-02-18 07:00:00,16.78,16.95,16.47,16.7,1201700,DGC
2021-02-19 07:00:00,16.64,17.01,16.47,16.61,681300,DGC
2021-02-22 07:00:00,16.56,16.61,16.39,16.45,1131100,DGC
2021-02-23 07:00:00,16.25,16.92,16.22,16.64,819100,DGC
2021-02-24 07:00:00,16.84,17.62,16.78,17.29,1090400,DGC
2021-02-25 07:00:00,17.62,18.32,17.51,18.32,1116400,DGC
2021-02-26 07:00:00,17.9,18.38,17.9,18.18,776200,DGC
2021-03-01 07:00:00,18.4,18.4,17.98,18.24,683000,DGC
2021-03-02 07:00:00,18.24,18.26,17.9,18.04,856900,DGC
2021-03-03 07:00:00,18.1,19.3,18.07,19.3,1607700,DGC
2021-03-04 07:00:00,19.58,20.14,19.27,19.8,991500,DGC
2021-03-05 07:00:00,19.58,20.06,19.02,19.97,780900,DGC
2021-03-08 07:00:00,20.08,20.28,19.47,19.61,864600,DGC
2021-03-09 07:00:00,19.61,19.97,19.44,19.8,600800,DGC
2021-03-10 07:00:00,19.86,20.0,19.77,19.89,605400,DGC
2021-03-11 07:00:00,19.92,20.31,19.69,20.14,666000,DGC
2021-03-12 07:00:00,20.08,20.42,20.03,20.36,566500,DGC
2021-03-15 07:00:00,20.56,21.12,20.53,21.09,718300,DGC
2021-03-16 07:00:00,21.12,21.14,20.7,20.87,502200,DGC
2021-03-17 07:00:00,20.87,21.12,20.7,20.98,446000,DGC
2021-03-18 07:00:00,20.98,21.03,20.42,20.7,832500,DGC
2021-03-19 07:00:00,20.56,20.56,19.72,20.06,1326900,DGC
2021-03-22 07:00:00,20.0,20.0,19.36,19.41,1385700,DGC
2021-03-23 07:00:00,19.38,19.97,19.38,19.58,487500,DGC
2021-03-24 07:00:00,19.41,19.5,18.46,18.77,860300,DGC
2021-03-25 07:00:00,18.8,19.02,18.66,18.82,675400,DGC
2021-03-26 07:00:00,18.82,18.91,18.18,18.71,656000,DGC
2021-03-29 07:00:00,19.16,19.83,18.77,19.69,901200,DGC
2021-03-30 07:00:00,19.8,19.83,19.02,19.13,714700,DGC
2021-03-31 07:00:00,19.13,19.16,18.8,18.88,587400,DGC
2021-04-01 07:00:00,18.88,19.72,18.77,19.33,515100,DGC
2021-04-02 07:00:00,19.58,19.69,19.16,19.24,233400,DGC
2021-04-05 07:00:00,19.3,19.3,18.96,19.24,476500,DGC
2021-04-06 07:00:00,19.3,19.58,19.16,19.5,683900,DGC
2021-04-07 07:00:00,19.58,20.19,19.58,19.83,908800,DGC
2021-04-08 07:00:00,20.11,20.11,19.58,19.66,275900,DGC
2021-04-09 07:00:00,19.55,19.92,19.55,19.64,251300,DGC
2021-04-12 07:00:00,19.64,19.69,19.33,19.41,578000,DGC
2021-04-13 07:00:00,19.3,19.33,19.02,19.05,759700,DGC
2021-04-14 07:00:00,19.02,19.3,18.88,19.27,515000,DGC
2021-04-15 07:00:00,19.3,19.3,19.05,19.3,282500,DGC
2021-04-16 07:00:00,19.3,19.36,18.88,19.24,464200,DGC
2021-04-19 07:00:00,19.3,20.42,18.99,20.06,1143400,DGC
2021-04-20 07:00:00,20.14,20.36,19.55,19.55,823300,DGC
2021-04-22 07:00:00,19.44,19.58,19.02,19.02,895000,DGC
2021-04-23 07:00:00,18.8,19.3,18.74,19.3,610200,DGC
2021-04-26 07:00:00,19.3,19.44,18.94,19.16,394700,DGC
2021-04-27 07:00:00,19.24,19.41,18.96,19.22,378800,DGC
2021-04-28 07:00:00,19.19,20.11,19.16,19.58,781800,DGC
2021-04-29 07:00:00,19.58,20.0,19.47,19.52,398600,DGC
2021-05-04 07:00:00,19.3,20.87,19.3,20.87,2530400,DGC
2021-05-05 07:00:00,21.03,21.4,20.98,20.98,874500,DGC
2021-05-06 07:00:00,20.98,21.23,20.84,21.17,1097600,DGC
2021-05-07 07:00:00,21.72,22.04,21.37,21.98,1859700,DGC
2021-05-10 07:00:00,21.98,22.52,21.98,22.43,967600,DGC
2021-05-11 07:00:00,22.14,22.39,21.85,21.94,631900,DGC
2021-05-12 07:00:00,21.85,22.46,21.69,22.46,956500,DGC
2021-05-13 07:00:00,22.1,22.33,21.82,21.82,1454000,DGC
2021-05-14 07:00:00,22.17,22.17,21.46,21.46,1385900,DGC
2021-05-17 07:00:00,21.46,22.17,21.14,21.53,1794700,DGC
2021-05-18 07:00:00,21.27,21.5,21.21,21.4,733500,DGC
2021-05-19 07:00:00,21.24,21.85,20.88,21.69,1119400,DGC
2021-05-20 07:00:00,21.66,21.66,21.24,21.5,562100,DGC
2021-05-21 07:00:00,21.59,22.97,21.56,22.62,2644500,DGC
2021-05-24 07:00:00,22.81,22.81,22.49,22.75,744700,DGC
2021-05-25 07:00:00,22.75,23.13,22.62,23.04,1091500,DGC
2021-05-26 07:00:00,22.94,23.29,22.75,23.1,1097100,DGC
2021-05-27 07:00:00,23.1,23.1,22.49,22.97,795600,DGC
2021-05-28 07:00:00,22.97,22.97,22.62,22.88,695600,DGC
2021-05-31 07:00:00,23.1,23.36,22.68,23.04,1040900,DGC
2021-06-01 07:00:00,23.04,23.29,22.75,22.81,782500,DGC
2021-06-02 07:00:00,22.56,23.13,22.56,23.04,1046100,DGC
2021-06-03 07:00:00,23.13,24.1,22.97,24.03,1936100,DGC
2021-06-04 07:00:00,24.1,24.1,23.62,23.9,698000,DGC
2021-06-07 07:00:00,23.94,23.97,22.49,23.46,1520300,DGC
2021-06-08 07:00:00,23.13,23.42,22.56,22.81,1523900,DGC
2021-06-09 07:00:00,22.62,23.07,22.17,22.81,1236700,DGC
2021-06-10 07:00:00,22.68,23.65,22.49,23.39,992300,DGC
2021-06-11 07:00:00,23.36,23.78,22.97,23.33,1217500,DGC
2021-06-14 07:00:00,23.33,24.1,23.26,23.94,1631400,DGC
2021-06-15 07:00:00,24.03,25.61,23.94,25.58,3219300,DGC
2021-06-16 07:00:00,25.86,26.35,25.45,26.02,1213000,DGC
2021-06-17 07:00:00,25.61,26.57,25.54,26.28,816000,DGC
2021-06-18 07:00:00,26.25,26.35,25.9,26.22,512800,DGC
2021-06-21 07:00:00,25.86,26.22,25.74,26.12,928800,DGC
2021-06-22 07:00:00,26.35,26.51,26.09,26.09,579500,DGC
2021-06-23 07:00:00,25.86,26.19,25.38,25.54,1173700,DGC
2021-06-24 07:00:00,25.54,26.12,25.38,25.51,783100,DGC
2021-06-25 07:00:00,25.51,26.15,25.29,26.02,695000,DGC
2021-06-28 07:00:00,26.19,26.83,26.06,26.67,867400,DGC
2021-06-29 07:00:00,26.67,26.7,26.41,26.48,461900,DGC
2021-06-30 07:00:00,26.35,26.51,26.12,26.22,491800,DGC
2021-07-01 07:00:00,26.35,26.96,26.35,26.73,970300,DGC
2021-07-02 07:00:00,26.73,26.99,26.64,26.73,463200,DGC
2021-07-05 07:00:00,26.8,27.21,26.51,26.89,611500,DGC
2021-07-06 07:00:00,27.31,27.54,25.06,25.06,1169400,DGC
2021-07-07 07:00:00,25.54,26.8,25.22,26.8,1612100,DGC
2021-07-08 07:00:00,27.12,27.31,26.67,26.83,992700,DGC
2021-07-09 07:00:00,26.8,28.63,26.67,28.24,2137600,DGC
2021-07-12 07:00:00,28.08,28.08,26.28,26.41,3418700,DGC
2021-07-13 07:00:00,26.67,26.96,25.42,26.02,1549500,DGC
2021-07-14 07:00:00,25.99,26.35,24.74,25.06,1646500,DGC
2021-07-15 07:00:00,24.61,26.06,24.55,25.96,1018100,DGC
2021-07-16 07:00:00,26.02,26.8,25.96,26.38,863200,DGC
2021-07-19 07:00:00,25.7,26.19,25.38,25.48,1042800,DGC
2021-07-20 07:00:00,25.86,26.19,25.29,26.15,756100,DGC
2021-07-21 07:00:00,26.64,26.64,26.19,26.35,724600,DGC
2021-07-22 07:00:00,26.54,27.89,26.54,27.76,2429900,DGC
2021-07-23 07:00:00,27.79,29.69,27.63,29.69,5362400,DGC
2021-07-26 07:00:00,29.62,31.65,29.59,31.0,1693900,DGC
2021-07-27 07:00:00,31.33,31.33,29.56,29.88,1685000,DGC
2021-07-28 07:00:00,29.56,30.59,29.3,30.11,1364900,DGC
2021-07-29 07:00:00,30.23,31.07,29.91,30.84,994700,DGC
2021-07-30 07:00:00,30.84,30.84,30.33,30.68,942000,DGC
2021-08-02 07:00:00,30.68,31.81,30.52,31.2,1871100,DGC
2021-08-03 07:00:00,31.39,31.39,30.68,31.13,1222000,DGC
2021-08-04 07:00:00,31.2,32.13,31.2,31.97,1361200,DGC
2021-08-05 07:00:00,31.55,32.19,31.55,32.0,645400,DGC
2021-08-06 07:00:00,31.81,31.87,31.42,31.42,1145200,DGC
2021-08-09 07:00:00,31.17,31.81,31.0,31.65,876400,DGC
2021-08-10 07:00:00,31.74,32.77,31.49,32.68,1671300,DGC
2021-08-11 07:00:00,32.68,33.09,32.0,32.0,820500,DGC
2021-08-12 07:00:00,31.81,32.1,31.58,31.65,1081700,DGC
2021-08-13 07:00:00,31.42,31.52,30.36,31.49,2648300,DGC
2021-08-16 07:00:00,31.94,32.06,31.49,32.03,894000,DGC
2021-08-17 07:00:00,31.97,33.09,31.81,32.74,1367400,DGC
2021-08-18 07:00:00,32.74,33.93,32.74,33.74,1523000,DGC
2021-08-19 07:00:00,33.77,35.31,33.77,34.96,1525200,DGC
2021-08-20 07:00:00,35.05,35.15,33.42,34.54,1977400,DGC
2021-08-23 07:00:00,33.74,35.31,33.74,35.05,1042400,DGC
2021-08-24 07:00:00,34.7,34.8,33.74,34.54,1289300,DGC
2021-08-25 07:00:00,34.54,35.02,34.06,34.67,504700,DGC
2021-08-26 07:00:00,34.67,35.98,34.54,35.57,1046200,DGC
2021-08-27 07:00:00,35.66,36.27,35.02,35.92,708900,DGC
2021-08-30 07:00:00,35.92,36.95,35.92,36.95,791900,DGC
2021-08-31 07:00:00,37.27,38.23,37.21,37.91,1037700,DGC
2021-09-01 07:00:00,37.88,38.23,37.49,37.66,711700,DGC
2021-09-06 07:00:00,37.66,37.66,36.98,37.27,827400,DGC
2021-09-07 07:00:00,36.95,37.14,36.37,36.85,1241300,DGC
2021-09-08 07:00:00,36.53,37.53,36.53,37.27,432200,DGC
2021-09-09 07:00:00,37.27,37.34,37.05,37.14,304500,DGC
2021-09-10 07:00:00,37.4,37.91,37.21,37.69,429300,DGC
2021-09-13 07:00:00,37.91,40.32,37.91,40.32,1947000,DGC
2021-09-14 07:00:00,41.0,41.54,40.64,41.06,938800,DGC
2021-09-15 07:00:00,41.13,41.38,40.96,41.32,1070800,DGC
2021-09-16 07:00:00,41.77,43.09,41.54,42.64,1055100,DGC
2021-09-17 07:00:00,43.99,45.59,43.34,45.59,2013900,DGC
2021-09-20 07:00:00,48.2,48.77,46.91,47.39,1596400,DGC
2021-09-21 07:00:00,46.43,50.6,46.43,50.35,1402800,DGC
2021-09-22 07:00:00,51.73,53.85,51.73,53.85,968800,DGC
2021-09-23 07:00:00,56.23,57.35,50.09,50.09,3515200,DGC
2021-09-24 07:00:00,48.2,49.16,47.23,47.55,2304600,DGC
2021-09-27 07:00:00,47.26,49.58,47.26,47.62,1074900,DGC
2021-09-28 07:00:00,47.62,48.84,47.26,48.84,649300,DGC
2021-09-29 07:00:00,48.52,48.52,45.98,45.98,1677600,DGC
2021-09-30 07:00:00,46.01,48.84,46.01,48.48,828200,DGC
2021-10-01 07:00:00,47.58,51.7,47.58,51.05,1457200,DGC
2021-10-04 07:00:00,51.57,52.53,49.16,49.45,972200,DGC
2021-10-05 07:00:00,49.42,50.32,48.77,48.87,733600,DGC
2021-10-06 07:00:00,49.13,49.13,47.26,48.03,1092300,DGC
2021-10-07 07:00:00,48.03,49.45,47.49,48.2,484200,DGC
2021-10-08 07:00:00,47.87,49.51,47.87,48.39,417500,DGC
2021-10-11 07:00:00,48.68,49.03,48.2,48.77,770900,DGC
2021-10-12 07:00:00,48.77,51.41,48.77,51.41,2388900,DGC
2021-10-13 07:00:00,51.41,52.82,51.41,51.92,1296200,DGC
2021-10-14 07:00:00,51.89,52.63,50.67,50.7,1090500,DGC
2021-10-15 07:00:00,50.48,51.41,50.48,50.96,912500,DGC
2021-10-18 07:00:00,51.41,51.41,49.54,50.28,1237700,DGC
2021-10-19 07:00:00,49.0,49.54,48.77,48.84,1993200,DGC
2021-10-20 07:00:00,49.35,51.41,48.93,50.83,1555400,DGC
2021-10-21 07:00:00,50.83,52.69,50.8,51.73,1478000,DGC
2021-10-22 07:00:00,52.18,52.21,50.8,51.18,1130600,DGC
2021-10-25 07:00:00,51.41,52.5,50.12,50.44,1115700,DGC
2021-10-26 07:00:00,49.8,50.76,49.67,50.41,683100,DGC
2021-10-27 07:00:00,50.57,50.57,49.96,50.06,905800,DGC
2021-10-28 07:00:00,50.12,50.76,49.38,49.42,1205200,DGC
2021-10-29 07:00:00,49.32,49.32,48.8,49.09,1901100,DGC
2021-11-01 07:00:00,49.16,50.57,49.09,50.03,1075000,DGC
2021-11-02 07:00:00,50.12,50.6,49.67,50.06,832300,DGC
2021-11-03 07:00:00,50.19,50.19,49.22,49.32,1006400,DGC
2021-11-04 07:00:00,49.32,50.44,49.09,50.25,807700,DGC
2021-11-05 07:00:00,50.96,53.66,50.28,52.44,3567900,DGC
2021-11-08 07:00:00,52.63,54.4,52.5,52.66,1744300,DGC
2021-11-09 07:00:00,52.82,52.82,50.93,51.09,1712600,DGC
2021-11-10 07:00:00,50.64,50.73,49.8,50.03,2563600,DGC
2021-11-11 07:00:00,49.8,50.03,49.54,49.77,1685800,DGC
2021-11-12 07:00:00,49.67,49.96,49.48,49.96,1337100,DGC
2021-11-15 07:00:00,49.9,49.96,49.64,49.8,1309500,DGC
2021-11-16 07:00:00,49.64,51.09,49.64,50.44,2115500,DGC
2021-11-17 07:00:00,50.76,52.53,50.76,52.53,3484500,DGC
2021-11-18 07:00:00,53.01,54.62,53.01,54.4,3163800,DGC
2021-11-19 07:00:00,54.46,55.74,52.05,54.4,2282100,DGC
2021-11-22 07:00:00,54.3,55.23,52.69,52.98,2273400,DGC
2021-11-23 07:00:00,52.69,53.66,52.18,53.5,1594300,DGC
2021-11-24 07:00:00,53.66,54.59,53.62,53.85,1257900,DGC
2021-11-25 07:00:00,53.98,54.07,53.05,53.75,1193600,DGC
2021-11-26 07:00:00,53.5,53.82,51.89,52.05,1864000,DGC
2021-11-29 07:00:00,51.12,51.79,50.76,51.34,1106000,DGC
2021-11-30 07:00:00,51.73,53.34,51.12,52.5,1290700,DGC
2021-12-01 07:00:00,52.37,53.27,52.15,52.37,654400,DGC
2021-12-02 07:00:00,52.4,53.18,52.37,52.44,846500,DGC
2021-12-03 07:00:00,52.69,52.79,50.93,50.93,1140000,DGC
2021-12-06 07:00:00,50.83,51.09,49.64,49.93,1834800,DGC
2021-12-07 07:00:00,50.28,53.01,50.28,52.76,1084200,DGC
2021-12-08 07:00:00,53.34,55.26,53.34,54.3,1744100,DGC
2021-12-09 07:00:00,54.46,56.45,54.33,56.45,2386500,DGC
2021-12-10 07:00:00,56.55,58.48,56.52,57.03,2082300,DGC
2021-12-13 07:00:00,56.74,58.48,56.58,57.51,1409500,DGC
2021-12-14 07:00:00,57.51,57.51,55.74,56.26,1592000,DGC
2021-12-15 07:00:00,55.74,56.2,54.68,55.58,1410000,DGC
2021-12-16 07:00:00,56.55,56.55,55.23,55.91,756100,DGC
2021-12-17 07:00:00,55.62,55.84,54.94,55.42,1942700,DGC
2021-12-20 07:00:00,55.36,55.36,53.56,53.82,1494900,DGC
2021-12-21 07:00:00,53.82,54.07,51.02,51.7,2557600,DGC
2021-12-22 07:00:00,51.31,53.01,51.31,52.31,1460100,DGC
2021-12-23 07:00:00,51.6,52.63,50.6,51.09,1776500,DGC
2021-12-24 07:00:00,51.41,51.41,50.28,51.38,621900,DGC
2021-12-27 07:00:00,51.12,52.18,51.12,51.99,501500,DGC
2021-12-28 07:00:00,51.57,52.53,51.57,51.99,619400,DGC
2021-12-29 07:00:00,52.31,52.31,51.08,51.4,730500,DGC
2021-12-30 07:00:00,50.98,51.4,50.66,51.08,645400,DGC
2021-12-31 07:00:00,51.28,51.7,50.76,51.7,529000,DGC
2022-01-04 07:00:00,51.73,52.05,51.44,51.5,643100,DGC
2022-01-05 07:00:00,51.5,51.5,50.66,50.66,846500,DGC
2022-01-06 07:00:00,50.43,51.31,50.27,50.34,613100,DGC
2022-01-07 07:00:00,50.37,50.5,49.5,49.53,1010200,DGC
2022-01-10 07:00:00,49.43,49.43,46.26,46.88,2039400,DGC
2022-01-11 07:00:00,46.94,46.98,46.1,46.23,1309500,DGC
2022-01-12 07:00:00,46.88,48.49,46.42,48.46,758800,DGC
2022-01-13 07:00:00,48.01,48.33,47.27,47.36,405100,DGC
2022-01-14 07:00:00,46.3,47.4,46.3,46.59,311000,DGC
2022-01-17 07:00:00,47.2,47.2,43.35,43.35,1020500,DGC
2022-01-18 07:00:00,42.35,43.32,40.74,41.77,972500,DGC
2022-01-19 07:00:00,42.03,44.68,42.03,44.68,523300,DGC
2022-01-20 07:00:00,47.78,47.78,46.88,47.78,758400,DGC
2022-01-21 07:00:00,48.98,49.11,47.52,47.85,599100,DGC
2022-01-24 07:00:00,47.85,47.85,44.81,45.26,608200,DGC
2022-01-25 07:00:00,44.45,46.62,44.45,46.62,538700,DGC
2022-01-26 07:00:00,47.17,47.52,44.71,44.78,607900,DGC
2022-01-27 07:00:00,44.65,45.1,43.32,43.32,581900,DGC
2022-01-28 07:00:00,42.71,44.94,42.68,44.62,319000,DGC
2022-02-07 07:00:00,45.58,46.23,44.62,46.23,446700,DGC
2022-02-08 07:00:00,46.17,48.46,45.58,47.69,553100,DGC
2022-02-09 07:00:00,48.01,48.01,46.88,47.52,257700,DGC
2022-02-10 07:00:00,47.23,47.23,46.1,46.23,664200,DGC
2022-02-11 07:00:00,46.23,47.85,46.2,47.2,459600,DGC
2022-02-14 07:00:00,46.55,47.17,45.58,45.62,687900,DGC
2022-02-15 07:00:00,45.55,46.1,45.55,45.71,236200,DGC
2022-02-16 07:00:00,45.81,46.68,45.58,46.23,288200,DGC
2022-02-17 07:00:00,46.23,48.4,46.23,47.52,1132500,DGC
2022-02-18 07:00:00,47.49,48.95,47.04,48.88,1468700,DGC
2022-02-21 07:00:00,49.43,49.46,48.66,48.98,842200,DGC
2022-02-22 07:00:00,48.24,49.63,47.69,49.46,1286000,DGC
2022-02-23 07:00:00,49.5,52.37,49.5,50.76,1867100,DGC
2022-02-24 07:00:00,50.47,52.37,50.47,52.34,2082900,DGC
2022-02-25 07:00:00,52.7,54.44,52.31,52.31,2105400,DGC
2022-02-28 07:00:00,52.66,53.34,51.24,52.73,1842200,DGC
2022-03-01 07:00:00,52.96,53.96,52.63,52.76,1246900,DGC
2022-03-02 07:00:00,52.7,53.67,52.08,53.67,1697600,DGC
2022-03-03 07:00:00,53.99,57.42,53.99,57.42,5507000,DGC
2022-03-04 07:00:00,58.84,59.16,57.22,57.42,3403000,DGC
2022-03-07 07:00:00,58.39,61.43,58.39,61.39,4069300,DGC
2022-03-08 07:00:00,61.46,62.56,58.52,58.84,3052400,DGC
2022-03-09 07:00:00,59.71,61.26,58.68,61.1,2996100,DGC
2022-03-10 07:00:00,59.97,62.69,59.81,60.46,1437000,DGC
2022-03-11 07:00:00,60.46,62.4,60.1,60.81,2314200,DGC
2022-03-14 07:00:00,61.01,62.07,58.19,58.19,2379900,DGC
2022-03-15 07:00:00,58.19,59.16,55.77,57.77,2176000,DGC
2022-03-16 07:00:00,58.78,61.75,57.77,61.1,1673100,DGC
2022-03-17 07:00:00,61.62,61.75,58.81,60.0,1599500,DGC
2022-03-18 07:00:00,60.62,61.59,60.04,61.14,1848700,DGC
2022-03-21 07:00:00,61.59,64.66,61.26,64.5,3422100,DGC
2022-03-22 07:00:00,64.59,68.99,64.59,68.99,3093400,DGC
2022-03-23 07:00:00,70.16,73.42,70.09,73.42,3169000,DGC
2022-03-24 07:00:00,73.06,74.68,71.12,71.93,3439900,DGC
2022-03-25 07:00:00,71.45,72.74,70.54,72.74,2561600,DGC
2022-03-28 07:00:00,72.9,75.97,72.13,75.94,2171400,DGC
2022-03-29 07:00:00,77.27,77.27,71.45,73.87,2885500,DGC
2022-03-30 07:00:00,72.74,75.33,70.96,75.0,3207600,DGC
2022-03-31 07:00:00,75.65,76.14,73.71,73.71,1743900,DGC
2022-04-01 07:00:00,72.74,74.29,72.1,73.71,1744400,DGC
2022-04-04 07:00:00,73.39,73.55,71.12,71.45,1907500,DGC
2022-04-05 07:00:00,71.29,72.42,69.12,69.51,1770700,DGC
2022-04-06 07:00:00,68.31,71.38,68.22,70.09,1340400,DGC
2022-04-07 07:00:00,69.83,72.9,69.83,72.1,1410000,DGC
2022-04-08 07:00:00,72.03,72.58,69.54,69.83,1297600,DGC
2022-04-12 07:00:00,70.16,72.0,69.02,69.83,1112200,DGC
2022-04-13 07:00:00,70.93,74.71,70.48,74.71,2285800,DGC
2022-04-14 07:00:00,76.62,79.92,76.14,79.92,2400900,DGC
2022-04-15 07:00:00,79.85,81.63,78.62,80.18,1260400,DGC
2022-04-18 07:00:00,80.47,81.15,77.91,79.21,1398500,DGC
2022-04-19 07:00:00,80.18,84.74,79.53,82.38,2350900,DGC
2022-04-20 07:00:00,82.41,82.76,77.59,78.56,2448200,DGC
2022-04-21 07:00:00,77.27,81.41,75.97,79.85,1408900,DGC
2022-04-22 07:00:00,80.82,80.82,74.29,76.94,4671400,DGC
2022-04-25 07:00:00,75.33,77.69,71.58,71.58,2001500,DGC
2022-04-26 07:00:00,66.63,72.42,66.6,72.1,2139100,DGC
2022-04-27 07:00:00,71.77,73.71,68.67,73.39,1720300,DGC
2022-04-28 07:00:00,73.65,74.36,71.38,73.71,1255200,DGC
2022-04-29 07:00:00,73.06,78.85,72.42,77.88,2100200,DGC
2022-05-04 07:00:00,77.59,79.82,76.62,77.4,1027200,DGC
2022-05-05 07:00:00,78.24,78.24,73.55,76.56,1557400,DGC
2022-05-06 07:00:00,74.04,77.56,73.87,74.68,1421300,DGC
2022-05-09 07:00:00,73.39,74.04,69.48,69.48,1672100,DGC
2022-05-10 07:00:00,66.28,69.15,64.69,68.54,2099800,DGC
2022-05-11 07:00:00,69.31,69.51,66.79,68.54,809700,DGC
2022-05-12 07:00:00,67.28,68.38,63.75,63.75,1980600,DGC
2022-05-13 07:00:00,63.04,63.69,59.29,59.29,2508900,DGC
2022-05-16 07:00:00,60.78,63.43,58.22,58.22,1497600,DGC
2022-05-17 07:00:00,56.25,62.3,56.25,62.3,1245200,DGC
2022-05-18 07:00:00,63.04,65.76,63.04,65.63,1215700,DGC
2022-05-19 07:00:00,63.79,70.16,62.72,69.51,1607700,DGC
2022-05-20 07:00:00,69.48,70.8,68.22,68.86,952100,DGC
2022-05-23 07:00:00,70.16,70.32,66.28,69.38,1133400,DGC
2022-05-24 07:00:00,69.9,73.39,69.18,72.1,1507200,DGC
2022-05-25 07:00:00,72.94,74.97,72.42,73.87,994900,DGC
2022-05-26 07:00:00,74.36,75.2,72.42,72.71,985400,DGC
2022-05-27 07:00:00,71.12,71.45,69.09,69.18,2873300,DGC
2022-05-30 07:00:00,68.25,71.77,68.25,69.51,1044200,DGC
2022-05-31 07:00:00,69.99,73.97,69.35,72.29,1301500,DGC
2022-06-01 07:00:00,72.9,75.49,71.61,74.29,1560000,DGC
2022-06-02 07:00:00,74.07,76.78,74.07,75.52,2049400,DGC
2022-06-03 07:00:00,80.79,80.79,80.79,80.79,357200,DGC
2022-06-06 07:00:00,86.33,86.33,82.82,82.89,4625000,DGC
2022-06-07 07:00:00,82.12,88.37,79.31,87.66,2536900,DGC
2022-06-08 07:00:00,90.54,90.82,88.44,89.84,1416600,DGC
2022-06-09 07:00:00,89.49,89.49,87.31,88.44,1418000,DGC
2022-06-10 07:00:00,88.44,94.05,88.44,89.14,3482100,DGC
2022-06-13 07:00:00,87.8,91.03,84.93,85.49,2602100,DGC
2022-06-14 07:00:00,84.58,89.07,84.44,88.3,1739200,DGC
2022-06-15 07:00:00,89.91,91.38,86.05,88.44,2785500,DGC
2022-06-16 07:00:00,90.47,94.61,87.8,94.54,3492100,DGC
2022-06-17 07:00:00,93.35,97.56,92.65,92.65,2656600,DGC
2022-06-20 07:00:00,92.3,92.86,87.73,87.73,2625300,DGC
2022-06-21 07:00:00,86.33,87.66,81.77,81.84,2803300,DGC
2022-06-22 07:00:00,82.82,84.08,76.5,78.61,3048900,DGC
2022-06-23 07:00:00,77.21,84.08,77.21,84.08,980800,DGC
2022-06-24 07:00:00,87.38,88.79,85.77,86.05,1230200,DGC
2022-06-27 07:00:00,85.63,88.79,84.22,84.22,1615600,DGC
2022-06-28 07:00:00,83.52,86.26,82.82,83.31,1880900,DGC
2022-06-29 07:00:00,81.7,84.72,80.72,83.52,1408800,DGC
2022-06-30 07:00:00,84.22,84.72,81.77,81.77,832500,DGC
2022-07-01 07:00:00,81.42,81.7,77.35,78.61,1790000,DGC
2022-07-04 07:00:00,78.75,80.58,74.54,74.54,1791900,DGC
2022-07-05 07:00:00,74.4,74.4,69.42,69.42,3099300,DGC
2022-07-06 07:00:00,67.31,68.29,64.57,64.57,2148800,DGC
2022-07-07 07:00:00,64.57,69.06,63.38,69.06,1776200,DGC
2022-07-08 07:00:00,70.05,71.87,67.38,68.78,3017500,DGC
2022-07-11 07:00:00,67.59,70.47,65.98,66.75,1850100,DGC
2022-07-12 07:00:00,65.98,70.19,65.98,70.19,1973400,DGC
2022-07-13 07:00:00,70.19,71.24,67.38,68.08,1515500,DGC
2022-07-14 07:00:00,67.38,69.49,66.89,68.08,1467400,DGC
2022-07-15 07:00:00,68.5,68.78,67.24,67.24,1555700,DGC
2022-07-18 07:00:00,67.45,68.36,64.64,65.27,1785800,DGC
2022-07-19 07:00:00,64.92,69.06,64.92,68.43,2419100,DGC
2022-07-20 07:00:00,71.1,71.8,70.19,70.19,3151200,DGC
2022-07-21 07:00:00,70.26,71.45,69.49,70.54,1852900,DGC
2022-07-22 07:00:00,70.61,71.17,68.71,68.92,1744700,DGC
2022-07-25 07:00:00,68.57,68.78,67.03,67.73,1538400,DGC
2022-07-26 07:00:00,67.87,69.14,66.89,67.17,1388100,DGC
2022-07-27 07:00:00,67.17,68.08,66.4,67.38,927700,DGC
2022-07-28 07:00:00,68.43,68.57,67.1,67.38,2861500,DGC
2022-07-29 07:00:00,67.1,67.38,62.68,62.68,6404300,DGC
2022-08-01 07:00:00,60.71,63.87,58.68,63.87,4464400,DGC
2022-08-02 07:00:00,63.87,64.43,61.98,62.26,1898400,DGC
2022-08-03 07:00:00,61.76,63.52,60.92,62.47,2012100,DGC
2022-08-04 07:00:00,62.47,64.71,62.26,63.73,2890700,DGC
2022-08-05 07:00:00,63.45,63.45,62.89,63.1,1440100,DGC
2022-08-08 07:00:00,63.03,65.27,62.82,64.22,2455100,DGC
2022-08-09 07:00:00,64.92,68.08,64.71,66.82,3358200,DGC
2022-08-10 07:00:00,66.33,67.38,65.62,65.62,1586200,DGC
2022-08-11 07:00:00,66.47,66.47,63.52,63.87,2311000,DGC
2022-08-12 07:00:00,63.87,64.99,62.82,64.29,1833800,DGC
2022-08-15 07:00:00,65.42,66.33,64.57,65.34,1552300,DGC
2022-08-16 07:00:00,65.34,66.68,65.27,65.7,2092500,DGC
2022-08-17 07:00:00,65.98,66.33,64.78,65.48,1918700,DGC
2022-08-18 07:00:00,65.91,67.8,65.56,66.19,4051000,DGC
2022-08-19 07:00:00,66.68,67.31,65.34,65.56,1792400,DGC
2022-08-22 07:00:00,65.2,65.84,64.64,64.78,1290800,DGC
2022-08-23 07:00:00,64.15,64.43,63.17,64.29,2513100,DGC
2022-08-24 07:00:00,64.92,67.38,64.15,66.61,3905400,DGC
2022-08-25 07:00:00,66.96,69.91,66.68,69.06,4431300,DGC
2022-08-26 07:00:00,69.14,69.14,67.59,67.73,2228800,DGC
2022-08-29 07:00:00,66.4,68.57,66.12,68.29,5009000,DGC
2022-08-30 07:00:00,69.2,71.45,69.2,70.26,5403100,DGC
2022-08-31 07:00:00,70.75,70.82,69.2,69.84,2385800,DGC
2022-09-05 07:00:00,70.19,71.94,69.91,71.1,2608700,DGC
2022-09-06 07:00:00,71.87,72.64,70.54,70.61,3950500,DGC
2022-09-07 07:00:00,70.61,70.68,66.19,66.19,4562200,DGC
2022-09-08 07:00:00,67.38,68.64,66.4,67.94,3562000,DGC
2022-09-09 07:00:00,67.73,69.14,66.61,69.14,2588000,DGC
2022-09-12 07:00:00,69.42,71.8,69.14,71.1,4096400,DGC
2022-09-13 07:00:00,71.59,72.29,70.68,71.8,3865700,DGC
2022-09-14 07:00:00,70.19,71.38,69.49,71.24,3084500,DGC
2022-09-15 07:00:00,71.94,72.22,70.26,70.26,3483800,DGC
2022-09-16 07:00:00,70.19,71.24,68.43,68.43,5746900,DGC
2022-09-19 07:00:00,68.78,69.06,65.98,65.98,4324400,DGC
2022-09-20 07:00:00,67.31,67.94,64.71,67.59,2499800,DGC
2022-09-21 07:00:00,66.82,67.59,66.12,66.68,1153500,DGC
2022-09-22 07:00:00,66.33,67.38,65.42,67.38,1938400,DGC
2022-09-23 07:00:00,67.31,67.31,65.62,65.62,2117400,DGC
2022-09-26 07:00:00,64.22,64.71,61.06,61.06,5696300,DGC
2022-09-27 07:00:00,61.2,61.7,57.84,58.04,3693800,DGC
2022-09-28 07:00:00,57.55,58.54,54.75,54.75,4024500,DGC
2022-09-29 07:00:00,56.5,56.5,50.96,50.96,3902800,DGC
2022-09-30 07:00:00,49.76,54.47,48.43,54.47,5658300,DGC
2022-10-03 07:00:00,54.75,56.5,51.38,51.8,3214700,DGC
2022-10-04 07:00:00,52.78,53.76,51.38,52.01,3343700,DGC
2022-10-05 07:00:00,53.34,54.96,52.99,53.9,2608300,DGC
2022-10-06 07:00:00,54.4,55.03,50.25,50.25,3683400,DGC
2022-10-07 07:00:00,47.8,49.48,46.74,47.24,5208000,DGC
2022-10-10 07:00:00,46.46,50.54,46.46,50.54,3640500,DGC
2022-10-11 07:00:00,50.11,50.89,48.01,48.99,3723900,DGC
2022-10-12 07:00:00,49.2,52.36,48.99,51.94,3911200,DGC
2022-10-13 07:00:00,51.94,53.55,51.66,52.99,2449300,DGC
2022-10-14 07:00:00,54.61,56.64,54.04,56.01,5940500,DGC
2022-10-17 07:00:00,55.59,58.33,54.82,58.33,3914900,DGC
2022-10-18 07:00:00,59.59,59.59,56.29,57.2,4176000,DGC
2022-10-19 07:00:00,56.92,58.89,56.92,57.2,3719400,DGC
2022-10-20 07:00:00,57.55,57.76,54.68,55.1,4231700,DGC
2022-10-21 07:00:00,55.45,55.45,51.31,51.31,5117900,DGC
2022-10-24 07:00:00,52.15,53.9,50.89,51.24,4332200,DGC
2022-10-25 07:00:00,51.94,54.47,50.32,52.64,4441900,DGC
2022-10-26 07:00:00,53.27,54.26,52.78,53.55,2676800,DGC
2022-10-27 07:00:00,53.13,55.87,52.78,55.45,3568400,DGC
2022-10-28 07:00:00,56.15,56.5,54.32,54.32,2813400,DGC
2022-10-31 07:00:00,54.61,54.82,51.52,53.97,4058900,DGC
2022-11-01 07:00:00,54.12,54.68,52.43,52.43,2735600,DGC
2022-11-02 07:00:00,52.29,53.06,50.54,51.03,3544000,DGC
2022-11-03 07:00:00,50.54,52.01,50.25,51.38,1280300,DGC
2022-11-04 07:00:00,51.24,51.24,48.64,49.83,3306600,DGC
2022-11-07 07:00:00,49.83,50.4,47.24,49.41,3118000,DGC
2022-11-08 07:00:00,49.41,50.11,48.71,49.83,2261700,DGC
2022-11-09 07:00:00,50.4,50.4,48.85,49.76,1378100,DGC
2022-11-10 07:00:00,48.5,48.99,46.32,46.32,2874700,DGC
2022-11-11 07:00:00,47.38,47.38,43.1,43.1,3203300,DGC
2022-11-14 07:00:00,40.15,40.15,40.15,40.15,569200,DGC
2022-11-15 07:00:00,37.34,37.34,37.34,37.34,248600,DGC
2022-11-16 07:00:00,34.74,39.94,34.74,39.94,12959600,DGC
2022-11-17 07:00:00,41.76,42.67,41.2,41.41,3085200,DGC
2022-11-18 07:00:00,41.41,41.48,38.53,38.53,8514600,DGC
2022-11-21 07:00:00,38.6,38.81,35.87,35.87,7210300,DGC
2022-11-22 07:00:00,34.74,37.55,33.76,35.87,6143000,DGC
2022-11-23 07:00:00,35.87,37.41,35.87,36.5,3210900,DGC
2022-11-24 07:00:00,36.43,36.64,34.81,35.8,3274800,DGC
2022-11-25 07:00:00,35.94,36.92,34.6,35.38,4887000,DGC
2022-11-28 07:00:00,36.15,37.83,36.01,37.83,5248800,DGC
2022-11-29 07:00:00,39.3,40.43,38.53,40.43,6135600,DGC
2022-11-30 07:00:00,41.2,42.74,41.06,42.74,4653200,DGC
2022-12-01 07:00:00,43.52,44.85,40.71,40.71,6420100,DGC
2022-12-02 07:00:00,40.71,43.52,39.87,43.45,5784400,DGC
2022-12-05 07:00:00,44.92,44.99,43.45,44.92,4394800,DGC
2022-12-06 07:00:00,43.87,46.88,43.16,44.22,6316800,DGC
2022-12-07 07:00:00,43.87,44.92,42.96,44.01,3002700,DGC
2022-12-08 07:00:00,44.57,46.18,44.15,45.2,3540200,DGC
2022-12-09 07:00:00,45.2,45.55,43.87,44.64,1928600,DGC
2022-12-12 07:00:00,44.64,46.11,44.64,45.62,3953600,DGC
2022-12-13 07:00:00,45.62,45.9,44.78,45.9,2803000,DGC
2022-12-14 07:00:00,46.88,48.78,46.11,47.45,4832800,DGC
2022-12-15 07:00:00,47.52,48.36,47.38,47.87,1996800,DGC
2022-12-16 07:00:00,47.03,47.94,47.03,47.8,3078800,DGC
2022-12-19 07:00:00,48.31,48.31,45.89,46.26,3681300,DGC
2022-12-20 07:00:00,45.67,46.26,43.24,45.38,4273900,DGC
2022-12-21 07:00:00,45.38,46.26,42.58,44.27,1916600,DGC
2022-12-22 07:00:00,44.79,44.79,42.88,44.27,1327000,DGC
2022-12-23 07:00:00,43.69,43.91,42.95,43.32,1362900,DGC
2022-12-26 07:00:00,43.02,43.02,40.31,40.31,2760600,DGC
2022-12-27 07:00:00,40.02,42.73,39.65,42.73,1874800,DGC
2022-12-28 07:00:00,43.32,43.32,41.56,43.32,1540600,DGC
2022-12-29 07:00:00,43.1,43.32,42.22,42.51,968900,DGC
2022-12-30 07:00:00,42.44,43.24,42.07,43.24,1390000,DGC
2023-01-03 07:00:00,43.24,44.35,42.58,43.83,1790900,DGC
2023-01-04 07:00:00,44.35,45.45,43.98,44.2,1731200,DGC
2023-01-05 07:00:00,44.2,45.08,44.2,44.71,1367200,DGC
2023-01-06 07:00:00,44.49,44.79,42.88,43.02,1939000,DGC
2023-01-09 07:00:00,43.17,43.76,42.29,42.29,1265000,DGC
2023-01-10 07:00:00,42.58,42.73,41.26,41.48,1782700,DGC
2023-01-11 07:00:00,41.85,42.22,41.41,41.41,1183200,DGC
2023-01-12 07:00:00,41.85,41.92,41.04,41.12,976400,DGC
2023-01-13 07:00:00,41.78,42.58,41.48,41.78,1256100,DGC
2023-01-16 07:00:00,42.14,42.14,41.41,41.41,845500,DGC
2023-01-17 07:00:00,41.41,43.39,41.41,43.17,1867300,DGC
2023-01-18 07:00:00,43.69,43.69,43.1,43.47,1660900,DGC
2023-01-19 07:00:00,43.54,44.79,43.54,43.98,2053600,DGC
2023-01-27 07:00:00,44.79,44.93,42.95,43.32,1930000,DGC
2023-01-30 07:00:00,43.47,43.69,42.88,42.88,1928700,DGC
2023-01-31 07:00:00,42.66,44.57,42.66,44.27,3875600,DGC
2023-02-01 07:00:00,44.79,46.4,44.05,44.05,5287500,DGC
2023-02-02 07:00:00,44.49,45.3,43.02,43.39,2704700,DGC
2023-02-03 07:00:00,43.91,43.91,42.58,43.17,1831400,DGC
2023-02-06 07:00:00,43.1,43.54,42.0,42.58,1728900,DGC
2023-02-07 07:00:00,42.58,42.8,40.75,40.82,3836200,DGC
2023-02-08 07:00:00,41.12,41.41,39.72,40.38,2336200,DGC
2023-02-09 07:00:00,40.6,41.48,40.38,40.53,1059500,DGC
2023-02-10 07:00:00,40.6,40.97,40.24,40.38,1018200,DGC
2023-02-13 07:00:00,40.38,40.38,38.18,38.33,2575700,DGC
2023-02-14 07:00:00,38.55,39.21,38.25,38.91,1605700,DGC
2023-02-15 07:00:00,39.21,39.8,38.69,39.35,1027200,DGC
2023-02-16 07:00:00,39.43,39.87,38.91,39.13,1204700,DGC
2023-02-17 07:00:00,39.28,39.35,38.69,38.91,997100,DGC
2023-02-20 07:00:00,38.91,40.16,38.77,40.16,1835100,DGC
2023-02-21 07:00:00,40.24,40.68,39.8,40.09,1655500,DGC
2023-02-22 07:00:00,39.5,39.87,38.91,38.91,2064800,DGC
2023-02-23 07:00:00,38.91,38.99,37.22,38.18,2570800,DGC
2023-02-24 07:00:00,38.47,38.47,37.08,37.15,1356200,DGC
2023-02-27 07:00:00,36.71,37.3,36.05,36.27,2139800,DGC
2023-02-28 07:00:00,36.56,37.01,35.68,36.78,1309600,DGC
2023-03-01 07:00:00,36.42,36.93,36.27,36.93,827500,DGC
2023-03-02 07:00:00,37.08,37.81,37.08,37.44,930700,DGC
2023-03-03 07:00:00,37.44,37.52,36.64,36.93,1021000,DGC
2023-03-06 07:00:00,37.44,37.44,36.78,37.15,1522000,DGC
2023-03-07 07:00:00,37.15,37.37,36.49,37.15,964900,DGC
2023-03-08 07:00:00,36.34,37.15,36.34,37.15,953000,DGC
2023-03-09 07:00:00,37.3,38.25,37.08,38.11,2007000,DGC
2023-03-10 07:00:00,37.74,39.21,37.59,38.62,2711200,DGC
2023-03-13 07:00:00,38.18,38.62,37.66,38.03,1561700,DGC
2023-03-14 07:00:00,37.89,38.47,37.44,37.89,1595700,DGC
2023-03-15 07:00:00,38.4,38.84,38.03,38.55,1570700,DGC
2023-03-16 07:00:00,38.11,38.18,37.52,38.18,1034100,DGC
2023-03-17 07:00:00,38.18,38.55,37.89,38.55,2142400,DGC
2023-03-20 07:00:00,38.18,38.4,37.15,37.15,1241900,DGC
2023-03-21 07:00:00,37.37,37.81,36.34,37.44,1551500,DGC
2023-03-22 07:00:00,37.74,37.74,37.15,37.15,458200,DGC
2023-03-23 07:00:00,36.78,37.44,36.78,37.15,656300,DGC
2023-03-24 07:00:00,37.3,37.44,37.01,37.15,721600,DGC
2023-03-27 07:00:00,37.15,37.52,37.08,37.44,877600,DGC
2023-03-28 07:00:00,37.52,38.33,37.44,37.96,1458000,DGC
2023-03-29 07:00:00,37.96,38.11,37.52,38.11,815400,DGC
2023-03-30 07:00:00,38.55,38.84,37.59,37.66,1268600,DGC
2023-03-31 07:00:00,37.81,37.89,37.3,37.66,1234100,DGC
2023-04-03 07:00:00,37.81,38.25,37.74,38.18,1734700,DGC
2023-04-04 07:00:00,38.4,39.5,38.18,39.21,3419900,DGC
2023-04-05 07:00:00,39.57,40.31,39.28,39.8,2344300,DGC
2023-04-06 07:00:00,39.87,40.24,38.99,38.99,2312000,DGC
2023-04-07 07:00:00,39.28,39.35,38.55,38.62,1345700,DGC
2023-04-10 07:00:00,38.77,39.5,38.62,38.69,1890100,DGC
2023-04-11 07:00:00,38.62,38.84,38.25,38.77,1252300,DGC
2023-04-12 07:00:00,38.91,39.57,38.77,38.91,1417400,DGC
2023-04-13 07:00:00,39.44,40.86,38.99,40.86,4832000,DGC
2023-04-14 07:00:00,41.16,42.36,40.64,40.64,4115700,DGC
2023-04-17 07:00:00,40.78,40.93,39.51,39.89,2454300,DGC
2023-04-18 07:00:00,39.89,41.01,39.81,40.41,2366900,DGC
2023-04-19 07:00:00,40.41,41.46,39.96,40.41,2517200,DGC
2023-04-20 07:00:00,40.41,40.71,40.04,40.11,1296200,DGC
2023-04-21 07:00:00,40.26,40.71,38.91,38.91,4259600,DGC
2023-04-24 07:00:00,38.91,39.36,38.39,38.39,1826100,DGC
2023-04-25 07:00:00,38.54,38.84,38.16,38.54,1807300,DGC
2023-04-26 07:00:00,38.54,38.61,38.09,38.47,1660400,DGC
2023-04-27 07:00:00,38.61,39.36,38.54,38.61,1664100,DGC
2023-04-28 07:00:00,38.84,39.29,38.47,38.54,1493300,DGC
2023-05-04 07:00:00,38.61,39.06,38.09,38.16,1697400,DGC
2023-05-05 07:00:00,38.16,38.69,38.16,38.47,1131700,DGC
2023-05-08 07:00:00,38.54,38.76,38.32,38.69,1294100,DGC
2023-05-09 07:00:00,38.91,39.06,38.47,38.69,1081400,DGC
2023-05-10 07:00:00,38.61,38.61,38.24,38.32,2019000,DGC
2023-05-11 07:00:00,38.54,39.59,38.39,39.06,3286900,DGC
2023-05-12 07:00:00,39.06,39.14,38.61,38.76,1492000,DGC
2023-05-15 07:00:00,38.91,38.99,38.54,38.54,1537300,DGC
2023-05-16 07:00:00,38.69,38.69,38.09,38.32,2526200,DGC
2023-05-17 07:00:00,38.16,38.76,38.02,38.02,1898900,DGC
2023-05-18 07:00:00,38.09,38.09,37.72,37.72,1815300,DGC
2023-05-19 07:00:00,37.79,37.94,37.42,37.57,1741400,DGC
2023-05-22 07:00:00,37.57,37.87,37.42,37.72,1473600,DGC
2023-05-23 07:00:00,37.87,38.91,37.64,38.47,2367300,DGC
2023-05-24 07:00:00,38.54,38.69,37.94,38.02,1068700,DGC
2023-05-25 07:00:00,37.87,38.02,37.57,37.94,1369600,DGC
2023-05-26 07:00:00,38.09,38.47,37.57,37.64,1558800,DGC
2023-05-29 07:00:00,37.94,38.91,37.64,38.54,2687600,DGC
2023-05-30 07:00:00,38.91,40.34,38.69,40.26,7508800,DGC
2023-05-31 07:00:00,40.48,40.64,39.89,40.11,3329000,DGC
2023-06-01 07:00:00,40.11,41.08,40.11,40.86,5156300,DGC
2023-06-02 07:00:00,41.16,42.13,40.93,42.13,6220700,DGC
2023-06-05 07:00:00,42.73,45.05,41.91,44.23,8437500,DGC
2023-06-06 07:00:00,44.3,44.9,43.85,44.75,3637700,DGC
2023-06-07 07:00:00,44.75,46.32,44.6,45.2,4554600,DGC
2023-06-08 07:00:00,45.2,45.65,44.15,44.15,4842000,DGC
2023-06-09 07:00:00,44.45,47.22,44.0,47.22,9222300,DGC
2023-06-12 07:00:00,48.12,48.57,46.85,48.27,3491400,DGC
2023-06-13 07:00:00,48.49,48.49,46.25,46.92,5373400,DGC
2023-06-14 07:00:00,47.14,47.59,46.02,46.02,3274800,DGC
2023-06-15 07:00:00,46.02,46.92,45.87,46.77,3445800,DGC
2023-06-16 07:00:00,47.22,47.74,45.95,45.95,4712700,DGC
2023-06-19 07:00:00,45.95,46.32,45.42,45.8,3235600,DGC
2023-06-20 07:00:00,46.25,47.07,45.8,47.07,2821100,DGC
2023-06-21 07:00:00,47.14,47.82,47.0,47.67,3683500,DGC
2023-06-22 07:00:00,47.89,49.69,47.52,49.39,6396200,DGC
2023-06-23 07:00:00,49.32,49.39,48.49,48.87,3414800,DGC
2023-06-26 07:00:00,48.64,49.62,47.74,48.57,3842900,DGC
2023-06-27 07:00:00,48.64,50.14,48.42,49.02,4161700,DGC
2023-06-28 07:00:00,49.02,49.84,48.94,48.94,2912100,DGC
2023-06-29 07:00:00,49.24,49.24,47.14,47.14,6249000,DGC
2023-06-30 07:00:00,47.14,48.04,47.0,47.74,1924700,DGC
2023-07-03 07:00:00,48.57,49.09,47.74,47.74,2187500,DGC
2023-07-04 07:00:00,47.74,48.49,47.67,48.49,2334800,DGC
2023-07-05 07:00:00,49.02,50.74,48.64,49.84,9033100,DGC
2023-07-06 07:00:00,49.91,50.51,49.54,50.51,4735300,DGC
2023-07-07 07:00:00,50.36,51.49,50.29,50.74,3434000,DGC
2023-07-10 07:00:00,50.81,51.11,50.44,50.74,3716500,DGC
2023-07-11 07:00:00,50.81,50.81,49.54,49.84,5092400,DGC
2023-07-12 07:00:00,50.14,51.19,49.62,50.66,4538100,DGC
2023-07-13 07:00:00,51.04,54.18,51.04,53.28,6615100,DGC
2023-07-14 07:00:00,53.88,54.55,52.91,53.58,3856200,DGC
2023-07-17 07:00:00,53.88,54.33,53.28,53.43,2340400,DGC
2023-07-18 07:00:00,53.66,54.26,52.91,52.98,3266900,DGC
2023-07-19 07:00:00,53.13,53.73,52.76,53.13,2835400,DGC
2023-07-20 07:00:00,53.28,55.0,53.28,54.55,5116900,DGC
2023-07-21 07:00:00,54.7,55.3,54.48,54.63,3264000,DGC
2023-07-24 07:00:00,54.7,54.7,53.58,54.1,4582200,DGC
2023-07-25 07:00:00,54.4,54.63,53.51,54.1,3359800,DGC
2023-07-26 07:00:00,54.1,55.23,53.66,53.88,3165400,DGC
2023-07-27 07:00:00,53.88,53.96,52.83,53.36,4549300,DGC
2023-07-28 07:00:00,53.51,54.55,53.21,54.33,3038500,DGC
2023-07-31 07:00:00,54.85,55.0,53.88,53.88,2887400,DGC
2023-08-01 07:00:00,54.26,56.8,53.43,55.68,7667100,DGC
2023-08-02 07:00:00,55.38,56.35,55.15,55.45,2202400,DGC
2023-08-03 07:00:00,55.38,56.5,54.93,55.45,3368400,DGC
2023-08-04 07:00:00,55.53,56.42,55.3,55.75,2596900,DGC
2023-08-07 07:00:00,56.05,56.2,55.15,55.3,3386700,DGC
2023-08-08 07:00:00,55.38,56.28,55.08,55.83,3114300,DGC
2023-08-09 07:00:00,56.12,56.12,55.3,55.38,2160100,DGC
2023-08-10 07:00:00,55.38,56.72,55.23,55.53,5085100,DGC
2023-08-11 07:00:00,56.05,56.12,54.4,54.85,5349300,DGC
2023-08-14 07:00:00,55.0,55.6,54.55,54.93,2545600,DGC
2023-08-15 07:00:00,55.3,57.17,54.85,57.17,6386500,DGC
2023-08-16 07:00:00,57.47,57.55,56.28,56.65,2665600,DGC
2023-08-17 07:00:00,56.65,57.17,56.35,56.57,3093700,DGC
2023-08-18 07:00:00,56.2,56.57,52.68,52.76,9711700,DGC
2023-08-21 07:00:00,52.83,53.66,51.64,52.38,3599300,DGC
2023-08-22 07:00:00,52.91,53.21,50.14,53.13,3516600,DGC
2023-08-23 07:00:00,53.81,54.63,53.36,54.18,2979000,DGC
2023-08-24 07:00:00,54.26,56.5,54.03,56.2,5128900,DGC
2023-08-25 07:00:00,56.28,59.87,56.05,59.72,8219400,DGC
2023-08-28 07:00:00,59.94,62.71,59.94,62.71,4225200,DGC
2023-08-29 07:00:00,62.79,63.16,61.44,62.11,3441000,DGC
2023-08-30 07:00:00,62.26,63.68,62.11,62.64,2285300,DGC
2023-08-31 07:00:00,62.86,65.48,62.49,65.48,3416800,DGC
2023-09-05 07:00:00,65.78,68.17,64.81,68.1,3282300,DGC
2023-09-06 07:00:00,68.1,69.37,66.98,67.95,3467300,DGC
2023-09-07 07:00:00,68.02,69.0,66.6,66.6,2882100,DGC
2023-09-08 07:00:00,67.35,70.27,66.98,69.15,4509500,DGC
2023-09-11 07:00:00,70.34,70.34,67.42,68.02,4877600,DGC
2023-09-12 07:00:00,68.17,69.22,67.95,69.0,2161100,DGC
2023-09-13 07:00:00,69.97,69.97,67.8,67.95,4308800,DGC
2023-09-14 07:00:00,67.58,69.45,67.42,67.95,3433700,DGC
2023-09-15 07:00:00,68.25,69.07,67.72,67.95,2315400,DGC
2023-09-18 07:00:00,67.35,67.95,66.08,66.75,4025600,DGC
2023-09-19 07:00:00,66.83,69.82,66.83,69.45,5109900,DGC
2023-09-20 07:00:00,69.74,72.96,69.74,71.77,3462600,DGC
2023-09-21 07:00:00,71.84,72.59,70.04,70.34,3491400,DGC
2023-09-22 07:00:00,69.22,74.54,68.4,73.34,7370000,DGC
2023-09-25 07:00:00,73.34,73.86,68.25,68.25,5155900,DGC
2023-09-26 07:00:00,67.35,70.12,67.35,67.72,5426000,DGC
2023-09-27 07:00:00,68.77,68.85,64.36,68.55,5559900,DGC
2023-09-28 07:00:00,68.7,70.34,67.28,70.27,3637200,DGC
2023-09-29 07:00:00,71.09,71.47,69.52,69.97,2717700,DGC
2023-10-02 07:00:00,69.6,70.72,69.45,70.12,1894700,DGC
2023-10-03 07:00:00,69.6,69.74,67.28,68.1,4586800,DGC
2023-10-04 07:00:00,67.35,71.47,66.6,70.72,6062700,DGC
2023-10-05 07:00:00,71.24,72.59,69.6,69.6,3498100,DGC
2023-10-06 07:00:00,70.27,71.69,68.92,71.09,2451600,DGC
2023-10-09 07:00:00,71.17,73.71,71.17,72.59,4070800,DGC
2023-10-10 07:00:00,73.34,73.34,71.09,71.32,3452200,DGC
2023-10-11 07:00:00,71.32,72.59,70.87,72.59,1889800,DGC
2023-10-12 07:00:00,72.96,75.58,72.29,73.26,4366800,DGC
2023-10-13 07:00:00,72.51,74.46,72.36,74.31,3282300,DGC
2023-10-16 07:00:00,74.24,74.68,72.22,72.51,3252100,DGC
2023-10-17 07:00:00,72.74,73.26,67.5,67.5,3049600,DGC
2023-10-18 07:00:00,68.92,69.22,64.96,68.17,7116600,DGC
2023-10-19 07:00:00,68.32,68.47,66.3,67.2,2735000,DGC
2023-10-20 07:00:00,67.2,68.1,64.28,68.02,5009000,DGC
2023-10-23 07:00:00,67.72,68.02,64.73,65.48,3812800,DGC
2023-10-24 07:00:00,65.7,67.8,65.48,67.28,2017800,DGC
2023-10-25 07:00:00,67.28,67.72,66.23,66.83,1508600,DGC
2023-10-26 07:00:00,65.48,65.78,62.19,63.61,6704100,DGC
2023-10-27 07:00:00,63.61,64.43,60.69,63.61,1823200,DGC
2023-10-30 07:00:00,62.49,63.83,60.99,60.99,1826300,DGC
2023-10-31 07:00:00,61.74,61.81,58.82,59.12,3753200,DGC
2023-11-01 07:00:00,59.27,60.09,57.25,60.09,3412400,DGC
2023-11-02 07:00:00,61.36,64.28,60.62,64.21,3107800,DGC
2023-11-03 07:00:00,64.88,64.88,63.46,64.21,2005500,DGC
2023-11-06 07:00:00,64.66,66.6,64.06,66.15,2195600,DGC
2023-11-07 07:00:00,65.78,67.13,64.73,65.85,1838600,DGC
2023-11-08 07:00:00,65.78,69.6,65.63,69.6,2997800,DGC
2023-11-09 07:00:00,69.6,70.87,69.15,69.45,2802100,DGC
2023-11-10 07:00:00,68.7,71.32,68.7,69.6,2711000,DGC
2023-11-13 07:00:00,69.67,70.57,68.62,69.82,1654600,DGC
2023-11-14 07:00:00,70.34,71.24,69.45,69.97,2232400,DGC
2023-11-15 07:00:00,71.09,71.09,70.34,70.34,1914000,DGC
2023-11-16 07:00:00,70.19,71.99,69.67,71.69,2760400,DGC
2023-11-17 07:00:00,71.84,71.84,69.22,69.82,2781700,DGC
2023-11-20 07:00:00,68.32,70.49,68.32,69.82,1840100,DGC
2023-11-21 07:00:00,70.72,71.09,69.97,71.02,2032100,DGC
2023-11-22 07:00:00,71.47,73.26,71.24,71.99,3854900,DGC
2023-11-23 07:00:00,72.51,72.59,69.52,69.52,2597700,DGC
2023-11-24 07:00:00,70.19,71.47,68.32,71.47,3115600,DGC
2023-11-27 07:00:00,71.69,71.77,70.34,70.49,795100,DGC
2023-11-28 07:00:00,70.49,70.57,68.92,70.57,1749500,DGC
2023-11-29 07:00:00,70.94,72.06,70.94,71.69,2153100,DGC
2023-11-30 07:00:00,71.69,72.14,70.72,70.72,1602200,DGC
2023-12-01 07:00:00,71.17,71.39,69.74,71.17,1677600,DGC
2023-12-04 07:00:00,72.14,73.04,71.62,72.96,3190600,DGC
2023-12-05 07:00:00,73.11,74.24,72.59,72.81,2049000,DGC
2023-12-06 07:00:00,72.59,73.34,72.36,73.34,1514400,DGC
2023-12-07 07:00:00,73.34,74.09,71.17,72.74,4001300,DGC
2023-12-08 07:00:00,72.36,73.34,71.99,73.19,1476000,DGC
2023-12-11 07:00:00,73.49,73.56,72.36,73.19,1067800,DGC
2023-12-12 07:00:00,73.19,73.34,72.51,72.59,1149300,DGC
2023-12-13 07:00:00,72.81,73.04,71.77,71.77,1950400,DGC
2023-12-14 07:00:00,71.92,72.44,70.79,71.09,1592100,DGC
2023-12-15 07:00:00,71.09,71.09,69.82,69.82,2658600,DGC
2023-12-18 07:00:00,70.34,71.02,69.0,70.19,1622600,DGC
2023-12-19 07:00:00,70.97,71.35,70.04,71.35,1608500,DGC
2023-12-20 07:00:00,71.28,71.43,70.5,70.81,1000600,DGC
2023-12-21 07:00:00,70.74,70.74,69.65,70.35,1759600,DGC
2023-12-22 07:00:00,70.35,70.35,69.5,69.96,1421400,DGC
2023-12-25 07:00:00,70.04,71.43,69.73,70.97,960900,DGC
2023-12-26 07:00:00,71.28,73.29,71.2,72.59,3027400,DGC
2023-12-27 07:00:00,73.06,73.29,72.44,72.74,1501700,DGC
2023-12-28 07:00:00,72.74,73.75,72.28,72.67,1686200,DGC
2023-12-29 07:00:00,72.44,72.98,72.44,72.98,1296500,DGC
2024-01-02 07:00:00,73.13,73.36,72.13,72.51,1466800,DGC
2024-01-03 07:00:00,72.05,72.67,72.05,72.67,1529900,DGC
2024-01-04 07:00:00,72.82,76.53,72.82,74.21,5627600,DGC
2024-01-05 07:00:00,74.45,74.83,73.36,73.83,1430600,DGC
2024-01-08 07:00:00,74.21,74.6,72.67,72.74,2563400,DGC
2024-01-09 07:00:00,72.67,73.29,72.05,72.59,2335700,DGC
2024-01-10 07:00:00,72.36,72.9,70.74,71.51,3880500,DGC
2024-01-11 07:00:00,71.51,71.82,70.81,71.51,1796300,DGC
2024-01-12 07:00:00,70.89,71.51,70.5,70.81,1778100,DGC
2024-01-15 07:00:00,70.81,71.28,70.74,70.74,929600,DGC
2024-01-16 07:00:00,70.74,72.28,70.5,72.28,1233800,DGC
2024-01-17 07:00:00,71.9,72.13,70.89,70.97,1794100,DGC
2024-01-18 07:00:00,70.97,71.9,70.89,71.28,1058200,DGC
2024-01-19 07:00:00,71.51,71.9,70.97,70.97,1046200,DGC
2024-01-22 07:00:00,70.97,71.12,69.89,70.74,1705600,DGC
2024-01-23 07:00:00,70.35,70.74,68.96,69.27,3765700,DGC
2024-01-24 07:00:00,69.34,69.89,69.04,69.04,1459100,DGC
2024-01-25 07:00:00,68.8,68.96,67.88,68.03,3366400,DGC
2024-01-26 07:00:00,67.88,68.96,67.88,68.72,1057700,DGC
2024-01-29 07:00:00,68.8,70.27,68.8,69.5,1407300,DGC
2024-01-30 07:00:00,69.5,69.89,69.11,69.89,976500,DGC
2024-01-31 07:00:00,70.12,70.35,68.88,69.89,1603900,DGC
2024-02-01 07:00:00,69.73,70.19,69.42,70.04,1059500,DGC
2024-02-02 07:00:00,70.43,70.66,69.81,70.12,1228100,DGC
2024-02-05 07:00:00,70.27,70.74,69.96,70.19,1002100,DGC
2024-02-06 07:00:00,70.19,73.9,70.04,73.9,4805200,DGC
2024-02-07 07:00:00,74.21,75.68,74.06,74.37,2752600,DGC
2024-02-15 07:00:00,74.76,75.06,73.6,73.75,1707800,DGC
2024-02-16 07:00:00,73.75,74.6,73.06,73.83,2550700,DGC
2024-02-19 07:00:00,74.29,76.22,73.6,74.68,4079000,DGC
2024-02-20 07:00:00,74.6,76.38,73.98,76.3,4599800,DGC
2024-02-21 07:00:00,78.08,79.63,77.07,78.62,5469800,DGC
2024-02-22 07:00:00,78.62,79.47,77.85,78.23,2842500,DGC
2024-02-23 07:00:00,78.47,79.94,77.0,77.31,4435100,DGC
2024-02-26 07:00:00,78.08,82.72,77.31,82.72,7509000,DGC
2024-02-27 07:00:00,84.65,86.27,83.88,86.27,4160600,DGC
2024-02-28 07:00:00,86.35,86.89,85.19,85.42,2783800,DGC
2024-02-29 07:00:00,85.5,88.75,84.73,86.58,3079600,DGC
2024-03-01 07:00:00,87.36,89.13,86.82,88.13,2998500,DGC
2024-03-04 07:00:00,89.29,89.29,86.35,86.66,3928600,DGC
2024-03-05 07:00:00,86.2,89.29,86.2,87.66,2853700,DGC
2024-03-06 07:00:00,87.2,87.74,84.88,87.36,3678100,DGC
2024-03-07 07:00:00,86.89,93.46,85.81,93.46,7346700,DGC
2024-03-08 07:00:00,94.31,95.01,91.22,92.3,2382900,DGC
2024-03-11 07:00:00,92.54,94.31,90.68,91.22,2792100,DGC
2024-03-12 07:00:00,91.22,93.15,90.99,91.92,2137200,DGC
2024-03-13 07:00:00,93.15,98.33,92.38,98.33,3805200,DGC
2024-03-14 07:00:00,99.65,101.66,98.26,99.11,3447700,DGC
2024-03-15 07:00:00,100.03,100.03,97.41,98.18,2510500,DGC
2024-03-18 07:00:00,98.57,98.57,91.38,91.38,13268600,DGC
2024-03-19 07:00:00,92.69,94.24,90.45,92.0,2829400,DGC
2024-03-20 07:00:00,92.69,95.63,91.68,94.93,2914900,DGC
2024-03-21 07:00:00,96.25,96.32,92.38,95.09,2792900,DGC
2024-03-22 07:00:00,95.09,96.25,93.77,95.55,2312600,DGC
2024-03-25 07:00:00,95.09,95.55,91.61,92.77,2744700,DGC
2024-03-26 07:00:00,92.77,93.31,91.38,93.31,1830700,DGC
2024-03-27 07:00:00,93.31,93.62,92.0,93.31,1516600,DGC
2024-03-28 07:00:00,94.24,96.63,93.93,95.78,2417200,DGC
2024-03-29 07:00:00,95.78,96.09,94.31,95.4,1970900,DGC
2024-04-01 07:00:00,94.7,95.01,92.84,93.0,2402700,DGC
2024-04-02 07:00:00,92.69,94.78,91.61,94.78,2443300,DGC
2024-04-03 07:00:00,94.86,98.57,94.31,94.62,4319500,DGC
2024-04-04 07:00:00,94.62,95.09,93.54,94.78,1689800,DGC
2024-04-05 07:00:00,93.54,94.7,92.46,92.54,2240100,DGC
2024-04-08 07:00:00,92.61,93.08,89.29,89.68,3268100,DGC
2024-04-09 07:00:00,89.68,90.91,89.68,90.45,1164100,DGC
2024-04-10 07:00:00,90.91,91.53,90.06,91.14,1440300,DGC
2024-04-11 07:00:00,90.45,93.15,90.22,92.69,1522700,DGC
2024-04-12 07:00:00,93.15,93.15,91.84,92.15,1073200,DGC
2024-04-15 07:00:00,91.84,94.24,85.81,85.89,2989100,DGC
2024-04-16 07:00:00,83.49,88.36,83.49,87.74,4536300,DGC
2024-04-17 07:00:00,88.36,88.52,85.89,85.89,1552300,DGC
2024-04-19 07:00:00,84.26,86.89,82.72,83.49,3122100,DGC
2024-04-22 07:00:00,85.04,85.81,83.57,85.04,2055900,DGC
2024-04-23 07:00:00,85.66,85.66,83.49,85.04,1668500,DGC
2024-04-24 07:00:00,85.35,89.91,85.35,89.91,3029200,DGC
2024-04-25 07:00:00,89.91,89.91,88.44,89.75,1539200,DGC
2024-04-26 07:00:00,88.52,93.15,88.52,91.84,3739600,DGC
2024-05-02 07:00:00,91.84,93.54,90.45,92.92,2359700,DGC
2024-05-03 07:00:00,93.54,94.31,91.53,92.0,2244100,DGC
2024-05-06 07:00:00,92.77,95.47,92.3,94.7,2663000,DGC
2024-05-07 07:00:00,94.86,97.1,94.7,94.7,2723700,DGC
2024-05-08 07:00:00,93.54,95.47,93.08,95.47,3332600,DGC
2024-05-09 07:00:00,96.63,101.27,96.25,96.48,6905300,DGC
2024-05-10 07:00:00,96.63,97.48,94.93,95.7,2904100,DGC
2024-05-13 07:00:00,95.7,95.78,92.77,94.78,3378200,DGC
2024-05-14 07:00:00,94.7,96.32,93.7,96.09,2481400,DGC
2024-05-15 07:00:00,97.1,98.1,95.7,97.48,3249800,DGC
2024-05-16 07:00:00,98.18,99.18,97.1,97.41,2987700,DGC
2024-05-17 07:00:00,97.41,98.64,97.02,97.56,2188600,DGC
2024-05-20 07:00:00,98.8,98.8,96.32,96.32,3418300,DGC
2024-05-21 07:00:00,95.94,98.18,95.09,97.41,2530800,DGC
2024-05-22 07:00:00,97.95,98.49,95.47,97.33,2836300,DGC
2024-05-23 07:00:00,97.02,99.65,96.48,98.64,3351000,DGC
2024-05-24 07:00:00,98.57,101.66,96.63,98.18,7236900,DGC
2024-05-27 07:00:00,97.48,98.18,96.02,97.64,2671100,DGC
2024-05-28 07:00:00,97.79,98.95,97.02,98.1,2316900,DGC
2024-05-29 07:00:00,98.26,100.88,97.02,97.87,3942300,DGC
2024-05-30 07:00:00,96.79,97.17,94.7,96.63,4169800,DGC
2024-05-31 07:00:00,96.63,98.18,95.78,97.41,2222200,DGC
2024-06-03 07:00:00,96.71,97.79,93.93,96.94,6348800,DGC
2024-06-04 07:00:00,97.41,97.41,95.55,95.86,2940300,DGC
2024-06-05 07:00:00,95.86,96.71,94.86,95.09,3244200,DGC
2024-06-06 07:00:00,95.55,95.55,93.15,93.46,5438300,DGC
2024-06-07 07:00:00,93.31,95.09,93.23,94.16,1947000,DGC
2024-06-10 07:00:00,94.16,94.62,93.54,93.93,1531800,DGC
2024-06-11 07:00:00,94.16,95.63,93.93,94.31,2775100,DGC
2024-06-12 07:00:00,94.31,95.24,94.08,95.24,1767300,DGC
2024-06-13 07:00:00,95.4,95.63,94.39,95.32,1950000,DGC
2024-06-14 07:00:00,95.32,95.55,94.08,94.08,2935800,DGC
2024-06-17 07:00:00,94.08,94.62,93.0,93.93,2212500,DGC
2024-06-18 07:00:00,94.0,100.5,93.54,100.5,13590200,DGC
2024-06-19 07:00:00,101.66,102.04,98.72,99.11,3762700,DGC
2024-06-20 07:00:00,99.18,102.43,99.18,100.5,5006400,DGC
2024-06-21 07:00:00,101.04,103.59,100.96,101.89,4319900,DGC
2024-06-24 07:00:00,102.04,102.04,96.25,96.32,8899700,DGC
2024-06-25 07:00:00,96.25,97.02,95.09,96.4,2915600,DGC
2024-06-26 07:00:00,96.63,96.86,94.31,96.63,3667000,DGC
2024-06-27 07:00:00,96.02,96.63,95.16,95.7,1688000,DGC
2024-06-28 07:00:00,95.86,96.09,92.77,94.7,3725600,DGC
2024-07-01 07:00:00,94.31,94.78,92.84,94.31,2813000,DGC
2024-07-02 07:00:00,94.31,95.55,93.15,95.32,1192200,DGC
2024-07-03 07:00:00,95.4,97.79,95.01,96.48,2821700,DGC
2024-07-04 07:00:00,96.86,97.64,95.78,96.63,1750600,DGC
2024-07-05 07:00:00,97.25,97.64,95.78,96.63,1976200,DGC
2024-07-08 07:00:00,97.79,99.96,96.56,98.41,3986800,DGC
2024-07-09 07:00:00,99.11,100.11,98.02,98.95,2412800,DGC
2024-07-10 07:00:00,98.95,100.34,96.86,97.79,3313100,DGC
2024-07-11 07:00:00,98.18,98.57,96.86,97.56,1841300,DGC
2024-07-12 07:00:00,97.02,97.79,96.48,97.02,1505600,DGC
2024-07-15 07:00:00,97.41,98.64,96.63,96.94,1704000,DGC
2024-07-16 07:00:00,96.94,97.33,95.7,96.94,1672900,DGC
2024-07-17 07:00:00,96.94,97.17,93.08,95.7,3787600,DGC
2024-07-18 07:00:00,94.86,95.09,93.31,95.09,2525200,DGC
2024-07-19 07:00:00,94.78,95.09,93.77,93.77,1380700,DGC
2024-07-22 07:00:00,93.77,93.77,87.51,88.13,6234700,DGC
2024-07-23 07:00:00,88.13,89.06,82.72,83.8,5575700,DGC
2024-07-24 07:00:00,82.33,86.89,82.33,85.04,3113200,DGC
2024-07-25 07:00:00,84.8,85.81,84.03,85.81,1170900,DGC
2024-07-26 07:00:00,86.12,88.05,85.81,87.51,2595600,DGC
2024-07-29 07:00:00,88.13,88.44,87.12,87.36,1096300,DGC
2024-07-30 07:00:00,87.36,87.36,85.04,86.89,1722200,DGC
2024-07-31 07:00:00,87.28,87.28,85.81,86.58,1343300,DGC
2024-08-01 07:00:00,86.27,86.51,81.4,81.94,3156300,DGC
2024-08-02 07:00:00,80.32,83.88,78.85,82.8,3225100,DGC
2024-08-05 07:00:00,80.4,82.56,77.38,78.23,3326700,DGC
2024-08-06 07:00:00,78.85,81.94,77.31,81.94,2451500,DGC
2024-08-07 07:00:00,82.64,82.64,80.01,81.94,1543800,DGC
2024-08-08 07:00:00,80.94,81.48,79.24,80.4,2029500,DGC
2024-08-09 07:00:00,80.94,82.41,80.48,82.33,2029400,DGC
2024-08-12 07:00:00,82.33,85.42,80.71,83.96,2477700,DGC
2024-08-13 07:00:00,84.03,85.42,82.8,84.26,1517700,DGC
2024-08-14 07:00:00,84.73,85.58,83.1,83.18,1478500,DGC
2024-08-15 07:00:00,83.41,83.41,80.4,82.33,2666500,DGC
2024-08-16 07:00:00,82.49,86.2,81.25,85.66,2954900,DGC
2024-08-19 07:00:00,86.04,86.2,85.04,85.73,1222400,DGC
2024-08-20 07:00:00,85.73,86.58,85.19,86.58,1864800,DGC
2024-08-21 07:00:00,86.58,87.59,85.89,87.2,1666800,DGC
2024-08-22 07:00:00,87.2,87.51,86.51,87.36,1254700,DGC
2024-08-23 07:00:00,87.28,87.36,85.89,87.28,1288100,DGC
2024-08-26 07:00:00,87.2,87.2,85.81,85.81,1281500,DGC
2024-08-27 07:00:00,85.66,85.66,84.19,84.73,1775800,DGC
2024-08-28 07:00:00,85.19,85.35,84.26,85.04,1307100,DGC
2024-08-29 07:00:00,85.11,86.04,84.5,86.04,1121000,DGC
2024-08-30 07:00:00,86.04,88.9,86.04,87.9,4097700,DGC
2024-09-04 07:00:00,87.74,90.68,87.05,89.06,3725200,DGC
2024-09-05 07:00:00,88.28,89.52,87.36,87.9,2020200,DGC
2024-09-06 07:00:00,87.43,88.13,86.51,88.13,1839700,DGC
2024-09-09 07:00:00,87.98,87.98,86.43,87.74,1644000,DGC
2024-09-10 07:00:00,87.43,87.98,86.51,87.36,1419800,DGC
2024-09-11 07:00:00,86.74,87.36,86.2,87.28,1084600,DGC
2024-09-12 07:00:00,87.36,88.82,86.89,87.74,1969500,DGC
2024-09-13 07:00:00,87.82,88.05,86.97,87.74,774800,DGC
2024-09-16 07:00:00,87.74,88.75,86.66,86.66,1805500,DGC
2024-09-17 07:00:00,86.66,87.98,86.51,87.98,1190600,DGC
2024-09-18 07:00:00,88.13,88.75,87.74,87.82,1670900,DGC
2024-09-19 07:00:00,88.52,88.75,87.43,88.59,1518000,DGC
2024-09-20 07:00:00,89.37,91.14,88.98,89.13,2980400,DGC
2024-09-23 07:00:00,88.9,89.06,88.21,88.9,1182800,DGC
2024-09-24 07:00:00,88.9,89.29,88.44,89.29,1089300,DGC
2024-09-25 07:00:00,89.44,90.14,89.21,89.29,1337300,DGC
2024-09-26 07:00:00,89.37,90.06,88.52,88.98,1715100,DGC
2024-09-27 07:00:00,89.52,89.91,88.59,88.9,1587900,DGC
2024-09-30 07:00:00,88.9,89.37,88.36,89.29,1080100,DGC
2024-10-01 07:00:00,89.29,91.84,89.29,89.68,3445700,DGC
2024-10-02 07:00:00,89.75,90.06,88.82,89.68,1808600,DGC
2024-10-03 07:00:00,89.68,89.75,88.52,88.59,1814700,DGC
2024-10-04 07:00:00,88.59,88.67,87.59,87.74,1884300,DGC
2024-10-07 07:00:00,87.74,88.28,87.12,88.13,1233000,DGC
2024-10-08 07:00:00,88.05,88.21,87.36,88.05,969100,DGC
2024-10-09 07:00:00,88.05,89.21,87.9,88.9,1177300,DGC
2024-10-10 07:00:00,88.98,91.45,88.98,89.52,3358900,DGC
2024-10-11 07:00:00,90.06,90.14,88.98,89.29,680400,DGC
2024-10-14 07:00:00,89.68,91.07,89.29,89.83,1768300,DGC
2024-10-15 07:00:00,89.83,90.29,89.06,89.21,1239400,DGC
2024-10-16 07:00:00,89.21,89.44,88.05,89.06,1837800,DGC
2024-10-17 07:00:00,89.06,89.06,87.98,88.59,1173100,DGC
2024-10-18 07:00:00,88.59,89.13,88.13,88.13,831000,DGC
2024-10-21 07:00:00,88.21,88.67,87.36,87.36,1461900,DGC
2024-10-22 07:00:00,87.36,87.59,85.5,85.89,3524800,DGC
2024-10-23 07:00:00,86.2,86.35,84.88,85.81,1625100,DGC
2024-10-24 07:00:00,86.2,87.36,85.42,85.42,1693700,DGC
2024-10-25 07:00:00,85.42,86.04,84.34,84.34,1805400,DGC
2024-10-28 07:00:00,84.42,85.42,84.26,85.42,788700,DGC
2024-10-29 07:00:00,85.81,86.89,85.04,86.74,1247100,DGC
2024-10-30 07:00:00,86.74,87.05,85.81,86.12,675500,DGC
2024-10-31 07:00:00,85.81,86.82,85.81,86.82,701800,DGC
2024-11-01 07:00:00,86.51,86.51,85.5,86.12,1083900,DGC
2024-11-04 07:00:00,86.04,86.04,85.04,85.42,707000,DGC
2024-11-05 07:00:00,85.81,85.81,85.19,85.35,470600,DGC
2024-11-06 07:00:00,86.2,86.35,85.35,86.35,872100,DGC
2024-11-07 07:00:00,86.74,88.13,86.27,86.97,1995200,DGC
2024-11-08 07:00:00,87.05,87.74,86.51,86.51,984800,DGC
2024-11-11 07:00:00,86.58,89.21,86.51,89.06,3579900,DGC
2024-11-12 07:00:00,89.37,89.44,88.21,89.37,1744000,DGC
2024-11-13 07:00:00,89.06,90.14,88.36,90.14,2445800,DGC
2024-11-14 07:00:00,90.14,91.3,88.9,89.91,1795200,DGC
2024-11-15 07:00:00,89.21,89.52,87.43,87.51,1880200,DGC
2024-11-18 07:00:00,87.51,87.51,85.04,87.36,2430300,DGC
2024-11-19 07:00:00,87.75,87.75,84.58,84.58,1962800,DGC
2024-11-20 07:00:00,84.58,85.77,82.27,84.26,1491700,DGC
2024-11-21 07:00:00,84.66,85.21,84.18,84.97,680300,DGC
2024-11-22 07:00:00,85.29,85.53,84.1,84.1,938900,DGC
2024-11-25 07:00:00,83.94,84.97,83.94,84.97,849900,DGC
2024-11-26 07:00:00,85.21,85.53,84.74,84.74,1047700,DGC
2024-11-27 07:00:00,84.74,86.16,84.74,84.89,1091400,DGC
2024-11-28 07:00:00,84.97,85.69,84.89,85.53,801700,DGC
2024-11-29 07:00:00,85.77,87.75,85.69,86.96,2099600,DGC
2024-12-02 07:00:00,87.36,87.91,86.24,87.2,986500,DGC
2024-12-03 07:00:00,87.04,87.28,86.48,87.28,846900,DGC
2024-12-04 07:00:00,87.12,87.2,85.69,85.69,1333900,DGC
2024-12-05 07:00:00,85.69,87.36,84.58,87.36,1604300,DGC
2024-12-06 07:00:00,87.75,92.84,87.52,91.49,6349700,DGC
2024-12-09 07:00:00,91.72,92.6,91.41,92.12,1897000,DGC
2024-12-10 07:00:00,92.04,92.52,90.53,92.28,1614400,DGC
2024-12-11 07:00:00,92.28,93.31,92.12,92.52,2506700,DGC
2024-12-12 07:00:00,92.52,92.6,91.56,92.44,1461500,DGC
2024-12-13 07:00:00,91.8,92.04,90.85,91.25,1456800,DGC
2024-12-16 07:00:00,91.33,92.12,90.93,91.72,854500,DGC
2024-12-17 07:00:00,91.72,92.12,91.25,92.12,1140700,DGC
2024-12-18 07:00:00,92.52,92.52,91.72,92.28,1013100,DGC
2024-12-19 07:00:00,90.77,93.55,90.69,92.12,2560100,DGC
2024-12-20 07:00:00,92.12,92.36,91.56,91.64,1269000,DGC
2024-12-23 07:00:00,92.12,93.15,91.72,92.52,1887700,DGC
2024-12-24 07:00:00,92.6,94.11,92.52,94.11,3854900,DGC
2024-12-25 07:00:00,94.5,94.66,92.12,94.5,2125900,DGC
2024-12-26 07:00:00,94.5,94.5,93.39,93.39,917100,DGC
2024-12-27 07:00:00,93.39,93.79,92.44,92.92,1688000,DGC
2024-12-30 07:00:00,92.52,92.84,92.2,92.2,934100,DGC
2024-12-31 07:00:00,92.28,93.07,92.2,92.6,1267800,DGC
2025-01-02 07:00:00,92.6,93.15,92.44,92.6,777800,DGC
2025-01-03 07:00:00,92.52,93.15,91.72,91.72,1780200,DGC
2025-01-06 07:00:00,91.41,92.12,89.02,89.34,2604800,DGC
2025-01-07 07:00:00,89.34,89.98,89.02,89.18,1040800,DGC
2025-01-08 07:00:00,89.18,89.9,89.18,89.26,517100,DGC
2025-01-09 07:00:00,89.82,89.82,89.1,89.1,587500,DGC
2025-01-10 07:00:00,89.18,89.34,87.36,87.36,1581100,DGC
2025-01-13 07:00:00,87.36,87.75,86.16,87.75,1175600,DGC
2025-01-14 07:00:00,87.75,87.75,86.4,86.48,685300,DGC
2025-01-15 07:00:00,86.64,87.2,86.4,86.8,772900,DGC
2025-01-16 07:00:00,87.28,87.91,86.64,87.2,1084700,DGC
2025-01-17 07:00:00,87.2,87.36,86.56,87.2,786100,DGC
2025-01-20 07:00:00,87.36,87.83,87.12,87.28,764500,DGC
2025-01-21 07:00:00,87.04,87.52,86.48,86.56,965100,DGC
2025-01-22 07:00:00,86.56,87.6,86.56,86.56,838500,DGC
2025-01-23 07:00:00,87.44,88.15,86.8,88.15,1183400,DGC
2025-01-24 07:00:00,88.15,88.71,87.52,88.47,1038000,DGC
2025-02-03 07:00:00,88.47,88.47,87.28,87.67,668100,DGC
2025-02-04 07:00:00,87.99,88.86,87.67,88.55,1077100,DGC
2025-02-05 07:00:00,88.79,88.86,87.75,88.71,1253300,DGC
2025-02-06 07:00:00,88.71,88.86,87.83,88.47,1226000,DGC
2025-02-07 07:00:00,88.47,88.55,87.52,88.23,1245600,DGC
2025-02-10 07:00:00,87.75,87.75,85.45,85.45,2288800,DGC
2025-02-11 07:00:00,85.45,86.4,84.42,86.16,1405100,DGC
2025-02-12 07:00:00,86.56,86.96,85.37,86.09,941900,DGC
2025-02-13 07:00:00,85.69,86.16,85.29,86.16,995600,DGC
2025-02-14 07:00:00,86.4,86.96,85.45,85.77,1254600,DGC
2025-02-17 07:00:00,85.77,86.01,84.58,84.66,1738300,DGC
2025-02-18 07:00:00,84.89,85.37,84.66,85.37,915400,DGC
2025-02-19 07:00:00,85.77,85.77,84.97,85.77,1118400,DGC
2025-02-20 07:00:00,86.01,89.1,85.85,87.6,2532000,DGC
2025-02-21 07:00:00,87.67,88.07,86.64,86.96,909800,DGC
2025-02-24 07:00:00,86.88,86.96,85.77,86.96,1278500,DGC
2025-02-25 07:00:00,87.2,87.67,86.4,87.12,1145300,DGC
2025-02-26 07:00:00,87.36,88.15,86.96,87.36,1179100,DGC
2025-02-27 07:00:00,87.36,88.55,87.12,87.99,1743000,DGC
2025-02-28 07:00:00,88.15,89.58,87.99,88.55,2520300,DGC
2025-03-03 07:00:00,89.34,91.8,88.55,89.98,3330600,DGC
2025-03-04 07:00:00,90.14,90.14,88.55,88.94,1487700,DGC
2025-03-05 07:00:00,89.26,89.42,87.28,87.36,2388400,DGC
2025-03-06 07:00:00,87.75,88.47,86.8,88.23,2065100,DGC
2025-03-07 07:00:00,88.86,88.86,87.83,88.31,1415100,DGC
2025-03-10 07:00:00,88.31,88.71,87.67,87.75,1634500,DGC
2025-03-11 07:00:00,87.12,87.28,86.48,86.64,2038900,DGC
2025-03-12 07:00:00,87.2,87.36,86.56,87.36,1233900,DGC
2025-03-13 07:00:00,87.6,87.67,86.48,86.48,1669000,DGC
2025-03-14 07:00:00,86.48,86.48,84.82,84.97,2581300,DGC
2025-03-17 07:00:00,85.29,85.77,84.74,84.97,1568400,DGC
2025-03-18 07:00:00,85.37,85.93,85.05,85.21,653400,DGC
2025-03-19 07:00:00,85.21,86.24,84.42,85.69,1706400,DGC
2025-03-20 07:00:00,85.77,85.77,83.46,84.5,2131400,DGC
2025-03-21 07:00:00,84.82,84.82,82.83,83.31,1605200,DGC
2025-03-24 07:00:00,83.39,84.82,82.04,82.59,2099200,DGC
2025-03-25 07:00:00,82.59,83.31,82.59,82.75,1031600,DGC
2025-03-26 07:00:00,82.75,83.7,82.27,82.99,1032600,DGC
2025-03-27 07:00:00,82.91,83.7,82.43,83.46,652900,DGC
2025-03-28 07:00:00,83.46,83.46,81.4,81.72,1545500,DGC
2025-03-31 07:00:00,80.68,81.08,76.87,79.1,3976100,DGC
2025-04-01 07:00:00,79.18,79.57,77.11,77.98,2454100,DGC
2025-04-02 07:00:00,77.83,77.83,76.4,77.11,1899100,DGC
2025-04-03 07:00:00,73.86,73.86,71.79,71.79,3006700,DGC
2025-04-04 07:00:00,66.79,68.06,66.79,67.11,6889200,DGC
2025-04-08 07:00:00,62.82,66.71,62.42,62.42,2261100,DGC
2025-04-09 07:00:00,58.05,61.94,58.05,58.05,5859900,DGC
2025-04-10 07:00:00,62.1,62.1,62.1,62.1,134200,DGC
2025-04-11 07:00:00,66.39,66.39,63.61,66.39,2993300,DGC
2025-04-14 07:00:00,71.0,71.0,69.09,71.0,3859300,DGC
2025-04-15 07:00:00,71.47,72.9,69.17,71.08,3516200,DGC
2025-04-16 07:00:00,70.28,70.92,69.25,69.57,2567400,DGC
2025-04-17 07:00:00,67.98,69.33,67.98,69.25,1118500,DGC
2025-04-18 07:00:00,70.04,70.36,68.93,70.28,1871800,DGC
2025-04-21 07:00:00,70.36,70.52,68.77,69.17,879100,DGC
2025-04-22 07:00:00,69.57,71.39,64.72,70.04,3379000,DGC
2025-04-23 07:00:00,70.84,73.46,70.52,72.11,2052900,DGC
2025-04-24 07:00:00,72.67,73.46,71.95,72.74,1130100,DGC
2025-04-25 07:00:00,72.98,73.06,71.24,72.43,1177400,DGC
2025-04-28 07:00:00,71.95,72.67,71.39,72.67,770400,DGC
2025-04-29 07:00:00,72.43,73.78,72.03,72.27,981100,DGC
2025-05-05 07:00:00,73.46,74.65,72.11,74.49,1786300,DGC
2025-05-06 07:00:00,75.05,75.21,73.86,74.09,958700,DGC
2025-05-07 07:00:00,74.09,74.65,72.9,73.14,1201400,DGC
2025-05-08 07:00:00,73.06,73.7,72.43,73.22,1383700,DGC
2025-05-09 07:00:00,73.78,73.78,72.67,72.82,893400,DGC
2025-05-12 07:00:00,73.38,73.38,72.43,72.9,1237400,DGC
2025-05-13 07:00:00,72.98,73.86,72.43,72.74,3827300,DGC
2025-05-14 07:00:00,72.58,74.65,72.58,74.49,3424100,DGC
2025-05-15 07:00:00,74.97,75.05,73.54,74.25,1493800,DGC
2025-05-16 07:00:00,74.25,74.25,72.74,72.98,1683500,DGC
2025-05-19 07:00:00,72.35,72.35,71.0,71.08,2718600,DGC
2025-05-20 07:00:00,71.08,71.47,70.44,71.39,1795700,DGC
2025-05-21 07:00:00,71.47,71.63,70.44,70.52,1358600,DGC
2025-05-22 07:00:00,70.6,70.68,69.96,70.52,1571700,DGC
2025-05-23 07:00:00,70.2,70.52,69.73,69.73,1301700,DGC
2025-05-26 07:00:00,69.49,71.47,69.33,71.47,1657200,DGC
2025-05-27 07:00:00,71.79,73.46,71.24,72.9,1857500,DGC
2025-05-28 07:00:00,73.86,73.86,71.71,72.03,1448900,DGC
2025-05-29 07:00:00,72.03,72.51,71.08,71.08,1164900,DGC
2025-05-30 07:00:00,71.47,71.47,69.89,71.39,1722400,DGC
2025-06-02 07:00:00,70.68,70.92,69.89,70.76,658800,DGC
2025-06-03 07:00:00,71.39,72.27,70.76,71.87,1425300,DGC
2025-06-04 07:00:00,72.35,72.98,71.47,71.55,1169700,DGC
2025-06-05 07:00:00,71.63,72.82,71.24,71.95,1627100,DGC
2025-06-06 07:00:00,71.95,71.95,70.76,71.31,1145400,DGC
2025-06-09 07:00:00,71.31,71.31,69.96,69.96,1104900,DGC
2025-06-10 07:00:00,70.04,73.22,70.04,72.51,2822800,DGC
2025-06-11 07:00:00,72.51,75.84,72.11,73.62,3655400,DGC
2025-06-12 07:00:00,73.7,74.25,73.38,73.78,1354700,DGC
2025-06-13 07:00:00,72.98,75.44,72.27,73.62,3253500,DGC
2025-06-16 07:00:00,73.94,77.83,73.94,77.83,4957100,DGC
2025-06-17 07:00:00,78.54,78.62,76.79,78.38,2374000,DGC
2025-06-18 07:00:00,78.3,78.62,76.79,77.35,2242300,DGC
2025-06-19 07:00:00,77.43,78.46,76.48,77.35,1731600,DGC
2025-06-20 07:00:00,77.19,77.19,76.24,76.87,1813200,DGC
2025-06-23 07:00:00,76.24,77.35,75.44,76.56,1143500,DGC
2025-06-24 07:00:00,77.03,77.11,76.24,76.64,2237200,DGC
2025-06-25 07:00:00,76.95,77.83,76.48,77.19,2034400,DGC
2025-06-26 07:00:00,77.27,77.67,76.64,76.79,1020000,DGC
2025-06-27 07:00:00,76.72,79.02,76.48,78.54,3236700,DGC
2025-06-30 07:00:00,79.89,81.4,79.73,80.76,2879100,DGC
2025-07-01 07:00:00,81.16,81.16,79.02,80.13,2442400,DGC
2025-07-02 07:00:00,80.13,81.0,79.18,80.84,1842800,DGC
2025-07-03 07:00:00,79.89,82.75,79.81,81.8,3443600,DGC
2025-07-04 07:00:00,81.72,82.12,80.76,81.0,1406100,DGC
2025-07-07 07:00:00,81.48,81.56,79.81,81.16,2413500,DGC
2025-07-08 07:00:00,81.16,81.48,80.29,81.48,1911400,DGC
2025-07-09 07:00:00,81.88,83.07,81.08,81.08,1984400,DGC
2025-07-10 07:00:00,80.68,81.0,80.21,80.61,2304100,DGC
2025-07-11 07:00:00,81.0,82.67,80.68,82.35,4745300,DGC
2025-07-14 07:00:00,82.75,82.75,80.76,82.51,1851200,DGC
2025-07-15 07:00:00,82.59,83.62,81.32,81.32,3012100,DGC
2025-07-16 07:00:00,81.4,81.64,80.61,81.0,1724900,DGC
2025-07-17 07:00:00,83.39,84.34,81.64,81.88,2845800,DGC
2025-07-18 07:00:00,81.8,82.43,81.24,81.48,2094600,DGC
2025-07-21 07:00:00,81.48,82.19,81.08,81.08,1787200,DGC
2025-07-22 07:00:00,80.84,81.64,80.76,81.24,1832900,DGC
2025-07-23 07:00:00,82.83,84.18,81.72,83.94,5456200,DGC
2025-07-24 07:00:00,84.34,84.58,82.83,83.54,1875800,DGC
2025-07-25 07:00:00,83.86,83.86,82.67,83.54,1990100,DGC
2025-07-28 07:00:00,83.78,84.97,82.83,83.78,3496900,DGC
2025-07-29 07:00:00,83.78,85.45,80.61,80.61,4598900,DGC
2025-07-30 07:00:00,80.61,82.51,80.21,82.51,2335600,DGC
2025-07-31 07:00:00,82.99,82.99,80.61,81.72,2086300,DGC
2025-08-01 07:00:00,81.24,81.8,80.68,80.68,1650000,DGC
2025-08-04 07:00:00,80.76,81.96,80.68,81.96,1389300,DGC
2025-08-05 07:00:00,81.96,83.7,80.68,82.19,3811400,DGC
2025-08-06 07:00:00,81.88,84.66,81.8,84.42,4821700,DGC
2025-08-07 07:00:00,85.29,86.01,83.86,84.42,2256200,DGC
2025-08-08 07:00:00,85.21,86.16,83.78,85.37,4252200,DGC
2025-08-11 07:00:00,84.97,85.45,84.34,84.42,2409900,DGC
2025-08-12 07:00:00,84.89,88.07,84.42,85.69,4826400,DGC
2025-08-13 07:00:00,85.69,85.69,83.46,84.58,3068300,DGC
2025-08-14 07:00:00,84.74,84.74,83.07,84.1,3339800,DGC
2025-08-15 07:00:00,84.34,84.74,81.88,82.27,3524500,DGC
2025-08-18 07:00:00,82.27,83.46,81.4,82.12,2385000,DGC
2025-08-19 07:00:00,82.12,82.27,80.92,81.16,2851800,DGC
2025-08-20 07:00:00,81.16,81.24,77.83,78.62,4601200,DGC
2025-08-21 07:00:00,78.06,78.86,75.76,76.79,5248900,DGC
2025-08-22 07:00:00,76.79,78.86,75.52,78.46,3366500,DGC
2025-08-25 07:00:00,78.94,78.94,76.79,77.03,1779600,DGC
2025-08-26 07:00:00,76.32,78.62,76.32,78.62,1534800,DGC
2025-08-27 07:00:00,78.22,79.97,77.11,78.38,2427100,DGC
2025-08-28 07:00:00,79.49,80.21,78.62,79.18,1577600,DGC
2025-08-29 07:00:00,79.57,79.57,77.98,77.98,1334800,DGC
2025-09-03 07:00:00,78.06,78.62,77.27,77.51,1944200,DGC
2025-09-04 07:00:00,77.51,79.02,77.35,78.86,2212600,DGC
2025-09-05 07:00:00,79.42,80.53,77.75,77.75,2766100,DGC
2025-09-08 07:00:00,77.59,78.3,76.16,76.4,2292200,DGC
2025-09-09 07:00:00,76.48,76.64,75.68,75.92,1424900,DGC
2025-09-10 07:00:00,76.24,76.56,75.92,76.16,783800,DGC
2025-09-11 07:00:00,76.24,77.03,74.65,77.03,1712000,DGC
2025-09-12 07:00:00,77.03,77.98,76.24,77.43,1971700,DGC
2025-09-15 07:00:00,78.06,79.26,77.51,79.02,2428000,DGC
2025-09-16 07:00:00,79.33,80.53,79.02,79.42,3242200,DGC
2025-09-17 07:00:00,79.42,81.8,79.18,79.26,4109900,DGC
2025-09-18 07:00:00,79.57,79.65,77.98,78.46,1542600,DGC
2025-09-19 07:00:00,78.62,79.26,76.79,76.79,2008300,DGC
2025-09-22 07:00:00,76.95,77.35,75.68,76.24,2087800,DGC
2025-09-23 07:00:00,76.32,76.79,75.84,76.24,981400,DGC
2025-09-24 07:00:00,76.32,77.03,75.44,77.03,911600,DGC
2025-09-25 07:00:00,76.72,76.95,76.24,76.64,999200,DGC
2025-09-26 07:00:00,76.64,76.64,75.76,75.76,957700,DGC
2025-09-29 07:00:00,75.52,75.6,74.65,74.65,1605100,DGC
2025-09-30 07:00:00,74.65,74.65,72.43,72.9,1789200,DGC
2025-10-01 07:00:00,72.9,73.86,72.9,73.22,788500,DGC
2025-10-02 07:00:00,73.22,73.78,72.9,72.9,696700,DGC
2025-10-03 07:00:00,72.9,73.46,72.58,72.67,1063700,DGC
2025-10-06 07:00:00,74.25,74.25,73.14,73.7,1183200,DGC
2025-10-07 07:00:00,73.7,74.09,73.62,73.86,670200,DGC
2025-10-08 07:00:00,74.33,75.05,73.14,74.97,1164400,DGC
2025-10-09 07:00:00,74.97,75.05,73.94,74.25,942900,DGC
2025-10-10 07:00:00,74.81,74.97,74.25,74.89,1439300,DGC
2025-10-13 07:00:00,73.86,76.56,73.86,76.16,2001100,DGC
2025-10-14 07:00:00,76.95,77.59,76.24,76.4,2276000,DGC
2025-10-15 07:00:00,77.03,77.11,75.13,75.44,1184800,DGC
2025-10-16 07:00:00,75.44,75.6,74.65,75.44,1411000,DGC
2025-10-17 07:00:00,75.84,75.84,74.02,74.02,1038300,DGC
2025-10-20 07:00:00,73.54,74.89,69.09,69.09,2040600,DGC
2025-10-21 07:00:00,70.68,72.35,69.81,70.84,2272200,DGC
2025-10-22 07:00:00,70.84,74.65,70.84,72.27,2385600,DGC
2025-10-23 07:00:00,72.74,73.22,71.47,72.27,1263100,DGC
2025-10-24 07:00:00,72.27,73.7,71.95,73.38,1811000,DGC
2025-10-27 07:00:00,73.86,75.05,73.46,73.78,1467700,DGC
2025-10-28 07:00:00,73.46,75.52,73.46,74.65,1606900,DGC
2025-10-29 07:00:00,74.65,75.44,74.09,74.97,1210800,DGC
2025-10-30 07:00:00,75.05,75.68,74.02,74.33,1742100,DGC
2025-10-31 07:00:00,74.41,76.95,74.33,76.24,3377200,DGC
2025-11-03 07:00:00,76.72,77.35,75.84,75.84,2224300,DGC
2025-11-04 07:00:00,75.52,75.68,72.27,75.13,2784600,DGC
2025-11-05 07:00:00,74.25,75.44,74.17,75.44,1011500,DGC
2025-11-06 07:00:00,75.44,76.64,74.89,75.44,1047600,DGC
2025-11-07 07:00:00,74.97,75.44,73.62,73.94,1254600,DGC
2025-11-10 07:00:00,74.49,74.57,72.67,72.67,1462900,DGC
2025-11-11 07:00:00,72.74,73.7,72.27,72.9,1289100,DGC
2025-11-12 07:00:00,73.06,74.41,72.9,74.25,1102600,DGC
2025-11-13 07:00:00,74.89,79.42,74.81,79.42,8043300,DGC
2025-11-14 07:00:00,79.73,81.8,77.83,78.94,3803200,DGC
2025-11-17 07:00:00,78.94,80.61,77.83,78.62,3026100,DGC
2025-11-18 07:00:00,78.78,78.78,77.43,78.46,3418500,DGC
2025-11-19 07:00:00,78.46,79.57,76.56,76.72,4650300,DGC
2025-11-20 07:00:00,77.27,77.43,76.24,77.19,1562100,DGC
2025-11-21 07:00:00,76.56,76.87,75.52,76.87,1841800,DGC
2025-11-24 07:00:00,76.87,77.35,76.08,76.24,1206900,DGC
2025-11-25 07:00:00,76.08,76.64,74.41,74.65,2646700,DGC
2025-11-26 07:00:00,74.65,76.08,74.49,76.08,1433600,DGC
2025-11-27 07:00:00,76.16,76.24,75.28,75.44,882300,DGC
2025-11-28 07:00:00,75.44,75.92,74.81,74.89,984400,DGC
2025-12-01 07:00:00,75.28,75.92,74.73,75.44,939900,DGC
2025-12-02 07:00:00,75.44,76.87,74.81,76.87,2029100,DGC
2025-12-03 07:00:00,77.27,77.98,76.48,77.03,1698100,DGC
2025-12-04 07:00:00,76.95,77.83,76.64,77.03,1792300,DGC
2025-12-05 07:00:00,77.27,77.75,75.44,75.44,1466500,DGC
2025-12-08 07:00:00,75.44,75.84,74.49,74.65,1522000,DGC
2025-12-09 07:00:00,75.36,75.68,74.41,75.36,1924300,DGC
2025-12-10 07:00:00,75.84,76.16,75.44,75.44,892200,DGC
2025-12-11 07:00:00,76.16,76.16,74.97,75.13,822500,DGC
2025-12-12 07:00:00,75.21,75.21,72.98,73.06,2497400,DGC
2025-12-15 07:00:00,73.14,73.86,73.14,73.86,901600,DGC
2025-12-16 07:00:00,70.68,73.06,68.69,68.69,18556100,DGC
2025-12-17 07:00:00,63.93,63.93,63.93,63.93,3913900,DGC
2025-12-18 07:00:00,59.48,59.48,59.48,59.48,1021600,DGC
2025-12-19 07:00:00,55.35,63.53,55.35,55.75,36714200,DGC
2025-12-22 07:00:00,55.59,59.4,55.51,59.24,6028300,DGC
2025-12-23 07:00:00,60.04,62.34,56.38,56.86,13369900,DGC
2025-12-24 07:00:00,57.19,57.19,53.46,53.88,9727200,DGC
2025-12-25 07:00:00,52.63,55.54,52.63,53.54,5421600,DGC
2025-12-26 07:00:00,53.05,53.05,49.82,50.48,10094000,DGC
2025-12-29 07:00:00,49.73,52.63,48.24,50.56,6330400,DGC
2025-12-30 07:00:00,51.56,54.04,51.06,54.04,7221500,DGC
2025-12-31 07:00:00,55.54,57.03,54.79,56.78,11101300,DGC
2026-01-05 07:00:00,56.86,56.94,53.88,54.29,6484800,DGC
2026-01-06 07:00:00,54.04,54.96,51.97,52.22,5474100,DGC
2026-01-07 07:00:00,52.38,54.29,52.38,53.13,3207000,DGC
2026-01-08 07:00:00,53.88,53.88,51.97,52.05,5234400,DGC
2026-01-09 07:00:00,52.14,52.88,51.89,51.97,4030000,DGC
2026-01-12 07:00:00,52.96,53.3,51.89,52.8,4044400,DGC
2026-01-13 07:00:00,53.05,53.3,52.14,52.3,4373300,DGC
2026-01-14 07:00:00,52.3,53.71,52.14,52.96,4895300,DGC
2026-01-15 07:00:00,53.3,56.28,52.88,55.78,6973100,DGC
2026-01-16 07:00:00,56.36,56.45,54.71,54.71,4181100,DGC
2026-01-19 07:00:00,54.71,55.37,53.96,53.96,3348700,DGC
2026-01-20 07:00:00,54.13,54.71,53.3,53.46,3021000,DGC
2026-01-21 07:00:00,53.3,57.19,53.05,57.19,10749300,DGC
2026-01-22 07:00:00,59.18,61.17,58.19,61.17,9095300,DGC
2026-01-23 07:00:00,63.0,64.57,59.26,61.25,8651600,DGC
2026-01-26 07:00:00,61.17,61.17,57.03,57.03,7179700,DGC
2026-01-27 07:00:00,55.54,57.03,54.79,55.95,4918700,DGC
2026-01-28 07:00:00,56.12,57.52,55.54,56.45,3006800,DGC
2026-01-29 07:00:00,56.7,56.86,54.79,56.2,2642600,DGC
2026-01-30 07:00:00,57.19,58.85,56.53,56.86,3461500,DGC
2026-02-02 07:00:00,57.19,57.36,55.2,55.78,3457600,DGC
2026-02-03 07:00:00,55.78,56.7,55.78,56.28,2877600,DGC
2026-02-04 07:00:00,56.36,58.19,56.12,56.94,3240400,DGC
2026-02-05 07:00:00,57.19,57.44,55.95,56.12,1776500,DGC
2026-02-06 07:00:00,55.54,55.7,54.04,54.13,4564800,DGC
2026-02-09 07:00:00,54.54,55.87,54.46,55.7,1663800,DGC
2026-02-10 07:00:00,55.78,57.11,55.54,56.36,2665800,DGC
2026-02-11 07:00:00,56.36,56.94,56.36,56.78,2003400,DGC
2026-02-12 07:00:00,56.45,56.94,56.03,56.2,1138100,DGC
2026-02-13 07:00:00,56.28,57.03,55.78,56.7,1516100,DGC
2026-02-23 07:00:00,57.28,60.09,57.03,58.19,4067100,DGC
2026-02-24 07:00:00,58.02,62.25,58.02,62.25,10866500,DGC
2026-02-25 07:00:00,63.49,63.74,60.92,63.0,7127000,DGC
2026-02-26 07:00:00,63.0,63.0,60.92,61.0,3485600,DGC
2026-02-27 07:00:00,60.76,61.75,59.68,61.17,3393400,DGC
2026-03-02 07:00:00,60.51,63.66,59.6,62.41,9213900,DGC
2026-03-03 07:00:00,63.74,63.74,61.0,61.17,4302800,DGC
2026-03-04 07:00:00,60.92,61.25,58.1,58.77,6232900,DGC
2026-03-05 07:00:00,59.93,60.59,58.85,58.85,2672600,DGC
2026-03-06 07:00:00,58.93,62.66,58.93,60.59,5742700,DGC
2026-03-09 07:00:00,63.0,63.99,58.02,58.85,10234900,DGC
2026-03-10 07:00:00,62.0,62.91,60.67,62.91,10779700,DGC
2026-03-11 07:00:00,64.16,66.06,63.0,64.4,6463800,DGC
2026-03-12 07:00:00,63.82,67.97,63.16,67.06,9831700,DGC
2026-03-13 07:00:00,66.64,67.72,63.41,64.16,8635900,DGC
2026-03-16 07:00:00,63.41,64.4,59.84,61.25,9659900,DGC
2026-03-17 07:00:00,61.92,62.58,57.03,57.03,7724600,DGC
2026-03-18 07:00:00,53.05,53.05,53.05,53.05,643800,DGC
2026-03-19 07:00:00,49.4,49.4,49.4,49.4,1376100,DGC
2026-03-20 07:00:00,46.0,48.08,46.0,46.0,34977300,DGC
2026-03-23 07:00:00,45.01,47.66,42.85,42.85,7143900,DGC
2026-03-24 07:00:00,43.93,44.34,42.85,43.52,7065700,DGC
2026-03-25 07:00:00,43.52,46.17,43.52,45.34,4337800,DGC
2026-03-26 07:00:00,45.59,45.59,42.85,43.35,5037800,DGC
2026-03-27 07:00:00,43.68,43.68,42.77,42.94,5864900,DGC
2026-03-30 07:00:00,42.19,42.27,39.99,40.7,6921600,DGC
2026-03-31 07:00:00,41.03,42.69,41.03,41.61,2507200,DGC
2026-04-01 07:00:00,41.94,42.6,41.61,41.86,2855400,DGC
2026-04-02 07:00:00,41.78,44.76,41.11,44.76,4398300,DGC
2026-04-03 07:00:00,47.16,47.58,45.59,46.83,8384200,DGC
2026-04-06 07:00:00,46.67,46.67,43.93,43.93,3451700,DGC
2026-04-07 07:00:00,44.18,44.92,43.52,44.92,1791100,DGC
2026-04-08 07:00:00,45.59,46.67,45.42,46.17,3396100,DGC
2026-04-09 07:00:00,46.17,46.25,43.85,44.01,6912700,DGC
2026-04-10 07:00:00,43.52,45.5,42.85,44.76,3815900,DGC
2026-04-13 07:00:00,44.01,45.92,44.01,45.01,2204800,DGC
2026-04-14 07:00:00,45.26,47.5,44.76,46.67,4533600,DGC
2026-04-15 07:00:00,46.75,47.0,45.26,45.26,2341800,DGC
2026-04-16 07:00:00,45.26,45.59,44.76,45.5,1675900,DGC
2026-04-17 07:00:00,45.59,46.33,44.92,45.17,2642000,DGC
2026-04-20 07:00:00,44.59,45.17,43.52,44.01,3422200,DGC
2026-04-21 07:00:00,44.01,45.09,43.52,44.18,1959400,DGC
2026-04-22 07:00:00,44.43,46.83,44.43,45.42,4246300,DGC
2026-04-23 07:00:00,45.42,45.42,44.01,44.34,2156500,DGC
2026-04-24 07:00:00,44.43,44.43,43.6,44.18,1894500,DGC
2026-04-28 07:00:00,44.18,44.34,43.27,43.35,2272300,DGC
2026-04-29 07:00:00,43.52,44.76,43.52,44.43,1358600,DGC
2026-05-04 07:00:00,44.51,45.42,44.18,44.26,1030600,DGC
2026-05-05 07:00:00,44.01,44.18,43.6,43.93,1564200,DGC
2026-05-06 07:00:00,44.1,46.58,43.76,46.25,5766700,DGC
2026-05-07 07:00:00,45.42,46.25,44.68,44.68,3649000,DGC
2026-05-08 07:00:00,44.01,45.01,43.27,43.27,4582900,DGC
2026-05-11 07:00:00,43.68,43.68,40.24,40.28,8962300,DGC
2026-05-12 07:00:00,40.28,41.61,39.12,39.7,5487500,DGC
2026-05-13 07:00:00,40.74,41.36,40.2,41.03,1807600,DGC
2026-05-14 07:00:00,41.44,42.52,41.15,42.11,2002200,DGC
2026-05-15 07:00:00,42.36,42.69,41.44,42.69,1516300,DGC
2026-05-18 07:00:00,42.27,43.02,41.94,42.77,1473600,DGC
2026-05-19 07:00:00,42.77,42.94,41.28,41.36,2749000,DGC
2026-05-20 07:00:00,41.69,41.94,38.96,40.45,5140400,DGC
2026-05-21 07:00:00,40.49,40.66,39.62,39.79,1717200,DGC
2026-05-22 07:00:00,39.83,41.03,39.83,40.2,1456500,DGC
2026-05-25 07:00:00,40.28,40.78,39.91,40.2,1155200,DGC
2026-05-26 07:00:00,40.2,40.28,39.7,39.7,967400,DGC
2026-05-27 07:00:00,39.37,39.74,39.37,39.58,997100,DGC
2026-05-28 07:00:00,39.79,39.79,39.46,39.46,1427700,DGC
2026-05-29 07:00:00,39.46,39.46,38.54,38.54,1951300,DGC
2026-06-01 07:00:00,38.09,38.09,37.17,37.17,1978600,DGC
2026-06-02 07:00:00,37.38,38.63,37.38,37.88,648900,DGC
2026-06-03 07:00:00,37.59,38.13,37.59,37.96,486400,DGC
2026-06-04 07:00:00,38.04,38.04,37.63,37.63,374800,DGC
2026-06-05 07:00:00,37.63,38.0,37.63,38.0,373600,DGC
2026-06-08 07:00:00,37.88,37.88,37.3,37.47,596400,DGC
2026-06-09 07:00:00,37.3,37.38,37.17,37.22,482000,DGC
2026-06-10 07:00:00,37.17,37.22,37.17,37.17,461300,DGC
2026-06-11 07:00:00,37.26,37.42,37.26,37.42,466600,DGC
2026-06-12 07:00:00,37.42,38.13,37.42,37.92,594100,DGC
2026-06-15 07:00:00,38.0,39.66,38.0,39.66,1298400,DGC
2026-06-16 07:00:00,40.62,40.62,39.79,40.03,664300,DGC
2026-06-17 07:00:00,39.95,39.95,39.58,39.66,411300,DGC
2026-06-18 07:00:00,39.62,39.62,39.37,39.62,463000,DGC
2026-06-19 07:00:00,39.58,40.12,39.41,40.12,499300,DGC
2026-06-22 07:00:00,42.19,42.69,40.9,42.69,2491500,DGC
2026-06-23 07:00:00,43.35,43.85,41.86,41.86,1515700,DGC
2026-06-24 07:00:00,41.69,42.27,41.53,41.78,452700,DGC
2026-06-25 07:00:00,41.53,41.53,40.28,40.41,1042200,DGC
2026-06-26 07:00:00,40.2,40.2,39.33,39.58,931500,DGC
2026-06-29 07:00:00,39.37,40.53,39.37,40.45,421600,DGC
2026-06-30 07:00:00,40.62,40.62,39.62,39.62,612800,DGC
2026-07-01 07:00:00,39.62,39.99,39.62,39.7,614900,DGC
2026-07-02 07:00:00,39.7,40.41,39.7,40.03,545900,DGC
2026-07-03 07:00:00,39.5,39.79,39.5,39.54,467900,DGC
2026-07-06 07:00:00,39.41,39.54,38.25,38.34,669300,DGC
2026-07-07 07:00:00,38.38,38.38,37.71,38.0,796200,DGC
2026-07-08 07:00:00,38.0,38.58,38.0,38.58,286700,DGC
2026-07-09 07:00:00,37.96,39.04,37.96,38.71,277300,DGC
2026-07-10 07:00:00,38.71,38.87,38.29,38.29,218800,DGC
2026-07-13 07:00:00,38.29,38.29,37.55,37.55,451100,DGC
2026-07-14 07:00:00,37.59,37.8,37.47,37.63,348100,DGC
2026-07-15 07:00:00,37.63,37.71,37.17,37.17,417000,DGC
2026-07-16 07:00:00,37.17,37.26,36.47,37.13,584500,DGC
2026-07-17 07:00:00,37.26,37.26,36.6,37.13,173400,DGC
2026-07-20 07:00:00,37.01,37.01,35.64,35.64,762200,DGC
2026-07-21 07:00:00,35.64,36.1,35.64,35.64,550200,DGC
2026-07-22 07:00:00,35.56,35.56,33.57,33.57,1267800,DGC
2026-07-23 07:00:00,33.94,33.94,31.25,31.46,3864000,DGC
2026-07-24 07:00:00,30.92,31.08,29.88,30.54,1507400,DGC
2026-07-27 07:00:00,30.54,30.54,29.76,29.84,820700,DGC
2026-07-28 07:00:00,29.76,30.88,29.72,30.46,957900,DGC
2026-07-29 07:00:00,30.63,31.37,30.63,31.37,653400,DGC
2026-07-30 07:00:00,31.87,32.37,31.83,32.37,764800,DGC
2026-07-31 07:00:00,32.78,32.86,32.33,32.41,735500,DGC
2026-08-03 07:00:00,32.49,33.07,32.49,32.66,593500,DGC
2026-08-04 07:00:00,32.91,32.99,32.74,32.82,336800,DGC
2026-08-05 07:00:00,32.86,33.61,32.86,33.61,709700,DGC
2026-08-06 07:00:00,33.69,35.93,33.69,35.93,575200,DGC
2026-08-07 07:00:00,37.96,37.96,36.51,36.64,802700,DGC
2026-08-10 07:00:00,37.3,37.3,36.06,36.14,436400,DGC
2026-08-11 07:00:00,36.18,36.68,36.18,36.55,394100,DGC
2026-08-12 07:00:00,36.8,36.8,36.3,36.3,242100,DGC
2026-08-13 07:00:00,36.47,36.8,36.39,36.39,429100,DGC
2026-08-14 07:00:00,36.47,36.55,35.81,35.81,454100,DGC
2026-08-17 07:00:00,35.64,35.64,33.74,34.15,658900,DGC
2026-08-18 07:00:00,34.23,34.98,34.23,34.65,324700,DGC
2026-08-19 07:00:00,34.65,34.73,34.15,34.19,180700,DGC
2026-08-20 07:00:00,34.32,34.56,34.19,34.32,238600,DGC
2026-08-21 07:00:00,34.48,35.97,34.48,35.68,451600,DGC
2026-08-24 07:00:00,36.88,37.01,36.14,36.39,482400,DGC
2026-08-25 07:00:00,36.8,37.26,36.39,37.26,882600,DGC
2026-08-26 07:00:00,37.71,37.71,36.64,36.8,600600,DGC
2026-08-27 07:00:00,37.3,37.3,35.77,35.81,643200,DGC
2026-08-28 07:00:00,35.72,35.72,35.48,35.64,1417800,DGC
2026-09-03 07:00:00,35.64,37.3,35.1,37.22,998700,DGC
2026-09-04 07:00:00,38.54,39.7,38.54,39.04,2136400,DGC
2026-09-07 07:00:00,39.5,39.74,38.96,38.96,1631300,DGC
2026-09-08 07:00:00,38.96,38.96,37.8,37.84,947700,DGC
2026-09-09 07:00:00,38.38,38.79,38.38,38.63,664300,DGC
2026-09-10 07:00:00,38.71,38.96,38.5,38.96,528900,DGC
2026-09-11 07:00:00,39.33,39.33,38.75,38.75,1158600,DGC
2026-09-14 07:00:00,38.6,38.6,37.0,37.4,811700,DGC
2026-09-15 07:00:00,37.2,37.2,36.0,36.05,1227700,DGC
2026-09-16 07:00:00,36.1,36.2,34.85,35.0,912600,DGC
2026-09-17 07:00:00,34.8,36.35,34.8,35.3,957500,DGC
2026-09-18 07:00:00,35.5,36.0,35.5,35.95,861300,DGC
2026-09-21 07:00:00,36.35,36.35,35.35,35.35,579700,DGC
2026-09-22 07:00:00,35.35,35.8,35.35,35.8,550500,DGC
2026-09-23 07:00:00,35.8,35.8,35.8,35.8,7700,DGC
