time,open,high,low,close,volume,ticker
2019-01-02 07:00:00,6.68,6.78,6.55,6.64,432250,DPM
2019-01-03 07:00:00,6.62,6.7,6.34,6.34,738890,DPM
2019-01-04 07:00:00,6.31,6.52,6.19,6.52,683510,DPM
2019-01-07 07:00:00,6.46,6.62,6.46,6.58,228190,DPM
2019-01-08 07:00:00,6.58,6.58,6.4,6.45,156460,DPM
2019-01-09 07:00:00,6.49,6.52,6.45,6.46,257190,DPM
2019-01-10 07:00:00,6.34,6.55,6.34,6.51,614940,DPM
2019-01-11 07:00:00,6.51,6.51,6.37,6.45,311560,DPM
2019-01-14 07:00:00,6.4,6.48,6.39,6.43,241320,DPM
2019-01-15 07:00:00,6.46,6.64,6.4,6.64,743000,DPM
2019-01-16 07:00:00,6.7,6.74,6.62,6.68,291560,DPM
2019-01-17 07:00:00,6.68,6.93,6.68,6.87,1264490,DPM
2019-01-18 07:00:00,6.86,7.01,6.8,7.01,757200,DPM
2019-01-21 07:00:00,6.95,6.95,6.81,6.81,443150,DPM
2019-01-22 07:00:00,6.81,6.98,6.75,6.89,687000,DPM
2019-01-23 07:00:00,6.89,6.93,6.83,6.9,468580,DPM
2019-01-24 07:00:00,6.9,6.9,6.75,6.81,549340,DPM
2019-01-25 07:00:00,6.81,6.81,6.62,6.62,553560,DPM
2019-01-28 07:00:00,6.58,6.77,6.55,6.7,257550,DPM
2019-01-29 07:00:00,6.7,6.92,6.57,6.92,610910,DPM
2019-01-30 07:00:00,6.92,6.92,6.8,6.86,138830,DPM
2019-01-31 07:00:00,6.86,6.95,6.83,6.86,695140,DPM
2019-02-01 07:00:00,6.8,6.86,6.74,6.77,357420,DPM
2019-02-11 07:00:00,6.8,6.83,6.74,6.81,368970,DPM
2019-02-12 07:00:00,6.81,6.83,6.77,6.83,753200,DPM
2019-02-13 07:00:00,6.95,7.13,6.86,7.08,1422570,DPM
2019-02-14 07:00:00,7.1,7.16,7.04,7.04,656110,DPM
2019-02-15 07:00:00,7.04,7.04,6.92,6.95,1027640,DPM
2019-02-18 07:00:00,6.92,6.95,6.84,6.86,770710,DPM
2019-02-19 07:00:00,6.86,7.04,6.86,6.92,1193410,DPM
2019-02-20 07:00:00,6.89,6.95,6.87,6.92,591800,DPM
2019-02-21 07:00:00,6.89,6.92,6.46,6.62,1295960,DPM
2019-02-22 07:00:00,6.62,6.62,6.27,6.31,1910900,DPM
2019-02-25 07:00:00,6.31,6.52,6.31,6.34,510760,DPM
2019-02-26 07:00:00,6.4,6.4,6.25,6.3,581280,DPM
2019-02-27 07:00:00,6.39,6.39,6.3,6.31,622870,DPM
2019-02-28 07:00:00,6.31,6.45,6.31,6.31,496750,DPM
2019-03-01 07:00:00,6.44,6.44,6.3,6.33,169600,DPM
2019-03-04 07:00:00,6.33,6.38,6.28,6.33,458130,DPM
2019-03-05 07:00:00,6.33,6.44,6.31,6.44,533880,DPM
2019-03-06 07:00:00,6.47,6.47,6.39,6.47,122570,DPM
2019-03-07 07:00:00,6.47,6.48,6.34,6.38,410470,DPM
2019-03-08 07:00:00,6.31,6.38,6.28,6.31,271050,DPM
2019-03-11 07:00:00,6.34,6.36,6.3,6.31,249210,DPM
2019-03-12 07:00:00,6.31,6.42,6.31,6.42,334680,DPM
2019-03-13 07:00:00,6.44,6.47,6.34,6.34,405210,DPM
2019-03-14 07:00:00,6.34,6.38,6.31,6.31,325250,DPM
2019-03-15 07:00:00,6.34,6.36,6.24,6.24,471830,DPM
2019-03-18 07:00:00,6.25,6.34,6.25,6.33,437670,DPM
2019-03-19 07:00:00,6.28,6.3,6.17,6.2,517420,DPM
2019-03-20 07:00:00,6.2,6.25,6.17,6.25,268210,DPM
2019-03-21 07:00:00,6.28,6.28,6.13,6.19,323220,DPM
2019-03-22 07:00:00,6.19,6.25,6.16,6.19,228440,DPM
2019-03-25 07:00:00,6.07,6.17,6.07,6.13,599930,DPM
2019-03-26 07:00:00,6.13,6.14,6.1,6.14,226520,DPM
2019-03-27 07:00:00,6.14,6.16,6.11,6.13,114070,DPM
2019-03-28 07:00:00,6.14,6.14,5.91,5.96,543230,DPM
2019-03-29 07:00:00,5.96,6.07,5.94,6.07,529750,DPM
2019-04-01 07:00:00,6.04,6.07,5.96,6.05,185990,DPM
2019-04-02 07:00:00,6.05,6.05,5.94,5.96,110820,DPM
2019-04-03 07:00:00,5.94,5.97,5.93,5.94,159210,DPM
2019-04-04 07:00:00,5.94,5.94,5.79,5.82,540170,DPM
2019-04-05 07:00:00,5.82,5.82,5.72,5.76,312790,DPM
2019-04-08 07:00:00,5.76,5.91,5.76,5.86,184270,DPM
2019-04-09 07:00:00,5.88,5.88,5.76,5.76,210460,DPM
2019-04-10 07:00:00,5.76,5.76,5.63,5.63,350220,DPM
2019-04-11 07:00:00,5.69,5.72,5.62,5.63,138330,DPM
2019-04-12 07:00:00,5.68,5.68,5.62,5.66,214390,DPM
2019-04-16 07:00:00,5.66,5.66,5.54,5.6,416160,DPM
2019-04-17 07:00:00,5.63,5.63,5.57,5.59,138850,DPM
2019-04-18 07:00:00,5.56,5.59,5.43,5.43,360340,DPM
2019-04-19 07:00:00,5.43,5.43,5.37,5.43,286000,DPM
2019-04-22 07:00:00,5.45,5.45,5.28,5.28,237300,DPM
2019-04-23 07:00:00,5.28,5.52,5.28,5.48,473710,DPM
2019-04-24 07:00:00,5.48,5.6,5.48,5.57,216350,DPM
2019-04-25 07:00:00,5.57,5.6,5.51,5.59,78770,DPM
2019-04-26 07:00:00,5.54,5.57,5.51,5.57,139400,DPM
2019-05-02 07:00:00,5.6,5.62,5.51,5.59,268140,DPM
2019-05-03 07:00:00,5.6,5.62,5.57,5.62,283250,DPM
2019-05-06 07:00:00,5.57,5.57,5.48,5.48,136840,DPM
2019-05-07 07:00:00,5.48,5.59,5.38,5.57,367380,DPM
2019-05-08 07:00:00,5.57,5.57,5.42,5.42,189830,DPM
2019-05-09 07:00:00,5.43,5.54,5.43,5.45,98300,DPM
2019-05-10 07:00:00,5.56,5.56,5.48,5.54,127320,DPM
2019-05-13 07:00:00,5.42,5.54,5.42,5.48,121080,DPM
2019-05-14 07:00:00,5.48,5.56,5.42,5.46,271900,DPM
2019-05-15 07:00:00,5.46,5.54,5.46,5.54,135460,DPM
2019-05-16 07:00:00,5.51,5.57,5.51,5.52,138200,DPM
2019-05-17 07:00:00,5.51,5.54,5.43,5.43,254780,DPM
2019-05-20 07:00:00,5.43,5.48,5.43,5.43,216940,DPM
2019-05-21 07:00:00,5.48,5.52,5.46,5.46,201580,DPM
2019-05-22 07:00:00,5.43,5.49,5.43,5.43,119030,DPM
2019-05-23 07:00:00,5.43,5.74,5.42,5.74,779960,DPM
2019-05-24 07:00:00,5.72,5.8,5.63,5.74,720410,DPM
2019-05-27 07:00:00,5.74,5.77,5.69,5.76,180500,DPM
2019-05-28 07:00:00,5.72,5.77,5.6,5.65,426470,DPM
2019-05-29 07:00:00,5.69,5.77,5.63,5.74,293070,DPM
2019-05-30 07:00:00,5.76,5.76,5.65,5.65,241650,DPM
2019-05-31 07:00:00,5.68,5.74,5.52,5.52,607600,DPM
2019-06-03 07:00:00,5.52,5.65,5.45,5.57,696080,DPM
2019-06-04 07:00:00,5.57,5.63,5.45,5.52,338540,DPM
2019-06-05 07:00:00,5.66,5.66,5.57,5.63,380980,DPM
2019-06-06 07:00:00,5.63,5.66,5.48,5.57,191910,DPM
2019-06-07 07:00:00,5.6,5.62,5.54,5.59,124440,DPM
2019-06-10 07:00:00,5.63,5.66,5.54,5.63,283670,DPM
2019-06-11 07:00:00,5.63,5.63,5.51,5.51,169120,DPM
2019-06-12 07:00:00,5.51,5.59,5.4,5.48,798250,DPM
2019-06-13 07:00:00,5.6,5.6,5.48,5.52,944940,DPM
2019-06-14 07:00:00,5.54,5.57,5.41,5.46,285710,DPM
2019-06-17 07:00:00,5.45,5.45,5.24,5.26,471760,DPM
2019-06-18 07:00:00,5.26,5.3,5.24,5.27,115500,DPM
2019-06-19 07:00:00,5.18,5.29,5.18,5.18,432050,DPM
2019-06-20 07:00:00,5.22,5.22,5.16,5.19,1328720,DPM
2019-06-21 07:00:00,5.19,5.19,5.08,5.1,6145890,DPM
2019-06-24 07:00:00,5.19,5.22,5.11,5.19,399080,DPM
2019-06-25 07:00:00,5.16,5.16,5.11,5.13,532780,DPM
2019-06-26 07:00:00,5.1,5.11,4.98,4.98,1411060,DPM
2019-06-27 07:00:00,4.98,5.0,4.66,4.78,2126990,DPM
2019-06-28 07:00:00,4.78,4.84,4.68,4.82,961810,DPM
2019-07-01 07:00:00,4.86,5.03,4.84,5.03,626660,DPM
2019-07-02 07:00:00,5.0,5.0,4.92,4.95,536810,DPM
2019-07-03 07:00:00,4.94,4.94,4.86,4.86,381370,DPM
2019-07-04 07:00:00,4.86,4.97,4.86,4.97,469950,DPM
2019-07-05 07:00:00,4.97,4.98,4.9,4.92,487520,DPM
2019-07-08 07:00:00,4.94,4.94,4.87,4.92,658990,DPM
2019-07-09 07:00:00,4.92,4.97,4.9,4.94,461940,DPM
2019-07-10 07:00:00,4.94,5.02,4.94,4.98,385470,DPM
2019-07-11 07:00:00,5.02,5.02,4.94,4.94,369600,DPM
2019-07-12 07:00:00,4.94,4.97,4.92,4.92,451710,DPM
2019-07-15 07:00:00,4.92,4.92,4.89,4.89,495720,DPM
2019-07-16 07:00:00,4.9,4.94,4.87,4.89,290140,DPM
2019-07-17 07:00:00,4.89,4.92,4.86,4.87,307260,DPM
2019-07-18 07:00:00,4.87,4.87,4.82,4.84,151460,DPM
2019-07-19 07:00:00,4.86,4.87,4.82,4.82,407720,DPM
2019-07-22 07:00:00,4.82,4.87,4.81,4.82,212360,DPM
2019-07-23 07:00:00,4.82,4.86,4.81,4.81,315400,DPM
2019-07-24 07:00:00,4.81,4.84,4.76,4.78,284980,DPM
2019-07-25 07:00:00,4.78,4.81,4.74,4.74,144870,DPM
2019-07-26 07:00:00,4.74,4.78,4.68,4.68,319660,DPM
2019-07-29 07:00:00,4.71,4.79,4.71,4.74,297450,DPM
2019-07-30 07:00:00,4.74,4.74,4.62,4.62,400860,DPM
2019-07-31 07:00:00,4.65,4.65,4.52,4.59,270530,DPM
2019-08-01 07:00:00,4.62,4.65,4.57,4.57,261860,DPM
2019-08-02 07:00:00,4.55,4.55,4.44,4.46,511540,DPM
2019-08-05 07:00:00,4.46,4.46,4.33,4.35,576630,DPM
2019-08-06 07:00:00,4.3,4.38,4.27,4.35,264100,DPM
2019-08-07 07:00:00,4.35,4.36,4.32,4.32,253780,DPM
2019-08-08 07:00:00,4.32,4.39,4.28,4.38,560900,DPM
2019-08-09 07:00:00,4.43,4.54,4.38,4.47,539440,DPM
2019-08-12 07:00:00,4.46,4.59,4.44,4.59,359900,DPM
2019-08-13 07:00:00,4.59,4.59,4.46,4.46,679260,DPM
2019-08-14 07:00:00,4.54,4.54,4.41,4.41,545760,DPM
2019-08-15 07:00:00,4.39,4.43,4.38,4.41,374460,DPM
2019-08-16 07:00:00,4.41,4.46,4.36,4.39,432780,DPM
2019-08-19 07:00:00,4.46,4.49,4.38,4.38,316080,DPM
2019-08-20 07:00:00,4.39,4.43,4.36,4.38,392900,DPM
2019-08-21 07:00:00,4.38,4.39,4.35,4.35,375510,DPM
2019-08-22 07:00:00,4.35,4.43,4.32,4.35,487350,DPM
2019-08-23 07:00:00,4.35,4.43,4.35,4.41,352360,DPM
2019-08-26 07:00:00,4.38,4.39,4.3,4.33,692800,DPM
2019-08-27 07:00:00,4.36,4.36,4.28,4.28,537660,DPM
2019-08-28 07:00:00,4.28,4.3,4.2,4.22,650140,DPM
2019-08-29 07:00:00,4.22,4.28,4.22,4.28,242740,DPM
2019-08-30 07:00:00,4.28,4.36,4.28,4.36,426770,DPM
2019-09-03 07:00:00,4.33,4.36,4.3,4.35,274860,DPM
2019-09-04 07:00:00,4.33,4.35,4.3,4.35,257430,DPM
2019-09-05 07:00:00,4.33,4.33,4.28,4.3,291640,DPM
2019-09-06 07:00:00,4.3,4.32,4.25,4.25,324510,DPM
2019-09-09 07:00:00,4.25,4.3,4.25,4.25,246300,DPM
2019-09-10 07:00:00,4.25,4.27,4.2,4.2,346930,DPM
2019-09-11 07:00:00,4.24,4.24,4.01,4.06,482000,DPM
2019-09-12 07:00:00,4.09,4.16,4.09,4.12,469320,DPM
2019-09-13 07:00:00,4.14,4.16,4.12,4.14,254330,DPM
2019-09-16 07:00:00,4.14,4.17,4.12,4.16,461000,DPM
2019-09-17 07:00:00,4.14,4.16,4.14,4.14,205920,DPM
2019-09-18 07:00:00,4.16,4.24,4.16,4.2,327120,DPM
2019-09-19 07:00:00,4.22,4.22,4.19,4.19,167040,DPM
2019-09-20 07:00:00,4.19,4.25,4.19,4.24,246120,DPM
2019-09-23 07:00:00,4.25,4.25,4.19,4.19,134100,DPM
2019-09-24 07:00:00,4.22,4.22,4.16,4.16,217440,DPM
2019-09-25 07:00:00,4.16,4.19,4.16,4.16,199170,DPM
2019-09-26 07:00:00,4.17,4.33,4.16,4.33,966230,DPM
2019-09-27 07:00:00,4.33,4.35,4.3,4.32,380470,DPM
2019-09-30 07:00:00,4.33,4.35,4.24,4.25,496130,DPM
2019-10-01 07:00:00,4.24,4.32,4.24,4.32,274320,DPM
2019-10-02 07:00:00,4.32,4.32,4.24,4.24,569220,DPM
2019-10-03 07:00:00,4.24,4.28,4.2,4.28,277460,DPM
2019-10-04 07:00:00,4.27,4.52,4.27,4.51,1179420,DPM
2019-10-07 07:00:00,4.51,4.57,4.49,4.52,593390,DPM
2019-10-08 07:00:00,4.52,4.65,4.47,4.65,723160,DPM
2019-10-09 07:00:00,4.65,4.71,4.57,4.7,494870,DPM
2019-10-10 07:00:00,4.7,4.71,4.6,4.6,469380,DPM
2019-10-11 07:00:00,4.6,4.66,4.59,4.6,228830,DPM
2019-10-14 07:00:00,4.6,4.68,4.6,4.65,232400,DPM
2019-10-15 07:00:00,4.62,4.87,4.62,4.87,1247170,DPM
2019-10-16 07:00:00,4.84,4.9,4.78,4.81,454170,DPM
2019-10-17 07:00:00,4.84,4.87,4.71,4.71,534700,DPM
2019-10-18 07:00:00,4.71,4.81,4.71,4.76,291600,DPM
2019-10-21 07:00:00,4.74,4.78,4.65,4.66,323090,DPM
2019-10-22 07:00:00,4.62,4.62,4.41,4.49,913380,DPM
2019-10-23 07:00:00,4.49,4.59,4.46,4.59,316450,DPM
2019-10-24 07:00:00,4.62,4.62,4.55,4.57,169340,DPM
2019-10-25 07:00:00,4.55,4.57,4.47,4.47,253730,DPM
2019-10-28 07:00:00,4.47,4.55,4.46,4.46,214860,DPM
2019-10-29 07:00:00,4.46,4.55,4.44,4.52,287340,DPM
2019-10-30 07:00:00,4.52,4.54,4.46,4.46,219260,DPM
2019-10-31 07:00:00,4.46,4.49,4.33,4.35,566720,DPM
2019-11-01 07:00:00,4.35,4.43,4.35,4.43,183190,DPM
2019-11-04 07:00:00,4.43,4.43,4.33,4.35,351270,DPM
2019-11-05 07:00:00,4.35,4.36,4.27,4.35,427410,DPM
2019-11-06 07:00:00,4.33,4.38,4.3,4.38,144700,DPM
2019-11-07 07:00:00,4.38,4.44,4.36,4.39,217560,DPM
2019-11-08 07:00:00,4.43,4.43,4.35,4.38,241580,DPM
2019-11-11 07:00:00,4.36,4.39,4.35,4.36,136200,DPM
2019-11-12 07:00:00,4.36,4.52,4.35,4.52,396970,DPM
2019-11-13 07:00:00,4.59,4.59,4.44,4.46,306730,DPM
2019-11-14 07:00:00,4.46,4.52,4.43,4.47,301100,DPM
2019-11-15 07:00:00,4.51,4.51,4.44,4.46,310270,DPM
2019-11-18 07:00:00,4.46,4.47,4.41,4.44,85310,DPM
2019-11-19 07:00:00,4.43,4.46,4.3,4.36,270210,DPM
2019-11-20 07:00:00,4.33,4.43,4.33,4.36,119040,DPM
2019-11-21 07:00:00,4.33,4.38,4.16,4.16,289670,DPM
2019-11-22 07:00:00,4.17,4.33,4.17,4.19,337910,DPM
2019-11-25 07:00:00,4.19,4.22,4.17,4.22,286170,DPM
2019-11-26 07:00:00,4.22,4.24,4.08,4.08,684460,DPM
2019-11-27 07:00:00,4.08,4.2,4.08,4.16,213400,DPM
2019-11-28 07:00:00,4.19,4.19,4.11,4.11,134230,DPM
2019-11-29 07:00:00,4.11,4.14,4.09,4.12,114550,DPM
2019-12-02 07:00:00,4.14,4.17,4.08,4.08,168660,DPM
2019-12-03 07:00:00,4.08,4.14,4.03,4.08,325510,DPM
2019-12-04 07:00:00,4.12,4.14,4.06,4.08,150990,DPM
2019-12-05 07:00:00,4.09,4.11,4.08,4.08,109340,DPM
2019-12-06 07:00:00,4.08,4.17,4.06,4.17,130040,DPM
2019-12-09 07:00:00,4.17,4.33,4.17,4.27,465740,DPM
2019-12-10 07:00:00,4.28,4.28,4.17,4.17,160530,DPM
2019-12-11 07:00:00,4.17,4.24,4.12,4.2,127350,DPM
2019-12-12 07:00:00,4.17,4.2,4.12,4.2,174910,DPM
2019-12-13 07:00:00,4.24,4.27,4.2,4.24,311070,DPM
2019-12-16 07:00:00,4.24,4.3,4.24,4.3,176560,DPM
2019-12-17 07:00:00,4.33,4.35,4.28,4.28,258090,DPM
2019-12-18 07:00:00,4.28,4.28,4.19,4.2,214050,DPM
2019-12-19 07:00:00,4.2,4.2,4.11,4.11,313000,DPM
2019-12-20 07:00:00,4.11,4.16,4.11,4.12,209760,DPM
2019-12-23 07:00:00,4.14,4.16,4.11,4.14,254960,DPM
2019-12-24 07:00:00,4.17,4.28,4.17,4.28,273110,DPM
2019-12-25 07:00:00,4.28,4.28,4.24,4.27,109800,DPM
2019-12-26 07:00:00,4.25,4.27,4.17,4.25,314600,DPM
2019-12-27 07:00:00,4.24,4.25,4.17,4.2,299540,DPM
2019-12-30 07:00:00,4.2,4.2,4.12,4.16,391190,DPM
2019-12-31 07:00:00,4.16,4.19,4.12,4.12,210190,DPM
2020-01-02 07:00:00,4.16,4.17,4.09,4.12,285280,DPM
2020-01-03 07:00:00,4.11,4.17,4.06,4.08,379590,DPM
2020-01-06 07:00:00,4.04,4.08,4.04,4.04,334320,DPM
2020-01-07 07:00:00,4.03,4.04,4.0,4.0,256060,DPM
2020-01-08 07:00:00,3.98,4.03,3.93,3.98,308760,DPM
2020-01-09 07:00:00,4.0,4.14,3.98,4.14,109420,DPM
2020-01-10 07:00:00,4.04,4.12,4.04,4.06,121630,DPM
2020-01-13 07:00:00,4.14,4.14,4.08,4.11,233240,DPM
2020-01-14 07:00:00,4.14,4.14,4.04,4.08,427120,DPM
2020-01-15 07:00:00,4.14,4.14,4.03,4.06,279990,DPM
2020-01-16 07:00:00,4.06,4.08,3.98,3.98,305870,DPM
2020-01-17 07:00:00,3.98,4.0,3.95,3.98,142700,DPM
2020-01-20 07:00:00,4.0,4.04,3.96,4.01,239160,DPM
2020-01-21 07:00:00,3.96,4.04,3.96,4.03,268570,DPM
2020-01-22 07:00:00,4.04,4.06,3.98,4.01,282360,DPM
2020-01-30 07:00:00,4.0,4.01,3.96,3.96,387190,DPM
2020-01-31 07:00:00,3.96,3.98,3.69,3.69,1236470,DPM
2020-02-03 07:00:00,3.63,3.66,3.44,3.55,606680,DPM
2020-02-04 07:00:00,3.62,3.76,3.54,3.68,404240,DPM
2020-02-05 07:00:00,3.68,3.71,3.58,3.63,373200,DPM
2020-02-06 07:00:00,3.66,3.74,3.58,3.73,324530,DPM
2020-02-07 07:00:00,3.73,3.77,3.68,3.74,216040,DPM
2020-02-10 07:00:00,3.74,3.74,3.66,3.71,133730,DPM
2020-02-11 07:00:00,3.66,3.74,3.66,3.73,114060,DPM
2020-02-12 07:00:00,3.73,3.84,3.73,3.84,313360,DPM
2020-02-13 07:00:00,3.84,3.85,3.77,3.82,150190,DPM
2020-02-14 07:00:00,3.82,3.85,3.77,3.79,200990,DPM
2020-02-17 07:00:00,3.79,3.84,3.79,3.79,112390,DPM
2020-02-18 07:00:00,3.82,3.87,3.79,3.82,204090,DPM
2020-02-19 07:00:00,3.84,3.88,3.82,3.88,247490,DPM
2020-02-20 07:00:00,3.88,4.08,3.85,4.03,570380,DPM
2020-02-21 07:00:00,4.03,4.04,3.95,3.95,219270,DPM
2020-02-24 07:00:00,3.88,3.92,3.76,3.77,380280,DPM
2020-02-25 07:00:00,3.74,3.82,3.74,3.79,168850,DPM
2020-02-26 07:00:00,3.82,3.82,3.77,3.81,143120,DPM
2020-02-27 07:00:00,3.81,3.84,3.79,3.84,172590,DPM
2020-02-28 07:00:00,3.84,3.84,3.76,3.77,175940,DPM
2020-03-02 07:00:00,3.77,3.84,3.77,3.82,170650,DPM
2020-03-03 07:00:00,3.87,3.95,3.82,3.95,393670,DPM
2020-03-04 07:00:00,3.95,4.17,3.88,4.06,1332460,DPM
2020-03-05 07:00:00,4.14,4.14,4.01,4.01,583400,DPM
2020-03-06 07:00:00,4.01,4.03,3.92,3.96,429230,DPM
2020-03-09 07:00:00,3.69,3.88,3.69,3.69,1185490,DPM
2020-03-10 07:00:00,3.68,3.9,3.68,3.87,1173300,DPM
2020-03-11 07:00:00,3.87,3.88,3.63,3.76,1060630,DPM
2020-03-12 07:00:00,3.5,3.66,3.5,3.55,2577980,DPM
2020-03-13 07:00:00,3.47,3.62,3.31,3.62,1056700,DPM
2020-03-16 07:00:00,3.6,3.63,3.5,3.52,574850,DPM
2020-03-17 07:00:00,3.47,3.69,3.41,3.69,871600,DPM
2020-03-18 07:00:00,3.68,3.87,3.66,3.77,809770,DPM
2020-03-19 07:00:00,3.73,3.93,3.63,3.84,1086000,DPM
2020-03-20 07:00:00,3.84,3.88,3.73,3.73,557310,DPM
2020-03-23 07:00:00,3.69,3.69,3.52,3.52,918170,DPM
2020-03-24 07:00:00,3.52,3.65,3.52,3.63,457940,DPM
2020-03-25 07:00:00,3.68,3.76,3.68,3.69,261260,DPM
2020-03-26 07:00:00,3.69,3.71,3.63,3.68,331340,DPM
2020-03-27 07:00:00,3.71,3.79,3.66,3.71,405990,DPM
2020-03-30 07:00:00,3.73,3.73,3.6,3.63,1026330,DPM
2020-03-31 07:00:00,3.71,3.77,3.63,3.65,585260,DPM
2020-04-01 07:00:00,3.71,3.9,3.71,3.9,1259170,DPM
2020-04-03 07:00:00,3.98,4.03,3.9,3.95,1465460,DPM
2020-04-06 07:00:00,3.98,4.14,3.98,4.09,1343650,DPM
2020-04-07 07:00:00,4.08,4.09,3.88,3.98,1802340,DPM
2020-04-08 07:00:00,3.92,4.25,3.87,4.25,2225670,DPM
2020-04-09 07:00:00,4.43,4.51,4.33,4.36,3303220,DPM
2020-04-10 07:00:00,4.39,4.44,4.27,4.36,1602940,DPM
2020-04-13 07:00:00,4.38,4.59,4.35,4.41,2779820,DPM
2020-04-14 07:00:00,4.38,4.57,4.3,4.54,2079080,DPM
2020-04-15 07:00:00,4.59,4.62,4.51,4.51,1980480,DPM
2020-04-16 07:00:00,4.47,4.55,4.41,4.44,1947290,DPM
2020-04-17 07:00:00,4.51,4.54,4.38,4.43,2300970,DPM
2020-04-20 07:00:00,4.44,4.73,4.41,4.73,4050220,DPM
2020-04-21 07:00:00,4.78,5.03,4.7,4.71,7312460,DPM
2020-04-22 07:00:00,4.71,5.0,4.65,5.0,3461780,DPM
2020-04-23 07:00:00,5.06,5.08,4.87,4.87,2091490,DPM
2020-04-24 07:00:00,4.82,4.84,4.71,4.78,2668200,DPM
2020-04-27 07:00:00,4.91,4.91,4.5,4.58,6169550,DPM
2020-04-28 07:00:00,4.64,4.78,4.64,4.76,1603560,DPM
2020-04-29 07:00:00,4.71,4.88,4.7,4.71,1520640,DPM
2020-05-04 07:00:00,4.61,4.64,4.45,4.48,2696350,DPM
2020-05-05 07:00:00,4.45,4.55,4.4,4.42,2616090,DPM
2020-05-06 07:00:00,4.45,4.6,4.45,4.6,1757070,DPM
2020-05-07 07:00:00,4.61,4.64,4.56,4.58,1297920,DPM
2020-05-08 07:00:00,4.58,4.63,4.55,4.55,3134380,DPM
2020-05-11 07:00:00,4.56,4.61,4.51,4.56,2108920,DPM
2020-05-12 07:00:00,4.61,4.86,4.56,4.86,4958340,DPM
2020-05-13 07:00:00,4.84,4.86,4.71,4.78,2369590,DPM
2020-05-14 07:00:00,4.7,4.74,4.63,4.63,2626800,DPM
2020-05-15 07:00:00,4.61,4.66,4.5,4.5,4457340,DPM
2020-05-18 07:00:00,4.5,4.55,4.42,4.51,2594900,DPM
2020-05-19 07:00:00,4.58,4.6,4.5,4.5,2046710,DPM
2020-05-20 07:00:00,4.51,4.76,4.46,4.7,5573910,DPM
2020-05-21 07:00:00,4.74,4.74,4.64,4.64,2199500,DPM
2020-05-22 07:00:00,4.63,4.84,4.61,4.78,4124110,DPM
2020-05-25 07:00:00,4.79,5.11,4.79,5.04,6977860,DPM
2020-05-26 07:00:00,5.07,5.07,4.92,4.96,3081230,DPM
2020-05-27 07:00:00,4.97,5.16,4.91,4.91,5350350,DPM
2020-05-28 07:00:00,4.92,5.01,4.84,4.91,3472090,DPM
2020-05-29 07:00:00,4.92,4.97,4.88,4.88,1924780,DPM
2020-06-01 07:00:00,4.89,5.06,4.88,4.96,3311060,DPM
2020-06-02 07:00:00,4.97,4.97,4.74,4.74,4314070,DPM
2020-06-03 07:00:00,4.74,4.83,4.71,4.83,3381930,DPM
2020-06-04 07:00:00,4.83,4.86,4.76,4.81,3482410,DPM
2020-06-05 07:00:00,4.79,4.92,4.79,4.89,2600560,DPM
2020-06-08 07:00:00,4.91,4.99,4.84,4.86,5604850,DPM
2020-06-09 07:00:00,4.89,4.96,4.84,4.89,3878210,DPM
2020-06-10 07:00:00,4.89,4.97,4.81,4.92,3546900,DPM
2020-06-11 07:00:00,4.94,5.07,4.61,4.61,6437700,DPM
2020-06-12 07:00:00,4.53,4.73,4.5,4.7,3830890,DPM
2020-06-15 07:00:00,4.71,4.74,4.48,4.53,3451540,DPM
2020-06-16 07:00:00,4.58,4.76,4.53,4.71,3429930,DPM
2020-06-17 07:00:00,4.71,4.73,4.58,4.61,1783170,DPM
2020-06-18 07:00:00,4.58,4.71,4.56,4.64,1633880,DPM
2020-06-19 07:00:00,4.64,4.76,4.64,4.73,1992290,DPM
2020-06-22 07:00:00,4.78,5.06,4.76,5.06,8819740,DPM
2020-06-23 07:00:00,5.17,5.2,4.92,5.04,5608660,DPM
2020-06-24 07:00:00,5.11,5.11,4.91,4.94,3234460,DPM
2020-06-25 07:00:00,4.84,5.09,4.84,5.02,3777280,DPM
2020-06-26 07:00:00,5.06,5.09,4.84,4.88,2548920,DPM
2020-06-29 07:00:00,4.84,4.86,4.64,4.71,3694090,DPM
2020-06-30 07:00:00,4.78,4.79,4.55,4.61,3015790,DPM
2020-07-01 07:00:00,4.66,4.78,4.61,4.74,1345930,DPM
2020-07-02 07:00:00,4.74,4.76,4.63,4.71,1517700,DPM
2020-07-03 07:00:00,4.71,4.76,4.71,4.73,1331860,DPM
2020-07-06 07:00:00,4.74,4.83,4.73,4.79,1585170,DPM
2020-07-07 07:00:00,4.84,4.84,4.73,4.73,2239960,DPM
2020-07-08 07:00:00,4.73,4.83,4.7,4.76,1375260,DPM
2020-07-09 07:00:00,4.81,4.81,4.76,4.81,1487460,DPM
2020-07-10 07:00:00,4.78,4.92,4.78,4.83,2521320,DPM
2020-07-13 07:00:00,4.84,4.91,4.81,4.83,1878320,DPM
2020-07-14 07:00:00,4.83,4.92,4.81,4.91,1854230,DPM
2020-07-15 07:00:00,4.94,4.97,4.84,4.84,2195480,DPM
2020-07-16 07:00:00,4.84,4.91,4.83,4.86,1444960,DPM
2020-07-17 07:00:00,4.89,4.89,4.81,4.81,1704340,DPM
2020-07-20 07:00:00,4.81,4.84,4.74,4.74,1512120,DPM
2020-07-21 07:00:00,4.83,4.86,4.74,4.83,2366640,DPM
2020-07-22 07:00:00,4.94,4.99,4.86,4.92,3907150,DPM
2020-07-23 07:00:00,4.94,4.94,4.83,4.89,1318400,DPM
2020-07-24 07:00:00,4.86,4.88,4.56,4.7,4038360,DPM
2020-07-27 07:00:00,4.56,4.6,4.38,4.38,5665380,DPM
2020-07-28 07:00:00,4.45,4.68,4.43,4.64,2488040,DPM
2020-07-29 07:00:00,4.55,4.58,4.36,4.48,2693800,DPM
2020-07-30 07:00:00,4.48,4.6,4.48,4.51,1444480,DPM
2020-07-31 07:00:00,4.45,4.56,4.42,4.5,1439080,DPM
2020-08-03 07:00:00,4.53,4.68,4.53,4.66,2076880,DPM
2020-08-04 07:00:00,4.7,4.73,4.64,4.71,3088220,DPM
2020-08-05 07:00:00,4.78,4.83,4.71,4.78,2775350,DPM
2020-08-06 07:00:00,4.76,4.78,4.71,4.71,1511120,DPM
2020-08-07 07:00:00,4.71,4.78,4.69,4.69,1729860,DPM
2020-08-10 07:00:00,4.71,4.78,4.71,4.73,2367340,DPM
2020-08-11 07:00:00,4.78,4.9,4.69,4.87,4241480,DPM
2020-08-12 07:00:00,4.88,4.9,4.78,4.78,1904270,DPM
2020-08-13 07:00:00,4.82,5.0,4.8,4.97,5666410,DPM
2020-08-14 07:00:00,4.95,4.97,4.83,4.85,2606540,DPM
2020-08-17 07:00:00,4.85,4.88,4.8,4.87,1468440,DPM
2020-08-18 07:00:00,4.88,4.95,4.88,4.94,2330360,DPM
2020-08-19 07:00:00,4.95,5.0,4.92,4.97,3536880,DPM
2020-08-20 07:00:00,4.97,5.0,4.92,4.99,2422930,DPM
2020-08-21 07:00:00,5.0,5.34,5.0,5.34,13078230,DPM
2020-08-24 07:00:00,5.47,5.61,5.44,5.49,6231560,DPM
2020-08-25 07:00:00,5.51,5.56,5.39,5.4,4271140,DPM
2020-08-26 07:00:00,5.39,5.58,5.37,5.54,5306620,DPM
2020-08-27 07:00:00,5.54,5.68,5.51,5.54,3063130,DPM
2020-08-28 07:00:00,5.58,5.59,5.46,5.46,3981400,DPM
2020-08-31 07:00:00,5.46,5.84,5.4,5.72,5730320,DPM
2020-09-01 07:00:00,5.72,5.75,5.68,5.73,2088800,DPM
2020-09-03 07:00:00,5.77,5.77,5.58,5.61,3154350,DPM
2020-09-04 07:00:00,5.51,5.61,5.47,5.56,2903650,DPM
2020-09-07 07:00:00,5.56,5.77,5.56,5.56,3921790,DPM
2020-09-08 07:00:00,5.59,5.7,5.54,5.63,2604730,DPM
2020-09-09 07:00:00,5.59,5.87,5.56,5.87,5604600,DPM
2020-09-10 07:00:00,5.92,5.94,5.82,5.84,2423220,DPM
2020-09-11 07:00:00,5.8,5.98,5.77,5.84,2560200,DPM
2020-09-14 07:00:00,5.89,5.96,5.84,5.94,4446480,DPM
2020-09-15 07:00:00,5.99,6.04,5.91,5.92,3393940,DPM
2020-09-16 07:00:00,5.89,5.92,5.82,5.85,3399870,DPM
2020-09-17 07:00:00,5.85,5.89,5.8,5.84,2302160,DPM
2020-09-18 07:00:00,5.82,5.87,5.82,5.85,2316090,DPM
2020-09-21 07:00:00,5.85,5.87,5.66,5.68,6257410,DPM
2020-09-22 07:00:00,5.63,5.82,5.59,5.75,2652130,DPM
2020-09-23 07:00:00,5.75,5.8,5.73,5.77,2689570,DPM
2020-09-24 07:00:00,5.73,5.8,5.72,5.8,1881000,DPM
2020-09-25 07:00:00,5.8,5.82,5.75,5.8,2014630,DPM
2020-09-28 07:00:00,5.84,6.15,5.84,6.1,6452610,DPM
2020-09-29 07:00:00,6.17,6.27,5.96,5.98,4524490,DPM
2020-09-30 07:00:00,6.03,6.22,5.94,6.17,4360380,DPM
2020-10-01 07:00:00,6.2,6.22,6.13,6.17,3095040,DPM
2020-10-02 07:00:00,6.17,6.18,5.75,5.98,6038760,DPM
2020-10-05 07:00:00,6.06,6.08,5.96,5.99,2539610,DPM
2020-10-06 07:00:00,6.04,6.06,5.92,5.94,2029420,DPM
2020-10-07 07:00:00,5.89,6.01,5.89,5.91,2367880,DPM
2020-10-08 07:00:00,5.94,6.15,5.92,6.1,5228360,DPM
2020-10-09 07:00:00,6.11,6.15,6.01,6.03,2300460,DPM
2020-10-12 07:00:00,6.13,6.13,5.96,5.96,2253890,DPM
2020-10-13 07:00:00,5.96,5.98,5.89,5.92,2235410,DPM
2020-10-14 07:00:00,5.92,5.98,5.78,5.84,3203490,DPM
2020-10-15 07:00:00,5.85,5.99,5.77,5.92,2235330,DPM
2020-10-16 07:00:00,5.91,6.04,5.84,5.89,2184250,DPM
2020-10-19 07:00:00,5.92,5.94,5.84,5.84,1882060,DPM
2020-10-20 07:00:00,5.84,5.96,5.82,5.92,1573100,DPM
2020-10-21 07:00:00,5.99,6.01,5.87,5.87,2423220,DPM
2020-10-22 07:00:00,5.87,5.89,5.82,5.87,854420,DPM
2020-10-23 07:00:00,5.92,6.03,5.91,5.96,2186110,DPM
2020-10-26 07:00:00,5.98,5.99,5.87,5.87,1381570,DPM
2020-10-27 07:00:00,5.85,5.87,5.82,5.82,1617260,DPM
2020-10-28 07:00:00,5.82,5.82,5.54,5.54,3140770,DPM
2020-10-29 07:00:00,5.51,5.65,5.47,5.51,2240880,DPM
2020-10-30 07:00:00,5.61,5.65,5.54,5.63,1318960,DPM
2020-11-02 07:00:00,5.72,5.96,5.7,5.94,3124640,DPM
2020-11-03 07:00:00,5.92,5.94,5.85,5.89,1633200,DPM
2020-11-04 07:00:00,5.91,5.94,5.82,5.89,1027070,DPM
2020-11-05 07:00:00,5.87,6.08,5.87,5.92,4146270,DPM
2020-11-06 07:00:00,5.94,6.01,5.87,5.94,1756660,DPM
2020-11-09 07:00:00,5.98,6.2,5.98,6.15,5108120,DPM
2020-11-10 07:00:00,6.11,6.11,5.98,6.04,4411150,DPM
2020-11-11 07:00:00,6.04,6.1,5.99,6.03,2815470,DPM
2020-11-12 07:00:00,6.03,6.13,5.92,6.11,2939880,DPM
2020-11-13 07:00:00,6.1,6.3,6.06,6.17,5159630,DPM
2020-11-16 07:00:00,6.17,6.18,6.03,6.06,3446640,DPM
2020-11-17 07:00:00,6.06,6.11,6.01,6.1,2956680,DPM
2020-11-18 07:00:00,6.08,6.1,6.01,6.01,4251600,DPM
2020-11-19 07:00:00,5.99,6.06,5.96,5.99,2159800,DPM
2020-11-20 07:00:00,5.99,6.03,5.94,5.96,2411810,DPM
2020-11-23 07:00:00,5.92,6.01,5.92,5.94,1846000,DPM
2020-11-24 07:00:00,5.96,6.13,5.92,6.13,3886880,DPM
2020-11-25 07:00:00,6.13,6.15,6.01,6.03,1752370,DPM
2020-11-26 07:00:00,6.04,6.04,5.96,5.99,1223680,DPM
2020-11-27 07:00:00,6.01,6.03,5.98,6.03,1012000,DPM
2020-11-30 07:00:00,6.03,6.03,5.92,5.94,1624000,DPM
2020-12-01 07:00:00,5.89,5.96,5.82,5.94,2315280,DPM
2020-12-02 07:00:00,5.94,6.04,5.91,5.96,2314690,DPM
2020-12-03 07:00:00,5.96,5.99,5.94,5.99,1506670,DPM
2020-12-04 07:00:00,5.99,6.06,5.96,5.98,2333940,DPM
2020-12-07 07:00:00,5.99,6.04,5.98,6.01,1904340,DPM
2020-12-08 07:00:00,6.06,6.29,6.04,6.29,10265090,DPM
2020-12-09 07:00:00,6.29,6.3,6.18,6.22,3497880,DPM
2020-12-10 07:00:00,6.24,6.3,6.13,6.15,3549010,DPM
2020-12-11 07:00:00,6.15,6.18,5.96,6.18,3295350,DPM
2020-12-14 07:00:00,6.24,6.24,6.15,6.18,2729010,DPM
2020-12-15 07:00:00,6.17,6.41,6.13,6.24,6257370,DPM
2020-12-16 07:00:00,6.3,6.34,6.22,6.24,2820700,DPM
2020-12-17 07:00:00,6.24,6.32,6.17,6.17,3434880,DPM
2020-12-18 07:00:00,6.2,6.24,6.13,6.24,3447300,DPM
2020-12-21 07:00:00,6.3,6.41,6.27,6.34,3760880,DPM
2020-12-22 07:00:00,6.37,6.77,6.3,6.77,7849440,DPM
2020-12-23 07:00:00,6.86,6.89,6.5,6.5,3412460,DPM
2020-12-24 07:00:00,6.58,6.65,6.1,6.39,4338560,DPM
2020-12-25 07:00:00,6.29,6.58,6.27,6.48,3646600,DPM
2020-12-28 07:00:00,6.58,6.58,6.39,6.48,2473140,DPM
2020-12-29 07:00:00,6.43,6.58,6.43,6.48,3759310,DPM
2020-12-30 07:00:00,6.5,6.67,6.46,6.48,3888910,DPM
2020-12-31 07:00:00,6.51,6.53,6.46,6.51,1982190,DPM
2021-01-04 07:00:00,6.55,6.74,6.51,6.65,3489700,DPM
2021-01-05 07:00:00,6.62,6.69,6.58,6.6,2342100,DPM
2021-01-06 07:00:00,6.63,6.65,6.51,6.53,4503300,DPM
2021-01-07 07:00:00,6.56,6.63,6.51,6.62,3685800,DPM
2021-01-08 07:00:00,6.69,6.76,6.62,6.69,3434400,DPM
2021-01-11 07:00:00,6.72,6.82,6.7,6.76,3042300,DPM
2021-01-12 07:00:00,6.76,6.76,6.67,6.76,2925800,DPM
2021-01-13 07:00:00,6.79,6.89,6.69,6.76,4866900,DPM
2021-01-14 07:00:00,6.79,6.82,6.7,6.79,2210800,DPM
2021-01-15 07:00:00,6.84,6.88,6.74,6.81,3227700,DPM
2021-01-18 07:00:00,6.82,7.1,6.79,6.96,4297400,DPM
2021-01-19 07:00:00,6.96,6.96,6.48,6.48,3352000,DPM
2021-01-20 07:00:00,6.51,6.55,6.06,6.5,2156900,DPM
2021-01-21 07:00:00,6.58,6.69,6.46,6.67,1783900,DPM
2021-01-22 07:00:00,6.67,6.76,6.6,6.65,2477900,DPM
2021-01-25 07:00:00,6.76,6.8,6.63,6.65,1515800,DPM
2021-01-26 07:00:00,6.65,6.65,6.31,6.33,2063200,DPM
2021-01-27 07:00:00,6.22,6.33,5.93,5.97,2288800,DPM
2021-01-28 07:00:00,5.59,5.72,5.55,5.55,3168900,DPM
2021-01-29 07:00:00,5.18,5.79,5.18,5.7,3089600,DPM
2021-02-01 07:00:00,5.68,5.73,5.39,5.5,2078000,DPM
2021-02-02 07:00:00,5.36,5.5,5.3,5.43,3243700,DPM
2021-02-03 07:00:00,5.5,5.75,5.5,5.73,1938200,DPM
2021-02-04 07:00:00,5.73,5.84,5.68,5.73,1470100,DPM
2021-02-05 07:00:00,5.79,5.86,5.75,5.86,1462300,DPM
2021-02-08 07:00:00,5.9,5.9,5.61,5.72,1554600,DPM
2021-02-09 07:00:00,5.68,5.75,5.66,5.73,1312300,DPM
2021-02-17 07:00:00,5.79,5.91,5.68,5.88,1839600,DPM
2021-02-18 07:00:00,5.9,6.27,5.84,6.26,4090100,DPM
2021-02-19 07:00:00,6.22,6.49,6.2,6.27,2289500,DPM
2021-02-22 07:00:00,6.26,6.36,6.18,6.24,1974500,DPM
2021-02-23 07:00:00,6.18,6.24,6.09,6.2,1686700,DPM
2021-02-24 07:00:00,6.26,6.26,6.02,6.08,1993900,DPM
2021-02-25 07:00:00,6.11,6.15,6.0,6.08,1263400,DPM
2021-02-26 07:00:00,6.04,6.08,5.93,6.06,1483000,DPM
2021-03-01 07:00:00,6.09,6.34,6.08,6.29,2506700,DPM
2021-03-02 07:00:00,6.45,6.65,6.31,6.58,5360100,DPM
2021-03-03 07:00:00,6.58,6.76,6.47,6.63,3625700,DPM
2021-03-04 07:00:00,6.67,6.94,6.67,6.72,5484700,DPM
2021-03-05 07:00:00,6.72,6.97,6.54,6.9,4752300,DPM
2021-03-08 07:00:00,6.96,6.99,6.65,6.76,4179600,DPM
2021-03-09 07:00:00,6.76,6.9,6.69,6.83,2514600,DPM
2021-03-10 07:00:00,6.85,6.94,6.85,6.87,2522300,DPM
2021-03-11 07:00:00,6.9,6.94,6.83,6.9,2702800,DPM
2021-03-12 07:00:00,6.94,6.97,6.78,6.81,3318100,DPM
2021-03-15 07:00:00,6.81,6.88,6.7,6.76,2481800,DPM
2021-03-16 07:00:00,6.76,6.8,6.7,6.72,1889000,DPM
2021-03-17 07:00:00,6.76,7.08,6.76,7.06,5521200,DPM
2021-03-18 07:00:00,7.15,7.15,7.05,7.05,3096900,DPM
2021-03-19 07:00:00,7.05,7.06,6.97,7.05,2149400,DPM
2021-03-22 07:00:00,6.97,7.03,6.9,7.01,2220600,DPM
2021-03-23 07:00:00,7.01,7.1,6.87,7.05,2364500,DPM
2021-03-24 07:00:00,7.01,7.05,6.87,6.97,2869600,DPM
2021-03-25 07:00:00,6.96,6.99,6.83,6.96,1481100,DPM
2021-03-26 07:00:00,6.87,6.97,6.72,6.94,2198400,DPM
2021-03-29 07:00:00,6.94,7.03,6.9,7.01,1920000,DPM
2021-03-30 07:00:00,7.01,7.06,6.94,6.96,1251000,DPM
2021-03-31 07:00:00,6.96,7.15,6.94,7.14,2919100,DPM
2021-04-01 07:00:00,7.14,7.42,7.14,7.39,3786300,DPM
2021-04-02 07:00:00,7.37,7.37,7.21,7.32,1928100,DPM
2021-04-05 07:00:00,7.5,7.5,7.1,7.26,1966300,DPM
2021-04-06 07:00:00,7.26,7.41,7.14,7.33,2213900,DPM
2021-04-07 07:00:00,7.35,7.41,7.33,7.41,1358400,DPM
2021-04-08 07:00:00,7.44,7.44,7.26,7.37,1043600,DPM
2021-04-09 07:00:00,7.33,7.33,7.19,7.3,1225700,DPM
2021-04-12 07:00:00,7.37,7.37,7.23,7.33,1925800,DPM
2021-04-13 07:00:00,7.33,7.33,7.12,7.15,1945500,DPM
2021-04-14 07:00:00,7.08,7.17,6.9,7.15,1270700,DPM
2021-04-15 07:00:00,7.23,7.26,6.94,6.96,1741400,DPM
2021-04-16 07:00:00,6.88,6.97,6.8,6.83,1288400,DPM
2021-04-19 07:00:00,6.83,6.9,6.69,6.8,1253500,DPM
2021-04-20 07:00:00,6.81,6.97,6.81,6.9,1142900,DPM
2021-04-22 07:00:00,6.9,6.9,6.69,6.72,1781900,DPM
2021-04-23 07:00:00,6.72,6.78,6.26,6.78,1663900,DPM
2021-04-26 07:00:00,6.92,6.92,6.58,6.69,645500,DPM
2021-04-27 07:00:00,6.69,6.85,6.62,6.69,997000,DPM
2021-04-28 07:00:00,6.72,6.88,6.65,6.83,1513800,DPM
2021-04-29 07:00:00,6.87,6.92,6.78,6.85,903000,DPM
2021-05-04 07:00:00,6.65,6.76,6.62,6.72,853200,DPM
2021-05-05 07:00:00,6.72,6.83,6.67,6.8,1086800,DPM
2021-05-06 07:00:00,6.83,6.83,6.6,6.6,783800,DPM
2021-05-07 07:00:00,6.58,6.6,6.38,6.56,1907400,DPM
2021-05-10 07:00:00,6.34,6.56,6.34,6.56,1191600,DPM
2021-05-11 07:00:00,6.56,6.72,6.49,6.62,988200,DPM
2021-05-12 07:00:00,6.62,6.62,6.47,6.58,1031100,DPM
2021-05-13 07:00:00,6.58,6.67,6.54,6.58,629400,DPM
2021-05-14 07:00:00,6.72,7.01,6.63,6.96,2608100,DPM
2021-05-17 07:00:00,6.99,6.99,6.72,6.76,1055500,DPM
2021-05-18 07:00:00,6.67,6.8,6.67,6.67,469300,DPM
2021-05-19 07:00:00,6.63,6.65,6.49,6.54,1523100,DPM
2021-05-20 07:00:00,6.52,6.65,6.52,6.54,633600,DPM
2021-05-21 07:00:00,6.54,6.76,6.52,6.65,694900,DPM
2021-05-24 07:00:00,6.69,6.81,6.63,6.81,1337800,DPM
2021-05-25 07:00:00,6.8,6.99,6.78,6.83,1295300,DPM
2021-05-26 07:00:00,6.83,6.83,6.72,6.76,515900,DPM
2021-05-27 07:00:00,6.76,6.87,6.58,6.65,1201100,DPM
2021-05-28 07:00:00,6.65,6.88,6.62,6.83,1641600,DPM
2021-05-31 07:00:00,6.76,6.8,6.65,6.8,753900,DPM
2021-06-01 07:00:00,6.81,6.87,6.76,6.76,755900,DPM
2021-06-02 07:00:00,6.65,7.08,6.65,7.08,2261300,DPM
2021-06-03 07:00:00,7.19,7.23,7.05,7.15,2618700,DPM
2021-06-04 07:00:00,7.17,7.19,7.05,7.15,1837700,DPM
2021-06-07 07:00:00,7.12,7.19,7.01,7.06,1568700,DPM
2021-06-08 07:00:00,7.12,7.55,7.12,7.3,4606200,DPM
2021-06-09 07:00:00,7.3,7.37,7.17,7.24,1488300,DPM
2021-06-10 07:00:00,7.33,7.73,7.19,7.73,4181100,DPM
2021-06-11 07:00:00,7.73,7.91,7.55,7.62,2314600,DPM
2021-06-14 07:00:00,7.62,7.87,7.6,7.68,1934500,DPM
2021-06-15 07:00:00,7.66,7.82,7.55,7.66,2721400,DPM
2021-06-16 07:00:00,7.59,7.8,7.59,7.66,2113000,DPM
2021-06-17 07:00:00,7.59,7.8,7.59,7.78,2841800,DPM
2021-06-18 07:00:00,7.86,8.32,7.84,8.2,5284500,DPM
2021-06-21 07:00:00,8.27,8.52,8.09,8.3,3586300,DPM
2021-06-22 07:00:00,8.3,8.34,8.14,8.2,2192200,DPM
2021-06-23 07:00:00,8.2,8.32,7.98,8.07,2471700,DPM
2021-06-24 07:00:00,8.04,8.09,7.89,8.02,1888100,DPM
2021-06-25 07:00:00,7.98,8.22,7.87,8.16,2263600,DPM
2021-06-28 07:00:00,8.27,8.39,8.16,8.22,1965800,DPM
2021-06-29 07:00:00,8.25,8.39,8.2,8.23,2665000,DPM
2021-06-30 07:00:00,8.27,8.66,8.23,8.56,5923300,DPM
2021-07-01 07:00:00,8.56,8.83,8.54,8.56,3151100,DPM
2021-07-02 07:00:00,8.57,8.68,8.5,8.5,3567800,DPM
2021-07-05 07:00:00,8.6,8.6,8.26,8.32,2692600,DPM
2021-07-06 07:00:00,8.26,8.46,7.74,7.74,1859000,DPM
2021-07-07 07:00:00,8.08,8.08,7.48,7.96,2902100,DPM
2021-07-08 07:00:00,7.89,7.98,7.67,7.69,1211500,DPM
2021-07-09 07:00:00,7.6,7.74,7.41,7.56,1404400,DPM
2021-07-12 07:00:00,7.43,7.48,7.04,7.34,4293500,DPM
2021-07-13 07:00:00,7.19,7.61,7.19,7.61,1131800,DPM
2021-07-14 07:00:00,7.6,7.69,7.24,7.43,894700,DPM
2021-07-15 07:00:00,7.37,7.65,7.34,7.65,640100,DPM
2021-07-16 07:00:00,7.65,7.95,7.6,7.89,1614000,DPM
2021-07-19 07:00:00,7.74,7.84,7.52,7.71,1320000,DPM
2021-07-20 07:00:00,7.71,8.08,7.71,8.08,1369100,DPM
2021-07-21 07:00:00,8.22,8.22,7.98,8.02,944100,DPM
2021-07-22 07:00:00,8.02,8.28,8.02,8.19,1770300,DPM
2021-07-23 07:00:00,8.19,8.3,8.15,8.17,2175600,DPM
2021-07-26 07:00:00,8.11,8.52,8.08,8.5,2335600,DPM
2021-07-27 07:00:00,8.69,8.71,8.48,8.52,1927700,DPM
2021-07-28 07:00:00,8.43,8.67,8.43,8.63,1703600,DPM
2021-07-29 07:00:00,8.69,9.0,8.67,9.0,4743400,DPM
2021-07-30 07:00:00,9.11,9.63,9.08,9.47,8000800,DPM
2021-08-02 07:00:00,9.47,10.04,9.47,9.86,5542500,DPM
2021-08-03 07:00:00,9.91,10.13,9.67,10.06,7099400,DPM
2021-08-04 07:00:00,9.93,10.15,9.84,10.08,5152400,DPM
2021-08-05 07:00:00,10.0,10.71,9.97,10.67,4124800,DPM
2021-08-06 07:00:00,10.74,11.04,10.58,10.74,4981300,DPM
2021-08-09 07:00:00,10.91,11.48,10.82,11.48,8015400,DPM
2021-08-10 07:00:00,12.19,12.28,11.78,12.08,9790100,DPM
2021-08-11 07:00:00,12.23,12.91,11.86,12.91,7270900,DPM
2021-08-12 07:00:00,12.91,13.34,12.04,12.04,10204800,DPM
2021-08-13 07:00:00,11.86,12.87,11.8,12.87,9577200,DPM
2021-08-16 07:00:00,13.34,13.76,13.15,13.54,7220600,DPM
2021-08-17 07:00:00,13.23,13.48,13.0,13.34,6014900,DPM
2021-08-18 07:00:00,13.19,13.58,12.78,12.89,7525800,DPM
2021-08-19 07:00:00,12.78,13.23,12.73,12.93,4817700,DPM
2021-08-20 07:00:00,12.97,13.48,12.78,13.39,9542100,DPM
2021-08-23 07:00:00,13.48,14.08,13.48,13.78,6643500,DPM
2021-08-24 07:00:00,13.6,13.74,12.97,13.12,6226400,DPM
2021-08-25 07:00:00,13.15,13.15,12.24,12.56,7656900,DPM
2021-08-26 07:00:00,12.63,13.43,12.63,13.26,6734900,DPM
2021-08-27 07:00:00,13.08,13.63,12.98,13.63,5808400,DPM
2021-08-30 07:00:00,14.0,14.0,13.45,13.47,7393800,DPM
2021-08-31 07:00:00,13.37,13.82,13.15,13.63,6775800,DPM
2021-09-01 07:00:00,13.52,14.19,13.48,13.89,8548600,DPM
2021-09-06 07:00:00,13.93,14.0,13.56,13.56,6951900,DPM
2021-09-07 07:00:00,13.41,13.63,12.98,13.1,7771900,DPM
2021-09-08 07:00:00,12.95,13.3,12.84,13.15,4368000,DPM
2021-09-09 07:00:00,13.3,13.34,13.12,13.19,2716900,DPM
2021-09-10 07:00:00,13.19,13.23,12.93,12.97,6150900,DPM
2021-09-13 07:00:00,13.0,13.48,12.98,13.19,4432300,DPM
2021-09-14 07:00:00,13.37,13.63,13.19,13.23,3670500,DPM
2021-09-15 07:00:00,13.08,13.23,13.0,13.1,3195100,DPM
2021-09-16 07:00:00,13.04,13.26,12.89,12.95,3657300,DPM
2021-09-17 07:00:00,12.95,13.26,12.6,13.23,11303900,DPM
2021-09-20 07:00:00,13.52,13.69,13.15,13.15,5145100,DPM
2021-09-21 07:00:00,12.93,13.12,12.73,13.02,4537700,DPM
2021-09-22 07:00:00,13.15,13.15,12.84,12.91,2911100,DPM
2021-09-23 07:00:00,12.97,13.15,12.89,12.91,3354700,DPM
2021-09-24 07:00:00,12.91,13.0,12.45,12.78,5511500,DPM
2021-09-27 07:00:00,12.78,12.78,11.93,11.93,5305900,DPM
2021-09-28 07:00:00,11.86,12.41,11.67,12.28,3914600,DPM
2021-09-29 07:00:00,12.28,13.13,11.97,13.13,7117400,DPM
2021-09-30 07:00:00,13.3,13.84,13.1,13.63,9381100,DPM
2021-10-01 07:00:00,13.63,14.45,13.62,14.12,12260100,DPM
2021-10-04 07:00:00,14.36,14.43,13.89,13.89,8054600,DPM
2021-10-05 07:00:00,13.89,14.36,13.67,14.08,7890200,DPM
2021-10-06 07:00:00,14.08,14.26,13.86,14.13,7333900,DPM
2021-10-07 07:00:00,14.15,14.8,14.0,14.23,7376200,DPM
2021-10-08 07:00:00,14.15,14.32,13.56,13.86,9543900,DPM
2021-10-11 07:00:00,13.87,14.06,13.65,13.91,4275300,DPM
2021-10-12 07:00:00,14.04,14.36,13.93,14.19,5904400,DPM
2021-10-13 07:00:00,14.15,15.0,14.12,14.89,12850600,DPM
2021-10-14 07:00:00,15.12,15.93,14.95,15.56,10724500,DPM
2021-10-15 07:00:00,15.73,16.23,15.39,15.84,8957600,DPM
2021-10-18 07:00:00,15.93,16.1,15.38,15.38,10210500,DPM
2021-10-19 07:00:00,15.38,16.41,15.19,16.41,8902900,DPM
2021-10-20 07:00:00,16.47,17.17,16.41,16.93,7893100,DPM
2021-10-21 07:00:00,17.04,17.54,16.62,17.41,6285300,DPM
2021-10-22 07:00:00,17.75,17.75,16.89,17.24,7917600,DPM
2021-10-25 07:00:00,17.04,17.24,16.6,16.69,8791500,DPM
2021-10-26 07:00:00,16.63,17.3,16.34,17.3,5582800,DPM
2021-10-27 07:00:00,17.41,17.52,17.02,17.19,5005300,DPM
2021-10-28 07:00:00,17.23,18.28,17.04,18.15,8436800,DPM
2021-10-29 07:00:00,18.12,18.45,17.97,18.15,5079400,DPM
2021-11-01 07:00:00,18.41,18.93,18.15,18.45,4737900,DPM
2021-11-02 07:00:00,18.32,18.89,18.04,18.23,9239100,DPM
2021-11-03 07:00:00,18.23,18.28,17.04,17.04,10027400,DPM
2021-11-04 07:00:00,17.21,17.78,17.12,17.43,3952200,DPM
2021-11-05 07:00:00,17.67,18.64,17.38,18.64,8500600,DPM
2021-11-08 07:00:00,19.08,19.75,18.86,19.26,6109400,DPM
2021-11-09 07:00:00,19.3,19.41,18.93,19.38,4133300,DPM
2021-11-10 07:00:00,19.45,20.08,19.38,20.0,5575900,DPM
2021-11-11 07:00:00,20.0,20.23,19.49,19.56,5410400,DPM
2021-11-12 07:00:00,19.6,19.78,19.26,19.49,3721600,DPM
2021-11-15 07:00:00,19.56,20.0,18.93,19.49,6838100,DPM
2021-11-16 07:00:00,19.64,19.97,19.19,19.45,4700500,DPM
2021-11-17 07:00:00,19.52,19.56,19.08,19.08,4191300,DPM
2021-11-18 07:00:00,18.89,19.08,17.75,18.0,16042200,DPM
2021-11-19 07:00:00,17.78,18.49,16.74,17.04,9735100,DPM
2021-11-22 07:00:00,17.26,17.6,16.93,17.23,3914400,DPM
2021-11-23 07:00:00,17.23,18.26,17.1,18.26,4240900,DPM
2021-11-24 07:00:00,18.26,18.38,17.8,17.97,3671700,DPM
2021-11-25 07:00:00,18.04,18.45,17.89,18.15,3613900,DPM
2021-11-26 07:00:00,18.45,18.89,18.15,18.64,5857100,DPM
2021-11-29 07:00:00,18.34,18.49,18.0,18.12,2831800,DPM
2021-11-30 07:00:00,18.15,19.0,18.15,18.67,6417800,DPM
2021-12-01 07:00:00,18.67,19.56,18.67,19.34,5896500,DPM
2021-12-02 07:00:00,19.38,19.75,18.43,18.43,6238500,DPM
2021-12-03 07:00:00,18.56,18.71,17.6,17.71,6858700,DPM
2021-12-06 07:00:00,17.52,17.71,16.49,16.76,6583900,DPM
2021-12-07 07:00:00,17.08,17.52,16.71,17.52,3217500,DPM
2021-12-08 07:00:00,17.71,17.97,17.5,17.71,2391200,DPM
2021-12-09 07:00:00,17.67,18.15,17.56,18.15,2252900,DPM
2021-12-10 07:00:00,18.15,19.08,18.12,18.71,5532400,DPM
2021-12-13 07:00:00,19.04,19.04,18.38,18.52,2640500,DPM
2021-12-14 07:00:00,18.45,19.3,18.21,18.71,5880100,DPM
2021-12-15 07:00:00,19.04,19.19,18.71,18.89,4622800,DPM
2021-12-16 07:00:00,19.04,19.04,18.32,18.45,4110600,DPM
2021-12-17 07:00:00,18.36,18.86,18.12,18.49,6057700,DPM
2021-12-20 07:00:00,18.6,18.97,18.34,18.67,3200700,DPM
2021-12-21 07:00:00,18.86,19.97,18.71,19.97,12385600,DPM
2021-12-22 07:00:00,20.38,20.49,19.89,20.0,5134200,DPM
2021-12-23 07:00:00,20.0,21.01,19.78,20.56,7339000,DPM
2021-12-24 07:00:00,20.56,20.93,20.04,20.3,4394800,DPM
2021-12-27 07:00:00,20.34,20.56,19.08,19.49,6832300,DPM
2021-12-28 07:00:00,19.41,19.86,19.3,19.38,4339900,DPM
2021-12-29 07:00:00,19.75,19.97,18.15,18.15,9863700,DPM
2021-12-30 07:00:00,18.41,18.86,17.82,18.67,5228400,DPM
2021-12-31 07:00:00,18.89,18.89,18.34,18.52,2563000,DPM
2022-01-04 07:00:00,18.71,18.89,18.3,18.82,4220300,DPM
2022-01-05 07:00:00,18.75,19.12,18.45,18.52,4448000,DPM
2022-01-06 07:00:00,18.34,18.78,18.08,18.08,5541200,DPM
2022-01-07 07:00:00,18.04,18.15,17.23,17.36,10346300,DPM
2022-01-10 07:00:00,17.39,17.6,16.17,16.17,7776800,DPM
2022-01-11 07:00:00,16.0,16.78,15.56,16.12,5696000,DPM
2022-01-12 07:00:00,16.12,16.49,15.78,16.49,3015600,DPM
2022-01-13 07:00:00,16.67,17.04,16.0,16.0,2289400,DPM
2022-01-14 07:00:00,15.93,16.0,14.89,14.89,6703500,DPM
2022-01-17 07:00:00,15.15,15.38,14.52,14.52,4549700,DPM
2022-01-18 07:00:00,14.41,15.52,14.41,15.52,4211700,DPM
2022-01-19 07:00:00,15.89,16.12,15.74,15.93,2849300,DPM
2022-01-20 07:00:00,15.89,16.12,15.6,16.02,1925000,DPM
2022-01-21 07:00:00,16.12,16.12,15.62,15.86,2136300,DPM
2022-01-24 07:00:00,15.56,15.58,14.76,14.76,3196500,DPM
2022-01-25 07:00:00,14.45,15.38,14.45,15.34,1922500,DPM
2022-01-26 07:00:00,15.52,15.67,15.02,15.12,1914700,DPM
2022-01-27 07:00:00,15.27,15.99,15.23,15.68,1695300,DPM
2022-01-28 07:00:00,15.65,15.91,15.25,15.27,1491000,DPM
2022-02-07 07:00:00,15.44,16.26,15.44,16.2,2031500,DPM
2022-02-08 07:00:00,16.26,16.94,15.95,16.79,3137100,DPM
2022-02-09 07:00:00,16.79,17.03,16.52,16.63,3177000,DPM
2022-02-10 07:00:00,16.65,17.24,16.41,17.09,5243100,DPM
2022-02-11 07:00:00,17.26,18.04,17.17,17.64,6095000,DPM
2022-02-14 07:00:00,17.36,18.04,17.28,17.36,5031200,DPM
2022-02-15 07:00:00,17.47,18.0,17.28,17.7,4069400,DPM
2022-02-16 07:00:00,17.93,18.46,17.81,18.38,8143200,DPM
2022-02-17 07:00:00,18.53,18.65,18.15,18.23,4501500,DPM
2022-02-18 07:00:00,18.12,18.68,18.04,18.65,6731000,DPM
2022-02-21 07:00:00,18.65,18.88,18.3,18.46,4643600,DPM
2022-02-22 07:00:00,18.1,18.44,17.81,18.0,5677100,DPM
2022-02-23 07:00:00,18.27,19.26,18.23,19.26,10169800,DPM
2022-02-24 07:00:00,19.29,20.58,18.93,20.58,15093300,DPM
2022-02-25 07:00:00,20.89,21.42,20.47,20.47,9414700,DPM
2022-02-28 07:00:00,20.77,21.88,20.74,21.88,9675300,DPM
2022-03-01 07:00:00,22.52,22.79,21.5,21.57,10746500,DPM
2022-03-02 07:00:00,21.91,22.71,21.65,22.71,10714600,DPM
2022-03-03 07:00:00,22.79,23.28,22.33,22.64,8369800,DPM
2022-03-04 07:00:00,22.41,23.05,22.18,22.9,7395400,DPM
2022-03-07 07:00:00,23.89,24.5,23.32,24.5,6731700,DPM
2022-03-08 07:00:00,24.53,25.26,23.17,23.55,11062100,DPM
2022-03-09 07:00:00,24.23,25.18,23.24,24.8,10118200,DPM
2022-03-10 07:00:00,24.23,25.03,23.81,24.27,6601400,DPM
2022-03-11 07:00:00,24.88,25.82,24.5,25.22,8553200,DPM
2022-03-14 07:00:00,25.26,25.67,23.47,23.47,10672000,DPM
2022-03-15 07:00:00,23.17,23.74,22.6,23.66,7936600,DPM
2022-03-16 07:00:00,23.96,24.5,23.74,23.96,3156800,DPM
2022-03-17 07:00:00,24.31,24.31,22.29,22.98,13573300,DPM
2022-03-18 07:00:00,23.17,24.04,22.79,23.74,6687600,DPM
2022-03-21 07:00:00,23.77,24.0,23.43,23.7,3803600,DPM
2022-03-22 07:00:00,23.74,25.07,23.62,25.07,8379700,DPM
2022-03-23 07:00:00,25.44,26.4,25.29,26.2,7553700,DPM
2022-03-24 07:00:00,26.78,26.93,25.64,26.36,4910600,DPM
2022-03-25 07:00:00,26.32,28.07,25.82,27.61,7016700,DPM
2022-03-28 07:00:00,27.27,28.18,27.27,28.07,5319000,DPM
2022-03-29 07:00:00,28.03,28.41,27.38,27.84,4702000,DPM
2022-03-30 07:00:00,27.53,27.65,25.9,25.9,15002200,DPM
2022-03-31 07:00:00,26.28,26.58,25.26,25.41,5127900,DPM
2022-04-01 07:00:00,25.44,26.89,25.41,26.2,4700200,DPM
2022-04-04 07:00:00,26.17,26.17,24.38,24.38,11969200,DPM
2022-04-05 07:00:00,24.31,24.95,23.96,24.76,5170700,DPM
2022-04-06 07:00:00,24.34,24.69,23.36,23.58,5947300,DPM
2022-04-07 07:00:00,23.74,24.57,22.9,24.57,5884900,DPM
2022-04-08 07:00:00,24.61,24.91,23.93,24.23,3528600,DPM
2022-04-12 07:00:00,24.46,25.1,24.23,24.76,4903100,DPM
2022-04-13 07:00:00,24.69,25.82,24.12,25.82,5556100,DPM
2022-04-14 07:00:00,26.2,27.61,26.02,27.42,9816700,DPM
2022-04-15 07:00:00,27.42,27.84,26.24,26.85,6357800,DPM
2022-04-18 07:00:00,26.58,27.65,26.4,27.34,6491400,DPM
2022-04-19 07:00:00,27.53,29.24,27.12,28.52,9418800,DPM
2022-04-20 07:00:00,28.37,29.02,26.58,26.58,5910100,DPM
2022-04-21 07:00:00,27.38,27.99,26.66,27.19,8267100,DPM
2022-04-22 07:00:00,27.53,27.53,25.29,25.29,12352700,DPM
2022-04-25 07:00:00,24.5,25.1,23.55,23.55,5932800,DPM
2022-04-26 07:00:00,21.95,25.03,21.91,25.03,7237300,DPM
2022-04-27 07:00:00,24.12,24.65,23.32,24.5,5159000,DPM
2022-04-28 07:00:00,24.69,25.79,24.31,25.22,4237100,DPM
2022-04-29 07:00:00,24.8,26.4,24.76,25.6,4929900,DPM
2022-05-04 07:00:00,25.22,25.26,23.81,23.81,6464400,DPM
2022-05-05 07:00:00,24.12,24.88,23.58,23.96,4961800,DPM
2022-05-06 07:00:00,23.51,24.69,23.28,24.19,4265200,DPM
2022-05-09 07:00:00,23.74,23.93,22.52,22.52,4769400,DPM
2022-05-10 07:00:00,21.0,21.91,20.96,20.96,9501200,DPM
2022-05-11 07:00:00,21.27,22.1,21.12,21.72,3496300,DPM
2022-05-12 07:00:00,21.65,21.91,20.2,20.2,3427600,DPM
2022-05-13 07:00:00,19.1,19.9,18.8,18.8,3607300,DPM
2022-05-16 07:00:00,19.37,19.71,17.49,17.49,6444400,DPM
2022-05-17 07:00:00,16.29,18.7,16.27,18.7,5944000,DPM
2022-05-18 07:00:00,19.26,19.98,18.99,19.9,4471800,DPM
2022-05-19 07:00:00,19.03,21.04,18.99,20.32,6276600,DPM
2022-05-20 07:00:00,20.09,21.53,19.9,21.08,5810800,DPM
2022-05-23 07:00:00,21.23,21.5,20.28,20.89,4430900,DPM
2022-05-24 07:00:00,20.7,21.34,20.32,20.89,4745200,DPM
2022-05-25 07:00:00,20.89,22.33,20.43,22.33,5246100,DPM
2022-05-26 07:00:00,22.41,22.75,21.12,21.46,4441100,DPM
2022-05-27 07:00:00,21.57,22.03,20.96,21.57,4613700,DPM
2022-05-30 07:00:00,21.72,21.84,21.34,21.46,2140500,DPM
2022-05-31 07:00:00,21.31,22.94,21.27,22.64,8187000,DPM
2022-06-01 07:00:00,22.64,24.12,22.37,23.51,5691800,DPM
2022-06-02 07:00:00,23.93,23.96,22.98,23.36,4070600,DPM
2022-06-03 07:00:00,23.74,24.65,23.43,24.27,5944800,DPM
2022-06-06 07:00:00,24.31,25.94,23.58,25.64,7920200,DPM
2022-06-07 07:00:00,25.44,26.02,23.89,25.64,7217000,DPM
2022-06-08 07:00:00,25.64,26.4,24.84,25.37,6082600,DPM
2022-06-09 07:00:00,25.37,25.82,24.95,25.41,3534300,DPM
2022-06-10 07:00:00,25.1,25.75,23.66,23.66,5975200,DPM
2022-06-13 07:00:00,22.1,22.98,22.03,22.03,6195100,DPM
2022-06-14 07:00:00,20.7,23.43,20.7,22.94,5919400,DPM
2022-06-15 07:00:00,23.13,23.85,21.5,23.36,4564900,DPM
2022-06-16 07:00:00,23.51,24.69,23.24,23.89,3941800,DPM
2022-06-17 07:00:00,23.05,24.15,22.82,23.93,5065400,DPM
2022-06-20 07:00:00,23.77,24.31,22.26,22.64,6851300,DPM
2022-06-21 07:00:00,22.26,22.56,21.08,21.08,4318800,DPM
2022-06-22 07:00:00,21.08,21.23,19.64,19.64,3967900,DPM
2022-06-23 07:00:00,18.55,20.13,18.55,20.13,3756000,DPM
2022-06-24 07:00:00,20.51,20.77,19.94,20.05,1542600,DPM
2022-06-27 07:00:00,20.39,20.55,18.67,18.67,4299900,DPM
2022-06-28 07:00:00,18.3,19.33,17.66,18.57,5629500,DPM
2022-06-29 07:00:00,18.91,19.37,17.85,18.99,3255800,DPM
2022-06-30 07:00:00,19.22,19.67,19.1,19.37,2908900,DPM
2022-07-01 07:00:00,18.91,19.37,18.19,18.78,2277000,DPM
2022-07-04 07:00:00,18.99,19.26,18.61,18.91,1946500,DPM
2022-07-05 07:00:00,18.88,18.91,17.6,17.6,4493000,DPM
2022-07-06 07:00:00,17.09,17.51,16.41,16.41,3439200,DPM
2022-07-07 07:00:00,16.5,17.05,16.2,16.71,2472500,DPM
2022-07-08 07:00:00,17.28,17.7,17.28,17.62,3270600,DPM
2022-07-11 07:00:00,17.66,17.98,17.53,17.6,3002100,DPM
2022-07-12 07:00:00,17.6,18.04,17.53,18.04,1989800,DPM
2022-07-13 07:00:00,18.08,18.29,17.93,18.02,2540300,DPM
2022-07-14 07:00:00,17.93,19.22,17.85,19.18,3278500,DPM
2022-07-15 07:00:00,19.44,19.48,18.88,19.14,2921400,DPM
2022-07-18 07:00:00,19.48,19.48,19.14,19.29,3877600,DPM
2022-07-19 07:00:00,19.29,19.52,18.95,19.26,4850800,DPM
2022-07-20 07:00:00,19.54,20.0,19.34,20.0,2350700,DPM
2022-07-21 07:00:00,19.79,20.41,19.63,19.79,2665200,DPM
2022-07-22 07:00:00,19.87,20.12,18.97,18.97,2875000,DPM
2022-07-25 07:00:00,18.06,18.76,18.06,18.14,2681600,DPM
2022-07-26 07:00:00,18.39,18.97,18.16,18.58,1691200,DPM
2022-07-27 07:00:00,18.58,19.13,18.58,19.13,1106400,DPM
2022-07-28 07:00:00,19.38,19.46,19.17,19.36,2883800,DPM
2022-07-29 07:00:00,19.38,19.48,18.37,18.39,5197900,DPM
2022-08-01 07:00:00,18.84,18.84,18.49,18.74,1905100,DPM
2022-08-02 07:00:00,18.95,19.34,18.74,19.17,1840500,DPM
2022-08-03 07:00:00,18.9,20.0,18.82,19.93,4525000,DPM
2022-08-04 07:00:00,20.0,20.14,19.54,19.58,2255000,DPM
2022-08-05 07:00:00,19.48,19.67,19.21,19.58,2124900,DPM
2022-08-08 07:00:00,19.63,20.12,19.56,20.04,3355000,DPM
2022-08-09 07:00:00,20.29,20.41,19.96,20.08,2476800,DPM
2022-08-10 07:00:00,20.04,20.04,19.58,19.58,2307200,DPM
2022-08-11 07:00:00,19.79,19.87,19.21,19.21,2406500,DPM
2022-08-12 07:00:00,19.38,19.52,19.13,19.34,1380800,DPM
2022-08-15 07:00:00,19.46,20.0,19.46,19.75,1784600,DPM
2022-08-16 07:00:00,19.75,19.98,19.58,19.71,2250000,DPM
2022-08-17 07:00:00,19.87,19.87,19.38,19.46,2163900,DPM
2022-08-18 07:00:00,19.4,19.77,19.4,19.54,1805200,DPM
2022-08-19 07:00:00,19.6,19.75,19.26,19.34,1537500,DPM
2022-08-22 07:00:00,19.3,19.42,18.8,18.88,2117100,DPM
2022-08-23 07:00:00,18.72,19.13,18.64,19.07,2403900,DPM
2022-08-24 07:00:00,19.44,20.0,19.17,19.71,3754700,DPM
2022-08-25 07:00:00,19.96,21.07,19.83,21.07,5963300,DPM
2022-08-26 07:00:00,21.44,21.85,21.07,21.23,4631100,DPM
2022-08-29 07:00:00,21.44,22.68,21.28,22.68,7768000,DPM
2022-08-30 07:00:00,23.3,23.3,22.43,22.55,4078600,DPM
2022-08-31 07:00:00,22.55,22.88,22.31,22.47,3989600,DPM
2022-09-05 07:00:00,22.64,23.34,22.47,22.68,4240100,DPM
2022-09-06 07:00:00,22.76,23.09,21.85,21.85,5485200,DPM
2022-09-07 07:00:00,21.44,22.14,20.82,21.11,5621900,DPM
2022-09-08 07:00:00,21.44,21.94,20.78,21.44,4184100,DPM
2022-09-09 07:00:00,21.69,22.14,21.07,22.14,3327800,DPM
2022-09-12 07:00:00,22.35,22.68,21.56,21.65,3736400,DPM
2022-09-13 07:00:00,21.89,22.02,21.32,21.69,3545300,DPM
2022-09-14 07:00:00,21.36,21.6,21.19,21.36,3225400,DPM
2022-09-15 07:00:00,21.69,22.31,21.6,21.73,2750300,DPM
2022-09-16 07:00:00,21.69,21.81,21.15,21.48,2562100,DPM
2022-09-19 07:00:00,21.44,21.44,20.0,20.0,5283800,DPM
2022-09-20 07:00:00,20.41,20.74,19.56,20.7,3015900,DPM
2022-09-21 07:00:00,20.41,20.7,20.24,20.35,1618700,DPM
2022-09-22 07:00:00,20.2,20.86,20.1,20.7,2851300,DPM
2022-09-23 07:00:00,20.74,21.15,20.41,20.41,2631500,DPM
2022-09-26 07:00:00,19.81,20.16,18.99,19.17,4144600,DPM
2022-09-27 07:00:00,19.56,19.73,19.19,19.34,2417100,DPM
2022-09-28 07:00:00,19.38,19.73,19.19,19.5,2106800,DPM
2022-09-29 07:00:00,19.73,19.96,18.26,18.58,2644000,DPM
2022-09-30 07:00:00,18.58,19.75,17.93,19.32,4030800,DPM
2022-10-03 07:00:00,19.26,19.3,17.98,17.98,3473200,DPM
2022-10-04 07:00:00,18.33,18.33,16.74,17.11,3654900,DPM
2022-10-05 07:00:00,17.28,18.24,17.11,17.87,3465500,DPM
2022-10-06 07:00:00,18.33,18.33,17.52,17.61,3340100,DPM
2022-10-07 07:00:00,17.73,17.73,16.39,16.9,5491700,DPM
2022-10-10 07:00:00,16.78,18.08,16.78,18.08,2303200,DPM
2022-10-11 07:00:00,18.14,18.8,17.89,17.93,4369700,DPM
2022-10-12 07:00:00,18.06,19.17,18.06,19.17,3419600,DPM
2022-10-13 07:00:00,19.27,19.38,18.9,19.21,2933900,DPM
2022-10-14 07:00:00,19.75,19.89,19.46,19.58,2930400,DPM
2022-10-17 07:00:00,19.44,20.2,19.17,20.2,3284000,DPM
2022-10-18 07:00:00,20.53,20.53,19.67,19.85,3089800,DPM
2022-10-19 07:00:00,19.79,20.08,19.56,19.79,1888400,DPM
2022-10-20 07:00:00,19.83,19.93,19.01,19.38,2284700,DPM
2022-10-21 07:00:00,19.38,19.48,18.04,18.1,3393900,DPM
2022-10-24 07:00:00,18.22,18.66,17.32,17.32,2354500,DPM
2022-10-25 07:00:00,17.56,18.51,17.11,18.51,3341300,DPM
2022-10-26 07:00:00,18.76,18.76,17.98,18.35,1225600,DPM
2022-10-27 07:00:00,18.35,18.97,18.06,18.97,3588400,DPM
2022-10-28 07:00:00,19.26,19.26,18.35,18.35,2606200,DPM
2022-10-31 07:00:00,18.35,18.47,17.54,17.85,2854600,DPM
2022-11-01 07:00:00,18.14,18.49,18.0,18.0,1665000,DPM
2022-11-02 07:00:00,18.14,18.14,16.78,17.01,4504300,DPM
2022-11-03 07:00:00,16.9,17.54,16.9,17.32,1772400,DPM
2022-11-04 07:00:00,17.24,17.52,16.68,16.86,1774600,DPM
2022-11-07 07:00:00,16.95,17.26,16.78,16.86,1925200,DPM
2022-11-08 07:00:00,17.03,17.28,16.76,17.17,1293300,DPM
2022-11-09 07:00:00,17.52,17.73,17.28,17.32,2386700,DPM
2022-11-10 07:00:00,17.32,17.32,16.12,16.12,3946100,DPM
2022-11-11 07:00:00,16.7,16.78,16.33,16.41,2263300,DPM
2022-11-14 07:00:00,15.67,16.08,15.28,15.3,3660600,DPM
2022-11-15 07:00:00,14.47,14.51,14.24,14.24,1025700,DPM
2022-11-16 07:00:00,13.26,15.24,13.26,15.24,4993100,DPM
2022-11-17 07:00:00,15.63,16.16,15.4,15.54,1390300,DPM
2022-11-18 07:00:00,15.56,15.58,14.47,15.26,2901700,DPM
2022-11-21 07:00:00,15.3,15.48,14.64,14.84,1670700,DPM
2022-11-22 07:00:00,14.68,15.38,14.47,14.84,2292200,DPM
2022-11-23 07:00:00,14.84,15.19,14.6,14.95,1259800,DPM
2022-11-24 07:00:00,14.84,15.07,14.68,15.05,1180900,DPM
2022-11-25 07:00:00,15.26,15.5,15.11,15.5,1454900,DPM
2022-11-28 07:00:00,15.83,16.33,15.63,16.1,2434300,DPM
2022-11-29 07:00:00,16.29,16.82,15.94,16.7,2441500,DPM
2022-11-30 07:00:00,17.03,17.03,16.49,16.86,1836500,DPM
2022-12-01 07:00:00,16.99,17.05,16.06,16.2,3348800,DPM
2022-12-02 07:00:00,16.08,17.19,15.71,17.03,3175800,DPM
2022-12-05 07:00:00,17.11,17.73,16.72,16.92,2183500,DPM
2022-12-06 07:00:00,16.78,18.1,16.39,17.44,4228500,DPM
2022-12-07 07:00:00,17.44,17.93,17.15,17.52,1879500,DPM
2022-12-08 07:00:00,18.35,18.35,17.44,17.75,2703000,DPM
2022-12-09 07:00:00,17.92,18.08,17.52,17.71,1014700,DPM
2022-12-12 07:00:00,17.71,18.12,17.52,17.73,1724200,DPM
2022-12-13 07:00:00,17.73,18.14,17.44,17.93,1106500,DPM
2022-12-14 07:00:00,18.14,18.68,17.96,18.14,2048200,DPM
2022-12-15 07:00:00,18.14,18.33,17.81,18.14,976900,DPM
2022-12-16 07:00:00,17.65,18.12,17.65,17.85,1773100,DPM
2022-12-19 07:00:00,17.89,18.14,17.75,17.85,1078000,DPM
2022-12-20 07:00:00,17.85,18.35,17.13,18.35,3168100,DPM
2022-12-21 07:00:00,18.35,18.35,17.65,18.1,893300,DPM
2022-12-22 07:00:00,18.18,18.18,17.54,18.02,765400,DPM
2022-12-23 07:00:00,17.73,18.02,17.61,17.81,724100,DPM
2022-12-26 07:00:00,17.61,17.79,16.92,17.26,1261900,DPM
2022-12-27 07:00:00,17.26,17.73,17.07,17.73,1210300,DPM
2022-12-28 07:00:00,18.06,18.06,17.54,17.83,1167600,DPM
2022-12-29 07:00:00,17.75,17.81,17.56,17.73,775900,DPM
2022-12-30 07:00:00,17.73,17.73,17.52,17.71,1030000,DPM
2023-01-03 07:00:00,17.73,18.14,17.52,17.96,1990000,DPM
2023-01-04 07:00:00,17.96,18.82,17.96,18.55,4066300,DPM
2023-01-05 07:00:00,18.76,18.8,18.26,18.39,1552300,DPM
2023-01-06 07:00:00,18.51,18.51,17.48,17.48,3220200,DPM
2023-01-09 07:00:00,17.56,17.69,17.3,17.36,1512400,DPM
2023-01-10 07:00:00,17.4,17.4,17.09,17.36,1278300,DPM
2023-01-11 07:00:00,17.5,17.5,17.17,17.17,1253700,DPM
2023-01-12 07:00:00,17.32,17.32,16.74,16.84,1561000,DPM
2023-01-13 07:00:00,16.9,17.15,16.86,16.95,749600,DPM
2023-01-16 07:00:00,16.95,17.28,16.9,16.9,1083000,DPM
2023-01-17 07:00:00,17.07,17.32,16.95,17.32,1214600,DPM
2023-01-18 07:00:00,17.34,17.5,17.28,17.4,1167800,DPM
2023-01-19 07:00:00,17.4,17.52,17.3,17.42,1020800,DPM
2023-01-27 07:00:00,17.69,17.71,17.44,17.44,1160900,DPM
2023-01-30 07:00:00,17.56,17.93,17.34,17.83,1817500,DPM
2023-01-31 07:00:00,17.89,18.35,17.83,18.02,2508300,DPM
2023-02-01 07:00:00,18.29,18.29,17.17,17.38,3267500,DPM
2023-02-02 07:00:00,17.44,17.67,17.38,17.56,1502900,DPM
2023-02-03 07:00:00,17.56,17.83,17.56,17.65,1472500,DPM
2023-02-06 07:00:00,17.81,17.98,17.69,17.77,3071500,DPM
2023-02-07 07:00:00,17.85,17.92,17.46,17.58,1187000,DPM
2023-02-08 07:00:00,17.67,17.81,17.3,17.81,2954700,DPM
2023-02-09 07:00:00,17.83,17.96,17.56,17.56,1137800,DPM
2023-02-10 07:00:00,17.65,17.65,17.28,17.28,1323900,DPM
2023-02-13 07:00:00,17.54,17.87,17.3,17.54,2854700,DPM
2023-02-14 07:00:00,17.69,17.73,17.52,17.56,1169600,DPM
2023-02-15 07:00:00,17.61,17.81,17.61,17.79,2309800,DPM
2023-02-16 07:00:00,17.84,18.06,17.68,17.72,1777800,DPM
2023-02-17 07:00:00,17.75,17.77,17.27,17.29,1635600,DPM
2023-02-20 07:00:00,17.11,17.45,17.04,17.45,2744200,DPM
2023-02-21 07:00:00,17.59,17.63,17.04,17.04,2920800,DPM
2023-02-22 07:00:00,16.81,16.9,16.4,16.4,2824800,DPM
2023-02-23 07:00:00,16.4,16.59,15.68,15.9,2520600,DPM
2023-02-24 07:00:00,16.11,16.4,15.93,16.27,1908000,DPM
2023-02-27 07:00:00,15.9,16.27,15.84,15.84,925000,DPM
2023-02-28 07:00:00,16.11,16.11,15.34,15.9,1857100,DPM
2023-03-01 07:00:00,15.68,15.86,15.52,15.84,1069200,DPM
2023-03-02 07:00:00,15.88,16.02,15.81,15.84,942000,DPM
2023-03-03 07:00:00,15.97,15.97,15.54,15.77,1118600,DPM
2023-03-06 07:00:00,15.9,15.9,15.52,15.59,1115600,DPM
2023-03-07 07:00:00,15.68,15.72,15.31,15.45,1172700,DPM
2023-03-08 07:00:00,15.36,15.45,15.22,15.45,837900,DPM
2023-03-09 07:00:00,15.45,15.54,15.38,15.52,1185000,DPM
2023-03-10 07:00:00,15.45,15.93,15.45,15.68,1401300,DPM
2023-03-13 07:00:00,15.56,15.75,15.47,15.52,913900,DPM
2023-03-14 07:00:00,15.56,15.61,15.0,15.09,1458700,DPM
2023-03-15 07:00:00,15.4,15.4,15.13,15.36,1033200,DPM
2023-03-16 07:00:00,15.34,15.34,15.0,15.04,979900,DPM
2023-03-17 07:00:00,15.13,15.4,15.06,15.4,1982300,DPM
2023-03-20 07:00:00,15.29,15.34,15.02,15.22,853300,DPM
2023-03-21 07:00:00,15.34,15.36,15.09,15.27,1019400,DPM
2023-03-22 07:00:00,15.36,15.45,15.29,15.29,1602300,DPM
2023-03-23 07:00:00,15.27,15.43,15.18,15.43,1170600,DPM
2023-03-24 07:00:00,15.5,15.5,15.31,15.31,810600,DPM
2023-03-27 07:00:00,15.31,15.43,15.29,15.36,1023800,DPM
2023-03-28 07:00:00,15.38,15.45,15.22,15.27,1239600,DPM
2023-03-29 07:00:00,15.31,15.36,15.2,15.29,791000,DPM
2023-03-30 07:00:00,15.36,15.45,15.27,15.29,886400,DPM
2023-03-31 07:00:00,15.29,15.36,15.06,15.13,1228700,DPM
2023-04-03 07:00:00,15.22,15.59,15.22,15.56,2313100,DPM
2023-04-04 07:00:00,15.59,16.04,15.5,15.79,2700500,DPM
2023-04-05 07:00:00,15.77,16.04,15.7,15.95,1957000,DPM
2023-04-06 07:00:00,15.95,17.06,15.95,16.81,6151100,DPM
2023-04-07 07:00:00,16.4,16.77,16.13,16.31,2916200,DPM
2023-04-10 07:00:00,16.36,16.45,15.45,15.75,3713500,DPM
2023-04-11 07:00:00,15.9,15.9,15.54,15.77,1761500,DPM
2023-04-12 07:00:00,15.86,16.11,15.75,15.79,1852100,DPM
2023-04-13 07:00:00,15.9,16.06,15.81,15.97,2416500,DPM
2023-04-14 07:00:00,16.04,16.27,15.59,15.59,2142200,DPM
2023-04-17 07:00:00,15.45,15.68,15.45,15.54,1157500,DPM
2023-04-18 07:00:00,15.54,15.63,15.45,15.59,935500,DPM
2023-04-19 07:00:00,15.59,15.68,15.45,15.59,1159500,DPM
2023-04-20 07:00:00,15.59,15.68,15.5,15.5,806300,DPM
2023-04-21 07:00:00,15.54,15.59,15.27,15.31,1815600,DPM
2023-04-24 07:00:00,15.4,15.4,15.06,15.06,1268000,DPM
2023-04-25 07:00:00,15.06,15.22,15.0,15.04,1292500,DPM
2023-04-26 07:00:00,15.0,15.04,14.61,14.77,1779300,DPM
2023-04-27 07:00:00,14.97,15.5,14.82,15.29,1375300,DPM
2023-04-28 07:00:00,15.29,15.4,15.27,15.27,1187000,DPM
2023-05-04 07:00:00,15.22,15.29,14.91,14.91,1489600,DPM
2023-05-05 07:00:00,14.82,15.0,14.82,14.86,733900,DPM
2023-05-08 07:00:00,14.88,15.2,14.82,14.97,1490400,DPM
2023-05-09 07:00:00,15.13,15.13,14.97,15.0,667900,DPM
2023-05-10 07:00:00,15.13,15.13,14.95,14.97,1394200,DPM
2023-05-11 07:00:00,15.0,15.38,15.0,15.18,2278900,DPM
2023-05-12 07:00:00,15.29,15.29,15.04,15.13,1509200,DPM
2023-05-15 07:00:00,15.22,15.27,15.0,15.04,1240400,DPM
2023-05-16 07:00:00,15.06,15.09,14.79,14.86,2603800,DPM
2023-05-17 07:00:00,14.86,15.06,14.82,15.0,1748500,DPM
2023-05-18 07:00:00,15.02,15.04,14.86,14.91,799600,DPM
2023-05-19 07:00:00,14.86,14.93,14.61,14.61,2566300,DPM
2023-05-22 07:00:00,14.45,14.5,14.13,14.22,4563600,DPM
2023-05-23 07:00:00,14.43,14.7,14.36,14.47,2601000,DPM
2023-05-24 07:00:00,14.59,14.59,14.22,14.22,2034700,DPM
2023-05-25 07:00:00,14.22,14.29,14.11,14.18,1787500,DPM
2023-05-26 07:00:00,14.22,14.47,14.22,14.32,1122500,DPM
2023-05-29 07:00:00,14.34,14.45,14.25,14.25,2424500,DPM
2023-05-30 07:00:00,14.25,14.59,14.25,14.54,2617600,DPM
2023-05-31 07:00:00,14.59,14.63,14.45,14.5,1837700,DPM
2023-06-01 07:00:00,14.47,14.54,14.32,14.36,1933600,DPM
2023-06-02 07:00:00,14.45,14.7,14.36,14.66,4359500,DPM
2023-06-05 07:00:00,14.86,15.18,14.79,15.04,3293800,DPM
2023-06-06 07:00:00,15.06,15.22,14.86,14.91,2527000,DPM
2023-06-07 07:00:00,15.04,15.22,14.95,15.09,3420000,DPM
2023-06-08 07:00:00,15.31,15.38,14.95,14.95,3550700,DPM
2023-06-09 07:00:00,14.86,15.16,14.86,15.13,2694200,DPM
2023-06-12 07:00:00,15.34,15.36,15.02,15.18,2402300,DPM
2023-06-13 07:00:00,15.29,15.34,15.04,15.13,2403400,DPM
2023-06-14 07:00:00,15.27,15.27,15.0,15.0,2045100,DPM
2023-06-15 07:00:00,15.0,15.09,14.79,14.82,2917600,DPM
2023-06-16 07:00:00,14.93,15.09,14.79,14.82,3072300,DPM
2023-06-19 07:00:00,14.82,15.02,14.82,14.86,1627800,DPM
2023-06-20 07:00:00,14.86,14.97,14.86,14.97,901300,DPM
2023-06-21 07:00:00,15.0,15.2,14.95,15.09,1950500,DPM
2023-06-22 07:00:00,15.22,15.61,15.09,15.61,5591500,DPM
2023-06-23 07:00:00,15.63,15.66,15.38,15.61,3081200,DPM
2023-06-26 07:00:00,15.68,16.06,15.61,15.95,5796800,DPM
2023-06-27 07:00:00,16.04,16.09,15.84,15.95,2911400,DPM
2023-06-28 07:00:00,16.09,16.36,15.9,16.18,3618500,DPM
2023-06-29 07:00:00,16.27,16.27,15.84,15.84,3815500,DPM
2023-06-30 07:00:00,15.81,15.95,15.75,15.79,1941300,DPM
2023-07-03 07:00:00,16.36,16.54,16.16,16.2,3607700,DPM
2023-07-04 07:00:00,16.2,16.25,16.0,16.06,2705700,DPM
2023-07-05 07:00:00,16.13,16.38,16.13,16.18,2758000,DPM
2023-07-06 07:00:00,16.22,16.27,15.84,15.93,3046300,DPM
2023-07-07 07:00:00,15.9,16.22,15.86,16.13,2256000,DPM
2023-07-10 07:00:00,16.29,16.72,16.22,16.54,5528300,DPM
2023-07-11 07:00:00,16.72,16.86,16.54,16.59,2814800,DPM
2023-07-12 07:00:00,16.75,16.95,16.52,16.79,4663200,DPM
2023-07-13 07:00:00,16.88,17.11,16.81,16.86,2533300,DPM
2023-07-14 07:00:00,16.86,16.95,16.54,16.77,3576900,DPM
2023-07-17 07:00:00,16.77,16.84,16.59,16.66,2594600,DPM
2023-07-18 07:00:00,16.81,16.97,16.68,16.84,2981800,DPM
2023-07-19 07:00:00,17.04,17.04,16.68,16.68,2568900,DPM
2023-07-20 07:00:00,16.7,16.77,16.66,16.68,2218200,DPM
2023-07-21 07:00:00,16.7,17.04,16.7,17.0,2829600,DPM
2023-07-24 07:00:00,17.04,17.09,16.86,17.0,2646500,DPM
2023-07-25 07:00:00,17.02,17.43,16.95,17.2,3949300,DPM
2023-07-26 07:00:00,17.29,17.4,17.18,17.25,2356700,DPM
2023-07-27 07:00:00,17.34,17.36,16.95,17.09,3055200,DPM
2023-07-28 07:00:00,17.2,17.54,17.04,17.54,4677000,DPM
2023-07-31 07:00:00,17.97,18.16,17.84,17.95,5360000,DPM
2023-08-01 07:00:00,18.09,18.16,17.79,17.79,3580200,DPM
2023-08-02 07:00:00,17.79,17.86,17.59,17.79,2819800,DPM
2023-08-03 07:00:00,17.68,17.86,17.54,17.54,3358900,DPM
2023-08-04 07:00:00,17.59,18.16,17.59,17.86,2574000,DPM
2023-08-07 07:00:00,17.86,18.0,17.63,17.72,2591300,DPM
2023-08-08 07:00:00,17.72,18.04,17.7,17.97,3367400,DPM
2023-08-09 07:00:00,17.97,18.04,17.7,17.72,2134700,DPM
2023-08-10 07:00:00,17.77,17.95,17.68,17.75,2155800,DPM
2023-08-11 07:00:00,17.93,18.16,17.77,18.13,3591800,DPM
2023-08-14 07:00:00,18.29,18.97,18.18,18.63,4454000,DPM
2023-08-15 07:00:00,18.68,19.09,18.68,18.86,2702000,DPM
2023-08-16 07:00:00,18.97,18.97,18.63,18.86,2985700,DPM
2023-08-17 07:00:00,18.86,18.86,18.63,18.63,3234200,DPM
2023-08-18 07:00:00,18.63,18.63,17.5,17.75,5646800,DPM
2023-08-21 07:00:00,17.77,18.18,17.68,18.16,4000000,DPM
2023-08-22 07:00:00,18.23,18.42,17.05,17.86,2654600,DPM
2023-08-23 07:00:00,18.03,18.03,17.27,17.3,2999200,DPM
2023-08-24 07:00:00,17.34,17.49,17.12,17.49,3368200,DPM
2023-08-25 07:00:00,17.49,17.59,17.22,17.25,4245500,DPM
2023-08-28 07:00:00,17.44,18.06,17.39,17.81,4769600,DPM
2023-08-29 07:00:00,17.96,17.96,17.49,17.66,3970100,DPM
2023-08-30 07:00:00,17.74,17.88,17.57,17.76,3383300,DPM
2023-08-31 07:00:00,17.84,18.28,17.76,18.16,5562200,DPM
2023-09-05 07:00:00,18.35,18.5,18.23,18.35,2537100,DPM
2023-09-06 07:00:00,18.67,18.84,18.52,18.6,4786700,DPM
2023-09-07 07:00:00,18.7,18.94,18.47,18.6,5368600,DPM
2023-09-08 07:00:00,19.56,19.87,19.41,19.87,5629300,DPM
2023-09-11 07:00:00,20.14,20.54,19.87,19.87,7149200,DPM
2023-09-12 07:00:00,19.85,19.87,19.43,19.75,5948100,DPM
2023-09-13 07:00:00,19.87,20.14,19.06,19.28,6266400,DPM
2023-09-14 07:00:00,19.21,19.65,19.14,19.28,4678200,DPM
2023-09-15 07:00:00,19.36,19.65,19.16,19.24,2735400,DPM
2023-09-18 07:00:00,19.26,19.33,18.77,18.89,3221300,DPM
2023-09-19 07:00:00,19.11,19.41,18.67,19.21,3304200,DPM
2023-09-20 07:00:00,19.33,19.7,19.28,19.41,2833400,DPM
2023-09-21 07:00:00,19.43,19.53,19.04,19.04,3408200,DPM
2023-09-22 07:00:00,18.72,18.94,18.18,18.4,5138500,DPM
2023-09-25 07:00:00,18.47,18.72,17.49,17.66,3337400,DPM
2023-09-26 07:00:00,17.74,18.06,17.44,17.69,3064300,DPM
2023-09-27 07:00:00,17.69,18.08,17.49,18.08,2599400,DPM
2023-09-28 07:00:00,18.18,18.33,18.03,18.18,2699100,DPM
2023-09-29 07:00:00,18.45,18.47,18.06,18.13,2484100,DPM
2023-10-02 07:00:00,18.42,18.74,18.38,18.57,2758700,DPM
2023-10-03 07:00:00,18.33,18.92,18.13,18.67,4374100,DPM
2023-10-04 07:00:00,18.33,19.8,18.33,19.31,6665800,DPM
2023-10-05 07:00:00,19.41,19.63,18.96,18.96,2705300,DPM
2023-10-06 07:00:00,19.16,19.16,18.38,18.7,4005000,DPM
2023-10-09 07:00:00,18.7,19.68,18.7,19.41,4739100,DPM
2023-10-10 07:00:00,19.63,19.63,18.89,19.02,4360800,DPM
2023-10-11 07:00:00,19.02,19.31,18.87,19.31,3649300,DPM
2023-10-12 07:00:00,19.33,19.48,19.02,19.14,2948200,DPM
2023-10-13 07:00:00,19.06,19.46,18.94,19.46,4010900,DPM
2023-10-16 07:00:00,19.56,20.14,19.33,19.8,6841700,DPM
2023-10-17 07:00:00,19.87,19.9,18.77,18.77,3904200,DPM
2023-10-18 07:00:00,18.87,18.92,17.59,17.69,7040300,DPM
2023-10-19 07:00:00,17.69,17.96,17.44,17.54,2539500,DPM
2023-10-20 07:00:00,17.49,17.84,17.1,17.84,2609200,DPM
2023-10-23 07:00:00,17.84,17.84,17.2,17.32,1865000,DPM
2023-10-24 07:00:00,17.54,17.54,16.73,17.1,3267700,DPM
2023-10-25 07:00:00,16.95,17.05,16.56,16.56,4398700,DPM
2023-10-26 07:00:00,16.36,16.41,15.4,15.53,5465800,DPM
2023-10-27 07:00:00,15.5,16.12,15.01,15.67,2892200,DPM
2023-10-30 07:00:00,15.67,15.72,14.99,14.99,1326100,DPM
2023-10-31 07:00:00,14.99,15.08,13.95,13.95,3828900,DPM
2023-11-01 07:00:00,14.22,14.47,13.98,14.18,2234900,DPM
2023-11-02 07:00:00,14.62,15.16,14.49,15.16,2455600,DPM
2023-11-03 07:00:00,15.7,15.87,15.38,15.53,4041100,DPM
2023-11-06 07:00:00,15.7,15.72,15.4,15.62,1451300,DPM
2023-11-07 07:00:00,15.62,16.02,15.23,15.4,3861700,DPM
2023-11-08 07:00:00,15.38,16.26,15.33,16.14,2655500,DPM
2023-11-09 07:00:00,16.21,16.51,16.09,16.14,2762000,DPM
2023-11-10 07:00:00,15.87,16.19,15.82,15.87,2776400,DPM
2023-11-13 07:00:00,15.9,16.09,15.67,15.77,2207600,DPM
2023-11-14 07:00:00,16.04,16.07,15.82,15.99,1420200,DPM
2023-11-15 07:00:00,16.21,16.31,15.99,16.12,2380300,DPM
2023-11-16 07:00:00,16.12,16.7,15.97,16.66,3768700,DPM
2023-11-17 07:00:00,16.75,16.75,16.12,16.21,2894300,DPM
2023-11-20 07:00:00,15.92,16.24,15.92,16.16,1906900,DPM
2023-11-21 07:00:00,16.31,16.41,16.19,16.41,1157800,DPM
2023-11-22 07:00:00,16.41,16.66,16.31,16.48,1687900,DPM
2023-11-23 07:00:00,16.7,16.7,15.97,15.97,2713600,DPM
2023-11-24 07:00:00,15.97,16.12,15.53,16.12,2425800,DPM
2023-11-27 07:00:00,16.12,16.21,15.87,16.04,945800,DPM
2023-11-28 07:00:00,16.04,16.04,15.67,15.87,1323400,DPM
2023-11-29 07:00:00,16.12,16.12,15.9,16.02,1001400,DPM
2023-11-30 07:00:00,16.12,16.19,15.92,16.19,1388100,DPM
2023-12-01 07:00:00,16.19,16.39,16.09,16.31,1680700,DPM
2023-12-04 07:00:00,16.31,16.78,16.31,16.7,3149500,DPM
2023-12-05 07:00:00,16.9,16.9,16.43,16.51,2162000,DPM
2023-12-06 07:00:00,16.61,16.7,16.51,16.7,1845500,DPM
2023-12-07 07:00:00,16.75,16.83,16.34,16.51,2420600,DPM
2023-12-08 07:00:00,16.51,16.68,16.46,16.56,1304700,DPM
2023-12-11 07:00:00,16.56,16.58,16.41,16.58,811600,DPM
2023-12-12 07:00:00,16.63,16.78,16.58,16.75,2037400,DPM
2023-12-13 07:00:00,16.9,16.95,16.51,16.51,1919100,DPM
2023-12-14 07:00:00,16.66,16.66,16.26,16.31,901800,DPM
2023-12-15 07:00:00,16.31,16.43,16.09,16.09,1538100,DPM
2023-12-18 07:00:00,16.12,16.24,15.97,16.12,803000,DPM
2023-12-19 07:00:00,16.14,16.24,16.02,16.12,709800,DPM
2023-12-20 07:00:00,16.21,16.24,16.07,16.07,948500,DPM
2023-12-21 07:00:00,16.12,16.14,16.04,16.09,689000,DPM
2023-12-22 07:00:00,16.19,16.19,15.97,15.99,1527300,DPM
2023-12-25 07:00:00,15.97,16.19,15.97,16.16,789500,DPM
2023-12-26 07:00:00,16.14,16.36,16.14,16.26,876400,DPM
2023-12-27 07:00:00,16.36,16.41,16.26,16.41,1512100,DPM
2023-12-28 07:00:00,16.41,16.43,16.29,16.29,963700,DPM
2023-12-29 07:00:00,16.29,16.43,16.29,16.36,1051900,DPM
2024-01-02 07:00:00,16.31,16.8,16.31,16.7,3943700,DPM
2024-01-03 07:00:00,16.68,16.73,16.56,16.68,1530200,DPM
2024-01-04 07:00:00,16.7,17.02,16.66,16.66,3034600,DPM
2024-01-05 07:00:00,16.66,16.73,16.39,16.63,1618100,DPM
2024-01-08 07:00:00,16.63,16.73,16.51,16.51,2176500,DPM
2024-01-09 07:00:00,16.51,16.85,16.29,16.66,4027500,DPM
2024-01-10 07:00:00,16.78,16.83,16.43,16.48,2351600,DPM
2024-01-11 07:00:00,16.61,16.7,16.41,16.48,1763900,DPM
2024-01-12 07:00:00,16.34,16.43,16.02,16.09,3698100,DPM
2024-01-15 07:00:00,16.07,16.26,16.07,16.07,644600,DPM
2024-01-16 07:00:00,16.09,16.21,16.02,16.21,960000,DPM
2024-01-17 07:00:00,16.26,16.34,16.21,16.34,1062400,DPM
2024-01-18 07:00:00,16.39,16.43,16.29,16.34,982200,DPM
2024-01-19 07:00:00,16.36,16.46,16.21,16.24,1704800,DPM
2024-01-22 07:00:00,16.29,16.31,16.12,16.14,1200500,DPM
2024-01-23 07:00:00,16.16,16.19,15.97,16.07,1940500,DPM
2024-01-24 07:00:00,16.09,16.21,16.02,16.04,1110000,DPM
2024-01-25 07:00:00,16.07,16.07,15.84,15.9,1607900,DPM
2024-01-26 07:00:00,15.9,16.19,15.9,16.07,1200400,DPM
2024-01-29 07:00:00,16.29,16.7,16.29,16.48,2585500,DPM
2024-01-30 07:00:00,16.51,16.56,16.36,16.46,878800,DPM
2024-01-31 07:00:00,16.46,16.46,16.09,16.09,1778300,DPM
2024-02-01 07:00:00,16.07,16.31,15.97,16.26,1018200,DPM
2024-02-02 07:00:00,16.26,16.46,16.21,16.21,1295400,DPM
2024-02-05 07:00:00,16.21,16.39,16.16,16.36,1228100,DPM
2024-02-06 07:00:00,16.36,16.58,16.34,16.36,1629300,DPM
2024-02-07 07:00:00,16.46,16.83,16.46,16.66,2706100,DPM
2024-02-15 07:00:00,16.75,16.85,16.66,16.7,2084500,DPM
2024-02-16 07:00:00,16.7,16.88,16.63,16.75,2530300,DPM
2024-02-19 07:00:00,16.78,17.44,16.7,17.17,5087300,DPM
2024-02-20 07:00:00,17.22,17.22,17.0,17.07,1794300,DPM
2024-02-21 07:00:00,17.07,17.37,17.02,17.2,3142600,DPM
2024-02-22 07:00:00,17.2,17.25,16.95,17.0,1892400,DPM
2024-02-23 07:00:00,17.0,17.12,16.46,16.51,4009700,DPM
2024-02-26 07:00:00,16.61,16.95,16.39,16.83,1815700,DPM
2024-02-27 07:00:00,16.88,17.0,16.8,16.98,1812600,DPM
2024-02-28 07:00:00,17.15,17.52,16.98,17.15,5364100,DPM
2024-02-29 07:00:00,17.34,17.34,17.0,17.07,1755600,DPM
2024-03-01 07:00:00,17.07,17.34,16.98,17.25,2764300,DPM
2024-03-04 07:00:00,17.44,17.44,17.17,17.3,3266900,DPM
2024-03-05 07:00:00,17.3,17.59,17.25,17.34,2971000,DPM
2024-03-06 07:00:00,17.34,17.37,17.05,17.12,2395400,DPM
2024-03-07 07:00:00,17.2,17.66,17.05,17.39,4298700,DPM
2024-03-08 07:00:00,17.44,17.79,17.32,17.44,5498200,DPM
2024-03-11 07:00:00,17.49,17.84,17.34,17.66,4378900,DPM
2024-03-12 07:00:00,17.66,17.66,17.42,17.44,2793900,DPM
2024-03-13 07:00:00,17.54,18.4,17.44,18.08,8410600,DPM
2024-03-14 07:00:00,18.18,18.18,17.79,17.88,4980400,DPM
2024-03-15 07:00:00,17.88,18.16,17.59,17.88,3197200,DPM
2024-03-18 07:00:00,17.98,18.03,16.7,17.07,7123800,DPM
2024-03-19 07:00:00,17.1,17.3,16.98,17.1,1735300,DPM
2024-03-20 07:00:00,17.12,17.27,17.07,17.27,1419500,DPM
2024-03-21 07:00:00,17.44,17.47,17.27,17.44,2197600,DPM
2024-03-22 07:00:00,17.49,17.57,17.27,17.44,2542900,DPM
2024-03-25 07:00:00,17.54,17.71,17.2,17.3,2794700,DPM
2024-03-26 07:00:00,17.34,17.69,17.0,17.69,1935000,DPM
2024-03-27 07:00:00,17.71,17.76,17.57,17.61,1712400,DPM
2024-03-28 07:00:00,17.69,17.96,17.52,17.81,3377900,DPM
2024-03-29 07:00:00,17.86,17.91,17.59,17.59,2088600,DPM
2024-04-01 07:00:00,17.64,17.74,17.34,17.47,3236400,DPM
2024-04-02 07:00:00,17.47,17.59,17.2,17.59,2844900,DPM
2024-04-03 07:00:00,17.64,18.38,17.64,17.93,10329000,DPM
2024-04-04 07:00:00,18.08,18.13,17.74,17.76,2581600,DPM
2024-04-05 07:00:00,17.64,17.74,17.39,17.39,2739900,DPM
2024-04-08 07:00:00,17.39,17.44,17.05,17.05,3060400,DPM
2024-04-09 07:00:00,17.1,17.27,17.0,17.27,1689000,DPM
2024-04-10 07:00:00,17.39,17.39,17.05,17.05,1880500,DPM
2024-04-11 07:00:00,16.93,17.05,16.85,16.93,1797200,DPM
2024-04-12 07:00:00,16.95,17.07,16.9,17.05,1782100,DPM
2024-04-15 07:00:00,17.1,17.39,15.92,15.92,3412700,DPM
2024-04-16 07:00:00,15.97,16.21,15.72,16.09,2868300,DPM
2024-04-17 07:00:00,16.21,16.29,15.97,15.97,1430400,DPM
2024-04-19 07:00:00,15.75,15.82,15.26,15.33,2934100,DPM
2024-04-22 07:00:00,15.72,15.72,15.43,15.53,1096400,DPM
2024-04-23 07:00:00,15.53,15.7,15.3,15.38,864700,DPM
2024-04-24 07:00:00,15.67,15.77,15.48,15.7,1980600,DPM
2024-04-25 07:00:00,15.7,15.7,15.35,15.35,1760300,DPM
2024-04-26 07:00:00,15.35,15.55,15.3,15.53,1355700,DPM
2024-05-02 07:00:00,15.67,16.04,15.53,15.99,1795900,DPM
2024-05-03 07:00:00,16.16,16.19,15.77,15.9,983500,DPM
2024-05-06 07:00:00,15.97,16.34,15.97,16.34,1561900,DPM
2024-05-07 07:00:00,16.41,16.68,16.31,16.48,1915600,DPM
2024-05-08 07:00:00,16.29,16.9,16.21,16.75,2624300,DPM
2024-05-09 07:00:00,16.9,17.0,16.58,16.66,2592900,DPM
2024-05-10 07:00:00,16.63,16.66,16.41,16.66,1668700,DPM
2024-05-13 07:00:00,16.66,16.66,16.29,16.41,1345100,DPM
2024-05-14 07:00:00,16.46,16.56,16.31,16.56,1184700,DPM
2024-05-15 07:00:00,16.68,17.1,16.58,17.05,4024400,DPM
2024-05-16 07:00:00,17.1,17.34,16.98,17.2,2743500,DPM
2024-05-17 07:00:00,17.2,17.34,17.12,17.25,2587100,DPM
2024-05-20 07:00:00,17.39,17.64,17.17,17.22,3332100,DPM
2024-05-21 07:00:00,17.25,17.98,17.1,17.61,5576100,DPM
2024-05-22 07:00:00,17.84,17.84,17.57,17.69,3420600,DPM
2024-05-23 07:00:00,17.69,18.33,17.59,18.18,5436900,DPM
2024-05-24 07:00:00,18.01,18.11,17.15,17.47,5484200,DPM
2024-05-27 07:00:00,17.47,18.03,17.39,17.79,2142200,DPM
2024-05-28 07:00:00,17.79,17.93,17.69,17.79,2492400,DPM
2024-05-29 07:00:00,17.84,18.23,17.71,17.88,4195000,DPM
2024-05-30 07:00:00,17.64,17.84,17.47,17.69,2581800,DPM
2024-05-31 07:00:00,17.59,17.88,17.59,17.69,1436600,DPM
2024-06-03 07:00:00,17.88,18.92,17.76,18.92,13768000,DPM
2024-06-04 07:00:00,19.11,19.36,18.92,18.96,5153400,DPM
2024-06-05 07:00:00,19.06,19.24,18.92,19.09,5927500,DPM
2024-06-06 07:00:00,19.16,19.26,18.67,18.92,5550400,DPM
2024-06-07 07:00:00,18.99,19.63,18.92,19.14,5794400,DPM
2024-06-10 07:00:00,19.11,19.21,18.87,19.06,3966000,DPM
2024-06-11 07:00:00,19.19,19.48,19.04,19.16,5527800,DPM
2024-06-12 07:00:00,19.16,19.31,18.94,19.09,3571700,DPM
2024-06-13 07:00:00,19.19,19.36,19.02,19.06,4061700,DPM
2024-06-14 07:00:00,19.06,19.26,18.08,18.08,8169000,DPM
2024-06-17 07:00:00,18.08,18.52,18.03,18.33,4130100,DPM
2024-06-18 07:00:00,18.62,18.67,18.33,18.38,3374900,DPM
2024-06-19 07:00:00,18.42,19.19,18.4,18.55,5526700,DPM
2024-06-20 07:00:00,18.57,18.67,18.13,18.33,3530000,DPM
2024-06-21 07:00:00,18.47,18.72,18.33,18.35,3414400,DPM
2024-06-24 07:00:00,18.28,18.42,17.44,17.52,5453800,DPM
2024-06-25 07:00:00,17.61,17.88,17.39,17.88,2434400,DPM
2024-06-26 07:00:00,17.93,18.08,17.59,18.08,2029100,DPM
2024-06-27 07:00:00,18.08,18.62,18.03,18.18,2675700,DPM
2024-06-28 07:00:00,18.18,18.2,17.59,17.74,2903300,DPM
2024-07-01 07:00:00,17.79,17.84,17.54,17.79,1246600,DPM
2024-07-02 07:00:00,17.93,18.28,17.88,17.88,1656300,DPM
2024-07-03 07:00:00,18.08,18.4,17.88,18.2,2435700,DPM
2024-07-04 07:00:00,18.33,18.35,17.91,18.18,2017200,DPM
2024-07-05 07:00:00,18.2,18.52,18.2,18.4,4335700,DPM
2024-07-08 07:00:00,18.57,19.36,18.57,19.09,7802200,DPM
2024-07-09 07:00:00,19.21,19.41,18.89,18.92,5045800,DPM
2024-07-10 07:00:00,19.02,19.24,18.65,18.65,6043600,DPM
2024-07-11 07:00:00,18.87,18.87,18.28,18.35,4763800,DPM
2024-07-12 07:00:00,18.35,18.57,18.28,18.4,2011600,DPM
2024-07-15 07:00:00,18.47,18.7,18.38,18.45,1727200,DPM
2024-07-16 07:00:00,18.47,18.52,18.18,18.2,2150300,DPM
2024-07-17 07:00:00,18.33,18.33,16.95,17.3,6821100,DPM
2024-07-18 07:00:00,17.44,17.64,17.25,17.64,2462100,DPM
2024-07-19 07:00:00,17.64,17.79,17.32,17.44,1619100,DPM
2024-07-22 07:00:00,17.44,17.44,17.0,17.1,2923000,DPM
2024-07-23 07:00:00,17.12,17.3,16.98,16.98,1665600,DPM
2024-07-24 07:00:00,16.85,17.39,16.7,17.1,2399500,DPM
2024-07-25 07:00:00,17.12,17.2,16.9,17.2,664200,DPM
2024-07-26 07:00:00,17.17,17.39,17.17,17.34,908700,DPM
2024-07-29 07:00:00,17.39,17.79,17.39,17.66,2305200,DPM
2024-07-30 07:00:00,17.74,17.74,17.37,17.42,1123700,DPM
2024-07-31 07:00:00,17.47,17.64,17.27,17.34,1484200,DPM
2024-08-01 07:00:00,17.52,17.61,16.8,16.93,3896300,DPM
2024-08-02 07:00:00,16.8,17.2,16.7,17.2,1593900,DPM
2024-08-05 07:00:00,16.73,17.05,16.07,16.07,3324700,DPM
2024-08-06 07:00:00,16.21,16.66,16.07,16.53,2188900,DPM
2024-08-07 07:00:00,16.7,17.15,16.53,17.1,1898400,DPM
2024-08-08 07:00:00,17.05,17.32,16.9,17.07,1844900,DPM
2024-08-09 07:00:00,17.27,17.64,17.2,17.57,3201800,DPM
2024-08-12 07:00:00,17.79,17.88,17.59,17.69,2697600,DPM
2024-08-13 07:00:00,17.79,17.84,17.52,17.59,2586100,DPM
2024-08-14 07:00:00,17.79,18.01,17.69,17.74,2515300,DPM
2024-08-15 07:00:00,17.79,17.79,17.52,17.69,1837000,DPM
2024-08-16 07:00:00,17.79,18.25,17.69,18.23,5725800,DPM
2024-08-19 07:00:00,18.47,18.77,18.28,18.77,5863900,DPM
2024-08-20 07:00:00,18.82,19.02,18.7,18.77,8496700,DPM
2024-08-21 07:00:00,18.9,18.9,18.72,18.77,3938700,DPM
2024-08-22 07:00:00,18.66,18.82,18.35,18.46,3401800,DPM
2024-08-23 07:00:00,18.43,18.61,18.33,18.51,2147800,DPM
2024-08-26 07:00:00,18.61,18.61,18.1,18.1,4322600,DPM
2024-08-27 07:00:00,18.12,18.38,18.1,18.15,2920200,DPM
2024-08-28 07:00:00,18.15,18.25,17.99,17.99,1849400,DPM
2024-08-29 07:00:00,18.02,18.2,17.94,18.02,1857600,DPM
2024-08-30 07:00:00,18.04,18.3,18.04,18.07,1616800,DPM
2024-09-04 07:00:00,18.04,18.2,17.89,18.2,2110300,DPM
2024-09-05 07:00:00,18.28,18.3,17.89,18.02,1762300,DPM
2024-09-06 07:00:00,18.04,18.64,17.96,18.64,4405300,DPM
2024-09-09 07:00:00,18.48,18.59,18.1,18.38,2587100,DPM
2024-09-10 07:00:00,18.51,18.51,18.1,18.12,2856900,DPM
2024-09-11 07:00:00,18.1,18.25,17.89,18.1,2404900,DPM
2024-09-12 07:00:00,18.15,18.59,18.15,18.25,3080500,DPM
2024-09-13 07:00:00,18.33,18.54,18.2,18.41,2351100,DPM
2024-09-16 07:00:00,18.54,18.87,18.51,18.51,6637900,DPM
2024-09-17 07:00:00,18.51,18.56,18.35,18.56,1801000,DPM
2024-09-18 07:00:00,18.66,18.66,18.38,18.43,2508400,DPM
2024-09-19 07:00:00,18.48,18.54,18.25,18.46,2339800,DPM
2024-09-20 07:00:00,18.56,18.74,18.33,18.41,3219600,DPM
2024-09-23 07:00:00,18.46,18.72,18.35,18.46,2308400,DPM
2024-09-24 07:00:00,18.51,18.54,18.38,18.46,1477000,DPM
2024-09-25 07:00:00,18.51,18.85,18.46,18.72,7227100,DPM
2024-09-26 07:00:00,18.87,18.98,18.59,18.66,3918700,DPM
2024-09-27 07:00:00,18.74,18.74,18.51,18.66,2975500,DPM
2024-09-30 07:00:00,18.66,18.72,18.43,18.46,3172000,DPM
2024-10-01 07:00:00,18.51,18.66,18.43,18.43,3226000,DPM
2024-10-02 07:00:00,18.46,18.64,18.41,18.48,2604300,DPM
2024-10-03 07:00:00,18.59,18.59,18.07,18.23,4531600,DPM
2024-10-04 07:00:00,18.25,18.41,18.15,18.2,1956200,DPM
2024-10-07 07:00:00,18.28,18.3,18.07,18.15,2015400,DPM
2024-10-08 07:00:00,18.2,18.23,17.89,18.04,3273300,DPM
2024-10-09 07:00:00,18.1,18.3,18.04,18.3,1675600,DPM
2024-10-10 07:00:00,18.23,18.43,18.1,18.1,2497700,DPM
2024-10-11 07:00:00,18.15,18.25,18.1,18.25,794900,DPM
2024-10-14 07:00:00,18.35,18.35,18.07,18.15,1883600,DPM
2024-10-15 07:00:00,18.2,18.23,17.91,17.96,1498500,DPM
2024-10-16 07:00:00,18.12,18.12,17.63,17.71,2935700,DPM
2024-10-17 07:00:00,17.81,17.89,17.58,17.89,1455700,DPM
2024-10-18 07:00:00,17.91,18.02,17.78,17.84,1437300,DPM
2024-10-21 07:00:00,17.89,17.89,17.68,17.68,796500,DPM
2024-10-22 07:00:00,17.68,17.86,17.55,17.68,1346900,DPM
2024-10-23 07:00:00,17.58,17.71,17.55,17.65,1147900,DPM
2024-10-24 07:00:00,17.65,17.89,17.63,17.65,1564500,DPM
2024-10-25 07:00:00,17.73,17.86,17.65,17.65,881800,DPM
2024-10-28 07:00:00,17.65,17.76,17.6,17.73,722500,DPM
2024-10-29 07:00:00,17.76,18.15,17.76,18.12,2915100,DPM
2024-10-30 07:00:00,18.12,18.12,17.89,17.94,1106900,DPM
2024-10-31 07:00:00,17.94,17.99,17.78,17.91,1038500,DPM
2024-11-01 07:00:00,17.84,17.84,17.52,17.58,3353200,DPM
2024-11-04 07:00:00,17.5,17.6,17.21,17.34,1856000,DPM
2024-11-05 07:00:00,17.42,17.5,17.26,17.34,723600,DPM
2024-11-06 07:00:00,17.37,17.65,17.37,17.6,972900,DPM
2024-11-07 07:00:00,17.68,17.68,17.47,17.47,930400,DPM
2024-11-08 07:00:00,17.47,17.55,17.32,17.37,2217000,DPM
2024-11-11 07:00:00,17.42,17.58,17.29,17.5,1536000,DPM
2024-11-12 07:00:00,17.58,17.84,17.55,17.55,1797800,DPM
2024-11-13 07:00:00,17.6,17.81,17.42,17.65,1624600,DPM
2024-11-14 07:00:00,17.58,17.81,17.58,17.71,3113300,DPM
2024-11-15 07:00:00,17.63,17.78,17.47,17.47,1753800,DPM
2024-11-18 07:00:00,17.42,17.58,17.24,17.5,1299300,DPM
2024-11-19 07:00:00,17.5,17.58,17.37,17.37,935700,DPM
2024-11-20 07:00:00,17.37,17.63,17.11,17.52,1688600,DPM
2024-11-21 07:00:00,17.55,18.07,17.42,18.07,3209700,DPM
2024-11-22 07:00:00,18.07,18.46,17.99,18.41,5767900,DPM
2024-11-25 07:00:00,18.41,18.48,18.25,18.35,3941400,DPM
2024-11-26 07:00:00,18.41,18.92,18.41,18.85,8413000,DPM
2024-11-27 07:00:00,18.98,19.0,18.28,18.41,6489700,DPM
2024-11-28 07:00:00,18.46,18.54,18.17,18.25,2514100,DPM
2024-11-29 07:00:00,18.25,18.54,18.15,18.33,3649100,DPM
2024-12-02 07:00:00,18.46,18.54,18.07,18.48,4019400,DPM
2024-12-03 07:00:00,18.51,18.77,18.35,18.59,3602700,DPM
2024-12-04 07:00:00,18.61,18.87,18.33,18.56,8028300,DPM
2024-12-05 07:00:00,18.46,18.82,18.46,18.82,3529100,DPM
2024-12-06 07:00:00,18.85,19.55,18.85,18.92,8734000,DPM
2024-12-09 07:00:00,18.92,19.03,18.69,18.74,4063900,DPM
2024-12-10 07:00:00,18.74,18.8,18.48,18.61,3545300,DPM
2024-12-11 07:00:00,18.69,18.69,18.38,18.48,2658600,DPM
2024-12-12 07:00:00,18.51,18.56,18.35,18.38,2102900,DPM
2024-12-13 07:00:00,18.35,18.54,18.28,18.3,1740100,DPM
2024-12-16 07:00:00,18.3,18.41,18.17,18.28,2021800,DPM
2024-12-17 07:00:00,18.33,18.35,18.12,18.2,1772600,DPM
2024-12-18 07:00:00,18.2,18.33,18.02,18.28,2540600,DPM
2024-12-19 07:00:00,18.12,18.46,18.04,18.25,2378800,DPM
2024-12-20 07:00:00,18.35,18.35,18.17,18.2,1578800,DPM
2024-12-23 07:00:00,18.25,18.35,18.15,18.33,1813000,DPM
2024-12-24 07:00:00,18.35,18.59,18.23,18.43,3096800,DPM
2024-12-25 07:00:00,18.54,18.56,18.3,18.35,2538400,DPM
2024-12-26 07:00:00,18.35,18.38,18.25,18.25,1850700,DPM
2024-12-27 07:00:00,18.33,18.77,18.17,18.46,4326900,DPM
2024-12-30 07:00:00,18.51,18.66,18.38,18.38,2026200,DPM
2024-12-31 07:00:00,18.33,18.46,18.15,18.15,2228400,DPM
2025-01-02 07:00:00,18.2,18.38,18.2,18.35,1109400,DPM
2025-01-03 07:00:00,18.35,18.61,18.28,18.43,3355200,DPM
2025-01-06 07:00:00,18.46,18.54,17.94,18.15,2287800,DPM
2025-01-07 07:00:00,18.15,18.23,17.73,17.84,2434200,DPM
2025-01-08 07:00:00,17.73,17.94,17.65,17.91,1513900,DPM
2025-01-09 07:00:00,17.91,17.94,17.68,17.71,642300,DPM
2025-01-10 07:00:00,17.71,17.84,17.37,17.37,2039100,DPM
2025-01-13 07:00:00,17.32,17.68,17.26,17.68,1586800,DPM
2025-01-14 07:00:00,17.78,17.86,17.63,17.63,630800,DPM
2025-01-15 07:00:00,17.73,17.76,17.6,17.63,623900,DPM
2025-01-16 07:00:00,17.73,17.84,17.68,17.68,710100,DPM
2025-01-17 07:00:00,17.76,17.89,17.68,17.78,709200,DPM
2025-01-20 07:00:00,17.76,17.89,17.71,17.78,574600,DPM
2025-01-21 07:00:00,17.68,17.84,17.6,17.63,744500,DPM
2025-01-22 07:00:00,17.65,17.68,17.37,17.37,873000,DPM
2025-01-23 07:00:00,17.45,18.1,17.45,17.84,1355500,DPM
2025-01-24 07:00:00,17.84,18.2,17.84,17.94,1293500,DPM
2025-02-03 07:00:00,17.96,18.3,17.84,18.12,1758200,DPM
2025-02-04 07:00:00,18.25,18.38,18.12,18.2,2470700,DPM
2025-02-05 07:00:00,18.35,18.43,18.2,18.25,2556200,DPM
2025-02-06 07:00:00,18.28,18.54,18.23,18.35,1698500,DPM
2025-02-07 07:00:00,18.38,18.41,18.07,18.1,2342900,DPM
2025-02-10 07:00:00,18.15,18.2,17.84,17.84,2480800,DPM
2025-02-11 07:00:00,17.84,18.02,17.84,17.99,1388700,DPM
2025-02-12 07:00:00,18.04,18.25,17.99,18.04,2758500,DPM
2025-02-13 07:00:00,18.12,18.98,18.1,18.9,9295500,DPM
2025-02-14 07:00:00,18.98,19.08,18.74,18.74,4345900,DPM
2025-02-17 07:00:00,18.85,19.26,18.8,18.82,5293400,DPM
2025-02-18 07:00:00,18.82,18.87,18.66,18.74,3471100,DPM
2025-02-19 07:00:00,18.77,19.13,18.72,19.03,5750700,DPM
2025-02-20 07:00:00,19.03,19.39,18.95,19.29,7164600,DPM
2025-02-21 07:00:00,19.26,19.36,19.13,19.29,3810800,DPM
2025-02-24 07:00:00,19.24,19.29,18.87,19.08,4823200,DPM
2025-02-25 07:00:00,19.18,19.6,19.03,19.24,5846500,DPM
2025-02-26 07:00:00,19.44,19.6,19.24,19.26,2751100,DPM
2025-02-27 07:00:00,19.26,19.26,18.92,19.16,3457600,DPM
2025-02-28 07:00:00,19.13,19.24,18.98,19.03,2574300,DPM
2025-03-03 07:00:00,19.13,19.34,19.03,19.11,2073600,DPM
2025-03-04 07:00:00,19.03,19.21,18.9,19.11,3302800,DPM
2025-03-05 07:00:00,19.11,19.16,18.82,18.82,3364100,DPM
2025-03-06 07:00:00,18.87,18.92,18.69,18.9,3370500,DPM
2025-03-07 07:00:00,18.92,19.44,18.9,19.11,5379700,DPM
2025-03-10 07:00:00,19.18,19.18,18.92,19.03,2233800,DPM
2025-03-11 07:00:00,18.92,19.34,18.92,19.05,4708500,DPM
2025-03-12 07:00:00,19.13,19.13,18.9,18.92,2629600,DPM
2025-03-13 07:00:00,18.95,18.98,18.46,18.48,5778600,DPM
2025-03-14 07:00:00,18.51,18.64,18.43,18.48,2652900,DPM
2025-03-17 07:00:00,18.61,18.61,18.33,18.51,2047500,DPM
2025-03-18 07:00:00,18.54,18.64,18.51,18.51,1394900,DPM
2025-03-19 07:00:00,18.51,18.77,18.48,18.51,1654200,DPM
2025-03-20 07:00:00,18.51,18.61,18.41,18.46,1204200,DPM
2025-03-21 07:00:00,18.61,18.61,18.35,18.38,1500100,DPM
2025-03-24 07:00:00,18.41,18.43,18.2,18.25,1388800,DPM
2025-03-25 07:00:00,18.33,18.38,18.2,18.28,1606900,DPM
2025-03-26 07:00:00,18.33,18.54,18.2,18.35,1539700,DPM
2025-03-27 07:00:00,18.33,18.48,18.25,18.28,945700,DPM
2025-03-28 07:00:00,18.51,18.72,18.33,18.33,2503600,DPM
2025-03-31 07:00:00,18.3,18.33,17.99,18.02,2854000,DPM
2025-04-01 07:00:00,18.3,18.38,18.12,18.23,2141100,DPM
2025-04-02 07:00:00,18.41,18.56,18.28,18.3,1315000,DPM
2025-04-03 07:00:00,17.65,17.89,17.03,17.03,5661100,DPM
2025-04-04 07:00:00,15.86,16.57,15.86,16.44,3803400,DPM
2025-04-08 07:00:00,15.55,16.02,15.3,15.3,3492000,DPM
2025-04-09 07:00:00,14.23,15.35,14.23,14.44,5482600,DPM
2025-04-10 07:00:00,15.42,15.42,15.42,15.42,86000,DPM
2025-04-11 07:00:00,16.49,16.49,15.89,16.49,4703900,DPM
2025-04-14 07:00:00,16.59,17.52,16.54,17.37,3924200,DPM
2025-04-15 07:00:00,17.37,17.37,16.85,16.98,2645700,DPM
2025-04-16 07:00:00,16.85,17.08,16.75,16.82,1869900,DPM
2025-04-17 07:00:00,16.75,16.88,16.59,16.82,1464600,DPM
2025-04-18 07:00:00,16.85,17.32,16.85,17.06,2246700,DPM
2025-04-21 07:00:00,17.11,17.24,16.9,17.11,1048800,DPM
2025-04-22 07:00:00,16.95,17.16,15.92,16.59,3936500,DPM
2025-04-23 07:00:00,17.03,17.03,16.72,16.8,893300,DPM
2025-04-24 07:00:00,16.9,17.08,16.8,16.85,2014200,DPM
2025-04-25 07:00:00,16.98,17.03,16.82,16.85,1020400,DPM
2025-04-28 07:00:00,16.88,17.21,16.88,17.06,1254100,DPM
2025-04-29 07:00:00,16.9,17.16,16.9,16.95,1193000,DPM
2025-05-05 07:00:00,17.06,17.84,17.06,17.68,3269300,DPM
2025-05-06 07:00:00,17.68,17.84,17.37,17.37,2113500,DPM
2025-05-07 07:00:00,17.42,17.81,17.42,17.58,1831500,DPM
2025-05-08 07:00:00,17.6,17.84,17.42,17.73,2240200,DPM
2025-05-09 07:00:00,17.65,17.73,17.52,17.58,789500,DPM
2025-05-12 07:00:00,17.58,17.6,17.4,17.58,1210100,DPM
2025-05-13 07:00:00,17.78,17.78,17.55,17.58,1382700,DPM
2025-05-14 07:00:00,17.63,17.86,17.47,17.71,1760900,DPM
2025-05-15 07:00:00,17.73,17.89,17.6,17.76,1651800,DPM
2025-05-16 07:00:00,17.86,17.94,17.55,17.55,1766100,DPM
2025-05-19 07:00:00,17.55,17.68,17.34,17.42,2032500,DPM
2025-05-20 07:00:00,17.34,17.52,17.34,17.5,1285500,DPM
2025-05-21 07:00:00,17.52,17.52,17.21,17.32,1495300,DPM
2025-05-22 07:00:00,17.26,17.58,17.24,17.32,2867700,DPM
2025-05-23 07:00:00,17.29,17.68,17.24,17.42,2370200,DPM
2025-05-26 07:00:00,17.47,17.78,17.11,17.78,2885600,DPM
2025-05-27 07:00:00,17.81,17.94,17.5,17.6,2996700,DPM
2025-05-28 07:00:00,17.76,17.78,17.52,17.63,2261700,DPM
2025-05-29 07:00:00,17.73,17.73,17.42,17.47,2345300,DPM
2025-05-30 07:00:00,17.47,17.63,17.26,17.29,3685500,DPM
2025-06-02 07:00:00,17.29,17.45,17.08,17.34,3326800,DPM
2025-06-03 07:00:00,17.37,17.76,17.37,17.71,4316200,DPM
2025-06-04 07:00:00,17.76,17.78,17.52,17.58,2103900,DPM
2025-06-05 07:00:00,17.58,17.71,17.52,17.52,1850800,DPM
2025-06-06 07:00:00,17.63,17.63,17.42,17.42,2016500,DPM
2025-06-09 07:00:00,17.42,17.68,17.37,17.52,1663900,DPM
2025-06-10 07:00:00,17.52,18.28,17.5,18.07,6956700,DPM
2025-06-11 07:00:00,18.12,18.2,17.89,17.99,1790300,DPM
2025-06-12 07:00:00,17.99,18.41,17.99,18.2,4630300,DPM
2025-06-13 07:00:00,18.23,18.59,18.12,18.46,7252900,DPM
2025-06-16 07:00:00,18.8,19.13,18.77,18.85,5960300,DPM
2025-06-17 07:00:00,18.92,19.96,18.64,19.88,11403700,DPM
2025-06-18 07:00:00,19.99,20.14,19.62,19.86,7106800,DPM
2025-06-19 07:00:00,19.96,20.32,19.75,20.07,6383300,DPM
2025-06-20 07:00:00,20.07,20.09,19.83,19.88,3109600,DPM
2025-06-23 07:00:00,20.07,20.43,19.55,19.75,8392600,DPM
2025-06-24 07:00:00,19.55,19.78,19.44,19.75,5136300,DPM
2025-06-25 07:00:00,19.65,19.68,19.44,19.44,4741000,DPM
2025-06-26 07:00:00,19.47,19.75,19.42,19.7,3502000,DPM
2025-06-27 07:00:00,19.86,19.86,19.55,19.6,2585700,DPM
2025-06-30 07:00:00,19.65,20.01,19.65,19.96,3893000,DPM
2025-07-01 07:00:00,20.07,20.3,19.75,19.91,3709200,DPM
2025-07-02 07:00:00,19.86,20.32,19.86,20.12,4452300,DPM
2025-07-03 07:00:00,20.12,20.3,19.81,19.96,5405300,DPM
2025-07-04 07:00:00,20.01,20.17,19.83,19.93,3448900,DPM
2025-07-07 07:00:00,20.27,20.64,20.04,20.12,5379200,DPM
2025-07-08 07:00:00,20.25,20.27,20.01,20.17,2548900,DPM
2025-07-09 07:00:00,20.32,20.38,20.01,20.07,4151400,DPM
2025-07-10 07:00:00,20.2,20.22,20.04,20.07,2734300,DPM
2025-07-11 07:00:00,20.2,20.35,19.99,20.04,5590300,DPM
2025-07-14 07:00:00,20.2,20.27,20.01,20.22,6603900,DPM
2025-07-15 07:00:00,20.49,21.0,20.22,20.52,5943600,DPM
2025-07-16 07:00:00,20.81,20.87,20.6,20.65,4628300,DPM
2025-07-17 07:00:00,20.84,20.98,20.68,20.81,4792400,DPM
2025-07-18 07:00:00,20.87,20.92,20.62,20.68,3806800,DPM
2025-07-21 07:00:00,21.03,21.62,20.9,21.43,9827900,DPM
2025-07-22 07:00:00,21.65,21.84,21.6,21.78,5509800,DPM
2025-07-23 07:00:00,21.95,22.86,21.84,22.54,6676500,DPM
2025-07-24 07:00:00,22.54,22.59,22.14,22.14,4807800,DPM
2025-07-25 07:00:00,22.3,22.51,22.08,22.27,3955700,DPM
2025-07-28 07:00:00,22.51,22.57,22.24,22.4,5218500,DPM
2025-07-29 07:00:00,22.43,22.89,21.35,21.35,9726200,DPM
2025-07-30 07:00:00,21.84,22.38,21.57,22.38,6860500,DPM
2025-07-31 07:00:00,22.65,22.89,21.95,22.11,6752400,DPM
2025-08-01 07:00:00,22.38,22.59,21.84,22.35,4491400,DPM
2025-08-04 07:00:00,22.57,22.89,22.54,22.59,5955600,DPM
2025-08-05 07:00:00,22.65,22.81,22.11,22.27,7873900,DPM
2025-08-06 07:00:00,22.43,23.7,22.35,23.27,9912400,DPM
2025-08-07 07:00:00,24.86,24.86,24.86,24.86,4009700,DPM
2025-08-08 07:00:00,26.59,26.59,26.59,26.59,3222500,DPM
2025-08-11 07:00:00,28.0,28.0,26.03,26.36,17689700,DPM
2025-08-12 07:00:00,26.4,27.11,26.4,26.97,7544600,DPM
2025-08-13 07:00:00,26.97,27.11,26.68,26.82,5413300,DPM
2025-08-14 07:00:00,27.06,27.11,26.36,26.45,7251400,DPM
2025-08-15 07:00:00,26.5,26.97,26.26,26.31,4437700,DPM
2025-08-18 07:00:00,26.31,27.9,26.22,26.87,8891000,DPM
2025-08-19 07:00:00,26.92,27.06,26.4,26.45,5878400,DPM
2025-08-20 07:00:00,26.45,26.59,24.86,25.75,7342100,DPM
2025-08-21 07:00:00,25.75,26.12,25.42,25.56,4317600,DPM
2025-08-22 07:00:00,25.19,25.75,24.58,24.62,5505500,DPM
2025-08-25 07:00:00,24.91,25.33,24.34,24.34,3347500,DPM
2025-08-26 07:00:00,24.39,25.19,24.39,25.05,2217800,DPM
2025-08-27 07:00:00,25.37,25.37,24.91,25.05,3369400,DPM
2025-08-28 07:00:00,25.14,25.28,24.95,24.95,2034200,DPM
2025-08-29 07:00:00,25.23,25.47,25.0,25.0,2754200,DPM
2025-09-03 07:00:00,25.0,25.47,24.72,24.95,4596400,DPM
2025-09-04 07:00:00,25.0,25.23,24.95,25.23,4256900,DPM
2025-09-05 07:00:00,25.47,26.31,25.42,25.56,7748800,DPM
2025-09-08 07:00:00,25.56,25.89,24.76,24.81,4295700,DPM
2025-09-09 07:00:00,25.0,25.0,24.39,24.72,3508400,DPM
2025-09-10 07:00:00,24.81,24.95,24.48,24.67,2106200,DPM
2025-09-11 07:00:00,24.72,24.76,24.11,24.58,2626000,DPM
2025-09-12 07:00:00,24.76,25.14,24.62,24.95,2044100,DPM
2025-09-15 07:00:00,25.05,25.66,24.95,25.66,4718700,DPM
2025-09-16 07:00:00,25.89,26.03,25.66,25.75,5022900,DPM
2025-09-17 07:00:00,25.75,25.94,25.19,25.19,2971700,DPM
2025-09-18 07:00:00,25.09,25.37,24.76,24.86,2143400,DPM
2025-09-19 07:00:00,24.86,25.09,24.16,24.16,4849600,DPM
2025-09-22 07:00:00,24.48,24.67,24.2,24.2,2092400,DPM
2025-09-23 07:00:00,24.44,24.53,24.2,24.34,947800,DPM
2025-09-24 07:00:00,24.34,24.67,24.2,24.53,1562500,DPM
2025-09-25 07:00:00,24.67,25.09,24.62,24.95,1561800,DPM
2025-09-26 07:00:00,25.0,25.09,24.58,24.58,1637100,DPM
2025-09-29 07:00:00,24.62,24.62,24.34,24.34,1571800,DPM
2025-09-30 07:00:00,24.06,24.11,23.27,23.5,11670200,DPM
2025-10-01 07:00:00,23.5,23.69,23.36,23.41,3948800,DPM
2025-10-02 07:00:00,23.5,23.64,22.33,22.33,8470100,DPM
2025-10-03 07:00:00,22.33,22.85,22.33,22.52,4978000,DPM
2025-10-06 07:00:00,22.7,23.08,22.56,23.03,4820500,DPM
2025-10-07 07:00:00,23.31,23.31,22.52,22.52,3732000,DPM
2025-10-08 07:00:00,22.94,22.94,22.47,22.56,2837700,DPM
2025-10-09 07:00:00,22.66,22.8,22.52,22.56,3656900,DPM
2025-10-10 07:00:00,22.85,23.13,22.61,22.89,3968300,DPM
2025-10-13 07:00:00,22.85,22.85,22.42,22.66,4652700,DPM
2025-10-14 07:00:00,22.66,22.85,22.38,22.42,5768100,DPM
2025-10-15 07:00:00,22.47,22.52,21.86,21.91,8837200,DPM
2025-10-16 07:00:00,22.05,22.33,21.77,22.33,3904900,DPM
2025-10-17 07:00:00,22.38,22.42,21.68,21.68,6057500,DPM
2025-10-20 07:00:00,21.68,22.14,20.69,20.74,5348900,DPM
2025-10-21 07:00:00,20.83,21.72,20.79,21.72,5032800,DPM
2025-10-22 07:00:00,21.72,22.0,21.44,22.0,3775800,DPM
2025-10-23 07:00:00,22.0,22.14,21.63,21.82,1656700,DPM
2025-10-24 07:00:00,21.82,21.91,21.4,21.54,1801100,DPM
2025-10-27 07:00:00,21.72,22.33,21.49,22.1,5454500,DPM
2025-10-28 07:00:00,22.1,22.19,21.82,22.19,3230900,DPM
2025-10-29 07:00:00,22.47,22.7,22.33,22.42,4503900,DPM
2025-10-30 07:00:00,22.47,22.66,22.33,22.47,2785500,DPM
2025-10-31 07:00:00,22.47,22.89,22.42,22.47,5212400,DPM
2025-11-03 07:00:00,22.52,22.61,21.72,21.72,3766100,DPM
2025-11-04 07:00:00,21.72,22.19,21.16,22.19,4559900,DPM
2025-11-05 07:00:00,22.38,23.36,22.19,23.31,12026900,DPM
2025-11-06 07:00:00,23.36,23.36,22.85,22.89,3929000,DPM
2025-11-07 07:00:00,22.89,23.17,22.0,22.14,5475700,DPM
2025-11-10 07:00:00,22.19,22.38,21.82,21.82,3612600,DPM
2025-11-11 07:00:00,21.96,22.1,21.58,21.72,2725000,DPM
2025-11-12 07:00:00,22.0,22.14,21.82,22.1,2172200,DPM
2025-11-13 07:00:00,22.33,23.08,22.24,22.42,5923200,DPM
2025-11-14 07:00:00,22.33,22.56,22.24,22.33,2410900,DPM
2025-11-17 07:00:00,22.52,22.89,22.33,22.8,3941500,DPM
2025-11-18 07:00:00,22.94,22.94,22.42,22.61,3464800,DPM
2025-11-19 07:00:00,22.61,23.55,22.61,22.89,11481000,DPM
2025-11-20 07:00:00,23.13,23.13,22.56,22.7,2784500,DPM
2025-11-21 07:00:00,22.7,22.7,22.0,22.1,6398300,DPM
2025-11-24 07:00:00,22.1,22.24,21.68,21.68,5263200,DPM
2025-11-25 07:00:00,21.72,21.91,21.49,21.63,4045000,DPM
2025-11-26 07:00:00,21.68,22.1,21.68,21.96,1873200,DPM
2025-11-27 07:00:00,22.1,22.1,21.82,21.82,1743100,DPM
2025-11-28 07:00:00,21.86,22.05,21.63,21.63,2699800,DPM
2025-12-01 07:00:00,21.68,21.82,21.63,21.63,2050700,DPM
2025-12-02 07:00:00,21.63,21.77,21.44,21.54,3064400,DPM
2025-12-03 07:00:00,21.72,21.91,21.63,21.82,1881600,DPM
2025-12-04 07:00:00,21.86,22.05,21.82,22.05,2472500,DPM
2025-12-05 07:00:00,22.1,22.1,21.72,21.72,2101500,DPM
2025-12-08 07:00:00,21.68,21.77,21.58,21.68,1642500,DPM
2025-12-09 07:00:00,21.68,21.68,21.11,21.25,4175400,DPM
2025-12-10 07:00:00,21.44,21.49,21.21,21.21,2123600,DPM
2025-12-11 07:00:00,21.25,21.44,21.07,21.16,1091200,DPM
2025-12-12 07:00:00,21.16,21.35,20.6,20.6,3431900,DPM
2025-12-15 07:00:00,20.69,20.79,20.22,20.55,2669500,DPM
2025-12-16 07:00:00,20.69,21.07,20.18,20.93,2186300,DPM
2025-12-17 07:00:00,21.07,21.11,20.74,20.83,1844700,DPM
2025-12-18 07:00:00,20.83,20.88,20.69,20.83,900500,DPM
2025-12-19 07:00:00,20.88,21.07,20.6,21.07,2647200,DPM
2025-12-22 07:00:00,21.07,21.3,20.97,21.11,1808600,DPM
2025-12-23 07:00:00,21.25,21.25,20.79,20.79,1948300,DPM
2025-12-24 07:00:00,20.79,21.02,20.69,20.93,1498700,DPM
2025-12-25 07:00:00,20.93,21.16,20.74,20.74,1699500,DPM
2025-12-26 07:00:00,20.65,20.88,20.36,20.69,2237400,DPM
2025-12-29 07:00:00,21.02,21.49,20.79,21.25,3716400,DPM
2025-12-30 07:00:00,21.25,21.3,20.97,20.97,1881500,DPM
2025-12-31 07:00:00,20.97,21.16,20.83,20.83,1429700,DPM
2026-01-05 07:00:00,21.07,21.44,20.79,21.07,4704800,DPM
2026-01-06 07:00:00,21.21,21.63,21.21,21.4,4493900,DPM
2026-01-07 07:00:00,21.54,22.1,21.35,21.96,5731500,DPM
2026-01-08 07:00:00,22.33,22.56,21.91,22.0,7920400,DPM
2026-01-09 07:00:00,21.96,22.42,21.96,22.24,6041200,DPM
2026-01-12 07:00:00,22.33,23.13,22.33,22.75,8618100,DPM
2026-01-13 07:00:00,22.85,23.08,22.24,22.85,8015500,DPM
2026-01-14 07:00:00,23.08,23.88,22.66,23.31,12596300,DPM
2026-01-15 07:00:00,23.36,23.36,22.75,22.75,5419400,DPM
2026-01-16 07:00:00,22.85,22.94,22.47,22.56,4680200,DPM
2026-01-19 07:00:00,22.66,22.89,22.47,22.66,2722200,DPM
2026-01-20 07:00:00,22.75,23.13,22.61,22.75,4862900,DPM
2026-01-21 07:00:00,22.61,23.13,22.56,23.08,7793300,DPM
2026-01-22 07:00:00,23.22,24.67,23.22,24.2,18893400,DPM
2026-01-23 07:00:00,24.2,24.2,22.85,22.99,6074700,DPM
2026-01-26 07:00:00,22.99,23.03,21.4,21.54,11076900,DPM
2026-01-27 07:00:00,21.63,22.19,21.58,21.82,3200400,DPM
2026-01-28 07:00:00,22.1,22.38,21.91,22.1,3524900,DPM
2026-01-29 07:00:00,22.33,22.52,21.91,22.38,3282800,DPM
2026-01-30 07:00:00,22.7,22.7,22.33,22.42,4599700,DPM
2026-02-02 07:00:00,22.56,22.94,22.38,22.89,5514200,DPM
2026-02-03 07:00:00,23.08,23.83,22.94,23.13,9295200,DPM
2026-02-04 07:00:00,23.27,23.55,23.03,23.41,5946500,DPM
2026-02-05 07:00:00,23.74,24.11,23.41,23.41,10423200,DPM
2026-02-06 07:00:00,23.17,23.5,22.61,23.13,6412400,DPM
2026-02-09 07:00:00,23.31,23.83,22.85,23.74,6154200,DPM
2026-02-10 07:00:00,23.78,23.83,23.03,23.5,6919400,DPM
2026-02-11 07:00:00,23.5,23.92,23.22,23.64,5130300,DPM
2026-02-12 07:00:00,23.64,23.78,23.41,23.41,3259800,DPM
2026-02-13 07:00:00,23.45,23.69,23.36,23.41,4495300,DPM
2026-02-23 07:00:00,23.69,24.16,23.55,23.78,5447000,DPM
2026-02-24 07:00:00,24.02,25.42,23.88,25.19,22734000,DPM
2026-02-25 07:00:00,25.37,25.47,24.91,25.09,9320500,DPM
2026-02-26 07:00:00,25.28,25.33,24.67,24.81,8774600,DPM
2026-02-27 07:00:00,25.05,26.22,25.0,25.84,18937700,DPM
2026-03-02 07:00:00,27.62,27.62,27.15,27.62,17288600,DPM
2026-03-03 07:00:00,29.49,29.49,27.72,29.35,21491100,DPM
2026-03-04 07:00:00,30.43,30.43,27.48,28.65,27509400,DPM
2026-03-05 07:00:00,28.98,29.59,27.72,28.56,19382300,DPM
2026-03-06 07:00:00,29.07,29.49,28.56,29.17,15649900,DPM
2026-03-09 07:00:00,31.18,31.18,28.0,28.04,39829000,DPM
2026-03-10 07:00:00,28.28,29.96,28.09,29.31,16556300,DPM
2026-03-11 07:00:00,29.31,29.82,28.0,29.78,13819800,DPM
2026-03-12 07:00:00,30.29,31.83,30.29,31.83,22324700,DPM
2026-03-13 07:00:00,32.77,33.52,30.43,31.08,17041900,DPM
2026-03-16 07:00:00,31.08,31.18,28.93,28.93,11431200,DPM
2026-03-17 07:00:00,28.09,28.56,26.92,26.92,26655800,DPM
2026-03-18 07:00:00,27.15,28.79,27.01,28.79,7434500,DPM
2026-03-19 07:00:00,29.63,29.68,27.86,28.79,10387100,DPM
2026-03-20 07:00:00,28.84,28.88,26.87,27.01,9134100,DPM
2026-03-23 07:00:00,26.87,28.0,26.22,26.87,8107900,DPM
2026-03-24 07:00:00,27.86,27.86,26.64,26.97,4313800,DPM
2026-03-25 07:00:00,27.15,28.0,26.87,27.53,5732000,DPM
2026-03-26 07:00:00,27.53,29.21,26.68,29.12,12313800,DPM
2026-03-27 07:00:00,29.31,29.82,28.7,28.84,9590700,DPM
2026-03-30 07:00:00,28.98,29.68,28.84,28.88,7216500,DPM
2026-03-31 07:00:00,29.02,29.02,27.43,27.95,10183900,DPM
2026-04-01 07:00:00,28.09,28.14,26.97,27.06,8083700,DPM
2026-04-02 07:00:00,27.29,27.67,26.82,27.62,3658700,DPM
2026-04-03 07:00:00,27.67,27.76,26.97,26.97,3194800,DPM
2026-04-06 07:00:00,26.92,27.15,25.84,25.84,5406800,DPM
2026-04-07 07:00:00,26.26,26.73,25.98,26.17,3635800,DPM
2026-04-08 07:00:00,26.78,27.06,26.12,27.06,4350500,DPM
2026-04-09 07:00:00,26.92,27.57,26.59,26.68,3240000,DPM
2026-04-10 07:00:00,26.78,27.76,26.59,27.25,5892100,DPM
2026-04-13 07:00:00,27.43,27.81,27.43,27.43,3874500,DPM
2026-04-14 07:00:00,27.62,27.62,26.82,26.87,4443700,DPM
2026-04-15 07:00:00,26.97,27.15,26.5,26.54,4142400,DPM
2026-04-16 07:00:00,26.73,27.06,26.45,26.82,2675300,DPM
2026-04-17 07:00:00,26.82,27.57,26.68,27.06,5571000,DPM
2026-04-20 07:00:00,27.25,27.29,26.68,26.78,2164100,DPM
2026-04-21 07:00:00,26.87,26.92,26.4,26.4,3078500,DPM
2026-04-22 07:00:00,26.4,26.78,26.12,26.22,2836500,DPM
2026-04-23 07:00:00,26.31,26.45,24.95,25.28,6983300,DPM
2026-04-24 07:00:00,25.33,25.7,24.62,24.76,5565000,DPM
2026-04-28 07:00:00,24.86,25.23,23.88,24.02,5514300,DPM
2026-04-29 07:00:00,24.02,25.09,23.88,24.81,5017400,DPM
2026-05-04 07:00:00,24.62,25.23,24.39,24.39,3474600,DPM
2026-05-05 07:00:00,24.53,24.91,24.11,24.86,4425800,DPM
2026-05-06 07:00:00,24.95,24.95,24.72,24.86,2049100,DPM
2026-05-07 07:00:00,24.86,25.0,24.3,24.34,3729200,DPM
2026-05-08 07:00:00,24.34,24.53,24.11,24.2,2547400,DPM
2026-05-11 07:00:00,24.34,24.86,24.2,24.72,3170400,DPM
2026-05-12 07:00:00,25.0,25.05,24.53,24.95,3465100,DPM
2026-05-13 07:00:00,25.0,26.03,24.67,25.56,6692400,DPM
2026-05-14 07:00:00,25.56,25.84,25.09,25.19,3022800,DPM
2026-05-15 07:00:00,25.23,25.47,24.86,25.28,3328400,DPM
2026-05-18 07:00:00,25.42,26.64,25.37,26.36,9223600,DPM
2026-05-19 07:00:00,26.54,26.54,25.0,25.23,4795200,DPM
2026-05-20 07:00:00,25.09,25.37,23.97,25.14,5026300,DPM
2026-05-21 07:00:00,25.14,25.28,24.44,24.62,2414100,DPM
2026-05-22 07:00:00,25.0,25.23,24.67,24.76,2609600,DPM
2026-05-25 07:00:00,24.58,24.72,24.2,24.44,3079100,DPM
2026-05-26 07:00:00,24.34,24.62,24.34,24.53,1744700,DPM
2026-05-27 07:00:00,24.62,24.76,24.44,24.48,1298400,DPM
2026-05-28 07:00:00,24.44,24.58,24.16,24.2,2182800,DPM
2026-05-29 07:00:00,24.2,24.34,23.88,24.25,3258300,DPM
2026-06-01 07:00:00,24.16,24.2,23.88,24.02,2212000,DPM
2026-06-02 07:00:00,24.06,24.16,23.41,23.55,2628500,DPM
2026-06-03 07:00:00,23.55,23.64,23.13,23.55,2079400,DPM
2026-06-04 07:00:00,23.36,24.06,23.36,23.64,1399800,DPM
2026-06-05 07:00:00,23.55,23.74,23.5,23.5,857800,DPM
2026-06-08 07:00:00,23.41,23.41,22.94,22.94,2600500,DPM
2026-06-09 07:00:00,22.99,23.08,22.38,22.47,3512900,DPM
2026-06-10 07:00:00,22.52,22.8,22.28,22.56,2716300,DPM
2026-06-11 07:00:00,22.56,22.99,22.56,22.85,1916100,DPM
2026-06-12 07:00:00,22.94,22.99,22.61,22.66,1578400,DPM
2026-06-15 07:00:00,22.66,22.66,22.1,22.14,4820100,DPM
2026-06-16 07:00:00,22.24,22.47,22.05,22.24,3355500,DPM
2026-06-17 07:00:00,22.24,22.38,22.1,22.14,3223300,DPM
2026-06-18 07:00:00,22.19,22.52,22.14,22.19,3364500,DPM
2026-06-19 07:00:00,22.19,22.24,22.0,22.0,2310900,DPM
2026-06-22 07:00:00,22.05,22.28,21.91,21.96,2820100,DPM
2026-06-23 07:00:00,21.96,22.05,21.49,21.54,5214400,DPM
2026-06-24 07:00:00,21.58,21.63,21.3,21.58,3196200,DPM
2026-06-25 07:00:00,21.63,21.63,21.25,21.25,2323200,DPM
2026-06-26 07:00:00,21.25,21.44,21.16,21.21,2180300,DPM
2026-06-29 07:00:00,21.3,21.68,21.3,21.54,3035200,DPM
2026-06-30 07:00:00,21.77,21.77,21.49,21.54,2052100,DPM
2026-07-01 07:00:00,21.72,21.91,21.54,21.63,1873200,DPM
2026-07-02 07:00:00,21.54,21.77,21.44,21.44,2384300,DPM
2026-07-03 07:00:00,21.54,21.54,21.4,21.4,1965300,DPM
2026-07-06 07:00:00,21.49,21.54,20.74,20.97,2991200,DPM
2026-07-07 07:00:00,21.02,21.25,20.97,21.21,2017100,DPM
2026-07-08 07:00:00,21.44,22.66,21.35,22.66,12316200,DPM
2026-07-09 07:00:00,22.66,22.99,22.28,22.28,3830000,DPM
2026-07-10 07:00:00,22.24,22.42,21.91,21.91,3158000,DPM
2026-07-13 07:00:00,22.19,22.19,21.25,21.91,3551200,DPM
2026-07-14 07:00:00,22.33,22.85,22.0,22.85,6483400,DPM
2026-07-15 07:00:00,22.89,22.94,22.05,22.1,2424900,DPM
2026-07-16 07:00:00,22.0,22.24,21.16,22.24,3449200,DPM
2026-07-17 07:00:00,22.19,22.19,21.68,22.0,1586400,DPM
2026-07-20 07:00:00,22.24,22.42,21.25,21.49,4681600,DPM
2026-07-21 07:00:00,21.35,21.63,20.65,21.16,3902700,DPM
2026-07-22 07:00:00,21.16,21.35,20.65,20.65,2879100,DPM
2026-07-23 07:00:00,21.02,21.25,20.6,21.25,2812100,DPM
2026-07-24 07:00:00,21.3,21.49,21.07,21.16,1432100,DPM
2026-07-27 07:00:00,21.21,21.3,20.83,20.83,1838700,DPM
2026-07-28 07:00:00,20.83,21.35,20.6,21.21,2024600,DPM
2026-07-29 07:00:00,21.35,21.77,21.21,21.54,2361500,DPM
2026-07-30 07:00:00,21.68,21.96,21.58,21.96,2387900,DPM
2026-07-31 07:00:00,22.42,22.42,22.05,22.05,3890000,DPM
2026-08-03 07:00:00,21.9,22.35,21.9,22.2,3320500,DPM
2026-08-04 07:00:00,22.2,22.4,22.05,22.2,1496200,DPM
2026-08-05 07:00:00,22.3,22.4,21.6,21.8,4947000,DPM
2026-08-06 07:00:00,21.8,21.95,21.45,21.5,2229400,DPM
2026-08-07 07:00:00,21.6,22.35,21.5,21.85,3779500,DPM
2026-08-10 07:00:00,22.35,22.4,22.1,22.4,3829800,DPM
2026-08-11 07:00:00,22.65,22.9,22.4,22.45,3006700,DPM
2026-08-12 07:00:00,22.5,22.5,22.2,22.3,1637400,DPM
2026-08-13 07:00:00,22.35,22.45,21.85,21.9,2360400,DPM
2026-08-14 07:00:00,21.8,21.9,21.55,21.55,2185200,DPM
2026-08-17 07:00:00,21.55,21.75,21.4,21.5,1246800,DPM
2026-08-18 07:00:00,21.5,22.25,21.5,21.7,1925300,DPM
2026-08-19 07:00:00,21.7,21.95,21.5,21.6,1286600,DPM
2026-08-20 07:00:00,21.7,21.8,21.45,21.8,1246000,DPM
2026-08-21 07:00:00,22.05,22.4,21.8,22.2,3404400,DPM
2026-08-24 07:00:00,22.4,22.75,22.2,22.3,3422100,DPM
2026-08-25 07:00:00,22.35,22.45,22.0,22.1,2223500,DPM
2026-08-26 07:00:00,21.95,22.3,21.95,22.25,2076700,DPM
2026-08-27 07:00:00,22.25,22.35,22.0,22.05,1458100,DPM
2026-08-28 07:00:00,22.15,22.15,21.95,22.0,1522600,DPM
2026-09-03 07:00:00,22.25,23.3,22.15,23.3,11230700,DPM
2026-09-04 07:00:00,23.25,23.25,22.8,22.8,3915800,DPM
2026-09-07 07:00:00,22.95,22.95,22.3,22.3,3823100,DPM
2026-09-08 07:00:00,22.3,22.95,22.2,22.85,3750300,DPM
2026-09-09 07:00:00,23.0,23.2,22.75,22.8,3238600,DPM
2026-09-10 07:00:00,22.9,23.05,22.55,22.6,2681800,DPM
2026-09-11 07:00:00,22.8,23.15,22.35,22.4,4268600,DPM
2026-09-14 07:00:00,22.1,22.6,21.8,22.05,3459700,DPM
2026-09-15 07:00:00,22.15,23.2,22.1,23.05,5203800,DPM
2026-09-16 07:00:00,23.15,23.75,22.95,23.0,6232700,DPM
2026-09-17 07:00:00,22.9,23.1,22.65,22.9,4300700,DPM
2026-09-18 07:00:00,23.1,23.1,22.75,22.85,3176500,DPM
2026-09-21 07:00:00,23.0,23.1,22.65,22.8,2889100,DPM
2026-09-22 07:00:00,22.8,23.05,22.65,22.9,1889900,DPM
2026-09-23 07:00:00,22.85,22.95,22.75,22.9,185200,DPM
