time,open,high,low,close,volume,ticker
2019-01-02 07:00:00,26.8,26.8,24.3,25.58,590,FRT
2019-01-03 07:00:00,26.44,26.44,25.26,25.26,3810,FRT
2019-01-04 07:00:00,24.8,26.4,24.65,25.37,2590,FRT
2019-01-07 07:00:00,24.65,25.01,24.65,25.01,8280,FRT
2019-01-08 07:00:00,25.01,25.9,24.69,25.62,2430,FRT
2019-01-09 07:00:00,26.8,26.8,25.12,25.12,64920,FRT
2019-01-10 07:00:00,25.33,25.33,25.01,25.12,1320,FRT
2019-01-11 07:00:00,23.58,25.72,23.58,25.01,30,FRT
2019-01-14 07:00:00,26.19,26.19,25.04,25.33,1540,FRT
2019-01-15 07:00:00,23.97,25.33,23.97,25.33,1080,FRT
2019-01-16 07:00:00,24.76,26.05,24.76,24.97,4060,FRT
2019-01-17 07:00:00,23.58,25.01,23.58,25.01,30,FRT
2019-01-18 07:00:00,24.65,25.72,24.65,24.65,2040,FRT
2019-01-21 07:00:00,25.69,25.69,23.58,24.76,2680,FRT
2019-01-22 07:00:00,24.65,24.65,24.19,24.65,100,FRT
2019-01-23 07:00:00,24.65,25.72,24.3,24.65,3780,FRT
2019-01-24 07:00:00,24.51,25.51,24.51,24.65,1000,FRT
2019-01-25 07:00:00,24.54,24.65,24.54,24.65,570,FRT
2019-01-28 07:00:00,24.58,24.83,24.47,24.65,1320,FRT
2019-01-29 07:00:00,24.47,24.65,22.94,24.62,3580,FRT
2019-01-30 07:00:00,24.62,25.37,24.47,24.47,930,FRT
2019-01-31 07:00:00,24.97,24.97,24.44,24.44,370,FRT
2019-02-01 07:00:00,22.97,24.33,22.97,23.62,4060,FRT
2019-02-11 07:00:00,23.62,23.9,23.58,23.58,1500,FRT
2019-02-12 07:00:00,22.19,23.62,22.19,23.51,12010,FRT
2019-02-13 07:00:00,23.51,23.51,23.4,23.51,12690,FRT
2019-02-14 07:00:00,23.22,23.54,23.22,23.4,11390,FRT
2019-02-15 07:00:00,23.22,23.26,22.65,22.87,13240,FRT
2019-02-18 07:00:00,23.01,23.12,22.87,22.87,1330,FRT
2019-02-19 07:00:00,22.87,22.87,22.44,22.44,10640,FRT
2019-02-20 07:00:00,22.69,22.69,22.33,22.33,5910,FRT
2019-02-21 07:00:00,22.15,22.33,21.47,21.47,6670,FRT
2019-02-22 07:00:00,21.47,22.04,21.47,21.47,18280,FRT
2019-02-25 07:00:00,21.51,21.76,21.51,21.58,20000,FRT
2019-02-26 07:00:00,21.72,21.94,21.72,21.94,8100,FRT
2019-02-27 07:00:00,22.04,22.44,22.04,22.44,1200,FRT
2019-02-28 07:00:00,22.79,22.79,21.79,21.97,24620,FRT
2019-03-01 07:00:00,21.97,21.97,21.97,21.97,720,FRT
2019-03-04 07:00:00,21.44,21.76,20.72,21.47,10700,FRT
2019-03-05 07:00:00,20.94,21.47,20.9,21.36,7810,FRT
2019-03-06 07:00:00,21.97,21.97,21.36,21.36,15960,FRT
2019-03-07 07:00:00,20.94,21.08,20.94,21.08,2740,FRT
2019-03-08 07:00:00,21.4,21.44,20.72,20.72,7960,FRT
2019-03-11 07:00:00,20.72,20.76,20.54,20.54,1920,FRT
2019-03-12 07:00:00,20.72,20.76,20.51,20.69,25290,FRT
2019-03-13 07:00:00,20.9,21.19,20.62,20.72,6220,FRT
2019-03-14 07:00:00,20.04,20.69,20.04,20.36,13680,FRT
2019-03-15 07:00:00,20.22,20.36,19.83,19.83,20760,FRT
2019-03-18 07:00:00,19.9,19.9,19.65,19.65,11530,FRT
2019-03-19 07:00:00,19.65,19.76,19.22,19.47,15450,FRT
2019-03-20 07:00:00,19.29,20.01,18.9,18.94,25750,FRT
2019-03-21 07:00:00,18.58,18.94,18.29,18.29,15770,FRT
2019-03-22 07:00:00,18.54,18.54,17.9,18.22,20370,FRT
2019-03-25 07:00:00,18.22,18.22,17.15,17.15,16020,FRT
2019-03-26 07:00:00,16.79,17.47,16.79,17.47,35570,FRT
2019-03-27 07:00:00,17.47,17.47,17.1,17.11,31960,FRT
2019-03-28 07:00:00,17.15,17.18,17.15,17.15,13090,FRT
2019-03-29 07:00:00,17.15,17.79,17.15,17.76,66940,FRT
2019-04-01 07:00:00,17.77,17.86,17.51,17.58,67500,FRT
2019-04-02 07:00:00,17.58,18.79,17.58,18.79,54610,FRT
2019-04-03 07:00:00,19.51,20.08,19.44,20.01,142840,FRT
2019-04-04 07:00:00,20.36,20.47,19.29,19.29,75280,FRT
2019-04-05 07:00:00,18.97,19.65,18.97,19.54,24390,FRT
2019-04-08 07:00:00,20.01,20.01,19.04,19.22,38890,FRT
2019-04-09 07:00:00,19.65,19.65,18.94,19.22,24310,FRT
2019-04-10 07:00:00,19.22,19.22,18.26,18.58,41390,FRT
2019-04-11 07:00:00,18.86,19.01,18.44,19.01,37560,FRT
2019-04-12 07:00:00,18.86,19.65,18.86,19.61,20020,FRT
2019-04-16 07:00:00,19.61,19.61,18.61,19.08,7390,FRT
2019-04-17 07:00:00,19.29,19.47,18.79,18.79,9180,FRT
2019-04-18 07:00:00,19.26,19.26,18.58,18.58,2920,FRT
2019-04-19 07:00:00,19.11,19.11,18.69,18.9,1230,FRT
2019-04-22 07:00:00,18.61,18.61,17.9,18.22,7560,FRT
2019-04-23 07:00:00,18.04,18.4,17.79,18.4,30090,FRT
2019-04-24 07:00:00,18.58,18.58,18.15,18.22,6040,FRT
2019-04-25 07:00:00,18.22,19.29,18.22,18.83,20780,FRT
2019-04-26 07:00:00,19.22,19.22,18.29,18.29,7540,FRT
2019-05-02 07:00:00,18.58,18.9,18.58,18.58,920,FRT
2019-05-03 07:00:00,18.76,18.76,18.58,18.61,3330,FRT
2019-05-06 07:00:00,18.36,18.58,18.22,18.58,7760,FRT
2019-05-07 07:00:00,18.58,18.58,18.22,18.51,6370,FRT
2019-05-08 07:00:00,18.4,18.4,17.86,18.4,4960,FRT
2019-05-09 07:00:00,18.22,18.47,17.86,18.22,20860,FRT
2019-05-10 07:00:00,18.22,18.22,17.36,17.36,33040,FRT
2019-05-13 07:00:00,17.36,17.68,17.01,17.68,17580,FRT
2019-05-14 07:00:00,17.51,18.04,17.15,18.01,5940,FRT
2019-05-15 07:00:00,17.97,18.08,17.51,17.9,5410,FRT
2019-05-16 07:00:00,17.51,17.93,17.51,17.9,8840,FRT
2019-05-17 07:00:00,18.04,18.04,17.58,17.61,4950,FRT
2019-05-20 07:00:00,17.61,17.97,17.61,17.68,7170,FRT
2019-05-21 07:00:00,17.67,17.86,17.65,17.86,15320,FRT
2019-05-22 07:00:00,18.08,18.58,17.9,18.08,27130,FRT
2019-05-23 07:00:00,18.04,18.72,18.04,18.72,41460,FRT
2019-05-24 07:00:00,18.44,18.58,18.22,18.22,14550,FRT
2019-05-27 07:00:00,18.61,18.76,18.15,18.51,89890,FRT
2019-05-28 07:00:00,18.51,18.51,17.97,17.97,78140,FRT
2019-05-29 07:00:00,17.97,18.22,17.86,17.86,42960,FRT
2019-05-30 07:00:00,17.86,18.04,17.72,18.04,55080,FRT
2019-05-31 07:00:00,17.9,18.22,17.9,18.11,22090,FRT
2019-06-03 07:00:00,17.9,18.04,17.65,17.86,15240,FRT
2019-06-04 07:00:00,17.86,17.86,17.68,17.72,12320,FRT
2019-06-05 07:00:00,17.51,17.97,17.51,17.86,61150,FRT
2019-06-06 07:00:00,17.86,17.93,17.86,17.86,6220,FRT
2019-06-07 07:00:00,17.86,18.4,17.86,17.9,54330,FRT
2019-06-10 07:00:00,17.9,18.9,17.72,18.76,79560,FRT
2019-06-11 07:00:00,18.76,18.83,18.58,18.69,62110,FRT
2019-06-12 07:00:00,18.69,19.76,18.69,19.29,565600,FRT
2019-06-13 07:00:00,19.61,19.61,19.11,19.29,79960,FRT
2019-06-14 07:00:00,19.48,19.8,19.33,19.4,45880,FRT
2019-06-17 07:00:00,19.4,19.4,18.78,19.29,88490,FRT
2019-06-18 07:00:00,18.96,19.37,18.93,19.37,45530,FRT
2019-06-19 07:00:00,19.37,19.48,19.11,19.37,120860,FRT
2019-06-20 07:00:00,19.37,20.71,19.33,20.39,139500,FRT
2019-06-21 07:00:00,20.39,21.48,20.39,21.15,127020,FRT
2019-06-24 07:00:00,21.19,21.73,20.93,21.08,103000,FRT
2019-06-25 07:00:00,20.75,20.97,20.75,20.9,120460,FRT
2019-06-26 07:00:00,20.9,21.48,20.71,21.4,163770,FRT
2019-06-27 07:00:00,21.48,21.84,21.22,21.84,112390,FRT
2019-06-28 07:00:00,21.84,23.3,21.4,23.3,141910,FRT
2019-07-01 07:00:00,23.3,23.3,21.84,21.84,52810,FRT
2019-07-02 07:00:00,22.17,22.17,21.8,21.84,45480,FRT
2019-07-03 07:00:00,22.5,22.5,21.8,21.84,65420,FRT
2019-07-04 07:00:00,21.84,21.88,21.15,21.22,43750,FRT
2019-07-05 07:00:00,21.22,21.3,20.57,21.22,48610,FRT
2019-07-08 07:00:00,21.8,21.8,20.68,20.68,17130,FRT
2019-07-09 07:00:00,20.68,20.68,19.73,19.91,40780,FRT
2019-07-10 07:00:00,19.91,20.75,19.91,20.75,54040,FRT
2019-07-11 07:00:00,20.75,21.11,20.39,20.39,79380,FRT
2019-07-12 07:00:00,20.39,20.46,20.28,20.28,14660,FRT
2019-07-15 07:00:00,20.39,20.39,19.91,20.02,30740,FRT
2019-07-16 07:00:00,19.84,20.2,19.55,19.55,27140,FRT
2019-07-17 07:00:00,19.55,19.66,19.4,19.55,23850,FRT
2019-07-18 07:00:00,19.44,20.39,19.4,19.58,17230,FRT
2019-07-19 07:00:00,19.58,20.28,19.58,20.02,10860,FRT
2019-07-22 07:00:00,20.35,20.71,20.02,20.39,87020,FRT
2019-07-23 07:00:00,20.39,20.68,20.39,20.49,40870,FRT
2019-07-24 07:00:00,20.75,20.75,20.35,20.49,26450,FRT
2019-07-25 07:00:00,20.39,20.71,20.31,20.6,28560,FRT
2019-07-26 07:00:00,20.53,20.68,20.02,20.02,30440,FRT
2019-07-29 07:00:00,20.39,20.39,19.98,19.98,25430,FRT
2019-07-30 07:00:00,20.49,20.49,19.73,20.02,25840,FRT
2019-07-31 07:00:00,19.69,20.1,19.69,20.1,55100,FRT
2019-08-01 07:00:00,20.1,20.94,20.1,20.9,113270,FRT
2019-08-02 07:00:00,21.28,21.28,20.73,20.94,32030,FRT
2019-08-05 07:00:00,20.86,21.74,20.82,21.61,157420,FRT
2019-08-06 07:00:00,21.15,21.61,21.15,21.53,64650,FRT
2019-08-07 07:00:00,21.15,21.74,21.28,21.4,17090,FRT
2019-08-08 07:00:00,21.4,21.99,20.94,21.49,89470,FRT
2019-08-09 07:00:00,21.49,22.07,21.49,21.78,101830,FRT
2019-08-12 07:00:00,21.78,21.78,21.28,21.7,17220,FRT
2019-08-13 07:00:00,21.7,21.7,20.73,21.32,122850,FRT
2019-08-14 07:00:00,21.36,21.36,20.61,20.73,58040,FRT
2019-08-15 07:00:00,20.52,20.52,20.15,20.52,38470,FRT
2019-08-16 07:00:00,20.4,21.03,20.31,20.78,102290,FRT
2019-08-19 07:00:00,20.78,21.15,20.78,20.92,36850,FRT
2019-08-20 07:00:00,20.82,20.94,20.69,20.73,35120,FRT
2019-08-21 07:00:00,20.82,20.82,20.1,20.36,47930,FRT
2019-08-22 07:00:00,20.23,20.52,20.13,20.19,24500,FRT
2019-08-23 07:00:00,20.19,20.19,20.02,20.1,26970,FRT
2019-08-26 07:00:00,19.81,19.81,19.14,19.14,66940,FRT
2019-08-27 07:00:00,19.14,19.48,19.08,19.08,21670,FRT
2019-08-28 07:00:00,19.08,19.08,18.26,18.43,59300,FRT
2019-08-29 07:00:00,18.43,18.76,18.43,18.43,52270,FRT
2019-08-30 07:00:00,18.43,18.51,18.2,18.43,69540,FRT
2019-09-03 07:00:00,18.43,19.14,17.17,17.68,41280,FRT
2019-09-04 07:00:00,18.43,17.68,16.75,16.75,59130,FRT
2019-09-05 07:00:00,16.75,17.93,16.75,17.59,112630,FRT
2019-09-06 07:00:00,17.59,17.8,17.26,17.26,52000,FRT
2019-09-09 07:00:00,17.42,17.8,17.38,17.78,30230,FRT
2019-09-10 07:00:00,17.76,17.78,17.51,17.59,70400,FRT
2019-09-11 07:00:00,17.32,17.8,17.32,17.8,77530,FRT
2019-09-12 07:00:00,18.01,18.35,17.42,18.01,91740,FRT
2019-09-13 07:00:00,18.22,19.27,18.22,19.27,243920,FRT
2019-09-16 07:00:00,19.69,20.15,19.52,19.9,114190,FRT
2019-09-17 07:00:00,19.9,19.9,19.27,19.64,64580,FRT
2019-09-18 07:00:00,19.29,19.81,19.29,19.69,66950,FRT
2019-09-19 07:00:00,19.85,19.85,19.31,19.66,69390,FRT
2019-09-20 07:00:00,19.73,19.85,19.66,19.85,58800,FRT
2019-09-23 07:00:00,19.85,20.1,19.48,19.48,33020,FRT
2019-09-24 07:00:00,19.77,19.77,19.27,19.69,69720,FRT
2019-09-25 07:00:00,19.56,19.56,19.06,19.06,27640,FRT
2019-09-26 07:00:00,19.27,19.54,19.06,19.06,31170,FRT
2019-09-27 07:00:00,19.48,19.48,18.97,19.23,39810,FRT
2019-09-30 07:00:00,19.46,19.48,18.97,18.97,50070,FRT
2019-10-01 07:00:00,18.97,19.02,18.39,18.43,60620,FRT
2019-10-02 07:00:00,18.43,18.79,18.35,18.43,15400,FRT
2019-10-03 07:00:00,18.56,18.6,18.37,18.6,33680,FRT
2019-10-04 07:00:00,18.6,18.64,18.32,18.43,28320,FRT
2019-10-07 07:00:00,18.47,18.56,18.24,18.41,24870,FRT
2019-10-08 07:00:00,18.41,18.43,18.11,18.14,23790,FRT
2019-10-09 07:00:00,18.14,18.35,18.07,18.09,54550,FRT
2019-10-10 07:00:00,18.11,18.11,18.01,18.01,34050,FRT
2019-10-11 07:00:00,18.01,18.09,17.97,17.99,12200,FRT
2019-10-14 07:00:00,18.01,18.43,17.97,18.35,55340,FRT
2019-10-15 07:00:00,18.39,18.51,17.97,18.09,35330,FRT
2019-10-16 07:00:00,18.22,18.43,17.8,18.35,42790,FRT
2019-10-17 07:00:00,18.43,18.64,18.35,18.39,43480,FRT
2019-10-18 07:00:00,18.39,18.51,18.22,18.43,21620,FRT
2019-10-21 07:00:00,18.43,18.89,18.43,18.64,38650,FRT
2019-10-22 07:00:00,18.64,18.83,18.18,18.22,24280,FRT
2019-10-23 07:00:00,18.43,18.43,17.89,18.22,21830,FRT
2019-10-24 07:00:00,17.84,18.39,17.84,18.32,41360,FRT
2019-10-25 07:00:00,18.32,18.32,18.03,18.05,7420,FRT
2019-10-28 07:00:00,18.09,18.18,17.8,17.93,27480,FRT
2019-10-29 07:00:00,17.84,17.93,17.09,17.09,124600,FRT
2019-10-30 07:00:00,17.17,17.38,17.09,17.11,20560,FRT
2019-10-31 07:00:00,17.55,17.55,17.11,17.11,30320,FRT
2019-11-01 07:00:00,17.17,17.17,16.13,16.92,113390,FRT
2019-11-04 07:00:00,16.42,17.09,16.42,17.0,40490,FRT
2019-11-05 07:00:00,17.09,17.55,17.09,17.09,110510,FRT
2019-11-06 07:00:00,17.09,17.38,17.05,17.13,39660,FRT
2019-11-07 07:00:00,17.11,17.11,16.63,16.63,137370,FRT
2019-11-08 07:00:00,16.75,16.86,16.63,16.84,12340,FRT
2019-11-11 07:00:00,16.84,17.34,16.84,17.09,62730,FRT
2019-11-12 07:00:00,17.0,17.13,16.84,16.96,20470,FRT
2019-11-13 07:00:00,16.96,16.96,16.44,16.44,70680,FRT
2019-11-14 07:00:00,16.44,16.86,16.34,16.34,58000,FRT
2019-11-15 07:00:00,16.34,16.34,15.5,15.5,73100,FRT
2019-11-18 07:00:00,15.5,15.5,14.43,14.43,110990,FRT
2019-11-19 07:00:00,14.43,14.43,13.42,13.66,142100,FRT
2019-11-20 07:00:00,13.63,14.28,13.61,14.03,57450,FRT
2019-11-21 07:00:00,13.74,13.97,13.74,13.78,44600,FRT
2019-11-22 07:00:00,13.78,13.78,12.9,12.9,121470,FRT
2019-11-25 07:00:00,12.9,12.9,12.0,12.06,187600,FRT
2019-11-26 07:00:00,12.06,12.52,11.66,11.69,206330,FRT
2019-11-27 07:00:00,12.15,12.15,11.69,11.69,130700,FRT
2019-11-28 07:00:00,11.94,11.94,11.64,11.64,152330,FRT
2019-11-29 07:00:00,11.64,11.64,11.2,11.27,239980,FRT
2019-12-02 07:00:00,11.31,11.69,11.27,11.6,44190,FRT
2019-12-03 07:00:00,11.6,11.62,11.41,11.48,80360,FRT
2019-12-04 07:00:00,11.48,11.48,11.27,11.41,91210,FRT
2019-12-05 07:00:00,11.46,11.46,11.14,11.18,67690,FRT
2019-12-06 07:00:00,11.22,11.5,11.18,11.48,30210,FRT
2019-12-09 07:00:00,11.64,12.08,11.62,11.64,95480,FRT
2019-12-10 07:00:00,11.64,11.64,11.33,11.35,42710,FRT
2019-12-11 07:00:00,11.71,11.71,11.33,11.35,46440,FRT
2019-12-12 07:00:00,11.35,11.48,11.33,11.33,98960,FRT
2019-12-13 07:00:00,11.35,11.52,11.33,11.33,142640,FRT
2019-12-16 07:00:00,11.33,11.52,11.33,11.35,40640,FRT
2019-12-17 07:00:00,11.33,11.48,11.16,11.16,83100,FRT
2019-12-18 07:00:00,11.31,11.31,11.1,11.14,57180,FRT
2019-12-19 07:00:00,11.31,11.35,11.16,11.16,98550,FRT
2019-12-20 07:00:00,11.16,11.22,11.14,11.14,54260,FRT
2019-12-23 07:00:00,11.14,11.14,10.47,10.47,110130,FRT
2019-12-24 07:00:00,10.47,10.49,9.74,9.84,103030,FRT
2019-12-25 07:00:00,9.84,10.07,9.8,9.93,69460,FRT
2019-12-26 07:00:00,9.97,10.05,9.63,9.65,130110,FRT
2019-12-27 07:00:00,9.63,9.65,9.42,9.47,62570,FRT
2019-12-30 07:00:00,9.47,9.51,9.38,9.42,69940,FRT
2019-12-31 07:00:00,9.63,9.63,8.82,8.82,156810,FRT
2020-01-02 07:00:00,8.82,9.13,8.82,9.13,45800,FRT
2020-01-03 07:00:00,9.05,9.74,9.05,9.51,25600,FRT
2020-01-06 07:00:00,9.51,9.51,9.13,9.22,53810,FRT
2020-01-07 07:00:00,9.28,9.28,9.13,9.17,39120,FRT
2020-01-08 07:00:00,9.17,9.17,8.9,8.92,54500,FRT
2020-01-09 07:00:00,8.92,8.92,8.63,8.63,81390,FRT
2020-01-10 07:00:00,8.63,8.69,8.17,8.25,364640,FRT
2020-01-13 07:00:00,8.29,8.38,8.29,8.31,27480,FRT
2020-01-14 07:00:00,8.38,8.44,7.96,8.08,194640,FRT
2020-01-15 07:00:00,8.08,8.08,7.52,7.54,239640,FRT
2020-01-16 07:00:00,7.54,7.87,7.46,7.56,251910,FRT
2020-01-17 07:00:00,7.56,7.85,7.56,7.71,216410,FRT
2020-01-20 07:00:00,7.81,7.87,7.66,7.71,119940,FRT
2020-01-21 07:00:00,7.71,7.73,7.6,7.66,326150,FRT
2020-01-22 07:00:00,7.81,7.81,7.64,7.66,262420,FRT
2020-01-30 07:00:00,7.54,7.54,7.14,7.18,400970,FRT
2020-01-31 07:00:00,7.18,7.41,7.14,7.18,549970,FRT
2020-02-03 07:00:00,7.16,7.18,6.78,7.04,205250,FRT
2020-02-04 07:00:00,7.04,7.12,6.91,6.91,136260,FRT
2020-02-05 07:00:00,6.89,7.39,6.89,7.33,639820,FRT
2020-02-06 07:00:00,7.33,7.83,7.33,7.81,414820,FRT
2020-02-07 07:00:00,7.94,8.23,7.92,7.92,424280,FRT
2020-02-10 07:00:00,7.54,7.9,7.46,7.71,212440,FRT
2020-02-11 07:00:00,7.71,7.79,7.37,7.62,305540,FRT
2020-02-12 07:00:00,7.62,7.71,7.41,7.58,270270,FRT
2020-02-13 07:00:00,7.58,8.1,7.58,8.04,542280,FRT
2020-02-14 07:00:00,8.08,8.5,8.08,8.1,235120,FRT
2020-02-17 07:00:00,8.06,8.1,7.83,8.02,146990,FRT
2020-02-18 07:00:00,8.02,8.02,7.83,7.94,225520,FRT
2020-02-19 07:00:00,7.94,8.34,7.92,7.92,561750,FRT
2020-02-20 07:00:00,7.96,8.38,7.9,8.38,429210,FRT
2020-02-21 07:00:00,8.52,8.96,8.38,8.96,630030,FRT
2020-02-24 07:00:00,8.96,9.57,8.63,9.34,1096590,FRT
2020-02-25 07:00:00,9.15,9.42,8.96,9.09,350230,FRT
2020-02-26 07:00:00,9.01,9.55,8.88,9.3,664900,FRT
2020-02-27 07:00:00,9.51,9.78,9.38,9.47,459570,FRT
2020-02-28 07:00:00,9.28,9.34,8.82,8.82,627820,FRT
2020-03-02 07:00:00,8.5,8.82,8.21,8.21,794290,FRT
2020-03-03 07:00:00,8.17,8.48,7.96,8.29,546590,FRT
2020-03-04 07:00:00,8.21,8.29,8.04,8.17,212110,FRT
2020-03-05 07:00:00,8.27,8.5,8.17,8.29,722910,FRT
2020-03-06 07:00:00,8.27,8.86,8.13,8.84,531260,FRT
2020-03-09 07:00:00,8.34,8.5,8.23,8.23,431440,FRT
2020-03-10 07:00:00,7.71,8.21,7.66,7.96,438940,FRT
2020-03-11 07:00:00,7.96,8.13,7.41,7.41,616670,FRT
2020-03-12 07:00:00,6.91,7.12,6.91,6.91,400950,FRT
2020-03-13 07:00:00,6.43,6.78,6.43,6.53,529860,FRT
2020-03-16 07:00:00,6.62,6.62,6.16,6.28,291300,FRT
2020-03-17 07:00:00,5.99,6.26,5.91,6.2,216010,FRT
2020-03-18 07:00:00,6.2,6.53,6.2,6.45,182730,FRT
2020-03-19 07:00:00,6.28,6.35,6.07,6.09,259490,FRT
2020-03-20 07:00:00,6.28,6.28,5.95,5.95,214110,FRT
2020-03-23 07:00:00,5.59,5.86,5.55,5.55,280390,FRT
2020-03-24 07:00:00,5.28,5.44,5.17,5.32,311670,FRT
2020-03-25 07:00:00,5.53,5.53,5.24,5.36,210860,FRT
2020-03-26 07:00:00,5.36,5.36,5.0,5.0,351680,FRT
2020-03-27 07:00:00,4.98,5.11,4.67,4.67,454180,FRT
2020-03-30 07:00:00,4.48,4.61,4.36,4.4,250210,FRT
2020-03-31 07:00:00,4.48,4.69,4.4,4.67,259760,FRT
2020-04-01 07:00:00,4.75,4.98,4.61,4.98,147630,FRT
2020-04-03 07:00:00,5.26,5.32,5.24,5.32,352350,FRT
2020-04-06 07:00:00,5.68,5.68,5.68,5.68,453350,FRT
2020-04-07 07:00:00,6.05,6.05,5.91,6.05,768130,FRT
2020-04-08 07:00:00,6.2,6.41,5.95,6.28,671200,FRT
2020-04-09 07:00:00,6.28,6.64,6.28,6.64,506710,FRT
2020-04-10 07:00:00,6.66,6.66,6.28,6.28,617040,FRT
2020-04-13 07:00:00,6.28,6.47,6.07,6.28,355070,FRT
2020-04-14 07:00:00,6.28,6.37,5.95,6.05,383040,FRT
2020-04-15 07:00:00,6.26,6.47,6.14,6.47,741410,FRT
2020-04-16 07:00:00,6.74,6.91,6.7,6.91,782750,FRT
2020-04-17 07:00:00,7.39,7.39,7.39,7.39,189040,FRT
2020-04-20 07:00:00,7.9,7.9,7.9,7.9,200540,FRT
2020-04-21 07:00:00,7.96,8.44,7.35,7.92,3081790,FRT
2020-04-22 07:00:00,7.46,8.46,7.46,8.46,763260,FRT
2020-04-23 07:00:00,9.05,9.05,9.05,9.05,202070,FRT
2020-04-24 07:00:00,9.22,9.68,9.05,9.68,1874820,FRT
2020-04-27 07:00:00,10.35,10.35,9.13,9.51,1585880,FRT
2020-04-28 07:00:00,9.51,9.59,8.86,8.86,1052020,FRT
2020-04-29 07:00:00,8.9,9.22,8.29,8.9,863970,FRT
2020-05-04 07:00:00,8.46,8.8,8.29,8.29,793320,FRT
2020-05-05 07:00:00,8.04,8.5,8.04,8.29,429680,FRT
2020-05-06 07:00:00,8.42,8.42,7.96,8.38,662280,FRT
2020-05-07 07:00:00,8.5,8.88,8.5,8.73,714630,FRT
2020-05-08 07:00:00,8.88,8.88,8.59,8.59,773140,FRT
2020-05-11 07:00:00,8.52,8.73,8.46,8.52,1075550,FRT
2020-05-12 07:00:00,8.52,8.61,8.4,8.52,727730,FRT
2020-05-13 07:00:00,8.52,9.11,8.46,9.11,1705810,FRT
2020-05-14 07:00:00,9.42,9.74,9.32,9.42,1693300,FRT
2020-05-15 07:00:00,9.42,9.63,9.01,9.05,773060,FRT
2020-05-18 07:00:00,9.01,9.3,8.71,9.11,877700,FRT
2020-05-19 07:00:00,9.26,9.38,9.09,9.17,1219380,FRT
2020-05-20 07:00:00,9.17,9.8,9.07,9.8,2178110,FRT
2020-05-21 07:00:00,10.14,10.47,10.05,10.47,1689040,FRT
2020-05-22 07:00:00,10.51,10.89,10.43,10.47,1546590,FRT
2020-05-25 07:00:00,10.35,11.2,10.01,11.2,1898420,FRT
2020-05-26 07:00:00,11.44,11.83,11.25,11.44,1335350,FRT
2020-05-27 07:00:00,11.44,11.52,10.64,10.64,2269610,FRT
2020-05-28 07:00:00,10.6,10.85,10.14,10.43,1297870,FRT
2020-05-29 07:00:00,10.39,11.14,10.22,10.97,1169940,FRT
2020-06-01 07:00:00,11.18,11.39,11.08,11.1,1090850,FRT
2020-06-02 07:00:00,11.08,11.08,10.7,10.7,1442790,FRT
2020-06-03 07:00:00,10.7,11.04,10.47,10.97,1262910,FRT
2020-06-04 07:00:00,11.02,11.08,10.68,10.76,1053650,FRT
2020-06-05 07:00:00,10.76,11.5,10.58,11.5,2363450,FRT
2020-06-08 07:00:00,11.77,12.13,11.56,11.73,1397290,FRT
2020-06-09 07:00:00,11.73,11.94,11.46,11.48,1124260,FRT
2020-06-10 07:00:00,11.33,11.85,11.16,11.62,1583200,FRT
2020-06-11 07:00:00,11.62,12.0,10.83,10.83,2198340,FRT
2020-06-12 07:00:00,10.07,10.76,10.07,10.76,1362720,FRT
2020-06-15 07:00:00,10.76,11.02,10.03,10.03,1389690,FRT
2020-06-16 07:00:00,10.16,10.37,9.42,10.22,1210890,FRT
2020-06-17 07:00:00,10.24,10.26,9.84,10.12,543500,FRT
2020-06-18 07:00:00,10.09,10.09,9.84,9.97,350840,FRT
2020-06-19 07:00:00,9.99,10.56,9.99,10.47,1063310,FRT
2020-06-22 07:00:00,10.6,10.81,10.53,10.68,643150,FRT
2020-06-23 07:00:00,10.6,10.74,10.18,10.53,533370,FRT
2020-06-24 07:00:00,10.51,10.53,10.09,10.09,773200,FRT
2020-06-25 07:00:00,10.05,10.16,9.68,10.05,451900,FRT
2020-06-26 07:00:00,10.26,10.28,9.93,9.93,417210,FRT
2020-06-29 07:00:00,9.84,9.84,9.24,9.34,1046750,FRT
2020-06-30 07:00:00,9.44,9.63,8.84,9.22,491930,FRT
2020-07-01 07:00:00,9.09,9.84,9.09,9.84,739900,FRT
2020-07-02 07:00:00,9.84,10.14,9.8,9.91,423870,FRT
2020-07-03 07:00:00,9.97,10.05,9.74,9.82,311980,FRT
2020-07-06 07:00:00,9.93,10.35,9.72,10.16,671350,FRT
2020-07-07 07:00:00,10.3,10.39,10.05,10.05,660910,FRT
2020-07-08 07:00:00,10.05,10.24,10.01,10.14,417170,FRT
2020-07-09 07:00:00,10.05,10.26,10.01,10.26,623010,FRT
2020-07-10 07:00:00,10.24,10.39,10.05,10.14,550270,FRT
2020-07-13 07:00:00,10.14,10.35,10.05,10.18,398470,FRT
2020-07-14 07:00:00,10.14,10.28,10.05,10.18,481320,FRT
2020-07-15 07:00:00,10.26,10.64,10.18,10.64,1558740,FRT
2020-07-16 07:00:00,10.7,10.93,10.7,10.81,961950,FRT
2020-07-17 07:00:00,10.78,11.04,10.68,10.76,629200,FRT
2020-07-20 07:00:00,10.68,10.74,10.24,10.24,993570,FRT
2020-07-21 07:00:00,10.24,10.41,10.18,10.39,595920,FRT
2020-07-22 07:00:00,10.47,10.56,10.26,10.43,429340,FRT
2020-07-23 07:00:00,10.39,10.43,10.22,10.35,372790,FRT
2020-07-24 07:00:00,10.26,10.26,9.63,9.63,1392750,FRT
2020-07-27 07:00:00,8.96,9.32,8.96,8.96,781940,FRT
2020-07-28 07:00:00,8.88,9.47,8.67,9.4,901910,FRT
2020-07-29 07:00:00,9.01,9.05,8.75,8.75,903710,FRT
2020-07-30 07:00:00,8.9,9.13,8.75,8.9,323840,FRT
2020-07-31 07:00:00,8.54,8.84,8.48,8.54,611830,FRT
2020-08-03 07:00:00,8.42,8.88,8.42,8.8,528710,FRT
2020-08-04 07:00:00,9.01,9.17,8.96,9.01,437260,FRT
2020-08-05 07:00:00,9.01,9.15,8.88,9.15,443320,FRT
2020-08-06 07:00:00,9.15,9.17,9.01,9.01,486580,FRT
2020-08-07 07:00:00,9.01,9.17,8.96,9.05,425340,FRT
2020-08-10 07:00:00,9.09,9.63,9.05,9.55,670620,FRT
2020-08-11 07:00:00,9.55,9.72,9.47,9.51,505470,FRT
2020-08-12 07:00:00,9.51,9.55,9.34,9.42,367750,FRT
2020-08-13 07:00:00,9.51,9.63,9.44,9.53,337190,FRT
2020-08-14 07:00:00,9.63,9.82,9.55,9.59,897040,FRT
2020-08-17 07:00:00,9.63,9.68,9.22,9.49,529100,FRT
2020-08-18 07:00:00,9.49,9.76,9.49,9.61,217140,FRT
2020-08-19 07:00:00,9.61,9.76,9.59,9.68,504420,FRT
2020-08-20 07:00:00,9.72,9.74,9.57,9.63,304190,FRT
2020-08-21 07:00:00,9.72,9.72,9.57,9.7,398740,FRT
2020-08-24 07:00:00,9.72,10.32,9.72,10.32,1249010,FRT
2020-08-25 07:00:00,10.37,10.6,10.22,10.26,722290,FRT
2020-08-26 07:00:00,10.26,10.26,10.05,10.22,653910,FRT
2020-08-27 07:00:00,10.44,10.44,10.22,10.33,657700,FRT
2020-08-28 07:00:00,10.46,10.7,10.35,10.53,956100,FRT
2020-08-31 07:00:00,10.53,10.7,10.31,10.4,516170,FRT
2020-09-01 07:00:00,10.31,10.57,10.26,10.46,703490,FRT
2020-09-03 07:00:00,10.48,10.55,10.37,10.4,528970,FRT
2020-09-04 07:00:00,10.04,10.4,10.04,10.22,673930,FRT
2020-09-07 07:00:00,10.22,10.33,10.04,10.04,644170,FRT
2020-09-08 07:00:00,10.04,10.2,9.94,10.2,482070,FRT
2020-09-09 07:00:00,10.04,10.26,10.04,10.26,225680,FRT
2020-09-10 07:00:00,10.48,10.74,10.35,10.68,1759610,FRT
2020-09-11 07:00:00,10.68,10.7,10.53,10.53,482110,FRT
2020-09-14 07:00:00,10.53,11.03,10.53,10.96,1407980,FRT
2020-09-15 07:00:00,10.96,11.05,10.72,10.83,773140,FRT
2020-09-16 07:00:00,10.92,11.01,10.83,10.96,630940,FRT
2020-09-17 07:00:00,10.98,10.98,10.68,10.88,863830,FRT
2020-09-18 07:00:00,10.83,10.9,10.83,10.88,374600,FRT
2020-09-21 07:00:00,10.94,11.36,10.92,11.05,1352890,FRT
2020-09-22 07:00:00,10.9,11.14,10.9,11.05,807490,FRT
2020-09-23 07:00:00,11.05,11.27,11.05,11.05,493470,FRT
2020-09-24 07:00:00,10.92,11.09,10.74,10.77,1116140,FRT
2020-09-25 07:00:00,10.81,10.88,10.59,10.66,756710,FRT
2020-09-28 07:00:00,10.79,10.81,10.59,10.64,480890,FRT
2020-09-29 07:00:00,10.64,10.7,10.4,10.4,768700,FRT
2020-09-30 07:00:00,10.4,10.48,10.31,10.48,560360,FRT
2020-10-01 07:00:00,10.48,10.64,10.48,10.57,292600,FRT
2020-10-02 07:00:00,10.61,10.72,10.31,10.53,644280,FRT
2020-10-05 07:00:00,10.66,10.66,10.46,10.5,434310,FRT
2020-10-06 07:00:00,10.53,10.68,10.48,10.68,630260,FRT
2020-10-07 07:00:00,10.7,11.14,10.7,10.94,1545270,FRT
2020-10-08 07:00:00,10.98,11.03,10.68,10.74,422260,FRT
2020-10-09 07:00:00,10.7,10.79,10.48,10.68,460110,FRT
2020-10-12 07:00:00,10.7,10.81,10.31,10.31,916090,FRT
2020-10-13 07:00:00,10.44,10.53,10.26,10.44,496240,FRT
2020-10-14 07:00:00,10.53,10.53,10.33,10.35,437850,FRT
2020-10-15 07:00:00,10.35,10.4,10.09,10.18,812630,FRT
2020-10-16 07:00:00,10.18,10.42,10.11,10.31,355910,FRT
2020-10-19 07:00:00,10.31,10.31,10.15,10.22,243770,FRT
2020-10-20 07:00:00,10.22,10.24,10.0,10.09,547670,FRT
2020-10-21 07:00:00,10.04,10.22,10.04,10.07,504460,FRT
2020-10-22 07:00:00,10.09,10.18,10.04,10.09,139600,FRT
2020-10-23 07:00:00,10.13,10.24,10.13,10.22,323350,FRT
2020-10-26 07:00:00,10.26,10.26,10.0,10.0,391240,FRT
2020-10-27 07:00:00,10.0,10.02,9.65,9.65,538110,FRT
2020-10-28 07:00:00,9.39,9.7,9.17,9.22,594300,FRT
2020-10-29 07:00:00,9.04,9.37,9.02,9.26,476710,FRT
2020-10-30 07:00:00,9.26,9.26,9.06,9.11,377080,FRT
2020-11-02 07:00:00,9.08,9.17,9.08,9.17,157280,FRT
2020-11-03 07:00:00,9.39,9.65,9.24,9.61,318620,FRT
2020-11-04 07:00:00,9.61,9.83,9.61,9.74,219590,FRT
2020-11-05 07:00:00,9.74,9.83,9.59,9.78,423050,FRT
2020-11-06 07:00:00,9.61,9.78,9.61,9.72,142010,FRT
2020-11-09 07:00:00,9.72,9.94,9.72,9.87,247520,FRT
2020-11-10 07:00:00,9.94,10.0,9.78,9.78,236010,FRT
2020-11-11 07:00:00,9.78,9.89,9.72,9.83,195520,FRT
2020-11-12 07:00:00,9.96,10.22,9.83,10.11,496510,FRT
2020-11-13 07:00:00,10.22,10.22,10.0,10.02,284390,FRT
2020-11-16 07:00:00,10.02,10.13,9.32,9.65,758280,FRT
2020-11-17 07:00:00,9.74,9.83,9.65,9.8,416370,FRT
2020-11-18 07:00:00,9.8,9.85,9.63,9.7,507300,FRT
2020-11-19 07:00:00,9.7,9.91,9.63,9.87,554890,FRT
2020-11-20 07:00:00,9.96,10.02,9.78,9.91,351500,FRT
2020-11-23 07:00:00,9.89,10.0,9.76,9.78,517710,FRT
2020-11-24 07:00:00,9.78,9.96,9.72,9.78,1216220,FRT
2020-11-25 07:00:00,9.91,9.91,9.7,9.7,561330,FRT
2020-11-26 07:00:00,9.76,9.8,9.67,9.7,429540,FRT
2020-11-27 07:00:00,9.74,9.78,9.7,9.7,392140,FRT
2020-11-30 07:00:00,9.78,10.37,9.78,10.37,3842830,FRT
2020-12-01 07:00:00,10.66,10.96,10.55,10.61,3069250,FRT
2020-12-02 07:00:00,10.61,10.79,10.48,10.5,988630,FRT
2020-12-03 07:00:00,10.48,11.22,10.46,11.22,4377080,FRT
2020-12-04 07:00:00,11.36,11.75,11.05,11.2,1721770,FRT
2020-12-07 07:00:00,11.25,11.57,11.25,11.36,1485750,FRT
2020-12-08 07:00:00,11.36,11.36,11.05,11.2,1942660,FRT
2020-12-09 07:00:00,11.22,11.57,11.22,11.27,1936630,FRT
2020-12-10 07:00:00,11.36,11.36,10.92,10.92,2241020,FRT
2020-12-11 07:00:00,11.05,11.14,10.77,11.12,2141340,FRT
2020-12-14 07:00:00,11.27,11.88,11.16,11.88,4176460,FRT
2020-12-15 07:00:00,11.88,12.25,11.51,11.7,4190310,FRT
2020-12-16 07:00:00,11.79,12.45,11.75,12.3,3612500,FRT
2020-12-17 07:00:00,12.18,12.88,12.14,12.45,3649450,FRT
2020-12-18 07:00:00,12.51,12.73,12.25,12.67,3063530,FRT
2020-12-21 07:00:00,12.75,13.06,12.49,12.71,3266210,FRT
2020-12-22 07:00:00,12.71,12.82,12.49,12.62,2618660,FRT
2020-12-23 07:00:00,12.67,13.32,12.45,12.75,3123300,FRT
2020-12-24 07:00:00,12.75,13.02,12.01,12.8,2844200,FRT
2020-12-25 07:00:00,12.88,13.69,12.86,13.69,4318930,FRT
2020-12-28 07:00:00,14.19,14.54,13.69,14.37,3126960,FRT
2020-12-29 07:00:00,14.28,14.54,13.98,14.24,1924500,FRT
2020-12-30 07:00:00,14.08,14.48,13.8,13.98,3619030,FRT
2020-12-31 07:00:00,13.98,14.28,13.84,13.98,1780550,FRT
2021-01-04 07:00:00,14.06,14.37,14.06,14.11,1591800,FRT
2021-01-05 07:00:00,13.98,14.76,13.93,14.28,2391600,FRT
2021-01-06 07:00:00,14.46,14.54,14.15,14.19,2525900,FRT
2021-01-07 07:00:00,14.19,15.0,14.0,14.98,3163300,FRT
2021-01-08 07:00:00,14.98,15.07,14.68,14.83,2531800,FRT
2021-01-11 07:00:00,14.83,15.05,14.63,14.92,1875400,FRT
2021-01-12 07:00:00,14.92,14.96,14.63,14.94,1629000,FRT
2021-01-13 07:00:00,15.18,15.4,14.94,14.98,2459600,FRT
2021-01-14 07:00:00,15.2,15.24,14.85,14.96,1277200,FRT
2021-01-15 07:00:00,14.96,15.24,14.81,14.81,1573900,FRT
2021-01-18 07:00:00,14.85,15.5,14.37,15.0,3107300,FRT
2021-01-19 07:00:00,15.0,15.46,13.95,13.95,2406400,FRT
2021-01-20 07:00:00,13.98,14.19,12.99,13.67,1924400,FRT
2021-01-21 07:00:00,13.98,14.54,13.63,14.37,1604900,FRT
2021-01-22 07:00:00,14.37,14.76,14.0,14.28,1475400,FRT
2021-01-25 07:00:00,14.28,14.7,14.04,14.28,1131500,FRT
2021-01-26 07:00:00,14.24,14.24,13.3,13.32,1818900,FRT
2021-01-27 07:00:00,13.23,13.32,12.4,12.4,2225200,FRT
2021-01-28 07:00:00,11.55,11.55,11.55,11.55,675200,FRT
2021-01-29 07:00:00,10.74,12.01,10.74,11.44,2478800,FRT
2021-02-01 07:00:00,11.38,11.57,10.66,10.66,2543500,FRT
2021-02-02 07:00:00,10.07,10.92,9.94,10.57,2015200,FRT
2021-02-03 07:00:00,10.92,11.29,10.57,11.29,1187500,FRT
2021-02-04 07:00:00,11.53,11.99,11.36,11.7,1648100,FRT
2021-02-05 07:00:00,11.7,12.01,11.53,11.79,938100,FRT
2021-02-08 07:00:00,11.84,11.86,10.98,11.31,1833600,FRT
2021-02-09 07:00:00,11.31,11.57,10.88,11.49,1217600,FRT
2021-02-17 07:00:00,11.53,12.21,11.53,12.21,1211100,FRT
2021-02-18 07:00:00,12.23,12.45,12.1,12.32,1353000,FRT
2021-02-19 07:00:00,12.32,13.02,12.14,12.73,1686300,FRT
2021-02-22 07:00:00,13.02,13.08,12.64,12.82,1566600,FRT
2021-02-23 07:00:00,12.73,12.93,12.62,12.69,1274700,FRT
2021-02-24 07:00:00,12.71,12.84,11.81,12.4,1976300,FRT
2021-02-25 07:00:00,12.54,12.58,12.01,12.25,1280200,FRT
2021-02-26 07:00:00,12.01,12.54,11.97,12.23,929400,FRT
2021-03-01 07:00:00,12.45,12.47,12.27,12.43,992000,FRT
2021-03-02 07:00:00,12.67,12.88,12.43,12.67,2449700,FRT
2021-03-03 07:00:00,12.67,12.69,12.45,12.54,1346400,FRT
2021-03-04 07:00:00,12.58,12.62,12.01,12.14,1403100,FRT
2021-03-05 07:00:00,12.01,12.18,11.75,12.1,1268900,FRT
2021-03-08 07:00:00,12.45,12.45,12.1,12.14,1346700,FRT
2021-03-09 07:00:00,12.08,12.23,11.9,12.05,1236000,FRT
2021-03-10 07:00:00,12.05,12.45,12.01,12.32,1692900,FRT
2021-03-11 07:00:00,12.62,12.73,12.43,12.62,1944100,FRT
2021-03-12 07:00:00,12.71,12.84,12.45,12.62,1482700,FRT
2021-03-15 07:00:00,12.67,12.71,12.43,12.47,1808700,FRT
2021-03-16 07:00:00,12.47,12.47,12.23,12.36,1237600,FRT
2021-03-17 07:00:00,12.6,13.21,12.54,13.21,5340300,FRT
2021-03-18 07:00:00,13.65,13.76,13.26,13.28,2447300,FRT
2021-03-19 07:00:00,13.28,13.5,13.1,13.28,1563100,FRT
2021-03-22 07:00:00,13.19,13.5,13.1,13.21,2277200,FRT
2021-03-23 07:00:00,13.19,13.93,13.06,13.47,3562500,FRT
2021-03-24 07:00:00,13.23,14.19,13.1,13.76,4331100,FRT
2021-03-25 07:00:00,14.08,14.13,13.45,13.6,2080100,FRT
2021-03-26 07:00:00,13.28,13.54,12.67,13.1,3237300,FRT
2021-03-29 07:00:00,13.1,13.36,12.99,13.32,1971000,FRT
2021-03-30 07:00:00,13.32,13.41,13.08,13.21,1460500,FRT
2021-03-31 07:00:00,13.1,13.67,13.1,13.3,1673400,FRT
2021-04-01 07:00:00,13.36,13.58,13.28,13.43,2036400,FRT
2021-04-02 07:00:00,13.67,13.76,13.41,13.5,1759100,FRT
2021-04-05 07:00:00,13.58,13.63,13.36,13.5,1408000,FRT
2021-04-06 07:00:00,13.5,13.93,13.32,13.69,2362700,FRT
2021-04-07 07:00:00,13.82,14.24,13.78,14.19,2913400,FRT
2021-04-08 07:00:00,14.19,14.32,13.89,14.19,1396200,FRT
2021-04-09 07:00:00,13.98,14.17,13.95,14.11,1601800,FRT
2021-04-12 07:00:00,13.98,14.11,13.76,13.93,2217300,FRT
2021-04-13 07:00:00,14.0,14.0,13.32,13.32,2111500,FRT
2021-04-14 07:00:00,13.19,13.5,12.93,13.41,1557000,FRT
2021-04-15 07:00:00,13.5,13.5,13.02,13.02,1535700,FRT
2021-04-16 07:00:00,12.67,13.02,12.23,12.51,2199000,FRT
2021-04-19 07:00:00,12.58,12.86,12.4,12.8,1224600,FRT
2021-04-20 07:00:00,12.97,12.97,12.67,12.84,1210100,FRT
2021-04-22 07:00:00,12.8,12.8,12.23,12.23,1394400,FRT
2021-04-23 07:00:00,12.14,12.36,11.79,12.36,1063300,FRT
2021-04-26 07:00:00,12.38,12.43,11.7,11.7,1719100,FRT
2021-04-27 07:00:00,11.7,11.99,11.57,11.7,899800,FRT
2021-04-28 07:00:00,11.77,12.1,11.77,11.9,507500,FRT
2021-04-29 07:00:00,11.97,12.14,11.79,11.79,592000,FRT
2021-05-04 07:00:00,11.57,11.79,11.36,11.75,855800,FRT
2021-05-05 07:00:00,11.79,12.49,11.79,12.25,1067800,FRT
2021-05-06 07:00:00,12.23,12.45,12.01,12.05,691200,FRT
2021-05-07 07:00:00,11.86,12.08,11.84,11.84,936200,FRT
2021-05-10 07:00:00,11.4,11.7,11.4,11.64,1113100,FRT
2021-05-11 07:00:00,11.66,12.05,11.64,11.79,841500,FRT
2021-05-12 07:00:00,11.79,12.01,11.79,11.92,486200,FRT
2021-05-13 07:00:00,11.92,11.92,11.73,11.73,852600,FRT
2021-05-14 07:00:00,11.73,11.86,11.7,11.77,830400,FRT
2021-05-17 07:00:00,11.75,11.77,11.57,11.6,818900,FRT
2021-05-18 07:00:00,11.7,11.7,11.25,11.31,1280400,FRT
2021-05-19 07:00:00,11.18,11.33,10.94,10.98,1234700,FRT
2021-05-20 07:00:00,10.9,11.01,10.55,10.61,1427600,FRT
2021-05-21 07:00:00,10.61,11.36,10.5,11.27,1126500,FRT
2021-05-24 07:00:00,11.27,11.57,11.18,11.29,776800,FRT
2021-05-25 07:00:00,11.22,11.44,11.05,11.36,941800,FRT
2021-05-26 07:00:00,11.31,11.36,11.09,11.25,930400,FRT
2021-05-27 07:00:00,11.25,11.36,10.88,10.96,986200,FRT
2021-05-28 07:00:00,10.96,11.05,10.83,10.96,1069700,FRT
2021-05-31 07:00:00,10.96,11.05,10.83,10.88,874600,FRT
2021-06-01 07:00:00,10.85,10.85,10.48,10.74,838900,FRT
2021-06-02 07:00:00,10.77,11.09,10.77,10.94,865100,FRT
2021-06-03 07:00:00,11.14,11.36,11.07,11.22,1240300,FRT
2021-06-04 07:00:00,11.36,11.57,11.31,11.36,1157200,FRT
2021-06-07 07:00:00,11.36,11.49,11.18,11.31,903300,FRT
2021-06-08 07:00:00,11.53,11.68,11.31,11.31,1670100,FRT
2021-06-09 07:00:00,11.4,11.44,11.09,11.27,707400,FRT
2021-06-10 07:00:00,11.22,11.36,11.14,11.27,809900,FRT
2021-06-11 07:00:00,11.22,11.55,11.22,11.44,1275300,FRT
2021-06-14 07:00:00,11.51,12.01,11.51,11.84,1906300,FRT
2021-06-15 07:00:00,12.01,12.4,11.9,12.23,2006000,FRT
2021-06-16 07:00:00,12.23,12.23,11.81,11.97,1038300,FRT
2021-06-17 07:00:00,11.79,12.21,11.66,12.14,1095400,FRT
2021-06-18 07:00:00,12.23,12.67,12.14,12.49,2428300,FRT
2021-06-21 07:00:00,12.51,12.51,12.14,12.23,1191300,FRT
2021-06-22 07:00:00,12.3,12.34,12.16,12.18,827400,FRT
2021-06-23 07:00:00,12.23,12.23,11.81,11.88,1517900,FRT
2021-06-24 07:00:00,11.79,11.88,11.6,11.64,951900,FRT
2021-06-25 07:00:00,11.62,12.01,11.62,11.75,460100,FRT
2021-06-28 07:00:00,11.7,12.21,11.53,12.08,1210700,FRT
2021-06-29 07:00:00,12.14,12.18,11.99,12.01,934200,FRT
2021-06-30 07:00:00,12.05,12.05,11.79,11.84,436400,FRT
2021-07-01 07:00:00,11.84,12.1,11.79,12.03,874300,FRT
2021-07-02 07:00:00,12.03,12.12,11.97,12.01,1061800,FRT
2021-07-05 07:00:00,12.14,12.84,12.14,12.84,4190200,FRT
2021-07-06 07:00:00,13.19,13.32,11.94,11.94,2313200,FRT
2021-07-07 07:00:00,12.23,12.78,11.84,12.78,1871400,FRT
2021-07-08 07:00:00,13.06,13.06,12.58,12.62,2538600,FRT
2021-07-09 07:00:00,12.45,13.21,12.45,12.71,3576300,FRT
2021-07-12 07:00:00,12.84,13.43,12.58,13.17,4518900,FRT
2021-07-13 07:00:00,13.54,13.67,13.23,13.52,2130500,FRT
2021-07-14 07:00:00,13.32,13.54,12.62,12.88,2669000,FRT
2021-07-15 07:00:00,12.67,13.19,12.67,12.88,1839100,FRT
2021-07-16 07:00:00,12.93,13.43,12.8,13.28,3133600,FRT
2021-07-19 07:00:00,12.93,13.76,12.93,13.41,4585000,FRT
2021-07-20 07:00:00,13.67,13.67,13.23,13.26,2082800,FRT
2021-07-21 07:00:00,13.28,14.17,13.19,14.04,4276800,FRT
2021-07-22 07:00:00,14.15,14.83,14.06,14.63,3807700,FRT
2021-07-23 07:00:00,14.54,15.22,14.19,14.76,3779200,FRT
2021-07-26 07:00:00,14.89,15.79,14.76,15.79,5466800,FRT
2021-07-27 07:00:00,16.07,16.25,15.55,15.79,5080400,FRT
2021-07-28 07:00:00,15.57,15.72,15.2,15.29,4231000,FRT
2021-07-29 07:00:00,15.37,16.36,15.22,16.36,4458800,FRT
2021-07-30 07:00:00,16.55,16.82,16.36,16.36,3453800,FRT
2021-08-02 07:00:00,16.16,16.9,15.96,16.51,3504500,FRT
2021-08-03 07:00:00,16.44,16.77,16.27,16.55,3300400,FRT
2021-08-04 07:00:00,16.58,16.73,16.34,16.44,3038200,FRT
2021-08-05 07:00:00,16.36,16.44,16.16,16.31,2839600,FRT
2021-08-06 07:00:00,16.31,17.43,16.31,16.99,4607500,FRT
2021-08-09 07:00:00,16.99,17.34,16.84,17.16,2368400,FRT
2021-08-10 07:00:00,17.21,17.99,16.99,17.82,3581700,FRT
2021-08-11 07:00:00,17.91,18.61,17.69,18.12,3390000,FRT
2021-08-12 07:00:00,18.08,18.56,17.47,17.82,3528800,FRT
2021-08-13 07:00:00,17.56,18.34,17.25,18.34,4618300,FRT
2021-08-16 07:00:00,18.34,18.74,17.91,18.34,2135300,FRT
2021-08-17 07:00:00,18.34,19.13,17.99,18.95,3187400,FRT
2021-08-18 07:00:00,18.61,19.11,18.56,18.78,1890400,FRT
2021-08-19 07:00:00,18.56,18.78,18.48,18.61,1636500,FRT
2021-08-20 07:00:00,18.48,18.74,17.38,17.45,4557100,FRT
2021-08-23 07:00:00,17.25,17.43,16.51,16.51,3517500,FRT
2021-08-24 07:00:00,16.51,17.25,16.38,17.21,2385900,FRT
2021-08-25 07:00:00,17.25,17.25,16.68,17.03,1163500,FRT
2021-08-26 07:00:00,16.9,17.67,16.9,17.25,1854400,FRT
2021-08-27 07:00:00,16.99,17.86,16.86,17.86,2033100,FRT
2021-08-30 07:00:00,18.26,18.26,17.95,18.08,1972100,FRT
2021-08-31 07:00:00,18.08,18.32,17.69,17.99,2560700,FRT
2021-09-01 07:00:00,17.91,18.56,17.73,18.48,3082500,FRT
2021-09-06 07:00:00,18.95,19.0,18.65,18.72,1571400,FRT
2021-09-07 07:00:00,18.72,18.78,17.91,17.91,2611200,FRT
2021-09-08 07:00:00,17.86,17.99,17.25,17.43,2467600,FRT
2021-09-09 07:00:00,17.3,17.91,17.3,17.89,1415800,FRT
2021-09-10 07:00:00,17.99,18.08,17.69,17.84,1213600,FRT
2021-09-13 07:00:00,17.91,19.09,17.86,19.09,5845200,FRT
2021-09-14 07:00:00,19.65,20.31,19.43,19.92,3390400,FRT
2021-09-15 07:00:00,19.92,20.44,19.43,19.96,1761400,FRT
2021-09-16 07:00:00,19.98,20.53,19.65,20.0,2753100,FRT
2021-09-17 07:00:00,20.02,20.7,20.02,20.53,2318600,FRT
2021-09-20 07:00:00,20.66,20.92,19.61,19.65,2556800,FRT
2021-09-21 07:00:00,19.22,20.29,19.22,20.29,2681400,FRT
2021-09-22 07:00:00,20.29,20.46,19.74,20.05,1521000,FRT
2021-09-23 07:00:00,20.05,20.31,19.76,19.89,1519000,FRT
2021-09-24 07:00:00,19.94,20.09,19.22,19.22,1857100,FRT
2021-09-27 07:00:00,19.22,20.0,19.22,19.22,1862300,FRT
2021-09-28 07:00:00,19.43,19.78,19.2,19.65,1039800,FRT
2021-09-29 07:00:00,19.57,20.0,19.3,19.83,919600,FRT
2021-09-30 07:00:00,20.05,20.92,20.0,20.77,3730500,FRT
2021-10-01 07:00:00,20.88,21.4,20.7,20.77,1736100,FRT
2021-10-04 07:00:00,20.62,21.1,20.35,20.53,1272600,FRT
2021-10-05 07:00:00,20.44,20.96,20.42,20.51,1534300,FRT
2021-10-06 07:00:00,20.7,21.14,20.31,20.77,1583300,FRT
2021-10-07 07:00:00,20.94,21.23,20.92,21.18,1492100,FRT
2021-10-08 07:00:00,21.23,21.23,20.79,20.96,1390500,FRT
2021-10-11 07:00:00,20.94,20.94,20.48,20.66,2131600,FRT
2021-10-12 07:00:00,20.57,20.96,20.48,20.77,1282600,FRT
2021-10-13 07:00:00,20.88,20.88,20.48,20.48,1262900,FRT
2021-10-14 07:00:00,20.44,20.88,20.44,20.53,989600,FRT
2021-10-15 07:00:00,20.57,21.23,20.53,20.83,2016500,FRT
2021-10-18 07:00:00,20.88,20.94,20.55,20.62,981300,FRT
2021-10-19 07:00:00,20.62,20.62,20.46,20.51,722600,FRT
2021-10-20 07:00:00,20.51,20.51,19.78,20.09,2201200,FRT
2021-10-21 07:00:00,20.09,20.7,19.92,20.7,1273100,FRT
2021-10-22 07:00:00,20.7,21.1,20.53,20.83,1360900,FRT
2021-10-25 07:00:00,20.96,21.2,20.66,20.66,1122700,FRT
2021-10-26 07:00:00,20.53,20.9,20.13,20.9,807600,FRT
2021-10-27 07:00:00,20.9,22.32,20.9,22.32,3971100,FRT
2021-10-28 07:00:00,23.06,23.06,22.32,22.67,1597400,FRT
2021-10-29 07:00:00,22.71,22.93,22.4,22.76,1247900,FRT
2021-11-01 07:00:00,23.15,24.33,22.97,23.98,3028900,FRT
2021-11-02 07:00:00,24.02,24.94,23.15,24.63,1907600,FRT
2021-11-03 07:00:00,24.9,24.9,22.93,22.97,2407900,FRT
2021-11-04 07:00:00,22.97,24.2,22.93,23.76,1862800,FRT
2021-11-05 07:00:00,23.76,24.59,23.37,24.24,1251700,FRT
2021-11-08 07:00:00,24.24,24.5,23.8,23.93,1057100,FRT
2021-11-09 07:00:00,24.02,24.24,23.58,23.67,1082000,FRT
2021-11-10 07:00:00,23.54,24.37,23.45,23.93,1332000,FRT
2021-11-11 07:00:00,24.11,24.46,23.54,23.8,1541400,FRT
2021-11-12 07:00:00,24.02,25.46,23.67,25.46,2069400,FRT
2021-11-15 07:00:00,26.2,26.6,25.38,25.86,1373100,FRT
2021-11-16 07:00:00,25.59,25.86,25.11,25.33,1167200,FRT
2021-11-17 07:00:00,25.38,26.64,25.11,26.56,1836300,FRT
2021-11-18 07:00:00,26.77,26.82,26.2,26.42,811000,FRT
2021-11-19 07:00:00,26.34,26.77,24.81,25.77,1671900,FRT
2021-11-22 07:00:00,25.29,25.77,24.24,24.41,1801000,FRT
2021-11-23 07:00:00,24.41,25.99,24.41,25.77,1137900,FRT
2021-11-24 07:00:00,26.2,26.34,25.55,25.72,838900,FRT
2021-11-25 07:00:00,25.77,26.2,25.68,25.94,988200,FRT
2021-11-26 07:00:00,26.34,26.34,25.33,25.42,1175600,FRT
2021-11-29 07:00:00,24.9,25.33,24.76,25.03,1112200,FRT
2021-11-30 07:00:00,25.42,26.12,25.2,25.33,1094400,FRT
2021-12-01 07:00:00,25.68,26.9,25.33,26.86,2008300,FRT
2021-12-02 07:00:00,26.95,28.04,26.64,27.52,1696900,FRT
2021-12-03 07:00:00,27.52,27.86,26.69,27.08,1117900,FRT
2021-12-06 07:00:00,26.86,27.12,25.55,26.2,1466100,FRT
2021-12-07 07:00:00,26.64,27.21,26.07,27.12,1086100,FRT
2021-12-08 07:00:00,27.21,28.08,26.86,28.08,1102600,FRT
2021-12-09 07:00:00,28.17,30.05,27.69,30.05,1729900,FRT
2021-12-10 07:00:00,30.97,31.36,30.31,31.36,2154000,FRT
2021-12-13 07:00:00,31.4,33.54,31.4,33.06,1787200,FRT
2021-12-14 07:00:00,33.15,34.5,32.28,33.41,1646200,FRT
2021-12-15 07:00:00,33.41,34.42,32.98,33.63,1146100,FRT
2021-12-16 07:00:00,33.98,34.02,33.02,33.28,1083600,FRT
2021-12-17 07:00:00,33.24,35.6,32.76,35.6,1638700,FRT
2021-12-20 07:00:00,36.64,38.08,35.81,38.08,1032100,FRT
2021-12-21 07:00:00,39.88,40.27,37.17,37.87,1554800,FRT
2021-12-22 07:00:00,37.26,39.26,37.26,38.22,993500,FRT
2021-12-23 07:00:00,38.13,39.26,37.69,38.43,1146600,FRT
2021-12-24 07:00:00,38.43,41.1,38.13,41.1,1421400,FRT
2021-12-27 07:00:00,42.76,43.94,41.67,42.8,1364500,FRT
2021-12-28 07:00:00,43.24,44.11,41.97,44.11,705900,FRT
2021-12-29 07:00:00,43.72,45.64,43.46,45.42,574100,FRT
2021-12-30 07:00:00,45.64,46.95,44.98,45.64,972300,FRT
2021-12-31 07:00:00,45.99,45.99,42.45,43.76,2483400,FRT
2022-01-04 07:00:00,43.06,43.24,41.49,41.49,2197800,FRT
2022-01-05 07:00:00,40.92,43.24,40.4,41.06,1543900,FRT
2022-01-06 07:00:00,40.44,40.88,38.22,38.22,3625100,FRT
2022-01-07 07:00:00,36.73,38.78,36.12,38.78,2288900,FRT
2022-01-10 07:00:00,39.92,39.92,36.73,37.47,1284200,FRT
2022-01-11 07:00:00,36.91,37.34,34.85,34.85,2421300,FRT
2022-01-12 07:00:00,33.85,35.2,32.45,35.2,2320800,FRT
2022-01-13 07:00:00,34.94,37.34,34.94,36.25,966200,FRT
2022-01-14 07:00:00,34.94,38.52,34.94,38.43,1350800,FRT
2022-01-17 07:00:00,37.95,38.17,35.77,35.77,1181600,FRT
2022-01-18 07:00:00,34.42,34.94,33.28,34.07,1413600,FRT
2022-01-19 07:00:00,34.02,36.08,31.93,36.08,827400,FRT
2022-01-20 07:00:00,36.69,36.69,35.2,36.25,485700,FRT
2022-01-21 07:00:00,36.25,36.64,35.55,36.25,529700,FRT
2022-01-24 07:00:00,35.81,35.81,33.72,34.81,723000,FRT
2022-01-25 07:00:00,34.76,35.2,33.28,35.2,541100,FRT
2022-01-26 07:00:00,35.38,35.46,34.5,35.2,275800,FRT
2022-01-27 07:00:00,34.94,36.69,34.72,36.25,787100,FRT
2022-01-28 07:00:00,36.34,38.48,36.34,38.3,1194100,FRT
2022-02-07 07:00:00,40.97,40.97,40.62,40.97,1768500,FRT
2022-02-08 07:00:00,41.49,43.06,40.92,41.06,1232300,FRT
2022-02-09 07:00:00,41.06,42.36,39.74,41.84,1019800,FRT
2022-02-10 07:00:00,42.28,42.63,41.36,42.36,952400,FRT
2022-02-11 07:00:00,42.36,44.46,42.36,43.24,983600,FRT
2022-02-14 07:00:00,42.36,44.11,42.28,42.84,1159500,FRT
2022-02-15 07:00:00,43.11,44.11,42.84,42.89,1062500,FRT
2022-02-16 07:00:00,43.5,43.5,41.06,41.14,1612400,FRT
2022-02-17 07:00:00,40.7,42.32,40.49,41.84,847400,FRT
2022-02-18 07:00:00,42.8,44.77,42.36,44.77,1778700,FRT
2022-02-21 07:00:00,47.87,47.87,46.73,47.39,2471500,FRT
2022-02-22 07:00:00,46.3,50.66,45.42,50.66,2234500,FRT
2022-02-23 07:00:00,51.1,53.02,49.79,50.92,1292500,FRT
2022-02-24 07:00:00,50.23,54.46,50.23,54.46,2302800,FRT
2022-02-25 07:00:00,55.69,57.61,53.94,54.59,1226000,FRT
2022-02-28 07:00:00,54.59,54.59,50.79,53.42,1669800,FRT
2022-03-01 07:00:00,52.72,55.38,51.93,54.16,1289300,FRT
2022-03-02 07:00:00,54.16,56.21,53.72,55.47,903500,FRT
2022-03-03 07:00:00,55.47,56.43,54.51,55.64,964100,FRT
2022-03-04 07:00:00,55.51,58.7,55.03,56.78,1154400,FRT
2022-03-07 07:00:00,56.91,58.09,55.9,56.78,693100,FRT
2022-03-08 07:00:00,56.34,57.17,52.8,52.8,1882800,FRT
2022-03-09 07:00:00,53.28,54.11,50.44,52.37,1860000,FRT
2022-03-10 07:00:00,52.5,55.99,52.5,55.99,638100,FRT
2022-03-11 07:00:00,57.22,58.7,55.47,56.21,1070400,FRT
2022-03-14 07:00:00,55.16,55.9,52.98,54.51,1322400,FRT
2022-03-15 07:00:00,55.2,55.69,54.07,55.69,665700,FRT
2022-03-16 07:00:00,57.65,59.57,56.82,59.57,1145300,FRT
2022-03-17 07:00:00,62.72,63.68,60.71,63.68,1650700,FRT
2022-03-18 07:00:00,63.33,63.68,62.02,63.24,855400,FRT
2022-03-21 07:00:00,62.89,65.29,62.06,64.25,796900,FRT
2022-03-22 07:00:00,63.55,64.2,61.14,62.46,1566800,FRT
2022-03-23 07:00:00,62.54,66.82,62.54,65.08,1126200,FRT
2022-03-24 07:00:00,64.64,66.34,64.2,65.51,466900,FRT
2022-03-25 07:00:00,66.39,68.57,65.95,67.92,1116000,FRT
2022-03-28 07:00:00,66.04,68.35,66.04,67.48,986800,FRT
2022-03-29 07:00:00,68.26,68.53,66.82,68.13,666400,FRT
2022-03-30 07:00:00,68.13,69.66,66.91,68.13,700000,FRT
2022-03-31 07:00:00,67.96,67.96,64.64,65.56,1587400,FRT
2022-04-01 07:00:00,65.51,67.04,63.98,66.47,720900,FRT
2022-04-04 07:00:00,67.04,67.65,66.3,66.82,406500,FRT
2022-04-05 07:00:00,66.6,68.35,66.39,67.04,518500,FRT
2022-04-06 07:00:00,66.6,69.88,66.39,68.31,912800,FRT
2022-04-07 07:00:00,69.84,69.88,66.39,66.39,840700,FRT
2022-04-08 07:00:00,66.82,67.48,62.02,64.51,856700,FRT
2022-04-12 07:00:00,62.46,64.2,60.66,63.33,988600,FRT
2022-04-13 07:00:00,63.28,67.7,62.8,67.7,610500,FRT
2022-04-14 07:00:00,68.13,72.41,68.13,72.19,1663800,FRT
2022-04-15 07:00:00,71.41,74.2,70.8,71.85,798800,FRT
2022-04-18 07:00:00,69.92,71.58,67.48,70.54,2006900,FRT
2022-04-19 07:00:00,70.97,75.47,70.32,74.16,1464200,FRT
2022-04-20 07:00:00,74.16,76.43,73.03,73.42,578300,FRT
2022-04-21 07:00:00,71.85,74.03,68.83,72.5,1229000,FRT
2022-04-22 07:00:00,72.33,73.37,67.44,67.44,2374600,FRT
2022-04-25 07:00:00,65.51,67.7,62.72,62.72,1105900,FRT
2022-04-26 07:00:00,58.39,64.2,58.35,63.33,1477500,FRT
2022-04-27 07:00:00,62.02,64.64,59.49,63.77,528500,FRT
2022-04-28 07:00:00,63.98,66.82,63.77,65.21,504500,FRT
2022-04-29 07:00:00,64.2,69.01,64.11,68.35,735400,FRT
2022-05-04 07:00:00,67.7,69.66,67.39,68.88,917400,FRT
2022-05-05 07:00:00,69.05,69.66,65.21,66.6,699700,FRT
2022-05-06 07:00:00,64.64,65.91,61.98,61.98,949800,FRT
2022-05-09 07:00:00,59.62,60.66,57.65,57.65,1169600,FRT
2022-05-10 07:00:00,53.63,56.78,53.63,53.72,2124400,FRT
2022-05-11 07:00:00,54.24,56.21,53.72,55.12,566100,FRT
2022-05-12 07:00:00,54.86,55.03,51.28,51.28,1006700,FRT
2022-05-13 07:00:00,47.69,48.87,47.69,47.69,1353700,FRT
2022-05-16 07:00:00,48.04,49.79,44.37,44.37,1241400,FRT
2022-05-17 07:00:00,41.27,47.48,41.27,47.48,2288200,FRT
2022-05-18 07:00:00,48.35,49.79,47.61,49.57,1177800,FRT
2022-05-19 07:00:00,46.12,48.48,46.12,48.04,821600,FRT
2022-05-20 07:00:00,47.96,48.87,46.95,47.39,1241100,FRT
2022-05-23 07:00:00,48.26,50.18,47.08,48.7,1032600,FRT
2022-05-24 07:00:00,49.35,49.75,47.17,49.75,843100,FRT
2022-05-25 07:00:00,50.01,53.2,49.57,53.2,1066700,FRT
2022-05-26 07:00:00,54.16,55.69,53.94,54.38,1092000,FRT
2022-05-27 07:00:00,55.03,58.18,54.38,58.0,1240000,FRT
2022-05-30 07:00:00,58.09,58.18,56.78,57.13,714900,FRT
2022-05-31 07:00:00,57.22,57.22,53.28,54.11,1580800,FRT
2022-06-01 07:00:00,54.59,57.43,54.38,57.43,882300,FRT
2022-06-02 07:00:00,58.09,60.58,57.65,59.4,954100,FRT
2022-06-03 07:00:00,60.27,60.27,58.22,59.49,951600,FRT
2022-06-06 07:00:00,59.18,60.8,59.0,59.09,1539100,FRT
2022-06-07 07:00:00,63.1,63.17,59.88,63.17,1849800,FRT
2022-06-08 07:00:00,65.07,67.57,64.61,67.51,1998000,FRT
2022-06-09 07:00:00,66.39,68.03,65.4,65.99,1175500,FRT
2022-06-10 07:00:00,65.07,68.23,64.42,65.07,1621800,FRT
2022-06-13 07:00:00,62.31,63.63,60.54,60.54,2152900,FRT
2022-06-14 07:00:00,56.6,60.47,56.6,59.16,1729800,FRT
2022-06-15 07:00:00,59.16,61.79,58.44,60.08,1122200,FRT
2022-06-16 07:00:00,62.12,64.22,60.54,64.22,1878500,FRT
2022-06-17 07:00:00,62.12,67.05,61.13,67.05,2141300,FRT
2022-06-20 07:00:00,67.7,68.3,63.43,63.76,1917000,FRT
2022-06-21 07:00:00,63.56,64.88,59.36,59.36,1458400,FRT
2022-06-22 07:00:00,60.47,60.67,55.21,55.21,3469500,FRT
2022-06-23 07:00:00,53.24,59.03,53.04,59.03,1464400,FRT
2022-06-24 07:00:00,60.14,61.46,59.16,59.62,866600,FRT
2022-06-27 07:00:00,59.42,60.47,57.98,58.5,1136000,FRT
2022-06-28 07:00:00,58.5,62.38,58.17,61.79,2018600,FRT
2022-06-29 07:00:00,60.54,62.12,58.7,59.95,1124900,FRT
2022-06-30 07:00:00,60.6,61.13,59.49,59.95,737200,FRT
2022-07-01 07:00:00,59.36,59.75,55.81,58.37,1912900,FRT
2022-07-04 07:00:00,58.7,59.29,56.2,56.53,637400,FRT
2022-07-05 07:00:00,56.2,56.53,52.58,52.58,2376400,FRT
2022-07-06 07:00:00,50.61,51.86,48.9,48.9,1511800,FRT
2022-07-07 07:00:00,48.64,52.19,48.64,51.6,948200,FRT
2022-07-08 07:00:00,52.26,53.31,51.2,51.99,503800,FRT
2022-07-11 07:00:00,51.14,51.34,48.38,48.97,1036300,FRT
2022-07-12 07:00:00,48.9,51.27,48.9,51.27,687400,FRT
2022-07-13 07:00:00,51.6,51.8,49.63,50.02,473100,FRT
2022-07-14 07:00:00,48.71,49.96,48.38,49.96,1170500,FRT
2022-07-15 07:00:00,49.96,51.66,46.6,48.18,1607400,FRT
2022-07-18 07:00:00,48.18,49.23,46.01,47.66,1522700,FRT
2022-07-19 07:00:00,47.33,47.66,46.21,46.41,1101500,FRT
2022-07-20 07:00:00,47.0,49.63,46.8,49.63,1222000,FRT
2022-07-21 07:00:00,50.61,52.98,50.61,51.93,2558600,FRT
2022-07-22 07:00:00,51.93,52.26,50.28,50.28,948500,FRT
2022-07-25 07:00:00,50.15,51.66,49.43,50.28,1033000,FRT
2022-07-26 07:00:00,50.88,51.6,50.02,50.61,857300,FRT
2022-07-27 07:00:00,50.55,51.6,49.76,51.27,1188400,FRT
2022-07-28 07:00:00,52.19,52.19,50.09,50.28,1686900,FRT
2022-07-29 07:00:00,50.35,50.88,47.33,47.33,2589200,FRT
2022-08-01 07:00:00,46.01,49.63,44.43,48.64,3777500,FRT
2022-08-02 07:00:00,48.38,49.17,47.72,47.92,854500,FRT
2022-08-03 07:00:00,47.26,48.25,47.2,47.66,869000,FRT
2022-08-04 07:00:00,47.92,49.3,47.66,48.77,1796100,FRT
2022-08-05 07:00:00,48.9,49.3,48.25,49.3,1258100,FRT
2022-08-08 07:00:00,49.63,52.72,49.43,52.72,2922800,FRT
2022-08-09 07:00:00,53.77,53.9,52.19,52.65,1686000,FRT
2022-08-10 07:00:00,52.58,52.85,51.66,51.66,1385400,FRT
2022-08-11 07:00:00,52.58,53.7,50.61,51.99,2018500,FRT
2022-08-12 07:00:00,51.99,55.61,51.4,55.61,4172600,FRT
2022-08-15 07:00:00,56.27,57.71,55.81,57.71,1376100,FRT
2022-08-16 07:00:00,57.78,57.98,56.46,56.6,1595500,FRT
2022-08-17 07:00:00,56.53,57.71,55.94,56.2,1401400,FRT
2022-08-18 07:00:00,56.0,57.12,55.61,56.14,1510500,FRT
2022-08-19 07:00:00,56.46,57.91,55.87,56.6,1945900,FRT
2022-08-22 07:00:00,56.53,59.09,56.53,58.17,2155400,FRT
2022-08-23 07:00:00,57.25,58.5,57.06,58.5,1074800,FRT
2022-08-24 07:00:00,59.16,59.42,57.71,58.04,1556900,FRT
2022-08-25 07:00:00,57.84,59.82,56.92,58.57,3260600,FRT
2022-08-26 07:00:00,58.5,60.41,58.44,58.5,1754700,FRT
2022-08-29 07:00:00,57.32,58.63,55.08,58.24,3025100,FRT
2022-08-30 07:00:00,58.5,60.01,58.24,58.5,1722300,FRT
2022-08-31 07:00:00,57.91,60.34,57.91,59.82,2168900,FRT
2022-09-05 07:00:00,60.47,61.0,59.82,60.34,1620700,FRT
2022-09-06 07:00:00,60.14,60.47,59.36,59.68,1906200,FRT
2022-09-07 07:00:00,59.29,59.68,55.87,55.87,3605600,FRT
2022-09-08 07:00:00,56.92,57.78,55.28,56.66,1763400,FRT
2022-09-09 07:00:00,57.45,57.98,56.4,57.98,976700,FRT
2022-09-12 07:00:00,58.5,61.46,58.04,60.41,3144900,FRT
2022-09-13 07:00:00,60.47,60.47,59.42,59.95,1214600,FRT
2022-09-14 07:00:00,58.37,60.41,58.37,60.28,1959500,FRT
2022-09-15 07:00:00,60.54,60.8,59.82,59.82,1216400,FRT
2022-09-16 07:00:00,59.55,59.82,57.52,58.04,1831300,FRT
2022-09-19 07:00:00,57.91,58.17,54.89,55.21,2560200,FRT
2022-09-20 07:00:00,55.87,56.86,53.7,56.86,1584600,FRT
2022-09-21 07:00:00,55.87,56.79,55.28,55.74,664800,FRT
2022-09-22 07:00:00,54.95,57.12,54.69,56.99,1435000,FRT
2022-09-23 07:00:00,56.99,57.19,55.87,56.14,745600,FRT
2022-09-26 07:00:00,54.36,55.21,52.26,52.26,4080500,FRT
2022-09-27 07:00:00,52.58,52.91,51.73,51.73,1246600,FRT
2022-09-28 07:00:00,50.88,51.93,48.12,48.12,2645300,FRT
2022-09-29 07:00:00,49.3,49.69,46.34,46.67,1636900,FRT
2022-09-30 07:00:00,46.01,48.31,43.58,48.18,2320800,FRT
2022-10-03 07:00:00,47.66,47.92,44.83,44.83,1349600,FRT
2022-10-04 07:00:00,45.95,46.34,43.65,44.04,1282300,FRT
2022-10-05 07:00:00,45.09,47.0,44.7,46.67,1078200,FRT
2022-10-06 07:00:00,47.2,47.2,43.71,44.04,1560600,FRT
2022-10-07 07:00:00,43.78,43.78,41.28,41.74,1829200,FRT
2022-10-10 07:00:00,40.16,44.63,40.16,44.63,1511100,FRT
2022-10-11 07:00:00,44.9,45.62,42.26,43.05,1810200,FRT
2022-10-12 07:00:00,43.38,46.01,43.38,46.01,2023400,FRT
2022-10-13 07:00:00,46.34,48.18,46.21,47.92,1935400,FRT
2022-10-14 07:00:00,48.71,51.27,48.18,51.27,2934900,FRT
2022-10-17 07:00:00,51.34,52.72,49.96,52.45,2511200,FRT
2022-10-18 07:00:00,53.57,53.57,50.48,51.27,1718900,FRT
2022-10-19 07:00:00,51.4,53.44,50.88,53.11,2073000,FRT
2022-10-20 07:00:00,52.45,53.24,51.53,51.8,1089400,FRT
2022-10-21 07:00:00,51.73,51.8,48.18,48.18,3679600,FRT
2022-10-24 07:00:00,48.64,51.14,47.33,48.97,2130200,FRT
2022-10-25 07:00:00,49.36,51.6,47.66,50.61,1665000,FRT
2022-10-26 07:00:00,51.27,51.47,49.5,49.63,837400,FRT
2022-10-27 07:00:00,49.3,53.04,49.3,53.04,2233100,FRT
2022-10-28 07:00:00,53.57,55.21,52.91,53.9,2178300,FRT
2022-10-31 07:00:00,53.9,54.16,50.81,53.77,2824900,FRT
2022-11-01 07:00:00,54.16,55.54,53.04,53.04,1615000,FRT
2022-11-02 07:00:00,53.04,53.11,50.61,50.94,1761400,FRT
2022-11-03 07:00:00,49.96,52.06,49.96,50.35,1079600,FRT
2022-11-04 07:00:00,49.96,50.35,47.33,47.79,2319100,FRT
2022-11-07 07:00:00,47.98,49.3,45.09,46.8,1474600,FRT
2022-11-08 07:00:00,46.8,49.1,46.01,48.64,875200,FRT
2022-11-09 07:00:00,49.43,49.89,48.31,49.17,936700,FRT
2022-11-10 07:00:00,48.64,48.77,45.75,45.75,2049000,FRT
2022-11-11 07:00:00,47.39,47.39,45.36,45.36,1113900,FRT
2022-11-14 07:00:00,44.04,44.7,42.2,42.2,2155700,FRT
2022-11-15 07:00:00,39.31,40.75,39.31,39.31,654500,FRT
2022-11-16 07:00:00,36.61,42.0,36.61,42.0,2798200,FRT
2022-11-17 07:00:00,42.4,44.43,42.4,42.99,856400,FRT
2022-11-18 07:00:00,42.13,43.38,40.03,42.86,1543300,FRT
2022-11-21 07:00:00,43.12,43.12,41.21,41.21,1179800,FRT
2022-11-22 07:00:00,40.42,42.86,39.51,41.67,1491500,FRT
2022-11-23 07:00:00,41.48,42.2,40.62,40.82,657400,FRT
2022-11-24 07:00:00,40.23,40.75,37.99,37.99,1962300,FRT
2022-11-25 07:00:00,37.99,38.85,37.2,38.78,1191200,FRT
2022-11-28 07:00:00,40.1,41.48,39.44,41.48,1114000,FRT
2022-11-29 07:00:00,43.38,43.71,41.41,43.65,1824300,FRT
2022-11-30 07:00:00,43.65,46.67,43.05,46.67,1302500,FRT
2022-12-01 07:00:00,47.0,47.98,44.37,44.7,1634400,FRT
2022-12-02 07:00:00,44.7,46.01,43.58,46.01,1111800,FRT
2022-12-05 07:00:00,46.34,47.66,45.88,46.21,1072500,FRT
2022-12-06 07:00:00,46.21,47.98,44.57,45.22,1897200,FRT
2022-12-07 07:00:00,45.22,46.87,44.63,46.01,1472800,FRT
2022-12-08 07:00:00,46.93,48.31,46.67,47.92,1371000,FRT
2022-12-09 07:00:00,47.33,48.38,46.87,48.38,916800,FRT
2022-12-12 07:00:00,48.31,49.17,47.66,48.64,1197700,FRT
2022-12-13 07:00:00,48.31,49.3,46.93,49.3,775700,FRT
2022-12-14 07:00:00,49.3,49.63,48.31,48.97,685000,FRT
2022-12-15 07:00:00,48.9,49.3,48.05,49.23,845000,FRT
2022-12-16 07:00:00,48.64,49.23,48.12,49.1,480900,FRT
2022-12-19 07:00:00,48.84,49.96,48.25,48.31,710200,FRT
2022-12-20 07:00:00,47.39,47.98,45.03,47.33,1731400,FRT
2022-12-21 07:00:00,46.67,47.33,44.83,47.33,581900,FRT
2022-12-22 07:00:00,47.33,47.72,45.75,47.2,331600,FRT
2022-12-23 07:00:00,46.34,46.93,46.14,46.67,363300,FRT
2022-12-26 07:00:00,46.34,46.34,43.97,43.97,506300,FRT
2022-12-27 07:00:00,43.84,45.36,43.84,45.36,366400,FRT
2022-12-28 07:00:00,45.88,46.14,44.7,46.14,318300,FRT
2022-12-29 07:00:00,44.83,45.62,44.76,45.03,248400,FRT
2022-12-30 07:00:00,45.55,45.55,44.43,45.36,345300,FRT
2023-01-03 07:00:00,45.36,46.47,44.83,46.41,909500,FRT
2023-01-04 07:00:00,46.41,46.54,45.62,45.62,337000,FRT
2023-01-05 07:00:00,45.62,46.6,45.49,45.95,284500,FRT
2023-01-06 07:00:00,45.95,46.34,45.09,45.36,416700,FRT
2023-01-09 07:00:00,46.01,46.01,44.04,44.04,702000,FRT
2023-01-10 07:00:00,44.3,44.76,43.91,44.17,315300,FRT
2023-01-11 07:00:00,44.37,44.57,43.51,43.51,661000,FRT
2023-01-12 07:00:00,44.11,44.11,43.25,43.38,377600,FRT
2023-01-13 07:00:00,43.38,43.78,43.05,43.05,490100,FRT
2023-01-16 07:00:00,43.05,43.05,42.07,42.07,577100,FRT
2023-01-17 07:00:00,42.07,43.38,42.07,43.38,398400,FRT
2023-01-18 07:00:00,43.38,45.55,43.38,45.09,837300,FRT
2023-01-19 07:00:00,44.57,45.68,44.5,45.68,777100,FRT
2023-01-27 07:00:00,45.88,48.25,45.88,47.98,1677100,FRT
2023-01-30 07:00:00,48.64,49.56,47.98,48.71,1348300,FRT
2023-01-31 07:00:00,48.31,48.77,47.66,48.51,797100,FRT
2023-02-01 07:00:00,48.97,48.97,46.01,46.21,1292900,FRT
2023-02-02 07:00:00,46.47,47.0,45.95,46.41,529100,FRT
2023-02-03 07:00:00,46.93,46.93,46.01,46.93,1259500,FRT
2023-02-06 07:00:00,46.93,48.25,46.47,47.98,1814500,FRT
2023-02-07 07:00:00,48.31,50.74,48.05,50.02,2864400,FRT
2023-02-08 07:00:00,49.82,51.07,48.51,49.5,1083700,FRT
2023-02-09 07:00:00,49.5,50.48,48.44,48.44,779400,FRT
2023-02-10 07:00:00,47.98,49.04,46.41,47.13,1124500,FRT
2023-02-13 07:00:00,47.13,47.79,46.08,47.26,850700,FRT
2023-02-14 07:00:00,47.72,48.12,47.26,47.98,634800,FRT
2023-02-15 07:00:00,47.79,49.23,47.72,48.31,543400,FRT
2023-02-16 07:00:00,48.38,48.84,47.98,48.18,497700,FRT
2023-02-17 07:00:00,48.18,49.76,47.98,48.64,726700,FRT
2023-02-20 07:00:00,48.71,50.55,48.51,49.96,1320400,FRT
2023-02-21 07:00:00,50.48,51.14,49.82,49.82,1332200,FRT
2023-02-22 07:00:00,49.36,51.6,49.1,49.43,2170100,FRT
2023-02-23 07:00:00,49.43,49.89,47.85,49.56,1045700,FRT
2023-02-24 07:00:00,49.56,49.63,47.79,47.79,852200,FRT
2023-02-27 07:00:00,46.67,47.66,46.34,46.41,902700,FRT
2023-02-28 07:00:00,46.67,47.0,45.09,45.36,710400,FRT
2023-03-01 07:00:00,45.36,47.13,44.7,47.13,425200,FRT
2023-03-02 07:00:00,47.2,47.26,46.41,46.6,384000,FRT
2023-03-03 07:00:00,46.87,46.87,45.68,45.68,485500,FRT
2023-03-06 07:00:00,45.95,46.93,45.95,45.95,385400,FRT
2023-03-07 07:00:00,46.08,46.47,45.82,45.95,389900,FRT
2023-03-08 07:00:00,45.95,47.59,45.75,47.59,668700,FRT
2023-03-09 07:00:00,47.59,48.25,47.33,47.66,535100,FRT
2023-03-10 07:00:00,47.52,47.79,47.06,47.33,342000,FRT
2023-03-13 07:00:00,46.67,47.0,46.54,46.54,452000,FRT
2023-03-14 07:00:00,46.54,46.6,45.42,45.75,759200,FRT
2023-03-15 07:00:00,47.13,47.33,46.34,47.0,480100,FRT
2023-03-16 07:00:00,46.34,46.67,45.75,46.01,615200,FRT
2023-03-17 07:00:00,46.28,46.67,45.29,45.29,639100,FRT
2023-03-20 07:00:00,45.36,45.68,43.25,43.38,1736500,FRT
2023-03-21 07:00:00,43.97,44.04,42.92,43.97,821200,FRT
2023-03-22 07:00:00,44.11,44.11,42.92,42.92,931900,FRT
2023-03-23 07:00:00,42.92,43.45,42.0,42.0,1079500,FRT
2023-03-24 07:00:00,42.66,43.05,42.33,42.72,822600,FRT
2023-03-27 07:00:00,42.72,43.51,42.66,42.79,867200,FRT
2023-03-28 07:00:00,43.38,43.45,42.66,42.66,631500,FRT
2023-03-29 07:00:00,43.05,43.05,41.08,41.61,1610200,FRT
2023-03-30 07:00:00,41.8,42.07,40.1,40.56,1595700,FRT
2023-03-31 07:00:00,40.56,41.08,40.1,40.1,858300,FRT
2023-04-03 07:00:00,40.95,40.95,40.1,40.42,1273700,FRT
2023-04-04 07:00:00,40.49,42.72,40.49,42.72,1710500,FRT
2023-04-05 07:00:00,42.72,43.05,42.2,42.46,609400,FRT
2023-04-06 07:00:00,42.46,42.99,42.0,42.07,1146600,FRT
2023-04-07 07:00:00,42.07,42.26,41.54,41.67,506600,FRT
2023-04-10 07:00:00,42.07,44.3,42.0,43.38,2271400,FRT
2023-04-11 07:00:00,43.38,43.58,42.72,43.05,733200,FRT
2023-04-12 07:00:00,43.05,43.58,42.72,42.72,686600,FRT
2023-04-13 07:00:00,42.99,44.04,42.66,43.84,1578000,FRT
2023-04-14 07:00:00,43.97,44.37,42.72,42.72,1035000,FRT
2023-04-17 07:00:00,42.92,43.97,42.46,43.05,649900,FRT
2023-04-18 07:00:00,43.91,43.91,43.25,43.38,754100,FRT
2023-04-19 07:00:00,43.45,45.36,43.45,44.43,2111000,FRT
2023-04-20 07:00:00,44.57,44.83,43.84,43.84,591400,FRT
2023-04-21 07:00:00,44.17,44.17,42.72,43.12,998900,FRT
2023-04-24 07:00:00,43.19,43.38,41.74,41.94,945700,FRT
2023-04-25 07:00:00,42.07,42.33,41.21,41.41,758900,FRT
2023-04-26 07:00:00,41.15,42.2,40.95,42.13,597300,FRT
2023-04-27 07:00:00,42.46,42.46,41.8,41.87,298700,FRT
2023-04-28 07:00:00,42.26,42.46,41.74,41.94,516900,FRT
2023-05-04 07:00:00,41.34,42.53,41.34,42.13,471300,FRT
2023-05-05 07:00:00,42.13,42.4,41.94,42.07,254700,FRT
2023-05-08 07:00:00,42.07,42.2,41.74,41.74,527200,FRT
2023-05-09 07:00:00,41.8,42.33,41.41,41.74,324200,FRT
2023-05-10 07:00:00,42.0,42.33,41.87,42.07,421200,FRT
2023-05-11 07:00:00,42.2,42.99,42.07,42.26,550900,FRT
2023-05-12 07:00:00,42.07,42.4,42.0,42.13,546100,FRT
2023-05-15 07:00:00,42.2,42.4,41.87,41.87,602000,FRT
2023-05-16 07:00:00,42.0,42.07,41.34,41.54,577800,FRT
2023-05-17 07:00:00,41.54,41.54,40.75,40.75,1040800,FRT
2023-05-18 07:00:00,40.75,41.08,40.56,41.08,362800,FRT
2023-05-19 07:00:00,40.75,41.34,40.69,40.95,305100,FRT
2023-05-22 07:00:00,40.95,41.61,40.95,41.41,337800,FRT
2023-05-23 07:00:00,41.67,41.67,41.21,41.21,416200,FRT
2023-05-24 07:00:00,41.21,41.41,41.21,41.28,308500,FRT
2023-05-25 07:00:00,41.28,41.34,40.75,41.28,434300,FRT
2023-05-26 07:00:00,41.41,41.74,41.08,41.41,388000,FRT
2023-05-29 07:00:00,41.87,41.87,41.41,41.54,417800,FRT
2023-05-30 07:00:00,41.61,42.92,41.61,42.66,1244200,FRT
2023-05-31 07:00:00,42.66,42.86,41.87,41.87,558900,FRT
2023-06-01 07:00:00,42.07,42.66,41.87,42.66,704500,FRT
2023-06-02 07:00:00,42.72,43.71,42.4,43.38,1380900,FRT
2023-06-05 07:00:00,44.37,44.37,43.12,43.12,1029600,FRT
2023-06-06 07:00:00,43.65,44.64,43.42,43.65,1129200,FRT
2023-06-07 07:00:00,43.96,44.11,43.2,43.81,754600,FRT
2023-06-08 07:00:00,43.81,44.11,43.5,43.58,1041400,FRT
2023-06-09 07:00:00,43.73,44.26,43.12,44.26,940500,FRT
2023-06-12 07:00:00,44.42,47.31,44.34,47.31,2635300,FRT
2023-06-13 07:00:00,47.77,48.07,47.0,47.16,1073500,FRT
2023-06-14 07:00:00,47.39,47.54,46.47,47.0,1234500,FRT
2023-06-15 07:00:00,46.78,48.15,46.78,47.62,1087900,FRT
2023-06-16 07:00:00,48.0,48.76,47.08,47.23,1288200,FRT
2023-06-19 07:00:00,47.46,48.38,47.08,47.84,886400,FRT
2023-06-20 07:00:00,47.54,48.99,47.54,48.91,860000,FRT
2023-06-21 07:00:00,48.91,51.2,48.91,50.81,1549300,FRT
2023-06-22 07:00:00,50.74,50.97,50.28,50.66,618200,FRT
2023-06-23 07:00:00,50.28,51.96,50.28,51.65,870100,FRT
2023-06-26 07:00:00,51.42,52.64,50.28,52.57,1266700,FRT
2023-06-27 07:00:00,52.95,53.25,52.19,52.26,733200,FRT
2023-06-28 07:00:00,52.19,52.57,51.65,51.8,659800,FRT
2023-06-29 07:00:00,51.8,51.88,51.04,51.04,1085100,FRT
2023-06-30 07:00:00,51.12,54.55,51.12,54.55,2851500,FRT
2023-07-03 07:00:00,55.23,55.92,53.48,54.24,634200,FRT
2023-07-04 07:00:00,54.32,55.92,54.09,55.46,812700,FRT
2023-07-05 07:00:00,56.22,58.66,55.61,57.14,934800,FRT
2023-07-06 07:00:00,57.14,58.13,56.76,56.76,1518700,FRT
2023-07-07 07:00:00,56.53,58.28,56.53,57.29,703700,FRT
2023-07-10 07:00:00,57.06,58.28,56.83,57.52,1164800,FRT
2023-07-11 07:00:00,57.6,58.66,57.29,58.51,1286000,FRT
2023-07-12 07:00:00,59.04,59.04,57.52,57.9,978400,FRT
2023-07-13 07:00:00,58.05,59.5,57.9,58.2,1011400,FRT
2023-07-14 07:00:00,58.05,59.12,58.05,58.81,1071000,FRT
2023-07-17 07:00:00,58.97,61.94,58.89,60.41,995300,FRT
2023-07-18 07:00:00,60.26,60.95,59.2,59.42,718300,FRT
2023-07-19 07:00:00,59.42,60.34,58.58,58.66,1011300,FRT
2023-07-20 07:00:00,58.36,59.73,58.28,58.28,1627900,FRT
2023-07-21 07:00:00,57.98,59.73,57.75,58.81,2519100,FRT
2023-07-24 07:00:00,58.81,59.35,57.75,58.66,2015000,FRT
2023-07-25 07:00:00,58.66,60.49,57.9,58.43,1147700,FRT
2023-07-26 07:00:00,58.66,59.12,57.98,58.28,890200,FRT
2023-07-27 07:00:00,58.66,59.65,58.13,59.42,1718000,FRT
2023-07-28 07:00:00,60.03,60.72,59.65,59.65,1091100,FRT
2023-07-31 07:00:00,57.9,58.66,57.14,58.2,3082800,FRT
2023-08-01 07:00:00,58.28,59.42,57.67,58.05,1091900,FRT
2023-08-02 07:00:00,57.6,58.66,57.6,58.2,932900,FRT
2023-08-03 07:00:00,57.98,61.48,57.98,60.18,2777400,FRT
2023-08-04 07:00:00,59.88,61.1,59.88,60.18,761000,FRT
2023-08-07 07:00:00,60.26,62.85,59.96,61.71,1634100,FRT
2023-08-08 07:00:00,62.09,62.09,60.26,60.26,1010900,FRT
2023-08-09 07:00:00,59.96,60.26,59.04,59.04,1211600,FRT
2023-08-10 07:00:00,59.73,59.8,56.38,56.38,2405400,FRT
2023-08-11 07:00:00,55.61,57.14,55.61,57.14,1419400,FRT
2023-08-14 07:00:00,56.76,57.52,56.3,56.53,994200,FRT
2023-08-15 07:00:00,56.38,57.14,56.38,56.6,546600,FRT
2023-08-16 07:00:00,56.76,56.83,55.69,55.77,810000,FRT
2023-08-17 07:00:00,55.69,55.69,54.55,54.55,1375600,FRT
2023-08-18 07:00:00,54.32,54.47,51.8,51.96,1519700,FRT
2023-08-21 07:00:00,51.8,55.54,51.8,55.38,1172600,FRT
2023-08-22 07:00:00,55.31,56.98,53.33,56.98,1676500,FRT
2023-08-23 07:00:00,56.98,56.98,55.61,56.38,629900,FRT
2023-08-24 07:00:00,56.38,58.97,56.0,58.66,1984400,FRT
2023-08-25 07:00:00,58.28,59.12,57.98,58.66,682100,FRT
2023-08-28 07:00:00,58.74,62.47,58.74,61.56,1910300,FRT
2023-08-29 07:00:00,61.33,62.09,60.26,61.71,1324900,FRT
2023-08-30 07:00:00,61.71,64.38,61.56,63.46,1781900,FRT
2023-08-31 07:00:00,63.23,63.84,62.78,63.61,942900,FRT
2023-09-05 07:00:00,63.23,63.77,62.47,62.93,1092100,FRT
2023-09-06 07:00:00,63.23,65.52,62.85,64.6,1148800,FRT
2023-09-07 07:00:00,63.99,64.83,63.99,64.15,559300,FRT
2023-09-08 07:00:00,63.99,65.52,63.69,65.52,876300,FRT
2023-09-11 07:00:00,65.67,66.28,64.76,64.76,944200,FRT
2023-09-12 07:00:00,64.68,65.9,64.45,65.9,736700,FRT
2023-09-13 07:00:00,65.9,67.8,63.16,64.3,1310800,FRT
2023-09-14 07:00:00,64.3,64.98,63.77,64.3,847500,FRT
2023-09-15 07:00:00,64.76,66.36,64.45,65.52,796400,FRT
2023-09-18 07:00:00,64.76,65.9,64.76,65.9,484400,FRT
2023-09-19 07:00:00,65.9,66.36,64.07,66.28,698400,FRT
2023-09-20 07:00:00,66.51,70.09,66.28,67.96,1004300,FRT
2023-09-21 07:00:00,67.65,68.72,67.04,67.42,569800,FRT
2023-09-22 07:00:00,65.52,68.18,63.92,67.8,1604600,FRT
2023-09-25 07:00:00,67.04,68.03,64.07,65.9,1095000,FRT
2023-09-26 07:00:00,63.61,65.9,63.61,63.92,641800,FRT
2023-09-27 07:00:00,63.99,64.76,61.48,64.76,898100,FRT
2023-09-28 07:00:00,64.76,65.9,63.92,64.91,490700,FRT
2023-09-29 07:00:00,65.59,68.95,65.29,67.8,1622000,FRT
2023-10-02 07:00:00,67.8,69.25,67.65,68.56,465000,FRT
2023-10-03 07:00:00,67.04,69.33,65.59,67.8,1039200,FRT
2023-10-04 07:00:00,66.28,72.53,66.28,72.53,1281500,FRT
2023-10-05 07:00:00,72.37,73.14,71.76,71.92,904900,FRT
2023-10-06 07:00:00,72.37,75.42,71.0,74.28,625400,FRT
2023-10-09 07:00:00,72.83,74.2,72.6,73.14,637500,FRT
2023-10-10 07:00:00,73.14,73.52,71.61,72.45,1076900,FRT
2023-10-11 07:00:00,72.45,73.9,72.45,73.14,321900,FRT
2023-10-12 07:00:00,74.28,74.96,72.37,73.14,560700,FRT
2023-10-13 07:00:00,72.76,74.2,72.37,74.2,525400,FRT
2023-10-16 07:00:00,74.2,75.65,73.14,73.9,701500,FRT
2023-10-17 07:00:00,73.9,75.04,71.99,71.99,614900,FRT
2023-10-18 07:00:00,72.45,73.14,67.8,72.37,1431300,FRT
2023-10-19 07:00:00,71.61,72.15,70.09,71.61,504500,FRT
2023-10-20 07:00:00,70.09,72.37,67.8,72.15,1062100,FRT
2023-10-23 07:00:00,71.76,71.76,69.33,70.77,389100,FRT
2023-10-24 07:00:00,70.85,71.69,70.47,71.54,348800,FRT
2023-10-25 07:00:00,71.61,73.9,70.77,72.37,420700,FRT
2023-10-26 07:00:00,70.7,70.77,67.8,70.77,882800,FRT
2023-10-27 07:00:00,69.33,70.85,68.56,70.7,332600,FRT
2023-10-30 07:00:00,70.47,70.47,65.82,65.82,443900,FRT
2023-10-31 07:00:00,64.45,66.96,64.45,66.28,962700,FRT
2023-11-01 07:00:00,66.28,67.04,64.3,67.04,616100,FRT
2023-11-02 07:00:00,68.95,70.85,67.12,70.7,302500,FRT
2023-11-03 07:00:00,70.39,73.29,68.72,73.14,516000,FRT
2023-11-06 07:00:00,72.45,73.9,72.37,73.9,494400,FRT
2023-11-07 07:00:00,73.9,74.66,72.83,73.14,447900,FRT
2023-11-08 07:00:00,73.14,76.94,72.6,76.18,907800,FRT
2023-11-09 07:00:00,76.34,79.84,75.65,79.61,672300,FRT
2023-11-10 07:00:00,78.62,81.44,78.24,78.7,333000,FRT
2023-11-13 07:00:00,78.7,80.37,77.71,78.7,295000,FRT
2023-11-14 07:00:00,79.61,79.69,78.47,79.23,164700,FRT
2023-11-15 07:00:00,79.99,79.99,78.24,79.92,375800,FRT
2023-11-16 07:00:00,79.23,79.54,76.94,78.85,515100,FRT
2023-11-17 07:00:00,77.78,78.85,75.42,78.39,722100,FRT
2023-11-20 07:00:00,76.18,78.39,76.18,77.33,180400,FRT
2023-11-21 07:00:00,78.09,78.39,76.72,77.71,188800,FRT
2023-11-22 07:00:00,77.71,77.94,76.34,77.48,185600,FRT
2023-11-23 07:00:00,77.71,79.61,76.11,76.11,318800,FRT
2023-11-24 07:00:00,76.03,77.71,73.75,77.71,731900,FRT
2023-11-27 07:00:00,78.32,78.32,75.42,75.42,100400,FRT
2023-11-28 07:00:00,74.58,75.42,73.14,75.27,361000,FRT
2023-11-29 07:00:00,75.12,76.87,74.66,76.03,221300,FRT
2023-11-30 07:00:00,76.64,79.84,76.18,78.01,586700,FRT
2023-12-01 07:00:00,78.85,78.93,76.79,78.47,163100,FRT
2023-12-04 07:00:00,78.47,78.85,77.33,78.47,461200,FRT
2023-12-05 07:00:00,79.23,79.23,77.56,77.56,414200,FRT
2023-12-06 07:00:00,77.56,77.56,75.8,77.56,553800,FRT
2023-12-07 07:00:00,77.48,77.63,74.96,77.63,397400,FRT
2023-12-08 07:00:00,77.56,77.56,75.8,77.02,261300,FRT
2023-12-11 07:00:00,75.42,76.94,75.27,75.5,295700,FRT
2023-12-12 07:00:00,75.42,77.33,75.34,77.33,390100,FRT
2023-12-13 07:00:00,77.33,77.33,75.42,76.18,287700,FRT
2023-12-14 07:00:00,76.18,76.18,74.96,76.18,297300,FRT
2023-12-15 07:00:00,75.34,76.79,75.12,76.79,222200,FRT
2023-12-18 07:00:00,76.18,76.64,75.27,76.64,111200,FRT
2023-12-19 07:00:00,76.18,76.18,75.19,75.96,233300,FRT
2023-12-20 07:00:00,75.42,77.48,75.42,77.33,412900,FRT
2023-12-21 07:00:00,77.33,78.85,76.87,77.63,704300,FRT
2023-12-22 07:00:00,77.56,78.32,77.25,78.09,382100,FRT
2023-12-25 07:00:00,78.16,79.46,77.71,79.16,533200,FRT
2023-12-26 07:00:00,79.16,79.38,78.39,78.77,207800,FRT
2023-12-27 07:00:00,78.77,80.22,78.47,78.54,545100,FRT
2023-12-28 07:00:00,78.54,80.14,77.48,80.14,462900,FRT
2023-12-29 07:00:00,80.14,81.52,78.7,81.52,415700,FRT
2024-01-02 07:00:00,81.44,81.44,79.23,80.22,235200,FRT
2024-01-03 07:00:00,79.99,80.22,78.62,79.99,452800,FRT
2024-01-04 07:00:00,80.68,80.68,78.24,78.85,775200,FRT
2024-01-05 07:00:00,78.32,79.23,77.86,78.47,320100,FRT
2024-01-08 07:00:00,78.54,78.7,76.94,77.02,488400,FRT
2024-01-09 07:00:00,77.33,77.94,76.56,76.56,438400,FRT
2024-01-10 07:00:00,76.34,77.56,74.2,75.34,1153100,FRT
2024-01-11 07:00:00,75.42,76.18,74.66,74.74,344900,FRT
2024-01-12 07:00:00,74.74,76.03,74.2,74.51,332400,FRT
2024-01-15 07:00:00,74.43,75.8,73.82,73.82,444700,FRT
2024-01-16 07:00:00,72.91,75.04,72.91,74.81,484700,FRT
2024-01-17 07:00:00,75.57,76.03,74.96,75.8,511000,FRT
2024-01-18 07:00:00,75.8,76.18,75.42,75.96,460200,FRT
2024-01-19 07:00:00,76.49,76.49,75.27,76.11,620300,FRT
2024-01-22 07:00:00,76.11,77.17,74.51,76.79,593100,FRT
2024-01-23 07:00:00,76.79,76.79,75.88,76.26,391600,FRT
2024-01-24 07:00:00,76.26,76.49,75.5,75.73,454300,FRT
2024-01-25 07:00:00,75.42,80.98,75.42,80.98,1645100,FRT
2024-01-26 07:00:00,80.91,81.36,79.31,79.99,726300,FRT
2024-01-29 07:00:00,79.99,82.66,78.24,82.66,1199400,FRT
2024-01-30 07:00:00,82.66,87.61,81.14,86.62,966600,FRT
2024-01-31 07:00:00,86.7,88.37,85.71,87.31,735700,FRT
2024-02-01 07:00:00,87.31,90.28,87.31,90.05,442400,FRT
2024-02-02 07:00:00,90.28,90.89,89.21,90.66,549300,FRT
2024-02-05 07:00:00,90.66,91.34,89.9,91.04,732500,FRT
2024-02-06 07:00:00,91.04,94.7,90.66,94.09,1159200,FRT
2024-02-07 07:00:00,94.92,96.68,94.16,95.23,296700,FRT
2024-02-15 07:00:00,95.23,95.53,93.25,95.53,421600,FRT
2024-02-16 07:00:00,95.53,95.53,93.71,94.85,422300,FRT
2024-02-19 07:00:00,93.32,94.39,93.02,94.09,465400,FRT
2024-02-20 07:00:00,92.94,93.93,92.72,93.4,540400,FRT
2024-02-21 07:00:00,93.02,98.28,93.02,96.6,462000,FRT
2024-02-22 07:00:00,96.6,97.52,95.23,96.37,234500,FRT
2024-02-23 07:00:00,95.08,100.41,95.08,99.72,624900,FRT
2024-02-26 07:00:00,99.72,102.85,97.52,102.47,338900,FRT
2024-02-27 07:00:00,102.85,105.82,99.8,103.53,585700,FRT
2024-02-28 07:00:00,103.53,103.99,100.72,103.84,777900,FRT
2024-02-29 07:00:00,102.85,111.0,102.09,110.47,750600,FRT
2024-03-01 07:00:00,110.31,115.49,106.66,107.42,834200,FRT
2024-03-04 07:00:00,107.65,110.31,105.59,108.03,739500,FRT
2024-03-05 07:00:00,108.03,110.54,108.03,110.47,232100,FRT
2024-03-06 07:00:00,110.47,111.61,108.71,110.54,462100,FRT
2024-03-07 07:00:00,110.47,112.37,109.7,111.99,612500,FRT
2024-03-08 07:00:00,111.3,113.13,109.7,111.23,625200,FRT
2024-03-11 07:00:00,112.37,119.0,111.61,117.7,1364000,FRT
2024-03-12 07:00:00,117.4,123.49,117.4,120.37,1210300,FRT
2024-03-13 07:00:00,121.13,121.13,118.46,120.37,668900,FRT
2024-03-14 07:00:00,120.37,121.66,114.28,117.32,1356300,FRT
2024-03-15 07:00:00,117.25,118.46,111.99,111.99,2428800,FRT
2024-03-18 07:00:00,112.75,114.58,106.12,114.2,1828000,FRT
2024-03-19 07:00:00,114.28,115.19,111.61,114.05,871600,FRT
2024-03-20 07:00:00,113.44,114.5,111.23,114.28,419500,FRT
2024-03-21 07:00:00,114.28,114.5,112.14,114.28,569200,FRT
2024-03-22 07:00:00,114.12,114.12,112.37,114.05,599000,FRT
2024-03-25 07:00:00,112.45,113.51,111.38,112.75,465400,FRT
2024-03-26 07:00:00,111.61,112.68,109.86,112.68,568800,FRT
2024-03-27 07:00:00,111.23,111.99,107.88,111.99,1187100,FRT
2024-03-28 07:00:00,111.99,119.53,111.99,119.53,1260500,FRT
2024-03-29 07:00:00,119.53,119.99,115.88,118.85,888900,FRT
2024-04-01 07:00:00,116.26,117.63,115.95,116.94,530900,FRT
2024-04-02 07:00:00,115.65,118.01,112.98,116.56,790300,FRT
2024-04-03 07:00:00,114.28,114.88,113.06,113.06,849100,FRT
2024-04-04 07:00:00,113.06,114.28,109.48,113.51,1018200,FRT
2024-04-05 07:00:00,112.6,114.28,110.62,112.75,398200,FRT
2024-04-08 07:00:00,110.62,112.29,108.1,108.87,805400,FRT
2024-04-09 07:00:00,108.87,109.1,104.9,106.66,1555200,FRT
2024-04-10 07:00:00,106.81,109.32,105.9,106.66,437100,FRT
2024-04-11 07:00:00,105.13,110.92,104.98,110.62,748500,FRT
2024-04-12 07:00:00,110.39,110.77,108.56,110.39,182800,FRT
2024-04-15 07:00:00,108.64,109.17,102.85,105.82,738900,FRT
2024-04-16 07:00:00,105.13,107.42,103.08,107.42,537600,FRT
2024-04-17 07:00:00,106.66,107.72,105.13,107.42,414000,FRT
2024-04-19 07:00:00,106.66,107.42,104.37,107.42,488100,FRT
2024-04-22 07:00:00,107.42,111.38,106.88,110.47,899500,FRT
2024-04-23 07:00:00,110.47,111.84,109.63,110.47,538900,FRT
2024-04-24 07:00:00,108.56,118.08,108.56,115.04,2011700,FRT
2024-04-25 07:00:00,115.8,117.86,114.88,116.56,497300,FRT
2024-04-26 07:00:00,116.56,124.71,115.42,122.66,2083100,FRT
2024-05-02 07:00:00,122.66,125.7,121.89,124.94,665800,FRT
2024-05-03 07:00:00,126.08,126.46,121.89,124.94,965600,FRT
2024-05-06 07:00:00,125.25,125.32,122.35,123.57,530500,FRT
2024-05-07 07:00:00,124.18,125.17,122.73,124.94,832900,FRT
2024-05-08 07:00:00,124.33,125.17,123.19,123.8,581600,FRT
2024-05-09 07:00:00,123.72,129.44,123.42,127.15,840100,FRT
2024-05-10 07:00:00,127.38,127.99,124.33,125.32,628100,FRT
2024-05-13 07:00:00,125.93,125.93,119.23,122.5,1250600,FRT
2024-05-14 07:00:00,122.2,123.65,120.37,123.65,439500,FRT
2024-05-15 07:00:00,124.18,126.46,122.12,124.86,460900,FRT
2024-05-16 07:00:00,125.02,126.16,123.42,126.16,823100,FRT
2024-05-17 07:00:00,126.46,126.46,125.32,126.24,600800,FRT
2024-05-20 07:00:00,128.75,130.2,125.4,125.4,996300,FRT
2024-05-21 07:00:00,124.94,125.4,122.88,124.94,828000,FRT
2024-05-22 07:00:00,124.86,125.32,122.28,123.42,833900,FRT
2024-05-23 07:00:00,123.34,123.65,120.98,123.65,786000,FRT
2024-05-24 07:00:00,121.97,124.18,118.85,122.66,1254300,FRT
2024-05-27 07:00:00,122.66,122.73,120.45,122.5,450500,FRT
2024-05-28 07:00:00,122.66,124.86,121.51,123.72,554800,FRT
2024-05-29 07:00:00,124.41,126.46,122.66,124.94,1091000,FRT
2024-05-30 07:00:00,124.18,125.86,122.73,125.7,744200,FRT
2024-05-31 07:00:00,125.7,134.46,125.55,129.89,2071700,FRT
2024-06-03 07:00:00,131.04,132.18,129.89,129.97,509900,FRT
2024-06-04 07:00:00,131.04,131.42,128.75,130.27,586200,FRT
2024-06-05 07:00:00,131.04,132.03,128.6,128.6,917200,FRT
2024-06-06 07:00:00,127.61,129.51,126.92,128.75,815700,FRT
2024-06-07 07:00:00,127.99,131.49,127.23,129.51,396700,FRT
2024-06-10 07:00:00,130.35,132.56,129.74,131.42,800700,FRT
2024-06-11 07:00:00,131.87,132.18,129.59,131.42,491500,FRT
2024-06-12 07:00:00,130.35,134.69,130.27,134.08,798200,FRT
2024-06-13 07:00:00,135.38,135.38,132.94,134.84,568900,FRT
2024-06-14 07:00:00,134.39,134.46,132.33,132.56,793700,FRT
2024-06-17 07:00:00,132.86,133.32,129.89,133.32,718800,FRT
2024-06-18 07:00:00,132.48,132.56,131.04,131.72,539100,FRT
2024-06-19 07:00:00,130.43,132.94,130.43,132.56,438700,FRT
2024-06-20 07:00:00,131.04,133.47,131.04,133.4,381500,FRT
2024-06-21 07:00:00,133.7,139.26,133.24,136.37,1160400,FRT
2024-06-24 07:00:00,135.61,137.13,133.32,134.08,482700,FRT
2024-06-25 07:00:00,134.16,134.16,131.04,134.08,523700,FRT
2024-06-26 07:00:00,134.39,137.13,132.18,137.13,450500,FRT
2024-06-27 07:00:00,136.37,137.89,134.84,137.13,384500,FRT
2024-06-28 07:00:00,135.68,136.9,134.08,134.84,529800,FRT
2024-07-01 07:00:00,133.47,135.45,131.04,135.0,611300,FRT
2024-07-02 07:00:00,135.0,136.37,134.77,135.61,313400,FRT
2024-07-03 07:00:00,135.61,140.18,135.61,136.37,629200,FRT
2024-07-04 07:00:00,136.37,137.05,134.92,136.52,390300,FRT
2024-07-05 07:00:00,136.52,138.65,135.45,137.13,542400,FRT
2024-07-08 07:00:00,136.37,139.42,135.68,139.42,543300,FRT
2024-07-09 07:00:00,139.42,139.42,136.44,138.58,650500,FRT
2024-07-10 07:00:00,138.5,138.5,135.99,136.75,561600,FRT
2024-07-11 07:00:00,135.07,136.67,134.84,136.37,466100,FRT
2024-07-12 07:00:00,135.23,135.61,133.47,133.7,612100,FRT
2024-07-15 07:00:00,133.7,133.7,131.04,131.8,674600,FRT
2024-07-16 07:00:00,131.8,133.7,131.04,133.7,338400,FRT
2024-07-17 07:00:00,132.79,133.7,129.66,132.41,399900,FRT
2024-07-18 07:00:00,132.33,132.56,130.04,132.56,469300,FRT
2024-07-19 07:00:00,132.56,134.84,131.72,134.08,307400,FRT
2024-07-22 07:00:00,133.93,134.01,130.12,134.01,517900,FRT
2024-07-23 07:00:00,134.08,134.24,130.66,132.64,392600,FRT
2024-07-24 07:00:00,132.56,132.56,125.17,132.56,772000,FRT
2024-07-25 07:00:00,126.62,131.49,126.62,131.04,279800,FRT
2024-07-26 07:00:00,130.5,130.96,128.75,128.83,231000,FRT
2024-07-29 07:00:00,129.51,129.89,127.3,129.44,315000,FRT
2024-07-30 07:00:00,128.75,128.98,127.3,128.98,309700,FRT
2024-07-31 07:00:00,128.83,131.8,128.83,131.65,397800,FRT
2024-08-01 07:00:00,131.49,131.65,127.61,129.51,501700,FRT
2024-08-02 07:00:00,126.24,129.44,124.94,129.44,471800,FRT
2024-08-05 07:00:00,125.86,126.77,123.8,123.8,722400,FRT
2024-08-06 07:00:00,124.18,127.99,122.28,127.15,880200,FRT
2024-08-07 07:00:00,127.07,128.44,124.86,128.44,260200,FRT
2024-08-08 07:00:00,126.46,129.13,126.46,129.13,327200,FRT
2024-08-09 07:00:00,128.75,131.8,128.06,131.72,627500,FRT
2024-08-12 07:00:00,131.72,133.17,130.66,132.41,445200,FRT
2024-08-13 07:00:00,132.26,134.01,131.19,133.32,652000,FRT
2024-08-14 07:00:00,133.32,134.08,131.11,131.8,625600,FRT
2024-08-15 07:00:00,131.8,131.8,130.04,131.26,356500,FRT
2024-08-16 07:00:00,131.49,135.61,130.5,132.79,664700,FRT
2024-08-19 07:00:00,133.4,133.63,131.8,132.56,387500,FRT
2024-08-20 07:00:00,132.56,134.08,132.1,134.08,489500,FRT
2024-08-21 07:00:00,135.61,143.45,135.61,143.22,2167800,FRT
2024-08-22 07:00:00,143.45,144.06,141.47,143.22,528000,FRT
2024-08-23 07:00:00,143.22,143.22,139.87,141.55,693900,FRT
2024-08-26 07:00:00,141.78,141.78,137.59,139.34,659500,FRT
2024-08-27 07:00:00,138.65,138.65,134.08,136.52,1168100,FRT
2024-08-28 07:00:00,135.61,136.52,134.24,136.52,377200,FRT
2024-08-29 07:00:00,134.31,137.13,134.31,137.13,383500,FRT
2024-08-30 07:00:00,136.37,138.43,135.68,138.43,501800,FRT
2024-09-04 07:00:00,136.37,139.42,135.99,139.04,379900,FRT
2024-09-05 07:00:00,139.04,139.11,136.9,139.04,428200,FRT
2024-09-06 07:00:00,137.44,138.96,137.13,138.96,383500,FRT
2024-09-09 07:00:00,137.21,138.65,137.21,138.65,293100,FRT
2024-09-10 07:00:00,138.58,138.81,137.36,137.89,323500,FRT
2024-09-11 07:00:00,137.05,137.51,136.37,137.51,357400,FRT
2024-09-12 07:00:00,137.66,137.89,135.68,136.29,515200,FRT
2024-09-13 07:00:00,136.06,136.37,134.77,136.37,323000,FRT
2024-09-16 07:00:00,136.67,136.67,134.84,134.84,257100,FRT
2024-09-17 07:00:00,135.99,135.99,134.31,135.0,240400,FRT
2024-09-18 07:00:00,135.07,137.36,135.0,136.98,442400,FRT
2024-09-19 07:00:00,136.98,137.51,135.99,137.51,306200,FRT
2024-09-20 07:00:00,138.2,138.27,136.29,136.29,698800,FRT
2024-09-23 07:00:00,136.29,136.29,134.69,136.29,250100,FRT
2024-09-24 07:00:00,136.29,136.37,135.38,136.29,253100,FRT
2024-09-25 07:00:00,136.29,136.44,135.07,136.06,431400,FRT
2024-09-26 07:00:00,135.61,136.37,135.45,136.37,361900,FRT
2024-09-27 07:00:00,136.29,136.29,135.07,135.61,448800,FRT
2024-09-30 07:00:00,134.92,135.61,134.08,135.61,651500,FRT
2024-10-01 07:00:00,134.84,135.61,134.84,134.92,347100,FRT
2024-10-02 07:00:00,134.08,135.38,134.01,134.84,357400,FRT
2024-10-03 07:00:00,134.46,134.77,133.63,134.08,434200,FRT
2024-10-04 07:00:00,133.47,134.92,133.4,134.84,293700,FRT
2024-10-07 07:00:00,134.54,134.84,133.78,134.77,341700,FRT
2024-10-08 07:00:00,134.46,135.0,133.7,134.84,304100,FRT
2024-10-09 07:00:00,134.84,134.92,133.17,134.92,520600,FRT
2024-10-10 07:00:00,134.84,137.89,133.78,136.75,755100,FRT
2024-10-11 07:00:00,137.13,139.8,136.83,137.13,475900,FRT
2024-10-14 07:00:00,137.13,137.21,135.91,137.05,269100,FRT
2024-10-15 07:00:00,137.05,137.05,135.91,136.37,228800,FRT
2024-10-16 07:00:00,135.61,136.06,135.0,135.61,298700,FRT
2024-10-17 07:00:00,135.15,135.61,134.39,135.61,265500,FRT
2024-10-18 07:00:00,136.6,136.6,134.62,135.07,292800,FRT
2024-10-21 07:00:00,134.24,134.77,133.78,134.01,261200,FRT
2024-10-22 07:00:00,133.7,133.93,130.04,132.56,846600,FRT
2024-10-23 07:00:00,130.66,131.49,130.66,131.04,363200,FRT
2024-10-24 07:00:00,130.88,130.96,129.36,130.12,347100,FRT
2024-10-25 07:00:00,128.75,129.44,128.37,128.37,267400,FRT
2024-10-28 07:00:00,128.6,128.75,127.0,128.75,399000,FRT
2024-10-29 07:00:00,128.75,131.11,128.75,130.96,330600,FRT
2024-10-30 07:00:00,131.57,131.57,129.59,130.43,164300,FRT
2024-10-31 07:00:00,131.19,132.56,130.2,132.41,321400,FRT
2024-11-01 07:00:00,131.11,131.8,129.44,129.44,300700,FRT
2024-11-04 07:00:00,129.44,130.5,127.76,130.2,328500,FRT
2024-11-05 07:00:00,128.75,130.2,128.06,130.2,279500,FRT
2024-11-06 07:00:00,132.41,132.41,129.06,131.42,191700,FRT
2024-11-07 07:00:00,131.34,131.34,129.36,129.51,398600,FRT
2024-11-08 07:00:00,129.51,130.58,129.28,129.51,134900,FRT
2024-11-11 07:00:00,129.51,129.59,128.6,128.75,208900,FRT
2024-11-12 07:00:00,128.44,128.75,127.23,128.75,380000,FRT
2024-11-13 07:00:00,128.44,128.52,127.3,127.3,301400,FRT
2024-11-14 07:00:00,127.3,127.68,125.86,126.46,428300,FRT
2024-11-15 07:00:00,125.32,126.46,124.03,126.46,476100,FRT
2024-11-18 07:00:00,126.31,126.46,124.18,126.46,204700,FRT
2024-11-19 07:00:00,125.02,126.39,124.18,124.18,292900,FRT
2024-11-20 07:00:00,122.81,125.7,121.51,125.7,375400,FRT
2024-11-21 07:00:00,125.7,131.04,124.94,129.44,926100,FRT
2024-11-22 07:00:00,130.2,132.41,129.36,131.95,1204100,FRT
2024-11-25 07:00:00,132.26,134.69,131.8,132.18,816000,FRT
2024-11-26 07:00:00,132.1,132.56,130.27,131.87,357500,FRT
2024-11-27 07:00:00,131.42,132.94,131.42,132.26,743400,FRT
2024-11-28 07:00:00,131.87,134.77,131.42,134.77,981100,FRT
2024-11-29 07:00:00,135.61,137.44,134.46,135.99,777900,FRT
2024-12-02 07:00:00,136.06,137.89,134.54,136.98,418900,FRT
2024-12-03 07:00:00,137.13,138.27,135.61,136.83,393400,FRT
2024-12-04 07:00:00,136.9,139.04,135.99,136.37,424600,FRT
2024-12-05 07:00:00,136.22,138.65,135.61,137.89,755700,FRT
2024-12-06 07:00:00,139.04,139.42,136.83,138.27,589600,FRT
2024-12-09 07:00:00,138.27,138.58,136.6,138.58,325500,FRT
2024-12-10 07:00:00,138.12,138.58,136.75,138.58,302100,FRT
2024-12-11 07:00:00,137.89,138.58,136.9,138.27,378800,FRT
2024-12-12 07:00:00,138.35,143.91,138.35,139.04,1168400,FRT
2024-12-13 07:00:00,137.89,138.81,137.21,138.58,219200,FRT
2024-12-16 07:00:00,138.65,141.7,138.04,141.7,649500,FRT
2024-12-17 07:00:00,142.46,143.61,139.42,141.4,414900,FRT
2024-12-18 07:00:00,140.56,141.62,139.57,141.62,367100,FRT
2024-12-19 07:00:00,139.8,140.56,137.89,140.33,753900,FRT
2024-12-20 07:00:00,139.42,140.18,138.65,140.18,373800,FRT
2024-12-23 07:00:00,140.18,140.18,138.5,139.95,442200,FRT
2024-12-24 07:00:00,139.95,139.95,138.65,139.11,294800,FRT
2024-12-25 07:00:00,139.11,139.8,138.96,139.8,271500,FRT
2024-12-26 07:00:00,139.57,140.02,139.11,140.02,228700,FRT
2024-12-27 07:00:00,139.72,140.02,138.43,140.02,523900,FRT
2024-12-30 07:00:00,140.02,140.94,138.5,140.94,491000,FRT
2024-12-31 07:00:00,140.18,141.7,139.49,141.4,643900,FRT
2025-01-02 07:00:00,141.4,142.77,140.64,142.31,481600,FRT
2025-01-03 07:00:00,142.84,148.56,141.7,142.84,1170300,FRT
2025-01-06 07:00:00,144.6,147.64,141.7,141.7,631100,FRT
2025-01-07 07:00:00,141.7,141.7,140.25,141.32,723800,FRT
2025-01-08 07:00:00,141.17,142.46,139.04,140.18,392800,FRT
2025-01-09 07:00:00,139.04,141.02,139.04,140.56,348700,FRT
2025-01-10 07:00:00,140.18,141.47,139.11,139.8,324500,FRT
2025-01-13 07:00:00,139.72,140.94,138.81,140.94,241700,FRT
2025-01-14 07:00:00,140.18,142.84,131.11,140.94,438300,FRT
2025-01-15 07:00:00,140.94,141.02,139.26,140.94,579800,FRT
2025-01-16 07:00:00,139.57,141.4,139.26,140.41,341900,FRT
2025-01-17 07:00:00,140.64,142.46,139.8,142.46,431400,FRT
2025-01-20 07:00:00,141.85,143.61,141.62,143.22,418100,FRT
2025-01-21 07:00:00,144.37,146.65,143.15,146.65,705400,FRT
2025-01-22 07:00:00,147.8,153.66,147.11,153.13,945800,FRT
2025-01-23 07:00:00,154.65,154.88,150.31,151.22,862800,FRT
2025-01-24 07:00:00,152.37,159.53,152.37,156.94,883400,FRT
2025-02-03 07:00:00,155.41,156.94,153.89,156.18,276600,FRT
2025-02-04 07:00:00,155.95,155.95,153.21,153.43,389100,FRT
2025-02-05 07:00:00,153.97,154.65,147.87,150.69,1006500,FRT
2025-02-06 07:00:00,149.47,150.08,143.22,143.22,807500,FRT
2025-02-07 07:00:00,144.22,144.75,143.0,143.53,1027200,FRT
2025-02-10 07:00:00,142.84,144.75,141.85,143.68,768100,FRT
2025-02-11 07:00:00,143.22,147.49,143.22,146.96,673900,FRT
2025-02-12 07:00:00,146.96,147.49,145.05,146.12,275500,FRT
2025-02-13 07:00:00,144.98,147.03,143.83,144.75,453600,FRT
2025-02-14 07:00:00,145.51,146.65,144.52,145.13,274800,FRT
2025-02-17 07:00:00,145.13,145.51,143.61,144.14,428400,FRT
2025-02-18 07:00:00,143.99,146.27,143.22,145.13,387100,FRT
2025-02-19 07:00:00,145.89,146.12,143.61,145.51,350600,FRT
2025-02-20 07:00:00,145.51,145.51,143.45,143.61,257600,FRT
2025-02-21 07:00:00,143.61,143.61,139.95,140.18,708300,FRT
2025-02-24 07:00:00,140.18,140.18,133.32,136.22,1066900,FRT
2025-02-25 07:00:00,136.14,136.14,133.32,133.55,710000,FRT
2025-02-26 07:00:00,135.07,137.82,134.08,137.51,452000,FRT
2025-02-27 07:00:00,138.04,140.86,137.21,140.56,633900,FRT
2025-02-28 07:00:00,140.48,140.56,138.43,139.42,425900,FRT
2025-03-03 07:00:00,139.72,139.72,137.28,138.27,403700,FRT
2025-03-04 07:00:00,138.27,139.42,136.75,136.75,381100,FRT
2025-03-05 07:00:00,137.97,139.95,137.13,138.27,429200,FRT
2025-03-06 07:00:00,139.42,139.8,138.27,138.65,423400,FRT
2025-03-07 07:00:00,138.81,139.8,138.27,139.04,197400,FRT
2025-03-10 07:00:00,139.04,139.04,134.84,135.23,759700,FRT
2025-03-11 07:00:00,134.46,136.22,134.08,136.22,412200,FRT
2025-03-12 07:00:00,136.22,136.22,134.84,134.92,285600,FRT
2025-03-13 07:00:00,134.92,138.27,134.92,137.13,522200,FRT
2025-03-14 07:00:00,137.74,138.27,135.84,137.21,397600,FRT
2025-03-17 07:00:00,137.28,139.42,137.21,139.26,401700,FRT
2025-03-18 07:00:00,139.95,141.32,136.75,137.13,528800,FRT
2025-03-19 07:00:00,136.6,137.89,134.84,137.13,331000,FRT
2025-03-20 07:00:00,136.9,136.9,132.26,134.08,760100,FRT
2025-03-21 07:00:00,134.16,134.84,133.09,134.08,168900,FRT
2025-03-24 07:00:00,133.55,134.08,130.88,131.04,391300,FRT
2025-03-25 07:00:00,130.96,131.42,127.61,129.51,645800,FRT
2025-03-26 07:00:00,130.27,130.27,128.75,129.36,175600,FRT
2025-03-27 07:00:00,128.75,130.27,128.67,130.27,200400,FRT
2025-03-28 07:00:00,130.5,130.5,127.99,128.75,239500,FRT
2025-03-31 07:00:00,127.3,127.3,122.96,125.7,957600,FRT
2025-04-01 07:00:00,123.87,124.1,117.32,117.32,836000,FRT
2025-04-02 07:00:00,119.61,119.61,112.45,115.04,1040500,FRT
2025-04-03 07:00:00,110.47,113.51,107.04,107.04,794800,FRT
2025-04-04 07:00:00,99.8,106.96,99.8,106.66,963900,FRT
2025-04-08 07:00:00,102.85,103.61,99.19,99.19,821700,FRT
2025-04-09 07:00:00,92.26,99.8,92.26,94.54,1144300,FRT
2025-04-10 07:00:00,101.1,101.1,101.1,101.1,54500,FRT
2025-04-11 07:00:00,108.1,108.1,105.06,108.1,726700,FRT
2025-04-14 07:00:00,114.2,115.42,110.47,115.04,817500,FRT
2025-04-15 07:00:00,114.28,115.04,112.68,113.13,412300,FRT
2025-04-16 07:00:00,113.13,114.96,107.95,110.47,442500,FRT
2025-04-17 07:00:00,108.94,111.15,107.42,108.94,131800,FRT
2025-04-18 07:00:00,109.7,115.8,109.7,111.61,362400,FRT
2025-04-21 07:00:00,111.61,115.65,109.02,115.04,421900,FRT
2025-04-22 07:00:00,115.72,121.74,108.56,121.74,1323500,FRT
2025-04-23 07:00:00,125.32,127.99,122.73,127.99,719800,FRT
2025-04-24 07:00:00,127.15,130.66,125.86,128.06,447400,FRT
2025-04-25 07:00:00,129.51,129.51,124.18,124.18,352800,FRT
2025-04-28 07:00:00,125.4,127.15,122.28,126.39,725500,FRT
2025-04-29 07:00:00,126.62,128.6,124.79,127.84,473700,FRT
2025-05-05 07:00:00,128.44,132.48,127.23,131.42,626200,FRT
2025-05-06 07:00:00,132.1,132.1,130.73,130.88,247700,FRT
2025-05-07 07:00:00,130.58,131.95,129.51,131.95,497200,FRT
2025-05-08 07:00:00,131.95,131.95,129.89,129.89,333500,FRT
2025-05-09 07:00:00,130.5,131.04,129.44,129.89,332600,FRT
2025-05-12 07:00:00,129.97,131.49,129.13,131.49,306400,FRT
2025-05-13 07:00:00,131.49,136.83,131.49,133.32,396900,FRT
2025-05-14 07:00:00,133.32,134.77,132.56,133.32,484700,FRT
2025-05-15 07:00:00,134.08,134.77,131.04,133.32,276200,FRT
2025-05-16 07:00:00,133.47,133.47,130.88,130.88,206800,FRT
2025-05-19 07:00:00,129.51,130.66,127.99,127.99,323500,FRT
2025-05-20 07:00:00,128.44,130.04,128.37,129.82,175600,FRT
2025-05-21 07:00:00,130.04,130.04,127.23,127.38,347600,FRT
2025-05-22 07:00:00,127.23,127.76,124.79,125.4,427800,FRT
2025-05-23 07:00:00,124.56,126.77,124.26,124.41,140200,FRT
2025-05-26 07:00:00,124.18,124.94,122.2,123.57,366500,FRT
2025-05-27 07:00:00,124.03,129.06,124.03,128.06,428500,FRT
2025-05-28 07:00:00,129.51,129.51,126.08,127.61,235600,FRT
2025-05-29 07:00:00,127.15,127.61,124.94,127.61,412900,FRT
2025-05-30 07:00:00,128.06,128.06,125.7,127.99,306000,FRT
2025-06-02 07:00:00,124.94,127.99,124.94,125.63,219000,FRT
2025-06-03 07:00:00,125.02,129.44,125.02,129.13,535900,FRT
2025-06-04 07:00:00,129.59,130.27,127.99,127.99,161900,FRT
2025-06-05 07:00:00,128.75,128.75,126.46,127.99,226100,FRT
2025-06-06 07:00:00,127.99,127.99,125.7,125.7,186200,FRT
2025-06-09 07:00:00,125.7,130.96,125.7,129.82,907000,FRT
2025-06-10 07:00:00,130.2,137.82,130.2,137.05,1068200,FRT
2025-06-11 07:00:00,137.13,137.13,134.39,135.61,242100,FRT
2025-06-12 07:00:00,136.29,136.29,133.32,134.08,349900,FRT
2025-06-13 07:00:00,134.01,134.39,125.7,130.35,570800,FRT
2025-06-16 07:00:00,130.66,132.48,129.51,132.48,224000,FRT
2025-06-17 07:00:00,133.32,135.15,131.04,135.15,267900,FRT
2025-06-18 07:00:00,135.15,135.15,131.87,132.48,473400,FRT
2025-06-19 07:00:00,132.71,132.71,130.66,132.56,375000,FRT
2025-06-20 07:00:00,131.42,133.17,131.04,131.19,226300,FRT
2025-06-23 07:00:00,130.2,131.19,128.44,131.19,265200,FRT
2025-06-24 07:00:00,131.19,131.8,129.59,131.04,357500,FRT
2025-06-25 07:00:00,129.89,131.65,129.89,131.42,256700,FRT
2025-06-26 07:00:00,130.81,134.77,130.43,132.94,655100,FRT
2025-06-27 07:00:00,132.94,134.62,131.49,133.7,381900,FRT
2025-06-30 07:00:00,134.69,136.98,133.4,136.52,667700,FRT
2025-07-01 07:00:00,136.6,140.64,136.22,136.83,1059200,FRT
2025-07-02 07:00:00,136.83,137.89,135.68,137.89,240800,FRT
2025-07-03 07:00:00,139.04,142.39,137.21,141.7,800800,FRT
2025-07-04 07:00:00,141.78,144.75,141.09,143.53,511500,FRT
2025-07-07 07:00:00,143.61,144.6,141.47,142.01,266700,FRT
2025-07-08 07:00:00,141.85,143.45,141.78,141.93,395800,FRT
2025-07-09 07:00:00,142.16,142.54,139.26,142.31,760100,FRT
2025-07-10 07:00:00,142.31,142.31,139.87,139.87,412300,FRT
2025-07-11 07:00:00,139.95,141.7,139.49,139.49,327000,FRT
2025-07-14 07:00:00,139.95,145.13,139.64,145.13,696300,FRT
2025-07-15 07:00:00,145.21,145.66,143.0,143.91,533900,FRT
2025-07-16 07:00:00,146.67,148.1,143.15,144.77,832200,FRT
2025-07-17 07:00:00,146.67,147.62,144.48,145.15,530300,FRT
2025-07-18 07:00:00,144.96,147.53,144.67,145.05,434100,FRT
2025-07-21 07:00:00,144.77,145.72,144.67,144.77,432100,FRT
2025-07-22 07:00:00,144.39,144.86,143.72,143.82,324200,FRT
2025-07-23 07:00:00,143.82,150.77,143.82,150.01,944000,FRT
2025-07-24 07:00:00,150.2,150.2,148.58,149.15,360500,FRT
2025-07-25 07:00:00,149.15,151.44,148.2,150.48,463500,FRT
2025-07-28 07:00:00,150.48,150.48,148.48,149.15,317900,FRT
2025-07-29 07:00:00,148.39,149.44,143.82,145.62,782200,FRT
2025-07-30 07:00:00,144.77,147.34,143.15,147.34,843900,FRT
2025-07-31 07:00:00,147.24,147.34,143.62,147.34,694300,FRT
2025-08-01 07:00:00,145.72,147.15,144.58,147.15,722400,FRT
2025-08-04 07:00:00,146.58,146.86,144.58,146.86,415400,FRT
2025-08-05 07:00:00,144.86,146.1,143.82,143.82,1142100,FRT
2025-08-06 07:00:00,143.82,146.67,143.43,146.67,564300,FRT
2025-08-07 07:00:00,145.53,146.2,144.77,144.77,271300,FRT
2025-08-08 07:00:00,144.77,145.72,143.91,144.29,559700,FRT
2025-08-11 07:00:00,144.1,145.24,143.34,143.82,846000,FRT
2025-08-12 07:00:00,143.82,143.82,141.91,142.86,920300,FRT
2025-08-13 07:00:00,143.82,143.82,140.48,141.15,670900,FRT
2025-08-14 07:00:00,140.77,140.96,136.29,136.29,1097300,FRT
2025-08-15 07:00:00,136.48,138.1,131.43,135.72,1028800,FRT
2025-08-18 07:00:00,135.34,135.34,131.62,131.72,360400,FRT
2025-08-19 07:00:00,131.72,135.05,131.43,131.53,573900,FRT
2025-08-20 07:00:00,132.1,132.1,126.86,126.86,563500,FRT
2025-08-21 07:00:00,124.77,128.0,122.29,122.39,902900,FRT
2025-08-22 07:00:00,123.81,126.58,122.86,124.39,569300,FRT
2025-08-25 07:00:00,125.82,126.48,122.58,122.77,372900,FRT
2025-08-26 07:00:00,120.96,126.1,119.62,126.1,522900,FRT
2025-08-27 07:00:00,126.1,128.1,123.91,124.77,511500,FRT
2025-08-28 07:00:00,126.1,127.15,124.39,125.82,332400,FRT
2025-08-29 07:00:00,124.77,125.43,123.81,124.39,737000,FRT
2025-09-03 07:00:00,124.29,124.29,121.91,122.0,640500,FRT
2025-09-04 07:00:00,122.0,124.77,121.91,123.62,552500,FRT
2025-09-05 07:00:00,123.91,126.96,123.91,125.53,946000,FRT
2025-09-08 07:00:00,126.29,126.29,122.39,123.81,470400,FRT
2025-09-09 07:00:00,123.81,123.81,121.53,122.1,398900,FRT
2025-09-10 07:00:00,121.91,122.86,120.86,122.39,570200,FRT
2025-09-11 07:00:00,121.24,122.77,117.15,122.77,392100,FRT
2025-09-12 07:00:00,121.62,124.77,121.62,124.77,370900,FRT
2025-09-15 07:00:00,125.72,127.43,125.24,126.86,655900,FRT
2025-09-16 07:00:00,126.96,132.86,126.86,129.53,1215300,FRT
2025-09-17 07:00:00,131.43,131.72,127.05,127.15,632100,FRT
2025-09-18 07:00:00,128.2,128.2,125.72,126.2,485600,FRT
2025-09-19 07:00:00,126.48,126.48,122.77,124.77,718400,FRT
2025-09-22 07:00:00,125.72,125.72,122.48,124.67,478400,FRT
2025-09-23 07:00:00,124.29,125.05,122.86,122.86,369700,FRT
2025-09-24 07:00:00,122.39,125.53,120.96,125.53,451900,FRT
2025-09-25 07:00:00,125.24,125.24,122.86,124.96,450400,FRT
2025-09-26 07:00:00,123.91,124.1,123.15,123.81,265400,FRT
2025-09-29 07:00:00,123.72,123.72,121.91,122.77,407700,FRT
2025-09-30 07:00:00,121.91,123.05,119.43,121.91,732000,FRT
2025-10-01 07:00:00,122.2,122.29,120.29,120.29,201400,FRT
2025-10-02 07:00:00,119.62,121.34,118.1,118.1,335200,FRT
2025-10-03 07:00:00,117.62,119.53,116.29,117.15,194400,FRT
2025-10-06 07:00:00,119.05,120.29,117.15,119.24,318600,FRT
2025-10-07 07:00:00,121.62,125.72,120.48,124.29,862200,FRT
2025-10-08 07:00:00,126.48,127.53,123.72,127.24,567600,FRT
2025-10-09 07:00:00,127.62,131.24,127.34,130.77,934400,FRT
2025-10-10 07:00:00,132.0,138.29,131.15,136.77,1813000,FRT
2025-10-13 07:00:00,135.72,136.2,133.62,135.43,520400,FRT
2025-10-14 07:00:00,135.43,135.43,130.67,135.43,1094100,FRT
2025-10-15 07:00:00,135.15,136.67,132.67,135.24,585800,FRT
2025-10-16 07:00:00,135.53,136.2,132.77,132.86,244100,FRT
2025-10-17 07:00:00,132.77,133.34,130.0,132.29,640000,FRT
2025-10-20 07:00:00,129.53,132.29,123.05,123.05,450700,FRT
2025-10-21 07:00:00,123.15,131.62,123.15,131.62,1254700,FRT
2025-10-22 07:00:00,135.34,137.53,133.34,137.53,944400,FRT
2025-10-23 07:00:00,138.39,140.67,135.72,135.72,436400,FRT
2025-10-24 07:00:00,136.77,140.77,136.77,140.48,883500,FRT
2025-10-27 07:00:00,140.48,142.01,137.62,139.34,611600,FRT
2025-10-28 07:00:00,140.67,141.43,136.1,140.96,538900,FRT
2025-10-29 07:00:00,143.24,143.24,138.1,138.1,575200,FRT
2025-10-30 07:00:00,140.48,141.43,137.62,141.05,1027600,FRT
2025-10-31 07:00:00,141.05,141.34,138.77,141.34,649900,FRT
2025-11-03 07:00:00,140.96,141.34,138.67,140.01,711300,FRT
2025-11-04 07:00:00,137.72,139.91,133.24,136.2,836500,FRT
2025-11-05 07:00:00,137.05,137.05,134.77,136.2,269700,FRT
2025-11-06 07:00:00,136.77,136.77,132.86,136.2,458800,FRT
2025-11-07 07:00:00,132.96,135.72,132.86,132.86,351200,FRT
2025-11-10 07:00:00,128.58,135.82,128.58,132.48,310900,FRT
2025-11-11 07:00:00,131.34,135.15,131.34,135.15,195500,FRT
2025-11-12 07:00:00,132.86,137.15,132.86,137.15,290900,FRT
2025-11-13 07:00:00,137.24,142.01,132.86,138.2,572300,FRT
2025-11-14 07:00:00,138.2,139.05,135.72,139.05,209400,FRT
2025-11-17 07:00:00,139.82,141.43,137.53,139.62,579600,FRT
2025-11-18 07:00:00,140.01,141.43,138.48,141.43,956700,FRT
2025-11-19 07:00:00,141.53,141.53,137.72,140.01,695600,FRT
2025-11-20 07:00:00,139.34,140.01,135.05,135.43,552800,FRT
2025-11-21 07:00:00,135.24,136.48,133.34,135.53,296500,FRT
2025-11-24 07:00:00,135.53,136.67,133.72,133.72,187700,FRT
2025-11-25 07:00:00,133.62,135.24,132.67,135.24,302300,FRT
2025-11-26 07:00:00,134.77,139.05,134.77,138.2,418800,FRT
2025-11-27 07:00:00,138.58,139.72,137.24,139.15,362900,FRT
2025-11-28 07:00:00,139.05,140.77,138.1,140.01,481000,FRT
2025-12-01 07:00:00,139.24,140.77,138.1,138.1,345900,FRT
2025-12-02 07:00:00,137.34,138.1,135.72,138.1,446000,FRT
2025-12-03 07:00:00,138.96,147.72,138.1,147.72,2151500,FRT
2025-12-04 07:00:00,150.48,151.44,147.82,150.96,813600,FRT
2025-12-05 07:00:00,151.34,157.15,148.58,152.39,1133200,FRT
2025-12-08 07:00:00,152.39,152.39,146.77,149.82,681300,FRT
2025-12-09 07:00:00,148.58,150.48,140.96,147.15,992400,FRT
2025-12-10 07:00:00,145.62,146.86,142.48,142.48,441500,FRT
2025-12-11 07:00:00,142.58,145.24,142.58,142.86,364500,FRT
2025-12-12 07:00:00,143.72,143.72,133.34,133.34,1048100,FRT
2025-12-15 07:00:00,133.34,135.15,132.48,133.43,449800,FRT
2025-12-16 07:00:00,133.34,137.15,132.96,135.82,449300,FRT
2025-12-17 07:00:00,136.2,137.62,135.05,136.2,308500,FRT
2025-12-18 07:00:00,134.2,137.43,134.2,136.48,250100,FRT
2025-12-19 07:00:00,135.91,137.15,134.67,137.15,451800,FRT
2025-12-22 07:00:00,137.15,140.48,136.67,140.01,339800,FRT
2025-12-23 07:00:00,140.96,140.96,138.48,140.48,361400,FRT
2025-12-24 07:00:00,140.01,140.01,138.1,139.62,255100,FRT
2025-12-25 07:00:00,139.05,139.72,136.67,139.05,265600,FRT
2025-12-26 07:00:00,138.1,138.1,135.24,137.34,216500,FRT
2025-12-29 07:00:00,137.34,139.05,135.91,139.05,200200,FRT
2025-12-30 07:00:00,138.77,141.43,138.1,140.67,285100,FRT
2025-12-31 07:00:00,141.72,142.39,139.53,142.39,316800,FRT
2026-01-05 07:00:00,141.82,149.24,140.48,145.82,615800,FRT
2026-01-06 07:00:00,145.72,147.15,144.58,145.15,180000,FRT
2026-01-07 07:00:00,145.34,149.44,144.77,145.34,389500,FRT
2026-01-08 07:00:00,145.34,145.34,138.1,139.05,883800,FRT
2026-01-09 07:00:00,138.67,142.01,136.67,136.67,552500,FRT
2026-01-12 07:00:00,136.2,139.43,136.1,138.1,312400,FRT
2026-01-13 07:00:00,137.72,139.62,137.15,137.72,461800,FRT
2026-01-14 07:00:00,138.86,141.72,137.24,138.1,518200,FRT
2026-01-15 07:00:00,138.1,139.05,136.67,139.05,350700,FRT
2026-01-16 07:00:00,139.05,148.77,137.62,147.62,1373100,FRT
2026-01-19 07:00:00,148.48,148.48,143.43,146.1,295600,FRT
2026-01-20 07:00:00,145.72,152.39,145.05,145.53,698300,FRT
2026-01-21 07:00:00,144.29,145.53,140.96,145.53,496000,FRT
2026-01-22 07:00:00,145.53,146.1,142.48,146.01,442300,FRT
2026-01-23 07:00:00,145.62,147.82,143.91,144.58,389500,FRT
2026-01-26 07:00:00,143.91,144.48,138.2,138.2,485600,FRT
2026-01-27 07:00:00,138.29,147.72,138.29,147.34,791600,FRT
2026-01-28 07:00:00,148.2,154.39,147.62,152.67,1500000,FRT
2026-01-29 07:00:00,152.39,160.86,151.44,157.15,1082600,FRT
2026-01-30 07:00:00,160.86,162.86,157.15,161.82,998500,FRT
2026-02-02 07:00:00,163.15,172.39,158.2,167.15,1620300,FRT
2026-02-03 07:00:00,169.72,169.72,163.63,165.72,1074200,FRT
2026-02-04 07:00:00,163.82,169.72,163.82,166.58,868000,FRT
2026-02-05 07:00:00,166.77,166.77,161.44,161.91,867600,FRT
2026-02-06 07:00:00,160.1,160.77,152.77,152.77,998500,FRT
2026-02-09 07:00:00,155.72,157.82,153.34,156.2,219600,FRT
2026-02-10 07:00:00,156.2,157.15,152.01,157.15,440400,FRT
2026-02-11 07:00:00,157.15,159.05,154.86,159.05,349600,FRT
2026-02-12 07:00:00,159.91,162.2,158.01,159.05,375100,FRT
2026-02-13 07:00:00,159.05,161.91,157.05,161.91,575700,FRT
2026-02-23 07:00:00,161.91,164.1,160.01,163.72,582500,FRT
2026-02-24 07:00:00,162.86,163.72,160.1,162.86,540300,FRT
2026-02-25 07:00:00,162.86,162.86,160.67,162.86,360100,FRT
2026-02-26 07:00:00,162.77,163.72,160.67,162.77,392200,FRT
2026-02-27 07:00:00,162.77,162.77,157.34,160.96,972000,FRT
2026-03-02 07:00:00,157.62,160.96,157.15,160.96,535900,FRT
2026-03-03 07:00:00,159.44,160.96,154.29,157.15,651700,FRT
2026-03-04 07:00:00,154.96,156.01,147.62,156.01,899600,FRT
2026-03-05 07:00:00,156.01,156.2,150.39,151.44,500800,FRT
2026-03-06 07:00:00,149.82,149.82,143.34,143.43,804500,FRT
2026-03-09 07:00:00,134.29,135.24,133.43,133.43,729500,FRT
2026-03-10 07:00:00,136.2,140.96,135.72,138.29,675800,FRT
2026-03-11 07:00:00,138.1,147.91,138.1,147.91,510800,FRT
2026-03-12 07:00:00,146.48,146.48,140.77,146.29,657000,FRT
2026-03-13 07:00:00,142.86,142.86,141.53,142.01,307600,FRT
2026-03-16 07:00:00,140.48,143.53,140.48,143.34,193300,FRT
2026-03-17 07:00:00,143.82,147.53,143.34,144.96,386300,FRT
2026-03-18 07:00:00,146.86,146.86,142.58,142.58,186500,FRT
2026-03-19 07:00:00,141.91,142.48,140.48,141.91,244500,FRT
2026-03-20 07:00:00,141.91,142.86,140.96,141.53,157600,FRT
2026-03-23 07:00:00,138.1,142.86,137.15,142.86,439100,FRT
2026-03-24 07:00:00,142.86,150.48,142.86,150.48,377600,FRT
2026-03-25 07:00:00,150.48,151.05,147.91,151.05,377300,FRT
2026-03-26 07:00:00,150.86,150.86,146.86,150.48,353800,FRT
2026-03-27 07:00:00,147.53,154.77,147.53,154.77,704800,FRT
2026-03-30 07:00:00,151.53,151.53,148.77,150.48,630300,FRT
2026-03-31 07:00:00,150.1,150.1,146.58,149.53,477400,FRT
2026-04-01 07:00:00,150.48,150.48,147.15,149.53,163300,FRT
2026-04-02 07:00:00,146.86,148.29,146.48,146.67,185600,FRT
2026-04-03 07:00:00,146.67,147.62,141.62,144.77,454000,FRT
2026-04-06 07:00:00,145.72,145.72,140.48,140.96,273900,FRT
2026-04-07 07:00:00,140.96,142.67,139.72,142.39,165300,FRT
2026-04-08 07:00:00,144.58,147.62,144.1,145.82,691600,FRT
2026-04-09 07:00:00,144.77,145.72,142.86,142.86,223900,FRT
2026-04-10 07:00:00,143.82,145.15,142.01,144.77,412200,FRT
2026-04-13 07:00:00,144.29,144.39,141.91,141.91,183800,FRT
2026-04-14 07:00:00,143.62,144.29,142.86,143.34,78500,FRT
2026-04-15 07:00:00,144.77,144.77,141.62,143.82,271900,FRT
2026-04-16 07:00:00,142.86,144.29,141.91,143.82,330700,FRT
2026-04-17 07:00:00,143.62,149.24,143.62,144.86,814200,FRT
2026-04-20 07:00:00,145.72,145.72,142.96,143.62,201100,FRT
2026-04-21 07:00:00,143.34,143.82,141.91,143.82,420700,FRT
2026-04-22 07:00:00,142.01,143.24,141.05,142.77,215500,FRT
2026-04-23 07:00:00,142.77,142.77,139.62,139.72,235300,FRT
2026-04-24 07:00:00,140.01,140.96,136.48,137.62,369800,FRT
2026-04-28 07:00:00,137.62,140.48,136.2,140.48,470000,FRT
2026-04-29 07:00:00,139.43,141.91,138.1,141.91,325200,FRT
2026-05-04 07:00:00,140.29,141.53,139.72,140.96,155900,FRT
2026-05-05 07:00:00,139.72,141.82,139.15,141.82,148500,FRT
2026-05-06 07:00:00,140.29,141.62,140.29,140.77,226100,FRT
2026-05-07 07:00:00,140.67,142.29,138.67,138.77,316600,FRT
2026-05-08 07:00:00,138.77,140.39,136.86,138.1,374300,FRT
2026-05-11 07:00:00,137.05,138.1,131.43,131.43,674500,FRT
2026-05-12 07:00:00,133.34,135.05,130.39,131.72,393900,FRT
2026-05-13 07:00:00,130.48,132.39,130.48,130.96,187500,FRT
2026-05-14 07:00:00,130.96,134.2,129.53,129.53,424000,FRT
2026-05-15 07:00:00,129.62,131.53,127.62,127.62,368200,FRT
2026-05-18 07:00:00,127.62,128.39,126.58,127.62,427500,FRT
2026-05-19 07:00:00,127.62,129.05,126.39,126.39,398800,FRT
2026-05-20 07:00:00,126.29,126.29,122.39,125.72,618600,FRT
2026-05-21 07:00:00,126.67,126.77,124.29,125.15,366800,FRT
2026-05-22 07:00:00,124.77,125.24,123.15,123.15,213800,FRT
2026-05-25 07:00:00,124.58,124.58,123.34,123.91,267600,FRT
2026-05-26 07:00:00,124.1,124.1,123.34,124.0,212000,FRT
2026-05-27 07:00:00,124.0,124.77,123.62,124.77,181600,FRT
2026-05-28 07:00:00,124.77,125.05,123.81,124.77,324900,FRT
2026-05-29 07:00:00,124.67,124.67,123.43,124.0,200700,FRT
2026-06-01 07:00:00,123.62,123.81,121.05,121.05,359200,FRT
2026-06-02 07:00:00,121.05,124.67,121.05,121.62,331500,FRT
2026-06-03 07:00:00,121.43,122.2,120.67,122.0,399600,FRT
2026-06-04 07:00:00,121.91,121.91,119.43,120.96,452200,FRT
2026-06-05 07:00:00,120.96,121.91,113.34,118.86,528600,FRT
2026-06-08 07:00:00,117.15,119.05,116.58,118.58,385300,FRT
2026-06-09 07:00:00,118.77,118.86,115.34,116.58,662200,FRT
2026-06-10 07:00:00,116.48,116.48,114.29,115.24,678000,FRT
2026-06-11 07:00:00,115.15,115.24,113.34,113.34,490100,FRT
2026-06-12 07:00:00,113.43,117.05,113.43,115.24,260700,FRT
2026-06-15 07:00:00,116.86,118.1,114.77,117.91,215200,FRT
2026-06-16 07:00:00,120.0,125.72,118.86,124.67,1049100,FRT
2026-06-17 07:00:00,124.67,127.43,123.05,125.72,725900,FRT
2026-06-18 07:00:00,125.72,127.43,123.72,123.81,527000,FRT
2026-06-19 07:00:00,123.81,125.15,122.96,123.81,301500,FRT
2026-06-22 07:00:00,123.15,124.29,121.43,124.29,468400,FRT
2026-06-23 07:00:00,124.2,124.67,121.43,122.67,395800,FRT
2026-06-24 07:00:00,121.91,123.15,119.05,122.67,310800,FRT
2026-06-25 07:00:00,121.24,122.29,120.1,121.72,201000,FRT
2026-06-26 07:00:00,120.1,120.58,118.0,118.1,505400,FRT
2026-06-29 07:00:00,121.1,121.1,118.8,119.0,113600,FRT
2026-06-30 07:00:00,119.0,120.4,118.8,120.0,155200,FRT
2026-07-01 07:00:00,120.3,122.2,119.5,122.1,132200,FRT
2026-07-02 07:00:00,122.5,123.1,121.6,122.0,134300,FRT
2026-07-03 07:00:00,122.0,122.0,117.5,120.4,492800,FRT
2026-07-06 07:00:00,120.3,120.3,116.2,116.2,184800,FRT
2026-07-07 07:00:00,117.7,117.7,115.0,117.0,346900,FRT
2026-07-08 07:00:00,115.6,116.9,115.3,116.4,145500,FRT
2026-07-09 07:00:00,116.4,116.4,115.5,115.5,95600,FRT
2026-07-10 07:00:00,115.5,115.5,113.9,113.9,166800,FRT
2026-07-13 07:00:00,113.3,114.0,112.1,113.3,221000,FRT
2026-07-14 07:00:00,110.0,114.9,110.0,113.6,95800,FRT
2026-07-15 07:00:00,113.5,114.0,112.0,113.0,135100,FRT
2026-07-16 07:00:00,111.4,112.4,108.5,111.4,222700,FRT
2026-07-17 07:00:00,111.6,111.8,109.0,111.8,222400,FRT
2026-07-20 07:00:00,113.0,113.0,109.0,109.9,99800,FRT
2026-07-21 07:00:00,108.7,111.3,108.7,110.9,360400,FRT
2026-07-22 07:00:00,110.9,113.0,104.8,105.0,525600,FRT
2026-07-23 07:00:00,105.0,109.0,100.2,109.0,788600,FRT
2026-07-24 07:00:00,106.0,108.3,103.7,107.8,379500,FRT
2026-07-27 07:00:00,108.1,109.5,106.9,107.8,372900,FRT
2026-07-28 07:00:00,105.3,108.0,104.0,107.7,364900,FRT
2026-07-29 07:00:00,107.0,112.5,105.8,108.7,451300,FRT
2026-07-30 07:00:00,109.9,116.3,109.9,116.3,253700,FRT
2026-07-31 07:00:00,124.4,124.4,123.3,124.4,1254600,FRT
2026-08-03 07:00:00,126.0,133.1,125.9,133.1,1302200,FRT
2026-08-04 07:00:00,136.0,137.9,132.1,133.1,957900,FRT
2026-08-05 07:00:00,134.9,139.0,133.5,135.0,993100,FRT
2026-08-06 07:00:00,135.0,135.4,130.5,132.1,272000,FRT
2026-08-07 07:00:00,132.1,133.6,131.1,132.0,451000,FRT
2026-08-10 07:00:00,134.0,137.2,132.0,137.0,778600,FRT
2026-08-11 07:00:00,138.1,146.5,138.0,146.5,1428500,FRT
2026-08-12 07:00:00,148.0,148.5,145.0,148.0,931600,FRT
2026-08-13 07:00:00,147.3,147.9,143.1,146.9,408300,FRT
2026-08-14 07:00:00,142.1,144.8,141.8,142.9,825400,FRT
2026-08-17 07:00:00,143.2,147.0,138.0,147.0,921800,FRT
2026-08-18 07:00:00,147.0,151.5,145.1,145.1,325500,FRT
2026-08-19 07:00:00,142.0,149.6,142.0,143.0,768600,FRT
2026-08-20 07:00:00,142.9,147.0,142.1,145.0,426800,FRT
2026-08-21 07:00:00,144.8,147.5,140.6,143.5,469400,FRT
2026-08-24 07:00:00,143.0,148.0,142.6,147.5,461600,FRT
2026-08-25 07:00:00,146.0,146.5,144.0,145.0,143200,FRT
2026-08-26 07:00:00,144.9,144.9,142.9,142.9,275300,FRT
2026-08-27 07:00:00,142.9,146.5,142.9,145.9,411200,FRT
2026-08-28 07:00:00,145.7,145.9,143.5,145.9,202100,FRT
2026-09-03 07:00:00,144.2,144.2,142.9,142.9,182600,FRT
2026-09-04 07:00:00,142.0,143.9,139.0,142.7,250600,FRT
2026-09-07 07:00:00,143.0,143.0,136.4,136.4,315700,FRT
2026-09-08 07:00:00,136.4,140.5,136.4,139.5,231400,FRT
2026-09-09 07:00:00,139.5,142.5,137.5,140.5,230500,FRT
2026-09-10 07:00:00,140.4,143.0,140.0,140.0,455100,FRT
2026-09-11 07:00:00,139.8,139.8,136.0,137.0,274600,FRT
2026-09-14 07:00:00,137.0,138.5,127.5,133.0,831700,FRT
2026-09-15 07:00:00,131.6,136.0,129.0,129.0,285700,FRT
2026-09-16 07:00:00,129.5,133.3,128.0,128.0,401800,FRT
2026-09-17 07:00:00,128.1,132.3,128.1,130.0,408100,FRT
2026-09-18 07:00:00,131.5,133.7,130.1,130.9,443800,FRT
2026-09-21 07:00:00,131.0,132.0,130.0,130.1,237300,FRT
2026-09-22 07:00:00,130.3,133.5,129.3,131.0,416300,FRT
2026-09-23 07:00:00,131.2,132.6,131.2,132.6,113600,FRT
