time,open,high,low,close,volume,ticker
2019-01-02 07:00:00,4.89,4.91,4.78,4.78,1741470,HAG
2019-01-03 07:00:00,4.78,4.8,4.6,4.68,2617730,HAG
2019-01-04 07:00:00,4.61,4.69,4.57,4.66,1512050,HAG
2019-01-07 07:00:00,4.7,4.8,4.66,4.66,1098030,HAG
2019-01-08 07:00:00,4.66,4.75,4.65,4.75,1421580,HAG
2019-01-09 07:00:00,4.72,4.81,4.71,4.71,1488490,HAG
2019-01-10 07:00:00,4.71,4.88,4.68,4.86,3041210,HAG
2019-01-11 07:00:00,5.0,5.16,5.0,5.08,4895270,HAG
2019-01-14 07:00:00,5.14,5.25,5.07,5.07,2763840,HAG
2019-01-15 07:00:00,5.07,5.14,5.05,5.07,2004640,HAG
2019-01-16 07:00:00,5.13,5.13,5.02,5.11,2730810,HAG
2019-01-17 07:00:00,5.1,5.11,5.02,5.03,1620310,HAG
2019-01-18 07:00:00,5.03,5.08,4.99,4.99,1414810,HAG
2019-01-21 07:00:00,5.03,5.03,4.92,4.95,1519210,HAG
2019-01-22 07:00:00,4.97,5.04,4.97,4.98,2419110,HAG
2019-01-23 07:00:00,4.96,5.08,4.96,5.0,1648200,HAG
2019-01-24 07:00:00,5.01,5.03,4.98,4.99,1793650,HAG
2019-01-25 07:00:00,5.0,5.04,4.98,5.0,1871660,HAG
2019-01-28 07:00:00,5.0,5.02,4.98,5.0,1002970,HAG
2019-01-29 07:00:00,5.0,5.02,4.92,4.93,1758180,HAG
2019-01-30 07:00:00,4.97,5.01,4.93,5.0,1410060,HAG
2019-01-31 07:00:00,4.95,5.1,4.95,5.0,2181820,HAG
2019-02-01 07:00:00,5.0,5.02,4.89,5.0,1740010,HAG
2019-02-11 07:00:00,5.0,5.04,4.96,4.96,974380,HAG
2019-02-12 07:00:00,5.0,5.3,4.97,5.3,11270510,HAG
2019-02-13 07:00:00,5.4,5.43,5.3,5.32,5219350,HAG
2019-02-14 07:00:00,5.32,5.34,5.18,5.2,4073580,HAG
2019-02-15 07:00:00,5.2,5.29,5.16,5.17,3977720,HAG
2019-02-18 07:00:00,5.2,5.52,5.18,5.44,9236270,HAG
2019-02-19 07:00:00,5.49,5.66,5.4,5.44,10551790,HAG
2019-02-20 07:00:00,5.41,5.48,5.32,5.33,5260250,HAG
2019-02-21 07:00:00,5.4,5.52,5.35,5.41,5103410,HAG
2019-02-22 07:00:00,5.4,5.62,5.38,5.49,5540080,HAG
2019-02-25 07:00:00,5.59,5.59,5.49,5.5,4723320,HAG
2019-02-26 07:00:00,5.5,5.84,5.5,5.66,12856190,HAG
2019-02-27 07:00:00,5.76,5.79,5.67,5.69,3651830,HAG
2019-02-28 07:00:00,5.7,5.74,5.5,5.52,6876750,HAG
2019-03-01 07:00:00,5.52,5.65,5.52,5.65,5420770,HAG
2019-03-04 07:00:00,5.7,6.04,5.68,6.04,13532770,HAG
2019-03-05 07:00:00,6.11,6.29,6.03,6.08,11449820,HAG
2019-03-06 07:00:00,6.08,6.2,6.0,6.15,6984040,HAG
2019-03-07 07:00:00,6.15,6.16,6.06,6.07,5139970,HAG
2019-03-08 07:00:00,6.0,6.03,5.84,5.87,6644810,HAG
2019-03-11 07:00:00,5.89,5.92,5.72,5.76,4311870,HAG
2019-03-12 07:00:00,5.85,5.9,5.73,5.8,4853620,HAG
2019-03-13 07:00:00,5.84,5.92,5.8,5.8,4060990,HAG
2019-03-14 07:00:00,5.81,6.0,5.76,5.84,4409410,HAG
2019-03-15 07:00:00,5.85,5.85,5.77,5.77,3600930,HAG
2019-03-18 07:00:00,5.76,5.8,5.51,5.54,7585550,HAG
2019-03-19 07:00:00,5.55,5.64,5.54,5.55,5454450,HAG
2019-03-20 07:00:00,5.58,5.6,5.48,5.52,2511430,HAG
2019-03-21 07:00:00,5.55,5.57,5.2,5.2,5431970,HAG
2019-03-22 07:00:00,5.25,5.31,5.21,5.25,2769800,HAG
2019-03-25 07:00:00,5.44,5.61,5.37,5.61,3849470,HAG
2019-03-26 07:00:00,6.0,6.0,5.8,5.87,14566060,HAG
2019-03-27 07:00:00,5.87,5.88,5.61,5.61,4924160,HAG
2019-03-28 07:00:00,5.53,5.73,5.4,5.56,4139770,HAG
2019-03-29 07:00:00,5.53,5.6,5.48,5.56,3445680,HAG
2019-04-01 07:00:00,5.59,5.6,5.44,5.46,3446400,HAG
2019-04-02 07:00:00,5.5,5.53,5.44,5.44,2646510,HAG
2019-04-03 07:00:00,5.4,5.45,5.34,5.39,1950240,HAG
2019-04-04 07:00:00,5.4,5.49,5.39,5.42,1830370,HAG
2019-04-05 07:00:00,5.42,5.5,5.41,5.42,1228010,HAG
2019-04-08 07:00:00,5.42,5.57,5.4,5.52,4276600,HAG
2019-04-09 07:00:00,5.52,5.54,5.39,5.41,2223730,HAG
2019-04-10 07:00:00,5.36,5.4,5.24,5.24,4372280,HAG
2019-04-11 07:00:00,5.23,5.3,5.22,5.22,2205910,HAG
2019-04-12 07:00:00,5.23,5.29,5.22,5.27,2194880,HAG
2019-04-16 07:00:00,5.22,5.43,5.12,5.29,4126080,HAG
2019-04-17 07:00:00,5.45,5.6,5.36,5.38,4881710,HAG
2019-04-18 07:00:00,5.38,5.38,5.24,5.3,2384850,HAG
2019-04-19 07:00:00,5.32,5.32,5.25,5.3,1635680,HAG
2019-04-22 07:00:00,5.25,5.36,5.23,5.31,2766280,HAG
2019-04-23 07:00:00,5.31,5.38,5.3,5.3,1803230,HAG
2019-04-24 07:00:00,5.3,5.42,5.3,5.39,4282330,HAG
2019-04-25 07:00:00,5.44,5.64,5.44,5.55,10205530,HAG
2019-04-26 07:00:00,5.47,5.56,5.42,5.47,3487550,HAG
2019-05-02 07:00:00,5.48,5.49,5.34,5.37,2174890,HAG
2019-05-03 07:00:00,5.33,5.36,5.27,5.28,2780070,HAG
2019-05-06 07:00:00,5.25,5.25,5.14,5.17,3879280,HAG
2019-05-07 07:00:00,5.2,5.23,5.16,5.18,1319730,HAG
2019-05-08 07:00:00,5.16,5.18,5.11,5.11,1639660,HAG
2019-05-09 07:00:00,5.12,5.16,5.06,5.06,1400020,HAG
2019-05-10 07:00:00,5.09,5.18,5.04,5.09,1414400,HAG
2019-05-13 07:00:00,5.06,5.19,5.06,5.1,1622690,HAG
2019-05-14 07:00:00,5.09,5.15,5.09,5.09,1344530,HAG
2019-05-15 07:00:00,5.1,5.16,5.09,5.14,1411310,HAG
2019-05-16 07:00:00,5.16,5.35,5.16,5.3,3233620,HAG
2019-05-17 07:00:00,5.32,5.34,5.2,5.2,1462730,HAG
2019-05-20 07:00:00,5.2,5.2,5.13,5.16,2992010,HAG
2019-05-21 07:00:00,5.18,5.19,5.15,5.15,1786210,HAG
2019-05-22 07:00:00,5.16,5.23,5.15,5.16,3276530,HAG
2019-05-23 07:00:00,5.2,5.24,5.16,5.16,1141140,HAG
2019-05-24 07:00:00,5.17,5.19,5.15,5.16,2534630,HAG
2019-05-27 07:00:00,5.16,5.18,5.13,5.16,1533140,HAG
2019-05-28 07:00:00,5.19,5.21,5.15,5.16,1303140,HAG
2019-05-29 07:00:00,5.15,5.17,5.11,5.12,1423870,HAG
2019-05-30 07:00:00,5.13,5.16,5.1,5.1,1546340,HAG
2019-05-31 07:00:00,5.1,5.1,5.05,5.07,1782000,HAG
2019-06-03 07:00:00,5.07,5.07,5.0,5.02,2848130,HAG
2019-06-04 07:00:00,5.05,5.05,4.9,4.9,1965490,HAG
2019-06-05 07:00:00,4.95,4.98,4.9,4.94,1262100,HAG
2019-06-06 07:00:00,4.94,4.98,4.91,4.91,825670,HAG
2019-06-07 07:00:00,4.94,4.98,4.92,4.98,932880,HAG
2019-06-10 07:00:00,4.99,5.06,4.98,5.01,708290,HAG
2019-06-11 07:00:00,5.03,5.08,4.99,4.99,1116780,HAG
2019-06-12 07:00:00,5.02,5.02,4.94,4.95,1064850,HAG
2019-06-13 07:00:00,4.95,5.04,4.92,4.97,1346830,HAG
2019-06-14 07:00:00,5.0,5.01,4.95,4.97,599980,HAG
2019-06-17 07:00:00,4.97,5.0,4.93,5.0,1727650,HAG
2019-06-18 07:00:00,5.0,5.01,4.95,4.97,658680,HAG
2019-06-19 07:00:00,5.15,5.25,4.99,5.15,5740560,HAG
2019-06-20 07:00:00,5.15,5.21,5.13,5.13,1926220,HAG
2019-06-21 07:00:00,5.14,5.14,5.06,5.09,1351710,HAG
2019-06-24 07:00:00,5.07,5.21,5.07,5.11,2328450,HAG
2019-06-25 07:00:00,5.15,5.36,5.14,5.29,6856700,HAG
2019-06-26 07:00:00,5.29,5.36,5.28,5.3,5131610,HAG
2019-06-27 07:00:00,5.31,5.33,5.21,5.24,3381680,HAG
2019-06-28 07:00:00,5.24,5.39,5.16,5.35,3749090,HAG
2019-07-01 07:00:00,5.42,5.45,5.32,5.32,3585990,HAG
2019-07-02 07:00:00,5.31,5.35,5.3,5.33,1537800,HAG
2019-07-03 07:00:00,5.32,5.44,5.31,5.42,4891200,HAG
2019-07-04 07:00:00,5.45,5.6,5.44,5.47,7200830,HAG
2019-07-05 07:00:00,5.5,5.5,5.43,5.43,2082490,HAG
2019-07-08 07:00:00,5.41,5.58,5.4,5.49,6548890,HAG
2019-07-09 07:00:00,5.55,5.68,5.5,5.61,7953600,HAG
2019-07-10 07:00:00,5.6,5.67,5.53,5.62,3303790,HAG
2019-07-11 07:00:00,5.57,5.75,5.57,5.7,5098720,HAG
2019-07-12 07:00:00,5.7,5.72,5.6,5.6,3469570,HAG
2019-07-15 07:00:00,5.7,5.61,5.4,5.4,6157000,HAG
2019-07-16 07:00:00,5.41,5.49,5.3,5.31,5758480,HAG
2019-07-17 07:00:00,5.31,5.38,5.31,5.35,1630460,HAG
2019-07-18 07:00:00,5.34,5.42,5.33,5.38,1713600,HAG
2019-07-19 07:00:00,5.38,5.4,5.22,5.28,3007800,HAG
2019-07-22 07:00:00,5.26,5.34,5.17,5.3,3061780,HAG
2019-07-23 07:00:00,5.3,5.35,5.26,5.26,1619930,HAG
2019-07-24 07:00:00,5.27,5.31,5.19,5.24,1885710,HAG
2019-07-25 07:00:00,5.24,5.26,5.15,5.21,2383910,HAG
2019-07-26 07:00:00,5.23,5.23,5.12,5.14,2015800,HAG
2019-07-29 07:00:00,5.12,5.15,5.08,5.08,1792480,HAG
2019-07-30 07:00:00,5.08,5.28,5.04,5.23,5656120,HAG
2019-07-31 07:00:00,5.06,5.17,5.06,5.08,3574410,HAG
2019-08-01 07:00:00,5.11,5.11,4.95,4.95,4212260,HAG
2019-08-02 07:00:00,4.9,4.91,4.8,4.82,4556640,HAG
2019-08-05 07:00:00,4.77,5.07,4.66,5.05,5303490,HAG
2019-08-06 07:00:00,4.9,5.15,4.85,5.02,2917240,HAG
2019-08-07 07:00:00,4.9,5.07,4.98,5.0,1343330,HAG
2019-08-08 07:00:00,4.96,5.05,4.96,5.01,1484750,HAG
2019-08-09 07:00:00,5.05,5.06,5.01,5.05,1860300,HAG
2019-08-12 07:00:00,5.09,5.13,5.04,5.05,1544270,HAG
2019-08-13 07:00:00,5.03,5.05,4.98,4.98,2208780,HAG
2019-08-14 07:00:00,5.0,5.09,5.0,5.0,1886220,HAG
2019-08-15 07:00:00,4.95,4.96,4.9,4.92,2308710,HAG
2019-08-16 07:00:00,4.9,4.94,4.9,4.9,1770550,HAG
2019-08-19 07:00:00,4.91,4.95,4.7,4.79,3570430,HAG
2019-08-20 07:00:00,4.84,4.88,4.8,4.88,1753180,HAG
2019-08-21 07:00:00,4.89,4.94,4.87,4.88,816140,HAG
2019-08-22 07:00:00,4.87,4.92,4.87,4.88,1166100,HAG
2019-08-23 07:00:00,4.89,4.9,4.78,4.9,2022390,HAG
2019-08-26 07:00:00,4.85,4.85,4.78,4.81,1428130,HAG
2019-08-27 07:00:00,4.81,4.86,4.8,4.81,1306470,HAG
2019-08-28 07:00:00,4.8,4.84,4.8,4.8,1085560,HAG
2019-08-29 07:00:00,4.81,4.85,4.81,4.82,1085840,HAG
2019-08-30 07:00:00,4.82,4.91,4.82,4.86,1344990,HAG
2019-09-03 07:00:00,4.86,4.86,4.81,4.81,1429900,HAG
2019-09-04 07:00:00,4.86,4.83,4.79,4.83,1401970,HAG
2019-09-05 07:00:00,4.82,4.85,4.81,4.81,921550,HAG
2019-09-06 07:00:00,4.81,4.85,4.77,4.77,1424380,HAG
2019-09-09 07:00:00,4.78,4.84,4.78,4.79,962570,HAG
2019-09-10 07:00:00,4.8,4.87,4.77,4.77,1702760,HAG
2019-09-11 07:00:00,4.79,4.85,4.76,4.76,760730,HAG
2019-09-12 07:00:00,4.8,4.8,4.71,4.79,1215650,HAG
2019-09-13 07:00:00,4.78,4.79,4.7,4.7,1124360,HAG
2019-09-16 07:00:00,4.7,4.7,4.59,4.6,2718170,HAG
2019-09-17 07:00:00,4.6,4.6,4.49,4.49,3488990,HAG
2019-09-18 07:00:00,4.51,4.6,4.5,4.54,1311400,HAG
2019-09-19 07:00:00,4.55,4.57,4.5,4.52,866410,HAG
2019-09-20 07:00:00,4.53,4.53,4.46,4.46,2007120,HAG
2019-09-23 07:00:00,4.46,4.53,4.46,4.47,884700,HAG
2019-09-24 07:00:00,4.47,4.69,4.47,4.56,2214960,HAG
2019-09-25 07:00:00,4.58,4.6,4.5,4.5,929130,HAG
2019-09-26 07:00:00,4.54,4.56,4.48,4.53,620620,HAG
2019-09-27 07:00:00,4.5,4.55,4.5,4.5,947320,HAG
2019-09-30 07:00:00,4.51,4.53,4.48,4.49,1436930,HAG
2019-10-01 07:00:00,4.5,4.55,4.48,4.55,1122170,HAG
2019-10-02 07:00:00,4.61,4.76,4.61,4.62,3437160,HAG
2019-10-03 07:00:00,4.62,4.7,4.58,4.64,1001850,HAG
2019-10-04 07:00:00,4.64,4.64,4.55,4.57,987530,HAG
2019-10-07 07:00:00,4.52,4.55,4.49,4.5,1123670,HAG
2019-10-08 07:00:00,4.5,4.51,4.47,4.48,1058920,HAG
2019-10-09 07:00:00,4.48,4.49,4.45,4.48,1289540,HAG
2019-10-10 07:00:00,4.48,4.49,4.45,4.46,1163330,HAG
2019-10-11 07:00:00,4.48,4.48,4.45,4.46,735080,HAG
2019-10-14 07:00:00,4.46,4.46,4.39,4.39,2791530,HAG
2019-10-15 07:00:00,4.4,4.43,4.3,4.3,2794610,HAG
2019-10-16 07:00:00,4.3,4.3,4.16,4.16,3376000,HAG
2019-10-17 07:00:00,4.14,4.35,4.14,4.29,1903080,HAG
2019-10-18 07:00:00,4.29,4.41,4.29,4.34,1698600,HAG
2019-10-21 07:00:00,4.34,4.34,4.28,4.28,948960,HAG
2019-10-22 07:00:00,4.28,4.54,4.28,4.46,2157920,HAG
2019-10-23 07:00:00,4.5,4.5,4.37,4.37,870290,HAG
2019-10-24 07:00:00,4.44,4.44,4.38,4.43,761670,HAG
2019-10-25 07:00:00,4.43,4.43,4.36,4.36,1348870,HAG
2019-10-28 07:00:00,4.37,4.43,4.33,4.36,1488230,HAG
2019-10-29 07:00:00,4.34,4.4,4.29,4.3,1909100,HAG
2019-10-30 07:00:00,4.3,4.32,4.26,4.29,1027710,HAG
2019-10-31 07:00:00,4.28,4.29,4.22,4.22,1241440,HAG
2019-11-01 07:00:00,4.24,4.28,4.22,4.23,885330,HAG
2019-11-04 07:00:00,4.23,4.33,4.22,4.29,1534530,HAG
2019-11-05 07:00:00,4.3,4.31,4.24,4.24,824790,HAG
2019-11-06 07:00:00,4.1,4.19,4.1,4.15,2995670,HAG
2019-11-07 07:00:00,4.16,4.21,4.14,4.15,1006440,HAG
2019-11-08 07:00:00,4.15,4.19,4.13,4.18,838670,HAG
2019-11-11 07:00:00,4.18,4.18,4.14,4.17,688690,HAG
2019-11-12 07:00:00,4.15,4.18,4.14,4.14,938610,HAG
2019-11-13 07:00:00,4.14,4.16,4.05,4.07,1621460,HAG
2019-11-14 07:00:00,4.07,4.1,4.06,4.08,1404790,HAG
2019-11-15 07:00:00,4.1,4.12,4.01,4.01,1492730,HAG
2019-11-18 07:00:00,4.04,4.05,3.98,3.98,1307420,HAG
2019-11-19 07:00:00,3.99,4.16,3.99,4.1,1905920,HAG
2019-11-20 07:00:00,4.11,4.12,4.03,4.05,808980,HAG
2019-11-21 07:00:00,4.05,4.05,4.01,4.05,538880,HAG
2019-11-22 07:00:00,4.01,4.04,3.98,4.0,1545340,HAG
2019-11-25 07:00:00,3.99,4.0,3.9,3.9,2051520,HAG
2019-11-26 07:00:00,3.9,3.99,3.88,3.91,821330,HAG
2019-11-27 07:00:00,3.91,3.96,3.91,3.96,520160,HAG
2019-11-28 07:00:00,3.96,3.98,3.94,3.94,618980,HAG
2019-11-29 07:00:00,3.94,3.97,3.85,3.85,1545010,HAG
2019-12-02 07:00:00,3.89,3.89,3.62,3.63,3852370,HAG
2019-12-03 07:00:00,3.65,3.66,3.61,3.61,1481270,HAG
2019-12-04 07:00:00,3.63,3.64,3.59,3.63,965620,HAG
2019-12-05 07:00:00,3.65,3.7,3.65,3.7,596090,HAG
2019-12-06 07:00:00,3.7,3.75,3.7,3.72,720930,HAG
2019-12-09 07:00:00,3.76,3.91,3.72,3.86,1546460,HAG
2019-12-10 07:00:00,3.86,3.96,3.86,3.9,1573110,HAG
2019-12-11 07:00:00,3.91,4.04,3.91,4.04,2693690,HAG
2019-12-12 07:00:00,4.06,4.06,3.95,3.97,1065680,HAG
2019-12-13 07:00:00,3.97,4.04,3.9,3.95,1615880,HAG
2019-12-16 07:00:00,3.99,4.0,3.88,3.96,2119520,HAG
2019-12-17 07:00:00,3.96,4.1,3.95,4.03,2837480,HAG
2019-12-18 07:00:00,4.08,4.1,3.99,4.04,1106450,HAG
2019-12-19 07:00:00,3.91,4.02,3.91,3.95,649460,HAG
2019-12-20 07:00:00,3.93,3.97,3.9,3.96,1218120,HAG
2019-12-23 07:00:00,3.96,4.03,3.93,4.0,1684080,HAG
2019-12-24 07:00:00,4.0,4.01,3.95,4.01,1314270,HAG
2019-12-25 07:00:00,4.01,4.01,3.96,3.96,938470,HAG
2019-12-26 07:00:00,3.95,4.18,3.95,4.08,3835310,HAG
2019-12-27 07:00:00,4.08,4.17,4.01,4.05,1162190,HAG
2019-12-30 07:00:00,4.08,4.08,3.98,4.02,1301090,HAG
2019-12-31 07:00:00,4.01,4.01,3.9,3.98,1628300,HAG
2020-01-02 07:00:00,3.96,4.05,3.96,4.05,1101390,HAG
2020-01-03 07:00:00,4.07,4.19,4.05,4.15,3756690,HAG
2020-01-06 07:00:00,4.15,4.15,4.03,4.09,1454140,HAG
2020-01-07 07:00:00,4.02,4.11,4.02,4.11,1432510,HAG
2020-01-08 07:00:00,4.06,4.08,3.91,3.91,2566730,HAG
2020-01-09 07:00:00,3.99,4.1,3.96,4.1,1322450,HAG
2020-01-10 07:00:00,4.1,4.11,4.03,4.08,1009540,HAG
2020-01-13 07:00:00,4.1,4.1,3.98,4.0,1173520,HAG
2020-01-14 07:00:00,4.01,4.03,3.93,3.94,1222410,HAG
2020-01-15 07:00:00,3.94,3.99,3.9,3.9,1207280,HAG
2020-01-16 07:00:00,3.93,3.95,3.78,3.84,1950740,HAG
2020-01-17 07:00:00,3.85,3.91,3.84,3.88,852640,HAG
2020-01-20 07:00:00,3.84,3.88,3.84,3.86,470690,HAG
2020-01-21 07:00:00,3.86,3.99,3.86,3.92,800990,HAG
2020-01-22 07:00:00,4.02,4.02,3.95,3.98,1111180,HAG
2020-01-30 07:00:00,3.99,3.99,3.87,3.9,2008040,HAG
2020-01-31 07:00:00,3.86,3.86,3.64,3.64,3002000,HAG
2020-02-03 07:00:00,3.39,3.56,3.39,3.39,4432890,HAG
2020-02-04 07:00:00,3.4,3.41,3.2,3.27,2530200,HAG
2020-02-05 07:00:00,3.17,3.4,3.17,3.3,1285410,HAG
2020-02-06 07:00:00,3.3,3.53,3.3,3.53,3102020,HAG
2020-02-07 07:00:00,3.59,3.65,3.53,3.55,1286950,HAG
2020-02-10 07:00:00,3.5,3.55,3.43,3.44,791000,HAG
2020-02-11 07:00:00,3.43,3.47,3.43,3.45,781430,HAG
2020-02-12 07:00:00,3.5,3.61,3.46,3.58,1518950,HAG
2020-02-13 07:00:00,3.57,3.58,3.49,3.5,1299930,HAG
2020-02-14 07:00:00,3.5,3.54,3.47,3.49,915700,HAG
2020-02-17 07:00:00,3.5,3.51,3.47,3.48,853280,HAG
2020-02-18 07:00:00,3.49,3.5,3.47,3.5,979480,HAG
2020-02-19 07:00:00,3.5,3.55,3.5,3.51,1022830,HAG
2020-02-20 07:00:00,3.52,3.55,3.49,3.49,1080760,HAG
2020-02-21 07:00:00,3.49,3.5,3.42,3.44,1359550,HAG
2020-02-24 07:00:00,3.4,3.4,3.2,3.2,4276830,HAG
2020-02-25 07:00:00,3.15,3.35,3.12,3.35,2673010,HAG
2020-02-26 07:00:00,3.3,3.3,3.25,3.26,1070130,HAG
2020-02-27 07:00:00,3.23,3.4,3.23,3.33,1519970,HAG
2020-02-28 07:00:00,3.27,3.31,3.23,3.27,1885160,HAG
2020-03-02 07:00:00,3.26,3.3,3.26,3.27,1185440,HAG
2020-03-03 07:00:00,3.3,3.35,3.3,3.31,1644240,HAG
2020-03-04 07:00:00,3.33,3.54,3.29,3.52,6200000,HAG
2020-03-05 07:00:00,3.54,3.6,3.47,3.48,2057860,HAG
2020-03-06 07:00:00,3.42,3.5,3.42,3.49,1275010,HAG
2020-03-09 07:00:00,3.25,3.45,3.25,3.25,3462110,HAG
2020-03-10 07:00:00,3.1,3.35,3.1,3.26,2074180,HAG
2020-03-11 07:00:00,3.37,3.37,3.15,3.18,3343620,HAG
2020-03-12 07:00:00,3.11,3.13,2.97,3.1,6904540,HAG
2020-03-13 07:00:00,3.01,3.1,2.98,3.09,6240590,HAG
2020-03-16 07:00:00,3.09,3.1,3.0,3.03,1558100,HAG
2020-03-17 07:00:00,3.0,3.03,2.98,3.02,2535800,HAG
2020-03-18 07:00:00,3.08,3.12,3.03,3.03,2425580,HAG
2020-03-19 07:00:00,3.03,3.03,2.91,2.98,2820690,HAG
2020-03-20 07:00:00,2.93,2.99,2.93,2.94,883780,HAG
2020-03-23 07:00:00,2.88,2.9,2.74,2.74,5117500,HAG
2020-03-24 07:00:00,2.74,2.74,2.6,2.72,2849490,HAG
2020-03-25 07:00:00,2.75,2.78,2.69,2.71,2012740,HAG
2020-03-26 07:00:00,2.73,2.78,2.66,2.68,2127350,HAG
2020-03-27 07:00:00,2.68,2.7,2.6,2.66,4166160,HAG
2020-03-30 07:00:00,2.55,2.65,2.48,2.55,3622610,HAG
2020-03-31 07:00:00,2.55,2.63,2.4,2.55,2582740,HAG
2020-04-01 07:00:00,2.45,2.7,2.45,2.69,2050100,HAG
2020-04-03 07:00:00,2.71,2.83,2.71,2.81,2116160,HAG
2020-04-06 07:00:00,2.9,3.0,2.82,3.0,4506840,HAG
2020-04-07 07:00:00,3.12,3.13,2.98,3.1,4339060,HAG
2020-04-08 07:00:00,3.15,3.2,2.98,3.2,3668370,HAG
2020-04-09 07:00:00,3.22,3.25,3.15,3.2,3068640,HAG
2020-04-10 07:00:00,3.19,3.2,3.12,3.14,4432550,HAG
2020-04-13 07:00:00,3.14,3.15,3.03,3.13,2976440,HAG
2020-04-14 07:00:00,3.1,3.14,3.04,3.07,2090410,HAG
2020-04-15 07:00:00,3.07,3.19,3.06,3.11,3224410,HAG
2020-04-16 07:00:00,3.1,3.19,3.1,3.17,1895280,HAG
2020-04-17 07:00:00,3.16,3.2,3.16,3.17,2246120,HAG
2020-04-20 07:00:00,3.2,3.25,3.17,3.17,4678320,HAG
2020-04-21 07:00:00,3.11,3.17,3.07,3.12,4872060,HAG
2020-04-22 07:00:00,3.09,3.17,3.09,3.12,1387350,HAG
2020-04-23 07:00:00,3.12,3.19,3.12,3.16,1456560,HAG
2020-04-24 07:00:00,3.16,3.38,3.13,3.38,11271290,HAG
2020-04-27 07:00:00,3.59,3.6,3.46,3.5,4283020,HAG
2020-04-28 07:00:00,3.47,3.69,3.42,3.64,2885270,HAG
2020-04-29 07:00:00,3.6,3.68,3.54,3.6,4366310,HAG
2020-05-04 07:00:00,3.57,3.6,3.4,3.4,5100170,HAG
2020-05-05 07:00:00,3.4,3.49,3.39,3.46,1735800,HAG
2020-05-06 07:00:00,3.5,3.57,3.45,3.54,1711130,HAG
2020-05-07 07:00:00,3.54,3.61,3.5,3.55,1944360,HAG
2020-05-08 07:00:00,3.6,3.6,3.5,3.52,5525600,HAG
2020-05-11 07:00:00,3.76,3.76,3.51,3.76,4426970,HAG
2020-05-12 07:00:00,3.91,3.96,3.72,3.85,5671790,HAG
2020-05-13 07:00:00,3.83,3.93,3.78,3.86,3320990,HAG
2020-05-14 07:00:00,3.8,3.88,3.77,3.8,4191140,HAG
2020-05-15 07:00:00,3.9,3.94,3.81,3.88,3910060,HAG
2020-05-18 07:00:00,3.88,3.91,3.85,3.86,1673830,HAG
2020-05-19 07:00:00,3.91,3.92,3.85,3.89,4019220,HAG
2020-05-20 07:00:00,3.9,4.16,3.87,4.16,7287380,HAG
2020-05-21 07:00:00,4.2,4.35,4.13,4.14,3774280,HAG
2020-05-22 07:00:00,4.13,4.24,4.07,4.15,3159530,HAG
2020-05-25 07:00:00,4.15,4.19,4.1,4.16,2018710,HAG
2020-05-26 07:00:00,4.17,4.31,4.16,4.23,3518040,HAG
2020-05-27 07:00:00,4.23,4.3,4.14,4.17,4777660,HAG
2020-05-28 07:00:00,4.17,4.27,4.17,4.27,4346920,HAG
2020-05-29 07:00:00,4.26,4.56,4.23,4.56,8186470,HAG
2020-06-01 07:00:00,4.79,4.87,4.66,4.87,3520900,HAG
2020-06-02 07:00:00,5.21,5.21,4.8,4.8,18993150,HAG
2020-06-03 07:00:00,4.8,5.0,4.65,4.75,7849210,HAG
2020-06-04 07:00:00,4.75,5.08,4.73,5.08,11393350,HAG
2020-06-05 07:00:00,5.1,5.42,4.98,5.42,9676400,HAG
2020-06-08 07:00:00,5.5,5.76,5.48,5.75,11774510,HAG
2020-06-09 07:00:00,5.73,5.82,5.5,5.65,12715070,HAG
2020-06-10 07:00:00,5.54,6.0,5.46,5.8,12233960,HAG
2020-06-11 07:00:00,5.85,5.85,5.4,5.4,11594420,HAG
2020-06-12 07:00:00,5.03,5.36,5.03,5.2,11657830,HAG
2020-06-15 07:00:00,5.3,5.31,4.85,4.9,9362250,HAG
2020-06-16 07:00:00,5.0,5.2,4.99,5.19,5399240,HAG
2020-06-17 07:00:00,5.23,5.23,4.99,5.09,3570780,HAG
2020-06-18 07:00:00,5.0,5.06,4.94,4.97,3830320,HAG
2020-06-19 07:00:00,4.93,5.31,4.93,5.23,7301580,HAG
2020-06-22 07:00:00,5.26,5.38,5.19,5.19,3852740,HAG
2020-06-23 07:00:00,5.2,5.35,5.19,5.3,5890640,HAG
2020-06-24 07:00:00,5.28,5.35,5.17,5.22,6303690,HAG
2020-06-25 07:00:00,5.15,5.2,5.08,5.2,2794120,HAG
2020-06-26 07:00:00,5.25,5.32,5.1,5.11,4018230,HAG
2020-06-29 07:00:00,5.11,5.38,5.05,5.2,6805580,HAG
2020-06-30 07:00:00,5.2,5.3,5.04,5.2,3991840,HAG
2020-07-01 07:00:00,5.23,5.27,5.16,5.23,2452040,HAG
2020-07-02 07:00:00,5.23,5.26,5.17,5.23,2706180,HAG
2020-07-03 07:00:00,5.25,5.25,5.2,5.2,2200190,HAG
2020-07-06 07:00:00,5.2,5.21,5.1,5.15,3350470,HAG
2020-07-07 07:00:00,5.11,5.17,4.9,5.02,6386340,HAG
2020-07-08 07:00:00,4.99,5.06,4.95,5.0,3471690,HAG
2020-07-09 07:00:00,5.0,5.1,4.99,5.0,4259110,HAG
2020-07-10 07:00:00,5.02,5.18,5.01,5.05,5894570,HAG
2020-07-13 07:00:00,5.1,5.13,5.01,5.08,2080870,HAG
2020-07-14 07:00:00,5.06,5.06,4.84,4.89,9509420,HAG
2020-07-15 07:00:00,4.9,4.95,4.65,4.65,12488230,HAG
2020-07-16 07:00:00,4.68,4.75,4.65,4.68,2707920,HAG
2020-07-17 07:00:00,4.68,4.68,4.36,4.58,12551460,HAG
2020-07-20 07:00:00,4.55,4.55,4.35,4.37,3206860,HAG
2020-07-21 07:00:00,4.4,4.52,4.37,4.47,3010820,HAG
2020-07-22 07:00:00,4.47,4.5,4.26,4.3,6398070,HAG
2020-07-23 07:00:00,4.3,4.33,4.11,4.33,4224410,HAG
2020-07-24 07:00:00,4.21,4.33,4.03,4.03,8589770,HAG
2020-07-27 07:00:00,3.75,3.85,3.75,3.75,7987120,HAG
2020-07-28 07:00:00,3.6,3.96,3.6,3.86,8791240,HAG
2020-07-29 07:00:00,3.73,3.78,3.59,3.74,7941990,HAG
2020-07-30 07:00:00,3.74,3.76,3.69,3.73,2249220,HAG
2020-07-31 07:00:00,3.6,3.83,3.58,3.8,4820380,HAG
2020-08-03 07:00:00,3.86,3.96,3.79,3.87,6501040,HAG
2020-08-04 07:00:00,3.9,3.94,3.84,3.87,6105280,HAG
2020-08-05 07:00:00,3.89,3.94,3.84,3.93,4045360,HAG
2020-08-06 07:00:00,3.93,4.15,3.87,4.11,7519390,HAG
2020-08-07 07:00:00,4.11,4.18,4.03,4.06,4486170,HAG
2020-08-10 07:00:00,4.01,4.12,3.99,4.05,5835720,HAG
2020-08-11 07:00:00,4.05,4.09,3.96,4.05,4662630,HAG
2020-08-12 07:00:00,4.04,4.05,3.98,4.02,2371180,HAG
2020-08-13 07:00:00,4.03,4.16,4.01,4.12,4089350,HAG
2020-08-14 07:00:00,4.12,4.14,4.02,4.05,3211710,HAG
2020-08-17 07:00:00,4.04,4.05,3.97,4.01,2535300,HAG
2020-08-18 07:00:00,4.0,4.06,3.97,4.01,2626750,HAG
2020-08-19 07:00:00,4.01,4.29,3.99,4.29,10234870,HAG
2020-08-20 07:00:00,4.3,4.45,4.23,4.26,7536870,HAG
2020-08-21 07:00:00,4.28,4.32,4.24,4.28,2078220,HAG
2020-08-24 07:00:00,4.28,4.3,4.17,4.28,7254780,HAG
2020-08-25 07:00:00,4.28,4.3,4.21,4.21,6147410,HAG
2020-08-26 07:00:00,4.21,4.29,4.17,4.2,5814110,HAG
2020-08-27 07:00:00,4.19,4.41,4.16,4.34,7980220,HAG
2020-08-28 07:00:00,4.37,4.41,4.25,4.25,3615000,HAG
2020-08-31 07:00:00,4.38,4.38,4.25,4.26,5841860,HAG
2020-09-01 07:00:00,4.26,4.37,4.23,4.33,6999140,HAG
2020-09-03 07:00:00,4.35,4.39,4.28,4.31,3294380,HAG
2020-09-04 07:00:00,4.2,4.39,4.2,4.35,7949550,HAG
2020-09-07 07:00:00,4.37,4.65,4.37,4.6,24336780,HAG
2020-09-08 07:00:00,4.66,4.7,4.5,4.61,7470830,HAG
2020-09-09 07:00:00,4.52,4.9,4.52,4.83,10190870,HAG
2020-09-10 07:00:00,4.85,4.89,4.75,4.79,8369740,HAG
2020-09-11 07:00:00,4.76,4.93,4.74,4.9,8522890,HAG
2020-09-14 07:00:00,4.91,4.93,4.85,4.87,5768170,HAG
2020-09-15 07:00:00,4.93,4.93,4.67,4.67,8610810,HAG
2020-09-16 07:00:00,4.68,4.75,4.61,4.63,5513180,HAG
2020-09-17 07:00:00,4.63,4.78,4.62,4.72,6459110,HAG
2020-09-18 07:00:00,4.72,4.75,4.62,4.64,6114910,HAG
2020-09-21 07:00:00,4.65,4.68,4.56,4.59,6459480,HAG
2020-09-22 07:00:00,4.56,4.58,4.47,4.55,10541580,HAG
2020-09-23 07:00:00,4.55,4.67,4.55,4.6,3047820,HAG
2020-09-24 07:00:00,4.6,4.66,4.57,4.6,3857030,HAG
2020-09-25 07:00:00,4.61,4.61,4.54,4.57,3472520,HAG
2020-09-28 07:00:00,4.57,4.6,4.52,4.57,4203390,HAG
2020-09-29 07:00:00,4.61,4.62,4.4,4.56,8274800,HAG
2020-09-30 07:00:00,4.56,4.6,4.5,4.56,2097030,HAG
2020-10-01 07:00:00,4.58,4.58,4.51,4.55,2098660,HAG
2020-10-02 07:00:00,4.51,4.58,4.44,4.54,4819580,HAG
2020-10-05 07:00:00,4.54,4.75,4.51,4.71,9345570,HAG
2020-10-06 07:00:00,4.75,4.75,4.57,4.69,5195620,HAG
2020-10-07 07:00:00,4.68,4.93,4.62,4.85,12586830,HAG
2020-10-08 07:00:00,4.85,4.93,4.75,4.8,8815320,HAG
2020-10-09 07:00:00,4.79,4.8,4.6,4.68,4807460,HAG
2020-10-12 07:00:00,4.7,4.72,4.5,4.5,8229570,HAG
2020-10-13 07:00:00,4.52,4.67,4.49,4.64,8362670,HAG
2020-10-14 07:00:00,4.96,4.96,4.96,4.96,5650810,HAG
2020-10-15 07:00:00,5.3,5.3,4.99,5.03,32371800,HAG
2020-10-16 07:00:00,5.01,5.05,4.9,4.9,7871120,HAG
2020-10-19 07:00:00,4.91,5.01,4.84,4.91,9808080,HAG
2020-10-20 07:00:00,4.87,4.95,4.8,4.85,6861810,HAG
2020-10-21 07:00:00,4.85,4.9,4.75,4.75,5354680,HAG
2020-10-22 07:00:00,4.75,4.77,4.67,4.72,6067690,HAG
2020-10-23 07:00:00,4.73,4.97,4.73,4.87,7036750,HAG
2020-10-26 07:00:00,4.94,4.94,4.78,4.78,5651330,HAG
2020-10-27 07:00:00,4.71,4.77,4.65,4.65,5175710,HAG
2020-10-28 07:00:00,4.63,4.68,4.5,4.5,7891790,HAG
2020-10-29 07:00:00,4.47,4.5,4.44,4.45,5549170,HAG
2020-10-30 07:00:00,4.7,4.7,4.45,4.54,5751830,HAG
2020-11-02 07:00:00,4.54,4.65,4.46,4.65,5194820,HAG
2020-11-03 07:00:00,4.65,4.66,4.57,4.6,3040730,HAG
2020-11-04 07:00:00,4.56,4.63,4.56,4.62,2766340,HAG
2020-11-05 07:00:00,4.6,4.61,4.55,4.6,2956260,HAG
2020-11-06 07:00:00,4.59,4.61,4.54,4.57,1698430,HAG
2020-11-09 07:00:00,4.57,4.6,4.53,4.56,6586140,HAG
2020-11-10 07:00:00,4.61,4.61,4.5,4.52,4566050,HAG
2020-11-11 07:00:00,4.49,4.58,4.47,4.47,5224140,HAG
2020-11-12 07:00:00,4.47,4.49,4.29,4.46,8238730,HAG
2020-11-13 07:00:00,4.45,4.55,4.4,4.53,3060350,HAG
2020-11-16 07:00:00,4.54,4.57,4.45,4.53,4067680,HAG
2020-11-17 07:00:00,4.5,4.57,4.48,4.54,3239760,HAG
2020-11-18 07:00:00,4.53,4.54,4.47,4.48,4610700,HAG
2020-11-19 07:00:00,4.5,4.5,4.41,4.42,4658560,HAG
2020-11-20 07:00:00,4.42,4.55,4.42,4.55,8506950,HAG
2020-11-23 07:00:00,4.7,4.7,4.5,4.5,10759930,HAG
2020-11-24 07:00:00,4.5,4.53,4.4,4.45,7243290,HAG
2020-11-25 07:00:00,4.45,4.68,4.43,4.58,12097240,HAG
2020-11-26 07:00:00,4.6,4.79,4.55,4.77,18021000,HAG
2020-11-27 07:00:00,4.74,4.78,4.65,4.65,7053510,HAG
2020-11-30 07:00:00,4.7,4.7,4.52,4.52,10417420,HAG
2020-12-01 07:00:00,4.46,4.66,4.45,4.59,16270430,HAG
2020-12-02 07:00:00,4.59,4.64,4.53,4.53,6406140,HAG
2020-12-03 07:00:00,4.54,4.6,4.5,4.54,7261060,HAG
2020-12-04 07:00:00,4.59,4.79,4.55,4.69,16828160,HAG
2020-12-07 07:00:00,4.69,4.85,4.67,4.76,12205440,HAG
2020-12-08 07:00:00,4.76,4.77,4.65,4.69,7450580,HAG
2020-12-09 07:00:00,4.7,4.73,4.65,4.68,8490020,HAG
2020-12-10 07:00:00,4.82,4.95,4.74,4.74,19053680,HAG
2020-12-11 07:00:00,4.76,4.79,4.68,4.73,3993570,HAG
2020-12-14 07:00:00,4.74,4.83,4.7,4.81,9965120,HAG
2020-12-15 07:00:00,4.82,5.1,4.76,4.95,30066630,HAG
2020-12-16 07:00:00,5.05,5.2,5.0,5.2,20456650,HAG
2020-12-17 07:00:00,5.1,5.39,5.1,5.15,15616470,HAG
2020-12-18 07:00:00,5.15,5.27,5.1,5.19,12691250,HAG
2020-12-21 07:00:00,5.25,5.4,5.1,5.33,20723610,HAG
2020-12-22 07:00:00,5.32,5.39,5.25,5.37,10895410,HAG
2020-12-23 07:00:00,5.5,5.5,5.2,5.2,14605930,HAG
2020-12-24 07:00:00,5.2,5.25,4.9,5.13,17899020,HAG
2020-12-25 07:00:00,5.13,5.24,5.06,5.2,10311450,HAG
2020-12-28 07:00:00,5.24,5.55,5.18,5.41,23363290,HAG
2020-12-29 07:00:00,5.4,5.55,5.32,5.46,14546600,HAG
2020-12-30 07:00:00,5.49,5.5,5.28,5.28,10740400,HAG
2020-12-31 07:00:00,5.3,5.34,5.2,5.25,10764840,HAG
2021-01-04 07:00:00,5.28,5.4,5.23,5.29,10403500,HAG
2021-01-05 07:00:00,5.29,5.4,5.25,5.36,10129300,HAG
2021-01-06 07:00:00,5.37,5.4,5.26,5.28,11937800,HAG
2021-01-07 07:00:00,5.49,5.64,5.4,5.64,16564100,HAG
2021-01-08 07:00:00,6.03,6.03,5.93,6.03,40593900,HAG
2021-01-11 07:00:00,6.03,6.4,6.03,6.36,30196600,HAG
2021-01-12 07:00:00,6.36,6.36,6.1,6.27,15004100,HAG
2021-01-13 07:00:00,6.2,6.26,5.98,6.0,29419900,HAG
2021-01-14 07:00:00,6.0,6.12,5.97,6.07,21102300,HAG
2021-01-15 07:00:00,6.11,6.45,6.1,6.39,20927400,HAG
2021-01-18 07:00:00,6.4,6.41,6.26,6.3,17333400,HAG
2021-01-19 07:00:00,6.29,6.29,5.86,5.86,17961600,HAG
2021-01-20 07:00:00,5.73,5.8,5.45,5.7,21965300,HAG
2021-01-21 07:00:00,5.8,6.03,5.68,6.0,10887700,HAG
2021-01-22 07:00:00,6.0,6.07,5.78,5.8,12360200,HAG
2021-01-25 07:00:00,5.78,6.01,5.7,5.83,9533700,HAG
2021-01-26 07:00:00,5.82,5.83,5.43,5.53,16228800,HAG
2021-01-27 07:00:00,5.41,5.52,5.15,5.15,16168400,HAG
2021-01-28 07:00:00,4.79,4.96,4.79,4.79,12245600,HAG
2021-01-29 07:00:00,4.48,5.02,4.48,4.83,11360900,HAG
2021-02-01 07:00:00,4.62,4.8,4.5,4.5,14218000,HAG
2021-02-02 07:00:00,4.4,4.4,4.19,4.26,9407600,HAG
2021-02-03 07:00:00,4.35,4.47,4.29,4.45,7839200,HAG
2021-02-04 07:00:00,4.55,4.58,4.44,4.46,6447700,HAG
2021-02-05 07:00:00,4.49,4.56,4.46,4.56,5949400,HAG
2021-02-08 07:00:00,4.56,4.59,4.25,4.33,8486100,HAG
2021-02-09 07:00:00,4.33,4.6,4.27,4.56,6052700,HAG
2021-02-17 07:00:00,4.63,4.83,4.56,4.83,6834800,HAG
2021-02-18 07:00:00,4.85,4.94,4.7,4.85,7626900,HAG
2021-02-19 07:00:00,4.8,4.88,4.75,4.81,4895400,HAG
2021-02-22 07:00:00,4.81,4.86,4.76,4.79,6204600,HAG
2021-02-23 07:00:00,4.78,4.78,4.64,4.68,9812600,HAG
2021-02-24 07:00:00,4.64,4.73,4.54,4.62,6099000,HAG
2021-02-25 07:00:00,4.64,4.65,4.51,4.6,5758100,HAG
2021-02-26 07:00:00,4.55,4.79,4.5,4.7,5009800,HAG
2021-03-01 07:00:00,4.67,4.71,4.61,4.7,4047200,HAG
2021-03-02 07:00:00,4.72,4.74,4.68,4.71,4822900,HAG
2021-03-03 07:00:00,4.71,4.85,4.68,4.83,5159000,HAG
2021-03-04 07:00:00,4.86,5.0,4.7,4.8,10400000,HAG
2021-03-05 07:00:00,4.8,4.86,4.7,4.84,4032800,HAG
2021-03-08 07:00:00,4.9,4.9,4.8,4.85,6169400,HAG
2021-03-09 07:00:00,4.85,5.1,4.8,5.0,11844800,HAG
2021-03-10 07:00:00,5.0,5.16,5.0,5.14,10230600,HAG
2021-03-11 07:00:00,5.15,5.19,5.1,5.11,7436800,HAG
2021-03-12 07:00:00,5.1,5.11,5.03,5.06,9474600,HAG
2021-03-15 07:00:00,5.1,5.35,5.06,5.24,11483000,HAG
2021-03-16 07:00:00,5.28,5.28,5.15,5.23,7626200,HAG
2021-03-17 07:00:00,5.23,5.4,5.18,5.22,7740400,HAG
2021-03-18 07:00:00,5.25,5.26,5.2,5.22,5832800,HAG
2021-03-19 07:00:00,5.2,5.22,5.11,5.19,6035100,HAG
2021-03-22 07:00:00,5.2,5.32,5.17,5.26,7187100,HAG
2021-03-23 07:00:00,5.22,5.27,5.21,5.23,6369000,HAG
2021-03-24 07:00:00,5.2,5.23,5.1,5.19,6594300,HAG
2021-03-25 07:00:00,5.19,5.22,5.1,5.15,5748900,HAG
2021-03-26 07:00:00,5.1,5.15,4.9,5.13,7356600,HAG
2021-03-29 07:00:00,5.15,5.48,5.0,5.48,14077800,HAG
2021-03-30 07:00:00,5.63,5.8,5.51,5.59,9722700,HAG
2021-03-31 07:00:00,5.58,5.65,5.5,5.55,6958600,HAG
2021-04-01 07:00:00,5.5,5.66,5.5,5.58,6140900,HAG
2021-04-02 07:00:00,5.6,5.75,5.58,5.66,7963000,HAG
2021-04-05 07:00:00,5.75,5.75,5.63,5.66,7701400,HAG
2021-04-06 07:00:00,5.66,5.7,5.61,5.66,7438700,HAG
2021-04-07 07:00:00,5.66,5.83,5.63,5.72,9222000,HAG
2021-04-08 07:00:00,5.8,5.8,5.69,5.74,7675800,HAG
2021-04-09 07:00:00,5.75,5.9,5.72,5.83,9043400,HAG
2021-04-12 07:00:00,5.83,6.23,5.83,6.23,27451200,HAG
2021-04-13 07:00:00,6.3,6.3,6.01,6.09,18308600,HAG
2021-04-14 07:00:00,6.0,6.32,5.96,6.05,18952100,HAG
2021-04-15 07:00:00,6.12,6.23,6.05,6.09,16065500,HAG
2021-04-16 07:00:00,6.08,6.14,5.78,5.99,15604600,HAG
2021-04-19 07:00:00,6.0,6.0,5.7,5.92,12101300,HAG
2021-04-20 07:00:00,5.81,5.92,5.8,5.81,10234900,HAG
2021-04-22 07:00:00,5.41,5.41,5.41,5.41,19219200,HAG
2021-04-23 07:00:00,5.04,5.04,5.04,5.04,12462200,HAG
2021-04-26 07:00:00,5.2,5.36,5.06,5.33,23731600,HAG
2021-04-27 07:00:00,5.3,5.43,5.23,5.3,5584800,HAG
2021-04-28 07:00:00,5.24,5.4,5.19,5.4,5140000,HAG
2021-04-29 07:00:00,5.4,5.6,5.3,5.44,5458600,HAG
2021-05-04 07:00:00,5.2,5.35,5.06,5.28,8044500,HAG
2021-05-05 07:00:00,5.2,5.36,5.19,5.36,6526400,HAG
2021-05-06 07:00:00,5.36,5.38,5.25,5.36,5110700,HAG
2021-05-07 07:00:00,5.36,5.36,5.22,5.3,7670800,HAG
2021-05-10 07:00:00,5.2,5.29,5.2,5.25,8711800,HAG
2021-05-11 07:00:00,5.21,5.31,5.19,5.24,4426500,HAG
2021-05-12 07:00:00,5.24,5.6,5.2,5.6,9452500,HAG
2021-05-13 07:00:00,5.65,5.75,5.56,5.58,7839600,HAG
2021-05-14 07:00:00,5.57,5.65,5.51,5.57,4012100,HAG
2021-05-17 07:00:00,5.5,5.6,5.4,5.41,5258800,HAG
2021-05-18 07:00:00,5.32,5.35,5.27,5.29,2422100,HAG
2021-05-19 07:00:00,5.29,5.37,5.25,5.25,3027400,HAG
2021-05-20 07:00:00,5.25,5.25,5.18,5.18,2861600,HAG
2021-05-21 07:00:00,5.13,5.36,5.13,5.24,1958800,HAG
2021-05-24 07:00:00,5.24,5.34,5.22,5.22,1959000,HAG
2021-05-25 07:00:00,5.28,5.3,5.2,5.25,3205100,HAG
2021-05-26 07:00:00,5.25,5.53,5.18,5.35,4893800,HAG
2021-05-27 07:00:00,5.35,5.37,5.18,5.2,2263900,HAG
2021-05-28 07:00:00,5.15,5.25,5.15,5.22,3367500,HAG
2021-05-31 07:00:00,5.18,5.2,5.13,5.13,3396200,HAG
2021-06-01 07:00:00,5.12,5.16,5.1,5.11,2763600,HAG
2021-06-02 07:00:00,5.06,5.25,5.06,5.21,3123300,HAG
2021-06-03 07:00:00,5.21,5.31,5.21,5.26,4554400,HAG
2021-06-04 07:00:00,5.4,5.45,5.26,5.28,6069800,HAG
2021-06-07 07:00:00,5.2,5.39,5.18,5.38,4262200,HAG
2021-06-08 07:00:00,5.45,5.6,5.3,5.46,9836100,HAG
2021-06-09 07:00:00,5.41,5.49,5.35,5.49,4542500,HAG
2021-06-10 07:00:00,5.49,5.65,5.43,5.5,5722700,HAG
2021-06-11 07:00:00,5.49,5.58,5.46,5.49,3010100,HAG
2021-06-14 07:00:00,5.6,5.8,5.56,5.72,8094800,HAG
2021-06-15 07:00:00,5.79,6.09,5.71,6.01,11079000,HAG
2021-06-16 07:00:00,6.0,6.05,5.8,6.02,8705400,HAG
2021-06-17 07:00:00,5.95,6.03,5.91,6.0,4896500,HAG
2021-06-18 07:00:00,6.1,6.15,5.95,6.05,6906600,HAG
2021-06-21 07:00:00,6.05,6.34,5.98,6.2,12329900,HAG
2021-06-22 07:00:00,6.2,6.3,6.14,6.16,8541100,HAG
2021-06-23 07:00:00,6.14,6.2,6.06,6.11,7816400,HAG
2021-06-24 07:00:00,6.1,6.11,5.99,6.01,5685500,HAG
2021-06-25 07:00:00,5.95,6.09,5.95,6.0,3208700,HAG
2021-06-28 07:00:00,6.0,6.1,6.0,6.01,2961000,HAG
2021-06-29 07:00:00,6.01,6.04,5.96,6.04,4968200,HAG
2021-06-30 07:00:00,5.92,6.02,5.9,5.9,2467400,HAG
2021-07-01 07:00:00,5.9,5.91,5.78,5.8,5294800,HAG
2021-07-02 07:00:00,5.82,5.84,5.72,5.75,3777800,HAG
2021-07-05 07:00:00,5.7,5.75,5.51,5.55,4238900,HAG
2021-07-06 07:00:00,5.49,5.67,5.33,5.33,1868900,HAG
2021-07-07 07:00:00,5.34,5.4,5.2,5.2,3965300,HAG
2021-07-08 07:00:00,5.2,5.42,5.2,5.34,2930900,HAG
2021-07-09 07:00:00,5.35,5.4,5.2,5.22,1741100,HAG
2021-07-12 07:00:00,5.2,5.2,4.86,4.86,5319600,HAG
2021-07-13 07:00:00,4.9,5.1,4.8,5.1,2133700,HAG
2021-07-14 07:00:00,5.18,5.18,4.98,5.1,1665000,HAG
2021-07-15 07:00:00,5.05,5.16,5.0,5.11,928700,HAG
2021-07-16 07:00:00,5.11,5.15,5.06,5.09,1749600,HAG
2021-07-19 07:00:00,4.95,5.0,4.78,4.91,2623900,HAG
2021-07-20 07:00:00,4.85,4.96,4.79,4.96,1233800,HAG
2021-07-21 07:00:00,4.96,4.99,4.88,4.95,1065400,HAG
2021-07-22 07:00:00,4.94,5.1,4.87,5.05,1950900,HAG
2021-07-23 07:00:00,5.05,5.05,4.9,4.9,1153300,HAG
2021-07-26 07:00:00,4.56,4.9,4.56,4.78,9897800,HAG
2021-07-27 07:00:00,5.0,5.08,4.85,5.0,3466700,HAG
2021-07-28 07:00:00,5.07,5.14,4.98,5.0,2519900,HAG
2021-07-29 07:00:00,4.99,5.07,4.97,5.04,2708800,HAG
2021-07-30 07:00:00,5.04,5.05,5.0,5.01,1955000,HAG
2021-08-02 07:00:00,5.01,5.15,4.99,5.04,3183800,HAG
2021-08-03 07:00:00,5.05,5.12,5.04,5.09,2494700,HAG
2021-08-04 07:00:00,5.11,5.3,5.09,5.15,4015500,HAG
2021-08-05 07:00:00,5.29,5.48,5.2,5.46,4535400,HAG
2021-08-06 07:00:00,5.5,5.6,5.37,5.45,4262200,HAG
2021-08-09 07:00:00,5.39,5.45,5.31,5.4,3367000,HAG
2021-08-10 07:00:00,5.4,5.41,5.35,5.39,4435300,HAG
2021-08-11 07:00:00,5.35,5.4,5.35,5.36,3117700,HAG
2021-08-12 07:00:00,5.32,5.36,5.25,5.25,3065700,HAG
2021-08-13 07:00:00,5.25,5.32,5.1,5.2,2470400,HAG
2021-08-16 07:00:00,5.2,5.25,5.12,5.16,4073000,HAG
2021-08-17 07:00:00,5.16,5.3,5.16,5.27,4437900,HAG
2021-08-18 07:00:00,5.25,5.35,5.23,5.25,2034900,HAG
2021-08-19 07:00:00,5.23,5.25,5.11,5.11,3895000,HAG
2021-08-20 07:00:00,5.11,5.15,4.95,5.11,5324300,HAG
2021-08-23 07:00:00,5.05,5.11,4.95,5.0,2383000,HAG
2021-08-24 07:00:00,5.0,5.11,4.97,5.0,1963400,HAG
2021-08-25 07:00:00,5.0,5.03,4.97,5.0,1585900,HAG
2021-08-26 07:00:00,5.02,5.09,4.98,5.02,1782600,HAG
2021-08-27 07:00:00,5.03,5.05,4.99,5.05,2399200,HAG
2021-08-30 07:00:00,5.05,5.08,5.02,5.05,2366500,HAG
2021-08-31 07:00:00,5.05,5.18,5.03,5.1,2460700,HAG
2021-09-01 07:00:00,5.1,5.2,5.07,5.13,2245000,HAG
2021-09-06 07:00:00,5.13,5.26,5.08,5.18,3919000,HAG
2021-09-07 07:00:00,5.2,5.21,5.05,5.1,2362400,HAG
2021-09-08 07:00:00,5.07,5.09,4.96,5.04,2633300,HAG
2021-09-09 07:00:00,5.02,5.07,4.95,5.07,3154900,HAG
2021-09-10 07:00:00,4.95,5.05,4.94,4.98,3304400,HAG
2021-09-13 07:00:00,4.99,5.1,4.95,5.1,6175000,HAG
2021-09-14 07:00:00,5.08,5.09,5.0,5.01,2158600,HAG
2021-09-15 07:00:00,5.02,5.04,4.99,5.01,2720000,HAG
2021-09-16 07:00:00,5.0,5.02,4.97,5.0,3228800,HAG
2021-09-17 07:00:00,5.0,5.29,5.0,5.15,7017700,HAG
2021-09-20 07:00:00,5.2,5.33,5.13,5.2,7549500,HAG
2021-09-21 07:00:00,5.1,5.18,5.07,5.13,4167200,HAG
2021-09-22 07:00:00,5.2,5.48,5.2,5.48,20849000,HAG
2021-09-23 07:00:00,5.6,5.64,5.2,5.24,10404900,HAG
2021-09-24 07:00:00,5.31,5.34,5.22,5.24,3776400,HAG
2021-09-27 07:00:00,5.21,5.22,5.01,5.01,7771300,HAG
2021-09-28 07:00:00,4.97,5.09,4.97,5.06,4070400,HAG
2021-09-29 07:00:00,5.09,5.16,5.02,5.07,4797900,HAG
2021-09-30 07:00:00,5.08,5.13,5.05,5.06,3290900,HAG
2021-10-01 07:00:00,5.02,5.09,5.0,5.0,3523100,HAG
2021-10-04 07:00:00,5.01,5.06,4.98,5.0,3232100,HAG
2021-10-05 07:00:00,5.03,5.04,4.99,5.01,2704100,HAG
2021-10-06 07:00:00,5.0,5.1,5.0,5.03,5928900,HAG
2021-10-07 07:00:00,5.04,5.08,5.03,5.04,3991600,HAG
2021-10-08 07:00:00,5.05,5.2,5.04,5.09,4815200,HAG
2021-10-11 07:00:00,5.12,5.13,5.04,5.04,6593900,HAG
2021-10-12 07:00:00,5.04,5.08,5.0,5.02,5796300,HAG
2021-10-13 07:00:00,5.01,5.07,5.01,5.04,4711100,HAG
2021-10-14 07:00:00,5.03,5.28,5.03,5.2,13603100,HAG
2021-10-15 07:00:00,5.2,5.24,5.08,5.1,3933300,HAG
2021-10-18 07:00:00,5.16,5.16,5.07,5.07,2855200,HAG
2021-10-19 07:00:00,5.07,5.1,5.04,5.04,4810200,HAG
2021-10-20 07:00:00,5.04,5.08,5.02,5.04,6181700,HAG
2021-10-21 07:00:00,5.06,5.15,5.04,5.08,7123500,HAG
2021-10-22 07:00:00,5.08,5.12,5.04,5.05,6204300,HAG
2021-10-25 07:00:00,5.06,5.08,5.04,5.05,12021600,HAG
2021-10-26 07:00:00,5.06,5.08,5.02,5.03,7724500,HAG
2021-10-27 07:00:00,5.05,5.06,5.02,5.04,9479500,HAG
2021-10-28 07:00:00,5.05,5.27,5.05,5.16,20260000,HAG
2021-10-29 07:00:00,5.24,5.24,5.14,5.15,9104300,HAG
2021-11-01 07:00:00,5.4,5.51,5.33,5.51,29931400,HAG
2021-11-02 07:00:00,5.7,5.75,5.55,5.56,25670600,HAG
2021-11-03 07:00:00,5.64,5.65,5.35,5.36,20016000,HAG
2021-11-04 07:00:00,5.35,5.45,5.25,5.37,12477400,HAG
2021-11-05 07:00:00,5.5,5.74,5.48,5.74,33020700,HAG
2021-11-08 07:00:00,6.14,6.14,6.0,6.14,23883300,HAG
2021-11-09 07:00:00,6.53,6.56,6.22,6.56,45006400,HAG
2021-11-10 07:00:00,6.56,6.89,6.45,6.7,26083300,HAG
2021-11-11 07:00:00,6.69,7.16,6.56,7.13,38787400,HAG
2021-11-12 07:00:00,7.01,7.62,7.01,7.62,42283700,HAG
2021-11-15 07:00:00,7.98,8.15,7.7,8.15,34541700,HAG
2021-11-16 07:00:00,8.0,8.62,7.7,8.28,36387300,HAG
2021-11-17 07:00:00,8.14,8.5,7.99,8.2,30650000,HAG
2021-11-18 07:00:00,8.2,8.69,8.11,8.61,26427200,HAG
2021-11-19 07:00:00,8.7,8.85,8.01,8.01,36244000,HAG
2021-11-22 07:00:00,7.8,7.98,7.45,7.45,39898700,HAG
2021-11-23 07:00:00,6.93,7.32,6.93,7.15,35565000,HAG
2021-11-24 07:00:00,7.34,7.59,7.0,7.06,17658100,HAG
2021-11-25 07:00:00,7.0,7.5,6.7,7.5,24158600,HAG
2021-11-26 07:00:00,7.78,7.78,7.19,7.2,19827900,HAG
2021-11-29 07:00:00,6.9,7.7,6.9,7.7,18009500,HAG
2021-11-30 07:00:00,8.23,8.23,8.0,8.23,39204800,HAG
2021-12-01 07:00:00,8.3,8.75,8.25,8.7,31901600,HAG
2021-12-02 07:00:00,8.78,9.15,8.71,8.8,24739300,HAG
2021-12-03 07:00:00,8.6,9.2,8.28,8.8,38149900,HAG
2021-12-06 07:00:00,9.0,9.05,8.5,8.63,27811200,HAG
2021-12-07 07:00:00,8.78,9.23,8.66,9.23,36507500,HAG
2021-12-08 07:00:00,9.8,9.87,9.6,9.87,38298600,HAG
2021-12-09 07:00:00,9.7,10.55,9.65,10.2,48775500,HAG
2021-12-10 07:00:00,10.0,10.8,9.88,10.55,30816400,HAG
2021-12-13 07:00:00,10.9,11.25,10.55,11.25,16543600,HAG
2021-12-14 07:00:00,11.8,12.0,11.35,12.0,57953800,HAG
2021-12-15 07:00:00,12.0,12.75,11.55,12.2,38318000,HAG
2021-12-16 07:00:00,12.1,13.05,11.8,13.05,26516600,HAG
2021-12-17 07:00:00,13.1,13.8,12.15,12.15,34726800,HAG
2021-12-20 07:00:00,11.5,12.75,11.45,12.75,48861900,HAG
2021-12-21 07:00:00,13.0,13.6,12.75,13.6,30251400,HAG
2021-12-22 07:00:00,14.0,14.55,13.8,14.5,27611500,HAG
2021-12-23 07:00:00,14.45,15.35,13.9,14.9,45357300,HAG
2021-12-24 07:00:00,15.0,15.35,14.0,14.2,29463400,HAG
2021-12-27 07:00:00,14.2,14.7,13.8,14.5,24042600,HAG
2021-12-28 07:00:00,14.45,14.8,13.55,13.55,49657000,HAG
2021-12-29 07:00:00,13.75,14.45,13.55,14.45,30448700,HAG
2021-12-30 07:00:00,14.55,15.1,14.0,14.25,16190700,HAG
2021-12-31 07:00:00,14.05,14.25,13.3,13.3,43159100,HAG
2022-01-04 07:00:00,13.45,13.75,12.8,13.0,33642800,HAG
2022-01-05 07:00:00,13.05,13.9,12.8,13.9,32897500,HAG
2022-01-06 07:00:00,14.2,14.6,14.0,14.2,23986300,HAG
2022-01-07 07:00:00,14.0,14.6,14.0,14.3,31557000,HAG
2022-01-10 07:00:00,14.6,15.3,14.25,15.3,62236100,HAG
2022-01-11 07:00:00,15.7,16.2,15.0,15.25,26730300,HAG
2022-01-12 07:00:00,15.25,15.75,14.2,14.85,41422400,HAG
2022-01-13 07:00:00,14.6,15.1,13.85,14.0,51223000,HAG
2022-01-14 07:00:00,13.2,14.95,13.2,14.95,21655100,HAG
2022-01-17 07:00:00,15.95,15.95,14.8,15.65,44239900,HAG
2022-01-18 07:00:00,15.3,15.75,14.6,14.9,21903300,HAG
2022-01-19 07:00:00,15.2,15.3,13.9,13.9,24798700,HAG
2022-01-20 07:00:00,13.5,14.25,12.95,13.4,31633300,HAG
2022-01-21 07:00:00,13.55,14.2,13.3,13.65,15436500,HAG
2022-01-24 07:00:00,13.6,13.6,12.7,12.7,31142300,HAG
2022-01-25 07:00:00,12.0,12.5,11.85,11.85,37251100,HAG
2022-01-26 07:00:00,11.65,12.65,11.1,12.65,31958300,HAG
2022-01-27 07:00:00,12.9,13.3,12.65,12.65,8091400,HAG
2022-01-28 07:00:00,11.8,12.25,11.8,11.8,38886900,HAG
2022-02-07 07:00:00,12.55,12.55,11.8,11.8,14258300,HAG
2022-02-08 07:00:00,11.8,12.3,11.6,12.2,9469800,HAG
2022-02-09 07:00:00,12.2,12.6,11.9,12.45,11636300,HAG
2022-02-10 07:00:00,12.45,12.95,12.3,12.65,15518200,HAG
2022-02-11 07:00:00,12.5,13.0,12.35,12.4,12232900,HAG
2022-02-14 07:00:00,11.55,11.8,11.55,11.55,11254700,HAG
2022-02-15 07:00:00,10.75,12.3,10.75,11.65,38586200,HAG
2022-02-16 07:00:00,11.9,12.0,11.05,11.1,14089500,HAG
2022-02-17 07:00:00,11.05,11.3,10.65,11.15,13441400,HAG
2022-02-18 07:00:00,10.8,11.7,10.8,11.0,17305700,HAG
2022-02-21 07:00:00,11.0,11.4,10.85,11.3,12208700,HAG
2022-02-22 07:00:00,11.0,11.7,11.0,11.5,16867500,HAG
2022-02-23 07:00:00,11.5,11.8,11.2,11.25,11979700,HAG
2022-02-24 07:00:00,11.15,11.25,10.5,10.5,37187200,HAG
2022-02-25 07:00:00,10.55,10.75,10.1,10.2,21351900,HAG
2022-02-28 07:00:00,10.5,10.7,10.15,10.25,17110300,HAG
2022-03-01 07:00:00,10.3,10.95,10.25,10.95,16658500,HAG
2022-03-02 07:00:00,11.7,11.7,11.2,11.25,23846200,HAG
2022-03-03 07:00:00,11.35,11.5,11.0,11.15,15820500,HAG
2022-03-04 07:00:00,11.0,11.9,11.0,11.9,35337000,HAG
2022-03-07 07:00:00,12.1,12.65,11.8,12.5,21109000,HAG
2022-03-08 07:00:00,12.3,12.5,11.7,11.7,21822800,HAG
2022-03-09 07:00:00,11.75,12.25,11.0,11.95,33982200,HAG
2022-03-10 07:00:00,12.15,12.45,11.95,12.15,18378100,HAG
2022-03-11 07:00:00,12.15,12.75,12.1,12.4,28385500,HAG
2022-03-14 07:00:00,12.1,12.5,11.7,11.7,20617500,HAG
2022-03-15 07:00:00,11.75,12.05,11.55,11.75,14960300,HAG
2022-03-16 07:00:00,11.8,12.0,11.5,11.5,20757100,HAG
2022-03-17 07:00:00,11.5,12.3,11.45,12.1,27219300,HAG
2022-03-18 07:00:00,12.15,12.4,11.9,11.95,11236900,HAG
2022-03-21 07:00:00,12.3,12.45,12.05,12.3,23112900,HAG
2022-03-22 07:00:00,12.3,13.15,12.15,13.15,45151100,HAG
2022-03-23 07:00:00,13.45,13.5,13.05,13.15,20583800,HAG
2022-03-24 07:00:00,13.0,13.8,13.0,13.35,26820100,HAG
2022-03-25 07:00:00,13.3,13.6,13.1,13.15,22591100,HAG
2022-03-28 07:00:00,12.8,13.5,12.3,13.3,41270500,HAG
2022-03-29 07:00:00,13.3,13.5,13.0,13.4,15910200,HAG
2022-03-30 07:00:00,13.2,14.15,13.2,13.65,36486800,HAG
2022-03-31 07:00:00,13.85,13.85,13.1,13.1,21003300,HAG
2022-04-01 07:00:00,12.9,13.3,12.75,13.15,19108700,HAG
2022-04-04 07:00:00,13.4,13.65,13.2,13.35,12858200,HAG
2022-04-05 07:00:00,13.35,13.45,13.1,13.2,10262800,HAG
2022-04-06 07:00:00,13.1,13.55,13.05,13.25,15540500,HAG
2022-04-07 07:00:00,13.3,13.45,13.1,13.3,11936200,HAG
2022-04-08 07:00:00,13.35,13.45,12.4,12.4,41768000,HAG
2022-04-12 07:00:00,12.5,12.65,11.55,11.55,23098600,HAG
2022-04-13 07:00:00,11.55,12.15,11.1,12.15,16036000,HAG
2022-04-14 07:00:00,12.15,12.15,11.3,11.3,21221200,HAG
2022-04-15 07:00:00,11.6,12.05,11.55,12.05,25167300,HAG
2022-04-18 07:00:00,12.0,12.15,11.35,11.6,14370900,HAG
2022-04-19 07:00:00,11.5,11.8,10.85,10.85,15605700,HAG
2022-04-20 07:00:00,10.65,10.95,10.1,10.1,22456400,HAG
2022-04-21 07:00:00,9.55,10.5,9.4,10.1,23914100,HAG
2022-04-22 07:00:00,10.15,10.45,9.63,9.8,13754400,HAG
2022-04-25 07:00:00,9.9,10.15,9.12,9.12,18286200,HAG
2022-04-26 07:00:00,8.9,9.74,8.6,9.74,16597500,HAG
2022-04-27 07:00:00,9.8,10.2,9.5,10.2,14344600,HAG
2022-04-28 07:00:00,10.2,10.45,10.0,10.05,8720800,HAG
2022-04-29 07:00:00,10.0,10.3,9.9,10.2,13825900,HAG
2022-05-04 07:00:00,10.3,10.3,9.9,9.92,10510800,HAG
2022-05-05 07:00:00,10.05,10.1,9.53,9.99,11014500,HAG
2022-05-06 07:00:00,9.6,9.8,9.4,9.4,9996600,HAG
2022-05-09 07:00:00,9.3,9.39,8.75,8.75,16583400,HAG
2022-05-10 07:00:00,8.25,9.19,8.25,9.06,12087100,HAG
2022-05-11 07:00:00,9.1,9.14,8.78,8.96,8522100,HAG
2022-05-12 07:00:00,8.8,8.9,8.34,8.34,10899400,HAG
2022-05-13 07:00:00,8.31,8.5,7.76,7.76,21904700,HAG
2022-05-16 07:00:00,8.2,8.29,7.95,8.05,10651300,HAG
2022-05-17 07:00:00,8.05,8.61,7.97,8.61,10501900,HAG
2022-05-18 07:00:00,9.0,9.2,8.9,9.0,13183700,HAG
2022-05-19 07:00:00,8.74,9.19,8.73,9.03,9474000,HAG
2022-05-20 07:00:00,8.64,9.11,8.6,8.99,20467100,HAG
2022-05-23 07:00:00,9.15,9.35,8.6,8.81,14917700,HAG
2022-05-24 07:00:00,8.84,8.84,8.3,8.72,10733100,HAG
2022-05-25 07:00:00,8.75,9.3,8.75,9.3,12362900,HAG
2022-05-26 07:00:00,9.26,9.45,9.05,9.08,9818000,HAG
2022-05-27 07:00:00,9.28,9.57,9.16,9.41,13695700,HAG
2022-05-30 07:00:00,9.5,9.5,9.31,9.36,6729500,HAG
2022-05-31 07:00:00,9.34,9.54,9.16,9.22,9359200,HAG
2022-06-01 07:00:00,9.22,9.32,9.07,9.25,6874900,HAG
2022-06-02 07:00:00,9.28,9.31,8.9,8.9,11650700,HAG
2022-06-03 07:00:00,8.9,8.97,8.56,8.72,11266500,HAG
2022-06-06 07:00:00,8.68,8.86,8.5,8.5,8740800,HAG
2022-06-07 07:00:00,8.48,8.5,8.0,8.45,11622100,HAG
2022-06-08 07:00:00,8.5,8.87,8.5,8.75,7396000,HAG
2022-06-09 07:00:00,8.8,8.8,8.55,8.56,5312700,HAG
2022-06-10 07:00:00,8.46,8.5,8.18,8.19,10920600,HAG
2022-06-13 07:00:00,7.7,7.88,7.62,7.62,17580000,HAG
2022-06-14 07:00:00,7.55,8.1,7.55,7.83,9480400,HAG
2022-06-15 07:00:00,7.87,7.9,7.3,7.55,8468300,HAG
2022-06-16 07:00:00,7.8,7.8,7.5,7.5,6900900,HAG
2022-06-17 07:00:00,7.1,7.3,6.98,6.98,13112500,HAG
2022-06-20 07:00:00,7.02,7.43,6.7,7.2,14642500,HAG
2022-06-21 07:00:00,7.45,7.7,7.4,7.7,9613500,HAG
2022-06-22 07:00:00,8.19,8.19,7.91,8.0,11791600,HAG
2022-06-23 07:00:00,7.85,8.25,7.7,8.24,11834400,HAG
2022-06-24 07:00:00,8.14,8.4,8.03,8.08,8603300,HAG
2022-06-27 07:00:00,8.15,8.64,8.01,8.64,18979000,HAG
2022-06-28 07:00:00,8.7,9.15,8.54,8.64,15023900,HAG
2022-06-29 07:00:00,8.5,8.82,8.48,8.6,9671200,HAG
2022-06-30 07:00:00,8.65,8.85,8.27,8.32,15511400,HAG
2022-07-01 07:00:00,8.3,8.9,8.22,8.9,23575500,HAG
2022-07-04 07:00:00,9.21,9.52,9.21,9.52,23607600,HAG
2022-07-05 07:00:00,9.7,9.96,9.33,9.42,20345200,HAG
2022-07-06 07:00:00,9.3,10.05,9.3,9.65,29138500,HAG
2022-07-07 07:00:00,9.8,9.89,9.32,9.7,15361300,HAG
2022-07-08 07:00:00,9.8,9.91,9.52,9.62,10756100,HAG
2022-07-11 07:00:00,9.72,10.25,9.65,10.25,25379200,HAG
2022-07-12 07:00:00,10.55,10.75,10.2,10.5,19820600,HAG
2022-07-13 07:00:00,10.6,11.2,10.6,11.0,22353200,HAG
2022-07-14 07:00:00,10.85,11.4,10.45,10.9,23597200,HAG
2022-07-15 07:00:00,10.8,11.3,10.8,11.05,13260500,HAG
2022-07-18 07:00:00,11.4,11.8,11.3,11.7,19942400,HAG
2022-07-19 07:00:00,11.75,12.15,11.5,11.65,23725900,HAG
2022-07-20 07:00:00,11.9,11.9,10.85,10.85,47050700,HAG
2022-07-21 07:00:00,10.8,11.15,10.35,11.1,29657100,HAG
2022-07-22 07:00:00,11.0,11.3,10.7,10.85,9516800,HAG
2022-07-25 07:00:00,10.8,11.4,10.6,11.4,17753000,HAG
2022-07-26 07:00:00,11.4,11.45,10.95,11.0,15321000,HAG
2022-07-27 07:00:00,10.9,11.4,10.7,11.3,13171500,HAG
2022-07-28 07:00:00,11.4,11.7,11.0,11.0,24089900,HAG
2022-07-29 07:00:00,11.0,11.55,11.0,11.15,17267300,HAG
2022-08-01 07:00:00,11.45,11.55,11.1,11.35,16743700,HAG
2022-08-02 07:00:00,11.4,12.1,11.25,12.1,43315500,HAG
2022-08-03 07:00:00,12.25,12.8,12.2,12.3,23943700,HAG
2022-08-04 07:00:00,12.3,12.6,12.15,12.35,16262600,HAG
2022-08-05 07:00:00,12.2,12.7,12.15,12.45,17806000,HAG
2022-08-08 07:00:00,12.35,12.45,11.8,11.85,38129400,HAG
2022-08-09 07:00:00,11.7,12.15,11.7,12.05,15502900,HAG
2022-08-10 07:00:00,11.95,12.2,11.7,11.7,22021700,HAG
2022-08-11 07:00:00,11.8,12.35,11.5,12.2,33082900,HAG
2022-08-12 07:00:00,12.25,12.35,11.95,11.95,11227700,HAG
2022-08-15 07:00:00,12.2,12.6,12.1,12.35,26721500,HAG
2022-08-16 07:00:00,12.35,12.65,12.15,12.3,17740900,HAG
2022-08-17 07:00:00,12.3,12.5,11.65,11.9,27712100,HAG
2022-08-18 07:00:00,11.8,11.95,11.55,11.65,21608300,HAG
2022-08-19 07:00:00,11.65,11.9,11.55,11.65,12374000,HAG
2022-08-22 07:00:00,11.8,12.45,11.75,12.4,31266100,HAG
2022-08-23 07:00:00,12.3,12.6,12.25,12.35,17270000,HAG
2022-08-24 07:00:00,12.6,12.95,12.45,12.65,26786900,HAG
2022-08-25 07:00:00,12.8,12.85,12.55,12.6,10566300,HAG
2022-08-26 07:00:00,12.85,13.1,12.55,12.75,19534100,HAG
2022-08-29 07:00:00,12.5,13.05,12.35,13.05,32047500,HAG
2022-08-30 07:00:00,13.05,13.25,12.85,12.95,11898800,HAG
2022-08-31 07:00:00,12.95,13.3,12.85,12.95,19526300,HAG
2022-09-05 07:00:00,12.95,13.15,12.9,12.95,12128700,HAG
2022-09-06 07:00:00,13.15,13.15,12.45,12.45,30804500,HAG
2022-09-07 07:00:00,12.35,12.7,12.3,12.35,18461900,HAG
2022-09-08 07:00:00,12.5,12.55,11.9,11.9,25852800,HAG
2022-09-09 07:00:00,11.95,12.4,11.7,12.4,17679300,HAG
2022-09-12 07:00:00,12.6,12.9,12.6,12.8,13973700,HAG
2022-09-13 07:00:00,12.8,12.9,12.65,12.85,10506300,HAG
2022-09-14 07:00:00,12.7,13.7,12.5,13.7,40713500,HAG
2022-09-15 07:00:00,13.75,13.9,13.5,13.6,14624100,HAG
2022-09-16 07:00:00,13.5,14.15,13.5,13.6,32672100,HAG
2022-09-19 07:00:00,13.8,14.3,13.3,13.85,36665800,HAG
2022-09-20 07:00:00,14.0,14.1,13.65,13.85,11995700,HAG
2022-09-21 07:00:00,13.7,13.9,13.65,13.65,10396300,HAG
2022-09-22 07:00:00,13.5,13.9,13.35,13.85,23038100,HAG
2022-09-23 07:00:00,14.0,14.6,13.9,13.9,38855700,HAG
2022-09-26 07:00:00,13.5,13.7,13.05,13.7,40963200,HAG
2022-09-27 07:00:00,13.75,14.1,13.45,13.45,22115800,HAG
2022-09-28 07:00:00,13.4,13.5,12.55,12.55,45676500,HAG
2022-09-29 07:00:00,12.75,12.85,12.35,12.4,21694500,HAG
2022-09-30 07:00:00,12.55,13.25,12.25,13.25,31444800,HAG
2022-10-03 07:00:00,13.35,13.45,12.35,12.35,33134200,HAG
2022-10-04 07:00:00,12.45,12.45,11.55,11.8,33603100,HAG
2022-10-05 07:00:00,12.2,12.6,12.05,12.4,15189100,HAG
2022-10-06 07:00:00,12.25,12.3,11.55,11.55,34386100,HAG
2022-10-07 07:00:00,10.75,10.95,10.75,10.75,10664100,HAG
2022-10-10 07:00:00,10.15,11.4,10.15,11.1,29612300,HAG
2022-10-11 07:00:00,11.0,11.1,10.35,10.35,15928700,HAG
2022-10-12 07:00:00,10.3,10.7,9.63,9.63,30895800,HAG
2022-10-13 07:00:00,9.98,10.05,9.61,9.9,16252800,HAG
2022-10-14 07:00:00,10.1,10.3,9.97,10.05,13265800,HAG
2022-10-17 07:00:00,9.98,9.98,9.35,9.46,24976400,HAG
2022-10-18 07:00:00,9.7,9.94,9.47,9.78,11037900,HAG
2022-10-19 07:00:00,9.74,9.94,9.34,9.54,10023200,HAG
2022-10-20 07:00:00,9.5,9.5,8.92,9.05,15249800,HAG
2022-10-21 07:00:00,9.06,9.39,8.45,8.5,20204600,HAG
2022-10-24 07:00:00,8.65,8.95,8.4,8.83,20726000,HAG
2022-10-25 07:00:00,8.85,9.25,8.51,9.03,13651000,HAG
2022-10-26 07:00:00,9.04,9.13,8.64,8.7,8413200,HAG
2022-10-27 07:00:00,8.87,9.3,8.81,9.3,13131600,HAG
2022-10-28 07:00:00,9.3,9.5,9.06,9.1,12447900,HAG
2022-10-31 07:00:00,9.1,9.23,8.47,8.66,15335500,HAG
2022-11-01 07:00:00,8.83,8.94,8.62,8.76,7154300,HAG
2022-11-02 07:00:00,8.8,9.2,8.73,8.99,9848900,HAG
2022-11-03 07:00:00,8.88,9.08,8.8,8.8,7255000,HAG
2022-11-04 07:00:00,8.8,8.8,8.28,8.29,16161500,HAG
2022-11-07 07:00:00,8.18,8.28,7.71,7.71,16642400,HAG
2022-11-08 07:00:00,7.45,7.87,7.41,7.8,9593600,HAG
2022-11-09 07:00:00,8.0,8.2,7.86,7.9,7489600,HAG
2022-11-10 07:00:00,7.7,7.9,7.35,7.35,8920600,HAG
2022-11-11 07:00:00,7.52,7.52,6.84,6.84,16749600,HAG
2022-11-14 07:00:00,6.65,6.8,6.37,6.37,15010500,HAG
2022-11-15 07:00:00,6.2,6.38,5.93,5.93,16001000,HAG
2022-11-16 07:00:00,5.93,6.34,5.64,6.34,10988900,HAG
2022-11-17 07:00:00,6.78,6.78,6.78,6.78,1649800,HAG
2022-11-18 07:00:00,7.25,7.25,7.03,7.25,23756200,HAG
2022-11-21 07:00:00,7.75,7.75,7.54,7.75,16524200,HAG
2022-11-22 07:00:00,7.85,8.29,7.76,7.8,21847600,HAG
2022-11-23 07:00:00,7.68,7.98,7.35,7.35,13129100,HAG
2022-11-24 07:00:00,7.3,7.86,7.15,7.86,10883700,HAG
2022-11-25 07:00:00,8.4,8.41,8.3,8.41,20449700,HAG
2022-11-28 07:00:00,8.94,8.99,8.66,8.96,18237300,HAG
2022-11-29 07:00:00,8.71,9.15,8.51,8.92,23398900,HAG
2022-11-30 07:00:00,8.99,9.4,8.65,9.05,17978800,HAG
2022-12-01 07:00:00,9.25,9.5,8.57,8.81,22614500,HAG
2022-12-02 07:00:00,8.71,9.11,8.41,9.11,21027100,HAG
2022-12-05 07:00:00,9.38,9.4,8.85,8.9,21029500,HAG
2022-12-06 07:00:00,8.7,9.52,8.6,9.52,37700900,HAG
2022-12-07 07:00:00,9.8,10.15,9.1,9.18,27942600,HAG
2022-12-08 07:00:00,9.5,9.7,9.06,9.2,20263300,HAG
2022-12-09 07:00:00,9.4,9.75,9.25,9.41,13752300,HAG
2022-12-12 07:00:00,9.6,9.93,9.01,9.01,19988300,HAG
2022-12-13 07:00:00,9.02,9.4,8.63,9.4,22099900,HAG
2022-12-14 07:00:00,9.55,9.59,9.25,9.25,11879400,HAG
2022-12-15 07:00:00,9.22,9.4,9.05,9.13,9408400,HAG
2022-12-16 07:00:00,9.0,9.29,8.93,9.25,14233700,HAG
2022-12-19 07:00:00,9.2,9.44,8.95,8.95,17075700,HAG
2022-12-20 07:00:00,8.85,9.05,8.33,8.33,32070700,HAG
2022-12-21 07:00:00,8.47,8.91,7.9,8.91,27030900,HAG
2022-12-22 07:00:00,9.19,9.29,8.75,8.9,15240000,HAG
2022-12-23 07:00:00,8.9,8.95,8.62,8.62,9617300,HAG
2022-12-26 07:00:00,8.64,8.68,8.03,8.03,17145100,HAG
2022-12-27 07:00:00,8.08,8.59,8.0,8.59,17934400,HAG
2022-12-28 07:00:00,8.74,8.98,8.58,8.6,13910000,HAG
2022-12-29 07:00:00,8.55,8.95,8.52,8.9,13035200,HAG
2022-12-30 07:00:00,9.0,9.25,8.8,9.16,14436900,HAG
2023-01-03 07:00:00,9.11,9.7,9.01,9.49,23826800,HAG
2023-01-04 07:00:00,9.5,9.58,9.02,9.02,24038800,HAG
2023-01-05 07:00:00,9.1,9.39,9.08,9.35,14414900,HAG
2023-01-06 07:00:00,9.4,9.52,9.11,9.35,15850600,HAG
2023-01-09 07:00:00,9.41,9.45,9.1,9.1,12257600,HAG
2023-01-10 07:00:00,9.02,9.27,8.9,9.11,12828100,HAG
2023-01-11 07:00:00,9.18,9.55,9.11,9.4,17760000,HAG
2023-01-12 07:00:00,9.48,9.57,9.25,9.3,13091400,HAG
2023-01-13 07:00:00,9.4,9.45,9.14,9.14,12124600,HAG
2023-01-16 07:00:00,9.2,9.21,8.92,8.95,15451900,HAG
2023-01-17 07:00:00,9.0,9.1,8.96,9.07,9382900,HAG
2023-01-18 07:00:00,9.12,9.6,9.12,9.43,22986900,HAG
2023-01-19 07:00:00,9.7,9.8,9.56,9.63,16210100,HAG
2023-01-27 07:00:00,9.8,9.83,9.6,9.61,12206600,HAG
2023-01-30 07:00:00,9.58,9.65,9.41,9.41,14313600,HAG
2023-01-31 07:00:00,9.41,9.52,9.22,9.52,16469100,HAG
2023-02-01 07:00:00,9.6,9.64,8.9,8.91,19482800,HAG
2023-02-02 07:00:00,9.0,9.0,8.53,8.55,21851700,HAG
2023-02-03 07:00:00,8.56,8.7,8.5,8.61,9406000,HAG
2023-02-06 07:00:00,8.62,8.85,8.51,8.73,10302800,HAG
2023-02-07 07:00:00,8.84,8.92,8.6,8.6,12110600,HAG
2023-02-08 07:00:00,8.61,8.77,8.33,8.55,10570200,HAG
2023-02-09 07:00:00,8.5,8.66,8.5,8.53,4968300,HAG
2023-02-10 07:00:00,8.53,8.59,8.25,8.25,9192800,HAG
2023-02-13 07:00:00,8.0,8.1,7.68,7.68,24580400,HAG
2023-02-14 07:00:00,7.72,7.79,7.6,7.65,7327300,HAG
2023-02-15 07:00:00,7.75,8.15,7.72,7.98,10443000,HAG
2023-02-16 07:00:00,8.06,8.08,7.9,8.0,6195100,HAG
2023-02-17 07:00:00,8.05,8.14,7.95,7.96,6674800,HAG
2023-02-20 07:00:00,7.96,8.3,7.95,8.3,10769900,HAG
2023-02-21 07:00:00,8.4,8.41,8.2,8.2,9411500,HAG
2023-02-22 07:00:00,8.01,8.14,7.85,7.85,12977200,HAG
2023-02-23 07:00:00,7.85,7.92,7.6,7.92,11341400,HAG
2023-02-24 07:00:00,7.8,7.93,7.76,7.79,5417100,HAG
2023-02-27 07:00:00,7.65,7.68,7.4,7.4,8305800,HAG
2023-02-28 07:00:00,7.5,7.64,7.43,7.45,4637700,HAG
2023-03-01 07:00:00,7.5,7.7,7.36,7.7,6555700,HAG
2023-03-02 07:00:00,7.75,7.76,7.62,7.62,4126800,HAG
2023-03-03 07:00:00,7.63,7.68,7.45,7.45,5079700,HAG
2023-03-06 07:00:00,7.59,7.69,7.44,7.46,4939000,HAG
2023-03-07 07:00:00,7.5,7.54,7.43,7.47,5592300,HAG
2023-03-08 07:00:00,7.45,7.57,7.36,7.55,6579800,HAG
2023-03-09 07:00:00,7.63,7.99,7.61,7.81,12593500,HAG
2023-03-10 07:00:00,7.71,7.81,7.63,7.64,6253800,HAG
2023-03-13 07:00:00,7.5,7.59,7.48,7.49,8079900,HAG
2023-03-14 07:00:00,7.52,7.58,7.35,7.38,8118700,HAG
2023-03-15 07:00:00,7.57,7.6,7.48,7.55,6321400,HAG
2023-03-16 07:00:00,7.37,7.45,7.33,7.39,8783100,HAG
2023-03-17 07:00:00,7.48,7.6,7.38,7.6,8128800,HAG
2023-03-20 07:00:00,7.5,7.54,7.33,7.33,7717800,HAG
2023-03-21 07:00:00,7.4,7.41,7.3,7.34,4256800,HAG
2023-03-22 07:00:00,7.4,7.42,7.34,7.34,3073200,HAG
2023-03-23 07:00:00,7.3,7.32,7.25,7.26,5343500,HAG
2023-03-24 07:00:00,7.35,7.37,7.29,7.3,4659700,HAG
2023-03-27 07:00:00,7.31,7.4,7.27,7.36,5272300,HAG
2023-03-28 07:00:00,7.37,7.54,7.37,7.44,7087900,HAG
2023-03-29 07:00:00,7.44,7.5,7.38,7.39,3626000,HAG
2023-03-30 07:00:00,7.42,7.48,7.36,7.36,4843000,HAG
2023-03-31 07:00:00,7.36,7.39,7.31,7.33,5625700,HAG
2023-04-03 07:00:00,7.39,7.44,7.36,7.39,6172300,HAG
2023-04-04 07:00:00,7.4,7.7,7.4,7.65,15513000,HAG
2023-04-05 07:00:00,7.71,7.71,7.54,7.56,8737100,HAG
2023-04-06 07:00:00,7.57,7.9,7.57,7.6,13362000,HAG
2023-04-07 07:00:00,7.6,7.65,7.45,7.45,8447500,HAG
2023-04-10 07:00:00,7.54,7.75,7.45,7.6,11682700,HAG
2023-04-11 07:00:00,7.59,7.88,7.59,7.82,17114700,HAG
2023-04-12 07:00:00,7.9,7.9,7.68,7.7,10984100,HAG
2023-04-13 07:00:00,7.8,7.87,7.7,7.7,9811700,HAG
2023-04-14 07:00:00,7.76,7.99,7.7,7.7,12085700,HAG
2023-04-17 07:00:00,7.72,8.16,7.72,8.15,22893400,HAG
2023-04-18 07:00:00,8.2,8.24,7.92,7.97,10234500,HAG
2023-04-19 07:00:00,8.0,8.19,7.91,8.15,16247800,HAG
2023-04-20 07:00:00,8.2,8.26,8.03,8.07,8671800,HAG
2023-04-21 07:00:00,8.1,8.14,7.81,7.89,11792800,HAG
2023-04-24 07:00:00,7.91,7.96,7.56,7.6,14936800,HAG
2023-04-25 07:00:00,7.63,7.8,7.39,7.69,16659500,HAG
2023-04-26 07:00:00,7.69,7.7,7.45,7.59,8971500,HAG
2023-04-27 07:00:00,7.59,7.64,7.49,7.5,5975100,HAG
2023-04-28 07:00:00,7.5,7.65,7.31,7.62,17832800,HAG
2023-05-04 07:00:00,7.65,7.75,7.41,7.54,5270300,HAG
2023-05-05 07:00:00,7.54,7.7,7.48,7.51,9055300,HAG
2023-05-08 07:00:00,7.58,8.0,7.52,7.83,17549400,HAG
2023-05-09 07:00:00,7.85,7.9,7.72,7.78,4985000,HAG
2023-05-10 07:00:00,7.78,8.15,7.78,8.05,19192800,HAG
2023-05-11 07:00:00,8.1,8.1,7.85,7.95,8395600,HAG
2023-05-12 07:00:00,7.98,8.05,7.88,8.05,11135000,HAG
2023-05-15 07:00:00,8.06,8.13,7.65,7.65,24596500,HAG
2023-05-16 07:00:00,7.7,7.95,7.63,7.8,11273700,HAG
2023-05-17 07:00:00,7.86,8.02,7.69,7.7,10946600,HAG
2023-05-18 07:00:00,7.75,7.76,7.6,7.64,9787300,HAG
2023-05-19 07:00:00,7.64,7.71,7.6,7.7,6693700,HAG
2023-05-22 07:00:00,7.8,7.9,7.77,7.78,7637100,HAG
2023-05-23 07:00:00,7.86,7.93,7.77,7.83,10264500,HAG
2023-05-24 07:00:00,7.91,7.92,7.72,7.73,7810300,HAG
2023-05-25 07:00:00,7.73,7.75,7.65,7.67,6743500,HAG
2023-05-26 07:00:00,7.78,7.87,7.7,7.77,7810900,HAG
2023-05-29 07:00:00,7.86,8.14,7.83,8.05,24233300,HAG
2023-05-30 07:00:00,8.09,8.12,7.92,7.99,13548600,HAG
2023-05-31 07:00:00,8.0,8.28,7.98,8.18,24059100,HAG
2023-06-01 07:00:00,8.18,8.25,8.07,8.12,12522400,HAG
2023-06-02 07:00:00,8.19,8.19,8.01,8.03,17041300,HAG
2023-06-05 07:00:00,8.11,8.3,8.06,8.11,16393500,HAG
2023-06-06 07:00:00,8.12,8.21,8.12,8.19,9429500,HAG
2023-06-07 07:00:00,8.25,8.28,8.14,8.21,13750300,HAG
2023-06-08 07:00:00,8.25,8.49,8.18,8.18,24024800,HAG
2023-06-09 07:00:00,8.2,8.24,8.0,8.1,15770900,HAG
2023-06-12 07:00:00,8.11,8.22,8.02,8.06,11066600,HAG
2023-06-13 07:00:00,8.12,8.2,8.06,8.11,10474800,HAG
2023-06-14 07:00:00,8.13,8.18,8.01,8.02,10683000,HAG
2023-06-15 07:00:00,8.05,8.29,8.04,8.19,19937900,HAG
2023-06-16 07:00:00,8.25,8.26,8.03,8.03,13458800,HAG
2023-06-19 07:00:00,8.1,8.14,7.86,7.9,15464300,HAG
2023-06-20 07:00:00,7.98,8.01,7.88,7.96,8009100,HAG
2023-06-21 07:00:00,7.98,8.03,7.94,7.97,7182300,HAG
2023-06-22 07:00:00,8.0,8.09,7.97,8.08,10178200,HAG
2023-06-23 07:00:00,8.13,8.13,8.0,8.04,10953900,HAG
2023-06-26 07:00:00,8.05,8.08,7.86,7.95,11822700,HAG
2023-06-27 07:00:00,7.96,8.04,7.9,7.97,6668600,HAG
2023-06-28 07:00:00,8.05,8.05,7.93,7.95,8588100,HAG
2023-06-29 07:00:00,7.98,8.45,7.98,8.3,38426600,HAG
2023-06-30 07:00:00,8.33,8.37,8.15,8.15,11913200,HAG
2023-07-03 07:00:00,8.2,8.24,8.1,8.17,11388600,HAG
2023-07-04 07:00:00,8.2,8.5,8.2,8.39,25319000,HAG
2023-07-05 07:00:00,8.48,8.48,8.25,8.27,13820800,HAG
2023-07-06 07:00:00,8.27,8.35,8.01,8.15,16617400,HAG
2023-07-07 07:00:00,8.15,8.22,8.05,8.19,8473600,HAG
2023-07-10 07:00:00,8.25,8.3,8.18,8.2,11471700,HAG
2023-07-11 07:00:00,8.3,8.77,8.26,8.76,43645100,HAG
2023-07-12 07:00:00,8.76,8.89,8.6,8.71,14235600,HAG
2023-07-13 07:00:00,8.73,8.85,8.67,8.81,17737700,HAG
2023-07-14 07:00:00,8.86,8.87,8.6,8.72,18785400,HAG
2023-07-17 07:00:00,8.81,8.82,8.63,8.68,12765100,HAG
2023-07-18 07:00:00,8.7,8.99,8.68,8.72,20268400,HAG
2023-07-19 07:00:00,8.76,8.78,8.5,8.5,18869000,HAG
2023-07-20 07:00:00,8.51,8.58,8.4,8.49,9679000,HAG
2023-07-21 07:00:00,8.53,8.7,8.52,8.65,12012500,HAG
2023-07-24 07:00:00,8.74,8.85,8.66,8.79,15804200,HAG
2023-07-25 07:00:00,8.82,8.87,8.6,8.67,12692700,HAG
2023-07-26 07:00:00,8.66,8.7,8.56,8.64,11126300,HAG
2023-07-27 07:00:00,8.65,8.73,8.46,8.54,15238600,HAG
2023-07-28 07:00:00,8.54,8.8,8.54,8.8,14059100,HAG
2023-07-31 07:00:00,8.84,9.15,8.83,8.88,34063200,HAG
2023-08-01 07:00:00,8.88,8.96,8.77,8.9,26042600,HAG
2023-08-02 07:00:00,8.9,9.2,8.79,9.1,24297800,HAG
2023-08-03 07:00:00,9.17,9.17,8.9,8.9,15962300,HAG
2023-08-04 07:00:00,8.9,9.15,8.87,9.15,23099600,HAG
2023-08-07 07:00:00,9.25,9.45,9.01,9.18,15868300,HAG
2023-08-08 07:00:00,9.24,9.82,9.17,9.81,47113700,HAG
2023-08-09 07:00:00,9.72,9.91,9.48,9.55,25251600,HAG
2023-08-10 07:00:00,9.55,9.59,9.21,9.21,22518000,HAG
2023-08-11 07:00:00,9.35,9.35,9.0,9.27,19516700,HAG
2023-08-14 07:00:00,9.3,9.33,9.18,9.2,20269500,HAG
2023-08-15 07:00:00,9.35,9.43,9.17,9.2,15127600,HAG
2023-08-16 07:00:00,9.25,9.3,9.16,9.2,10476200,HAG
2023-08-17 07:00:00,9.25,9.29,9.1,9.1,14760600,HAG
2023-08-18 07:00:00,9.04,9.06,8.47,8.47,40015900,HAG
2023-08-21 07:00:00,8.79,8.79,8.43,8.57,12830700,HAG
2023-08-22 07:00:00,8.67,8.99,8.21,8.99,19217100,HAG
2023-08-23 07:00:00,9.05,9.08,8.75,8.8,11134800,HAG
2023-08-24 07:00:00,8.8,9.35,8.7,9.29,24859800,HAG
2023-08-25 07:00:00,9.2,9.24,8.9,8.92,16709100,HAG
2023-08-28 07:00:00,8.96,9.04,8.87,9.04,9793800,HAG
2023-08-29 07:00:00,9.05,9.18,8.9,8.9,17385000,HAG
2023-08-30 07:00:00,8.95,9.02,8.81,8.9,9820300,HAG
2023-08-31 07:00:00,8.91,9.38,8.89,9.18,35859200,HAG
2023-09-05 07:00:00,9.2,9.26,9.15,9.2,14686400,HAG
2023-09-06 07:00:00,9.25,9.25,9.09,9.14,22901300,HAG
2023-09-07 07:00:00,9.2,9.39,9.18,9.23,23667700,HAG
2023-09-08 07:00:00,9.3,9.42,9.18,9.19,26071200,HAG
2023-09-11 07:00:00,9.18,9.29,8.9,8.9,23734600,HAG
2023-09-12 07:00:00,8.9,8.97,8.73,8.97,14310700,HAG
2023-09-13 07:00:00,9.01,9.01,8.72,8.77,16244900,HAG
2023-09-14 07:00:00,8.75,8.77,8.48,8.5,20141900,HAG
2023-09-15 07:00:00,8.52,8.61,8.48,8.51,7910400,HAG
2023-09-18 07:00:00,8.51,8.55,8.41,8.44,6946500,HAG
2023-09-19 07:00:00,8.45,8.52,8.29,8.3,10152400,HAG
2023-09-20 07:00:00,8.4,8.5,8.35,8.5,6136700,HAG
2023-09-21 07:00:00,8.55,8.59,8.46,8.46,6247000,HAG
2023-09-22 07:00:00,8.35,8.4,8.03,8.07,15680600,HAG
2023-09-25 07:00:00,8.07,8.18,7.51,7.51,11975400,HAG
2023-09-26 07:00:00,7.5,7.76,7.44,7.51,10948300,HAG
2023-09-27 07:00:00,7.64,7.85,7.52,7.85,6281500,HAG
2023-09-28 07:00:00,7.85,7.87,7.63,7.8,5421400,HAG
2023-09-29 07:00:00,7.83,7.87,7.7,7.72,6619100,HAG
2023-10-02 07:00:00,7.84,7.92,7.73,7.9,6089700,HAG
2023-10-03 07:00:00,7.79,7.8,7.51,7.65,9388400,HAG
2023-10-04 07:00:00,7.5,7.76,7.48,7.72,6528300,HAG
2023-10-05 07:00:00,7.74,8.21,7.59,8.1,17614900,HAG
2023-10-06 07:00:00,8.11,8.35,8.11,8.2,9804500,HAG
2023-10-09 07:00:00,8.18,8.5,8.09,8.45,11439500,HAG
2023-10-10 07:00:00,8.45,8.58,8.33,8.43,11612000,HAG
2023-10-11 07:00:00,8.44,8.46,8.32,8.4,5572600,HAG
2023-10-12 07:00:00,8.48,8.5,8.15,8.22,8759000,HAG
2023-10-13 07:00:00,8.19,8.42,8.09,8.32,9088000,HAG
2023-10-16 07:00:00,8.32,8.41,8.3,8.33,5384500,HAG
2023-10-17 07:00:00,8.34,8.42,8.03,8.03,5553500,HAG
2023-10-18 07:00:00,8.11,8.13,7.6,7.7,10250200,HAG
2023-10-19 07:00:00,7.7,8.06,7.64,7.98,7540300,HAG
2023-10-20 07:00:00,7.99,8.15,7.8,8.15,5014400,HAG
2023-10-23 07:00:00,8.15,8.72,8.11,8.71,32713900,HAG
2023-10-24 07:00:00,8.71,8.88,8.64,8.72,7567700,HAG
2023-10-25 07:00:00,8.81,8.95,8.72,8.79,12235100,HAG
2023-10-26 07:00:00,8.57,8.69,8.26,8.69,18083600,HAG
2023-10-27 07:00:00,8.8,8.89,8.58,8.75,12055000,HAG
2023-10-30 07:00:00,8.88,8.95,8.33,8.33,8905300,HAG
2023-10-31 07:00:00,8.4,8.43,8.02,8.03,8492800,HAG
2023-11-01 07:00:00,8.1,8.19,7.95,8.16,5880800,HAG
2023-11-02 07:00:00,8.35,8.44,8.2,8.32,7906500,HAG
2023-11-03 07:00:00,8.58,8.59,8.15,8.2,8031300,HAG
2023-11-06 07:00:00,8.22,8.35,8.19,8.3,7040000,HAG
2023-11-07 07:00:00,8.3,8.56,8.24,8.38,7391500,HAG
2023-11-08 07:00:00,8.38,8.63,8.25,8.63,13647400,HAG
2023-11-09 07:00:00,8.68,8.78,8.5,8.5,10873800,HAG
2023-11-10 07:00:00,8.46,9.09,8.39,8.7,46222000,HAG
2023-11-13 07:00:00,8.79,9.2,8.77,9.0,20658200,HAG
2023-11-14 07:00:00,9.01,9.15,8.8,8.9,14958800,HAG
2023-11-15 07:00:00,9.1,9.2,8.96,8.98,23336100,HAG
2023-11-16 07:00:00,8.98,9.0,8.85,9.0,8440200,HAG
2023-11-17 07:00:00,9.1,9.35,9.0,9.12,34632600,HAG
2023-11-20 07:00:00,9.0,9.4,8.9,9.4,29063600,HAG
2023-11-21 07:00:00,9.53,9.53,9.25,9.26,10095900,HAG
2023-11-22 07:00:00,9.35,9.48,9.29,9.36,15150500,HAG
2023-11-23 07:00:00,9.4,10.0,9.36,9.8,52949300,HAG
2023-11-24 07:00:00,9.81,10.45,9.68,10.4,34280700,HAG
2023-11-27 07:00:00,10.4,10.9,10.3,10.6,36444700,HAG
2023-11-28 07:00:00,10.6,10.75,10.4,10.7,20229300,HAG
2023-11-29 07:00:00,10.95,11.35,10.85,11.25,38113500,HAG
2023-11-30 07:00:00,11.35,11.35,10.9,11.15,26064600,HAG
2023-12-01 07:00:00,11.15,11.8,11.0,11.8,27282100,HAG
2023-12-04 07:00:00,12.0,12.2,11.7,12.2,29766100,HAG
2023-12-05 07:00:00,12.2,12.25,11.85,11.9,12548100,HAG
2023-12-06 07:00:00,11.9,12.7,11.9,12.6,34473700,HAG
2023-12-07 07:00:00,12.75,12.8,11.75,12.4,38359000,HAG
2023-12-08 07:00:00,12.3,12.4,11.95,12.15,9953700,HAG
2023-12-11 07:00:00,12.0,13.0,12.0,13.0,26118800,HAG
2023-12-12 07:00:00,13.0,13.5,12.9,13.1,21403200,HAG
2023-12-13 07:00:00,13.5,13.8,13.2,13.55,27661300,HAG
2023-12-14 07:00:00,13.55,13.85,13.25,13.45,13948100,HAG
2023-12-15 07:00:00,13.7,13.7,12.8,13.05,33878700,HAG
2023-12-18 07:00:00,13.35,13.7,12.95,13.3,24018200,HAG
2023-12-19 07:00:00,13.15,13.2,12.4,12.4,22273900,HAG
2023-12-20 07:00:00,11.8,12.6,11.8,12.5,27775300,HAG
2023-12-21 07:00:00,12.3,13.35,12.2,13.35,25704800,HAG
2023-12-22 07:00:00,13.25,13.7,13.25,13.5,21601000,HAG
2023-12-25 07:00:00,13.85,14.05,13.55,13.75,22415200,HAG
2023-12-26 07:00:00,13.8,13.9,13.3,13.65,17492100,HAG
2023-12-27 07:00:00,13.8,14.05,13.65,13.85,19866800,HAG
2023-12-28 07:00:00,13.85,13.85,12.9,13.7,47102200,HAG
2023-12-29 07:00:00,13.7,13.75,13.2,13.2,17768800,HAG
2024-01-02 07:00:00,13.5,13.6,13.1,13.6,21259100,HAG
2024-01-03 07:00:00,13.55,13.75,13.45,13.7,10084400,HAG
2024-01-04 07:00:00,13.6,13.7,13.15,13.3,15857000,HAG
2024-01-05 07:00:00,13.35,13.45,12.6,13.1,34248000,HAG
2024-01-08 07:00:00,13.2,13.3,12.85,12.85,15766100,HAG
2024-01-09 07:00:00,12.85,13.4,12.8,13.35,15999700,HAG
2024-01-10 07:00:00,13.35,13.45,13.1,13.25,6544300,HAG
2024-01-11 07:00:00,13.2,14.15,13.2,14.1,35733300,HAG
2024-01-12 07:00:00,14.0,14.0,13.6,13.8,12405200,HAG
2024-01-15 07:00:00,13.9,13.9,13.3,13.3,9739000,HAG
2024-01-16 07:00:00,13.4,13.5,13.1,13.5,7354600,HAG
2024-01-17 07:00:00,13.45,13.55,13.35,13.5,4915100,HAG
2024-01-18 07:00:00,13.55,13.55,13.3,13.4,3917200,HAG
2024-01-19 07:00:00,13.5,13.9,13.5,13.7,7535100,HAG
2024-01-22 07:00:00,13.7,14.3,13.5,14.0,11383400,HAG
2024-01-23 07:00:00,14.15,14.8,14.05,14.65,22162800,HAG
2024-01-24 07:00:00,14.75,14.95,14.3,14.3,9319800,HAG
2024-01-25 07:00:00,14.3,14.75,14.25,14.75,11253800,HAG
2024-01-26 07:00:00,14.9,15.05,14.6,14.7,9215600,HAG
2024-01-29 07:00:00,14.85,14.85,14.55,14.7,5772900,HAG
2024-01-30 07:00:00,14.65,15.0,14.65,14.95,7491400,HAG
2024-01-31 07:00:00,15.0,15.0,14.2,14.2,18363700,HAG
2024-02-01 07:00:00,14.1,14.5,14.0,14.35,6757100,HAG
2024-02-02 07:00:00,14.4,14.4,14.0,14.0,10630300,HAG
2024-02-05 07:00:00,13.95,14.0,13.3,13.35,19880400,HAG
2024-02-06 07:00:00,13.4,13.65,13.25,13.3,10295100,HAG
2024-02-07 07:00:00,13.3,13.6,13.05,13.15,15343500,HAG
2024-02-15 07:00:00,13.55,13.75,13.15,13.45,13827300,HAG
2024-02-16 07:00:00,13.5,13.55,12.6,12.75,30633500,HAG
2024-02-19 07:00:00,12.75,13.2,12.3,13.0,19608300,HAG
2024-02-20 07:00:00,13.0,13.1,12.55,12.6,11190800,HAG
2024-02-21 07:00:00,12.6,12.95,12.55,12.8,9160700,HAG
2024-02-22 07:00:00,12.7,13.1,12.6,12.6,12957100,HAG
2024-02-23 07:00:00,12.65,12.8,12.2,12.2,13332000,HAG
2024-02-26 07:00:00,12.25,12.65,12.1,12.6,11996900,HAG
2024-02-27 07:00:00,12.7,12.95,12.5,12.65,8434400,HAG
2024-02-28 07:00:00,12.8,12.85,12.5,12.55,8031400,HAG
2024-02-29 07:00:00,12.6,12.8,12.25,12.8,16398600,HAG
2024-03-01 07:00:00,12.85,12.9,12.65,12.7,6677400,HAG
2024-03-04 07:00:00,12.75,13.05,12.6,12.8,16451900,HAG
2024-03-05 07:00:00,12.9,13.2,12.6,13.2,25910900,HAG
2024-03-06 07:00:00,13.3,13.3,12.85,12.9,10759000,HAG
2024-03-07 07:00:00,12.9,13.15,12.8,12.95,12926800,HAG
2024-03-08 07:00:00,12.95,13.05,12.45,12.55,21627800,HAG
2024-03-11 07:00:00,12.6,12.6,12.2,12.2,17672600,HAG
2024-03-12 07:00:00,12.15,12.6,12.1,12.4,14819500,HAG
2024-03-13 07:00:00,12.5,12.55,12.3,12.45,8590200,HAG
2024-03-14 07:00:00,12.55,12.8,12.3,12.5,16439700,HAG
2024-03-15 07:00:00,12.5,12.55,12.3,12.3,9090100,HAG
2024-03-18 07:00:00,12.3,12.4,11.45,11.75,27890500,HAG
2024-03-19 07:00:00,11.75,12.0,11.65,11.85,6457700,HAG
2024-03-20 07:00:00,11.95,12.65,11.75,12.65,27179100,HAG
2024-03-21 07:00:00,12.85,12.85,12.6,12.7,10424200,HAG
2024-03-22 07:00:00,12.75,12.8,12.35,12.45,12497100,HAG
2024-03-25 07:00:00,12.5,12.6,12.35,12.45,8914300,HAG
2024-03-26 07:00:00,12.4,12.8,12.3,12.6,7379600,HAG
2024-03-27 07:00:00,12.65,12.65,12.45,12.55,4119900,HAG
2024-03-28 07:00:00,12.55,13.05,12.55,12.95,22871900,HAG
2024-03-29 07:00:00,12.85,13.2,12.75,13.05,14467200,HAG
2024-04-01 07:00:00,13.05,13.1,12.65,12.65,13128500,HAG
2024-04-02 07:00:00,12.6,12.7,12.35,12.7,12711700,HAG
2024-04-03 07:00:00,12.7,13.0,12.6,12.8,14179400,HAG
2024-04-04 07:00:00,12.65,12.8,12.6,12.65,6912400,HAG
2024-04-05 07:00:00,12.6,13.1,12.45,12.9,17103200,HAG
2024-04-08 07:00:00,13.0,13.4,12.85,13.0,25674500,HAG
2024-04-09 07:00:00,13.05,13.15,12.9,13.15,6613600,HAG
2024-04-10 07:00:00,13.25,13.8,13.1,13.4,22132200,HAG
2024-04-11 07:00:00,13.25,13.5,13.2,13.3,8184200,HAG
2024-04-12 07:00:00,13.45,13.65,13.25,13.4,11054400,HAG
2024-04-15 07:00:00,13.4,13.55,12.5,12.5,36145400,HAG
2024-04-16 07:00:00,12.4,12.6,11.95,12.6,18005800,HAG
2024-04-17 07:00:00,12.6,12.65,11.85,11.85,20545600,HAG
2024-04-19 07:00:00,11.4,11.8,11.05,11.8,22678300,HAG
2024-04-22 07:00:00,12.2,12.2,12.0,12.05,8281200,HAG
2024-04-23 07:00:00,12.0,12.2,12.0,12.15,9491100,HAG
2024-04-24 07:00:00,12.2,12.45,12.15,12.3,6366300,HAG
2024-04-25 07:00:00,12.4,12.65,12.3,12.5,5152300,HAG
2024-04-26 07:00:00,12.4,12.55,12.35,12.4,4253500,HAG
2024-05-02 07:00:00,12.3,12.4,12.25,12.25,3599200,HAG
2024-05-03 07:00:00,12.3,12.6,12.3,12.45,5125200,HAG
2024-05-06 07:00:00,12.5,13.3,12.45,13.0,15432200,HAG
2024-05-07 07:00:00,13.05,13.3,12.9,13.2,6535900,HAG
2024-05-08 07:00:00,13.15,13.5,12.9,13.5,19367600,HAG
2024-05-09 07:00:00,13.65,13.65,13.2,13.45,9686100,HAG
2024-05-10 07:00:00,13.5,13.7,13.2,13.2,8559100,HAG
2024-05-13 07:00:00,13.25,13.85,13.05,13.7,21284600,HAG
2024-05-14 07:00:00,13.8,13.95,13.5,13.55,6892800,HAG
2024-05-15 07:00:00,13.5,13.75,13.45,13.55,10109800,HAG
2024-05-16 07:00:00,13.65,13.7,13.4,13.65,15565200,HAG
2024-05-17 07:00:00,13.85,14.6,13.8,14.6,38251900,HAG
2024-05-20 07:00:00,15.0,15.3,14.6,14.75,26425600,HAG
2024-05-21 07:00:00,14.45,15.1,14.4,14.9,19930100,HAG
2024-05-22 07:00:00,15.0,15.0,14.05,14.2,36523100,HAG
2024-05-23 07:00:00,14.2,14.7,13.9,14.6,21908500,HAG
2024-05-24 07:00:00,14.6,14.8,13.9,14.45,23192300,HAG
2024-05-27 07:00:00,14.4,14.6,14.0,14.6,9646900,HAG
2024-05-28 07:00:00,14.7,15.1,14.6,14.95,19151100,HAG
2024-05-29 07:00:00,15.1,15.2,14.5,14.6,19824300,HAG
2024-05-30 07:00:00,14.45,14.65,14.05,14.65,19294400,HAG
2024-05-31 07:00:00,14.45,14.55,14.3,14.5,7710000,HAG
2024-06-03 07:00:00,14.65,15.15,14.5,15.0,25766100,HAG
2024-06-04 07:00:00,15.05,15.1,14.4,14.4,21604000,HAG
2024-06-05 07:00:00,14.5,14.5,14.2,14.25,10037700,HAG
2024-06-06 07:00:00,14.4,14.5,14.1,14.3,7415300,HAG
2024-06-07 07:00:00,14.4,14.6,14.3,14.4,6778500,HAG
2024-06-10 07:00:00,14.5,14.6,13.95,14.0,17101200,HAG
2024-06-11 07:00:00,14.1,14.2,13.7,14.2,15706500,HAG
2024-06-12 07:00:00,14.2,14.4,14.0,14.2,5726100,HAG
2024-06-13 07:00:00,14.2,14.25,13.85,13.95,11627000,HAG
2024-06-14 07:00:00,13.9,14.0,13.3,13.3,33576600,HAG
2024-06-17 07:00:00,13.35,13.45,13.15,13.4,6765100,HAG
2024-06-18 07:00:00,13.45,13.65,13.4,13.6,4543600,HAG
2024-06-19 07:00:00,13.55,13.6,12.75,12.8,27674400,HAG
2024-06-20 07:00:00,12.85,13.0,12.45,12.55,16203000,HAG
2024-06-21 07:00:00,12.55,12.7,12.4,12.4,7354800,HAG
2024-06-24 07:00:00,12.4,12.9,12.2,12.6,15058400,HAG
2024-06-25 07:00:00,12.7,12.7,12.45,12.5,3918100,HAG
2024-06-26 07:00:00,12.6,12.7,12.45,12.7,4451500,HAG
2024-06-27 07:00:00,12.7,12.7,12.4,12.45,3765900,HAG
2024-06-28 07:00:00,12.5,12.55,12.0,12.1,9755100,HAG
2024-07-01 07:00:00,12.2,12.35,12.05,12.2,4915400,HAG
2024-07-02 07:00:00,12.4,12.45,12.25,12.3,3588700,HAG
2024-07-03 07:00:00,12.4,12.4,12.2,12.25,3426000,HAG
2024-07-04 07:00:00,12.3,12.4,12.2,12.35,6524100,HAG
2024-07-05 07:00:00,12.35,12.45,11.85,11.95,14800900,HAG
2024-07-08 07:00:00,12.0,12.05,11.8,11.8,5450800,HAG
2024-07-09 07:00:00,11.75,12.1,11.7,11.95,10769000,HAG
2024-07-10 07:00:00,12.0,12.15,11.95,12.0,3865600,HAG
2024-07-11 07:00:00,12.05,12.15,11.85,12.05,4637900,HAG
2024-07-12 07:00:00,12.1,12.45,12.0,12.2,11474100,HAG
2024-07-15 07:00:00,12.3,12.35,12.05,12.05,2520600,HAG
2024-07-16 07:00:00,12.05,12.15,11.95,12.05,4466100,HAG
2024-07-17 07:00:00,12.05,12.2,11.8,11.85,10222200,HAG
2024-07-18 07:00:00,11.85,12.35,11.8,12.35,11017900,HAG
2024-07-19 07:00:00,12.35,12.4,11.95,11.95,6528700,HAG
2024-07-22 07:00:00,11.8,12.05,11.6,11.95,11324500,HAG
2024-07-23 07:00:00,11.95,12.0,11.6,11.6,4964200,HAG
2024-07-24 07:00:00,11.6,11.85,11.4,11.85,8779500,HAG
2024-07-25 07:00:00,11.7,11.85,11.6,11.75,2677800,HAG
2024-07-26 07:00:00,11.75,12.15,11.75,12.05,9029700,HAG
2024-07-29 07:00:00,11.95,12.5,11.85,12.4,12836400,HAG
2024-07-30 07:00:00,12.4,12.4,12.1,12.15,4421400,HAG
2024-07-31 07:00:00,12.4,12.5,12.1,12.15,9188800,HAG
2024-08-01 07:00:00,12.15,12.2,11.8,11.8,7333200,HAG
2024-08-02 07:00:00,11.75,12.15,11.7,12.1,6196800,HAG
2024-08-05 07:00:00,11.75,12.0,11.5,11.6,9815300,HAG
2024-08-06 07:00:00,11.7,11.85,11.6,11.85,4435200,HAG
2024-08-07 07:00:00,11.85,11.9,11.55,11.55,5992700,HAG
2024-08-08 07:00:00,11.6,11.6,10.75,10.75,34775500,HAG
2024-08-09 07:00:00,10.8,10.8,10.3,10.45,12243300,HAG
2024-08-12 07:00:00,10.5,10.75,10.45,10.5,3553100,HAG
2024-08-13 07:00:00,10.6,10.6,10.45,10.45,3190600,HAG
2024-08-14 07:00:00,10.45,10.55,9.95,10.05,14587500,HAG
2024-08-15 07:00:00,10.05,10.3,10.0,10.05,5039500,HAG
2024-08-16 07:00:00,10.25,10.5,10.15,10.4,6484100,HAG
2024-08-19 07:00:00,10.55,10.65,10.4,10.5,4150900,HAG
2024-08-20 07:00:00,10.65,10.85,10.55,10.6,6993900,HAG
2024-08-21 07:00:00,10.6,10.7,10.5,10.7,4596500,HAG
2024-08-22 07:00:00,10.7,10.7,10.5,10.5,2786400,HAG
2024-08-23 07:00:00,10.45,10.55,10.35,10.4,6078800,HAG
2024-08-26 07:00:00,10.5,10.7,10.4,10.45,5014100,HAG
2024-08-27 07:00:00,10.5,10.55,10.4,10.5,3703200,HAG
2024-08-28 07:00:00,10.55,11.2,10.5,11.0,27355900,HAG
2024-08-29 07:00:00,11.05,11.05,10.75,10.85,5793300,HAG
2024-08-30 07:00:00,10.8,10.85,10.65,10.65,5985800,HAG
2024-09-04 07:00:00,10.5,10.5,10.1,10.25,10391600,HAG
2024-09-05 07:00:00,10.4,10.4,10.1,10.2,4305800,HAG
2024-09-06 07:00:00,10.25,10.35,10.1,10.25,3617900,HAG
2024-09-09 07:00:00,10.3,10.4,10.15,10.4,2800800,HAG
2024-09-10 07:00:00,10.45,10.9,10.4,10.65,9858900,HAG
2024-09-11 07:00:00,10.7,10.7,10.4,10.6,3895900,HAG
2024-09-12 07:00:00,10.65,10.7,10.45,10.45,2295500,HAG
2024-09-13 07:00:00,10.45,10.5,10.3,10.45,3451300,HAG
2024-09-16 07:00:00,10.5,10.6,10.35,10.35,2563800,HAG
2024-09-17 07:00:00,10.4,10.45,10.25,10.45,2842100,HAG
2024-09-18 07:00:00,10.5,10.75,10.45,10.55,4179000,HAG
2024-09-19 07:00:00,10.6,10.75,10.55,10.55,2507800,HAG
2024-09-20 07:00:00,10.6,10.75,10.6,10.7,4993400,HAG
2024-09-23 07:00:00,10.5,10.6,10.4,10.4,4318900,HAG
2024-09-24 07:00:00,10.5,10.6,10.4,10.5,2143400,HAG
2024-09-25 07:00:00,10.6,10.75,10.55,10.65,6068600,HAG
2024-09-26 07:00:00,10.65,11.0,10.65,10.65,6559100,HAG
2024-09-27 07:00:00,10.75,10.75,10.6,10.65,5319800,HAG
2024-09-30 07:00:00,10.65,10.85,10.6,10.85,5613800,HAG
2024-10-01 07:00:00,10.85,11.15,10.75,11.15,11912400,HAG
2024-10-02 07:00:00,11.0,11.1,10.85,10.9,4701400,HAG
2024-10-03 07:00:00,10.9,11.05,10.55,10.55,7803200,HAG
2024-10-04 07:00:00,10.55,11.25,10.55,11.2,17235800,HAG
2024-10-07 07:00:00,11.25,11.25,10.85,10.9,4969500,HAG
2024-10-08 07:00:00,11.0,11.05,10.9,10.9,3394400,HAG
2024-10-09 07:00:00,11.0,11.15,11.0,11.05,4254400,HAG
2024-10-10 07:00:00,11.15,11.35,11.0,11.0,7196100,HAG
2024-10-11 07:00:00,11.1,11.1,10.9,11.0,2257900,HAG
2024-10-14 07:00:00,11.05,11.1,10.95,11.0,3982600,HAG
2024-10-15 07:00:00,11.0,11.25,10.85,11.0,8557000,HAG
2024-10-16 07:00:00,11.0,11.0,10.75,10.8,3596300,HAG
2024-10-17 07:00:00,10.8,10.9,10.55,10.8,6511000,HAG
2024-10-18 07:00:00,10.9,10.9,10.6,10.6,3507100,HAG
2024-10-21 07:00:00,10.6,10.75,10.6,10.6,2417700,HAG
2024-10-22 07:00:00,10.6,10.65,10.45,10.5,3715000,HAG
2024-10-23 07:00:00,10.6,10.75,10.45,10.7,4258600,HAG
2024-10-24 07:00:00,10.75,10.85,10.55,10.55,5553000,HAG
2024-10-25 07:00:00,10.6,10.6,10.15,10.15,12734100,HAG
2024-10-28 07:00:00,10.3,10.3,10.05,10.15,4326700,HAG
2024-10-29 07:00:00,10.3,10.35,10.2,10.2,1735400,HAG
2024-10-30 07:00:00,10.3,10.5,10.25,10.35,4787900,HAG
2024-10-31 07:00:00,10.3,10.45,10.3,10.35,1926600,HAG
2024-11-01 07:00:00,10.35,10.4,10.25,10.25,2116000,HAG
2024-11-04 07:00:00,10.35,10.5,10.3,10.3,3395400,HAG
2024-11-05 07:00:00,10.4,10.4,10.25,10.35,1460000,HAG
2024-11-06 07:00:00,10.4,10.45,10.3,10.45,3478300,HAG
2024-11-07 07:00:00,10.55,10.55,10.4,10.4,2804300,HAG
2024-11-08 07:00:00,10.45,10.45,10.35,10.35,3651000,HAG
2024-11-11 07:00:00,10.35,10.5,10.3,10.5,5119700,HAG
2024-11-12 07:00:00,10.5,11.2,10.5,11.2,26376800,HAG
2024-11-13 07:00:00,11.2,11.6,11.1,11.3,10121700,HAG
2024-11-14 07:00:00,11.4,12.05,11.25,11.75,17860500,HAG
2024-11-15 07:00:00,11.75,11.95,11.65,11.8,6331300,HAG
2024-11-18 07:00:00,11.9,11.9,11.3,11.4,7684500,HAG
2024-11-19 07:00:00,11.3,11.75,11.3,11.4,5795600,HAG
2024-11-20 07:00:00,11.35,11.85,11.35,11.65,5966600,HAG
2024-11-21 07:00:00,11.65,11.75,11.5,11.65,2550700,HAG
2024-11-22 07:00:00,11.65,12.3,11.55,11.7,11087100,HAG
2024-11-25 07:00:00,11.7,12.1,11.6,12.1,5322600,HAG
2024-11-26 07:00:00,12.15,12.15,11.9,12.15,5440400,HAG
2024-11-27 07:00:00,12.15,12.15,11.75,11.75,7253600,HAG
2024-11-28 07:00:00,11.8,12.1,11.75,11.95,5818200,HAG
2024-11-29 07:00:00,12.0,12.05,11.8,11.95,6785900,HAG
2024-12-02 07:00:00,11.95,12.1,11.6,11.65,5835600,HAG
2024-12-03 07:00:00,11.8,11.8,11.6,11.8,2697200,HAG
2024-12-04 07:00:00,11.8,11.8,11.4,11.4,5747500,HAG
2024-12-05 07:00:00,11.5,11.8,11.4,11.7,4989800,HAG
2024-12-06 07:00:00,11.75,12.2,11.7,11.9,10685300,HAG
2024-12-09 07:00:00,12.0,12.7,11.9,12.6,29879700,HAG
2024-12-10 07:00:00,12.65,12.7,12.35,12.45,7015600,HAG
2024-12-11 07:00:00,12.5,12.65,12.3,12.5,5801200,HAG
2024-12-12 07:00:00,12.55,12.6,12.35,12.4,3481500,HAG
2024-12-13 07:00:00,12.35,12.6,12.3,12.4,4504900,HAG
2024-12-16 07:00:00,12.55,12.7,12.4,12.5,3810600,HAG
2024-12-17 07:00:00,12.45,12.5,12.35,12.45,3632700,HAG
2024-12-18 07:00:00,12.4,12.7,12.4,12.4,9638300,HAG
2024-12-19 07:00:00,12.35,12.4,12.1,12.35,7619200,HAG
2024-12-20 07:00:00,12.4,12.6,12.25,12.25,6816600,HAG
2024-12-23 07:00:00,12.4,12.95,12.35,12.85,7112500,HAG
2024-12-24 07:00:00,12.85,13.05,12.65,12.75,6145700,HAG
2024-12-25 07:00:00,12.75,12.85,12.5,12.5,5669900,HAG
2024-12-26 07:00:00,12.55,12.65,12.5,12.5,4398900,HAG
2024-12-27 07:00:00,12.5,12.6,11.95,12.0,15719300,HAG
2024-12-30 07:00:00,12.0,12.15,11.75,12.0,5960300,HAG
2024-12-31 07:00:00,12.25,12.3,11.9,12.05,7389100,HAG
2025-01-02 07:00:00,12.15,12.5,12.1,12.3,6425300,HAG
2025-01-03 07:00:00,12.3,12.3,11.85,11.85,8335500,HAG
2025-01-06 07:00:00,11.9,11.95,11.55,11.6,4446100,HAG
2025-01-07 07:00:00,11.65,11.85,11.65,11.65,6466100,HAG
2025-01-08 07:00:00,11.7,12.1,11.7,11.85,5137700,HAG
2025-01-09 07:00:00,11.95,12.0,11.85,11.95,2199800,HAG
2025-01-10 07:00:00,11.95,12.0,11.65,11.65,4611000,HAG
2025-01-13 07:00:00,11.65,11.9,11.6,11.8,6814000,HAG
2025-01-14 07:00:00,11.8,11.9,11.5,11.55,2976300,HAG
2025-01-15 07:00:00,11.6,11.7,11.5,11.65,2489800,HAG
2025-01-16 07:00:00,11.75,11.95,11.7,11.75,4974600,HAG
2025-01-17 07:00:00,11.85,11.95,11.75,11.8,2238500,HAG
2025-01-20 07:00:00,11.8,11.9,11.75,11.8,3497400,HAG
2025-01-21 07:00:00,11.9,11.95,11.8,11.95,3188800,HAG
2025-01-22 07:00:00,12.0,12.3,12.0,12.1,5369900,HAG
2025-01-23 07:00:00,12.15,12.25,12.05,12.2,3435300,HAG
2025-01-24 07:00:00,12.25,12.3,12.1,12.2,3639200,HAG
2025-02-03 07:00:00,11.8,11.9,11.6,11.85,7787600,HAG
2025-02-04 07:00:00,11.8,12.05,11.75,11.9,3721200,HAG
2025-02-05 07:00:00,11.95,12.15,11.9,12.0,5142600,HAG
2025-02-06 07:00:00,12.0,12.3,12.0,12.0,7387000,HAG
2025-02-07 07:00:00,12.1,12.35,12.0,12.3,7410400,HAG
2025-02-10 07:00:00,12.3,12.55,12.2,12.45,8509500,HAG
2025-02-11 07:00:00,12.45,12.6,12.35,12.55,5001100,HAG
2025-02-12 07:00:00,12.55,12.55,12.3,12.3,2607000,HAG
2025-02-13 07:00:00,12.3,12.45,12.25,12.4,3568300,HAG
2025-02-14 07:00:00,12.45,12.55,12.3,12.4,2942300,HAG
2025-02-17 07:00:00,12.45,12.75,12.4,12.45,4958100,HAG
2025-02-18 07:00:00,12.5,12.85,12.45,12.6,6826700,HAG
2025-02-19 07:00:00,12.6,12.8,12.6,12.75,5404400,HAG
2025-02-20 07:00:00,12.75,12.85,12.6,12.75,5808200,HAG
2025-02-21 07:00:00,12.7,12.95,12.55,12.95,8030500,HAG
2025-02-24 07:00:00,13.0,13.2,12.8,13.0,8859100,HAG
2025-02-25 07:00:00,13.15,13.2,12.85,13.0,6235000,HAG
2025-02-26 07:00:00,13.0,13.15,12.65,12.7,9174400,HAG
2025-02-27 07:00:00,12.8,13.3,12.65,13.25,14305400,HAG
2025-02-28 07:00:00,13.25,13.25,12.85,13.0,5140400,HAG
2025-03-03 07:00:00,13.0,13.1,12.65,12.7,8965900,HAG
2025-03-04 07:00:00,12.65,12.8,12.5,12.65,10577000,HAG
2025-03-05 07:00:00,12.7,12.75,12.4,12.5,3725200,HAG
2025-03-06 07:00:00,12.5,12.6,12.35,12.55,4907400,HAG
2025-03-07 07:00:00,12.6,12.7,12.45,12.55,4677300,HAG
2025-03-10 07:00:00,12.55,12.6,12.4,12.55,3943200,HAG
2025-03-11 07:00:00,12.45,12.55,12.3,12.5,2964900,HAG
2025-03-12 07:00:00,12.5,12.95,12.5,12.7,7913700,HAG
2025-03-13 07:00:00,12.7,12.7,12.35,12.35,4202100,HAG
2025-03-14 07:00:00,12.35,12.55,12.3,12.45,3135200,HAG
2025-03-17 07:00:00,12.5,12.55,12.3,12.45,3046900,HAG
2025-03-18 07:00:00,12.45,12.6,12.4,12.5,3732700,HAG
2025-03-19 07:00:00,12.45,12.45,12.2,12.4,5066200,HAG
2025-03-20 07:00:00,12.45,12.55,12.2,12.4,4435700,HAG
2025-03-21 07:00:00,12.35,12.5,12.3,12.35,3417500,HAG
2025-03-24 07:00:00,12.35,12.7,12.3,12.35,6018600,HAG
2025-03-25 07:00:00,12.5,12.85,12.45,12.7,8658200,HAG
2025-03-26 07:00:00,12.8,13.1,12.65,12.7,8035800,HAG
2025-03-27 07:00:00,12.7,12.8,12.6,12.6,1988900,HAG
2025-03-28 07:00:00,12.75,12.75,12.4,12.4,2941600,HAG
2025-03-31 07:00:00,12.25,12.4,12.15,12.2,6287900,HAG
2025-04-01 07:00:00,12.25,12.35,12.2,12.3,2473900,HAG
2025-04-02 07:00:00,12.35,12.4,12.25,12.4,2052900,HAG
2025-04-03 07:00:00,11.85,12.0,11.55,11.55,14686100,HAG
2025-04-04 07:00:00,10.75,11.2,10.75,11.0,17736500,HAG
2025-04-08 07:00:00,10.3,10.7,10.25,10.25,4804300,HAG
2025-04-09 07:00:00,9.54,10.4,9.54,9.81,13231800,HAG
2025-04-10 07:00:00,10.45,10.45,10.45,10.45,244300,HAG
2025-04-11 07:00:00,11.15,11.15,10.85,11.15,10407200,HAG
2025-04-14 07:00:00,11.35,11.45,11.15,11.4,5118600,HAG
2025-04-15 07:00:00,11.6,12.15,11.5,12.15,10987700,HAG
2025-04-16 07:00:00,12.5,12.8,12.35,12.5,10367100,HAG
2025-04-17 07:00:00,12.2,12.5,12.2,12.4,5110000,HAG
2025-04-18 07:00:00,12.55,12.55,12.3,12.4,6010300,HAG
2025-04-21 07:00:00,12.3,12.35,11.85,12.0,9676500,HAG
2025-04-22 07:00:00,11.8,12.25,11.2,11.85,15375700,HAG
2025-04-23 07:00:00,12.15,12.15,11.95,12.0,3748800,HAG
2025-04-24 07:00:00,12.0,12.6,11.95,12.25,6758900,HAG
2025-04-25 07:00:00,12.3,12.6,12.2,12.45,8448500,HAG
2025-04-28 07:00:00,12.4,13.3,12.3,13.3,28110600,HAG
2025-04-29 07:00:00,13.4,13.65,13.1,13.1,7890200,HAG
2025-05-05 07:00:00,13.2,13.7,13.1,13.4,7315100,HAG
2025-05-06 07:00:00,13.45,13.5,12.75,12.8,15134300,HAG
2025-05-07 07:00:00,12.8,13.15,12.75,13.15,8420800,HAG
2025-05-08 07:00:00,13.25,13.25,12.8,13.0,6307100,HAG
2025-05-09 07:00:00,13.0,13.25,13.0,13.0,8820200,HAG
2025-05-12 07:00:00,13.3,13.35,13.0,13.15,4917400,HAG
2025-05-13 07:00:00,13.25,13.8,13.15,13.5,13551700,HAG
2025-05-14 07:00:00,13.65,13.75,13.45,13.6,7633000,HAG
2025-05-15 07:00:00,13.6,13.7,13.1,13.2,8860100,HAG
2025-05-16 07:00:00,13.2,13.4,13.1,13.3,7320700,HAG
2025-05-19 07:00:00,13.2,13.2,12.75,12.8,12402400,HAG
2025-05-20 07:00:00,12.85,13.15,12.8,13.1,8741400,HAG
2025-05-21 07:00:00,13.1,13.3,12.85,13.3,6438800,HAG
2025-05-22 07:00:00,13.35,13.6,13.1,13.15,10435500,HAG
2025-05-23 07:00:00,13.15,13.9,13.1,13.8,16991700,HAG
2025-05-26 07:00:00,13.8,13.8,13.3,13.65,5811300,HAG
2025-05-27 07:00:00,13.7,14.05,13.6,13.75,12324700,HAG
2025-05-28 07:00:00,13.8,14.25,13.8,14.1,11635100,HAG
2025-05-29 07:00:00,14.3,14.3,13.85,13.9,6370700,HAG
2025-05-30 07:00:00,13.95,14.05,13.75,14.0,8927700,HAG
2025-06-02 07:00:00,13.8,13.8,13.45,13.7,9703100,HAG
2025-06-03 07:00:00,13.7,13.9,13.05,13.05,19345100,HAG
2025-06-04 07:00:00,13.05,13.4,12.9,13.2,16558600,HAG
2025-06-05 07:00:00,13.2,13.2,12.9,13.0,4725000,HAG
2025-06-06 07:00:00,13.2,13.75,13.1,13.15,13108800,HAG
2025-06-09 07:00:00,13.15,13.3,12.75,12.75,8014300,HAG
2025-06-10 07:00:00,12.8,13.15,12.8,12.95,4881900,HAG
2025-06-11 07:00:00,12.9,13.15,12.9,13.0,3171700,HAG
2025-06-12 07:00:00,13.25,13.35,13.05,13.25,6747400,HAG
2025-06-13 07:00:00,13.05,13.1,12.7,12.8,15562300,HAG
2025-06-16 07:00:00,12.75,13.0,12.75,12.95,3259000,HAG
2025-06-17 07:00:00,12.95,13.15,12.85,12.9,3854700,HAG
2025-06-18 07:00:00,12.9,13.3,12.8,13.15,8037200,HAG
2025-06-19 07:00:00,13.25,13.4,12.95,12.95,4532000,HAG
2025-06-20 07:00:00,13.25,13.25,12.9,13.0,5976800,HAG
2025-06-23 07:00:00,12.9,13.0,12.85,12.9,3251500,HAG
2025-06-24 07:00:00,13.05,13.05,12.9,12.9,3271900,HAG
2025-06-25 07:00:00,13.0,13.2,12.95,13.1,4522400,HAG
2025-06-26 07:00:00,13.1,13.15,12.95,12.95,2611000,HAG
2025-06-27 07:00:00,13.0,13.05,12.9,12.9,3809700,HAG
2025-06-30 07:00:00,12.9,13.1,12.9,12.95,3490200,HAG
2025-07-01 07:00:00,13.05,13.3,13.0,13.2,13661100,HAG
2025-07-02 07:00:00,13.4,13.45,13.2,13.2,8195300,HAG
2025-07-03 07:00:00,13.4,13.45,13.1,13.2,10431800,HAG
2025-07-04 07:00:00,13.35,13.5,13.2,13.35,8733000,HAG
2025-07-07 07:00:00,13.6,13.8,13.35,13.55,8671800,HAG
2025-07-08 07:00:00,13.6,13.75,13.4,13.6,10570100,HAG
2025-07-09 07:00:00,13.7,14.05,13.6,13.6,14882300,HAG
2025-07-10 07:00:00,13.65,13.75,13.45,13.55,8040400,HAG
2025-07-11 07:00:00,13.5,13.6,13.15,13.4,11729400,HAG
2025-07-14 07:00:00,13.45,14.3,13.1,14.1,18737600,HAG
2025-07-15 07:00:00,14.1,14.25,13.65,13.65,11309600,HAG
2025-07-16 07:00:00,13.7,13.8,13.45,13.6,10726300,HAG
2025-07-17 07:00:00,13.7,14.1,13.55,13.9,15976000,HAG
2025-07-18 07:00:00,14.1,14.85,13.95,14.85,37130400,HAG
2025-07-21 07:00:00,14.95,15.1,14.5,14.6,14010800,HAG
2025-07-22 07:00:00,14.7,15.15,14.45,15.0,22003400,HAG
2025-07-23 07:00:00,15.2,15.2,14.35,14.5,23707100,HAG
2025-07-24 07:00:00,14.6,14.6,13.95,14.0,23902600,HAG
2025-07-25 07:00:00,14.0,14.25,13.95,14.05,16002600,HAG
2025-07-28 07:00:00,14.05,14.45,14.05,14.2,14120700,HAG
2025-07-29 07:00:00,14.2,14.25,13.3,13.3,24380600,HAG
2025-07-30 07:00:00,13.4,13.7,13.25,13.65,11153300,HAG
2025-07-31 07:00:00,14.2,14.25,13.7,13.95,13891500,HAG
2025-08-01 07:00:00,14.1,14.15,13.8,13.9,7879400,HAG
2025-08-04 07:00:00,13.8,14.15,13.75,13.95,7951500,HAG
2025-08-05 07:00:00,14.05,14.9,13.95,14.9,48656000,HAG
2025-08-06 07:00:00,15.35,15.6,15.05,15.2,14548400,HAG
2025-08-07 07:00:00,15.2,15.25,14.9,15.1,14435400,HAG
2025-08-08 07:00:00,15.3,16.15,15.2,16.15,40806500,HAG
2025-08-11 07:00:00,16.5,16.55,15.75,16.0,20169000,HAG
2025-08-12 07:00:00,16.0,16.45,15.75,16.2,18667000,HAG
2025-08-13 07:00:00,16.6,16.8,15.7,16.2,27896900,HAG
2025-08-14 07:00:00,16.1,16.2,15.75,15.9,15954700,HAG
2025-08-15 07:00:00,15.75,16.35,15.6,15.9,19200200,HAG
2025-08-18 07:00:00,16.05,16.7,15.85,16.65,18657200,HAG
2025-08-19 07:00:00,16.85,17.3,16.6,16.65,26227800,HAG
2025-08-20 07:00:00,16.65,16.65,15.55,16.3,37125600,HAG
2025-08-21 07:00:00,16.6,17.05,16.2,16.85,24576000,HAG
2025-08-22 07:00:00,16.55,16.8,15.7,16.1,25870300,HAG
2025-08-25 07:00:00,16.25,17.2,16.25,17.2,43313800,HAG
2025-08-26 07:00:00,17.35,17.4,16.7,17.35,23986100,HAG
2025-08-27 07:00:00,17.4,17.5,16.6,16.7,32215300,HAG
2025-08-28 07:00:00,16.75,16.9,16.2,16.35,17812000,HAG
2025-08-29 07:00:00,16.5,16.75,16.3,16.5,12059000,HAG
2025-09-03 07:00:00,16.2,16.65,16.2,16.4,10170600,HAG
2025-09-04 07:00:00,16.4,16.85,16.4,16.45,9678300,HAG
2025-09-05 07:00:00,16.65,16.95,16.45,16.5,13652600,HAG
2025-09-08 07:00:00,16.35,16.4,15.35,15.35,28350300,HAG
2025-09-09 07:00:00,15.4,15.55,14.95,15.4,9681200,HAG
2025-09-10 07:00:00,15.4,15.45,15.15,15.2,6003700,HAG
2025-09-11 07:00:00,15.2,15.6,15.0,15.55,10523600,HAG
2025-09-12 07:00:00,15.7,15.7,15.45,15.6,5330000,HAG
2025-09-15 07:00:00,15.65,15.85,15.55,15.8,5845100,HAG
2025-09-16 07:00:00,16.2,16.5,15.9,15.95,11975700,HAG
2025-09-17 07:00:00,16.0,16.0,15.6,15.6,4255700,HAG
2025-09-18 07:00:00,15.65,15.8,15.45,15.6,3923300,HAG
2025-09-19 07:00:00,15.65,15.7,15.4,15.4,4834200,HAG
2025-09-22 07:00:00,15.6,15.7,14.95,15.3,9206200,HAG
2025-09-23 07:00:00,15.35,15.45,15.2,15.25,3205100,HAG
2025-09-24 07:00:00,15.15,15.65,15.05,15.65,4363000,HAG
2025-09-25 07:00:00,15.65,16.2,15.55,15.75,8967200,HAG
2025-09-26 07:00:00,15.8,16.35,15.75,15.9,17259700,HAG
2025-09-29 07:00:00,15.9,16.65,15.9,16.4,16255200,HAG
2025-09-30 07:00:00,16.55,16.7,15.8,16.3,12129200,HAG
2025-10-01 07:00:00,16.2,17.2,16.05,16.9,19492500,HAG
2025-10-02 07:00:00,16.95,16.95,16.4,16.75,11890300,HAG
2025-10-03 07:00:00,17.25,17.35,16.5,16.5,15672300,HAG
2025-10-06 07:00:00,16.5,16.7,16.4,16.7,19690900,HAG
2025-10-07 07:00:00,16.75,17.2,16.5,16.7,13154200,HAG
2025-10-08 07:00:00,16.8,17.0,16.5,16.75,9411500,HAG
2025-10-09 07:00:00,16.85,17.2,16.65,17.1,22552300,HAG
2025-10-10 07:00:00,17.2,17.25,17.05,17.15,7140000,HAG
2025-10-13 07:00:00,16.85,17.25,16.7,17.15,15338200,HAG
2025-10-14 07:00:00,17.2,17.2,16.2,16.3,24599000,HAG
2025-10-15 07:00:00,16.35,16.55,16.3,16.3,8290400,HAG
2025-10-16 07:00:00,16.3,16.45,16.0,16.3,12077800,HAG
2025-10-17 07:00:00,16.4,16.55,16.2,16.2,7699100,HAG
2025-10-20 07:00:00,16.2,16.4,15.1,15.3,14144400,HAG
2025-10-21 07:00:00,15.4,15.7,15.05,15.3,10201100,HAG
2025-10-22 07:00:00,15.55,16.2,15.15,15.85,10343300,HAG
2025-10-23 07:00:00,15.8,16.0,15.65,15.65,3576300,HAG
2025-10-24 07:00:00,15.65,15.7,15.3,15.35,6457800,HAG
2025-10-27 07:00:00,15.6,16.2,15.25,15.6,10929400,HAG
2025-10-28 07:00:00,15.6,15.85,15.25,15.85,9441400,HAG
2025-10-29 07:00:00,15.8,16.95,15.8,16.95,24979400,HAG
2025-10-30 07:00:00,16.95,17.25,16.7,17.1,12974800,HAG
2025-10-31 07:00:00,17.15,17.55,16.8,17.1,16352400,HAG
2025-11-03 07:00:00,17.15,17.15,16.4,16.45,12055100,HAG
2025-11-04 07:00:00,16.3,16.9,16.0,16.9,18782000,HAG
2025-11-05 07:00:00,16.85,17.65,16.8,17.25,19341800,HAG
2025-11-06 07:00:00,17.4,17.4,16.7,16.7,6000900,HAG
2025-11-07 07:00:00,16.6,16.95,15.9,15.9,20703900,HAG
2025-11-10 07:00:00,15.7,16.2,15.7,15.8,6212000,HAG
2025-11-11 07:00:00,16.0,16.3,15.85,16.25,5502000,HAG
2025-11-12 07:00:00,16.35,16.5,16.05,16.5,8338500,HAG
2025-11-13 07:00:00,16.65,17.0,16.3,16.5,8192100,HAG
2025-11-14 07:00:00,16.5,17.65,16.5,17.65,38260900,HAG
2025-11-17 07:00:00,17.8,18.85,17.55,18.85,25228100,HAG
2025-11-18 07:00:00,18.85,19.0,18.35,18.85,16208900,HAG
2025-11-19 07:00:00,18.75,18.75,17.55,17.65,48094500,HAG
2025-11-20 07:00:00,17.7,18.1,17.6,17.7,10971300,HAG
2025-11-21 07:00:00,17.5,17.9,17.35,17.8,9651500,HAG
2025-11-24 07:00:00,17.8,18.4,17.65,18.0,10970500,HAG
2025-11-25 07:00:00,18.1,19.25,17.75,18.6,50503100,HAG
2025-11-26 07:00:00,18.6,18.6,18.1,18.5,12814100,HAG
2025-11-27 07:00:00,18.45,18.55,17.55,18.0,15801100,HAG
2025-11-28 07:00:00,18.0,18.1,17.1,17.4,23574200,HAG
2025-12-01 07:00:00,17.6,17.7,17.4,17.45,5576800,HAG
2025-12-02 07:00:00,17.5,17.65,17.15,17.55,8855800,HAG
2025-12-03 07:00:00,17.6,17.9,17.5,17.75,6326400,HAG
2025-12-04 07:00:00,17.7,18.2,17.7,18.05,11035900,HAG
2025-12-05 07:00:00,18.1,18.2,17.95,18.0,10603200,HAG
2025-12-08 07:00:00,18.0,18.15,17.6,18.05,9450900,HAG
2025-12-09 07:00:00,18.0,18.5,17.5,18.0,23581300,HAG
2025-12-10 07:00:00,18.0,18.05,17.7,18.0,4734800,HAG
2025-12-11 07:00:00,18.05,18.9,18.0,18.1,23496100,HAG
2025-12-12 07:00:00,18.25,18.3,17.15,17.15,19518300,HAG
2025-12-15 07:00:00,17.15,17.3,16.9,16.9,14468100,HAG
2025-12-16 07:00:00,17.1,18.05,16.9,17.9,16552900,HAG
2025-12-17 07:00:00,17.65,17.8,17.45,17.5,5532600,HAG
2025-12-18 07:00:00,17.6,17.7,17.45,17.5,3436700,HAG
2025-12-19 07:00:00,17.55,18.1,17.5,18.05,16872000,HAG
2025-12-22 07:00:00,18.15,18.35,17.9,18.25,6317500,HAG
2025-12-23 07:00:00,18.3,18.7,18.15,18.25,13468700,HAG
2025-12-24 07:00:00,18.25,18.5,18.15,18.5,13060500,HAG
2025-12-25 07:00:00,18.6,19.1,18.25,18.25,17835300,HAG
2025-12-26 07:00:00,18.2,18.4,17.35,17.9,22594600,HAG
2025-12-29 07:00:00,17.8,17.85,17.45,17.6,7249800,HAG
2025-12-30 07:00:00,17.65,17.9,17.6,17.75,7172000,HAG
2025-12-31 07:00:00,17.8,17.9,17.55,17.55,5528700,HAG
2026-01-05 07:00:00,17.55,17.75,16.65,16.85,14563700,HAG
2026-01-06 07:00:00,16.95,17.55,16.8,16.9,12015200,HAG
2026-01-07 07:00:00,17.05,17.2,16.8,17.05,9665800,HAG
2026-01-08 07:00:00,17.2,17.45,16.95,17.2,9700100,HAG
2026-01-09 07:00:00,17.15,17.35,16.35,16.6,15694100,HAG
2026-01-12 07:00:00,16.5,17.1,16.4,17.1,8352500,HAG
2026-01-13 07:00:00,17.1,17.5,16.85,17.3,9918600,HAG
2026-01-14 07:00:00,17.4,17.45,17.05,17.35,9407800,HAG
2026-01-15 07:00:00,17.25,17.85,17.1,17.75,11058500,HAG
2026-01-16 07:00:00,17.75,17.9,17.4,17.75,8520300,HAG
2026-01-19 07:00:00,18.0,18.4,17.55,17.55,15255900,HAG
2026-01-20 07:00:00,17.6,17.95,17.55,17.95,9454500,HAG
2026-01-21 07:00:00,17.8,18.4,17.55,17.85,13414700,HAG
2026-01-22 07:00:00,18.0,18.2,17.75,17.85,8153400,HAG
2026-01-23 07:00:00,17.9,18.0,17.55,17.95,9447500,HAG
2026-01-26 07:00:00,17.95,17.95,16.7,16.7,20665400,HAG
2026-01-27 07:00:00,16.8,16.9,16.6,16.7,5676700,HAG
2026-01-28 07:00:00,16.95,16.95,16.5,16.9,6725100,HAG
2026-01-29 07:00:00,16.9,17.1,16.75,17.1,6742000,HAG
2026-01-30 07:00:00,17.1,17.25,16.95,17.25,3821300,HAG
2026-02-02 07:00:00,17.4,17.5,17.15,17.35,7273000,HAG
2026-02-03 07:00:00,17.4,17.45,16.85,17.35,10355200,HAG
2026-02-04 07:00:00,17.3,17.35,17.0,17.35,5542600,HAG
2026-02-05 07:00:00,17.25,17.3,17.0,17.0,4338900,HAG
2026-02-06 07:00:00,16.8,16.9,16.1,16.1,8043200,HAG
2026-02-09 07:00:00,16.15,16.3,15.85,16.25,4842100,HAG
2026-02-10 07:00:00,16.35,16.35,15.9,15.9,3487000,HAG
2026-02-11 07:00:00,16.2,16.4,15.95,16.35,4156500,HAG
2026-02-12 07:00:00,16.35,16.45,16.25,16.45,2214400,HAG
2026-02-13 07:00:00,16.45,16.75,16.3,16.6,3561000,HAG
2026-02-23 07:00:00,16.75,16.8,16.5,16.55,2430400,HAG
2026-02-24 07:00:00,16.5,16.55,16.15,16.4,7503600,HAG
2026-02-25 07:00:00,16.45,16.5,16.15,16.4,5023400,HAG
2026-02-26 07:00:00,16.4,16.45,16.1,16.2,5082200,HAG
2026-02-27 07:00:00,16.2,16.25,15.9,15.95,6415900,HAG
2026-03-02 07:00:00,15.6,16.5,15.5,16.15,11508100,HAG
2026-03-03 07:00:00,16.25,16.25,15.8,15.8,3000300,HAG
2026-03-04 07:00:00,15.8,15.95,15.05,15.9,11288400,HAG
2026-03-05 07:00:00,16.0,16.1,15.65,15.85,3548600,HAG
2026-03-06 07:00:00,15.8,15.8,15.35,15.55,5074500,HAG
2026-03-09 07:00:00,14.5,14.85,14.5,14.5,4039100,HAG
2026-03-10 07:00:00,14.95,15.0,14.3,14.45,7817500,HAG
2026-03-11 07:00:00,14.5,14.9,14.5,14.9,4936500,HAG
2026-03-12 07:00:00,15.0,15.35,14.7,15.15,5659800,HAG
2026-03-13 07:00:00,15.0,15.2,14.95,15.2,4075600,HAG
2026-03-16 07:00:00,15.15,15.5,15.0,15.3,5274900,HAG
2026-03-17 07:00:00,15.3,15.5,15.05,15.05,4507000,HAG
2026-03-18 07:00:00,15.2,15.2,14.9,15.2,3951800,HAG
2026-03-19 07:00:00,15.05,15.5,14.9,15.35,8050000,HAG
2026-03-20 07:00:00,15.25,15.4,15.0,15.4,6595200,HAG
2026-03-23 07:00:00,15.2,15.25,14.5,15.15,7639800,HAG
2026-03-24 07:00:00,15.3,15.35,15.05,15.2,2345700,HAG
2026-03-25 07:00:00,15.2,16.0,15.15,15.95,9797900,HAG
2026-03-26 07:00:00,15.6,16.0,15.6,15.95,4301100,HAG
2026-03-27 07:00:00,15.95,16.15,15.8,16.15,5753600,HAG
2026-03-30 07:00:00,15.95,16.5,15.85,16.4,7266300,HAG
2026-03-31 07:00:00,16.6,16.65,16.2,16.4,3975700,HAG
2026-04-01 07:00:00,16.65,16.65,16.3,16.35,4382300,HAG
2026-04-02 07:00:00,16.3,16.35,16.05,16.25,3905100,HAG
2026-04-03 07:00:00,16.25,16.3,15.95,15.95,5164300,HAG
2026-04-06 07:00:00,15.85,16.05,15.45,15.5,5078500,HAG
2026-04-07 07:00:00,15.5,15.65,15.35,15.55,2307100,HAG
2026-04-08 07:00:00,15.9,16.25,15.7,16.25,5248200,HAG
2026-04-09 07:00:00,16.05,16.3,16.05,16.2,2810800,HAG
2026-04-10 07:00:00,16.3,16.3,16.0,16.05,2399900,HAG
2026-04-13 07:00:00,16.0,16.35,15.85,16.35,3986300,HAG
2026-04-14 07:00:00,16.5,17.1,16.35,16.9,16365100,HAG
2026-04-15 07:00:00,17.1,17.1,16.65,16.7,4478600,HAG
2026-04-16 07:00:00,16.7,16.7,16.4,16.7,5038500,HAG
2026-04-17 07:00:00,16.7,17.1,16.5,16.65,8495000,HAG
2026-04-20 07:00:00,16.65,16.7,16.4,16.4,4117700,HAG
2026-04-21 07:00:00,16.45,16.55,16.1,16.35,6362600,HAG
2026-04-22 07:00:00,16.3,16.4,16.1,16.4,2876300,HAG
2026-04-23 07:00:00,16.35,16.45,16.1,16.35,3209700,HAG
2026-04-24 07:00:00,16.25,16.35,16.1,16.3,2651700,HAG
2026-04-28 07:00:00,16.3,16.4,16.1,16.2,3115800,HAG
2026-04-29 07:00:00,16.2,16.3,16.05,16.3,3864700,HAG
2026-05-04 07:00:00,16.35,16.75,16.3,16.35,3328900,HAG
2026-05-05 07:00:00,16.45,16.45,16.15,16.2,1709600,HAG
2026-05-06 07:00:00,16.25,16.55,16.15,16.2,3226000,HAG
2026-05-07 07:00:00,16.4,16.45,16.3,16.4,4558100,HAG
2026-05-08 07:00:00,16.4,16.7,16.3,16.55,4311500,HAG
2026-05-11 07:00:00,16.55,16.55,16.25,16.45,3291900,HAG
2026-05-12 07:00:00,16.45,16.45,16.2,16.3,2966200,HAG
2026-05-13 07:00:00,16.3,16.4,16.2,16.2,3527600,HAG
2026-05-14 07:00:00,16.2,16.35,16.2,16.2,2018400,HAG
2026-05-15 07:00:00,16.25,16.3,16.05,16.1,3646800,HAG
2026-05-18 07:00:00,16.0,16.0,15.55,15.7,8047900,HAG
2026-05-19 07:00:00,15.65,15.8,15.3,15.55,5809400,HAG
2026-05-20 07:00:00,15.5,15.55,15.05,15.45,4349400,HAG
2026-05-21 07:00:00,15.55,15.6,15.45,15.5,1595100,HAG
2026-05-22 07:00:00,15.6,15.6,15.4,15.45,1456800,HAG
2026-05-25 07:00:00,15.5,15.55,15.45,15.45,2449500,HAG
2026-05-26 07:00:00,15.45,15.5,15.35,15.4,1783600,HAG
2026-05-27 07:00:00,15.4,15.6,15.4,15.5,1940000,HAG
2026-05-28 07:00:00,15.5,15.8,15.5,15.5,1632900,HAG
2026-05-29 07:00:00,15.5,15.55,15.3,15.3,1782400,HAG
2026-06-01 07:00:00,15.3,15.5,15.3,15.45,1480000,HAG
2026-06-02 07:00:00,15.4,15.5,15.1,15.1,2048700,HAG
2026-06-03 07:00:00,15.0,15.4,15.0,15.4,1925200,HAG
2026-06-04 07:00:00,15.45,15.45,15.25,15.45,1200300,HAG
2026-06-05 07:00:00,15.4,15.5,15.2,15.45,1585000,HAG
2026-06-08 07:00:00,15.1,15.4,15.05,15.2,2371500,HAG
2026-06-09 07:00:00,15.15,15.2,15.0,15.2,2261600,HAG
2026-06-10 07:00:00,15.15,15.25,15.05,15.25,1165000,HAG
2026-06-11 07:00:00,15.1,15.25,15.1,15.25,1312400,HAG
2026-06-12 07:00:00,15.25,15.3,15.15,15.25,1669500,HAG
2026-06-15 07:00:00,15.3,15.35,15.15,15.15,2927700,HAG
2026-06-16 07:00:00,15.2,15.25,15.1,15.2,2914200,HAG
2026-06-17 07:00:00,15.1,15.45,15.1,15.35,4335000,HAG
2026-06-18 07:00:00,15.4,15.4,15.25,15.25,1645000,HAG
2026-06-19 07:00:00,15.25,15.25,15.05,15.05,3614400,HAG
2026-06-22 07:00:00,15.15,15.15,15.0,15.05,2558300,HAG
2026-06-23 07:00:00,15.05,15.15,14.75,15.0,6152200,HAG
2026-06-24 07:00:00,14.9,15.0,14.85,15.0,2306600,HAG
2026-06-25 07:00:00,15.0,15.05,14.85,14.95,1720300,HAG
2026-06-26 07:00:00,15.0,15.0,14.75,15.0,1934900,HAG
2026-06-29 07:00:00,14.9,14.95,14.8,14.95,3213100,HAG
2026-06-30 07:00:00,14.85,15.3,14.8,15.3,3961200,HAG
2026-07-01 07:00:00,15.1,15.3,15.05,15.15,1988300,HAG
2026-07-02 07:00:00,15.1,15.15,14.9,15.0,2478800,HAG
2026-07-03 07:00:00,15.0,15.0,14.85,14.9,2287300,HAG
2026-07-06 07:00:00,14.85,14.95,14.75,14.95,2416200,HAG
2026-07-07 07:00:00,14.95,14.95,14.8,14.8,1199800,HAG
2026-07-08 07:00:00,14.9,14.95,14.75,14.8,1325000,HAG
2026-07-09 07:00:00,14.8,14.85,14.5,14.5,2366500,HAG
2026-07-10 07:00:00,14.5,14.65,14.5,14.65,1238600,HAG
2026-07-13 07:00:00,14.65,14.65,14.4,14.65,1851500,HAG
2026-07-14 07:00:00,14.55,14.65,14.4,14.65,1713800,HAG
2026-07-15 07:00:00,14.6,14.6,14.45,14.6,1558200,HAG
2026-07-16 07:00:00,14.45,14.6,14.2,14.6,2396700,HAG
2026-07-17 07:00:00,14.5,14.55,14.4,14.55,1644700,HAG
2026-07-20 07:00:00,14.2,14.45,13.55,14.45,5316800,HAG
2026-07-21 07:00:00,14.15,14.35,13.95,14.15,1839700,HAG
2026-07-22 07:00:00,14.1,14.15,13.55,14.0,3448700,HAG
2026-07-23 07:00:00,13.9,14.05,13.65,14.05,3265700,HAG
2026-07-24 07:00:00,14.0,14.0,13.8,14.0,1892400,HAG
2026-07-27 07:00:00,14.0,14.05,13.65,13.7,2217100,HAG
2026-07-28 07:00:00,13.9,14.0,13.4,14.0,3336500,HAG
2026-07-29 07:00:00,14.0,14.15,13.85,14.0,1506500,HAG
2026-07-30 07:00:00,13.95,14.2,13.9,14.2,2019800,HAG
2026-07-31 07:00:00,14.2,14.2,13.9,14.0,2043200,HAG
2026-08-03 07:00:00,13.95,14.2,13.95,14.0,2593000,HAG
2026-08-04 07:00:00,14.1,14.15,13.95,14.15,1851000,HAG
2026-08-05 07:00:00,14.15,14.25,14.0,14.1,2319700,HAG
2026-08-06 07:00:00,14.15,14.15,14.0,14.1,975800,HAG
2026-08-07 07:00:00,14.05,14.1,13.95,14.05,1583000,HAG
2026-08-10 07:00:00,14.0,14.2,14.0,14.1,1774500,HAG
2026-08-11 07:00:00,14.15,14.5,14.1,14.1,2999700,HAG
2026-08-12 07:00:00,14.15,14.3,14.15,14.15,860500,HAG
2026-08-13 07:00:00,14.2,14.35,14.05,14.1,2052500,HAG
2026-08-14 07:00:00,14.05,14.1,13.85,14.05,2363500,HAG
2026-08-17 07:00:00,14.0,14.1,13.9,14.1,1508700,HAG
2026-08-18 07:00:00,14.1,14.15,14.0,14.15,1431200,HAG
2026-08-19 07:00:00,14.1,14.15,14.0,14.0,914100,HAG
2026-08-20 07:00:00,14.1,14.1,13.95,14.05,955200,HAG
2026-08-21 07:00:00,14.05,14.2,14.0,14.15,1723300,HAG
2026-08-24 07:00:00,14.2,14.3,14.1,14.25,1271900,HAG
2026-08-25 07:00:00,14.3,14.6,14.15,14.3,2724500,HAG
2026-08-26 07:00:00,14.35,14.4,14.15,14.25,1356900,HAG
2026-08-27 07:00:00,14.25,14.25,14.05,14.2,1597300,HAG
2026-08-28 07:00:00,14.2,14.2,14.0,14.2,2688900,HAG
2026-09-03 07:00:00,14.0,14.15,13.95,14.15,1137600,HAG
2026-09-04 07:00:00,14.05,14.15,14.0,14.0,1159700,HAG
2026-09-07 07:00:00,14.0,14.05,13.85,14.0,1545800,HAG
2026-09-08 07:00:00,13.9,13.95,13.85,13.95,671200,HAG
2026-09-09 07:00:00,13.85,13.95,13.8,13.95,1321800,HAG
2026-09-10 07:00:00,13.85,13.95,13.65,13.95,2311400,HAG
2026-09-11 07:00:00,13.85,13.9,13.6,13.6,2369400,HAG
2026-09-14 07:00:00,13.6,13.75,13.25,13.75,2661700,HAG
2026-09-15 07:00:00,13.7,14.0,13.55,14.0,1718600,HAG
2026-09-16 07:00:00,14.0,14.0,13.8,14.0,805500,HAG
2026-09-17 07:00:00,13.95,14.0,13.85,14.0,1332200,HAG
2026-09-18 07:00:00,13.95,14.05,13.9,14.05,1802300,HAG
2026-09-21 07:00:00,14.0,14.05,13.8,13.9,1562900,HAG
2026-09-22 07:00:00,13.9,14.0,13.8,14.0,762900,HAG
2026-09-23 07:00:00,13.95,13.95,13.85,13.9,36700,HAG
