time,open,high,low,close,volume,ticker
2019-01-02 07:00:00,7.32,7.45,7.29,7.29,4196210,HPG
2019-01-03 07:00:00,7.28,7.32,6.98,6.98,6877510,HPG
2019-01-04 07:00:00,6.96,7.1,6.8,7.03,5841290,HPG
2019-01-07 07:00:00,7.17,7.18,6.9,6.95,2488920,HPG
2019-01-08 07:00:00,6.96,6.98,6.8,6.83,3150620,HPG
2019-01-09 07:00:00,6.87,7.06,6.87,6.98,1876020,HPG
2019-01-10 07:00:00,7.01,7.13,6.98,7.06,1783870,HPG
2019-01-11 07:00:00,7.06,7.08,6.95,6.95,2659370,HPG
2019-01-14 07:00:00,6.96,6.97,6.83,6.94,3226780,HPG
2019-01-15 07:00:00,6.94,7.01,6.9,6.94,2640430,HPG
2019-01-16 07:00:00,6.96,7.02,6.9,6.97,2981480,HPG
2019-01-17 07:00:00,6.97,6.97,6.84,6.84,1957850,HPG
2019-01-18 07:00:00,6.94,6.97,6.9,6.91,2120620,HPG
2019-01-21 07:00:00,6.94,7.04,6.91,7.0,1917140,HPG
2019-01-22 07:00:00,7.03,7.07,6.97,6.98,1665310,HPG
2019-01-23 07:00:00,6.96,7.2,6.95,7.11,3788700,HPG
2019-01-24 07:00:00,7.13,7.2,7.07,7.07,2387030,HPG
2019-01-25 07:00:00,7.1,7.13,7.0,7.03,1609890,HPG
2019-01-28 07:00:00,7.06,7.06,7.01,7.04,1711540,HPG
2019-01-29 07:00:00,7.07,7.07,6.98,7.03,1814550,HPG
2019-01-30 07:00:00,7.01,7.01,6.83,6.87,6765640,HPG
2019-01-31 07:00:00,6.87,6.9,6.53,6.56,7171640,HPG
2019-02-01 07:00:00,6.59,6.68,6.39,6.46,7100180,HPG
2019-02-11 07:00:00,6.55,6.84,6.53,6.84,2836470,HPG
2019-02-12 07:00:00,6.84,7.07,6.81,6.98,7952400,HPG
2019-02-13 07:00:00,6.98,7.36,6.98,7.32,11079510,HPG
2019-02-14 07:00:00,7.32,7.41,7.29,7.34,6455840,HPG
2019-02-15 07:00:00,7.34,7.69,7.29,7.48,9326200,HPG
2019-02-18 07:00:00,7.6,7.71,7.56,7.61,6374370,HPG
2019-02-19 07:00:00,7.68,7.69,7.49,7.5,5904440,HPG
2019-02-20 07:00:00,7.5,7.65,7.49,7.62,5878290,HPG
2019-02-21 07:00:00,7.65,7.74,7.55,7.74,6010110,HPG
2019-02-22 07:00:00,7.73,8.04,7.71,8.03,8269150,HPG
2019-02-25 07:00:00,8.16,8.42,8.1,8.24,11781980,HPG
2019-02-26 07:00:00,8.24,8.38,8.11,8.17,7383610,HPG
2019-02-27 07:00:00,8.27,8.27,8.09,8.14,4999180,HPG
2019-02-28 07:00:00,8.18,8.19,7.96,7.96,6952800,HPG
2019-03-01 07:00:00,7.96,8.11,7.96,8.11,4610790,HPG
2019-03-04 07:00:00,8.23,8.37,8.22,8.37,5020420,HPG
2019-03-05 07:00:00,8.31,8.43,8.27,8.3,5704900,HPG
2019-03-06 07:00:00,8.29,8.33,8.14,8.29,3373240,HPG
2019-03-07 07:00:00,8.29,8.3,8.07,8.07,4555440,HPG
2019-03-08 07:00:00,7.93,8.12,7.91,8.04,4654840,HPG
2019-03-11 07:00:00,8.05,8.1,7.96,8.0,4858680,HPG
2019-03-12 07:00:00,8.06,8.09,7.98,8.01,5262570,HPG
2019-03-13 07:00:00,8.05,8.13,8.03,8.13,3200950,HPG
2019-03-14 07:00:00,8.13,8.2,8.03,8.1,4482230,HPG
2019-03-15 07:00:00,7.79,7.84,7.54,7.55,17029640,HPG
2019-03-18 07:00:00,7.46,7.67,7.23,7.54,10578940,HPG
2019-03-19 07:00:00,7.53,7.56,7.36,7.55,7385900,HPG
2019-03-20 07:00:00,7.46,7.72,7.46,7.65,5625190,HPG
2019-03-21 07:00:00,7.65,7.68,7.56,7.58,2737980,HPG
2019-03-22 07:00:00,7.6,7.62,7.54,7.56,4192750,HPG
2019-03-25 07:00:00,7.36,7.49,7.36,7.43,3736290,HPG
2019-03-26 07:00:00,7.48,7.52,7.41,7.48,3515960,HPG
2019-03-27 07:00:00,7.55,7.66,7.49,7.66,2539450,HPG
2019-03-28 07:00:00,7.61,7.68,7.6,7.68,2513150,HPG
2019-03-29 07:00:00,7.71,7.74,7.55,7.62,6534270,HPG
2019-04-01 07:00:00,7.59,7.62,7.55,7.56,3670350,HPG
2019-04-02 07:00:00,7.62,7.64,7.56,7.6,1796860,HPG
2019-04-03 07:00:00,7.58,7.61,7.55,7.6,3775800,HPG
2019-04-04 07:00:00,7.61,7.67,7.58,7.67,2765210,HPG
2019-04-05 07:00:00,7.67,7.73,7.64,7.69,1836710,HPG
2019-04-08 07:00:00,7.69,7.73,7.65,7.67,1380890,HPG
2019-04-09 07:00:00,7.68,7.69,7.58,7.6,2884050,HPG
2019-04-10 07:00:00,7.58,7.59,7.49,7.56,2207380,HPG
2019-04-11 07:00:00,7.58,7.59,7.54,7.56,1516930,HPG
2019-04-12 07:00:00,7.56,7.59,7.54,7.59,1576930,HPG
2019-04-16 07:00:00,7.55,7.58,7.47,7.52,1546470,HPG
2019-04-17 07:00:00,7.52,7.54,7.46,7.48,1860340,HPG
2019-04-18 07:00:00,7.43,7.47,7.41,7.41,2388910,HPG
2019-04-19 07:00:00,7.42,7.5,7.42,7.48,1213930,HPG
2019-04-22 07:00:00,7.42,7.6,7.42,7.54,1823920,HPG
2019-04-23 07:00:00,7.58,7.58,7.54,7.55,1685950,HPG
2019-04-24 07:00:00,7.58,7.9,7.55,7.9,5801340,HPG
2019-04-25 07:00:00,7.93,7.97,7.81,7.84,4094750,HPG
2019-04-26 07:00:00,7.86,8.0,7.84,7.96,2820780,HPG
2019-05-02 07:00:00,7.98,8.05,7.88,8.05,3807620,HPG
2019-05-03 07:00:00,8.05,8.14,7.98,8.09,3495970,HPG
2019-05-06 07:00:00,7.91,8.0,7.86,7.92,4500050,HPG
2019-05-07 07:00:00,8.0,8.0,7.91,7.93,2820070,HPG
2019-05-08 07:00:00,7.87,7.88,7.81,7.85,2812600,HPG
2019-05-09 07:00:00,7.82,7.87,7.72,7.79,2112430,HPG
2019-05-10 07:00:00,7.84,7.86,7.72,7.78,1909270,HPG
2019-05-13 07:00:00,7.8,7.8,7.58,7.59,3810530,HPG
2019-05-14 07:00:00,7.5,7.67,7.5,7.67,1820770,HPG
2019-05-15 07:00:00,7.67,7.74,7.65,7.67,2537170,HPG
2019-05-16 07:00:00,7.68,7.74,7.65,7.65,1378610,HPG
2019-05-17 07:00:00,7.65,7.67,7.62,7.64,1491570,HPG
2019-05-20 07:00:00,7.64,7.82,7.64,7.76,2216410,HPG
2019-05-21 07:00:00,7.8,7.86,7.76,7.79,2147580,HPG
2019-05-22 07:00:00,7.81,7.91,7.79,7.81,2514350,HPG
2019-05-23 07:00:00,7.81,7.82,7.73,7.75,2533270,HPG
2019-05-24 07:00:00,7.69,7.73,7.61,7.61,3667800,HPG
2019-05-27 07:00:00,7.6,7.66,7.6,7.62,1699260,HPG
2019-05-28 07:00:00,7.69,7.69,7.59,7.59,2839040,HPG
2019-05-29 07:00:00,7.65,7.69,7.59,7.69,1660260,HPG
2019-05-30 07:00:00,7.69,7.69,7.56,7.58,4194290,HPG
2019-05-31 07:00:00,7.58,7.62,7.58,7.6,3394280,HPG
2019-06-03 07:00:00,7.59,7.6,7.43,7.46,12274790,HPG
2019-06-04 07:00:00,7.56,7.63,7.4,7.47,3337800,HPG
2019-06-05 07:00:00,7.5,7.6,7.29,7.32,2988710,HPG
2019-06-06 07:00:00,7.35,7.35,6.87,6.98,7082600,HPG
2019-06-07 07:00:00,7.07,7.16,7.03,7.06,5101320,HPG
2019-06-10 07:00:00,7.15,7.2,7.03,7.04,6567230,HPG
2019-06-11 07:00:00,7.07,7.14,6.98,7.07,4409100,HPG
2019-06-12 07:00:00,7.04,7.15,7.03,7.1,3132550,HPG
2019-06-13 07:00:00,7.2,7.2,7.04,7.07,2523260,HPG
2019-06-14 07:00:00,7.07,7.09,7.06,7.06,2068100,HPG
2019-06-17 07:00:00,7.06,7.07,6.9,6.9,3644160,HPG
2019-06-18 07:00:00,6.9,7.1,6.9,7.09,5058220,HPG
2019-06-19 07:00:00,7.34,7.34,7.16,7.34,8365940,HPG
2019-06-20 07:00:00,7.41,7.41,7.26,7.26,4370160,HPG
2019-06-21 07:00:00,7.35,7.35,7.26,7.29,4429070,HPG
2019-06-24 07:00:00,7.32,7.4,7.16,7.18,3089270,HPG
2019-06-25 07:00:00,7.14,7.2,7.07,7.1,3284860,HPG
2019-06-26 07:00:00,7.09,7.15,7.04,7.04,1906040,HPG
2019-06-27 07:00:00,7.04,7.06,6.94,6.94,3756880,HPG
2019-06-28 07:00:00,6.94,7.23,6.9,7.23,3923340,HPG
2019-07-01 07:00:00,7.14,7.16,7.01,7.07,3836540,HPG
2019-07-02 07:00:00,7.07,7.07,6.94,6.95,4776600,HPG
2019-07-03 07:00:00,6.95,6.97,6.8,6.81,6315440,HPG
2019-07-04 07:00:00,6.77,6.92,6.77,6.86,5056190,HPG
2019-07-05 07:00:00,6.86,6.9,6.81,6.86,3066930,HPG
2019-07-08 07:00:00,6.83,6.86,6.67,6.69,7429100,HPG
2019-07-09 07:00:00,6.7,6.75,6.57,6.57,6316400,HPG
2019-07-10 07:00:00,6.58,6.69,6.55,6.57,3745990,HPG
2019-07-11 07:00:00,6.58,6.66,6.58,6.63,3104040,HPG
2019-07-12 07:00:00,6.67,6.77,6.66,6.74,3366890,HPG
2019-07-15 07:00:00,6.67,6.77,6.6,6.6,3902390,HPG
2019-07-16 07:00:00,6.64,6.66,6.6,6.64,3475800,HPG
2019-07-17 07:00:00,6.66,6.66,6.55,6.57,5461170,HPG
2019-07-18 07:00:00,6.57,6.58,6.41,6.44,8482000,HPG
2019-07-19 07:00:00,6.46,6.52,6.27,6.34,11182000,HPG
2019-07-22 07:00:00,6.34,6.52,6.24,6.38,6886080,HPG
2019-07-23 07:00:00,6.4,6.69,6.4,6.67,9013000,HPG
2019-07-24 07:00:00,6.67,6.7,6.58,6.63,3697610,HPG
2019-07-25 07:00:00,6.61,6.89,6.61,6.89,9473450,HPG
2019-07-26 07:00:00,6.95,7.09,6.9,6.94,9789570,HPG
2019-07-29 07:00:00,6.94,6.94,6.69,6.8,6954310,HPG
2019-07-30 07:00:00,6.8,6.83,6.61,6.61,6111110,HPG
2019-07-31 07:00:00,6.58,6.94,6.55,6.94,6538340,HPG
2019-08-01 07:00:00,6.92,7.0,6.84,6.95,5949030,HPG
2019-08-02 07:00:00,6.83,6.94,6.8,6.9,7142250,HPG
2019-08-05 07:00:00,6.87,6.92,6.77,6.81,6163970,HPG
2019-08-06 07:00:00,6.63,6.77,6.63,6.69,5651180,HPG
2019-08-07 07:00:00,6.63,6.81,6.7,6.8,3485020,HPG
2019-08-08 07:00:00,6.81,7.16,6.81,7.16,11123430,HPG
2019-08-09 07:00:00,7.2,7.23,7.07,7.1,3683200,HPG
2019-08-12 07:00:00,7.1,7.34,7.1,7.26,8127360,HPG
2019-08-13 07:00:00,7.16,7.35,7.16,7.21,6419220,HPG
2019-08-14 07:00:00,7.32,7.32,7.2,7.21,3871400,HPG
2019-08-15 07:00:00,7.07,7.15,7.01,7.15,6880640,HPG
2019-08-16 07:00:00,7.15,7.18,7.04,7.09,8856190,HPG
2019-08-19 07:00:00,7.07,7.16,7.06,7.09,2540900,HPG
2019-08-20 07:00:00,7.09,7.16,7.0,7.04,4790700,HPG
2019-08-21 07:00:00,7.04,7.15,7.01,7.14,4819580,HPG
2019-08-22 07:00:00,7.16,7.18,7.07,7.09,3314500,HPG
2019-08-23 07:00:00,7.15,7.21,7.1,7.2,5386570,HPG
2019-08-26 07:00:00,7.1,7.12,6.98,7.01,5677560,HPG
2019-08-27 07:00:00,7.07,7.09,6.89,6.89,8995460,HPG
2019-08-28 07:00:00,6.89,6.92,6.8,6.84,4335410,HPG
2019-08-29 07:00:00,6.84,6.84,6.77,6.81,4942140,HPG
2019-08-30 07:00:00,6.81,6.9,6.78,6.83,3329430,HPG
2019-09-03 07:00:00,6.83,6.86,6.66,6.66,5373060,HPG
2019-09-04 07:00:00,6.83,6.7,6.61,6.64,5849460,HPG
2019-09-05 07:00:00,6.66,6.75,6.64,6.67,2479020,HPG
2019-09-06 07:00:00,6.7,6.74,6.58,6.58,4205690,HPG
2019-09-09 07:00:00,6.61,6.63,6.52,6.52,3551180,HPG
2019-09-10 07:00:00,6.52,6.57,6.49,6.55,3449940,HPG
2019-09-11 07:00:00,6.55,6.78,6.54,6.78,4701010,HPG
2019-09-12 07:00:00,6.81,6.95,6.81,6.94,5565420,HPG
2019-09-13 07:00:00,6.92,6.97,6.89,6.95,4664730,HPG
2019-09-16 07:00:00,6.9,6.97,6.84,6.97,5400470,HPG
2019-09-17 07:00:00,6.97,6.98,6.89,6.98,3597090,HPG
2019-09-18 07:00:00,6.98,7.09,6.95,7.07,6151170,HPG
2019-09-19 07:00:00,7.07,7.09,6.98,7.06,3407530,HPG
2019-09-20 07:00:00,7.06,7.06,6.94,6.97,5099340,HPG
2019-09-23 07:00:00,6.95,6.95,6.77,6.77,5357440,HPG
2019-09-24 07:00:00,6.75,6.81,6.72,6.81,1984900,HPG
2019-09-25 07:00:00,6.8,6.8,6.69,6.74,3962320,HPG
2019-09-26 07:00:00,6.77,6.84,6.67,6.84,3332860,HPG
2019-09-27 07:00:00,6.84,6.9,6.81,6.81,3189980,HPG
2019-09-30 07:00:00,6.83,6.84,6.75,6.75,3421220,HPG
2019-10-01 07:00:00,6.75,6.83,6.72,6.74,4063670,HPG
2019-10-02 07:00:00,6.77,6.78,6.67,6.69,4362700,HPG
2019-10-03 07:00:00,6.67,6.67,6.6,6.63,4558270,HPG
2019-10-04 07:00:00,6.64,6.67,6.55,6.57,4775630,HPG
2019-10-07 07:00:00,6.57,6.61,6.52,6.55,3320870,HPG
2019-10-08 07:00:00,6.58,6.74,6.54,6.74,3977030,HPG
2019-10-09 07:00:00,6.74,6.74,6.67,6.74,3081260,HPG
2019-10-10 07:00:00,6.74,6.8,6.61,6.61,3934250,HPG
2019-10-11 07:00:00,6.64,6.67,6.58,6.61,4148140,HPG
2019-10-14 07:00:00,6.67,6.67,6.6,6.6,2957400,HPG
2019-10-15 07:00:00,6.61,6.67,6.57,6.57,3612960,HPG
2019-10-16 07:00:00,6.58,6.61,6.55,6.55,2621160,HPG
2019-10-17 07:00:00,6.55,6.66,6.55,6.58,4831150,HPG
2019-10-18 07:00:00,6.63,6.63,6.55,6.58,2289250,HPG
2019-10-21 07:00:00,6.58,6.6,6.52,6.52,3170430,HPG
2019-10-22 07:00:00,6.52,6.66,6.52,6.64,4095850,HPG
2019-10-23 07:00:00,6.64,6.8,6.64,6.72,6895670,HPG
2019-10-24 07:00:00,6.74,6.8,6.72,6.77,5143080,HPG
2019-10-25 07:00:00,6.77,6.77,6.69,6.7,2378380,HPG
2019-10-28 07:00:00,6.7,6.86,6.66,6.83,7281100,HPG
2019-10-29 07:00:00,6.83,6.9,6.8,6.83,5344070,HPG
2019-10-30 07:00:00,6.84,6.84,6.77,6.77,3066190,HPG
2019-10-31 07:00:00,6.77,6.78,6.67,6.7,5768030,HPG
2019-11-01 07:00:00,6.74,6.8,6.7,6.74,4059500,HPG
2019-11-04 07:00:00,6.8,6.83,6.67,6.69,6038610,HPG
2019-11-05 07:00:00,6.7,6.81,6.69,6.74,5517760,HPG
2019-11-06 07:00:00,6.77,6.81,6.75,6.77,4525660,HPG
2019-11-07 07:00:00,6.81,7.0,6.8,6.98,13242680,HPG
2019-11-08 07:00:00,6.98,7.01,6.92,6.98,5281950,HPG
2019-11-11 07:00:00,6.95,7.1,6.95,7.01,8000180,HPG
2019-11-12 07:00:00,7.0,7.1,6.94,7.07,6553550,HPG
2019-11-13 07:00:00,7.1,7.12,6.97,6.97,6513310,HPG
2019-11-14 07:00:00,6.97,7.03,6.92,6.97,5526590,HPG
2019-11-15 07:00:00,6.97,7.01,6.94,6.97,3431350,HPG
2019-11-18 07:00:00,6.98,7.07,6.98,7.04,3835760,HPG
2019-11-19 07:00:00,7.06,7.06,6.98,7.01,4169110,HPG
2019-11-20 07:00:00,7.01,7.01,6.84,6.89,6959150,HPG
2019-11-21 07:00:00,6.86,6.87,6.77,6.77,7500750,HPG
2019-11-22 07:00:00,6.83,6.87,6.77,6.8,5765620,HPG
2019-11-25 07:00:00,6.81,6.87,6.77,6.84,4233870,HPG
2019-11-26 07:00:00,6.87,7.01,6.87,6.97,5487610,HPG
2019-11-27 07:00:00,7.0,7.01,6.94,6.95,3524960,HPG
2019-11-28 07:00:00,6.95,6.98,6.9,6.95,3754940,HPG
2019-11-29 07:00:00,6.95,7.06,6.9,7.03,6338320,HPG
2019-12-02 07:00:00,7.03,7.14,7.03,7.06,9096550,HPG
2019-12-03 07:00:00,7.06,7.29,6.98,7.21,9332060,HPG
2019-12-04 07:00:00,7.2,7.26,7.18,7.21,4913700,HPG
2019-12-05 07:00:00,7.18,7.21,7.09,7.1,5182270,HPG
2019-12-06 07:00:00,7.1,7.35,7.1,7.34,7127130,HPG
2019-12-09 07:00:00,7.34,7.52,7.34,7.44,7902140,HPG
2019-12-10 07:00:00,7.44,7.55,7.41,7.5,10161370,HPG
2019-12-11 07:00:00,7.47,7.5,7.35,7.5,5402830,HPG
2019-12-12 07:00:00,7.47,7.5,7.41,7.44,4152040,HPG
2019-12-13 07:00:00,7.44,7.54,7.32,7.32,9476390,HPG
2019-12-16 07:00:00,7.32,7.35,7.24,7.3,5120410,HPG
2019-12-17 07:00:00,7.3,7.34,7.04,7.12,9866630,HPG
2019-12-18 07:00:00,7.12,7.12,6.92,6.94,7586700,HPG
2019-12-19 07:00:00,6.94,7.1,6.94,7.01,5752800,HPG
2019-12-20 07:00:00,7.06,7.15,7.01,7.07,5415140,HPG
2019-12-23 07:00:00,7.12,7.23,7.06,7.09,4009100,HPG
2019-12-24 07:00:00,7.09,7.16,7.06,7.14,3219640,HPG
2019-12-25 07:00:00,7.14,7.2,7.12,7.12,2378750,HPG
2019-12-26 07:00:00,7.16,7.16,7.07,7.07,3007690,HPG
2019-12-27 07:00:00,7.07,7.24,7.03,7.24,4181570,HPG
2019-12-30 07:00:00,7.27,7.34,7.23,7.27,2937980,HPG
2019-12-31 07:00:00,7.27,7.29,7.18,7.23,2876730,HPG
2020-01-02 07:00:00,7.23,7.38,7.18,7.38,4232230,HPG
2020-01-03 07:00:00,7.44,7.49,7.4,7.43,7832210,HPG
2020-01-06 07:00:00,7.38,7.46,7.34,7.38,5371060,HPG
2020-01-07 07:00:00,7.41,7.44,7.26,7.29,4871220,HPG
2020-01-08 07:00:00,7.23,7.27,7.12,7.21,6421130,HPG
2020-01-09 07:00:00,7.26,7.43,7.26,7.38,4613440,HPG
2020-01-10 07:00:00,7.41,7.55,7.4,7.44,10006180,HPG
2020-01-13 07:00:00,7.44,7.5,7.41,7.46,4456520,HPG
2020-01-14 07:00:00,7.46,7.7,7.44,7.69,9565300,HPG
2020-01-15 07:00:00,7.7,7.8,7.66,7.73,5881520,HPG
2020-01-16 07:00:00,7.69,7.8,7.67,7.78,6855030,HPG
2020-01-17 07:00:00,7.78,7.89,7.66,7.69,6329150,HPG
2020-01-20 07:00:00,7.69,7.84,7.6,7.84,5711790,HPG
2020-01-21 07:00:00,7.92,8.0,7.86,7.95,5911660,HPG
2020-01-22 07:00:00,7.95,8.12,7.95,8.09,8919900,HPG
2020-01-30 07:00:00,7.86,7.96,7.67,7.78,13028790,HPG
2020-01-31 07:00:00,7.69,7.78,7.41,7.41,10994970,HPG
2020-02-03 07:00:00,7.16,7.63,6.98,7.55,12079180,HPG
2020-02-04 07:00:00,7.58,7.63,7.41,7.56,8086090,HPG
2020-02-05 07:00:00,7.64,7.69,7.44,7.52,6938550,HPG
2020-02-06 07:00:00,7.49,7.75,7.47,7.75,9214150,HPG
2020-02-07 07:00:00,7.75,7.78,7.44,7.49,8120240,HPG
2020-02-10 07:00:00,7.38,7.58,7.36,7.49,4794830,HPG
2020-02-11 07:00:00,7.52,7.56,7.21,7.26,12551620,HPG
2020-02-12 07:00:00,7.23,7.43,7.21,7.32,9581940,HPG
2020-02-13 07:00:00,7.3,7.35,7.26,7.29,5263180,HPG
2020-02-14 07:00:00,7.26,7.3,7.18,7.29,5052290,HPG
2020-02-17 07:00:00,7.29,7.34,7.26,7.3,2716840,HPG
2020-02-18 07:00:00,7.34,7.34,7.16,7.16,7456030,HPG
2020-02-19 07:00:00,7.16,7.21,7.1,7.15,5481650,HPG
2020-02-20 07:00:00,7.21,7.3,7.15,7.3,5225250,HPG
2020-02-21 07:00:00,7.3,7.32,7.23,7.24,4513960,HPG
2020-02-24 07:00:00,7.0,7.12,6.98,6.98,12938030,HPG
2020-02-25 07:00:00,6.95,7.1,6.95,7.1,5303830,HPG
2020-02-26 07:00:00,7.0,7.07,6.98,7.0,4502880,HPG
2020-02-27 07:00:00,6.98,7.09,6.98,7.06,3318240,HPG
2020-02-28 07:00:00,6.94,7.01,6.84,6.87,6583970,HPG
2020-03-02 07:00:00,6.83,6.92,6.83,6.86,3957540,HPG
2020-03-03 07:00:00,7.01,7.01,6.86,6.86,4411940,HPG
2020-03-04 07:00:00,6.89,6.95,6.87,6.87,2946050,HPG
2020-03-05 07:00:00,6.95,6.97,6.87,6.87,2594810,HPG
2020-03-06 07:00:00,6.87,6.9,6.84,6.89,3035470,HPG
2020-03-09 07:00:00,6.41,6.63,6.41,6.41,16567350,HPG
2020-03-10 07:00:00,6.3,6.69,6.3,6.66,8137980,HPG
2020-03-11 07:00:00,6.67,6.7,6.2,6.32,8527920,HPG
2020-03-12 07:00:00,6.01,6.09,5.89,5.92,13041040,HPG
2020-03-13 07:00:00,5.55,6.06,5.52,5.86,12836580,HPG
2020-03-16 07:00:00,5.9,6.1,5.83,5.87,9283920,HPG
2020-03-17 07:00:00,5.72,5.94,5.72,5.9,6053400,HPG
2020-03-18 07:00:00,5.97,6.18,5.95,6.06,10396530,HPG
2020-03-19 07:00:00,5.97,6.0,5.81,5.89,7773200,HPG
2020-03-20 07:00:00,5.92,5.94,5.72,5.72,13401260,HPG
2020-03-23 07:00:00,5.35,5.54,5.32,5.32,12947170,HPG
2020-03-24 07:00:00,5.23,5.34,5.12,5.26,13831390,HPG
2020-03-25 07:00:00,5.49,5.49,5.35,5.47,7758210,HPG
2020-03-26 07:00:00,5.4,5.41,5.2,5.21,8514960,HPG
2020-03-27 07:00:00,5.2,5.23,4.86,4.98,13442640,HPG
2020-03-30 07:00:00,4.7,5.14,4.69,5.03,10870540,HPG
2020-03-31 07:00:00,5.03,5.34,4.69,5.18,11163440,HPG
2020-04-01 07:00:00,5.14,5.38,5.12,5.3,4859650,HPG
2020-04-03 07:00:00,5.3,5.44,5.29,5.43,6503290,HPG
2020-04-06 07:00:00,5.58,5.8,5.5,5.8,10207240,HPG
2020-04-07 07:00:00,5.86,5.87,5.61,5.84,7655220,HPG
2020-04-08 07:00:00,5.66,5.78,5.63,5.75,5106690,HPG
2020-04-09 07:00:00,5.78,5.84,5.7,5.7,7134720,HPG
2020-04-10 07:00:00,5.69,5.84,5.63,5.78,5558450,HPG
2020-04-13 07:00:00,5.78,6.0,5.75,5.95,9039420,HPG
2020-04-14 07:00:00,5.94,6.14,5.9,6.14,8744760,HPG
2020-04-15 07:00:00,6.15,6.24,6.14,6.18,5960450,HPG
2020-04-16 07:00:00,6.14,6.27,6.07,6.23,6665670,HPG
2020-04-17 07:00:00,6.23,6.4,6.21,6.37,8818780,HPG
2020-04-20 07:00:00,6.46,6.61,6.32,6.52,9422860,HPG
2020-04-21 07:00:00,6.38,6.54,6.2,6.21,11934810,HPG
2020-04-22 07:00:00,6.3,6.55,6.24,6.4,11038450,HPG
2020-04-23 07:00:00,6.55,6.75,6.55,6.64,8345940,HPG
2020-04-24 07:00:00,6.67,6.83,6.55,6.8,8301090,HPG
2020-04-27 07:00:00,6.84,6.95,6.72,6.75,6636160,HPG
2020-04-28 07:00:00,6.77,6.8,6.54,6.58,7687010,HPG
2020-04-29 07:00:00,6.61,6.67,6.46,6.61,7447050,HPG
2020-05-04 07:00:00,6.61,6.63,6.46,6.46,4834580,HPG
2020-05-05 07:00:00,6.58,6.66,6.55,6.58,5894530,HPG
2020-05-06 07:00:00,6.63,6.83,6.61,6.83,7620940,HPG
2020-05-07 07:00:00,6.86,7.26,6.86,7.26,14733250,HPG
2020-05-08 07:00:00,7.32,7.43,7.2,7.2,12484610,HPG
2020-05-11 07:00:00,7.36,7.41,7.16,7.36,7220240,HPG
2020-05-12 07:00:00,7.27,7.35,7.2,7.27,10527620,HPG
2020-05-13 07:00:00,7.21,7.44,7.16,7.41,9608210,HPG
2020-05-14 07:00:00,7.32,7.41,7.29,7.36,6517150,HPG
2020-05-15 07:00:00,7.36,7.4,7.2,7.23,7931980,HPG
2020-05-18 07:00:00,7.52,7.72,7.38,7.72,13491620,HPG
2020-05-19 07:00:00,8.12,8.26,8.01,8.04,18842950,HPG
2020-05-20 07:00:00,8.0,8.18,7.89,8.13,11584470,HPG
2020-05-21 07:00:00,8.1,8.16,8.03,8.15,11213810,HPG
2020-05-22 07:00:00,8.1,8.44,8.07,8.38,16252810,HPG
2020-05-25 07:00:00,8.46,8.55,8.35,8.4,11168880,HPG
2020-05-26 07:00:00,8.41,8.73,8.4,8.73,11503490,HPG
2020-05-27 07:00:00,8.8,8.8,8.36,8.36,19779140,HPG
2020-05-28 07:00:00,8.46,8.49,8.27,8.36,14486370,HPG
2020-05-29 07:00:00,8.4,8.52,8.3,8.43,12580390,HPG
2020-06-01 07:00:00,8.55,8.55,8.44,8.5,8022890,HPG
2020-06-02 07:00:00,8.55,8.55,8.29,8.32,11489000,HPG
2020-06-03 07:00:00,8.32,8.36,8.18,8.29,12018120,HPG
2020-06-04 07:00:00,8.3,8.43,8.18,8.18,13488200,HPG
2020-06-05 07:00:00,8.15,8.4,8.06,8.32,13532060,HPG
2020-06-08 07:00:00,8.46,8.64,8.4,8.52,17144920,HPG
2020-06-09 07:00:00,8.6,8.61,8.29,8.33,18693450,HPG
2020-06-10 07:00:00,8.3,8.43,8.2,8.3,9871400,HPG
2020-06-11 07:00:00,8.26,8.35,7.84,7.84,22873160,HPG
2020-06-12 07:00:00,7.54,8.15,7.54,8.15,18881260,HPG
2020-06-15 07:00:00,8.09,8.15,7.8,7.81,11332840,HPG
2020-06-16 07:00:00,8.0,8.12,7.89,8.06,9024610,HPG
2020-06-17 07:00:00,8.06,8.13,7.96,8.07,7066110,HPG
2020-06-18 07:00:00,7.98,8.26,7.95,8.24,9055090,HPG
2020-06-19 07:00:00,8.3,8.41,8.3,8.41,10532760,HPG
2020-06-22 07:00:00,8.43,8.55,8.29,8.4,9729970,HPG
2020-06-23 07:00:00,8.4,8.52,8.23,8.3,11382760,HPG
2020-06-24 07:00:00,8.3,8.41,8.24,8.3,6516760,HPG
2020-06-25 07:00:00,8.21,8.55,8.16,8.4,24410040,HPG
2020-06-26 07:00:00,8.43,8.49,8.3,8.36,9363870,HPG
2020-06-29 07:00:00,8.27,8.3,8.07,8.2,12378070,HPG
2020-06-30 07:00:00,8.24,8.43,8.16,8.24,14826230,HPG
2020-07-01 07:00:00,8.3,8.46,8.27,8.43,10843030,HPG
2020-07-02 07:00:00,8.46,8.53,8.43,8.49,13000820,HPG
2020-07-03 07:00:00,8.52,8.53,8.43,8.46,8111500,HPG
2020-07-06 07:00:00,8.52,8.53,8.44,8.49,9764620,HPG
2020-07-07 07:00:00,8.53,8.89,8.52,8.72,28048770,HPG
2020-07-08 07:00:00,8.66,8.75,8.58,8.63,9155900,HPG
2020-07-09 07:00:00,8.64,8.7,8.6,8.66,7588480,HPG
2020-07-10 07:00:00,8.61,8.69,8.49,8.53,14457460,HPG
2020-07-13 07:00:00,8.47,8.56,8.38,8.5,14702360,HPG
2020-07-14 07:00:00,8.44,8.6,8.43,8.58,5757320,HPG
2020-07-15 07:00:00,8.67,8.73,8.63,8.63,6561150,HPG
2020-07-16 07:00:00,8.67,8.89,8.6,8.8,17916710,HPG
2020-07-17 07:00:00,8.83,8.84,8.78,8.78,6759400,HPG
2020-07-20 07:00:00,8.76,8.83,8.61,8.61,11602590,HPG
2020-07-21 07:00:00,8.64,8.69,8.55,8.64,11724470,HPG
2020-07-22 07:00:00,8.7,8.73,8.6,8.64,7461530,HPG
2020-07-23 07:00:00,8.64,8.67,8.52,8.67,10177170,HPG
2020-07-24 07:00:00,8.61,8.63,8.09,8.26,21288480,HPG
2020-07-27 07:00:00,8.01,8.35,7.93,7.98,18389440,HPG
2020-07-28 07:00:00,8.15,8.46,8.06,8.41,14119250,HPG
2020-07-29 07:00:00,8.37,8.56,7.94,8.17,18544880,HPG
2020-07-30 07:00:00,8.22,8.37,8.2,8.3,11357060,HPG
2020-07-31 07:00:00,8.05,8.28,8.05,8.15,7656240,HPG
2020-08-03 07:00:00,8.15,8.64,8.15,8.6,16896050,HPG
2020-08-04 07:00:00,8.71,8.75,8.56,8.64,11086090,HPG
2020-08-05 07:00:00,8.64,9.14,8.6,9.05,25912970,HPG
2020-08-06 07:00:00,9.05,9.16,8.94,9.03,13744810,HPG
2020-08-07 07:00:00,9.01,9.12,8.99,9.09,12162410,HPG
2020-08-10 07:00:00,9.18,9.29,9.12,9.12,14144220,HPG
2020-08-11 07:00:00,9.16,9.22,9.05,9.11,9675910,HPG
2020-08-12 07:00:00,9.12,9.2,9.05,9.12,8827420,HPG
2020-08-13 07:00:00,9.2,9.24,9.12,9.2,7562850,HPG
2020-08-14 07:00:00,9.2,9.24,8.97,9.05,15356070,HPG
2020-08-17 07:00:00,9.03,9.12,8.99,9.12,8428450,HPG
2020-08-18 07:00:00,9.16,9.16,9.05,9.07,5130610,HPG
2020-08-19 07:00:00,9.09,9.16,9.05,9.11,9266940,HPG
2020-08-20 07:00:00,9.11,9.14,9.01,9.05,9685120,HPG
2020-08-21 07:00:00,9.05,9.16,9.03,9.14,8930990,HPG
2020-08-24 07:00:00,9.2,9.37,9.16,9.31,13933710,HPG
2020-08-25 07:00:00,9.35,9.41,9.22,9.22,10722520,HPG
2020-08-26 07:00:00,9.2,9.22,9.09,9.09,16327190,HPG
2020-08-27 07:00:00,9.09,9.14,9.05,9.12,8801320,HPG
2020-08-28 07:00:00,9.2,9.2,9.11,9.12,11603550,HPG
2020-08-31 07:00:00,9.09,9.31,9.09,9.22,13334160,HPG
2020-09-01 07:00:00,9.22,9.37,9.18,9.31,16754410,HPG
2020-09-03 07:00:00,9.39,9.46,9.35,9.39,14553930,HPG
2020-09-04 07:00:00,9.26,9.43,9.26,9.37,18820560,HPG
2020-09-07 07:00:00,9.39,9.43,9.2,9.2,14336100,HPG
2020-09-08 07:00:00,9.24,9.28,9.18,9.26,12260110,HPG
2020-09-09 07:00:00,9.16,9.37,9.14,9.2,19632380,HPG
2020-09-10 07:00:00,9.28,9.33,9.2,9.22,12106250,HPG
2020-09-11 07:00:00,9.22,9.26,9.18,9.18,11672440,HPG
2020-09-14 07:00:00,9.2,9.29,9.2,9.24,12723310,HPG
2020-09-15 07:00:00,9.29,9.37,9.26,9.28,8859250,HPG
2020-09-16 07:00:00,9.29,9.31,9.24,9.28,6887240,HPG
2020-09-17 07:00:00,9.29,9.57,9.28,9.54,26759480,HPG
2020-09-18 07:00:00,9.59,9.65,9.57,9.65,12475700,HPG
2020-09-21 07:00:00,9.72,9.74,9.61,9.65,11631470,HPG
2020-09-22 07:00:00,9.57,9.65,9.54,9.59,15285880,HPG
2020-09-23 07:00:00,9.63,9.72,9.59,9.69,12589480,HPG
2020-09-24 07:00:00,9.65,9.72,9.57,9.63,12435190,HPG
2020-09-25 07:00:00,9.69,9.69,9.57,9.67,10094210,HPG
2020-09-28 07:00:00,9.69,9.91,9.65,9.91,17573130,HPG
2020-09-29 07:00:00,9.93,10.06,9.89,9.89,18456820,HPG
2020-09-30 07:00:00,9.89,9.97,9.8,9.91,12985480,HPG
2020-10-01 07:00:00,9.99,10.21,9.95,10.14,17161730,HPG
2020-10-02 07:00:00,10.16,10.23,9.76,10.03,20213120,HPG
2020-10-05 07:00:00,10.08,10.29,10.08,10.27,12791350,HPG
2020-10-06 07:00:00,10.31,10.61,10.21,10.61,23609700,HPG
2020-10-07 07:00:00,10.55,10.63,10.44,10.44,14752610,HPG
2020-10-08 07:00:00,10.51,10.55,10.4,10.55,18239670,HPG
2020-10-09 07:00:00,10.59,10.78,10.51,10.7,9464850,HPG
2020-10-12 07:00:00,10.76,10.8,10.53,10.61,12258740,HPG
2020-10-13 07:00:00,10.59,10.61,10.48,10.51,10665790,HPG
2020-10-14 07:00:00,10.5,10.64,10.44,10.64,14240330,HPG
2020-10-15 07:00:00,11.26,11.26,10.91,10.91,30525160,HPG
2020-10-16 07:00:00,10.96,11.08,10.87,10.93,17319070,HPG
2020-10-19 07:00:00,10.95,10.98,10.83,10.85,10939140,HPG
2020-10-20 07:00:00,10.8,11.02,10.78,11.02,13319200,HPG
2020-10-21 07:00:00,11.06,11.12,10.89,10.93,10669590,HPG
2020-10-22 07:00:00,10.89,11.12,10.85,11.12,13072020,HPG
2020-10-23 07:00:00,11.19,11.6,11.13,11.6,29534980,HPG
2020-10-26 07:00:00,11.64,12.02,11.53,11.56,20357350,HPG
2020-10-27 07:00:00,11.49,11.9,11.47,11.79,25281540,HPG
2020-10-28 07:00:00,11.7,11.88,11.34,11.42,25663180,HPG
2020-10-29 07:00:00,11.25,11.55,11.25,11.49,20778840,HPG
2020-10-30 07:00:00,11.56,11.6,11.23,11.47,19039190,HPG
2020-11-02 07:00:00,11.47,11.53,11.4,11.49,10385290,HPG
2020-11-03 07:00:00,11.64,11.75,11.47,11.53,17521020,HPG
2020-11-04 07:00:00,11.53,11.64,11.4,11.51,18293400,HPG
2020-11-05 07:00:00,11.51,11.55,11.36,11.36,11598310,HPG
2020-11-06 07:00:00,11.38,11.53,11.34,11.42,13410500,HPG
2020-11-09 07:00:00,11.56,11.83,11.53,11.83,18314360,HPG
2020-11-10 07:00:00,12.05,12.09,11.75,11.75,20645160,HPG
2020-11-11 07:00:00,11.75,11.87,11.7,11.75,14564290,HPG
2020-11-12 07:00:00,11.75,11.83,11.73,11.81,9803730,HPG
2020-11-13 07:00:00,11.83,12.0,11.81,12.0,12161630,HPG
2020-11-16 07:00:00,12.13,12.3,11.98,12.11,25538500,HPG
2020-11-17 07:00:00,12.2,12.52,12.17,12.52,16228900,HPG
2020-11-18 07:00:00,12.62,12.99,12.52,12.99,22115200,HPG
2020-11-19 07:00:00,13.03,13.33,12.94,13.22,26533130,HPG
2020-11-20 07:00:00,13.26,13.4,13.12,13.4,18141040,HPG
2020-11-23 07:00:00,13.4,14.21,13.33,14.08,23681540,HPG
2020-11-24 07:00:00,14.18,14.46,13.63,14.08,48936510,HPG
2020-11-25 07:00:00,13.82,13.86,13.22,13.37,55697460,HPG
2020-11-26 07:00:00,13.18,13.29,12.88,13.18,33163400,HPG
2020-11-27 07:00:00,13.14,13.67,13.14,13.61,16027210,HPG
2020-11-30 07:00:00,13.61,13.67,13.33,13.33,17459270,HPG
2020-12-01 07:00:00,13.1,13.37,12.97,13.37,21802760,HPG
2020-12-02 07:00:00,13.37,13.39,13.18,13.26,14643640,HPG
2020-12-03 07:00:00,13.35,13.84,13.26,13.84,22511210,HPG
2020-12-04 07:00:00,13.91,13.99,13.78,13.87,17767110,HPG
2020-12-07 07:00:00,13.91,14.42,13.84,14.34,24400300,HPG
2020-12-08 07:00:00,14.34,14.57,14.27,14.42,20333880,HPG
2020-12-09 07:00:00,14.46,14.49,14.31,14.46,15264400,HPG
2020-12-10 07:00:00,14.46,14.49,13.97,14.12,30402770,HPG
2020-12-11 07:00:00,14.27,14.57,14.16,14.57,16641080,HPG
2020-12-14 07:00:00,14.79,14.83,14.62,14.74,14483540,HPG
2020-12-15 07:00:00,14.66,14.7,14.46,14.49,19581910,HPG
2020-12-16 07:00:00,14.57,14.78,14.46,14.57,17322370,HPG
2020-12-17 07:00:00,14.42,14.51,14.14,14.14,30645570,HPG
2020-12-18 07:00:00,14.31,14.55,14.23,14.49,19956910,HPG
2020-12-21 07:00:00,14.64,14.66,14.4,14.48,15789770,HPG
2020-12-22 07:00:00,14.48,14.81,14.38,14.78,26050910,HPG
2020-12-23 07:00:00,14.81,15.47,14.79,15.02,28097610,HPG
2020-12-24 07:00:00,15.24,15.32,14.49,15.0,18507480,HPG
2020-12-25 07:00:00,15.02,15.34,14.83,15.3,22667520,HPG
2020-12-28 07:00:00,15.7,15.75,15.4,15.6,21024800,HPG
2020-12-29 07:00:00,15.49,15.71,15.41,15.62,13443950,HPG
2020-12-30 07:00:00,15.62,15.62,15.3,15.36,21907500,HPG
2020-12-31 07:00:00,15.36,15.68,15.28,15.56,11867640,HPG
2021-01-04 07:00:00,15.77,16.15,15.64,15.88,15832600,HPG
2021-01-05 07:00:00,15.7,16.07,15.66,15.9,18634100,HPG
2021-01-06 07:00:00,15.96,16.26,15.88,16.07,17948600,HPG
2021-01-07 07:00:00,16.2,16.22,15.86,16.07,21780700,HPG
2021-01-08 07:00:00,16.11,16.26,16.0,16.05,19978500,HPG
2021-01-11 07:00:00,16.18,16.26,16.0,16.16,16645100,HPG
2021-01-12 07:00:00,16.22,16.86,16.11,16.86,22738800,HPG
2021-01-13 07:00:00,16.97,17.07,16.67,16.78,16131800,HPG
2021-01-14 07:00:00,16.78,16.78,16.46,16.69,17527000,HPG
2021-01-15 07:00:00,16.63,16.92,16.63,16.71,14788300,HPG
2021-01-18 07:00:00,16.71,16.84,16.61,16.75,18112900,HPG
2021-01-19 07:00:00,16.75,16.75,15.58,15.62,25778200,HPG
2021-01-20 07:00:00,15.77,16.13,15.02,15.66,37915600,HPG
2021-01-21 07:00:00,16.09,16.6,15.7,16.6,20829700,HPG
2021-01-22 07:00:00,16.63,16.78,16.35,16.39,14798600,HPG
2021-01-25 07:00:00,16.24,17.07,16.18,16.41,33091200,HPG
2021-01-26 07:00:00,16.37,16.37,15.62,15.88,24099500,HPG
2021-01-27 07:00:00,15.54,15.92,14.83,15.13,28056100,HPG
2021-01-28 07:00:00,14.12,14.66,14.08,14.08,49934800,HPG
2021-01-29 07:00:00,13.89,15.0,13.89,14.7,40248000,HPG
2021-02-01 07:00:00,14.64,14.96,14.34,14.4,21323900,HPG
2021-02-02 07:00:00,14.46,15.21,14.36,15.21,28541100,HPG
2021-02-03 07:00:00,15.47,15.9,15.4,15.77,34839600,HPG
2021-02-04 07:00:00,15.77,15.85,15.6,15.7,22252900,HPG
2021-02-05 07:00:00,15.75,16.03,15.66,15.96,23371200,HPG
2021-02-08 07:00:00,15.96,16.0,15.02,15.36,32918400,HPG
2021-02-09 07:00:00,15.36,15.73,15.19,15.7,26164800,HPG
2021-02-17 07:00:00,15.94,16.32,15.88,16.32,24253200,HPG
2021-02-18 07:00:00,16.3,16.52,16.13,16.46,21343800,HPG
2021-02-19 07:00:00,16.26,16.48,16.18,16.32,17007500,HPG
2021-02-22 07:00:00,16.32,16.67,16.15,16.3,21362500,HPG
2021-02-23 07:00:00,16.22,16.43,16.13,16.26,17921700,HPG
2021-02-24 07:00:00,16.39,16.67,16.26,16.37,27282600,HPG
2021-02-25 07:00:00,16.52,16.67,16.39,16.58,21931700,HPG
2021-02-26 07:00:00,16.41,17.16,16.37,17.12,40928500,HPG
2021-03-01 07:00:00,17.37,17.39,17.2,17.35,21998200,HPG
2021-03-02 07:00:00,17.57,17.69,17.35,17.54,23670800,HPG
2021-03-03 07:00:00,17.48,17.67,17.46,17.57,22262900,HPG
2021-03-04 07:00:00,17.61,17.61,16.9,17.24,27962100,HPG
2021-03-05 07:00:00,17.14,17.31,16.93,17.27,21396800,HPG
2021-03-08 07:00:00,17.5,17.61,17.27,17.39,17777700,HPG
2021-03-09 07:00:00,17.27,17.35,16.92,17.22,16289800,HPG
2021-03-10 07:00:00,17.22,17.22,16.95,17.12,15772500,HPG
2021-03-11 07:00:00,17.24,17.52,17.2,17.42,15569400,HPG
2021-03-12 07:00:00,17.5,17.5,17.35,17.44,12153700,HPG
2021-03-15 07:00:00,17.5,17.61,17.42,17.46,11905100,HPG
2021-03-16 07:00:00,17.5,17.5,17.2,17.31,14097300,HPG
2021-03-17 07:00:00,17.33,17.44,17.29,17.39,12191800,HPG
2021-03-18 07:00:00,17.54,17.55,17.4,17.5,11166600,HPG
2021-03-19 07:00:00,17.5,17.82,17.5,17.7,18392100,HPG
2021-03-22 07:00:00,17.76,17.82,17.54,17.55,11047900,HPG
2021-03-23 07:00:00,17.52,17.69,17.42,17.5,12487200,HPG
2021-03-24 07:00:00,17.29,17.4,16.93,17.07,23653500,HPG
2021-03-25 07:00:00,17.16,17.18,16.82,16.9,19929000,HPG
2021-03-26 07:00:00,17.08,17.35,16.92,17.35,28109800,HPG
2021-03-29 07:00:00,17.46,17.5,17.33,17.39,13251900,HPG
2021-03-30 07:00:00,17.46,17.55,17.31,17.44,13333800,HPG
2021-03-31 07:00:00,17.44,17.78,17.4,17.57,16323700,HPG
2021-04-01 07:00:00,17.65,18.21,17.63,18.21,27681900,HPG
2021-04-02 07:00:00,18.32,18.51,18.25,18.42,16678500,HPG
2021-04-05 07:00:00,18.59,18.62,18.38,18.51,15377800,HPG
2021-04-06 07:00:00,18.51,18.61,18.44,18.55,14033300,HPG
2021-04-07 07:00:00,18.55,18.62,18.36,18.57,14407800,HPG
2021-04-08 07:00:00,18.59,18.62,18.4,18.53,11970000,HPG
2021-04-09 07:00:00,18.51,18.74,18.42,18.61,15623400,HPG
2021-04-12 07:00:00,18.74,19.34,18.68,19.23,27010400,HPG
2021-04-13 07:00:00,19.34,19.34,18.81,18.81,26956900,HPG
2021-04-14 07:00:00,18.81,20.01,18.74,19.9,28753300,HPG
2021-04-15 07:00:00,20.09,20.54,19.71,20.46,32078100,HPG
2021-04-16 07:00:00,20.31,20.92,20.09,20.5,28433700,HPG
2021-04-19 07:00:00,20.73,21.7,20.54,21.7,34808100,HPG
2021-04-20 07:00:00,21.78,22.0,21.03,21.48,37829300,HPG
2021-04-22 07:00:00,21.22,21.74,20.65,20.65,33049800,HPG
2021-04-23 07:00:00,20.84,21.18,20.58,21.18,28493500,HPG
2021-04-26 07:00:00,21.22,21.25,20.65,20.69,25156400,HPG
2021-04-27 07:00:00,20.69,21.18,20.43,21.14,21294400,HPG
2021-04-28 07:00:00,21.14,21.22,20.84,21.03,15619100,HPG
2021-04-29 07:00:00,21.22,22.04,21.18,21.82,27877700,HPG
2021-05-04 07:00:00,21.52,22.68,21.4,22.45,32996000,HPG
2021-05-05 07:00:00,22.53,22.64,22.27,22.27,24468200,HPG
2021-05-06 07:00:00,22.27,22.64,22.08,22.3,21609700,HPG
2021-05-07 07:00:00,22.23,23.09,22.19,22.83,29552700,HPG
2021-05-10 07:00:00,22.83,23.77,22.83,23.66,28160100,HPG
2021-05-11 07:00:00,23.77,23.77,23.28,23.28,29565200,HPG
2021-05-12 07:00:00,23.13,23.54,23.02,23.54,29316300,HPG
2021-05-13 07:00:00,23.43,23.66,23.09,23.09,24654400,HPG
2021-05-14 07:00:00,23.28,23.47,22.9,23.06,31815400,HPG
2021-05-17 07:00:00,23.06,23.43,22.76,23.24,34004200,HPG
2021-05-18 07:00:00,23.47,23.92,23.47,23.81,39146300,HPG
2021-05-19 07:00:00,24.03,25.04,23.84,24.82,28407500,HPG
2021-05-20 07:00:00,24.86,25.04,24.6,25.01,21552100,HPG
2021-05-21 07:00:00,24.82,24.93,24.56,24.63,22951900,HPG
2021-05-24 07:00:00,24.63,24.82,24.41,24.56,23592200,HPG
2021-05-25 07:00:00,24.52,25.46,24.48,25.31,22689000,HPG
2021-05-26 07:00:00,25.31,25.46,25.23,25.46,15485000,HPG
2021-05-27 07:00:00,25.42,25.46,24.86,25.08,19165200,HPG
2021-05-28 07:00:00,25.2,25.27,24.86,25.2,30138100,HPG
2021-05-31 07:00:00,26.93,26.93,26.47,26.93,60309100,HPG
2021-06-01 07:00:00,27.9,28.77,27.6,28.36,33413400,HPG
2021-06-02 07:00:00,28.11,28.36,27.09,27.6,40000100,HPG
2021-06-03 07:00:00,27.6,27.9,27.09,27.75,36969900,HPG
2021-06-04 07:00:00,27.85,28.26,27.75,27.85,31679400,HPG
2021-06-07 07:00:00,27.9,28.11,26.58,26.93,34653300,HPG
2021-06-08 07:00:00,26.73,27.04,25.55,25.55,38486300,HPG
2021-06-09 07:00:00,25.5,26.27,25.04,25.71,40956800,HPG
2021-06-10 07:00:00,25.66,26.88,25.55,26.37,29312900,HPG
2021-06-11 07:00:00,26.63,27.19,26.37,27.14,29030300,HPG
2021-06-14 07:00:00,27.34,27.75,26.98,27.39,28587500,HPG
2021-06-15 07:00:00,27.09,27.39,26.93,27.19,21707700,HPG
2021-06-16 07:00:00,26.98,27.09,26.32,26.47,28929200,HPG
2021-06-17 07:00:00,26.01,26.52,26.01,26.27,20215900,HPG
2021-06-18 07:00:00,26.52,27.24,26.27,26.63,28992700,HPG
2021-06-21 07:00:00,26.58,26.83,26.17,26.17,22610800,HPG
2021-06-22 07:00:00,26.32,26.78,26.17,26.42,18459100,HPG
2021-06-23 07:00:00,26.37,26.52,26.12,26.27,18559200,HPG
2021-06-24 07:00:00,26.27,26.42,25.81,25.86,19985600,HPG
2021-06-25 07:00:00,25.91,26.17,25.45,25.91,26191200,HPG
2021-06-28 07:00:00,26.22,26.83,25.96,26.78,39158500,HPG
2021-06-29 07:00:00,26.83,26.88,26.42,26.47,19830300,HPG
2021-06-30 07:00:00,26.52,26.68,26.27,26.32,18899100,HPG
2021-07-01 07:00:00,26.42,27.04,26.37,26.98,39670000,HPG
2021-07-02 07:00:00,27.09,27.29,26.68,26.73,30058700,HPG
2021-07-05 07:00:00,26.73,26.73,25.96,26.17,37065500,HPG
2021-07-06 07:00:00,26.12,26.68,24.53,24.53,39626500,HPG
2021-07-07 07:00:00,25.04,25.5,24.45,25.5,40552700,HPG
2021-07-08 07:00:00,25.5,25.6,24.84,25.04,30632700,HPG
2021-07-09 07:00:00,24.79,25.09,23.51,24.17,46892600,HPG
2021-07-12 07:00:00,23.87,23.97,22.49,22.97,75500300,HPG
2021-07-13 07:00:00,23.25,23.51,22.77,23.25,25498600,HPG
2021-07-14 07:00:00,23.46,23.51,22.67,23.0,27431000,HPG
2021-07-15 07:00:00,22.79,23.94,22.79,23.76,28546500,HPG
2021-07-16 07:00:00,23.87,24.25,23.76,23.89,22253900,HPG
2021-07-19 07:00:00,23.33,23.46,22.49,22.64,39426100,HPG
2021-07-20 07:00:00,23.0,24.17,22.72,24.17,40965600,HPG
2021-07-21 07:00:00,24.28,24.43,23.82,23.89,21335700,HPG
2021-07-22 07:00:00,23.87,24.38,23.66,24.12,21494600,HPG
2021-07-23 07:00:00,23.92,24.02,23.41,23.41,28904400,HPG
2021-07-26 07:00:00,23.25,23.56,22.82,23.3,23485200,HPG
2021-07-27 07:00:00,23.51,23.92,23.36,23.61,18206300,HPG
2021-07-28 07:00:00,23.66,24.07,23.61,23.87,21215200,HPG
2021-07-29 07:00:00,23.99,24.38,23.92,24.07,32783300,HPG
2021-07-30 07:00:00,24.07,24.33,24.07,24.17,23016300,HPG
2021-08-02 07:00:00,24.07,24.48,23.97,24.15,24207000,HPG
2021-08-03 07:00:00,24.17,24.35,23.89,24.15,28297300,HPG
2021-08-04 07:00:00,24.3,24.53,24.15,24.28,24329100,HPG
2021-08-05 07:00:00,24.25,25.04,24.2,24.94,29704100,HPG
2021-08-06 07:00:00,24.84,25.09,24.68,24.74,20101800,HPG
2021-08-09 07:00:00,24.58,25.4,24.51,25.4,30419600,HPG
2021-08-10 07:00:00,25.6,25.81,25.09,25.25,23318400,HPG
2021-08-11 07:00:00,25.45,25.45,25.02,25.02,21895900,HPG
2021-08-12 07:00:00,24.99,25.04,24.74,24.74,21547600,HPG
2021-08-13 07:00:00,24.74,24.89,24.38,24.86,25809500,HPG
2021-08-16 07:00:00,25.04,25.3,25.02,25.27,22222700,HPG
2021-08-17 07:00:00,25.37,26.01,25.35,25.76,45483400,HPG
2021-08-18 07:00:00,25.81,26.01,25.5,25.76,20163600,HPG
2021-08-19 07:00:00,25.86,26.22,25.76,26.01,27506300,HPG
2021-08-20 07:00:00,25.96,26.06,24.63,25.04,49333500,HPG
2021-08-23 07:00:00,25.04,25.04,24.28,24.28,32825800,HPG
2021-08-24 07:00:00,24.33,24.66,24.28,24.4,21929400,HPG
2021-08-25 07:00:00,24.51,24.79,24.22,24.74,16402800,HPG
2021-08-26 07:00:00,24.84,24.84,24.3,24.38,13857800,HPG
2021-08-27 07:00:00,24.28,24.45,23.89,24.33,24491000,HPG
2021-08-30 07:00:00,24.53,24.91,24.35,24.89,17004600,HPG
2021-08-31 07:00:00,25.04,25.4,24.94,25.2,25872600,HPG
2021-09-01 07:00:00,25.04,25.32,24.99,25.14,15066500,HPG
2021-09-06 07:00:00,25.3,26.27,25.25,26.17,48098900,HPG
2021-09-07 07:00:00,26.37,26.58,25.86,25.91,31246800,HPG
2021-09-08 07:00:00,25.91,26.52,25.76,26.22,33040000,HPG
2021-09-09 07:00:00,26.37,26.78,26.32,26.52,36718200,HPG
2021-09-10 07:00:00,26.58,26.68,26.27,26.32,17217900,HPG
2021-09-13 07:00:00,26.32,26.32,25.91,25.96,27227400,HPG
2021-09-14 07:00:00,25.96,26.06,25.66,25.71,22432900,HPG
2021-09-15 07:00:00,25.6,26.58,25.5,26.37,25908900,HPG
2021-09-16 07:00:00,26.58,26.73,26.22,26.22,17982000,HPG
2021-09-17 07:00:00,26.27,26.58,26.22,26.47,24548600,HPG
2021-09-20 07:00:00,26.78,26.78,26.01,26.22,32328300,HPG
2021-09-21 07:00:00,25.86,26.17,25.66,25.96,28847000,HPG
2021-09-22 07:00:00,25.96,26.12,25.86,26.01,13143800,HPG
2021-09-23 07:00:00,26.22,26.52,26.01,26.06,17773400,HPG
2021-09-24 07:00:00,26.06,26.42,25.91,25.96,15884400,HPG
2021-09-27 07:00:00,26.27,26.58,25.96,25.96,28469400,HPG
2021-09-28 07:00:00,25.86,26.93,25.86,26.88,35611100,HPG
2021-09-29 07:00:00,26.93,27.39,26.88,27.24,34898800,HPG
2021-09-30 07:00:00,27.44,27.44,26.98,27.04,23148500,HPG
2021-10-01 07:00:00,27.04,27.44,26.93,27.29,30478300,HPG
2021-10-04 07:00:00,27.55,28.57,27.55,28.36,45357500,HPG
2021-10-05 07:00:00,28.36,28.57,28.16,28.26,26571500,HPG
2021-10-06 07:00:00,28.52,28.77,28.31,28.67,26766100,HPG
2021-10-07 07:00:00,28.82,28.98,28.36,28.42,26772300,HPG
2021-10-08 07:00:00,28.52,28.72,28.21,28.47,21693600,HPG
2021-10-11 07:00:00,28.67,29.28,28.47,29.23,25548600,HPG
2021-10-12 07:00:00,29.28,29.44,29.03,29.13,18107600,HPG
2021-10-13 07:00:00,29.13,29.34,28.88,29.03,15582700,HPG
2021-10-14 07:00:00,29.03,29.34,28.98,29.03,19279700,HPG
2021-10-15 07:00:00,29.28,29.49,29.13,29.28,18520000,HPG
2021-10-18 07:00:00,29.44,29.85,29.39,29.59,20737100,HPG
2021-10-19 07:00:00,29.44,29.64,29.18,29.23,23720900,HPG
2021-10-20 07:00:00,29.34,29.39,28.52,29.08,34660900,HPG
2021-10-21 07:00:00,29.23,29.74,28.93,29.23,39192300,HPG
2021-10-22 07:00:00,29.34,29.54,28.98,28.98,19849100,HPG
2021-10-25 07:00:00,28.88,28.98,28.16,28.16,41605900,HPG
2021-10-26 07:00:00,28.01,28.77,27.7,28.77,27910500,HPG
2021-10-27 07:00:00,28.77,29.59,28.77,29.59,28938100,HPG
2021-10-28 07:00:00,29.59,29.74,29.28,29.64,21923800,HPG
2021-10-29 07:00:00,29.64,29.69,29.18,29.18,23878000,HPG
2021-11-01 07:00:00,29.18,29.18,28.47,28.47,45218500,HPG
2021-11-02 07:00:00,28.36,28.82,28.21,28.36,25669500,HPG
2021-11-03 07:00:00,28.72,28.77,28.26,28.42,29867100,HPG
2021-11-04 07:00:00,28.42,29.08,28.42,28.77,14849100,HPG
2021-11-05 07:00:00,28.77,29.13,28.47,28.93,19377600,HPG
2021-11-08 07:00:00,29.08,29.13,28.72,29.03,21255400,HPG
2021-11-09 07:00:00,29.03,29.44,28.82,28.88,24717300,HPG
2021-11-10 07:00:00,28.88,28.93,28.21,28.26,43376600,HPG
2021-11-11 07:00:00,28.11,28.26,27.39,27.6,54292800,HPG
2021-11-12 07:00:00,27.55,28.01,27.5,27.9,20846900,HPG
2021-11-15 07:00:00,27.85,27.9,27.24,27.39,30647000,HPG
2021-11-16 07:00:00,27.24,27.39,26.58,26.58,39777000,HPG
2021-11-17 07:00:00,26.58,26.88,26.27,26.27,30002700,HPG
2021-11-18 07:00:00,26.27,26.27,25.35,25.53,58606300,HPG
2021-11-19 07:00:00,25.35,25.4,24.48,24.53,48471400,HPG
2021-11-22 07:00:00,24.63,25.14,24.53,24.86,22630400,HPG
2021-11-23 07:00:00,24.99,25.45,24.84,25.32,15649600,HPG
2021-11-24 07:00:00,25.3,25.4,24.79,24.86,27126800,HPG
2021-11-25 07:00:00,24.89,25.22,24.89,25.17,21763400,HPG
2021-11-26 07:00:00,25.2,25.53,25.04,25.07,26729700,HPG
2021-11-29 07:00:00,24.63,24.99,24.63,24.74,21801500,HPG
2021-11-30 07:00:00,25.02,25.53,24.79,25.02,22176200,HPG
2021-12-01 07:00:00,25.3,25.3,24.99,25.04,13823900,HPG
2021-12-02 07:00:00,25.14,25.17,24.84,24.84,12832300,HPG
2021-12-03 07:00:00,24.94,25.12,24.38,24.38,21682500,HPG
2021-12-06 07:00:00,24.28,24.51,23.25,23.38,34633900,HPG
2021-12-07 07:00:00,23.74,24.33,23.51,24.33,21935200,HPG
2021-12-08 07:00:00,24.48,24.48,24.05,24.12,11108800,HPG
2021-12-09 07:00:00,23.97,24.17,23.92,24.07,10320400,HPG
2021-12-10 07:00:00,24.05,24.12,23.71,23.76,19427400,HPG
2021-12-13 07:00:00,23.79,24.1,23.66,23.79,14309600,HPG
2021-12-14 07:00:00,23.79,25.09,23.61,24.38,35676800,HPG
2021-12-15 07:00:00,24.53,24.84,24.38,24.43,9045500,HPG
2021-12-16 07:00:00,24.58,24.58,24.17,24.28,11030000,HPG
2021-12-17 07:00:00,24.2,24.3,23.82,23.87,22015600,HPG
2021-12-20 07:00:00,23.87,24.2,23.76,23.97,9986400,HPG
2021-12-21 07:00:00,23.97,23.99,23.56,23.56,17094400,HPG
2021-12-22 07:00:00,23.66,23.76,23.05,23.05,24665900,HPG
2021-12-23 07:00:00,23.05,23.05,22.54,22.97,26674000,HPG
2021-12-24 07:00:00,23.15,23.84,23.13,23.53,19168600,HPG
2021-12-27 07:00:00,23.79,23.82,23.28,23.46,10675000,HPG
2021-12-28 07:00:00,23.46,23.87,23.3,23.41,12356700,HPG
2021-12-29 07:00:00,23.41,23.66,23.25,23.41,15118200,HPG
2021-12-30 07:00:00,23.66,23.66,23.36,23.36,10285000,HPG
2021-12-31 07:00:00,23.51,23.84,23.43,23.71,13781200,HPG
2022-01-04 07:00:00,23.92,24.12,23.82,23.89,20100700,HPG
2022-01-05 07:00:00,23.97,24.2,23.92,23.92,18760700,HPG
2022-01-06 07:00:00,23.76,23.87,23.56,23.56,17172700,HPG
2022-01-07 07:00:00,23.56,23.61,23.33,23.41,16335300,HPG
2022-01-10 07:00:00,23.43,23.84,23.25,23.33,17477500,HPG
2022-01-11 07:00:00,23.53,23.53,23.05,23.05,12758500,HPG
2022-01-12 07:00:00,23.1,23.64,23.08,23.61,14686700,HPG
2022-01-13 07:00:00,23.66,24.17,23.61,23.87,24990100,HPG
2022-01-14 07:00:00,23.76,23.94,23.61,23.64,7902000,HPG
2022-01-17 07:00:00,23.64,23.76,22.84,22.84,21661200,HPG
2022-01-18 07:00:00,22.74,23.13,21.98,22.49,21441900,HPG
2022-01-19 07:00:00,22.69,22.77,22.21,22.23,17705400,HPG
2022-01-20 07:00:00,22.38,22.59,22.13,22.49,14665400,HPG
2022-01-21 07:00:00,22.49,22.72,22.03,22.13,16277300,HPG
2022-01-24 07:00:00,22.03,22.08,20.8,20.8,29425200,HPG
2022-01-25 07:00:00,20.7,22.13,20.54,22.1,17887600,HPG
2022-01-26 07:00:00,22.23,22.72,22.21,22.21,15205400,HPG
2022-01-27 07:00:00,22.08,22.23,21.46,21.54,14700800,HPG
2022-01-28 07:00:00,21.59,21.87,21.31,21.57,14941600,HPG
2022-02-07 07:00:00,21.87,22.33,21.36,22.0,16609600,HPG
2022-02-08 07:00:00,21.98,23.28,21.98,23.28,26528800,HPG
2022-02-09 07:00:00,23.41,24.68,23.36,24.17,40297200,HPG
2022-02-10 07:00:00,24.22,24.48,23.87,24.02,23598200,HPG
2022-02-11 07:00:00,23.82,24.28,23.66,24.1,17343300,HPG
2022-02-14 07:00:00,23.76,24.28,23.59,23.61,18246700,HPG
2022-02-15 07:00:00,23.61,23.79,23.2,23.51,15564400,HPG
2022-02-16 07:00:00,23.56,23.76,23.3,23.51,9350300,HPG
2022-02-17 07:00:00,23.51,23.89,23.51,23.76,11353300,HPG
2022-02-18 07:00:00,23.61,24.35,23.53,24.05,21375700,HPG
2022-02-21 07:00:00,24.07,24.28,23.79,23.84,12177300,HPG
2022-02-22 07:00:00,23.66,23.82,23.36,23.71,17669600,HPG
2022-02-23 07:00:00,23.84,24.12,23.64,23.87,12981100,HPG
2022-02-24 07:00:00,23.89,23.94,23.05,23.51,22445800,HPG
2022-02-25 07:00:00,23.56,23.69,23.46,23.46,12775700,HPG
2022-02-28 07:00:00,23.53,24.43,23.53,24.12,35200100,HPG
2022-03-01 07:00:00,24.38,24.58,23.94,23.97,23374000,HPG
2022-03-02 07:00:00,24.02,24.2,23.82,23.97,19896100,HPG
2022-03-03 07:00:00,24.33,25.6,24.17,25.6,76236800,HPG
2022-03-04 07:00:00,26.06,26.22,25.45,25.45,33378900,HPG
2022-03-07 07:00:00,25.66,26.83,25.55,26.12,38456100,HPG
2022-03-08 07:00:00,25.86,26.17,25.27,25.27,40509400,HPG
2022-03-09 07:00:00,25.55,25.71,24.96,25.48,34775200,HPG
2022-03-10 07:00:00,25.55,25.6,25.09,25.12,26828300,HPG
2022-03-11 07:00:00,25.14,25.2,23.94,24.33,44340200,HPG
2022-03-14 07:00:00,24.17,24.63,23.41,23.41,33845300,HPG
2022-03-15 07:00:00,23.48,23.87,23.23,23.59,20864200,HPG
2022-03-16 07:00:00,23.97,24.1,23.61,23.61,11418800,HPG
2022-03-17 07:00:00,23.82,23.87,23.46,23.48,14957700,HPG
2022-03-18 07:00:00,23.61,23.94,23.53,23.76,17727600,HPG
2022-03-21 07:00:00,23.87,24.12,23.71,23.94,19313200,HPG
2022-03-22 07:00:00,23.97,23.99,23.66,23.97,22965400,HPG
2022-03-23 07:00:00,24.12,24.25,23.92,23.92,17291200,HPG
2022-03-24 07:00:00,24.02,24.02,23.69,23.71,14927500,HPG
2022-03-25 07:00:00,23.79,23.99,23.61,23.71,13444600,HPG
2022-03-28 07:00:00,23.56,23.94,23.41,23.46,19505200,HPG
2022-03-29 07:00:00,23.61,23.64,23.41,23.43,12986000,HPG
2022-03-30 07:00:00,23.41,23.71,23.2,23.25,15726700,HPG
2022-03-31 07:00:00,23.33,23.48,22.9,23.05,18892300,HPG
2022-04-01 07:00:00,23.0,23.51,22.74,23.36,19701900,HPG
2022-04-04 07:00:00,23.51,23.66,23.38,23.43,12156300,HPG
2022-04-05 07:00:00,23.51,23.71,23.48,23.56,12124200,HPG
2022-04-06 07:00:00,23.51,24.51,23.51,24.15,29707400,HPG
2022-04-07 07:00:00,24.28,24.33,23.79,23.79,14512900,HPG
2022-04-08 07:00:00,23.89,24.05,23.69,23.71,13738800,HPG
2022-04-12 07:00:00,23.76,23.76,23.02,23.05,18233500,HPG
2022-04-13 07:00:00,23.15,23.23,22.84,23.1,12712600,HPG
2022-04-14 07:00:00,23.15,23.28,22.95,22.95,12038800,HPG
2022-04-15 07:00:00,23.0,23.0,22.56,22.59,18378500,HPG
2022-04-18 07:00:00,22.51,22.77,21.8,21.8,23186000,HPG
2022-04-19 07:00:00,21.98,22.44,21.92,22.13,19054800,HPG
2022-04-20 07:00:00,22.23,22.49,22.03,22.08,13236800,HPG
2022-04-21 07:00:00,21.98,22.54,21.52,22.16,17812100,HPG
2022-04-22 07:00:00,22.49,22.51,21.64,22.38,12698000,HPG
2022-04-25 07:00:00,22.38,22.38,20.83,20.83,29055100,HPG
2022-04-26 07:00:00,20.52,21.16,20.24,21.06,23280100,HPG
2022-04-27 07:00:00,21.06,21.92,21.0,21.72,18780400,HPG
2022-04-28 07:00:00,21.72,22.21,21.72,22.03,13611800,HPG
2022-04-29 07:00:00,21.92,22.18,21.9,22.13,12347800,HPG
2022-05-04 07:00:00,22.13,22.13,21.46,21.46,14901300,HPG
2022-05-05 07:00:00,21.77,21.77,21.21,21.49,13817300,HPG
2022-05-06 07:00:00,21.16,21.98,21.16,21.36,15010600,HPG
2022-05-09 07:00:00,21.21,21.41,20.42,20.42,26283600,HPG
2022-05-10 07:00:00,20.19,21.0,19.78,21.0,19440000,HPG
2022-05-11 07:00:00,20.95,21.11,20.72,20.78,9559800,HPG
2022-05-12 07:00:00,20.75,20.78,19.55,19.55,25252600,HPG
2022-05-13 07:00:00,19.5,19.7,18.27,18.35,42997700,HPG
2022-05-16 07:00:00,18.93,19.16,18.55,18.55,29389700,HPG
2022-05-17 07:00:00,18.5,19.52,18.4,19.52,23415100,HPG
2022-05-18 07:00:00,19.62,19.78,19.34,19.52,16073200,HPG
2022-05-19 07:00:00,19.06,19.47,18.83,19.37,16040000,HPG
2022-05-20 07:00:00,19.27,19.32,19.04,19.24,13929400,HPG
2022-05-23 07:00:00,19.4,19.52,18.55,18.78,10178900,HPG
2022-05-24 07:00:00,18.78,18.91,17.48,17.84,42201300,HPG
2022-05-25 07:00:00,17.63,17.86,16.89,17.61,39418000,HPG
2022-05-26 07:00:00,17.89,18.19,17.66,17.89,16225800,HPG
2022-05-27 07:00:00,17.89,18.35,17.78,18.12,17591900,HPG
2022-05-30 07:00:00,18.14,18.32,18.04,18.12,15054500,HPG
2022-05-31 07:00:00,18.07,18.07,17.63,17.73,18840200,HPG
2022-06-01 07:00:00,17.63,17.78,17.27,17.56,21644600,HPG
2022-06-02 07:00:00,17.38,17.53,16.89,16.94,25380600,HPG
2022-06-03 07:00:00,17.02,17.38,16.99,17.07,14709900,HPG
2022-06-06 07:00:00,17.45,17.5,16.92,17.02,17769400,HPG
2022-06-07 07:00:00,17.02,17.15,16.69,16.97,19376400,HPG
2022-06-08 07:00:00,17.02,17.1,16.74,16.81,24841800,HPG
2022-06-09 07:00:00,16.81,17.66,16.74,17.27,26979900,HPG
2022-06-10 07:00:00,17.27,17.5,17.17,17.17,15182300,HPG
2022-06-13 07:00:00,16.86,17.12,16.2,16.25,21236000,HPG
2022-06-14 07:00:00,16.1,16.12,15.43,15.48,28438400,HPG
2022-06-15 07:00:00,15.38,15.79,14.74,15.02,28702400,HPG
2022-06-16 07:00:00,15.41,16.02,15.28,15.84,33385900,HPG
2022-06-17 07:00:00,15.84,15.88,14.83,15.67,30237200,HPG
2022-06-20 07:00:00,15.37,15.54,14.59,14.59,37272900,HPG
2022-06-21 07:00:00,14.42,14.53,13.85,14.05,39935100,HPG
2022-06-22 07:00:00,14.09,14.86,14.09,14.53,21442500,HPG
2022-06-23 07:00:00,14.53,14.76,14.53,14.73,6926200,HPG
2022-06-24 07:00:00,14.76,15.2,14.66,14.73,12828800,HPG
2022-06-27 07:00:00,14.86,15.47,14.42,15.47,20739600,HPG
2022-06-28 07:00:00,15.44,15.44,15.03,15.2,17838300,HPG
2022-06-29 07:00:00,15.07,15.64,14.93,15.37,20190300,HPG
2022-06-30 07:00:00,15.47,15.81,15.07,15.07,19950600,HPG
2022-07-01 07:00:00,15.07,15.27,14.56,15.13,15200000,HPG
2022-07-04 07:00:00,15.3,15.3,14.86,14.86,12443200,HPG
2022-07-05 07:00:00,14.93,15.1,14.69,14.8,15093400,HPG
2022-07-06 07:00:00,14.66,15.03,14.39,14.49,18233600,HPG
2022-07-07 07:00:00,14.49,14.69,14.46,14.69,10828000,HPG
2022-07-08 07:00:00,14.86,15.24,14.86,15.17,19504900,HPG
2022-07-11 07:00:00,15.13,15.3,14.83,14.9,12476400,HPG
2022-07-12 07:00:00,14.9,15.2,14.83,15.07,12146500,HPG
2022-07-13 07:00:00,15.0,15.4,14.96,15.07,17855700,HPG
2022-07-14 07:00:00,15.0,15.13,14.93,15.0,12520300,HPG
2022-07-15 07:00:00,15.1,15.88,15.1,15.67,47697200,HPG
2022-07-18 07:00:00,15.67,15.74,15.2,15.27,19929000,HPG
2022-07-19 07:00:00,15.2,15.27,14.93,14.96,16276900,HPG
2022-07-20 07:00:00,15.1,15.37,15.07,15.1,16893100,HPG
2022-07-21 07:00:00,15.1,15.54,15.07,15.34,23043400,HPG
2022-07-22 07:00:00,15.34,15.4,15.0,15.0,16642200,HPG
2022-07-25 07:00:00,15.0,15.07,14.73,14.8,20722100,HPG
2022-07-26 07:00:00,14.73,14.86,14.59,14.63,26378200,HPG
2022-07-27 07:00:00,14.49,14.53,14.22,14.36,28601000,HPG
2022-07-28 07:00:00,14.53,14.66,14.36,14.46,23510500,HPG
2022-07-29 07:00:00,14.59,14.83,14.53,14.53,20587600,HPG
2022-08-01 07:00:00,14.66,15.44,14.59,15.4,38143900,HPG
2022-08-02 07:00:00,15.47,15.64,15.34,15.47,27729900,HPG
2022-08-03 07:00:00,15.34,16.11,15.27,16.05,58846000,HPG
2022-08-04 07:00:00,16.15,16.18,15.88,15.98,30031900,HPG
2022-08-05 07:00:00,15.81,15.98,15.64,15.74,42516600,HPG
2022-08-08 07:00:00,15.81,16.15,15.74,15.94,30365700,HPG
2022-08-09 07:00:00,16.15,16.42,15.98,16.28,48222600,HPG
2022-08-10 07:00:00,16.22,16.48,16.08,16.08,30124400,HPG
2022-08-11 07:00:00,16.25,16.32,15.74,15.81,34352700,HPG
2022-08-12 07:00:00,15.74,16.25,15.71,16.18,33797300,HPG
2022-08-15 07:00:00,16.28,16.35,16.08,16.22,31513400,HPG
2022-08-16 07:00:00,16.22,16.69,16.22,16.59,65490300,HPG
2022-08-17 07:00:00,16.62,16.65,16.32,16.42,27443900,HPG
2022-08-18 07:00:00,16.28,16.45,16.25,16.32,23215100,HPG
2022-08-19 07:00:00,16.28,16.38,15.98,16.05,31457200,HPG
2022-08-22 07:00:00,15.98,16.05,15.64,15.78,23798700,HPG
2022-08-23 07:00:00,15.61,15.98,15.61,15.98,16687400,HPG
2022-08-24 07:00:00,15.98,16.05,15.88,15.88,12125400,HPG
2022-08-25 07:00:00,16.05,16.25,15.94,16.11,18259100,HPG
2022-08-26 07:00:00,16.22,16.22,15.88,15.88,16469800,HPG
2022-08-29 07:00:00,15.57,15.71,15.3,15.54,32468000,HPG
2022-08-30 07:00:00,15.61,15.74,15.5,15.57,15309700,HPG
2022-08-31 07:00:00,15.54,15.64,15.37,15.54,14977400,HPG
2022-09-05 07:00:00,15.57,16.28,15.57,16.15,26282100,HPG
2022-09-06 07:00:00,16.22,16.35,15.91,15.91,15332900,HPG
2022-09-07 07:00:00,15.91,16.08,15.54,15.54,25025500,HPG
2022-09-08 07:00:00,15.67,15.84,15.47,15.61,20365500,HPG
2022-09-09 07:00:00,15.78,16.08,15.61,16.08,26048100,HPG
2022-09-12 07:00:00,16.15,16.42,16.08,16.08,26170900,HPG
2022-09-13 07:00:00,16.05,16.22,15.88,16.01,14681300,HPG
2022-09-14 07:00:00,15.71,16.08,15.71,16.01,27029100,HPG
2022-09-15 07:00:00,16.15,16.15,15.84,15.94,13730400,HPG
2022-09-16 07:00:00,15.81,15.94,15.54,15.54,27510700,HPG
2022-09-19 07:00:00,15.61,15.71,15.17,15.3,27479100,HPG
2022-09-20 07:00:00,15.4,15.54,15.27,15.54,11511000,HPG
2022-09-21 07:00:00,15.47,15.5,15.34,15.47,9916300,HPG
2022-09-22 07:00:00,15.34,15.61,15.3,15.54,11594200,HPG
2022-09-23 07:00:00,15.57,15.67,15.34,15.34,14593100,HPG
2022-09-26 07:00:00,15.17,15.27,14.76,15.13,25875600,HPG
2022-09-27 07:00:00,15.17,15.2,14.93,15.13,9010600,HPG
2022-09-28 07:00:00,15.0,15.17,14.59,14.73,14067800,HPG
2022-09-29 07:00:00,14.96,15.07,14.63,14.63,10331300,HPG
2022-09-30 07:00:00,14.53,14.63,13.98,14.32,23369500,HPG
2022-10-03 07:00:00,14.32,14.32,13.34,13.34,33572400,HPG
2022-10-04 07:00:00,13.58,13.68,12.6,12.74,30510400,HPG
2022-10-05 07:00:00,12.97,13.07,12.74,12.97,25316500,HPG
2022-10-06 07:00:00,13.04,13.04,12.16,12.16,37464800,HPG
2022-10-07 07:00:00,11.92,12.03,11.52,11.89,36474800,HPG
2022-10-10 07:00:00,11.69,12.57,11.62,12.4,25059200,HPG
2022-10-11 07:00:00,12.43,12.43,11.72,11.82,26448700,HPG
2022-10-12 07:00:00,12.03,12.63,11.82,12.63,28996700,HPG
2022-10-13 07:00:00,12.7,13.24,12.53,13.17,24198100,HPG
2022-10-14 07:00:00,13.34,13.44,13.04,13.14,22588600,HPG
2022-10-17 07:00:00,13.0,13.07,12.77,13.0,17061300,HPG
2022-10-18 07:00:00,13.17,13.31,12.63,12.74,24387600,HPG
2022-10-19 07:00:00,12.74,12.74,12.4,12.43,20235600,HPG
2022-10-20 07:00:00,12.4,12.57,12.2,12.23,26033000,HPG
2022-10-21 07:00:00,12.36,12.36,11.42,11.42,45155900,HPG
2022-10-24 07:00:00,11.48,11.52,10.94,11.08,27973100,HPG
2022-10-25 07:00:00,11.08,11.82,10.84,11.55,31109500,HPG
2022-10-26 07:00:00,11.48,11.76,11.38,11.42,11243700,HPG
2022-10-27 07:00:00,11.45,11.89,11.42,11.76,21366800,HPG
2022-10-28 07:00:00,11.76,11.92,11.35,11.35,31204100,HPG
2022-10-31 07:00:00,10.57,10.81,10.57,10.57,66298200,HPG
2022-11-01 07:00:00,10.64,10.81,10.0,10.13,81552300,HPG
2022-11-02 07:00:00,10.13,10.61,10.13,10.37,40121700,HPG
2022-11-03 07:00:00,10.3,10.44,10.2,10.27,20629700,HPG
2022-11-04 07:00:00,10.13,10.24,9.8,9.9,43889600,HPG
2022-11-07 07:00:00,9.83,10.0,9.26,9.26,38263100,HPG
2022-11-08 07:00:00,8.85,9.26,8.78,8.88,46273800,HPG
2022-11-09 07:00:00,8.92,9.19,8.75,8.78,32786100,HPG
2022-11-10 07:00:00,8.58,8.65,8.18,8.18,79749500,HPG
2022-11-11 07:00:00,8.31,8.55,8.11,8.31,60716100,HPG
2022-11-14 07:00:00,8.21,8.41,8.01,8.24,60270100,HPG
2022-11-15 07:00:00,8.11,8.48,8.11,8.44,40416800,HPG
2022-11-16 07:00:00,8.31,9.02,7.97,9.02,34902600,HPG
2022-11-17 07:00:00,9.39,9.63,9.32,9.63,21514200,HPG
2022-11-18 07:00:00,9.86,10.27,9.63,10.2,99658800,HPG
2022-11-21 07:00:00,10.27,10.3,9.96,10.1,31604900,HPG
2022-11-22 07:00:00,9.9,10.44,9.76,10.0,43246700,HPG
2022-11-23 07:00:00,9.93,10.03,9.32,9.32,30303500,HPG
2022-11-24 07:00:00,9.26,9.73,9.19,9.7,31115600,HPG
2022-11-25 07:00:00,9.86,10.34,9.7,10.34,26533900,HPG
2022-11-28 07:00:00,10.54,11.05,10.54,11.05,58844900,HPG
2022-11-29 07:00:00,11.22,11.79,11.05,11.76,64305500,HPG
2022-11-30 07:00:00,11.86,12.43,11.62,12.43,57721500,HPG
2022-12-01 07:00:00,12.67,13.28,12.16,12.3,66587500,HPG
2022-12-02 07:00:00,12.16,13.14,12.03,13.14,45683100,HPG
2022-12-05 07:00:00,13.38,13.78,13.17,13.51,46513800,HPG
2022-12-06 07:00:00,13.44,13.48,12.57,12.57,62775400,HPG
2022-12-07 07:00:00,12.16,12.94,11.96,12.33,34619700,HPG
2022-12-08 07:00:00,12.77,13.07,12.5,12.77,29943600,HPG
2022-12-09 07:00:00,12.77,13.14,12.5,12.97,34549800,HPG
2022-12-12 07:00:00,12.97,13.21,12.57,12.57,35832500,HPG
2022-12-13 07:00:00,12.57,12.84,12.33,12.84,24343000,HPG
2022-12-14 07:00:00,13.07,13.24,12.84,12.97,34285300,HPG
2022-12-15 07:00:00,12.9,13.28,12.9,13.07,20983100,HPG
2022-12-16 07:00:00,12.97,13.82,12.8,13.78,55383800,HPG
2022-12-19 07:00:00,13.92,14.36,13.51,13.51,48039600,HPG
2022-12-20 07:00:00,13.38,13.58,12.67,12.84,45551800,HPG
2022-12-21 07:00:00,13.11,13.14,12.23,12.77,27702200,HPG
2022-12-22 07:00:00,12.9,13.24,12.63,12.77,18965200,HPG
2022-12-23 07:00:00,12.74,12.77,12.23,12.4,24810700,HPG
2022-12-26 07:00:00,12.36,12.36,11.55,11.55,31370000,HPG
2022-12-27 07:00:00,11.55,12.33,11.55,12.33,23655000,HPG
2022-12-28 07:00:00,12.43,12.5,12.13,12.3,14311200,HPG
2022-12-29 07:00:00,12.36,12.5,12.06,12.16,17422800,HPG
2022-12-30 07:00:00,12.23,12.46,12.09,12.16,14452800,HPG
2023-01-03 07:00:00,12.36,13.0,12.3,13.0,27990600,HPG
2023-01-04 07:00:00,13.14,13.38,13.04,13.11,20230000,HPG
2023-01-05 07:00:00,13.11,13.51,12.94,13.38,21502200,HPG
2023-01-06 07:00:00,13.31,13.58,12.97,13.11,19630100,HPG
2023-01-09 07:00:00,13.38,13.58,13.17,13.24,16185000,HPG
2023-01-10 07:00:00,13.24,13.58,12.97,13.38,26852100,HPG
2023-01-11 07:00:00,13.51,13.88,13.44,13.65,25709300,HPG
2023-01-12 07:00:00,13.58,13.68,13.44,13.55,20172900,HPG
2023-01-13 07:00:00,13.68,13.75,13.44,13.48,19174700,HPG
2023-01-16 07:00:00,13.51,13.95,13.48,13.68,22319700,HPG
2023-01-17 07:00:00,13.82,14.63,13.82,14.63,41584700,HPG
2023-01-18 07:00:00,14.86,14.9,14.56,14.66,25850200,HPG
2023-01-19 07:00:00,14.59,14.76,14.09,14.29,43940400,HPG
2023-01-27 07:00:00,14.19,14.56,14.09,14.53,26524400,HPG
2023-01-30 07:00:00,14.66,15.0,14.42,14.69,42341300,HPG
2023-01-31 07:00:00,14.8,14.93,14.66,14.93,28105900,HPG
2023-02-01 07:00:00,15.0,15.3,14.19,14.26,51905400,HPG
2023-02-02 07:00:00,14.32,14.66,14.26,14.39,25388600,HPG
2023-02-03 07:00:00,14.49,14.56,14.19,14.26,20956300,HPG
2023-02-06 07:00:00,14.26,14.29,13.88,14.29,22282300,HPG
2023-02-07 07:00:00,14.29,14.32,13.31,13.34,43379400,HPG
2023-02-08 07:00:00,13.34,14.26,13.34,14.09,33812500,HPG
2023-02-09 07:00:00,14.19,14.36,13.92,13.92,16343900,HPG
2023-02-10 07:00:00,13.98,14.05,13.61,13.85,15828700,HPG
2023-02-13 07:00:00,13.78,13.78,13.34,13.65,18741800,HPG
2023-02-14 07:00:00,13.72,14.12,13.68,13.92,17294600,HPG
2023-02-15 07:00:00,13.92,14.22,13.68,14.05,20076200,HPG
2023-02-16 07:00:00,14.15,14.46,13.92,14.39,23914900,HPG
2023-02-17 07:00:00,14.39,14.42,14.19,14.19,12287900,HPG
2023-02-20 07:00:00,14.19,14.8,14.19,14.8,24741700,HPG
2023-02-21 07:00:00,14.9,15.07,14.59,14.59,20643100,HPG
2023-02-22 07:00:00,14.46,14.93,14.32,14.32,32634400,HPG
2023-02-23 07:00:00,14.29,14.53,13.78,14.53,33590000,HPG
2023-02-24 07:00:00,14.53,14.53,13.95,14.05,14597600,HPG
2023-02-27 07:00:00,13.78,13.88,13.48,13.58,31316100,HPG
2023-02-28 07:00:00,13.82,13.85,13.44,13.51,15217600,HPG
2023-03-01 07:00:00,13.51,14.12,13.38,14.12,18619900,HPG
2023-03-02 07:00:00,14.19,14.26,13.92,13.92,8867400,HPG
2023-03-03 07:00:00,14.05,14.26,13.75,13.75,13608400,HPG
2023-03-06 07:00:00,13.95,14.09,13.78,13.78,11366800,HPG
2023-03-07 07:00:00,13.92,14.42,13.88,14.26,29323900,HPG
2023-03-08 07:00:00,14.12,14.32,14.05,14.32,16159600,HPG
2023-03-09 07:00:00,14.32,14.56,14.32,14.32,23274800,HPG
2023-03-10 07:00:00,14.29,14.49,14.19,14.39,22458300,HPG
2023-03-13 07:00:00,14.22,14.46,14.12,14.26,20930300,HPG
2023-03-14 07:00:00,14.22,14.26,13.65,13.72,30865700,HPG
2023-03-15 07:00:00,14.05,14.39,13.92,14.39,26779400,HPG
2023-03-16 07:00:00,14.19,14.26,13.85,14.09,30247400,HPG
2023-03-17 07:00:00,14.22,14.22,13.78,13.78,33958600,HPG
2023-03-20 07:00:00,13.78,13.92,13.51,13.51,22988900,HPG
2023-03-21 07:00:00,13.65,13.88,13.41,13.82,19060600,HPG
2023-03-22 07:00:00,13.88,13.92,13.61,13.72,12857700,HPG
2023-03-23 07:00:00,13.65,13.78,13.55,13.78,10743900,HPG
2023-03-24 07:00:00,13.82,13.85,13.72,13.78,13689600,HPG
2023-03-27 07:00:00,13.78,14.12,13.75,14.05,20268000,HPG
2023-03-28 07:00:00,14.12,14.19,13.98,13.98,12329100,HPG
2023-03-29 07:00:00,13.98,14.26,13.98,14.05,17942900,HPG
2023-03-30 07:00:00,14.19,14.29,14.02,14.05,20958100,HPG
2023-03-31 07:00:00,14.05,14.12,13.75,14.05,23770300,HPG
2023-04-03 07:00:00,14.22,14.26,14.09,14.19,21370500,HPG
2023-04-04 07:00:00,14.29,14.32,14.15,14.26,19864400,HPG
2023-04-05 07:00:00,14.26,14.53,14.15,14.53,25522700,HPG
2023-04-06 07:00:00,14.56,14.8,14.46,14.53,27838900,HPG
2023-04-07 07:00:00,14.53,14.59,14.26,14.32,18563000,HPG
2023-04-10 07:00:00,14.36,14.42,13.92,13.98,26545700,HPG
2023-04-11 07:00:00,13.98,14.09,13.92,14.05,14416200,HPG
2023-04-12 07:00:00,14.12,14.12,13.95,14.02,10638200,HPG
2023-04-13 07:00:00,14.05,14.05,13.75,13.82,14712400,HPG
2023-04-14 07:00:00,13.88,14.09,13.85,13.95,13607900,HPG
2023-04-17 07:00:00,13.92,14.12,13.92,14.09,9275500,HPG
2023-04-18 07:00:00,14.12,14.19,14.05,14.15,11571700,HPG
2023-04-19 07:00:00,14.22,14.22,14.05,14.05,10479100,HPG
2023-04-20 07:00:00,14.05,14.12,14.02,14.05,6549700,HPG
2023-04-21 07:00:00,14.05,14.09,13.98,13.98,11143900,HPG
2023-04-24 07:00:00,13.98,14.05,13.88,13.95,10575100,HPG
2023-04-25 07:00:00,14.05,14.36,13.98,14.22,18462200,HPG
2023-04-26 07:00:00,14.22,14.86,14.12,14.86,26818700,HPG
2023-04-27 07:00:00,14.86,14.86,14.59,14.66,17137300,HPG
2023-04-28 07:00:00,14.66,14.73,14.46,14.63,15751900,HPG
2023-05-04 07:00:00,14.49,14.59,14.32,14.39,16542400,HPG
2023-05-05 07:00:00,14.39,14.66,14.32,14.49,10786600,HPG
2023-05-08 07:00:00,14.56,14.69,14.49,14.59,10451200,HPG
2023-05-09 07:00:00,14.59,14.96,14.59,14.73,22413800,HPG
2023-05-10 07:00:00,14.73,14.8,14.63,14.66,8739000,HPG
2023-05-11 07:00:00,14.73,14.83,14.59,14.69,13640100,HPG
2023-05-12 07:00:00,14.69,15.2,14.59,15.1,45105300,HPG
2023-05-15 07:00:00,15.17,15.27,14.93,14.93,17693100,HPG
2023-05-16 07:00:00,14.93,15.07,14.8,14.86,17805000,HPG
2023-05-17 07:00:00,14.86,14.93,14.69,14.73,25998700,HPG
2023-05-18 07:00:00,14.8,15.0,14.73,14.83,18610700,HPG
2023-05-19 07:00:00,14.86,14.93,14.63,14.73,11513300,HPG
2023-05-22 07:00:00,14.73,14.93,14.69,14.8,14869400,HPG
2023-05-23 07:00:00,14.83,14.9,14.59,14.66,13620100,HPG
2023-05-24 07:00:00,14.8,14.8,14.39,14.39,20272100,HPG
2023-05-25 07:00:00,14.39,14.49,14.32,14.32,13258500,HPG
2023-05-26 07:00:00,14.39,14.46,14.09,14.26,16088200,HPG
2023-05-29 07:00:00,14.39,14.49,14.32,14.49,11091800,HPG
2023-05-30 07:00:00,14.53,14.59,14.36,14.42,13457900,HPG
2023-05-31 07:00:00,14.46,14.49,14.29,14.32,13085700,HPG
2023-06-01 07:00:00,14.29,14.46,14.22,14.46,10836200,HPG
2023-06-02 07:00:00,14.53,14.73,14.49,14.59,18866500,HPG
2023-06-05 07:00:00,14.73,14.9,14.59,14.63,20044300,HPG
2023-06-06 07:00:00,14.66,14.76,14.56,14.69,11799900,HPG
2023-06-07 07:00:00,14.86,15.4,14.86,15.27,55514600,HPG
2023-06-08 07:00:00,15.34,15.64,15.34,15.4,42521400,HPG
2023-06-09 07:00:00,15.4,15.47,15.2,15.47,23873600,HPG
2023-06-12 07:00:00,15.61,15.64,15.2,15.5,22219200,HPG
2023-06-13 07:00:00,15.54,15.84,15.47,15.81,36944400,HPG
2023-06-14 07:00:00,15.84,15.84,15.61,15.61,23475800,HPG
2023-06-15 07:00:00,15.54,15.71,15.54,15.64,17473300,HPG
2023-06-16 07:00:00,15.71,16.08,15.64,15.84,33010000,HPG
2023-06-19 07:00:00,15.84,15.88,15.74,15.78,13180900,HPG
2023-06-20 07:00:00,15.78,15.98,15.74,15.98,14608300,HPG
2023-06-21 07:00:00,16.01,16.65,15.88,16.62,35605900,HPG
2023-06-22 07:00:00,16.69,16.86,16.45,16.79,23036300,HPG
2023-06-23 07:00:00,16.79,17.26,16.72,17.16,29157300,HPG
2023-06-26 07:00:00,17.16,17.23,16.69,17.02,20399200,HPG
2023-06-27 07:00:00,17.13,17.43,16.96,17.43,19943100,HPG
2023-06-28 07:00:00,17.57,18.04,17.5,17.97,30313300,HPG
2023-06-29 07:00:00,18.0,18.04,17.43,17.43,36803700,HPG
2023-06-30 07:00:00,17.36,17.7,17.33,17.67,23068600,HPG
2023-07-03 07:00:00,17.7,17.87,17.5,17.7,17057100,HPG
2023-07-04 07:00:00,17.67,17.74,17.5,17.74,19728200,HPG
2023-07-05 07:00:00,17.84,18.38,17.74,18.21,31804000,HPG
2023-07-06 07:00:00,18.17,18.34,17.9,18.24,27611200,HPG
2023-07-07 07:00:00,18.17,18.55,17.9,18.55,22614600,HPG
2023-07-10 07:00:00,18.55,18.88,18.48,18.71,24267700,HPG
2023-07-11 07:00:00,18.78,18.95,18.41,18.44,24014300,HPG
2023-07-12 07:00:00,18.44,18.55,18.0,18.24,27758200,HPG
2023-07-13 07:00:00,18.58,18.58,18.17,18.27,14006900,HPG
2023-07-14 07:00:00,18.34,18.58,18.27,18.58,17078400,HPG
2023-07-17 07:00:00,18.71,18.75,18.38,18.44,12534900,HPG
2023-07-18 07:00:00,18.44,18.48,18.27,18.38,12402500,HPG
2023-07-19 07:00:00,18.31,18.71,18.27,18.51,15378300,HPG
2023-07-20 07:00:00,18.44,19.05,18.44,19.05,30865300,HPG
2023-07-21 07:00:00,19.15,19.19,18.98,19.19,18455900,HPG
2023-07-24 07:00:00,19.22,19.32,18.92,19.09,17164400,HPG
2023-07-25 07:00:00,19.09,19.15,18.92,19.09,20225200,HPG
2023-07-26 07:00:00,19.09,19.22,19.02,19.19,22868600,HPG
2023-07-27 07:00:00,19.19,19.39,18.98,19.19,21315900,HPG
2023-07-28 07:00:00,19.19,19.32,19.02,19.12,22702200,HPG
2023-07-31 07:00:00,19.05,19.09,18.48,19.05,45529400,HPG
2023-08-01 07:00:00,18.98,18.98,18.58,18.58,28011400,HPG
2023-08-02 07:00:00,18.51,18.82,18.41,18.58,18524000,HPG
2023-08-03 07:00:00,18.48,18.58,17.9,18.14,58029600,HPG
2023-08-04 07:00:00,18.11,18.58,18.11,18.48,22170700,HPG
2023-08-07 07:00:00,18.61,18.75,18.44,18.61,23091900,HPG
2023-08-08 07:00:00,18.65,18.85,18.34,18.38,25568400,HPG
2023-08-09 07:00:00,18.38,18.82,18.27,18.78,42662800,HPG
2023-08-10 07:00:00,18.85,18.85,18.44,18.48,17064700,HPG
2023-08-11 07:00:00,18.51,18.75,18.34,18.71,23382000,HPG
2023-08-14 07:00:00,18.78,19.15,18.68,19.02,44946400,HPG
2023-08-15 07:00:00,19.02,19.09,18.82,18.88,17938500,HPG
2023-08-16 07:00:00,18.88,18.92,18.68,18.88,14994500,HPG
2023-08-17 07:00:00,18.92,19.39,18.92,18.98,46604700,HPG
2023-08-18 07:00:00,18.85,18.92,17.7,17.9,46358400,HPG
2023-08-21 07:00:00,17.87,17.94,17.5,17.7,31441300,HPG
2023-08-22 07:00:00,17.7,17.8,16.96,17.67,35171700,HPG
2023-08-23 07:00:00,17.8,17.87,17.33,17.33,21774300,HPG
2023-08-24 07:00:00,17.33,17.77,17.3,17.77,16596900,HPG
2023-08-25 07:00:00,17.7,17.84,17.53,17.53,21847700,HPG
2023-08-28 07:00:00,17.57,18.14,17.57,18.14,22819800,HPG
2023-08-29 07:00:00,18.17,18.34,18.04,18.24,17969600,HPG
2023-08-30 07:00:00,18.24,18.41,18.07,18.38,20143600,HPG
2023-08-31 07:00:00,18.51,18.85,18.44,18.65,25934100,HPG
2023-09-05 07:00:00,18.78,18.88,18.41,18.78,24501600,HPG
2023-09-06 07:00:00,18.75,19.59,18.51,19.59,52574600,HPG
2023-09-07 07:00:00,19.59,19.8,19.26,19.36,33671800,HPG
2023-09-08 07:00:00,19.26,19.69,19.19,19.42,33793700,HPG
2023-09-11 07:00:00,19.59,19.63,18.75,18.92,47697500,HPG
2023-09-12 07:00:00,18.92,19.42,18.71,19.42,22615400,HPG
2023-09-13 07:00:00,19.46,19.86,19.09,19.19,49193400,HPG
2023-09-14 07:00:00,19.19,19.29,18.75,18.78,34684000,HPG
2023-09-15 07:00:00,18.85,18.98,18.65,18.65,24750600,HPG
2023-09-18 07:00:00,18.65,18.98,18.38,18.65,20891200,HPG
2023-09-19 07:00:00,18.92,19.02,18.58,19.02,21032900,HPG
2023-09-20 07:00:00,19.02,19.29,18.95,19.19,26600700,HPG
2023-09-21 07:00:00,19.19,19.66,19.02,19.19,42921200,HPG
2023-09-22 07:00:00,18.75,18.88,18.07,18.44,50583500,HPG
2023-09-25 07:00:00,18.24,18.58,17.36,17.57,36873300,HPG
2023-09-26 07:00:00,17.46,18.11,17.46,17.7,30838600,HPG
2023-09-27 07:00:00,17.67,18.04,17.67,17.9,20325300,HPG
2023-09-28 07:00:00,17.97,18.14,17.7,17.97,16562600,HPG
2023-09-29 07:00:00,18.11,18.14,17.74,17.77,15019100,HPG
2023-10-02 07:00:00,17.77,17.87,17.57,17.7,11412300,HPG
2023-10-03 07:00:00,17.63,17.63,16.69,16.76,40638000,HPG
2023-10-04 07:00:00,16.55,17.23,16.22,17.06,21095200,HPG
2023-10-05 07:00:00,17.16,17.23,16.79,16.82,10424100,HPG
2023-10-06 07:00:00,16.79,17.09,16.65,16.86,15250000,HPG
2023-10-09 07:00:00,16.86,17.3,16.86,17.23,11432000,HPG
2023-10-10 07:00:00,17.36,17.74,17.3,17.57,20004700,HPG
2023-10-11 07:00:00,17.67,17.74,17.43,17.7,13502200,HPG
2023-10-12 07:00:00,17.77,17.77,17.3,17.43,22054300,HPG
2023-10-13 07:00:00,17.3,17.4,16.92,17.4,19572000,HPG
2023-10-16 07:00:00,17.4,17.43,16.89,16.89,16205000,HPG
2023-10-17 07:00:00,17.02,17.19,16.76,16.76,14705500,HPG
2023-10-18 07:00:00,16.76,16.86,15.67,16.22,30930100,HPG
2023-10-19 07:00:00,16.28,16.35,15.84,16.01,20808100,HPG
2023-10-20 07:00:00,16.01,16.45,15.78,16.45,16369100,HPG
2023-10-23 07:00:00,16.45,16.45,16.01,16.22,11948700,HPG
2023-10-24 07:00:00,16.25,16.48,15.98,16.22,9713100,HPG
2023-10-25 07:00:00,16.25,16.62,16.25,16.25,12062100,HPG
2023-10-26 07:00:00,16.08,16.11,15.27,15.4,31030600,HPG
2023-10-27 07:00:00,15.71,15.88,15.44,15.78,15016200,HPG
2023-10-30 07:00:00,15.78,16.05,15.54,15.54,16173500,HPG
2023-10-31 07:00:00,15.88,15.88,15.47,15.54,20792000,HPG
2023-11-01 07:00:00,15.54,16.18,15.5,16.18,19143800,HPG
2023-11-02 07:00:00,16.35,17.3,16.28,17.06,26641800,HPG
2023-11-03 07:00:00,17.16,17.23,16.72,16.96,20498300,HPG
2023-11-06 07:00:00,17.13,17.5,17.02,17.4,20380200,HPG
2023-11-07 07:00:00,17.43,17.7,17.19,17.43,19861700,HPG
2023-11-08 07:00:00,17.43,18.21,17.3,18.21,34851200,HPG
2023-11-09 07:00:00,18.21,18.51,17.97,18.04,31361600,HPG
2023-11-10 07:00:00,17.84,18.31,17.8,17.9,28030400,HPG
2023-11-13 07:00:00,17.9,18.65,17.9,18.38,44000700,HPG
2023-11-14 07:00:00,18.51,18.58,18.04,18.24,23257200,HPG
2023-11-15 07:00:00,18.61,18.78,18.24,18.24,34617300,HPG
2023-11-16 07:00:00,18.14,18.38,18.11,18.38,16261000,HPG
2023-11-17 07:00:00,18.38,18.51,17.77,17.9,38532000,HPG
2023-11-20 07:00:00,17.63,18.17,17.63,18.0,18250000,HPG
2023-11-21 07:00:00,18.24,18.58,18.21,18.27,26703200,HPG
2023-11-22 07:00:00,18.24,18.38,18.17,18.38,17015100,HPG
2023-11-23 07:00:00,18.44,18.48,17.46,17.46,21684500,HPG
2023-11-24 07:00:00,17.57,17.84,17.26,17.84,26228500,HPG
2023-11-27 07:00:00,17.9,18.07,17.7,17.77,16724600,HPG
2023-11-28 07:00:00,17.84,18.04,17.6,18.04,18863600,HPG
2023-11-29 07:00:00,18.04,18.31,18.0,18.24,22503000,HPG
2023-11-30 07:00:00,18.31,18.38,17.94,17.94,21208100,HPG
2023-12-01 07:00:00,18.11,18.31,17.87,18.17,15400100,HPG
2023-12-04 07:00:00,18.38,18.75,18.27,18.58,42341900,HPG
2023-12-05 07:00:00,18.58,18.61,18.34,18.41,22511100,HPG
2023-12-06 07:00:00,18.41,18.65,18.38,18.65,18648100,HPG
2023-12-07 07:00:00,18.68,18.85,18.21,18.65,49430900,HPG
2023-12-08 07:00:00,18.78,19.09,18.58,18.71,52783700,HPG
2023-12-11 07:00:00,18.71,18.78,18.44,18.58,17845400,HPG
2023-12-12 07:00:00,18.58,19.05,18.58,18.88,31681800,HPG
2023-12-13 07:00:00,18.98,19.05,18.44,18.48,33347700,HPG
2023-12-14 07:00:00,18.61,18.61,18.27,18.27,31777500,HPG
2023-12-15 07:00:00,18.31,18.38,18.07,18.11,34686700,HPG
2023-12-18 07:00:00,18.17,18.24,17.97,17.97,14875800,HPG
2023-12-19 07:00:00,17.97,18.38,17.94,18.38,20496200,HPG
2023-12-20 07:00:00,18.38,18.48,18.31,18.38,17661600,HPG
2023-12-21 07:00:00,18.31,18.44,18.21,18.38,14307400,HPG
2023-12-22 07:00:00,18.38,18.48,18.27,18.27,17429100,HPG
2023-12-25 07:00:00,18.34,18.65,18.34,18.55,20407300,HPG
2023-12-26 07:00:00,18.51,18.85,18.51,18.78,33743700,HPG
2023-12-27 07:00:00,18.82,18.92,18.75,18.75,19852100,HPG
2023-12-28 07:00:00,18.75,19.05,18.68,18.88,31308200,HPG
2023-12-29 07:00:00,18.88,18.98,18.78,18.88,20467100,HPG
2024-01-02 07:00:00,18.98,19.02,18.55,18.55,22187200,HPG
2024-01-03 07:00:00,18.51,18.78,18.51,18.78,18575400,HPG
2024-01-04 07:00:00,18.78,18.98,18.71,18.75,38538700,HPG
2024-01-05 07:00:00,18.75,18.85,18.61,18.78,17333400,HPG
2024-01-08 07:00:00,18.88,19.09,18.82,18.82,31243900,HPG
2024-01-09 07:00:00,18.85,18.88,18.58,18.71,28623900,HPG
2024-01-10 07:00:00,18.71,18.75,18.41,18.48,32642500,HPG
2024-01-11 07:00:00,18.55,18.68,18.51,18.58,15264900,HPG
2024-01-12 07:00:00,18.48,18.55,18.27,18.34,28626500,HPG
2024-01-15 07:00:00,18.38,18.55,18.31,18.31,12497100,HPG
2024-01-16 07:00:00,18.31,18.78,18.27,18.78,19767200,HPG
2024-01-17 07:00:00,18.82,18.88,18.68,18.68,23410200,HPG
2024-01-18 07:00:00,18.71,18.82,18.65,18.68,12639000,HPG
2024-01-19 07:00:00,18.75,18.85,18.65,18.78,14859900,HPG
2024-01-22 07:00:00,18.92,19.36,18.82,19.12,66067900,HPG
2024-01-23 07:00:00,19.22,19.26,19.09,19.15,21678300,HPG
2024-01-24 07:00:00,19.12,19.26,19.09,19.09,16136900,HPG
2024-01-25 07:00:00,19.09,19.19,18.92,19.09,15227000,HPG
2024-01-26 07:00:00,19.19,19.26,19.09,19.15,14372300,HPG
2024-01-29 07:00:00,19.15,19.19,18.92,18.92,21575000,HPG
2024-01-30 07:00:00,18.92,18.98,18.82,18.92,17529200,HPG
2024-01-31 07:00:00,18.88,18.98,18.75,18.75,24456900,HPG
2024-02-01 07:00:00,18.75,18.98,18.71,18.82,10636100,HPG
2024-02-02 07:00:00,18.71,18.98,18.71,18.85,14162200,HPG
2024-02-05 07:00:00,18.85,19.12,18.85,18.92,16231200,HPG
2024-02-06 07:00:00,19.02,19.09,18.92,18.95,14660300,HPG
2024-02-07 07:00:00,18.95,19.12,18.95,19.02,13808300,HPG
2024-02-15 07:00:00,19.12,19.52,19.09,19.39,36985800,HPG
2024-02-16 07:00:00,19.42,19.46,19.32,19.32,16718800,HPG
2024-02-19 07:00:00,19.36,19.86,19.22,19.73,42276100,HPG
2024-02-20 07:00:00,19.73,19.83,19.63,19.73,21391700,HPG
2024-02-21 07:00:00,19.66,19.69,19.39,19.46,31579600,HPG
2024-02-22 07:00:00,19.39,19.46,19.29,19.29,22413300,HPG
2024-02-23 07:00:00,19.29,19.49,19.19,19.19,27300800,HPG
2024-02-26 07:00:00,19.19,19.46,19.12,19.46,19221700,HPG
2024-02-27 07:00:00,19.52,20.57,19.46,20.5,86841500,HPG
2024-02-28 07:00:00,20.54,20.91,20.37,20.67,35201800,HPG
2024-02-29 07:00:00,20.78,21.04,20.61,20.94,33580500,HPG
2024-03-01 07:00:00,21.08,21.08,20.71,20.84,26958700,HPG
2024-03-04 07:00:00,20.94,21.21,20.74,20.81,28579500,HPG
2024-03-05 07:00:00,20.81,21.15,20.74,21.04,29917200,HPG
2024-03-06 07:00:00,21.01,21.04,20.61,20.81,28059400,HPG
2024-03-07 07:00:00,20.74,21.18,20.67,20.94,32262200,HPG
2024-03-08 07:00:00,20.94,20.98,20.44,20.47,47322200,HPG
2024-03-11 07:00:00,20.47,20.67,20.13,20.2,30415100,HPG
2024-03-12 07:00:00,20.17,20.54,20.13,20.4,30135400,HPG
2024-03-13 07:00:00,20.4,20.84,20.34,20.81,29367000,HPG
2024-03-14 07:00:00,20.88,20.88,20.44,20.5,30774000,HPG
2024-03-15 07:00:00,20.5,20.74,20.27,20.34,35823700,HPG
2024-03-18 07:00:00,20.37,20.4,19.59,20.0,50100700,HPG
2024-03-19 07:00:00,19.93,20.67,19.86,20.13,26973500,HPG
2024-03-20 07:00:00,20.17,20.34,20.1,20.27,12971200,HPG
2024-03-21 07:00:00,20.5,20.64,20.34,20.44,19972600,HPG
2024-03-22 07:00:00,20.5,20.74,20.4,20.64,37384100,HPG
2024-03-25 07:00:00,20.64,20.91,20.3,20.4,21350200,HPG
2024-03-26 07:00:00,20.4,20.64,20.34,20.64,11976300,HPG
2024-03-27 07:00:00,20.88,21.01,20.67,20.67,24329500,HPG
2024-03-28 07:00:00,20.84,20.84,20.57,20.64,19113700,HPG
2024-03-29 07:00:00,20.67,20.67,20.44,20.44,14821800,HPG
2024-04-01 07:00:00,20.4,20.5,20.23,20.34,20759400,HPG
2024-04-02 07:00:00,20.2,20.54,20.13,20.54,26298400,HPG
2024-04-03 07:00:00,20.5,20.57,20.23,20.23,21489800,HPG
2024-04-04 07:00:00,20.23,20.3,19.96,20.0,26371300,HPG
2024-04-05 07:00:00,19.9,20.1,19.76,19.9,24018800,HPG
2024-04-08 07:00:00,19.9,20.13,19.8,20.0,16708800,HPG
2024-04-09 07:00:00,20.0,20.2,19.96,20.2,9838000,HPG
2024-04-10 07:00:00,20.23,20.34,20.03,20.03,11134400,HPG
2024-04-11 07:00:00,19.9,20.37,19.9,20.2,19246200,HPG
2024-04-12 07:00:00,20.27,20.34,20.17,20.23,13916900,HPG
2024-04-15 07:00:00,20.17,20.23,18.98,19.26,31107300,HPG
2024-04-16 07:00:00,19.26,19.29,18.82,19.15,33424200,HPG
2024-04-17 07:00:00,19.26,19.29,18.85,18.92,15575000,HPG
2024-04-19 07:00:00,18.78,19.15,18.58,18.78,26138500,HPG
2024-04-22 07:00:00,19.05,19.05,18.82,18.92,12390900,HPG
2024-04-23 07:00:00,18.92,18.95,18.55,18.65,18359900,HPG
2024-04-24 07:00:00,18.85,19.56,18.75,19.46,23052000,HPG
2024-04-25 07:00:00,19.39,19.39,19.12,19.29,11236400,HPG
2024-04-26 07:00:00,19.12,19.29,18.95,19.19,18304000,HPG
2024-05-02 07:00:00,19.19,19.19,18.95,19.15,7322100,HPG
2024-05-03 07:00:00,19.15,19.66,19.15,19.36,16714800,HPG
2024-05-06 07:00:00,19.49,19.83,19.46,19.8,27108200,HPG
2024-05-07 07:00:00,19.86,20.4,19.76,20.37,30139200,HPG
2024-05-08 07:00:00,20.37,20.94,20.1,20.74,34289800,HPG
2024-05-09 07:00:00,20.88,20.88,20.3,20.57,19422700,HPG
2024-05-10 07:00:00,20.67,20.71,20.23,20.57,18981900,HPG
2024-05-13 07:00:00,20.64,20.71,20.34,20.4,13171500,HPG
2024-05-14 07:00:00,20.54,20.74,20.34,20.4,15664000,HPG
2024-05-15 07:00:00,20.44,21.18,20.44,21.08,45110300,HPG
2024-05-16 07:00:00,21.35,21.52,21.25,21.35,27403900,HPG
2024-05-17 07:00:00,21.35,21.35,21.04,21.35,28640900,HPG
2024-05-20 07:00:00,21.38,21.72,21.35,21.62,46490000,HPG
2024-05-21 07:00:00,21.62,21.62,21.25,21.52,20863500,HPG
2024-05-22 07:00:00,21.52,21.59,21.04,21.15,39782700,HPG
2024-05-23 07:00:00,21.44,21.93,21.26,21.93,37870200,HPG
2024-05-24 07:00:00,21.78,21.93,21.18,21.48,30151700,HPG
2024-05-27 07:00:00,21.48,21.78,21.3,21.48,15759100,HPG
2024-05-28 07:00:00,21.56,21.7,21.41,21.67,17564600,HPG
2024-05-29 07:00:00,21.63,21.74,21.26,21.26,21599400,HPG
2024-05-30 07:00:00,21.18,21.22,20.81,21.0,27257700,HPG
2024-05-31 07:00:00,21.11,21.41,20.85,21.26,17736800,HPG
2024-06-03 07:00:00,21.41,21.63,21.41,21.56,20634500,HPG
2024-06-04 07:00:00,21.56,22.15,21.56,21.78,39654300,HPG
2024-06-05 07:00:00,21.78,21.93,21.63,21.74,19195800,HPG
2024-06-06 07:00:00,21.74,22.04,21.48,21.78,20822600,HPG
2024-06-07 07:00:00,21.82,21.85,21.63,21.78,14882900,HPG
2024-06-10 07:00:00,21.85,21.89,21.67,21.78,20259700,HPG
2024-06-11 07:00:00,21.85,22.04,21.59,21.63,26986400,HPG
2024-06-12 07:00:00,21.56,22.0,21.56,22.0,19284400,HPG
2024-06-13 07:00:00,22.04,22.08,21.78,21.93,20548700,HPG
2024-06-14 07:00:00,21.93,22.26,21.63,21.63,34292400,HPG
2024-06-17 07:00:00,21.63,22.26,21.56,21.89,34373100,HPG
2024-06-18 07:00:00,21.93,22.08,21.85,21.85,16534100,HPG
2024-06-19 07:00:00,21.93,21.96,21.74,21.82,19178300,HPG
2024-06-20 07:00:00,21.74,21.85,21.52,21.82,27774000,HPG
2024-06-21 07:00:00,21.82,21.82,21.56,21.59,14287400,HPG
2024-06-24 07:00:00,21.56,21.63,21.0,21.33,37846100,HPG
2024-06-25 07:00:00,21.26,21.59,21.18,21.33,16655000,HPG
2024-06-26 07:00:00,21.37,21.7,21.26,21.48,19746800,HPG
2024-06-27 07:00:00,21.56,21.59,21.33,21.44,10080500,HPG
2024-06-28 07:00:00,21.37,21.48,21.04,21.04,22182300,HPG
2024-07-01 07:00:00,21.04,21.18,20.85,21.07,13557400,HPG
2024-07-02 07:00:00,21.07,21.44,21.0,21.33,21258400,HPG
2024-07-03 07:00:00,21.56,21.63,21.33,21.37,17252800,HPG
2024-07-04 07:00:00,21.44,21.59,21.26,21.33,9353000,HPG
2024-07-05 07:00:00,21.33,21.52,21.26,21.3,12362300,HPG
2024-07-08 07:00:00,21.33,21.59,21.3,21.41,18430100,HPG
2024-07-09 07:00:00,21.41,21.7,21.37,21.56,22548200,HPG
2024-07-10 07:00:00,21.63,21.93,21.52,21.52,30969800,HPG
2024-07-11 07:00:00,21.67,21.74,21.44,21.44,14512000,HPG
2024-07-12 07:00:00,21.48,21.52,21.15,21.18,18050400,HPG
2024-07-15 07:00:00,21.22,21.37,20.96,21.15,16287600,HPG
2024-07-16 07:00:00,21.18,21.3,21.11,21.15,12327400,HPG
2024-07-17 07:00:00,21.22,21.26,20.52,20.96,25546900,HPG
2024-07-18 07:00:00,20.96,21.15,20.85,21.11,20477300,HPG
2024-07-19 07:00:00,21.11,21.11,20.96,20.96,11865200,HPG
2024-07-22 07:00:00,20.89,20.96,20.63,20.85,18399400,HPG
2024-07-23 07:00:00,20.85,20.96,20.66,20.66,15056900,HPG
2024-07-24 07:00:00,20.63,20.78,20.14,20.59,19233100,HPG
2024-07-25 07:00:00,20.52,20.55,20.29,20.33,13319700,HPG
2024-07-26 07:00:00,20.33,20.55,20.33,20.4,8806900,HPG
2024-07-29 07:00:00,20.55,20.89,20.52,20.74,15443700,HPG
2024-07-30 07:00:00,20.81,20.96,20.74,20.74,15542800,HPG
2024-07-31 07:00:00,20.74,20.74,20.14,20.22,24285900,HPG
2024-08-01 07:00:00,20.44,20.55,19.77,19.85,30480400,HPG
2024-08-02 07:00:00,19.81,20.29,19.7,20.26,17545800,HPG
2024-08-05 07:00:00,19.92,19.96,19.18,19.29,45610000,HPG
2024-08-06 07:00:00,19.36,19.66,19.21,19.55,19759200,HPG
2024-08-07 07:00:00,19.66,19.66,19.29,19.36,15411700,HPG
2024-08-08 07:00:00,19.29,19.4,18.99,19.03,21915800,HPG
2024-08-09 07:00:00,19.25,19.4,19.1,19.36,12123200,HPG
2024-08-12 07:00:00,19.36,19.4,19.1,19.21,12576000,HPG
2024-08-13 07:00:00,19.25,19.29,18.73,18.88,26244600,HPG
2024-08-14 07:00:00,18.95,19.1,18.8,18.92,13691400,HPG
2024-08-15 07:00:00,18.92,18.92,18.73,18.73,16229400,HPG
2024-08-16 07:00:00,18.73,19.1,18.58,19.03,36326600,HPG
2024-08-19 07:00:00,19.18,19.59,19.1,19.21,24427500,HPG
2024-08-20 07:00:00,19.32,19.47,19.18,19.18,20447900,HPG
2024-08-21 07:00:00,19.21,19.51,19.18,19.44,24811600,HPG
2024-08-22 07:00:00,19.47,19.51,19.1,19.14,24029400,HPG
2024-08-23 07:00:00,19.14,19.36,18.88,19.36,22408300,HPG
2024-08-26 07:00:00,19.44,19.62,19.29,19.32,21643500,HPG
2024-08-27 07:00:00,19.32,19.36,19.1,19.14,12450500,HPG
2024-08-28 07:00:00,19.21,19.29,19.07,19.1,18656100,HPG
2024-08-29 07:00:00,19.18,19.29,19.03,19.03,16163400,HPG
2024-08-30 07:00:00,19.1,19.14,18.95,18.95,17965500,HPG
2024-09-04 07:00:00,18.8,18.92,18.66,18.77,19062500,HPG
2024-09-05 07:00:00,18.84,18.84,18.58,18.62,22563500,HPG
2024-09-06 07:00:00,18.62,18.88,18.4,18.88,22851500,HPG
2024-09-09 07:00:00,18.88,19.47,18.8,19.03,32645800,HPG
2024-09-10 07:00:00,19.14,19.21,18.69,18.69,15019200,HPG
2024-09-11 07:00:00,18.69,18.99,18.62,18.84,14212700,HPG
2024-09-12 07:00:00,18.88,18.99,18.66,18.66,9035800,HPG
2024-09-13 07:00:00,18.69,18.8,18.58,18.58,12428200,HPG
2024-09-16 07:00:00,18.58,18.77,18.47,18.47,14573600,HPG
2024-09-17 07:00:00,18.51,18.77,18.43,18.77,13173400,HPG
2024-09-18 07:00:00,18.77,18.84,18.66,18.66,13234500,HPG
2024-09-19 07:00:00,18.8,18.95,18.73,18.77,13677300,HPG
2024-09-20 07:00:00,18.95,19.36,18.92,19.07,44588800,HPG
2024-09-23 07:00:00,19.18,19.4,19.1,19.1,15513400,HPG
2024-09-24 07:00:00,19.1,19.21,19.07,19.21,10647000,HPG
2024-09-25 07:00:00,19.4,19.62,19.36,19.47,41009200,HPG
2024-09-26 07:00:00,19.55,19.66,19.36,19.36,21745200,HPG
2024-09-27 07:00:00,19.44,19.55,19.25,19.36,30540100,HPG
2024-09-30 07:00:00,19.47,19.77,19.44,19.59,37425200,HPG
2024-10-01 07:00:00,19.92,20.07,19.81,19.88,37852700,HPG
2024-10-02 07:00:00,19.85,19.85,19.55,19.55,21285700,HPG
2024-10-03 07:00:00,19.66,19.81,19.4,19.47,26798500,HPG
2024-10-04 07:00:00,19.47,19.7,19.4,19.47,17555300,HPG
2024-10-07 07:00:00,19.62,19.7,19.47,19.62,12466400,HPG
2024-10-08 07:00:00,19.62,20.14,19.59,20.03,38169900,HPG
2024-10-09 07:00:00,20.18,20.44,20.11,20.44,41613700,HPG
2024-10-10 07:00:00,20.52,20.59,20.26,20.26,23823900,HPG
2024-10-11 07:00:00,20.33,20.4,20.07,20.29,15761800,HPG
2024-10-14 07:00:00,20.33,20.4,20.11,20.11,17974700,HPG
2024-10-15 07:00:00,20.37,20.4,20.18,20.18,20160900,HPG
2024-10-16 07:00:00,20.18,20.29,20.14,20.14,11628300,HPG
2024-10-17 07:00:00,20.18,20.26,19.88,20.26,20560900,HPG
2024-10-18 07:00:00,20.26,20.29,20.03,20.03,16242400,HPG
2024-10-21 07:00:00,20.03,20.11,19.85,19.88,13894500,HPG
2024-10-22 07:00:00,19.81,19.96,19.7,19.81,18315000,HPG
2024-10-23 07:00:00,19.81,19.85,19.59,19.66,13607700,HPG
2024-10-24 07:00:00,19.7,19.85,19.59,19.66,15898900,HPG
2024-10-25 07:00:00,19.77,19.81,19.66,19.66,9445600,HPG
2024-10-28 07:00:00,19.7,20.03,19.7,19.88,11933000,HPG
2024-10-29 07:00:00,19.92,20.18,19.85,20.11,15733100,HPG
2024-10-30 07:00:00,20.11,20.14,19.92,20.07,11066500,HPG
2024-10-31 07:00:00,20.11,20.11,19.92,19.99,13325100,HPG
2024-11-01 07:00:00,19.92,19.96,19.66,19.73,13201400,HPG
2024-11-04 07:00:00,19.73,19.73,19.44,19.55,18309700,HPG
2024-11-05 07:00:00,19.55,19.73,19.47,19.7,8094800,HPG
2024-11-06 07:00:00,19.81,20.18,19.73,20.03,20992000,HPG
2024-11-07 07:00:00,20.14,20.29,20.03,20.03,15984800,HPG
2024-11-08 07:00:00,20.22,20.44,20.07,20.07,24762900,HPG
2024-11-11 07:00:00,20.11,20.59,20.03,20.59,40877500,HPG
2024-11-12 07:00:00,20.63,20.74,20.29,20.44,23963200,HPG
2024-11-13 07:00:00,20.22,20.37,19.96,20.11,22287600,HPG
2024-11-14 07:00:00,20.11,20.14,19.55,19.55,26564300,HPG
2024-11-15 07:00:00,19.55,19.59,19.25,19.25,27604300,HPG
2024-11-18 07:00:00,19.32,19.36,18.95,19.18,20599400,HPG
2024-11-19 07:00:00,19.21,19.32,18.92,18.92,15842800,HPG
2024-11-20 07:00:00,18.88,19.32,18.77,19.03,22750500,HPG
2024-11-21 07:00:00,19.07,19.29,18.99,19.21,12777100,HPG
2024-11-22 07:00:00,19.25,19.51,19.21,19.4,17266400,HPG
2024-11-25 07:00:00,19.4,19.55,19.36,19.55,12830400,HPG
2024-11-26 07:00:00,19.55,19.7,19.47,19.59,13180700,HPG
2024-11-27 07:00:00,19.59,19.66,19.4,19.55,7966600,HPG
2024-11-28 07:00:00,19.66,19.88,19.55,19.62,14131000,HPG
2024-11-29 07:00:00,19.66,19.88,19.55,19.88,13877300,HPG
2024-12-02 07:00:00,20.03,20.18,19.88,19.99,18575600,HPG
2024-12-03 07:00:00,19.96,20.07,19.77,20.07,15812100,HPG
2024-12-04 07:00:00,19.96,19.96,19.81,19.85,12508500,HPG
2024-12-05 07:00:00,19.85,20.7,19.62,20.7,44746700,HPG
2024-12-06 07:00:00,20.7,20.74,20.44,20.52,23751300,HPG
2024-12-09 07:00:00,20.55,20.74,20.44,20.55,15948700,HPG
2024-12-10 07:00:00,20.59,20.96,20.52,20.74,32689300,HPG
2024-12-11 07:00:00,20.74,20.92,20.52,20.63,17031500,HPG
2024-12-12 07:00:00,20.63,20.74,20.33,20.44,20965100,HPG
2024-12-13 07:00:00,20.29,20.37,20.14,20.22,17265900,HPG
2024-12-16 07:00:00,20.22,20.33,19.96,20.07,16652700,HPG
2024-12-17 07:00:00,20.07,20.14,19.96,20.07,10809400,HPG
2024-12-18 07:00:00,20.07,20.33,20.03,20.33,12794200,HPG
2024-12-19 07:00:00,20.07,20.18,19.92,19.96,30331800,HPG
2024-12-20 07:00:00,19.96,20.03,19.85,19.85,13746900,HPG
2024-12-23 07:00:00,19.88,20.11,19.88,20.07,12898800,HPG
2024-12-24 07:00:00,19.99,19.99,19.77,19.85,13462400,HPG
2024-12-25 07:00:00,19.88,20.18,19.88,20.18,17144300,HPG
2024-12-26 07:00:00,20.18,20.22,19.96,20.07,9975100,HPG
2024-12-27 07:00:00,20.07,20.07,19.92,19.96,11389200,HPG
2024-12-30 07:00:00,19.92,19.96,19.81,19.88,12168200,HPG
2024-12-31 07:00:00,19.88,19.88,19.77,19.81,10247400,HPG
2025-01-02 07:00:00,19.85,20.11,19.85,20.07,14961200,HPG
2025-01-03 07:00:00,19.99,20.07,19.77,19.77,13200100,HPG
2025-01-06 07:00:00,19.77,19.85,19.36,19.36,15250500,HPG
2025-01-07 07:00:00,19.44,19.62,19.36,19.36,14399600,HPG
2025-01-08 07:00:00,19.36,19.51,19.29,19.51,12957600,HPG
2025-01-09 07:00:00,19.55,19.55,19.25,19.32,9236900,HPG
2025-01-10 07:00:00,19.32,19.4,18.99,18.99,14273600,HPG
2025-01-13 07:00:00,18.99,19.36,18.92,19.25,13576000,HPG
2025-01-14 07:00:00,19.29,19.32,19.18,19.21,7660700,HPG
2025-01-15 07:00:00,19.32,19.51,19.25,19.47,11221600,HPG
2025-01-16 07:00:00,19.55,19.66,19.36,19.55,11206800,HPG
2025-01-17 07:00:00,19.55,19.7,19.4,19.7,13950100,HPG
2025-01-20 07:00:00,19.7,19.88,19.66,19.66,9654200,HPG
2025-01-21 07:00:00,19.77,19.77,19.47,19.55,10421500,HPG
2025-01-22 07:00:00,19.62,19.62,19.44,19.44,10280000,HPG
2025-01-23 07:00:00,19.47,19.88,19.44,19.81,15792000,HPG
2025-01-24 07:00:00,19.81,19.81,19.66,19.73,10401300,HPG
2025-02-03 07:00:00,19.7,19.77,19.51,19.62,16971700,HPG
2025-02-04 07:00:00,19.7,20.07,19.66,19.96,17358200,HPG
2025-02-05 07:00:00,19.96,20.07,19.88,19.92,14466500,HPG
2025-02-06 07:00:00,19.92,20.03,19.88,19.92,13535000,HPG
2025-02-07 07:00:00,19.92,19.92,19.77,19.81,12547400,HPG
2025-02-10 07:00:00,19.7,19.7,18.88,18.88,61096500,HPG
2025-02-11 07:00:00,18.92,19.4,18.92,19.4,28896000,HPG
2025-02-12 07:00:00,19.47,19.47,19.21,19.21,13651300,HPG
2025-02-13 07:00:00,19.29,19.32,19.21,19.25,9499100,HPG
2025-02-14 07:00:00,19.4,19.55,19.32,19.4,18580600,HPG
2025-02-17 07:00:00,19.44,19.51,19.36,19.44,14369400,HPG
2025-02-18 07:00:00,19.59,19.77,19.55,19.73,24939500,HPG
2025-02-19 07:00:00,19.77,19.77,19.62,19.7,13653000,HPG
2025-02-20 07:00:00,19.73,19.77,19.7,19.73,11910400,HPG
2025-02-21 07:00:00,19.73,19.77,19.62,19.66,11063800,HPG
2025-02-24 07:00:00,21.04,21.04,20.48,20.59,73891100,HPG
2025-02-25 07:00:00,20.52,20.59,20.22,20.44,31575300,HPG
2025-02-26 07:00:00,20.52,20.78,20.48,20.63,31819600,HPG
2025-02-27 07:00:00,20.66,21.15,20.52,21.15,51120800,HPG
2025-02-28 07:00:00,21.11,21.11,20.78,20.81,24214400,HPG
2025-03-03 07:00:00,20.85,21.0,20.81,20.85,20663700,HPG
2025-03-04 07:00:00,20.85,20.85,20.55,20.7,27424100,HPG
2025-03-05 07:00:00,20.7,20.74,20.48,20.48,30385500,HPG
2025-03-06 07:00:00,20.52,20.78,20.52,20.78,36975600,HPG
2025-03-07 07:00:00,20.81,20.89,20.63,20.85,33131200,HPG
2025-03-10 07:00:00,20.89,20.96,20.78,20.78,23580500,HPG
2025-03-11 07:00:00,20.52,20.92,20.52,20.92,26088500,HPG
2025-03-12 07:00:00,20.96,20.96,20.66,20.66,20641600,HPG
2025-03-13 07:00:00,20.7,20.85,20.59,20.59,24809400,HPG
2025-03-14 07:00:00,20.59,20.7,20.48,20.48,18279900,HPG
2025-03-17 07:00:00,20.74,20.92,20.63,20.7,19719700,HPG
2025-03-18 07:00:00,20.74,20.85,20.52,20.52,18741700,HPG
2025-03-19 07:00:00,20.52,20.52,20.14,20.26,37925600,HPG
2025-03-20 07:00:00,20.29,20.4,20.11,20.18,25022500,HPG
2025-03-21 07:00:00,20.14,20.26,20.11,20.18,18912200,HPG
2025-03-24 07:00:00,20.18,20.26,19.99,20.18,16229800,HPG
2025-03-25 07:00:00,20.26,20.37,20.14,20.22,20101000,HPG
2025-03-26 07:00:00,20.22,20.78,20.18,20.48,43980000,HPG
2025-03-27 07:00:00,20.59,20.59,20.4,20.44,12009700,HPG
2025-03-28 07:00:00,20.4,20.44,20.14,20.18,17070200,HPG
2025-03-31 07:00:00,20.11,20.14,19.88,19.88,26536400,HPG
2025-04-01 07:00:00,19.92,20.11,19.88,20.07,14018400,HPG
2025-04-02 07:00:00,20.18,20.37,20.14,20.26,16785400,HPG
2025-04-03 07:00:00,19.18,19.66,18.84,18.84,80695800,HPG
2025-04-04 07:00:00,17.54,18.47,17.54,18.28,73181200,HPG
2025-04-08 07:00:00,17.47,17.84,17.02,17.02,35443300,HPG
2025-04-09 07:00:00,15.83,16.58,15.83,15.83,77156800,HPG
2025-04-10 07:00:00,16.91,16.91,16.91,16.91,3062400,HPG
2025-04-11 07:00:00,17.99,18.06,17.47,18.06,76273700,HPG
2025-04-14 07:00:00,18.43,19.14,18.4,18.84,51203900,HPG
2025-04-15 07:00:00,18.69,19.44,18.62,19.21,50570600,HPG
2025-04-16 07:00:00,19.25,19.32,18.62,18.95,25705300,HPG
2025-04-17 07:00:00,18.73,19.03,18.43,18.95,24441000,HPG
2025-04-18 07:00:00,19.07,19.14,18.92,18.92,20765500,HPG
2025-04-21 07:00:00,18.92,18.92,18.55,18.55,17306200,HPG
2025-04-22 07:00:00,18.43,18.66,17.39,18.62,47447000,HPG
2025-04-23 07:00:00,18.95,19.1,18.84,18.99,22232700,HPG
2025-04-24 07:00:00,19.1,19.1,18.73,19.03,17212000,HPG
2025-04-25 07:00:00,18.92,19.1,18.77,19.1,24849000,HPG
2025-04-28 07:00:00,19.1,19.1,18.84,19.07,9757000,HPG
2025-04-29 07:00:00,19.07,19.1,18.88,18.95,14467400,HPG
2025-05-05 07:00:00,19.07,19.14,18.84,19.1,12548300,HPG
2025-05-06 07:00:00,19.14,19.36,18.92,18.92,20937300,HPG
2025-05-07 07:00:00,18.84,18.95,18.84,18.88,11501800,HPG
2025-05-08 07:00:00,18.88,19.21,18.8,19.1,19892200,HPG
2025-05-09 07:00:00,19.1,19.14,18.95,19.07,11008000,HPG
2025-05-12 07:00:00,18.99,19.14,18.4,18.88,64734900,HPG
2025-05-13 07:00:00,19.03,19.32,19.03,19.18,20304600,HPG
2025-05-14 07:00:00,19.25,19.73,19.21,19.44,34073700,HPG
2025-05-15 07:00:00,19.47,19.47,19.21,19.44,22616700,HPG
2025-05-16 07:00:00,19.44,19.47,19.18,19.18,16810600,HPG
2025-05-19 07:00:00,19.14,19.29,18.99,19.07,14995700,HPG
2025-05-20 07:00:00,19.03,19.18,19.03,19.07,17449000,HPG
2025-05-21 07:00:00,19.14,19.4,19.07,19.14,20150500,HPG
2025-05-22 07:00:00,19.14,19.29,18.99,19.07,24363700,HPG
2025-05-23 07:00:00,19.14,19.21,18.99,19.03,11096000,HPG
2025-05-26 07:00:00,19.07,19.07,18.62,18.99,27433800,HPG
2025-05-27 07:00:00,18.99,19.44,18.99,18.99,26892800,HPG
2025-05-28 07:00:00,19.14,19.25,18.99,19.03,15604800,HPG
2025-05-29 07:00:00,19.1,19.18,18.95,18.99,16434100,HPG
2025-05-30 07:00:00,19.07,19.81,19.07,19.14,64975400,HPG
2025-06-02 07:00:00,19.03,19.07,18.84,18.99,21933200,HPG
2025-06-03 07:00:00,19.18,19.47,19.14,19.32,31038500,HPG
2025-06-04 07:00:00,19.4,19.62,19.29,19.29,25685700,HPG
2025-06-05 07:00:00,19.32,19.36,19.1,19.14,18786300,HPG
2025-06-06 07:00:00,19.36,19.7,19.25,19.36,42244000,HPG
2025-06-09 07:00:00,19.4,19.62,19.29,19.55,24987900,HPG
2025-06-10 07:00:00,19.7,19.96,19.47,19.47,29410900,HPG
2025-06-11 07:00:00,19.55,19.59,19.32,19.4,16548100,HPG
2025-06-12 07:00:00,19.44,20.14,19.44,19.92,52217900,HPG
2025-06-13 07:00:00,19.77,19.88,19.55,19.62,38769800,HPG
2025-06-16 07:00:00,19.59,20.07,19.59,19.88,29735100,HPG
2025-06-17 07:00:00,19.99,20.14,19.88,19.96,26625600,HPG
2025-06-18 07:00:00,19.99,20.22,19.92,20.18,31468200,HPG
2025-06-19 07:00:00,20.18,20.22,19.92,19.99,23408200,HPG
2025-06-20 07:00:00,20.07,20.14,19.96,20.07,23416400,HPG
2025-06-23 07:00:00,19.96,20.07,19.77,19.96,22192800,HPG
2025-06-24 07:00:00,20.11,20.22,20.03,20.07,27870000,HPG
2025-06-25 07:00:00,20.14,20.4,20.03,20.22,38638800,HPG
2025-06-26 07:00:00,20.57,20.66,20.31,20.35,38371000,HPG
2025-06-27 07:00:00,20.48,20.48,20.31,20.4,16481800,HPG
2025-06-30 07:00:00,20.44,20.48,20.26,20.26,19885300,HPG
2025-07-01 07:00:00,20.31,20.44,20.17,20.22,19766000,HPG
2025-07-02 07:00:00,20.22,20.44,20.13,20.44,18902100,HPG
2025-07-03 07:00:00,20.53,21.11,20.53,20.62,42514500,HPG
2025-07-04 07:00:00,20.66,20.75,20.62,20.75,19401100,HPG
2025-07-07 07:00:00,21.16,21.16,20.89,21.06,35999600,HPG
2025-07-08 07:00:00,21.11,22.14,21.02,22.05,77477100,HPG
2025-07-09 07:00:00,22.14,22.4,21.96,22.09,43462900,HPG
2025-07-10 07:00:00,22.18,22.49,21.91,22.45,85282300,HPG
2025-07-11 07:00:00,22.54,23.43,22.36,23.21,65285300,HPG
2025-07-14 07:00:00,23.39,23.61,22.81,22.98,49438500,HPG
2025-07-15 07:00:00,23.03,23.21,22.76,22.76,46507000,HPG
2025-07-16 07:00:00,22.72,23.39,22.67,23.3,45893600,HPG
2025-07-17 07:00:00,23.39,23.52,23.12,23.21,56229600,HPG
2025-07-18 07:00:00,23.21,23.3,22.98,23.12,40723400,HPG
2025-07-21 07:00:00,23.56,24.1,23.3,23.39,55773600,HPG
2025-07-22 07:00:00,23.34,23.61,23.21,23.61,31504400,HPG
2025-07-23 07:00:00,23.7,24.06,23.56,23.56,43124000,HPG
2025-07-24 07:00:00,23.56,23.61,23.12,23.21,51907400,HPG
2025-07-25 07:00:00,23.21,23.48,23.12,23.25,51078400,HPG
2025-07-28 07:00:00,23.3,23.97,23.21,23.52,99592800,HPG
2025-07-29 07:00:00,23.61,23.74,22.63,22.63,82604800,HPG
2025-07-30 07:00:00,22.85,22.98,22.4,22.67,50186000,HPG
2025-07-31 07:00:00,22.72,22.85,22.09,22.27,85332500,HPG
2025-08-01 07:00:00,22.18,22.58,22.14,22.45,50798600,HPG
2025-08-04 07:00:00,22.4,22.72,22.27,22.58,37058100,HPG
2025-08-05 07:00:00,22.72,24.14,22.72,23.56,215999100,HPG
2025-08-06 07:00:00,23.88,24.72,23.79,24.19,96174200,HPG
2025-08-07 07:00:00,24.41,25.48,24.1,25.44,139119300,HPG
2025-08-08 07:00:00,25.53,25.57,24.64,24.99,121062500,HPG
2025-08-11 07:00:00,25.13,25.39,24.81,25.13,67223000,HPG
2025-08-12 07:00:00,25.3,25.98,25.13,25.44,84195900,HPG
2025-08-13 07:00:00,25.48,25.53,24.86,25.08,79765000,HPG
2025-08-14 07:00:00,25.17,25.39,24.99,25.17,76049900,HPG
2025-08-15 07:00:00,25.39,25.71,24.86,24.99,107927600,HPG
2025-08-18 07:00:00,25.26,25.71,25.17,25.35,69044400,HPG
2025-08-19 07:00:00,25.53,25.62,25.08,25.13,63021900,HPG
2025-08-20 07:00:00,25.17,25.22,24.14,24.46,101007400,HPG
2025-08-21 07:00:00,24.5,24.81,24.37,24.46,69981700,HPG
2025-08-22 07:00:00,24.06,24.19,23.21,23.21,132314200,HPG
2025-08-25 07:00:00,23.65,23.88,23.07,23.16,68320100,HPG
2025-08-26 07:00:00,23.3,24.28,23.3,24.28,51986200,HPG
2025-08-27 07:00:00,24.32,24.32,23.88,23.88,85992500,HPG
2025-08-28 07:00:00,24.06,24.55,23.97,24.19,63166300,HPG
2025-08-29 07:00:00,24.28,24.86,24.14,24.55,81735200,HPG
2025-09-03 07:00:00,24.46,25.88,24.32,25.13,119138500,HPG
2025-09-04 07:00:00,25.39,26.69,25.3,26.64,141435100,HPG
2025-09-05 07:00:00,26.78,26.87,25.71,25.71,95256400,HPG
2025-09-08 07:00:00,25.62,26.56,25.57,25.8,141768400,HPG
2025-09-09 07:00:00,26.06,26.11,25.17,25.75,73861200,HPG
2025-09-10 07:00:00,25.75,26.06,25.35,25.75,52455800,HPG
2025-09-11 07:00:00,25.62,26.06,24.99,26.02,71781900,HPG
2025-09-12 07:00:00,26.06,26.87,26.02,26.78,104621000,HPG
2025-09-15 07:00:00,27.0,27.54,26.87,27.09,88920500,HPG
2025-09-16 07:00:00,27.27,27.27,26.56,26.73,66855600,HPG
2025-09-17 07:00:00,26.69,27.0,26.06,26.06,124424600,HPG
2025-09-18 07:00:00,26.2,26.24,25.53,26.02,75687000,HPG
2025-09-19 07:00:00,26.15,26.24,25.71,26.11,45024800,HPG
2025-09-22 07:00:00,26.11,26.11,25.26,25.35,66073800,HPG
2025-09-23 07:00:00,25.48,25.75,25.39,25.57,24900000,HPG
2025-09-24 07:00:00,25.57,25.93,25.22,25.93,30738900,HPG
2025-09-25 07:00:00,26.02,26.15,25.66,25.71,34435400,HPG
2025-09-26 07:00:00,25.75,26.06,25.48,25.48,38128900,HPG
2025-09-29 07:00:00,25.48,25.8,25.35,25.53,38831200,HPG
2025-09-30 07:00:00,25.48,25.53,24.9,25.13,53737200,HPG
2025-10-01 07:00:00,25.26,25.44,25.08,25.26,29848500,HPG
2025-10-02 07:00:00,25.3,25.57,25.04,25.08,30165900,HPG
2025-10-03 07:00:00,25.08,25.08,24.41,24.68,58123500,HPG
2025-10-06 07:00:00,25.08,26.06,25.08,26.06,71269500,HPG
2025-10-07 07:00:00,26.06,26.2,25.88,25.88,41398600,HPG
2025-10-08 07:00:00,26.11,26.24,25.66,26.06,59953000,HPG
2025-10-09 07:00:00,26.24,26.24,25.75,25.84,42551700,HPG
2025-10-10 07:00:00,25.88,26.56,25.8,26.42,62702300,HPG
2025-10-13 07:00:00,25.93,26.11,25.75,25.88,80237700,HPG
2025-10-14 07:00:00,25.93,26.11,25.26,25.3,84307900,HPG
2025-10-15 07:00:00,25.35,25.62,25.17,25.22,34623200,HPG
2025-10-16 07:00:00,25.22,25.71,24.99,25.22,44715300,HPG
2025-10-17 07:00:00,25.26,25.57,24.99,24.99,46508200,HPG
2025-10-20 07:00:00,24.9,25.22,23.25,23.25,102963100,HPG
2025-10-21 07:00:00,23.48,24.1,23.21,23.92,74275800,HPG
2025-10-22 07:00:00,24.01,24.01,23.34,23.83,37268800,HPG
2025-10-23 07:00:00,23.88,24.1,23.65,23.65,23443400,HPG
2025-10-24 07:00:00,23.65,23.83,23.3,23.56,30587700,HPG
2025-10-27 07:00:00,23.88,23.97,23.43,23.43,27390800,HPG
2025-10-28 07:00:00,23.52,23.92,23.34,23.92,28512100,HPG
2025-10-29 07:00:00,24.01,24.59,24.01,24.32,39448900,HPG
2025-10-30 07:00:00,24.46,24.46,24.01,24.01,23693500,HPG
2025-10-31 07:00:00,24.01,24.19,23.83,23.83,19779100,HPG
2025-11-03 07:00:00,23.88,24.01,23.25,23.25,28356600,HPG
2025-11-04 07:00:00,23.34,23.97,23.16,23.88,37767100,HPG
2025-11-05 07:00:00,23.61,23.88,23.43,23.48,20835300,HPG
2025-11-06 07:00:00,23.52,23.65,23.3,23.3,21207600,HPG
2025-11-07 07:00:00,23.34,23.7,23.21,23.25,55100200,HPG
2025-11-10 07:00:00,23.39,23.88,23.3,23.61,48017900,HPG
2025-11-11 07:00:00,23.74,24.01,23.61,23.74,31332100,HPG
2025-11-12 07:00:00,23.79,24.19,23.79,24.1,30662900,HPG
2025-11-13 07:00:00,24.1,24.14,23.7,23.7,18927500,HPG
2025-11-14 07:00:00,23.65,24.06,23.65,24.01,22112200,HPG
2025-11-17 07:00:00,24.14,24.41,24.14,24.37,32158300,HPG
2025-11-18 07:00:00,24.32,24.64,24.23,24.55,35028300,HPG
2025-11-19 07:00:00,24.55,25.3,24.5,24.64,56320700,HPG
2025-11-20 07:00:00,24.72,24.81,24.23,24.32,23049300,HPG
2025-11-21 07:00:00,24.23,24.5,24.01,24.46,22607900,HPG
2025-11-24 07:00:00,24.46,24.59,24.19,24.19,14707800,HPG
2025-11-25 07:00:00,24.23,24.41,24.01,24.01,24346200,HPG
2025-11-26 07:00:00,24.06,24.28,23.97,24.19,19022200,HPG
2025-11-27 07:00:00,24.28,24.37,24.01,24.01,13956200,HPG
2025-11-28 07:00:00,24.01,24.14,23.7,23.7,20789300,HPG
2025-12-01 07:00:00,23.79,23.88,23.65,23.65,19747100,HPG
2025-12-02 07:00:00,23.7,23.79,23.39,23.65,26073200,HPG
2025-12-03 07:00:00,23.74,23.97,23.61,23.92,21527600,HPG
2025-12-04 07:00:00,24.06,24.5,24.01,24.37,35081200,HPG
2025-12-05 07:00:00,24.41,24.41,24.1,24.1,17662100,HPG
2025-12-08 07:00:00,24.01,24.19,23.88,23.88,21455600,HPG
2025-12-09 07:00:00,23.83,24.01,23.56,23.56,39911800,HPG
2025-12-10 07:00:00,23.79,24.1,23.74,23.79,19708000,HPG
2025-12-11 07:00:00,23.83,24.01,23.65,23.7,17142200,HPG
2025-12-12 07:00:00,23.74,23.83,23.21,23.21,37088200,HPG
2025-12-15 07:00:00,23.43,23.56,23.25,23.43,23939400,HPG
2025-12-16 07:00:00,23.52,24.06,23.43,23.83,29329900,HPG
2025-12-17 07:00:00,23.83,23.83,23.56,23.56,16546600,HPG
2025-12-18 07:00:00,23.56,23.7,23.43,23.56,18777900,HPG
2025-12-19 07:00:00,23.56,23.83,23.56,23.83,29580600,HPG
2025-12-22 07:00:00,23.83,24.19,23.74,24.01,54880900,HPG
2025-12-23 07:00:00,24.14,24.28,23.79,23.88,29588500,HPG
2025-12-24 07:00:00,23.97,23.97,23.65,23.7,23136900,HPG
2025-12-25 07:00:00,23.7,23.79,23.43,23.43,29780000,HPG
2025-12-26 07:00:00,24.19,24.72,23.79,24.01,94035000,HPG
2025-12-29 07:00:00,24.1,24.1,23.79,23.83,16525200,HPG
2025-12-30 07:00:00,23.83,23.97,23.65,23.65,24581900,HPG
2025-12-31 07:00:00,23.61,23.74,23.52,23.56,20149700,HPG
2026-01-05 07:00:00,23.56,23.7,22.94,23.16,46487900,HPG
2026-01-06 07:00:00,23.21,23.39,22.63,23.16,39616600,HPG
2026-01-07 07:00:00,23.16,23.88,23.16,23.74,37249700,HPG
2026-01-08 07:00:00,23.83,23.92,23.56,23.56,37518600,HPG
2026-01-09 07:00:00,23.92,23.92,23.39,23.39,35089300,HPG
2026-01-12 07:00:00,23.52,24.64,23.52,24.55,83534900,HPG
2026-01-13 07:00:00,24.77,24.9,24.1,24.32,45777400,HPG
2026-01-14 07:00:00,24.5,24.64,24.1,24.32,53908300,HPG
2026-01-15 07:00:00,24.32,24.9,24.32,24.64,61937700,HPG
2026-01-16 07:00:00,24.81,25.22,24.37,24.64,65577000,HPG
2026-01-19 07:00:00,24.9,25.17,24.68,24.72,40465900,HPG
2026-01-20 07:00:00,24.86,24.95,24.19,24.32,44169600,HPG
2026-01-21 07:00:00,24.23,24.32,23.79,23.92,37234300,HPG
2026-01-22 07:00:00,24.01,24.37,23.97,23.97,27732600,HPG
2026-01-23 07:00:00,24.19,24.23,23.88,23.88,24233600,HPG
2026-01-26 07:00:00,23.88,23.92,23.34,23.48,33759300,HPG
2026-01-27 07:00:00,23.52,23.7,23.39,23.61,21014200,HPG
2026-01-28 07:00:00,23.7,24.19,23.7,23.83,29982700,HPG
2026-01-29 07:00:00,23.92,24.19,23.92,24.19,27608700,HPG
2026-01-30 07:00:00,24.37,24.55,23.88,23.92,40558400,HPG
2026-02-02 07:00:00,23.92,23.92,23.43,23.7,44024300,HPG
2026-02-03 07:00:00,23.79,24.19,23.79,23.88,32029900,HPG
2026-02-04 07:00:00,23.97,25.53,23.97,25.26,145418100,HPG
2026-02-05 07:00:00,25.26,25.3,24.59,24.59,32887100,HPG
2026-02-06 07:00:00,24.41,25.08,23.92,23.92,67073000,HPG
2026-02-09 07:00:00,24.14,24.37,23.83,23.88,24310400,HPG
2026-02-10 07:00:00,24.01,24.06,23.56,23.7,32543400,HPG
2026-02-11 07:00:00,23.79,24.19,23.65,23.97,26495200,HPG
2026-02-12 07:00:00,24.1,24.19,23.88,24.01,13137000,HPG
2026-02-13 07:00:00,24.01,24.23,23.92,23.97,24069800,HPG
2026-02-23 07:00:00,24.19,24.55,24.19,24.55,36086500,HPG
2026-02-24 07:00:00,24.55,25.35,24.41,25.26,99498300,HPG
2026-02-25 07:00:00,25.35,26.51,25.35,26.15,136409200,HPG
2026-02-26 07:00:00,26.33,26.38,25.71,26.24,54496800,HPG
2026-02-27 07:00:00,26.2,26.24,25.71,25.71,47306500,HPG
2026-03-02 07:00:00,25.17,26.11,25.04,25.44,86907000,HPG
2026-03-03 07:00:00,25.71,25.75,24.64,24.72,69294100,HPG
2026-03-04 07:00:00,24.64,24.86,23.92,24.72,68275500,HPG
2026-03-05 07:00:00,24.95,25.13,24.19,24.32,47998900,HPG
2026-03-06 07:00:00,24.1,24.64,23.97,24.32,44351700,HPG
2026-03-09 07:00:00,22.76,23.34,22.63,22.63,120981900,HPG
2026-03-10 07:00:00,23.92,24.19,23.34,24.19,91236600,HPG
2026-03-11 07:00:00,24.23,24.68,24.06,24.46,49913200,HPG
2026-03-12 07:00:00,24.1,24.23,23.79,23.92,44045900,HPG
2026-03-13 07:00:00,23.83,24.28,23.65,23.79,28666500,HPG
2026-03-16 07:00:00,23.79,24.06,23.7,23.88,19880400,HPG
2026-03-17 07:00:00,24.1,24.41,24.01,24.01,24176300,HPG
2026-03-18 07:00:00,24.01,24.23,23.79,23.92,23058500,HPG
2026-03-19 07:00:00,23.65,23.97,23.52,23.83,36837300,HPG
2026-03-20 07:00:00,23.65,23.7,23.12,23.12,60885800,HPG
2026-03-23 07:00:00,22.9,23.39,22.54,22.76,44362900,HPG
2026-03-24 07:00:00,23.21,23.48,23.07,23.16,27778800,HPG
2026-03-25 07:00:00,23.48,23.56,23.3,23.52,22967100,HPG
2026-03-26 07:00:00,23.48,23.52,23.12,23.12,18424200,HPG
2026-03-27 07:00:00,23.16,23.83,23.07,23.65,26863700,HPG
2026-03-30 07:00:00,23.34,24.19,23.16,24.01,41276100,HPG
2026-03-31 07:00:00,24.14,24.32,23.92,24.01,23553000,HPG
2026-04-01 07:00:00,24.41,24.5,24.19,24.23,31503700,HPG
2026-04-02 07:00:00,24.1,24.55,23.88,24.41,50005700,HPG
2026-04-03 07:00:00,24.41,24.46,23.74,23.79,31383300,HPG
2026-04-06 07:00:00,23.79,24.19,23.74,23.97,19748100,HPG
2026-04-07 07:00:00,23.92,24.19,23.88,23.92,13164600,HPG
2026-04-08 07:00:00,24.55,25.04,24.46,24.99,67646600,HPG
2026-04-09 07:00:00,24.9,25.53,24.68,25.22,51607600,HPG
2026-04-10 07:00:00,25.53,25.53,24.99,24.99,35473400,HPG
2026-04-13 07:00:00,24.86,25.13,24.81,24.81,23005200,HPG
2026-04-14 07:00:00,25.08,25.71,24.95,25.48,61934200,HPG
2026-04-15 07:00:00,25.62,25.66,25.04,25.04,29753200,HPG
2026-04-16 07:00:00,25.04,25.17,24.77,24.95,27972100,HPG
2026-04-17 07:00:00,24.95,25.22,24.9,24.99,21399500,HPG
2026-04-20 07:00:00,25.13,25.39,25.04,25.39,26441700,HPG
2026-04-21 07:00:00,26.02,26.29,25.44,25.48,99647300,HPG
2026-04-22 07:00:00,25.48,25.62,25.04,25.17,27745600,HPG
2026-04-23 07:00:00,25.17,25.3,24.64,24.81,41133900,HPG
2026-04-24 07:00:00,24.9,24.95,24.55,24.9,23402000,HPG
2026-04-28 07:00:00,24.81,24.99,24.72,24.77,14071500,HPG
2026-04-29 07:00:00,24.68,24.9,24.64,24.77,17239200,HPG
2026-05-04 07:00:00,24.77,24.95,24.46,24.64,32374300,HPG
2026-05-05 07:00:00,24.68,24.72,24.28,24.37,30692800,HPG
2026-05-06 07:00:00,24.46,24.81,24.37,24.64,27672000,HPG
2026-05-07 07:00:00,24.81,24.9,24.64,24.77,20348100,HPG
2026-05-08 07:00:00,24.77,24.9,24.59,24.86,20678200,HPG
2026-05-11 07:00:00,25.0,25.0,24.54,24.54,23658100,HPG
2026-05-12 07:00:00,24.54,24.72,24.4,24.45,19170900,HPG
2026-05-13 07:00:00,24.5,24.77,24.36,24.63,21544700,HPG
2026-05-14 07:00:00,24.81,24.9,24.59,24.59,14047100,HPG
2026-05-15 07:00:00,24.59,24.63,24.04,24.13,75838200,HPG
2026-05-18 07:00:00,24.09,24.27,23.86,24.04,27485500,HPG
2026-05-19 07:00:00,24.09,24.22,23.86,23.86,25111900,HPG
2026-05-20 07:00:00,23.9,24.0,23.4,23.81,40983800,HPG
2026-05-21 07:00:00,23.95,24.27,23.9,24.13,30562500,HPG
2026-05-22 07:00:00,24.18,24.22,23.95,23.95,25794000,HPG
2026-05-25 07:00:00,24.25,24.35,24.1,24.1,26989100,HPG
2026-05-26 07:00:00,24.1,24.25,24.0,24.25,20723700,HPG
2026-05-27 07:00:00,24.4,24.5,24.15,24.15,23114500,HPG
2026-05-28 07:00:00,24.15,24.25,24.0,24.0,15668300,HPG
2026-05-29 07:00:00,24.05,24.2,23.9,24.0,16365900,HPG
2026-06-01 07:00:00,24.0,24.15,23.95,24.05,9668300,HPG
2026-06-02 07:00:00,24.0,24.05,23.7,23.7,25529600,HPG
2026-06-03 07:00:00,23.7,24.15,23.6,24.15,20573500,HPG
2026-06-04 07:00:00,24.15,24.15,23.9,23.95,10065300,HPG
2026-06-05 07:00:00,23.95,24.05,23.75,23.75,13891200,HPG
2026-06-08 07:00:00,23.65,23.75,23.3,23.3,22769900,HPG
2026-06-09 07:00:00,23.35,23.55,23.3,23.55,12441700,HPG
2026-06-10 07:00:00,23.55,23.7,23.45,23.6,7505500,HPG
2026-06-11 07:00:00,23.5,23.55,23.3,23.3,10177700,HPG
2026-06-12 07:00:00,23.55,23.55,23.2,23.2,13271400,HPG
2026-06-15 07:00:00,23.55,24.35,23.55,24.35,30695200,HPG
2026-06-16 07:00:00,24.25,24.35,24.1,24.2,14145800,HPG
2026-06-17 07:00:00,24.2,24.3,24.0,24.0,19039000,HPG
2026-06-18 07:00:00,24.05,24.15,23.65,23.65,18040500,HPG
2026-06-19 07:00:00,23.8,23.9,23.6,23.6,20055700,HPG
2026-06-22 07:00:00,23.7,23.85,23.6,23.6,10684400,HPG
2026-06-23 07:00:00,23.65,23.7,23.3,23.3,29071800,HPG
2026-06-24 07:00:00,23.4,23.6,23.3,23.5,12927300,HPG
2026-06-25 07:00:00,23.5,23.6,23.4,23.4,7659100,HPG
2026-06-26 07:00:00,23.4,23.5,23.35,23.5,15468600,HPG
2026-06-29 07:00:00,23.55,23.65,23.45,23.65,14158200,HPG
2026-06-30 07:00:00,23.7,23.7,23.25,23.3,30593200,HPG
2026-07-01 07:00:00,23.4,23.55,23.35,23.45,14937400,HPG
2026-07-02 07:00:00,23.5,23.65,23.35,23.4,13367500,HPG
2026-07-03 07:00:00,23.4,23.5,23.25,23.25,15935100,HPG
2026-07-06 07:00:00,23.4,23.6,23.0,23.1,21299300,HPG
2026-07-07 07:00:00,23.2,23.25,23.0,23.1,13839600,HPG
2026-07-08 07:00:00,23.15,23.4,23.05,23.2,12499500,HPG
2026-07-09 07:00:00,23.2,23.25,23.1,23.2,11643400,HPG
2026-07-10 07:00:00,23.2,23.25,22.95,22.95,11906800,HPG
2026-07-13 07:00:00,22.95,22.95,22.35,22.4,32309000,HPG
2026-07-14 07:00:00,22.3,22.5,22.0,22.5,22481900,HPG
2026-07-15 07:00:00,22.5,22.6,22.15,22.4,21464500,HPG
2026-07-16 07:00:00,22.3,22.4,21.8,22.2,22880600,HPG
2026-07-17 07:00:00,22.2,22.35,21.85,21.85,17006300,HPG
2026-07-20 07:00:00,21.75,21.75,20.5,20.6,53245200,HPG
2026-07-21 07:00:00,20.5,21.15,20.5,20.8,27198700,HPG
2026-07-22 07:00:00,20.9,21.05,20.5,20.7,43471900,HPG
2026-07-23 07:00:00,20.7,21.0,20.15,20.8,36967600,HPG
2026-07-24 07:00:00,20.7,21.0,20.6,20.8,17632000,HPG
2026-07-27 07:00:00,20.9,21.0,20.3,20.35,18166800,HPG
2026-07-28 07:00:00,20.15,21.0,20.1,21.0,29151700,HPG
2026-07-29 07:00:00,21.05,21.65,20.9,21.65,36250000,HPG
2026-07-30 07:00:00,21.65,22.05,21.5,21.8,29968000,HPG
2026-07-31 07:00:00,21.8,21.85,21.4,21.7,24111500,HPG
2026-08-03 07:00:00,21.7,22.65,21.65,22.55,44448000,HPG
2026-08-04 07:00:00,22.55,22.6,22.1,22.15,22694000,HPG
2026-08-05 07:00:00,22.35,22.6,21.95,22.0,27963700,HPG
2026-08-06 07:00:00,22.25,22.3,21.85,21.85,14369400,HPG
2026-08-07 07:00:00,21.9,22.3,21.75,22.0,13018100,HPG
2026-08-10 07:00:00,22.25,22.3,21.95,22.1,16732700,HPG
2026-08-11 07:00:00,22.2,22.25,22.05,22.05,13694600,HPG
2026-08-12 07:00:00,22.0,22.35,21.95,22.1,15925100,HPG
2026-08-13 07:00:00,22.2,22.25,21.7,21.7,25702700,HPG
2026-08-14 07:00:00,21.7,21.8,21.2,21.25,27443600,HPG
2026-08-17 07:00:00,21.25,21.45,21.05,21.2,18455500,HPG
2026-08-18 07:00:00,21.15,21.4,21.0,21.0,16367500,HPG
2026-08-19 07:00:00,21.1,21.2,20.9,21.2,15312500,HPG
2026-08-20 07:00:00,21.25,21.45,21.15,21.15,15156400,HPG
2026-08-21 07:00:00,21.15,21.75,21.05,21.7,25138400,HPG
2026-08-24 07:00:00,22.0,22.3,21.85,22.25,28790200,HPG
2026-08-25 07:00:00,22.25,22.3,21.8,21.8,25844100,HPG
2026-08-26 07:00:00,21.8,22.1,21.75,22.05,19394800,HPG
2026-08-27 07:00:00,22.05,22.4,22.05,22.2,19201900,HPG
2026-08-28 07:00:00,22.25,22.35,22.05,22.1,17126700,HPG
2026-09-03 07:00:00,22.0,22.0,21.55,21.6,26985600,HPG
2026-09-04 07:00:00,21.75,21.8,21.6,21.7,13920900,HPG
2026-09-07 07:00:00,21.8,22.15,21.55,21.55,19957800,HPG
2026-09-08 07:00:00,21.55,21.9,21.55,21.85,13387600,HPG
2026-09-09 07:00:00,21.9,22.2,21.85,22.05,22432800,HPG
2026-09-10 07:00:00,22.0,22.05,21.8,21.85,13391400,HPG
2026-09-11 07:00:00,21.75,21.8,21.3,21.3,22031700,HPG
2026-09-14 07:00:00,21.3,21.4,20.85,20.9,24046000,HPG
2026-09-15 07:00:00,21.0,21.2,21.0,21.2,11937200,HPG
2026-09-16 07:00:00,21.2,21.25,20.95,20.95,12277500,HPG
2026-09-17 07:00:00,20.8,21.4,20.75,21.2,17574100,HPG
2026-09-18 07:00:00,21.45,21.55,21.3,21.55,31124900,HPG
2026-09-21 07:00:00,21.55,21.6,21.1,21.1,15824000,HPG
2026-09-22 07:00:00,21.15,21.25,21.1,21.15,8104500,HPG
2026-09-23 07:00:00,21.15,21.15,21.05,21.1,1493800,HPG
