time,open,high,low,close,volume,ticker
2019-01-02 07:00:00,14.15,14.41,13.69,13.69,87370,KDH
2019-01-03 07:00:00,13.62,13.71,13.62,13.69,251400,KDH
2019-01-04 07:00:00,13.65,13.69,13.05,13.69,156980,KDH
2019-01-07 07:00:00,13.69,13.71,13.32,13.67,131920,KDH
2019-01-08 07:00:00,13.62,13.67,13.45,13.67,171050,KDH
2019-01-09 07:00:00,13.62,13.65,13.54,13.58,461130,KDH
2019-01-10 07:00:00,13.58,13.58,13.47,13.54,170310,KDH
2019-01-11 07:00:00,13.51,13.54,13.38,13.4,178890,KDH
2019-01-14 07:00:00,13.4,13.4,13.05,13.25,259180,KDH
2019-01-15 07:00:00,13.23,13.25,13.12,13.21,169990,KDH
2019-01-16 07:00:00,13.21,13.43,13.18,13.21,104570,KDH
2019-01-17 07:00:00,13.21,13.21,13.1,13.18,103460,KDH
2019-01-18 07:00:00,13.12,13.18,13.01,13.12,165200,KDH
2019-01-21 07:00:00,13.07,13.14,13.03,13.12,147440,KDH
2019-01-22 07:00:00,13.1,13.21,13.1,13.21,87430,KDH
2019-01-23 07:00:00,13.21,13.23,13.16,13.21,98760,KDH
2019-01-24 07:00:00,13.21,13.23,13.14,13.21,132340,KDH
2019-01-25 07:00:00,13.21,13.21,13.14,13.18,90800,KDH
2019-01-28 07:00:00,13.18,13.23,13.16,13.23,82350,KDH
2019-01-29 07:00:00,13.23,13.27,13.21,13.23,122630,KDH
2019-01-30 07:00:00,13.23,13.27,13.23,13.23,87400,KDH
2019-01-31 07:00:00,13.25,13.29,13.21,13.23,67810,KDH
2019-02-01 07:00:00,13.23,13.25,13.18,13.25,55400,KDH
2019-02-11 07:00:00,13.25,13.29,13.23,13.27,131440,KDH
2019-02-12 07:00:00,13.29,13.62,13.27,13.36,252350,KDH
2019-02-13 07:00:00,13.36,13.49,13.29,13.36,212390,KDH
2019-02-14 07:00:00,13.32,13.36,13.29,13.29,141000,KDH
2019-02-15 07:00:00,13.29,13.84,13.25,13.71,267500,KDH
2019-02-18 07:00:00,13.71,13.76,13.49,13.67,139080,KDH
2019-02-19 07:00:00,13.62,13.67,13.56,13.58,190540,KDH
2019-02-20 07:00:00,13.56,13.76,13.45,13.69,275600,KDH
2019-02-21 07:00:00,13.71,13.76,13.67,13.71,169000,KDH
2019-02-22 07:00:00,13.71,13.71,13.58,13.62,147320,KDH
2019-02-25 07:00:00,13.62,13.67,13.56,13.62,92330,KDH
2019-02-26 07:00:00,13.62,13.8,13.62,13.71,221550,KDH
2019-02-27 07:00:00,13.69,13.97,13.54,13.62,651580,KDH
2019-02-28 07:00:00,13.62,13.67,13.54,13.54,125290,KDH
2019-03-01 07:00:00,13.54,13.67,13.51,13.62,156220,KDH
2019-03-04 07:00:00,13.67,14.33,13.67,14.06,562140,KDH
2019-03-05 07:00:00,14.06,14.11,13.97,14.0,190650,KDH
2019-03-06 07:00:00,14.0,14.02,13.62,13.8,180970,KDH
2019-03-07 07:00:00,13.8,13.84,13.62,13.62,280510,KDH
2019-03-08 07:00:00,13.6,13.6,13.32,13.45,553310,KDH
2019-03-11 07:00:00,13.49,13.65,13.4,13.65,156780,KDH
2019-03-12 07:00:00,13.65,13.84,13.65,13.84,239600,KDH
2019-03-13 07:00:00,13.69,13.84,13.6,13.71,188400,KDH
2019-03-14 07:00:00,13.71,13.71,13.6,13.69,132150,KDH
2019-03-15 07:00:00,13.65,13.71,13.65,13.71,146140,KDH
2019-03-18 07:00:00,13.76,13.8,13.71,13.71,101670,KDH
2019-03-19 07:00:00,13.71,14.0,13.71,13.84,275540,KDH
2019-03-20 07:00:00,13.84,13.95,13.82,13.89,217840,KDH
2019-03-21 07:00:00,13.93,13.97,13.76,13.86,209480,KDH
2019-03-22 07:00:00,13.84,13.86,13.78,13.8,178570,KDH
2019-03-25 07:00:00,13.71,13.71,13.4,13.49,239460,KDH
2019-03-26 07:00:00,13.54,13.67,13.54,13.62,110200,KDH
2019-03-27 07:00:00,13.62,13.78,13.62,13.67,72790,KDH
2019-03-28 07:00:00,13.67,14.24,13.65,14.11,423690,KDH
2019-03-29 07:00:00,14.19,14.19,13.93,13.93,194020,KDH
2019-04-01 07:00:00,13.93,14.11,13.91,14.06,199600,KDH
2019-04-02 07:00:00,14.06,14.66,14.0,14.15,587480,KDH
2019-04-03 07:00:00,14.15,14.15,14.02,14.02,129340,KDH
2019-04-04 07:00:00,14.02,14.15,14.02,14.04,135620,KDH
2019-04-05 07:00:00,14.04,14.55,13.86,14.33,358260,KDH
2019-04-08 07:00:00,14.19,14.37,14.06,14.15,206700,KDH
2019-04-09 07:00:00,14.19,14.24,13.84,13.84,452470,KDH
2019-04-10 07:00:00,13.82,13.93,13.65,13.76,510980,KDH
2019-04-11 07:00:00,13.76,13.93,13.6,13.65,498860,KDH
2019-04-12 07:00:00,13.8,14.06,13.71,14.02,131130,KDH
2019-04-16 07:00:00,13.89,13.97,13.8,13.84,52080,KDH
2019-04-17 07:00:00,13.89,13.93,13.78,13.84,274420,KDH
2019-04-18 07:00:00,13.84,14.06,13.8,13.91,234820,KDH
2019-04-19 07:00:00,13.93,13.97,13.8,13.89,121350,KDH
2019-04-22 07:00:00,13.89,13.93,13.78,13.84,150380,KDH
2019-04-23 07:00:00,13.84,13.84,13.47,13.62,475240,KDH
2019-04-24 07:00:00,13.62,13.76,13.54,13.65,88910,KDH
2019-04-25 07:00:00,13.71,13.78,13.49,13.62,201980,KDH
2019-04-26 07:00:00,13.62,13.71,13.58,13.62,73550,KDH
2019-05-02 07:00:00,13.62,13.71,13.58,13.62,71260,KDH
2019-05-03 07:00:00,13.58,13.65,13.58,13.62,80180,KDH
2019-05-06 07:00:00,13.58,13.58,13.4,13.4,130240,KDH
2019-05-07 07:00:00,13.49,13.67,13.32,13.4,272160,KDH
2019-05-08 07:00:00,13.4,13.45,13.14,13.18,201220,KDH
2019-05-09 07:00:00,13.23,13.23,12.94,13.05,164450,KDH
2019-05-10 07:00:00,13.14,13.14,12.83,12.83,296030,KDH
2019-05-13 07:00:00,12.96,13.23,12.9,13.23,125370,KDH
2019-05-14 07:00:00,13.18,13.23,12.96,12.96,98810,KDH
2019-05-15 07:00:00,13.01,13.23,13.01,13.23,168890,KDH
2019-05-16 07:00:00,13.27,13.43,13.27,13.36,128910,KDH
2019-05-17 07:00:00,13.36,13.45,13.34,13.36,98990,KDH
2019-05-20 07:00:00,13.36,13.36,13.18,13.36,190260,KDH
2019-05-21 07:00:00,13.36,13.36,13.27,13.27,95790,KDH
2019-05-22 07:00:00,13.36,13.45,13.32,13.36,145780,KDH
2019-05-23 07:00:00,13.36,13.58,13.32,13.58,166370,KDH
2019-05-24 07:00:00,13.58,13.82,13.58,13.6,255830,KDH
2019-05-27 07:00:00,13.58,13.67,13.45,13.6,90380,KDH
2019-05-28 07:00:00,13.6,13.6,13.49,13.6,88880,KDH
2019-05-29 07:00:00,13.6,13.62,13.54,13.58,137170,KDH
2019-05-30 07:00:00,13.62,13.62,13.56,13.6,78230,KDH
2019-05-31 07:00:00,13.6,13.62,13.54,13.62,174270,KDH
2019-06-03 07:00:00,13.62,13.62,13.54,13.6,139140,KDH
2019-06-04 07:00:00,13.6,13.62,13.58,13.6,87810,KDH
2019-06-05 07:00:00,13.62,13.62,13.45,13.58,83940,KDH
2019-06-06 07:00:00,13.58,13.6,13.49,13.58,69540,KDH
2019-06-07 07:00:00,13.49,13.6,13.49,13.58,96650,KDH
2019-06-10 07:00:00,13.6,13.67,13.56,13.62,199850,KDH
2019-06-11 07:00:00,13.68,13.91,13.68,13.77,115640,KDH
2019-06-12 07:00:00,13.8,13.86,13.74,13.8,186670,KDH
2019-06-13 07:00:00,13.8,13.86,13.74,13.8,80220,KDH
2019-06-14 07:00:00,13.8,14.2,13.8,14.17,227140,KDH
2019-06-17 07:00:00,14.2,14.26,13.91,13.91,113000,KDH
2019-06-18 07:00:00,13.91,14.06,13.86,14.06,130830,KDH
2019-06-19 07:00:00,14.2,14.2,14.03,14.2,346820,KDH
2019-06-20 07:00:00,14.2,14.32,14.09,14.26,164350,KDH
2019-06-21 07:00:00,14.26,14.26,14.12,14.12,100630,KDH
2019-06-24 07:00:00,14.09,14.15,13.86,13.86,197660,KDH
2019-06-25 07:00:00,13.86,13.91,13.68,13.91,241340,KDH
2019-06-26 07:00:00,13.91,13.91,13.74,13.8,91980,KDH
2019-06-27 07:00:00,13.8,14.2,13.71,14.2,193110,KDH
2019-06-28 07:00:00,14.15,14.15,13.57,14.15,719810,KDH
2019-07-01 07:00:00,13.97,13.97,13.74,13.83,78850,KDH
2019-07-02 07:00:00,13.83,13.86,13.74,13.83,61760,KDH
2019-07-03 07:00:00,13.8,13.83,13.68,13.71,92340,KDH
2019-07-04 07:00:00,13.71,13.8,13.59,13.71,72210,KDH
2019-07-05 07:00:00,13.71,13.71,13.51,13.51,101220,KDH
2019-07-08 07:00:00,13.51,13.51,13.3,13.39,177290,KDH
2019-07-09 07:00:00,13.45,13.45,13.25,13.33,89690,KDH
2019-07-10 07:00:00,13.33,13.39,13.25,13.33,160190,KDH
2019-07-11 07:00:00,13.45,13.51,13.16,13.22,283070,KDH
2019-07-12 07:00:00,13.22,13.33,13.1,13.22,278940,KDH
2019-07-15 07:00:00,13.22,13.19,12.75,12.99,504810,KDH
2019-07-16 07:00:00,12.9,12.99,12.67,12.81,445970,KDH
2019-07-17 07:00:00,12.81,12.81,12.64,12.81,419000,KDH
2019-07-18 07:00:00,12.84,13.07,12.7,12.81,470260,KDH
2019-07-19 07:00:00,12.87,13.04,12.81,12.99,378850,KDH
2019-07-22 07:00:00,13.07,13.07,12.87,12.93,170270,KDH
2019-07-23 07:00:00,12.87,12.9,12.75,12.81,290510,KDH
2019-07-24 07:00:00,12.81,12.81,12.64,12.7,334560,KDH
2019-07-25 07:00:00,12.7,12.7,12.52,12.52,416500,KDH
2019-07-26 07:00:00,12.58,12.75,12.58,12.64,254480,KDH
2019-07-29 07:00:00,12.72,12.72,12.64,12.67,291530,KDH
2019-07-30 07:00:00,12.7,12.72,12.61,12.67,516240,KDH
2019-07-31 07:00:00,12.75,12.87,12.7,12.87,206620,KDH
2019-08-01 07:00:00,12.87,13.33,12.87,13.28,565270,KDH
2019-08-02 07:00:00,13.28,13.28,13.1,13.28,241680,KDH
2019-08-05 07:00:00,13.28,13.28,13.1,13.19,183320,KDH
2019-08-06 07:00:00,12.99,13.13,12.87,13.04,315300,KDH
2019-08-07 07:00:00,12.99,13.3,13.07,13.3,344060,KDH
2019-08-08 07:00:00,13.3,13.62,13.3,13.57,432680,KDH
2019-08-09 07:00:00,13.62,13.74,13.57,13.68,299050,KDH
2019-08-12 07:00:00,13.68,13.68,13.39,13.57,466670,KDH
2019-08-13 07:00:00,13.51,13.57,13.51,13.57,279860,KDH
2019-08-14 07:00:00,13.57,13.62,13.51,13.59,246290,KDH
2019-08-15 07:00:00,13.51,13.62,13.51,13.62,319070,KDH
2019-08-16 07:00:00,13.62,14.12,13.62,13.91,370970,KDH
2019-08-19 07:00:00,13.91,14.03,13.74,13.91,127450,KDH
2019-08-20 07:00:00,13.86,13.91,13.8,13.86,176260,KDH
2019-08-21 07:00:00,13.86,14.0,13.8,13.94,501050,KDH
2019-08-22 07:00:00,13.97,14.03,13.97,14.0,253590,KDH
2019-08-23 07:00:00,14.0,14.03,13.97,14.0,296660,KDH
2019-08-26 07:00:00,13.91,14.0,13.91,13.97,135340,KDH
2019-08-27 07:00:00,14.0,14.0,13.88,13.91,173530,KDH
2019-08-28 07:00:00,13.91,13.94,13.88,13.91,132290,KDH
2019-08-29 07:00:00,13.88,13.91,13.86,13.91,80900,KDH
2019-08-30 07:00:00,13.91,13.97,13.88,13.94,127360,KDH
2019-09-03 07:00:00,13.94,13.97,13.77,13.77,208530,KDH
2019-09-04 07:00:00,13.94,13.88,13.8,13.86,130800,KDH
2019-09-05 07:00:00,13.88,13.88,13.77,13.83,117140,KDH
2019-09-06 07:00:00,13.8,13.83,13.74,13.8,86220,KDH
2019-09-09 07:00:00,13.8,13.8,13.71,13.71,99510,KDH
2019-09-10 07:00:00,13.71,13.83,13.71,13.77,222920,KDH
2019-09-11 07:00:00,13.77,13.83,13.74,13.8,202600,KDH
2019-09-12 07:00:00,13.83,13.88,13.8,13.86,297140,KDH
2019-09-13 07:00:00,13.83,13.94,13.83,13.88,249960,KDH
2019-09-16 07:00:00,13.86,14.84,13.86,14.78,1970760,KDH
2019-09-17 07:00:00,14.87,14.96,14.78,14.9,358240,KDH
2019-09-18 07:00:00,14.55,14.81,14.55,14.78,431230,KDH
2019-09-19 07:00:00,14.7,14.72,14.46,14.72,403780,KDH
2019-09-20 07:00:00,14.67,14.84,14.55,14.55,173820,KDH
2019-09-23 07:00:00,14.55,14.67,14.49,14.49,256250,KDH
2019-09-24 07:00:00,14.49,14.9,14.43,14.7,653270,KDH
2019-09-25 07:00:00,14.67,15.13,14.61,15.07,617850,KDH
2019-09-26 07:00:00,15.07,15.13,14.84,15.04,540470,KDH
2019-09-27 07:00:00,15.01,15.07,14.93,15.04,489320,KDH
2019-09-30 07:00:00,15.01,15.04,14.72,14.78,317650,KDH
2019-10-01 07:00:00,14.78,14.78,14.49,14.61,323600,KDH
2019-10-02 07:00:00,14.61,14.67,14.55,14.61,342880,KDH
2019-10-03 07:00:00,14.55,14.93,14.49,14.67,558290,KDH
2019-10-04 07:00:00,14.67,14.78,14.52,14.61,377650,KDH
2019-10-07 07:00:00,14.61,14.78,14.58,14.61,395830,KDH
2019-10-08 07:00:00,14.58,14.75,14.58,14.64,236800,KDH
2019-10-09 07:00:00,14.64,14.72,14.61,14.64,200860,KDH
2019-10-10 07:00:00,14.67,14.72,14.58,14.61,204820,KDH
2019-10-11 07:00:00,14.61,14.64,14.32,14.43,750090,KDH
2019-10-14 07:00:00,14.43,14.49,14.35,14.49,248380,KDH
2019-10-15 07:00:00,14.49,14.9,14.43,14.75,509910,KDH
2019-10-16 07:00:00,14.7,14.72,14.49,14.55,297940,KDH
2019-10-17 07:00:00,14.61,14.7,14.49,14.49,178930,KDH
2019-10-18 07:00:00,14.49,14.72,14.49,14.67,291340,KDH
2019-10-21 07:00:00,14.67,14.72,14.52,14.55,225790,KDH
2019-10-22 07:00:00,14.61,15.01,14.55,14.96,760380,KDH
2019-10-23 07:00:00,14.96,15.01,14.93,14.99,254760,KDH
2019-10-24 07:00:00,14.99,15.45,14.9,15.45,786640,KDH
2019-10-25 07:00:00,15.36,15.48,15.3,15.45,296380,KDH
2019-10-28 07:00:00,15.45,15.68,15.3,15.45,462280,KDH
2019-10-29 07:00:00,15.45,15.57,15.3,15.36,255290,KDH
2019-10-30 07:00:00,15.25,15.42,15.25,15.28,196300,KDH
2019-10-31 07:00:00,15.36,15.48,15.19,15.19,271510,KDH
2019-11-01 07:00:00,15.16,15.25,14.96,15.07,621800,KDH
2019-11-04 07:00:00,15.07,15.42,15.07,15.42,395160,KDH
2019-11-05 07:00:00,15.48,15.83,15.42,15.77,616040,KDH
2019-11-06 07:00:00,15.65,15.74,15.54,15.68,212510,KDH
2019-11-07 07:00:00,15.74,15.88,15.65,15.77,422060,KDH
2019-11-08 07:00:00,15.88,15.88,15.65,15.65,436180,KDH
2019-11-11 07:00:00,15.65,15.71,15.51,15.54,312470,KDH
2019-11-12 07:00:00,15.48,15.57,15.22,15.22,281340,KDH
2019-11-13 07:00:00,15.22,15.42,15.22,15.22,212730,KDH
2019-11-14 07:00:00,15.16,15.22,15.1,15.19,168810,KDH
2019-11-15 07:00:00,15.36,15.36,15.16,15.19,118540,KDH
2019-11-18 07:00:00,15.13,15.28,15.01,15.1,239510,KDH
2019-11-19 07:00:00,15.07,15.1,14.9,15.07,307710,KDH
2019-11-20 07:00:00,15.01,15.13,15.01,15.1,151960,KDH
2019-11-21 07:00:00,15.07,15.48,15.07,15.22,870410,KDH
2019-11-22 07:00:00,15.19,15.83,15.19,15.22,668220,KDH
2019-11-25 07:00:00,15.25,15.36,15.25,15.28,199980,KDH
2019-11-26 07:00:00,15.28,15.42,15.28,15.39,236240,KDH
2019-11-27 07:00:00,15.39,15.39,15.28,15.33,265630,KDH
2019-11-28 07:00:00,15.33,15.36,15.25,15.33,409410,KDH
2019-11-29 07:00:00,15.36,15.36,15.28,15.3,322100,KDH
2019-12-02 07:00:00,15.3,15.36,15.28,15.3,416910,KDH
2019-12-03 07:00:00,15.3,15.42,15.13,15.39,388300,KDH
2019-12-04 07:00:00,15.36,15.59,15.36,15.51,308340,KDH
2019-12-05 07:00:00,15.54,15.71,15.51,15.65,494890,KDH
2019-12-06 07:00:00,15.65,15.71,15.59,15.68,252540,KDH
2019-12-09 07:00:00,15.62,15.65,15.48,15.57,290730,KDH
2019-12-10 07:00:00,15.54,15.59,15.45,15.54,271360,KDH
2019-12-11 07:00:00,15.54,15.54,15.48,15.51,215380,KDH
2019-12-12 07:00:00,15.51,15.71,15.51,15.65,291020,KDH
2019-12-13 07:00:00,15.65,15.83,15.62,15.71,516510,KDH
2019-12-16 07:00:00,15.71,15.83,15.65,15.71,316230,KDH
2019-12-17 07:00:00,15.83,15.83,15.36,15.42,248870,KDH
2019-12-18 07:00:00,15.42,15.42,15.16,15.22,294120,KDH
2019-12-19 07:00:00,15.22,15.36,15.13,15.25,142780,KDH
2019-12-20 07:00:00,15.28,15.45,15.25,15.42,164640,KDH
2019-12-23 07:00:00,15.45,15.48,15.42,15.42,131930,KDH
2019-12-24 07:00:00,15.42,15.59,15.42,15.57,265090,KDH
2019-12-25 07:00:00,15.57,15.62,15.51,15.57,180530,KDH
2019-12-26 07:00:00,15.57,15.65,15.45,15.57,385170,KDH
2019-12-27 07:00:00,15.57,15.59,15.51,15.59,156240,KDH
2019-12-30 07:00:00,15.59,15.65,15.54,15.65,354580,KDH
2019-12-31 07:00:00,15.65,15.65,15.51,15.59,698370,KDH
2020-01-02 07:00:00,15.42,15.45,15.25,15.36,343020,KDH
2020-01-03 07:00:00,15.36,15.42,15.19,15.3,353970,KDH
2020-01-06 07:00:00,15.28,15.36,15.07,15.36,319660,KDH
2020-01-07 07:00:00,15.3,15.36,15.13,15.25,128550,KDH
2020-01-08 07:00:00,15.07,15.22,14.61,14.78,412780,KDH
2020-01-09 07:00:00,14.81,15.01,14.55,14.84,247010,KDH
2020-01-10 07:00:00,14.81,14.87,14.61,14.84,283200,KDH
2020-01-13 07:00:00,14.81,14.87,14.78,14.84,91330,KDH
2020-01-14 07:00:00,14.78,14.87,14.72,14.84,108520,KDH
2020-01-15 07:00:00,14.84,14.87,14.75,14.84,72090,KDH
2020-01-16 07:00:00,14.81,14.96,14.78,14.96,140170,KDH
2020-01-17 07:00:00,14.96,15.01,14.9,14.96,79520,KDH
2020-01-20 07:00:00,14.93,14.96,14.87,14.96,75490,KDH
2020-01-21 07:00:00,14.93,15.01,14.78,14.99,381440,KDH
2020-01-22 07:00:00,14.96,15.07,14.96,15.01,120650,KDH
2020-01-30 07:00:00,14.9,14.96,14.61,14.78,185620,KDH
2020-01-31 07:00:00,14.78,14.78,14.38,14.49,196240,KDH
2020-02-03 07:00:00,14.09,14.38,13.91,14.32,241080,KDH
2020-02-04 07:00:00,14.32,14.41,14.15,14.32,252520,KDH
2020-02-05 07:00:00,14.29,14.35,14.26,14.35,192860,KDH
2020-02-06 07:00:00,14.35,14.46,14.2,14.43,262650,KDH
2020-02-07 07:00:00,14.43,14.43,14.32,14.43,110820,KDH
2020-02-10 07:00:00,14.41,14.43,14.32,14.43,106900,KDH
2020-02-11 07:00:00,14.41,14.49,14.38,14.49,152870,KDH
2020-02-12 07:00:00,14.46,14.67,14.43,14.67,153260,KDH
2020-02-13 07:00:00,14.55,14.61,14.41,14.43,102180,KDH
2020-02-14 07:00:00,14.38,14.41,14.03,14.2,464310,KDH
2020-02-17 07:00:00,14.06,14.2,14.06,14.2,296120,KDH
2020-02-18 07:00:00,14.2,14.23,14.12,14.2,181170,KDH
2020-02-19 07:00:00,14.17,14.2,14.15,14.2,128710,KDH
2020-02-20 07:00:00,14.2,14.23,14.17,14.23,287650,KDH
2020-02-21 07:00:00,14.23,14.29,14.15,14.23,400170,KDH
2020-02-24 07:00:00,14.09,14.2,14.03,14.12,445530,KDH
2020-02-25 07:00:00,14.09,14.32,14.09,14.32,152980,KDH
2020-02-26 07:00:00,14.2,14.26,14.15,14.2,86790,KDH
2020-02-27 07:00:00,14.17,14.38,14.17,14.38,171130,KDH
2020-02-28 07:00:00,14.15,14.32,14.15,14.23,102250,KDH
2020-03-02 07:00:00,14.23,14.29,14.2,14.26,193070,KDH
2020-03-03 07:00:00,14.38,14.38,14.23,14.26,186820,KDH
2020-03-04 07:00:00,14.26,14.43,14.26,14.38,205010,KDH
2020-03-05 07:00:00,14.38,14.41,14.35,14.38,100370,KDH
2020-03-06 07:00:00,14.35,14.35,14.2,14.2,125780,KDH
2020-03-09 07:00:00,13.91,14.03,13.33,13.33,582800,KDH
2020-03-10 07:00:00,13.33,13.62,13.33,13.62,150820,KDH
2020-03-11 07:00:00,13.62,13.71,13.16,13.33,171290,KDH
2020-03-12 07:00:00,12.87,13.28,12.41,12.55,263770,KDH
2020-03-13 07:00:00,12.46,12.46,11.68,12.23,432310,KDH
2020-03-16 07:00:00,12.23,12.23,11.59,11.8,298420,KDH
2020-03-17 07:00:00,11.54,12.17,11.54,12.17,201400,KDH
2020-03-18 07:00:00,12.2,12.2,12.03,12.17,274660,KDH
2020-03-19 07:00:00,12.06,12.17,11.71,12.17,213960,KDH
2020-03-20 07:00:00,12.17,12.17,11.57,11.59,566210,KDH
2020-03-23 07:00:00,11.59,11.59,10.96,11.01,236800,KDH
2020-03-24 07:00:00,11.48,11.48,10.67,11.1,228300,KDH
2020-03-25 07:00:00,11.13,11.33,11.1,11.22,364740,KDH
2020-03-26 07:00:00,11.25,11.71,11.19,11.22,627430,KDH
2020-03-27 07:00:00,11.25,11.33,11.19,11.28,161610,KDH
2020-03-30 07:00:00,11.13,11.22,10.84,10.9,173010,KDH
2020-03-31 07:00:00,10.9,11.01,10.14,10.72,317340,KDH
2020-04-01 07:00:00,10.72,10.75,10.43,10.67,256170,KDH
2020-04-03 07:00:00,10.78,10.81,10.49,10.61,455210,KDH
2020-04-06 07:00:00,10.61,11.01,10.46,10.84,780740,KDH
2020-04-07 07:00:00,10.96,11.01,10.67,10.84,466250,KDH
2020-04-08 07:00:00,10.72,11.48,10.72,11.3,945510,KDH
2020-04-09 07:00:00,11.3,11.65,11.3,11.59,648850,KDH
2020-04-10 07:00:00,11.65,11.65,11.3,11.54,234330,KDH
2020-04-13 07:00:00,11.36,11.83,11.36,11.68,735890,KDH
2020-04-14 07:00:00,11.65,11.94,11.65,11.71,502130,KDH
2020-04-15 07:00:00,11.83,11.97,11.83,11.97,559480,KDH
2020-04-16 07:00:00,12.0,12.0,11.88,11.94,517930,KDH
2020-04-17 07:00:00,11.97,12.17,11.97,12.12,950520,KDH
2020-04-20 07:00:00,12.12,12.17,12.06,12.12,559680,KDH
2020-04-21 07:00:00,12.06,12.06,11.42,11.83,694050,KDH
2020-04-22 07:00:00,11.71,11.88,11.48,11.86,567860,KDH
2020-04-23 07:00:00,11.83,11.91,11.74,11.88,445860,KDH
2020-04-24 07:00:00,11.88,11.94,11.83,11.88,378450,KDH
2020-04-27 07:00:00,11.91,11.94,11.86,11.88,524000,KDH
2020-04-28 07:00:00,11.91,11.97,11.86,11.91,409390,KDH
2020-04-29 07:00:00,12.15,12.17,11.91,12.15,876730,KDH
2020-05-04 07:00:00,12.12,12.17,12.06,12.12,532680,KDH
2020-05-05 07:00:00,12.15,12.23,12.12,12.17,952670,KDH
2020-05-06 07:00:00,12.2,12.26,12.0,12.17,1020600,KDH
2020-05-07 07:00:00,12.23,12.32,12.2,12.26,1095220,KDH
2020-05-08 07:00:00,12.32,12.41,12.29,12.38,1027960,KDH
2020-05-11 07:00:00,12.38,12.41,12.32,12.38,769000,KDH
2020-05-12 07:00:00,12.41,13.07,12.38,13.07,1426970,KDH
2020-05-13 07:00:00,12.93,13.36,12.72,13.33,1050270,KDH
2020-05-14 07:00:00,13.33,13.36,13.04,13.3,541760,KDH
2020-05-15 07:00:00,13.22,13.22,12.75,12.75,876170,KDH
2020-05-18 07:00:00,12.75,12.81,12.58,12.64,267870,KDH
2020-05-19 07:00:00,12.75,12.99,12.64,12.99,1375670,KDH
2020-05-20 07:00:00,12.93,12.96,12.75,12.87,498750,KDH
2020-05-21 07:00:00,12.9,12.93,12.75,12.75,420140,KDH
2020-05-22 07:00:00,12.78,12.78,12.32,12.35,654160,KDH
2020-05-25 07:00:00,12.41,12.61,12.35,12.58,384940,KDH
2020-05-26 07:00:00,12.58,12.78,12.58,12.78,639110,KDH
2020-05-27 07:00:00,12.84,12.87,12.49,12.58,438170,KDH
2020-05-28 07:00:00,12.64,12.7,12.55,12.61,194020,KDH
2020-05-29 07:00:00,12.61,12.78,12.61,12.75,636980,KDH
2020-06-01 07:00:00,12.81,12.9,12.72,12.9,500190,KDH
2020-06-02 07:00:00,12.99,13.04,12.78,12.9,805820,KDH
2020-06-03 07:00:00,12.81,13.45,12.75,13.45,1355550,KDH
2020-06-04 07:00:00,13.45,13.68,13.3,13.33,1333970,KDH
2020-06-05 07:00:00,13.36,13.59,13.28,13.54,1012930,KDH
2020-06-08 07:00:00,13.54,14.03,13.54,13.86,702370,KDH
2020-06-09 07:00:00,13.86,13.97,13.62,13.62,891610,KDH
2020-06-10 07:00:00,13.42,13.65,13.42,13.65,1454910,KDH
2020-06-11 07:00:00,13.74,13.91,13.33,13.54,1061760,KDH
2020-06-12 07:00:00,13.28,13.48,13.16,13.45,964400,KDH
2020-06-15 07:00:00,13.51,13.57,13.22,13.33,627870,KDH
2020-06-16 07:00:00,13.39,13.51,13.39,13.51,367980,KDH
2020-06-17 07:00:00,13.54,13.54,13.45,13.51,299130,KDH
2020-06-18 07:00:00,13.36,13.62,13.36,13.57,367240,KDH
2020-06-19 07:00:00,13.59,14.15,13.59,14.09,876080,KDH
2020-06-22 07:00:00,14.2,14.2,13.88,14.06,566040,KDH
2020-06-23 07:00:00,14.09,14.09,13.86,13.97,900610,KDH
2020-06-24 07:00:00,13.97,14.03,13.8,13.91,696100,KDH
2020-06-25 07:00:00,13.8,13.88,13.62,13.83,651610,KDH
2020-06-26 07:00:00,13.8,13.83,13.65,13.68,614300,KDH
2020-06-29 07:00:00,13.68,13.8,13.22,13.45,735640,KDH
2020-06-30 07:00:00,13.45,13.51,13.19,13.45,475130,KDH
2020-07-01 07:00:00,13.45,13.54,13.33,13.51,236030,KDH
2020-07-02 07:00:00,13.45,13.62,13.28,13.62,699900,KDH
2020-07-03 07:00:00,13.65,14.03,13.65,13.91,597160,KDH
2020-07-06 07:00:00,13.91,14.06,13.91,14.0,316590,KDH
2020-07-07 07:00:00,14.0,14.0,13.91,13.94,271640,KDH
2020-07-08 07:00:00,13.88,13.91,13.83,13.91,357990,KDH
2020-07-09 07:00:00,13.91,13.91,13.77,13.91,595500,KDH
2020-07-10 07:00:00,13.86,14.0,13.8,14.0,436560,KDH
2020-07-13 07:00:00,14.06,14.26,14.0,14.03,932440,KDH
2020-07-14 07:00:00,14.0,14.09,14.0,14.03,232340,KDH
2020-07-15 07:00:00,14.09,14.2,14.06,14.2,543180,KDH
2020-07-16 07:00:00,14.32,14.7,14.26,14.7,1176680,KDH
2020-07-17 07:00:00,14.7,14.7,14.46,14.52,365900,KDH
2020-07-20 07:00:00,14.52,14.52,14.26,14.26,740840,KDH
2020-07-21 07:00:00,14.38,14.55,14.2,14.35,529530,KDH
2020-07-22 07:00:00,14.38,14.41,14.23,14.35,461050,KDH
2020-07-23 07:00:00,14.35,14.41,14.29,14.38,306990,KDH
2020-07-24 07:00:00,14.38,14.38,13.88,14.15,1055320,KDH
2020-07-27 07:00:00,13.57,13.91,13.33,13.33,712260,KDH
2020-07-28 07:00:00,13.19,13.74,13.19,13.74,396620,KDH
2020-07-29 07:00:00,13.62,13.62,13.28,13.62,265730,KDH
2020-07-30 07:00:00,13.68,13.88,13.68,13.88,273280,KDH
2020-07-31 07:00:00,13.8,13.94,13.25,13.25,1471660,KDH
2020-08-03 07:00:00,13.39,13.74,13.39,13.68,198590,KDH
2020-08-04 07:00:00,13.74,14.12,13.68,14.12,363840,KDH
2020-08-05 07:00:00,14.12,14.41,14.03,14.35,318600,KDH
2020-08-06 07:00:00,14.26,14.43,14.26,14.35,321800,KDH
2020-08-07 07:00:00,14.35,14.35,14.17,14.23,328240,KDH
2020-08-10 07:00:00,14.23,14.32,14.2,14.2,549960,KDH
2020-08-11 07:00:00,14.2,14.26,13.97,14.15,279810,KDH
2020-08-12 07:00:00,14.15,14.17,13.94,14.0,320710,KDH
2020-08-13 07:00:00,14.09,14.23,14.0,14.23,369970,KDH
2020-08-14 07:00:00,14.23,14.43,14.23,14.23,445490,KDH
2020-08-17 07:00:00,14.26,14.32,14.15,14.23,352730,KDH
2020-08-18 07:00:00,14.23,14.29,14.2,14.23,360700,KDH
2020-08-19 07:00:00,14.39,14.51,14.26,14.45,283990,KDH
2020-08-20 07:00:00,14.42,14.57,14.36,14.45,614950,KDH
2020-08-21 07:00:00,14.45,14.82,14.45,14.79,901320,KDH
2020-08-24 07:00:00,14.85,14.88,14.76,14.82,425800,KDH
2020-08-25 07:00:00,14.85,15.26,14.82,15.26,1195060,KDH
2020-08-26 07:00:00,15.26,15.32,14.98,15.22,378880,KDH
2020-08-27 07:00:00,15.07,15.29,15.07,15.26,550440,KDH
2020-08-28 07:00:00,15.19,15.26,15.19,15.19,446000,KDH
2020-08-31 07:00:00,15.19,15.26,15.04,15.1,562860,KDH
2020-09-01 07:00:00,15.1,15.19,15.01,15.16,492190,KDH
2020-09-03 07:00:00,15.22,15.5,15.22,15.5,1166890,KDH
2020-09-04 07:00:00,15.38,15.81,15.38,15.47,779920,KDH
2020-09-07 07:00:00,15.47,15.47,15.1,15.1,533690,KDH
2020-09-08 07:00:00,15.07,15.13,14.91,15.1,420510,KDH
2020-09-09 07:00:00,14.88,15.1,14.82,15.01,410220,KDH
2020-09-10 07:00:00,15.13,15.13,14.85,14.85,721800,KDH
2020-09-11 07:00:00,14.85,15.01,14.76,14.95,753970,KDH
2020-09-14 07:00:00,15.01,15.16,14.98,15.13,422740,KDH
2020-09-15 07:00:00,15.19,15.29,15.19,15.19,573640,KDH
2020-09-16 07:00:00,15.19,15.22,15.04,15.13,282800,KDH
2020-09-17 07:00:00,15.13,15.13,14.88,14.95,726490,KDH
2020-09-18 07:00:00,14.98,15.1,14.98,15.07,329490,KDH
2020-09-21 07:00:00,15.1,15.13,15.07,15.1,714600,KDH
2020-09-22 07:00:00,15.1,15.47,15.1,15.35,952030,KDH
2020-09-23 07:00:00,15.32,15.38,15.22,15.22,591270,KDH
2020-09-24 07:00:00,15.22,15.26,15.01,15.13,556500,KDH
2020-09-25 07:00:00,15.16,15.16,14.98,15.01,524660,KDH
2020-09-28 07:00:00,15.01,15.07,14.95,15.01,281670,KDH
2020-09-29 07:00:00,15.01,15.16,14.95,15.13,458040,KDH
2020-09-30 07:00:00,15.1,15.13,14.88,15.04,541530,KDH
2020-10-01 07:00:00,15.07,15.13,15.04,15.1,360380,KDH
2020-10-02 07:00:00,15.1,15.1,14.79,15.04,928170,KDH
2020-10-05 07:00:00,15.04,15.38,15.01,15.32,716860,KDH
2020-10-06 07:00:00,15.47,15.6,15.35,15.44,918350,KDH
2020-10-07 07:00:00,15.44,15.44,15.22,15.26,406060,KDH
2020-10-08 07:00:00,15.26,15.26,14.98,15.04,491910,KDH
2020-10-09 07:00:00,15.04,15.07,14.85,15.04,440240,KDH
2020-10-12 07:00:00,15.07,15.07,14.88,14.95,687060,KDH
2020-10-13 07:00:00,14.88,14.95,14.64,14.79,850770,KDH
2020-10-14 07:00:00,14.7,14.91,14.67,14.88,261800,KDH
2020-10-15 07:00:00,14.85,14.85,14.64,14.85,541610,KDH
2020-10-16 07:00:00,14.82,14.82,14.64,14.73,683570,KDH
2020-10-19 07:00:00,14.73,14.76,14.64,14.7,776120,KDH
2020-10-20 07:00:00,14.79,15.07,14.73,14.82,811810,KDH
2020-10-21 07:00:00,14.88,14.88,14.79,14.85,369330,KDH
2020-10-22 07:00:00,14.85,14.88,14.79,14.85,1380110,KDH
2020-10-23 07:00:00,14.85,15.13,14.82,15.13,1239270,KDH
2020-10-26 07:00:00,15.16,15.35,15.13,15.26,681450,KDH
2020-10-27 07:00:00,15.26,15.32,15.07,15.07,461280,KDH
2020-10-28 07:00:00,15.07,15.13,14.82,14.88,746210,KDH
2020-10-29 07:00:00,14.88,14.91,14.76,14.85,931850,KDH
2020-10-30 07:00:00,14.88,15.5,14.79,15.5,2443570,KDH
2020-11-02 07:00:00,15.26,15.29,15.07,15.13,397380,KDH
2020-11-03 07:00:00,15.13,15.19,15.07,15.1,565540,KDH
2020-11-04 07:00:00,15.1,15.13,15.01,15.07,974330,KDH
2020-11-05 07:00:00,15.07,15.6,15.07,15.47,3511060,KDH
2020-11-06 07:00:00,15.5,15.53,15.26,15.26,1038960,KDH
2020-11-09 07:00:00,15.32,15.75,15.19,15.41,1808490,KDH
2020-11-10 07:00:00,15.5,15.5,15.16,15.16,1525060,KDH
2020-11-11 07:00:00,15.19,15.38,14.85,15.13,2530790,KDH
2020-11-12 07:00:00,15.13,15.29,15.07,15.13,1212020,KDH
2020-11-13 07:00:00,15.29,15.35,15.13,15.35,1023280,KDH
2020-11-16 07:00:00,15.38,15.41,15.01,15.07,2381080,KDH
2020-11-17 07:00:00,15.07,15.22,15.01,15.13,1827690,KDH
2020-11-18 07:00:00,15.19,15.44,15.16,15.26,1110000,KDH
2020-11-19 07:00:00,15.41,15.41,15.22,15.35,1217150,KDH
2020-11-20 07:00:00,15.35,16.4,15.29,16.4,6066190,KDH
2020-11-23 07:00:00,16.56,16.71,16.31,16.5,1772520,KDH
2020-11-24 07:00:00,16.5,16.5,16.0,16.22,1508330,KDH
2020-11-25 07:00:00,16.46,16.46,16.06,16.09,1664620,KDH
2020-11-26 07:00:00,16.06,16.56,16.06,16.28,2058730,KDH
2020-11-27 07:00:00,16.31,16.5,16.25,16.37,2549720,KDH
2020-11-30 07:00:00,16.74,16.81,16.46,16.59,3255650,KDH
2020-12-01 07:00:00,16.37,16.62,16.28,16.46,1677010,KDH
2020-12-02 07:00:00,16.46,17.12,16.43,16.65,2685130,KDH
2020-12-03 07:00:00,16.62,16.87,16.53,16.77,2276280,KDH
2020-12-04 07:00:00,16.77,16.84,16.68,16.71,1328770,KDH
2020-12-07 07:00:00,16.71,16.93,16.71,16.87,1587990,KDH
2020-12-08 07:00:00,16.87,16.93,16.68,16.9,1560270,KDH
2020-12-09 07:00:00,16.9,17.24,16.74,17.12,1307160,KDH
2020-12-10 07:00:00,17.12,17.67,17.05,17.36,3048980,KDH
2020-12-11 07:00:00,17.55,17.64,17.3,17.33,1786630,KDH
2020-12-14 07:00:00,17.36,17.77,17.33,17.55,2162070,KDH
2020-12-15 07:00:00,17.46,17.61,17.08,17.18,3071580,KDH
2020-12-16 07:00:00,17.36,17.58,17.15,17.49,1870300,KDH
2020-12-17 07:00:00,17.49,17.49,16.87,17.05,3252360,KDH
2020-12-18 07:00:00,16.99,17.27,16.96,17.18,2520760,KDH
2020-12-21 07:00:00,17.12,17.52,17.12,17.43,1751610,KDH
2020-12-22 07:00:00,17.43,18.11,17.27,17.86,2052640,KDH
2020-12-23 07:00:00,17.92,17.98,17.67,17.86,1149480,KDH
2020-12-24 07:00:00,17.8,17.86,17.05,17.55,1820930,KDH
2020-12-25 07:00:00,17.49,17.64,17.12,17.64,1210400,KDH
2020-12-28 07:00:00,17.67,17.74,17.49,17.64,1459850,KDH
2020-12-29 07:00:00,17.61,18.17,17.49,17.89,2112050,KDH
2020-12-30 07:00:00,17.89,18.23,17.83,17.98,1243160,KDH
2020-12-31 07:00:00,17.98,18.23,17.95,18.17,591430,KDH
2021-01-04 07:00:00,18.29,18.39,18.05,18.2,1284600,KDH
2021-01-05 07:00:00,18.11,18.29,18.05,18.23,886200,KDH
2021-01-06 07:00:00,18.23,19.1,18.23,18.6,1741400,KDH
2021-01-07 07:00:00,18.67,19.04,18.6,18.79,1646400,KDH
2021-01-08 07:00:00,18.98,19.04,18.63,18.91,1314900,KDH
2021-01-11 07:00:00,18.91,20.22,18.79,20.19,2166900,KDH
2021-01-12 07:00:00,20.28,20.96,19.91,20.65,1492200,KDH
2021-01-13 07:00:00,20.62,20.71,20.09,20.34,1731100,KDH
2021-01-14 07:00:00,20.15,20.53,19.97,20.46,1309700,KDH
2021-01-15 07:00:00,20.46,21.24,20.28,21.08,1743600,KDH
2021-01-18 07:00:00,21.08,21.08,20.77,20.87,1295500,KDH
2021-01-19 07:00:00,20.87,20.87,19.44,19.78,2189800,KDH
2021-01-20 07:00:00,19.75,20.53,19.16,20.34,1311200,KDH
2021-01-21 07:00:00,20.53,20.68,20.03,20.46,1051600,KDH
2021-01-22 07:00:00,20.46,21.18,20.4,21.05,1412300,KDH
2021-01-25 07:00:00,21.05,22.08,21.02,22.01,1970600,KDH
2021-01-26 07:00:00,22.08,22.2,21.12,21.58,1425600,KDH
2021-01-27 07:00:00,21.21,21.7,20.77,21.24,1654300,KDH
2021-01-28 07:00:00,19.91,20.46,19.78,19.78,1491900,KDH
2021-01-29 07:00:00,18.79,21.15,18.79,19.78,1301000,KDH
2021-02-01 07:00:00,19.91,19.97,18.48,18.54,1581100,KDH
2021-02-02 07:00:00,18.17,19.44,17.67,18.94,2290100,KDH
2021-02-03 07:00:00,19.22,20.25,19.01,19.63,1430500,KDH
2021-02-04 07:00:00,19.78,20.4,19.38,20.28,1011500,KDH
2021-02-05 07:00:00,20.28,20.59,20.15,20.31,885900,KDH
2021-02-08 07:00:00,20.46,20.46,18.91,19.22,2232000,KDH
2021-02-09 07:00:00,19.22,19.84,19.1,19.78,1565400,KDH
2021-02-17 07:00:00,20.22,21.08,19.97,20.77,742200,KDH
2021-02-18 07:00:00,20.84,21.39,20.4,21.27,1236800,KDH
2021-02-19 07:00:00,20.77,21.27,20.77,21.02,661100,KDH
2021-02-22 07:00:00,21.08,21.33,20.68,21.02,1228100,KDH
2021-02-23 07:00:00,20.9,21.15,20.65,20.77,1473800,KDH
2021-02-24 07:00:00,20.77,20.96,20.28,20.4,1472000,KDH
2021-02-25 07:00:00,20.4,20.53,19.84,20.09,2183500,KDH
2021-02-26 07:00:00,19.72,19.91,19.53,19.78,2163800,KDH
2021-03-01 07:00:00,19.97,20.15,19.78,20.15,1398800,KDH
2021-03-02 07:00:00,20.46,20.46,20.15,20.34,1354400,KDH
2021-03-03 07:00:00,20.46,20.46,20.25,20.34,1721500,KDH
2021-03-04 07:00:00,20.34,20.43,19.41,19.81,1164500,KDH
2021-03-05 07:00:00,19.66,19.66,19.13,19.5,2104000,KDH
2021-03-08 07:00:00,19.53,19.78,19.13,19.29,2586100,KDH
2021-03-09 07:00:00,19.22,19.26,18.73,19.1,1904700,KDH
2021-03-10 07:00:00,19.13,20.15,18.98,19.66,1965600,KDH
2021-03-11 07:00:00,19.97,19.97,19.29,19.57,1192000,KDH
2021-03-12 07:00:00,19.57,19.66,19.26,19.32,1911700,KDH
2021-03-15 07:00:00,19.35,19.57,19.29,19.44,1416300,KDH
2021-03-16 07:00:00,19.47,19.47,19.16,19.38,1203000,KDH
2021-03-17 07:00:00,19.47,19.72,19.35,19.53,1904400,KDH
2021-03-18 07:00:00,19.66,20.03,19.53,19.97,1755000,KDH
2021-03-19 07:00:00,20.03,20.31,19.78,20.12,2289800,KDH
2021-03-22 07:00:00,20.19,20.19,19.84,19.84,1251800,KDH
2021-03-23 07:00:00,19.84,19.84,19.35,19.47,1387800,KDH
2021-03-24 07:00:00,19.29,19.41,18.91,19.16,1651900,KDH
2021-03-25 07:00:00,19.16,19.26,18.54,19.16,1804200,KDH
2021-03-26 07:00:00,18.98,19.04,18.48,18.6,1308100,KDH
2021-03-29 07:00:00,18.73,18.91,18.63,18.85,779900,KDH
2021-03-30 07:00:00,18.85,19.13,18.79,18.85,1256700,KDH
2021-03-31 07:00:00,18.85,19.01,18.73,18.88,1324500,KDH
2021-04-01 07:00:00,18.91,19.29,18.88,19.22,2047300,KDH
2021-04-02 07:00:00,19.44,19.53,19.35,19.41,1086800,KDH
2021-04-05 07:00:00,19.47,19.57,18.94,19.04,2108200,KDH
2021-04-06 07:00:00,18.91,19.35,18.88,19.19,1620200,KDH
2021-04-07 07:00:00,19.22,19.29,19.04,19.13,1649900,KDH
2021-04-08 07:00:00,19.41,20.15,19.41,19.47,3222500,KDH
2021-04-09 07:00:00,19.84,19.91,19.66,19.75,1600800,KDH
2021-04-12 07:00:00,19.84,20.0,19.72,19.91,1776500,KDH
2021-04-13 07:00:00,19.97,19.97,19.44,19.5,2402600,KDH
2021-04-14 07:00:00,19.47,19.75,19.22,19.66,1345900,KDH
2021-04-15 07:00:00,19.72,19.78,19.22,19.29,3427100,KDH
2021-04-16 07:00:00,19.26,19.6,19.1,19.47,2106100,KDH
2021-04-19 07:00:00,19.6,20.81,19.35,20.53,7732600,KDH
2021-04-20 07:00:00,20.56,21.58,20.56,21.18,5564200,KDH
2021-04-22 07:00:00,21.27,21.52,20.46,20.46,5113700,KDH
2021-04-23 07:00:00,20.46,21.89,20.09,21.89,7512000,KDH
2021-04-26 07:00:00,22.2,22.32,21.33,21.39,3947900,KDH
2021-04-27 07:00:00,21.15,21.95,21.15,21.43,4093800,KDH
2021-04-28 07:00:00,21.33,22.14,21.24,21.61,8048000,KDH
2021-04-29 07:00:00,21.77,22.2,21.67,21.8,11026900,KDH
2021-05-04 07:00:00,21.7,23.29,21.39,22.91,6013700,KDH
2021-05-05 07:00:00,23.01,23.13,22.57,22.67,4372700,KDH
2021-05-06 07:00:00,22.57,23.19,22.48,22.6,4334300,KDH
2021-05-07 07:00:00,22.54,22.7,22.08,22.51,6818700,KDH
2021-05-10 07:00:00,22.45,22.82,22.2,22.6,4548300,KDH
2021-05-11 07:00:00,22.6,23.32,22.45,22.82,5788900,KDH
2021-05-12 07:00:00,22.82,23.04,22.45,23.01,3297900,KDH
2021-05-13 07:00:00,22.94,23.1,22.67,22.76,3389100,KDH
2021-05-14 07:00:00,22.94,23.56,22.73,23.1,4937300,KDH
2021-05-17 07:00:00,23.1,23.19,22.51,22.63,4412900,KDH
2021-05-18 07:00:00,22.39,22.57,22.2,22.32,3940900,KDH
2021-05-19 07:00:00,22.26,22.29,21.7,22.2,5583700,KDH
2021-05-20 07:00:00,22.14,22.91,22.14,22.63,2729000,KDH
2021-05-21 07:00:00,22.7,23.38,22.67,23.19,4509300,KDH
2021-05-24 07:00:00,23.19,23.56,23.19,23.22,4367300,KDH
2021-05-25 07:00:00,23.07,23.29,22.88,22.98,2689600,KDH
2021-05-26 07:00:00,22.88,23.22,22.63,23.01,2885400,KDH
2021-05-27 07:00:00,23.1,24.5,23.01,24.19,8750800,KDH
2021-05-28 07:00:00,24.34,24.34,23.94,24.19,2688400,KDH
2021-05-31 07:00:00,24.15,24.56,23.75,24.46,3991900,KDH
2021-06-01 07:00:00,24.62,24.93,24.19,24.53,4518700,KDH
2021-06-02 07:00:00,24.43,24.81,24.31,24.5,3754500,KDH
2021-06-03 07:00:00,24.43,24.87,24.37,24.68,3257900,KDH
2021-06-04 07:00:00,24.56,24.74,24.12,24.28,4720600,KDH
2021-06-07 07:00:00,24.31,24.56,23.75,24.06,4367100,KDH
2021-06-08 07:00:00,24.06,24.37,23.78,23.91,5436800,KDH
2021-06-09 07:00:00,23.91,24.31,23.56,24.12,3497200,KDH
2021-06-10 07:00:00,24.12,24.5,23.87,24.12,2712800,KDH
2021-06-11 07:00:00,24.5,25.25,24.36,25.11,3920600,KDH
2021-06-14 07:00:00,25.11,25.32,25.08,25.18,2935200,KDH
2021-06-15 07:00:00,24.91,25.25,24.87,25.18,1810400,KDH
2021-06-16 07:00:00,24.98,25.45,24.91,25.18,2246400,KDH
2021-06-17 07:00:00,24.84,25.28,24.7,25.18,1586500,KDH
2021-06-18 07:00:00,25.25,25.86,25.25,25.49,2723300,KDH
2021-06-21 07:00:00,25.39,25.66,25.18,25.49,2181300,KDH
2021-06-22 07:00:00,25.59,25.76,25.39,25.45,1930000,KDH
2021-06-23 07:00:00,25.59,25.59,25.11,25.15,1976000,KDH
2021-06-24 07:00:00,25.08,25.15,24.63,24.7,1771200,KDH
2021-06-25 07:00:00,24.7,25.32,24.63,25.32,2112000,KDH
2021-06-28 07:00:00,25.32,25.42,25.21,25.35,1515900,KDH
2021-06-29 07:00:00,25.35,26.0,25.35,25.59,3357100,KDH
2021-06-30 07:00:00,25.59,26.0,25.52,25.62,2263600,KDH
2021-07-01 07:00:00,25.62,25.79,25.39,25.73,2175700,KDH
2021-07-02 07:00:00,25.73,25.86,25.59,25.66,2099800,KDH
2021-07-05 07:00:00,25.52,25.52,25.11,25.11,1918500,KDH
2021-07-06 07:00:00,25.08,25.42,24.63,24.63,2091200,KDH
2021-07-07 07:00:00,24.57,25.08,23.75,25.04,4087900,KDH
2021-07-08 07:00:00,25.04,25.18,24.5,25.08,2712000,KDH
2021-07-09 07:00:00,25.11,25.28,24.87,24.98,3217600,KDH
2021-07-12 07:00:00,24.98,25.04,23.95,24.7,3714200,KDH
2021-07-13 07:00:00,24.53,24.87,24.46,24.77,1547200,KDH
2021-07-14 07:00:00,24.77,25.32,24.23,25.11,2943900,KDH
2021-07-15 07:00:00,25.18,25.18,24.63,24.81,1480500,KDH
2021-07-16 07:00:00,24.91,25.25,24.81,25.21,1400500,KDH
2021-07-19 07:00:00,24.98,26.95,24.91,25.45,8637800,KDH
2021-07-20 07:00:00,25.59,26.07,25.01,25.18,3284000,KDH
2021-07-21 07:00:00,25.11,25.32,24.98,25.01,1709000,KDH
2021-07-22 07:00:00,24.94,26.75,24.77,26.75,14906700,KDH
2021-07-23 07:00:00,26.78,27.64,26.2,26.2,6483500,KDH
2021-07-26 07:00:00,26.61,27.36,26.24,26.72,6050400,KDH
2021-07-27 07:00:00,26.95,27.19,26.55,26.78,4687300,KDH
2021-07-28 07:00:00,26.61,26.78,26.31,26.44,3765700,KDH
2021-07-29 07:00:00,26.48,27.16,26.07,27.16,5049500,KDH
2021-07-30 07:00:00,27.02,28.25,26.89,27.77,7711700,KDH
2021-08-02 07:00:00,27.64,28.15,27.26,27.5,3915800,KDH
2021-08-03 07:00:00,27.36,28.32,27.33,27.94,4934300,KDH
2021-08-04 07:00:00,27.91,28.22,27.43,27.71,4628500,KDH
2021-08-05 07:00:00,27.6,28.12,27.43,27.98,3501500,KDH
2021-08-06 07:00:00,28.15,28.93,28.05,28.25,5705300,KDH
2021-08-09 07:00:00,28.25,28.9,28.25,28.9,3679000,KDH
2021-08-10 07:00:00,28.93,28.93,28.56,28.59,5592600,KDH
2021-08-11 07:00:00,28.52,28.63,27.23,27.33,9691200,KDH
2021-08-12 07:00:00,27.16,28.01,27.16,27.57,4357800,KDH
2021-08-13 07:00:00,27.54,28.52,27.3,28.52,4242300,KDH
2021-08-16 07:00:00,28.52,28.76,28.32,28.46,3772400,KDH
2021-08-17 07:00:00,28.32,28.32,27.88,28.12,2505500,KDH
2021-08-18 07:00:00,27.98,28.73,27.88,28.32,2857300,KDH
2021-08-19 07:00:00,28.32,28.46,28.08,28.35,2045700,KDH
2021-08-20 07:00:00,28.25,28.56,26.55,26.89,4095500,KDH
2021-08-23 07:00:00,26.61,26.92,25.86,25.93,4191300,KDH
2021-08-24 07:00:00,25.93,26.2,25.59,25.93,2139000,KDH
2021-08-25 07:00:00,25.93,26.2,25.73,26.2,1174600,KDH
2021-08-26 07:00:00,26.27,26.34,25.86,26.03,1860600,KDH
2021-08-27 07:00:00,25.93,26.72,25.86,26.72,2906900,KDH
2021-08-30 07:00:00,26.75,27.23,26.58,26.95,1269900,KDH
2021-08-31 07:00:00,26.95,27.36,26.82,27.13,2709700,KDH
2021-09-01 07:00:00,26.92,27.13,26.68,26.82,1135900,KDH
2021-09-06 07:00:00,27.23,28.22,26.95,27.94,4883300,KDH
2021-09-07 07:00:00,28.08,28.08,27.5,27.71,1888700,KDH
2021-09-08 07:00:00,27.67,27.67,27.19,27.3,1523800,KDH
2021-09-09 07:00:00,27.57,27.84,27.3,27.64,1593100,KDH
2021-09-10 07:00:00,27.77,27.81,27.57,27.67,1703900,KDH
2021-09-13 07:00:00,27.67,28.42,27.67,28.15,5306000,KDH
2021-09-14 07:00:00,28.12,28.29,28.01,28.15,2187800,KDH
2021-09-15 07:00:00,28.08,28.18,27.84,28.12,1497600,KDH
2021-09-16 07:00:00,28.18,29.38,28.18,29.14,6127500,KDH
2021-09-17 07:00:00,29.21,29.34,28.66,28.66,5393700,KDH
2021-09-20 07:00:00,28.66,29.0,28.46,28.8,3503900,KDH
2021-09-21 07:00:00,28.32,28.66,27.98,28.49,2785500,KDH
2021-09-22 07:00:00,28.49,29.31,28.32,28.66,2719700,KDH
2021-09-23 07:00:00,28.66,29.0,28.66,28.66,1713300,KDH
2021-09-24 07:00:00,28.66,28.9,28.49,28.66,2021400,KDH
2021-09-27 07:00:00,28.66,28.73,28.18,28.22,2547500,KDH
2021-09-28 07:00:00,27.84,28.59,27.84,28.39,2359700,KDH
2021-09-29 07:00:00,28.39,28.52,28.08,28.39,960800,KDH
2021-09-30 07:00:00,28.29,28.59,28.29,28.39,965400,KDH
2021-10-01 07:00:00,28.35,28.39,28.18,28.18,930400,KDH
2021-10-04 07:00:00,28.29,28.29,27.88,28.05,1306400,KDH
2021-10-05 07:00:00,28.05,28.35,28.01,28.35,1672300,KDH
2021-10-06 07:00:00,28.52,28.9,28.46,28.66,1838100,KDH
2021-10-07 07:00:00,28.8,29.0,28.7,28.9,3196600,KDH
2021-10-08 07:00:00,28.97,29.89,28.97,29.72,6213400,KDH
2021-10-11 07:00:00,29.75,29.89,29.48,29.79,2157200,KDH
2021-10-12 07:00:00,29.79,29.99,29.41,29.72,2048000,KDH
2021-10-13 07:00:00,29.75,29.89,29.65,29.72,2498600,KDH
2021-10-14 07:00:00,29.75,30.3,29.72,29.89,4336000,KDH
2021-10-15 07:00:00,29.86,30.13,29.79,29.92,2788100,KDH
2021-10-18 07:00:00,29.92,30.57,29.89,30.23,3917300,KDH
2021-10-19 07:00:00,30.44,30.91,30.23,30.4,4009400,KDH
2021-10-20 07:00:00,30.4,30.64,29.68,30.23,2598000,KDH
2021-10-21 07:00:00,30.3,31.05,30.26,30.64,4208600,KDH
2021-10-22 07:00:00,30.71,31.15,30.64,31.08,2578300,KDH
2021-10-25 07:00:00,31.39,32.52,31.19,31.8,4292100,KDH
2021-10-26 07:00:00,31.63,31.8,31.05,31.42,2930500,KDH
2021-10-27 07:00:00,31.73,32.79,31.63,32.76,4492900,KDH
2021-10-28 07:00:00,32.79,34.19,32.69,33.78,4235700,KDH
2021-10-29 07:00:00,33.92,34.8,33.61,34.8,4833500,KDH
2021-11-01 07:00:00,34.12,34.19,33.16,33.44,5908400,KDH
2021-11-02 07:00:00,33.34,34.87,33.23,34.39,3894500,KDH
2021-11-03 07:00:00,34.8,34.8,32.04,32.21,5024500,KDH
2021-11-04 07:00:00,31.94,33.1,31.83,32.38,3271200,KDH
2021-11-05 07:00:00,32.69,33.2,32.45,32.89,2358300,KDH
2021-11-08 07:00:00,32.79,33.03,32.41,32.79,2914200,KDH
2021-11-09 07:00:00,33.03,33.51,32.76,33.03,3453100,KDH
2021-11-10 07:00:00,33.06,33.23,32.69,32.96,2941900,KDH
2021-11-11 07:00:00,33.1,34.32,33.1,33.98,6171300,KDH
2021-11-12 07:00:00,33.98,34.26,33.37,33.78,2167600,KDH
2021-11-15 07:00:00,34.12,34.12,33.54,33.64,2758400,KDH
2021-11-16 07:00:00,33.1,33.51,32.35,32.93,2813000,KDH
2021-11-17 07:00:00,32.76,33.1,32.69,32.96,1030200,KDH
2021-11-18 07:00:00,32.89,33.03,32.48,32.48,2089100,KDH
2021-11-19 07:00:00,32.52,32.62,30.98,31.32,3664400,KDH
2021-11-22 07:00:00,31.19,31.73,29.34,29.34,2618700,KDH
2021-11-23 07:00:00,29.34,31.05,29.34,31.05,1269600,KDH
2021-11-24 07:00:00,31.12,32.0,30.91,32.0,1461200,KDH
2021-11-25 07:00:00,32.07,32.28,31.87,31.87,1595000,KDH
2021-11-26 07:00:00,32.0,32.0,31.56,31.63,1389800,KDH
2021-11-29 07:00:00,31.05,31.6,30.71,31.19,1374300,KDH
2021-11-30 07:00:00,31.36,31.94,31.32,31.7,1589300,KDH
2021-12-01 07:00:00,31.73,31.73,31.36,31.39,1075200,KDH
2021-12-02 07:00:00,31.66,32.0,31.36,31.6,1353100,KDH
2021-12-03 07:00:00,31.73,31.97,31.42,31.42,1304400,KDH
2021-12-06 07:00:00,31.39,31.49,29.34,29.55,1075700,KDH
2021-12-07 07:00:00,29.72,30.98,29.72,30.91,1108700,KDH
2021-12-08 07:00:00,30.91,31.36,30.84,31.25,989100,KDH
2021-12-09 07:00:00,31.25,32.86,31.19,32.82,2830800,KDH
2021-12-10 07:00:00,32.79,33.23,32.45,32.62,1759600,KDH
2021-12-13 07:00:00,33.23,34.12,32.79,33.85,2491100,KDH
2021-12-14 07:00:00,33.81,33.98,33.03,33.1,1928400,KDH
2021-12-15 07:00:00,33.16,33.44,32.79,32.89,1405200,KDH
2021-12-16 07:00:00,32.79,33.3,32.79,33.03,1208700,KDH
2021-12-17 07:00:00,33.3,34.53,33.1,34.39,6014600,KDH
2021-12-20 07:00:00,34.46,34.46,33.54,34.12,1745700,KDH
2021-12-21 07:00:00,33.98,34.6,33.64,34.26,1767600,KDH
2021-12-22 07:00:00,33.92,36.3,33.92,35.28,4010100,KDH
2021-12-23 07:00:00,35.49,36.24,34.87,35.28,4170800,KDH
2021-12-24 07:00:00,35.49,35.76,34.46,34.8,1106700,KDH
2021-12-27 07:00:00,34.8,36.3,34.19,36.17,3508500,KDH
2021-12-28 07:00:00,36.24,36.65,35.49,35.83,1635800,KDH
2021-12-29 07:00:00,35.89,37.4,35.89,36.17,4299500,KDH
2021-12-30 07:00:00,36.51,36.58,35.49,35.55,2210000,KDH
2021-12-31 07:00:00,35.76,35.76,34.8,34.8,1812500,KDH
2022-01-04 07:00:00,35.35,37.12,35.14,37.12,3045800,KDH
2022-01-05 07:00:00,37.26,39.24,36.85,38.01,3718200,KDH
2022-01-06 07:00:00,38.08,38.97,37.33,38.76,3195500,KDH
2022-01-07 07:00:00,38.9,38.9,38.01,38.62,2063600,KDH
2022-01-10 07:00:00,38.21,38.42,36.58,36.92,3201600,KDH
2022-01-11 07:00:00,36.85,37.46,36.17,36.17,3459900,KDH
2022-01-12 07:00:00,35.08,36.85,34.53,36.65,4388900,KDH
2022-01-13 07:00:00,36.99,37.33,35.96,36.51,3651300,KDH
2022-01-14 07:00:00,36.17,36.92,35.76,36.51,1200300,KDH
2022-01-17 07:00:00,36.24,36.51,33.98,33.98,2508100,KDH
2022-01-18 07:00:00,33.51,34.8,33.51,34.46,1918100,KDH
2022-01-19 07:00:00,34.19,35.42,34.19,35.42,1145400,KDH
2022-01-20 07:00:00,35.49,35.83,34.94,35.28,1078000,KDH
2022-01-21 07:00:00,35.55,35.55,34.32,34.67,1540200,KDH
2022-01-24 07:00:00,34.87,34.87,33.44,33.51,1344000,KDH
2022-01-25 07:00:00,33.16,34.32,32.48,34.05,1688500,KDH
2022-01-26 07:00:00,34.39,34.8,33.92,34.39,1357000,KDH
2022-01-27 07:00:00,34.12,34.87,34.12,34.19,587300,KDH
2022-01-28 07:00:00,34.12,34.67,33.92,34.12,767200,KDH
2022-02-07 07:00:00,34.67,34.8,34.32,34.53,641400,KDH
2022-02-08 07:00:00,34.6,34.67,34.26,34.39,749500,KDH
2022-02-09 07:00:00,34.53,36.51,34.39,36.24,2094400,KDH
2022-02-10 07:00:00,36.17,36.51,35.55,36.03,1182100,KDH
2022-02-11 07:00:00,36.03,36.17,35.69,36.03,694600,KDH
2022-02-14 07:00:00,35.83,36.1,35.21,35.96,1148000,KDH
2022-02-15 07:00:00,35.89,36.58,35.76,36.51,1621100,KDH
2022-02-16 07:00:00,36.71,36.92,36.44,36.71,776000,KDH
2022-02-17 07:00:00,36.78,37.46,36.37,37.46,2016000,KDH
2022-02-18 07:00:00,37.12,37.4,36.85,36.85,939600,KDH
2022-02-21 07:00:00,36.85,37.4,36.85,36.99,789600,KDH
2022-02-22 07:00:00,36.71,36.99,35.62,36.78,1597200,KDH
2022-02-23 07:00:00,36.78,37.33,36.44,36.92,1019700,KDH
2022-02-24 07:00:00,36.92,36.92,35.14,36.03,1949900,KDH
2022-02-25 07:00:00,36.17,36.71,36.17,36.37,790700,KDH
2022-02-28 07:00:00,36.37,36.65,35.89,36.1,629500,KDH
2022-03-01 07:00:00,36.17,37.05,35.96,36.92,1999200,KDH
2022-03-02 07:00:00,36.99,37.33,36.65,36.65,1369300,KDH
2022-03-03 07:00:00,37.05,37.4,36.71,37.26,1261000,KDH
2022-03-04 07:00:00,37.46,37.81,37.12,37.26,1601600,KDH
2022-03-07 07:00:00,36.85,37.05,36.1,36.71,1351300,KDH
2022-03-08 07:00:00,36.17,36.44,35.55,35.55,1741700,KDH
2022-03-09 07:00:00,35.28,35.83,34.6,34.94,1402500,KDH
2022-03-10 07:00:00,35.21,35.62,35.14,35.14,635900,KDH
2022-03-11 07:00:00,35.08,35.21,34.67,34.8,1354700,KDH
2022-03-14 07:00:00,34.73,34.94,33.57,34.26,1213700,KDH
2022-03-15 07:00:00,34.73,34.73,33.78,34.12,1005200,KDH
2022-03-16 07:00:00,34.32,34.8,34.09,34.53,701100,KDH
2022-03-17 07:00:00,34.73,35.69,34.46,35.08,1101700,KDH
2022-03-18 07:00:00,35.21,35.55,34.8,34.8,1361100,KDH
2022-03-21 07:00:00,35.21,36.37,35.01,36.37,2032200,KDH
2022-03-22 07:00:00,36.44,36.71,36.03,36.03,1390400,KDH
2022-03-23 07:00:00,36.24,36.71,35.83,36.17,1330500,KDH
2022-03-24 07:00:00,36.17,36.58,35.96,36.24,832700,KDH
2022-03-25 07:00:00,36.44,36.78,36.24,36.37,1108300,KDH
2022-03-28 07:00:00,35.89,36.51,35.83,36.1,1267100,KDH
2022-03-29 07:00:00,36.1,36.58,35.96,36.44,1410000,KDH
2022-03-30 07:00:00,36.1,36.51,35.49,35.89,1206900,KDH
2022-03-31 07:00:00,35.89,36.37,35.89,36.03,795500,KDH
2022-04-01 07:00:00,35.76,36.65,35.14,36.58,1640000,KDH
2022-04-04 07:00:00,36.65,36.65,35.96,36.03,1086000,KDH
2022-04-05 07:00:00,36.03,36.03,35.21,35.49,1521900,KDH
2022-04-06 07:00:00,35.21,35.49,34.67,34.8,1921900,KDH
2022-04-07 07:00:00,35.01,35.21,34.8,34.87,611400,KDH
2022-04-08 07:00:00,35.08,35.14,34.67,34.73,1043700,KDH
2022-04-12 07:00:00,34.73,34.87,34.19,34.19,706700,KDH
2022-04-13 07:00:00,34.12,34.73,34.12,34.53,904400,KDH
2022-04-14 07:00:00,34.53,34.6,33.98,34.19,1010400,KDH
2022-04-15 07:00:00,34.32,34.32,33.71,33.78,1029900,KDH
2022-04-18 07:00:00,33.71,33.95,33.37,33.64,1182300,KDH
2022-04-19 07:00:00,33.92,34.94,33.85,34.19,1329700,KDH
2022-04-20 07:00:00,34.73,34.73,34.05,34.05,1206300,KDH
2022-04-21 07:00:00,33.81,34.39,32.41,32.76,1656300,KDH
2022-04-22 07:00:00,32.41,33.81,32.41,33.44,2094600,KDH
2022-04-25 07:00:00,33.37,33.78,31.19,31.39,1041600,KDH
2022-04-26 07:00:00,30.84,32.14,30.57,32.04,1513300,KDH
2022-04-27 07:00:00,31.46,32.48,31.05,32.07,976500,KDH
2022-04-28 07:00:00,32.07,32.14,31.87,32.07,532800,KDH
2022-04-29 07:00:00,32.07,32.82,31.73,32.69,1808500,KDH
2022-05-04 07:00:00,32.21,32.35,31.73,31.73,420000,KDH
2022-05-05 07:00:00,31.87,31.87,30.4,31.46,788200,KDH
2022-05-06 07:00:00,31.19,31.46,30.57,31.46,1285100,KDH
2022-05-09 07:00:00,31.05,31.25,29.28,29.28,1264000,KDH
2022-05-10 07:00:00,29.14,29.62,28.32,29.62,1439400,KDH
2022-05-11 07:00:00,29.62,29.92,28.93,29.75,1603700,KDH
2022-05-12 07:00:00,29.41,29.68,28.46,28.83,951900,KDH
2022-05-13 07:00:00,28.83,28.83,26.82,26.82,1506300,KDH
2022-05-16 07:00:00,27.09,27.36,26.14,26.82,1057400,KDH
2022-05-17 07:00:00,26.82,28.59,26.41,28.46,1143400,KDH
2022-05-18 07:00:00,28.46,28.52,28.01,28.32,1273400,KDH
2022-05-19 07:00:00,27.98,28.46,27.77,28.32,973200,KDH
2022-05-20 07:00:00,28.32,28.46,28.08,28.25,1235300,KDH
2022-05-23 07:00:00,28.46,28.46,27.36,27.91,529100,KDH
2022-05-24 07:00:00,27.84,27.91,26.55,27.36,723100,KDH
2022-05-25 07:00:00,27.36,27.98,27.33,27.91,1516700,KDH
2022-05-26 07:00:00,28.25,28.59,27.98,28.29,836200,KDH
2022-05-27 07:00:00,28.32,29.21,28.32,29.04,1442300,KDH
2022-05-30 07:00:00,29.04,29.07,28.52,28.93,971800,KDH
2022-05-31 07:00:00,28.9,28.9,28.39,28.7,732000,KDH
2022-06-01 07:00:00,28.59,28.87,28.39,28.66,819300,KDH
2022-06-02 07:00:00,28.63,28.63,27.77,27.98,745800,KDH
2022-06-03 07:00:00,27.91,27.91,27.5,27.84,644000,KDH
2022-06-06 07:00:00,27.84,27.91,27.3,27.74,631700,KDH
2022-06-07 07:00:00,27.36,27.57,27.23,27.57,652900,KDH
2022-06-08 07:00:00,27.57,28.66,27.57,28.18,825000,KDH
2022-06-09 07:00:00,28.18,28.32,27.71,28.01,878200,KDH
2022-06-10 07:00:00,27.94,28.32,27.84,27.94,629400,KDH
2022-06-13 07:00:00,27.57,27.77,27.23,27.23,792700,KDH
2022-06-14 07:00:00,27.36,27.36,26.58,26.61,1225100,KDH
2022-06-15 07:00:00,26.55,26.61,25.45,26.0,1117100,KDH
2022-06-16 07:00:00,25.97,26.89,25.97,26.68,638600,KDH
2022-06-17 07:00:00,26.2,26.82,25.52,26.61,836900,KDH
2022-06-20 07:00:00,26.55,26.75,25.93,26.31,1020200,KDH
2022-06-21 07:00:00,26.27,26.61,26.0,26.37,824100,KDH
2022-06-22 07:00:00,26.27,26.58,25.93,26.27,656400,KDH
2022-06-23 07:00:00,26.2,26.27,25.93,26.0,471500,KDH
2022-06-24 07:00:00,25.86,26.41,25.86,26.24,645400,KDH
2022-06-27 07:00:00,26.2,26.75,26.2,26.65,879300,KDH
2022-06-28 07:00:00,26.75,27.09,26.68,26.78,712200,KDH
2022-06-29 07:00:00,26.68,27.02,26.61,26.82,626400,KDH
2022-06-30 07:00:00,26.75,26.89,26.55,26.55,514300,KDH
2022-07-01 07:00:00,26.55,26.95,25.93,26.51,830400,KDH
2022-07-04 07:00:00,26.96,27.0,26.74,26.89,432600,KDH
2022-07-05 07:00:00,26.89,27.04,26.44,26.44,536000,KDH
2022-07-06 07:00:00,26.21,26.66,25.91,26.32,1045000,KDH
2022-07-07 07:00:00,26.29,26.74,26.21,26.74,828700,KDH
2022-07-08 07:00:00,26.77,27.56,26.7,27.07,1076200,KDH
2022-07-11 07:00:00,27.04,27.19,26.29,26.29,734900,KDH
2022-07-12 07:00:00,26.32,26.74,26.29,26.74,615700,KDH
2022-07-13 07:00:00,26.74,26.77,26.47,26.55,670700,KDH
2022-07-14 07:00:00,26.51,27.64,26.29,27.64,1659300,KDH
2022-07-15 07:00:00,27.79,28.05,27.26,27.3,724100,KDH
2022-07-18 07:00:00,27.34,27.34,27.07,27.19,515300,KDH
2022-07-19 07:00:00,27.19,27.19,26.77,27.04,673700,KDH
2022-07-20 07:00:00,27.26,27.64,27.15,27.56,871200,KDH
2022-07-21 07:00:00,27.56,27.86,27.26,27.75,967100,KDH
2022-07-22 07:00:00,27.64,27.71,27.34,27.41,637800,KDH
2022-07-25 07:00:00,27.26,27.68,27.26,27.26,530000,KDH
2022-07-26 07:00:00,27.26,27.86,27.22,27.83,1158500,KDH
2022-07-27 07:00:00,27.75,28.24,27.68,28.01,649500,KDH
2022-07-28 07:00:00,28.01,28.69,27.98,28.54,692800,KDH
2022-07-29 07:00:00,28.65,28.99,28.13,28.16,959300,KDH
2022-08-01 07:00:00,28.24,29.14,28.16,28.91,763300,KDH
2022-08-02 07:00:00,28.84,29.29,28.46,29.22,1422300,KDH
2022-08-03 07:00:00,28.69,29.25,28.69,29.25,933000,KDH
2022-08-04 07:00:00,29.25,29.37,29.03,29.29,980100,KDH
2022-08-05 07:00:00,29.22,29.22,28.88,29.06,635500,KDH
2022-08-08 07:00:00,29.06,29.29,28.69,28.99,657100,KDH
2022-08-09 07:00:00,28.99,29.03,28.76,28.8,733100,KDH
2022-08-10 07:00:00,28.84,29.18,28.76,29.1,740600,KDH
2022-08-11 07:00:00,29.29,29.44,29.22,29.29,853100,KDH
2022-08-12 07:00:00,29.14,29.25,28.99,29.14,714700,KDH
2022-08-15 07:00:00,29.18,29.22,28.99,29.14,1005200,KDH
2022-08-16 07:00:00,29.14,29.52,29.03,29.18,699600,KDH
2022-08-17 07:00:00,29.22,29.52,29.18,29.52,1150500,KDH
2022-08-18 07:00:00,29.52,29.78,29.48,29.52,1082900,KDH
2022-08-19 07:00:00,29.52,29.59,28.91,29.06,790200,KDH
2022-08-22 07:00:00,28.99,28.99,28.31,28.31,946500,KDH
2022-08-23 07:00:00,28.16,28.31,27.75,28.31,1371400,KDH
2022-08-24 07:00:00,28.39,28.54,28.24,28.35,1025600,KDH
2022-08-25 07:00:00,28.35,28.76,28.35,28.69,660700,KDH
2022-08-26 07:00:00,28.5,28.95,28.5,28.8,676700,KDH
2022-08-29 07:00:00,28.54,28.58,28.09,28.24,996400,KDH
2022-08-30 07:00:00,28.24,28.58,28.24,28.31,606400,KDH
2022-08-31 07:00:00,28.31,28.35,27.79,27.79,1026700,KDH
2022-09-05 07:00:00,27.9,28.13,27.49,27.64,927700,KDH
2022-09-06 07:00:00,27.64,27.79,27.07,27.19,1503400,KDH
2022-09-07 07:00:00,27.19,27.26,26.47,26.51,1257400,KDH
2022-09-08 07:00:00,26.66,26.81,26.51,26.66,652700,KDH
2022-09-09 07:00:00,26.66,26.7,26.55,26.66,962100,KDH
2022-09-12 07:00:00,26.74,26.96,26.74,26.89,740100,KDH
2022-09-13 07:00:00,26.96,27.04,26.77,26.89,968600,KDH
2022-09-14 07:00:00,26.59,26.92,26.59,26.81,869500,KDH
2022-09-15 07:00:00,26.81,26.89,26.36,26.66,761800,KDH
2022-09-16 07:00:00,26.7,26.7,25.46,25.46,4361400,KDH
2022-09-19 07:00:00,25.54,25.91,25.05,25.27,1230200,KDH
2022-09-20 07:00:00,25.31,25.42,24.71,25.08,1023200,KDH
2022-09-21 07:00:00,25.05,25.05,23.54,23.62,1688500,KDH
2022-09-22 07:00:00,23.47,23.92,22.68,23.62,4042900,KDH
2022-09-23 07:00:00,23.96,24.07,23.13,23.51,2782300,KDH
2022-09-26 07:00:00,23.06,23.06,21.89,22.23,6888200,KDH
2022-09-27 07:00:00,22.46,22.46,21.07,22.08,3047500,KDH
2022-09-28 07:00:00,22.01,22.72,21.63,22.08,1665500,KDH
2022-09-29 07:00:00,22.53,23.17,21.74,21.74,3953500,KDH
2022-09-30 07:00:00,21.59,21.97,20.24,21.07,4391200,KDH
2022-10-03 07:00:00,20.65,21.03,19.6,19.6,3851100,KDH
2022-10-04 07:00:00,19.53,20.28,19.38,19.64,3042100,KDH
2022-10-05 07:00:00,20.24,20.95,20.05,20.65,2711700,KDH
2022-10-06 07:00:00,20.65,20.65,19.3,19.71,2310200,KDH
2022-10-07 07:00:00,18.78,19.38,18.36,18.78,3114300,KDH
2022-10-10 07:00:00,18.55,19.9,18.55,19.45,2539100,KDH
2022-10-11 07:00:00,19.6,19.6,18.1,18.33,2265900,KDH
2022-10-12 07:00:00,18.55,19.6,18.33,19.6,2143600,KDH
2022-10-13 07:00:00,19.6,19.98,19.53,19.9,1449100,KDH
2022-10-14 07:00:00,20.28,20.32,19.56,19.9,2591300,KDH
2022-10-17 07:00:00,19.79,19.79,18.74,19.23,1981000,KDH
2022-10-18 07:00:00,19.41,20.13,19.38,19.75,1556000,KDH
2022-10-19 07:00:00,19.71,19.83,19.15,19.41,1010700,KDH
2022-10-20 07:00:00,19.38,19.41,18.85,19.15,1389400,KDH
2022-10-21 07:00:00,19.08,19.15,17.84,17.91,3271800,KDH
2022-10-24 07:00:00,17.91,18.1,16.67,16.67,1223700,KDH
2022-10-25 07:00:00,16.37,16.9,15.51,15.77,3442700,KDH
2022-10-26 07:00:00,15.85,16.86,15.85,16.3,2967900,KDH
2022-10-27 07:00:00,16.6,17.42,16.52,17.27,1666000,KDH
2022-10-28 07:00:00,17.57,17.87,17.2,17.27,1681000,KDH
2022-10-31 07:00:00,17.27,17.27,16.33,17.05,1503000,KDH
2022-11-01 07:00:00,17.2,17.57,16.75,17.12,1567500,KDH
2022-11-02 07:00:00,17.12,17.39,16.82,17.27,1554300,KDH
2022-11-03 07:00:00,17.12,17.31,17.05,17.31,1194200,KDH
2022-11-04 07:00:00,17.16,17.16,16.11,16.11,2120300,KDH
2022-11-07 07:00:00,15.43,15.55,14.98,14.98,1865300,KDH
2022-11-08 07:00:00,14.19,15.92,14.04,15.25,2206800,KDH
2022-11-09 07:00:00,15.17,15.73,15.1,15.25,2203500,KDH
2022-11-10 07:00:00,14.23,14.8,14.19,14.27,1751200,KDH
2022-11-11 07:00:00,14.42,15.25,14.42,15.17,3558000,KDH
2022-11-14 07:00:00,15.13,15.55,14.87,15.25,2813200,KDH
2022-11-15 07:00:00,15.25,15.28,14.34,14.57,2099200,KDH
2022-11-16 07:00:00,14.19,15.58,13.56,15.21,3950700,KDH
2022-11-17 07:00:00,15.36,16.22,15.21,16.18,6040300,KDH
2022-11-18 07:00:00,16.22,16.82,16.15,16.6,4560900,KDH
2022-11-21 07:00:00,16.9,16.97,16.49,16.82,2963200,KDH
2022-11-22 07:00:00,16.82,17.72,16.52,16.86,4370700,KDH
2022-11-23 07:00:00,16.75,16.86,16.15,16.41,2312500,KDH
2022-11-24 07:00:00,16.26,16.6,15.28,15.77,3817700,KDH
2022-11-25 07:00:00,16.15,16.86,16.11,16.86,4957400,KDH
2022-11-28 07:00:00,17.24,18.02,17.16,18.02,5668100,KDH
2022-11-29 07:00:00,18.55,19.26,18.4,19.26,8516200,KDH
2022-11-30 07:00:00,19.68,20.58,19.15,20.58,2715400,KDH
2022-12-01 07:00:00,21.93,22.01,19.68,20.43,6110400,KDH
2022-12-02 07:00:00,20.43,21.86,20.13,21.86,2560000,KDH
2022-12-05 07:00:00,22.91,23.36,22.31,23.36,3500900,KDH
2022-12-06 07:00:00,22.94,23.24,22.19,22.19,3309000,KDH
2022-12-07 07:00:00,22.19,23.21,21.93,22.46,3292600,KDH
2022-12-08 07:00:00,22.38,22.87,21.7,22.76,4646300,KDH
2022-12-09 07:00:00,22.68,22.68,21.93,22.57,2462800,KDH
2022-12-12 07:00:00,22.53,22.53,20.99,20.99,3708400,KDH
2022-12-13 07:00:00,20.58,20.99,19.53,20.95,2343600,KDH
2022-12-14 07:00:00,21.63,21.63,20.73,21.03,1397600,KDH
2022-12-15 07:00:00,20.99,21.37,20.84,21.18,1051900,KDH
2022-12-16 07:00:00,21.1,22.01,20.65,20.65,4008400,KDH
2022-12-19 07:00:00,20.65,20.65,20.05,20.05,2347000,KDH
2022-12-20 07:00:00,20.05,20.5,18.7,19.38,1975200,KDH
2022-12-21 07:00:00,19.41,19.53,18.59,18.85,1299700,KDH
2022-12-22 07:00:00,19.0,20.17,18.93,20.17,1514900,KDH
2022-12-23 07:00:00,20.28,20.28,19.6,19.71,1106400,KDH
2022-12-26 07:00:00,19.68,19.75,18.51,18.51,1389700,KDH
2022-12-27 07:00:00,18.85,19.79,18.81,19.79,1083300,KDH
2022-12-28 07:00:00,20.17,20.99,19.79,20.32,1123200,KDH
2022-12-29 07:00:00,20.35,21.14,20.05,20.99,1415400,KDH
2022-12-30 07:00:00,21.25,21.25,19.9,19.9,784000,KDH
2023-01-03 07:00:00,20.2,21.18,19.98,21.03,1783300,KDH
2023-01-04 07:00:00,21.18,21.18,20.69,20.92,1528300,KDH
2023-01-05 07:00:00,20.92,21.07,20.77,20.8,1108500,KDH
2023-01-06 07:00:00,20.95,21.44,20.8,20.88,3116700,KDH
2023-01-09 07:00:00,20.92,21.4,20.92,20.99,2627400,KDH
2023-01-10 07:00:00,21.03,21.1,20.65,20.95,1522900,KDH
2023-01-11 07:00:00,21.03,21.29,20.99,21.1,1262300,KDH
2023-01-12 07:00:00,21.18,21.25,20.13,20.13,1935200,KDH
2023-01-13 07:00:00,20.35,20.5,19.38,19.68,1532600,KDH
2023-01-16 07:00:00,19.68,19.94,19.68,19.79,1044800,KDH
2023-01-17 07:00:00,19.83,20.17,19.71,20.13,882200,KDH
2023-01-18 07:00:00,20.13,20.95,20.05,20.88,817600,KDH
2023-01-19 07:00:00,20.84,21.03,20.73,20.73,1443900,KDH
2023-01-27 07:00:00,20.77,21.1,20.62,20.77,1104400,KDH
2023-01-30 07:00:00,20.77,21.4,20.5,20.84,1299300,KDH
2023-01-31 07:00:00,20.84,21.14,20.84,21.03,2429000,KDH
2023-02-01 07:00:00,21.4,21.48,19.56,19.9,2835300,KDH
2023-02-02 07:00:00,19.94,20.58,19.9,19.98,1347700,KDH
2023-02-03 07:00:00,20.13,20.28,19.86,20.24,2075200,KDH
2023-02-06 07:00:00,20.2,20.58,20.05,20.54,1615200,KDH
2023-02-07 07:00:00,20.65,21.1,20.43,20.43,1773200,KDH
2023-02-08 07:00:00,20.43,20.47,20.05,20.28,1501200,KDH
2023-02-09 07:00:00,20.28,20.39,20.2,20.24,1181900,KDH
2023-02-10 07:00:00,20.32,20.92,20.32,20.65,3018300,KDH
2023-02-13 07:00:00,20.58,20.65,19.34,19.53,2904600,KDH
2023-02-14 07:00:00,19.94,20.2,19.68,19.98,1101800,KDH
2023-02-15 07:00:00,19.98,20.69,19.98,20.65,1757300,KDH
2023-02-16 07:00:00,20.69,20.88,20.43,20.88,1161200,KDH
2023-02-17 07:00:00,20.95,21.55,20.88,20.88,1838900,KDH
2023-02-20 07:00:00,20.95,21.25,20.92,21.25,2333900,KDH
2023-02-21 07:00:00,21.4,21.63,21.07,21.1,2003100,KDH
2023-02-22 07:00:00,21.03,21.03,20.13,20.13,1595600,KDH
2023-02-23 07:00:00,20.17,20.39,19.34,20.02,1852300,KDH
2023-02-24 07:00:00,20.02,20.2,19.3,19.53,1058000,KDH
2023-02-27 07:00:00,19.23,19.45,18.85,19.11,1126400,KDH
2023-02-28 07:00:00,19.3,19.38,18.48,19.11,943200,KDH
2023-03-01 07:00:00,18.93,18.93,18.36,18.51,3048800,KDH
2023-03-02 07:00:00,18.55,19.11,18.55,18.7,770300,KDH
2023-03-03 07:00:00,18.78,19.0,18.02,18.29,1095100,KDH
2023-03-06 07:00:00,18.89,19.45,18.48,19.45,2049600,KDH
2023-03-07 07:00:00,19.45,19.56,19.34,19.38,691300,KDH
2023-03-08 07:00:00,19.23,19.45,18.02,19.45,654600,KDH
2023-03-09 07:00:00,19.45,19.75,19.38,19.53,1322800,KDH
2023-03-10 07:00:00,19.41,20.02,19.41,19.9,763800,KDH
2023-03-13 07:00:00,19.75,20.2,19.45,19.9,1012200,KDH
2023-03-14 07:00:00,19.9,19.98,19.08,19.38,819000,KDH
2023-03-15 07:00:00,19.83,20.13,18.96,19.94,662000,KDH
2023-03-16 07:00:00,19.94,19.94,19.6,19.71,439900,KDH
2023-03-17 07:00:00,19.83,20.09,19.71,20.09,1340900,KDH
2023-03-20 07:00:00,19.83,19.9,18.74,19.34,870500,KDH
2023-03-21 07:00:00,19.53,19.68,19.0,19.68,1173400,KDH
2023-03-22 07:00:00,19.75,19.9,19.49,19.6,1235900,KDH
2023-03-23 07:00:00,19.53,19.75,19.49,19.64,766100,KDH
2023-03-24 07:00:00,19.64,20.05,19.6,19.98,1125700,KDH
2023-03-27 07:00:00,20.02,20.17,19.9,20.05,957400,KDH
2023-03-28 07:00:00,20.28,20.65,19.9,20.09,1188000,KDH
2023-03-29 07:00:00,20.39,20.43,20.09,20.32,670800,KDH
2023-03-30 07:00:00,20.43,20.43,20.28,20.28,395000,KDH
2023-03-31 07:00:00,20.28,20.88,20.28,20.73,1315300,KDH
2023-04-03 07:00:00,21.03,22.01,20.88,22.01,2543800,KDH
2023-04-04 07:00:00,22.16,22.16,21.55,21.89,1411100,KDH
2023-04-05 07:00:00,21.82,22.16,21.67,21.78,1485700,KDH
2023-04-06 07:00:00,21.86,21.86,21.03,21.4,2620400,KDH
2023-04-07 07:00:00,21.18,21.55,20.99,21.07,2584300,KDH
2023-04-10 07:00:00,21.4,21.7,21.03,21.29,3536200,KDH
2023-04-11 07:00:00,21.29,21.44,20.99,21.4,773000,KDH
2023-04-12 07:00:00,21.48,22.57,21.4,22.42,3632100,KDH
2023-04-13 07:00:00,22.42,22.46,21.89,22.34,1521100,KDH
2023-04-14 07:00:00,22.23,22.34,21.4,21.48,1618200,KDH
2023-04-17 07:00:00,21.48,21.93,21.4,21.93,979600,KDH
2023-04-18 07:00:00,21.93,21.93,21.48,21.78,687200,KDH
2023-04-19 07:00:00,21.86,21.86,21.37,21.37,840800,KDH
2023-04-20 07:00:00,21.25,21.44,21.25,21.37,574600,KDH
2023-04-21 07:00:00,21.37,21.48,21.07,21.33,858900,KDH
2023-04-24 07:00:00,21.33,21.4,20.8,21.22,973000,KDH
2023-04-25 07:00:00,21.25,21.63,21.18,21.29,1140800,KDH
2023-04-26 07:00:00,21.29,21.29,20.73,21.25,1304400,KDH
2023-04-27 07:00:00,21.29,21.7,21.25,21.59,1890000,KDH
2023-04-28 07:00:00,21.7,22.38,21.59,22.38,1691300,KDH
2023-05-04 07:00:00,22.38,23.06,22.31,22.87,3100000,KDH
2023-05-05 07:00:00,22.68,22.72,22.46,22.68,1032900,KDH
2023-05-08 07:00:00,22.68,22.79,22.42,22.49,1608800,KDH
2023-05-09 07:00:00,22.49,22.49,22.08,22.16,763600,KDH
2023-05-10 07:00:00,22.19,22.49,22.16,22.38,1812500,KDH
2023-05-11 07:00:00,22.38,22.64,22.38,22.49,1452000,KDH
2023-05-12 07:00:00,22.49,22.83,22.38,22.76,2014500,KDH
2023-05-15 07:00:00,22.83,22.83,22.31,22.38,1480300,KDH
2023-05-16 07:00:00,22.38,22.42,21.93,22.12,1622400,KDH
2023-05-17 07:00:00,22.12,22.12,21.37,21.4,1858500,KDH
2023-05-18 07:00:00,21.44,22.19,21.44,22.01,2353200,KDH
2023-05-19 07:00:00,22.01,22.23,21.82,22.12,1136500,KDH
2023-05-22 07:00:00,22.12,22.23,21.93,22.23,1331700,KDH
2023-05-23 07:00:00,22.23,22.23,21.82,21.93,1808900,KDH
2023-05-24 07:00:00,22.01,22.01,21.82,21.97,1677200,KDH
2023-05-25 07:00:00,21.93,22.08,21.74,22.08,1800600,KDH
2023-05-26 07:00:00,22.16,22.64,22.16,22.38,3206700,KDH
2023-05-29 07:00:00,22.53,22.57,22.42,22.49,1419800,KDH
2023-05-30 07:00:00,22.53,22.94,22.46,22.61,2561500,KDH
2023-05-31 07:00:00,22.61,22.68,22.27,22.31,1441600,KDH
2023-06-01 07:00:00,22.31,22.38,21.93,22.08,1601000,KDH
2023-06-02 07:00:00,22.16,22.23,21.93,22.08,2183900,KDH
2023-06-05 07:00:00,22.16,22.49,22.04,22.42,2217400,KDH
2023-06-06 07:00:00,22.42,22.46,22.27,22.38,2119400,KDH
2023-06-07 07:00:00,22.38,22.94,22.38,22.87,4710300,KDH
2023-06-08 07:00:00,22.91,23.51,22.83,22.83,3587500,KDH
2023-06-09 07:00:00,22.79,22.98,22.46,22.87,2561600,KDH
2023-06-12 07:00:00,22.91,22.94,22.19,22.94,2875700,KDH
2023-06-13 07:00:00,22.91,23.06,22.61,23.02,2938800,KDH
2023-06-14 07:00:00,23.02,23.32,22.98,23.17,3646600,KDH
2023-06-15 07:00:00,23.02,23.13,22.94,23.02,2168000,KDH
2023-06-16 07:00:00,23.06,23.21,22.83,23.06,3320600,KDH
2023-06-19 07:00:00,23.02,23.06,22.61,22.83,1802200,KDH
2023-06-20 07:00:00,22.68,23.06,22.68,22.98,1736700,KDH
2023-06-21 07:00:00,22.98,23.17,22.91,22.98,2169700,KDH
2023-06-22 07:00:00,23.02,24.07,22.98,23.54,4820400,KDH
2023-06-23 07:00:00,23.7,23.85,23.58,23.77,2143900,KDH
2023-06-26 07:00:00,23.66,23.77,23.28,23.62,2872400,KDH
2023-06-27 07:00:00,23.66,23.81,23.36,23.66,1606400,KDH
2023-06-28 07:00:00,23.7,23.77,23.43,23.62,1502800,KDH
2023-06-29 07:00:00,23.36,23.62,22.98,23.09,1836500,KDH
2023-06-30 07:00:00,23.13,23.13,22.64,23.13,1399300,KDH
2023-07-03 07:00:00,23.02,23.06,22.76,22.83,812600,KDH
2023-07-04 07:00:00,22.76,22.87,22.72,22.83,1069700,KDH
2023-07-05 07:00:00,22.83,23.28,22.79,23.09,1709100,KDH
2023-07-06 07:00:00,23.09,23.09,22.61,22.68,1202900,KDH
2023-07-07 07:00:00,22.68,22.76,22.31,22.68,1525500,KDH
2023-07-10 07:00:00,22.76,23.02,22.64,22.76,2044900,KDH
2023-07-11 07:00:00,22.83,22.94,22.76,22.83,1824100,KDH
2023-07-12 07:00:00,22.87,23.13,22.87,22.94,1416600,KDH
2023-07-13 07:00:00,23.06,23.88,22.98,23.81,3155100,KDH
2023-07-14 07:00:00,23.96,23.96,23.28,23.66,1931500,KDH
2023-07-17 07:00:00,23.81,24.71,23.81,24.41,4448500,KDH
2023-07-18 07:00:00,24.18,24.86,24.11,24.45,2144500,KDH
2023-07-19 07:00:00,24.6,24.6,24.07,24.18,2405200,KDH
2023-07-20 07:00:00,24.03,24.3,23.77,24.11,1768500,KDH
2023-07-21 07:00:00,24.07,24.67,24.07,24.67,2161000,KDH
2023-07-24 07:00:00,24.71,25.8,24.71,25.72,3741400,KDH
2023-07-25 07:00:00,24.82,25.84,24.82,25.65,2059500,KDH
2023-07-26 07:00:00,25.5,26.29,25.38,26.29,3039100,KDH
2023-07-27 07:00:00,26.25,26.81,26.14,26.66,3221600,KDH
2023-07-28 07:00:00,26.74,28.5,26.66,27.6,3407400,KDH
2023-07-31 07:00:00,27.6,28.16,26.92,28.16,2846900,KDH
2023-08-01 07:00:00,28.09,28.09,26.96,26.96,1416300,KDH
2023-08-02 07:00:00,26.96,27.3,26.55,26.89,1788400,KDH
2023-08-03 07:00:00,26.89,27.0,26.47,26.47,2131100,KDH
2023-08-04 07:00:00,26.7,27.11,26.51,27.04,2650500,KDH
2023-08-07 07:00:00,27.11,27.71,26.77,27.04,2379300,KDH
2023-08-08 07:00:00,26.89,27.04,26.4,26.47,2256100,KDH
2023-08-09 07:00:00,26.59,26.7,26.44,26.66,1934800,KDH
2023-08-10 07:00:00,26.66,26.85,26.21,26.21,1876300,KDH
2023-08-11 07:00:00,26.32,27.56,26.17,27.38,3355400,KDH
2023-08-14 07:00:00,27.3,27.71,27.3,27.41,1738400,KDH
2023-08-15 07:00:00,27.68,27.68,27.0,27.04,1263500,KDH
2023-08-16 07:00:00,27.04,27.07,26.55,26.7,1511200,KDH
2023-08-17 07:00:00,27.0,27.0,26.29,26.66,2268100,KDH
2023-08-18 07:00:00,26.29,26.44,24.82,24.9,3578300,KDH
2023-08-21 07:00:00,24.67,25.87,24.56,25.5,1989100,KDH
2023-08-22 07:00:00,25.54,25.69,24.93,25.57,927300,KDH
2023-08-23 07:00:00,25.84,25.91,24.63,25.16,2000600,KDH
2023-08-24 07:00:00,25.16,26.51,25.16,25.91,1782700,KDH
2023-08-25 07:00:00,25.91,26.29,25.8,25.95,1291300,KDH
2023-08-28 07:00:00,26.21,26.66,26.02,26.66,1332400,KDH
2023-08-29 07:00:00,26.74,27.04,26.47,26.66,1589900,KDH
2023-08-30 07:00:00,26.7,27.04,26.66,26.92,1205600,KDH
2023-08-31 07:00:00,27.11,27.79,27.11,27.79,2198900,KDH
2023-09-05 07:00:00,27.79,27.79,27.04,27.26,2597200,KDH
2023-09-06 07:00:00,27.22,27.79,26.96,27.38,1032500,KDH
2023-09-07 07:00:00,27.49,27.83,27.3,27.38,2214400,KDH
2023-09-08 07:00:00,27.41,27.41,27.11,27.19,2145700,KDH
2023-09-11 07:00:00,27.34,27.41,26.14,26.14,1881100,KDH
2023-09-12 07:00:00,26.14,26.66,26.1,26.44,1891900,KDH
2023-09-13 07:00:00,26.74,27.19,26.44,26.51,1995300,KDH
2023-09-14 07:00:00,26.51,26.59,25.84,25.99,903200,KDH
2023-09-15 07:00:00,26.21,26.44,25.99,25.99,1172700,KDH
2023-09-18 07:00:00,26.06,26.17,25.8,25.91,892500,KDH
2023-09-19 07:00:00,25.99,26.06,25.35,25.54,941900,KDH
2023-09-20 07:00:00,25.69,26.66,25.54,26.66,1655900,KDH
2023-09-21 07:00:00,26.66,26.74,26.06,26.14,947900,KDH
2023-09-22 07:00:00,25.76,25.91,24.63,24.78,1827900,KDH
2023-09-25 07:00:00,24.78,25.12,23.13,23.66,1957800,KDH
2023-09-26 07:00:00,23.66,24.03,23.36,23.66,1304600,KDH
2023-09-27 07:00:00,23.66,24.33,23.54,24.33,994400,KDH
2023-09-28 07:00:00,24.11,24.78,23.66,24.6,1073900,KDH
2023-09-29 07:00:00,24.6,24.82,24.52,24.52,652400,KDH
2023-10-02 07:00:00,24.56,24.6,24.22,24.41,450400,KDH
2023-10-03 07:00:00,24.49,24.78,23.54,23.71,999700,KDH
2023-10-04 07:00:00,23.29,24.04,23.29,23.95,600500,KDH
2023-10-05 07:00:00,23.95,24.04,23.29,23.46,893600,KDH
2023-10-06 07:00:00,23.42,24.37,22.47,24.37,1901700,KDH
2023-10-09 07:00:00,23.95,24.37,23.58,24.37,1348100,KDH
2023-10-10 07:00:00,24.53,24.7,23.95,24.28,1246600,KDH
2023-10-11 07:00:00,24.0,24.24,23.71,24.12,1145000,KDH
2023-10-12 07:00:00,24.33,24.78,24.12,24.74,1543000,KDH
2023-10-13 07:00:00,24.78,26.43,24.7,26.43,3063300,KDH
2023-10-16 07:00:00,26.43,26.43,25.94,26.18,1182500,KDH
2023-10-17 07:00:00,26.39,26.39,24.45,24.45,2211900,KDH
2023-10-18 07:00:00,24.62,24.62,23.13,24.12,1236300,KDH
2023-10-19 07:00:00,24.12,24.2,23.54,24.08,1040600,KDH
2023-10-20 07:00:00,23.95,24.95,23.54,24.95,1213500,KDH
2023-10-23 07:00:00,24.78,25.15,24.53,24.9,1015500,KDH
2023-10-24 07:00:00,24.9,25.44,24.62,25.28,784500,KDH
2023-10-25 07:00:00,25.28,25.52,24.95,24.99,787800,KDH
2023-10-26 07:00:00,24.37,24.7,23.58,24.62,1342600,KDH
2023-10-27 07:00:00,24.78,24.78,23.95,24.45,1664400,KDH
2023-10-30 07:00:00,24.28,24.28,23.62,23.62,1027500,KDH
2023-10-31 07:00:00,23.62,23.79,23.17,23.62,1493100,KDH
2023-11-01 07:00:00,23.62,23.62,22.47,23.62,905400,KDH
2023-11-02 07:00:00,23.87,25.03,23.46,24.78,1435600,KDH
2023-11-03 07:00:00,24.78,24.78,24.12,24.12,1536200,KDH
2023-11-06 07:00:00,24.62,24.62,24.24,24.57,1281900,KDH
2023-11-07 07:00:00,24.37,24.57,24.04,24.2,822900,KDH
2023-11-08 07:00:00,24.08,25.73,24.08,25.65,1612500,KDH
2023-11-09 07:00:00,25.77,27.09,25.44,26.35,3804000,KDH
2023-11-10 07:00:00,25.85,26.68,25.73,25.9,2374600,KDH
2023-11-13 07:00:00,25.94,27.09,25.85,26.27,1806400,KDH
2023-11-14 07:00:00,26.35,26.6,26.06,26.39,1586200,KDH
2023-11-15 07:00:00,26.85,26.89,26.23,26.39,2107800,KDH
2023-11-16 07:00:00,26.35,26.43,25.98,26.43,955200,KDH
2023-11-17 07:00:00,26.8,26.8,25.73,26.02,2104700,KDH
2023-11-20 07:00:00,25.44,26.18,25.36,26.1,1054400,KDH
2023-11-21 07:00:00,26.31,26.64,26.02,26.43,1276700,KDH
2023-11-22 07:00:00,26.39,26.85,26.31,26.68,1493100,KDH
2023-11-23 07:00:00,26.85,27.05,25.85,25.85,1822400,KDH
2023-11-24 07:00:00,25.98,25.98,24.95,25.94,1445400,KDH
2023-11-27 07:00:00,25.98,26.31,25.52,25.85,673100,KDH
2023-11-28 07:00:00,25.77,25.9,25.07,25.85,1110100,KDH
2023-11-29 07:00:00,25.9,26.06,25.69,26.06,747800,KDH
2023-11-30 07:00:00,26.1,26.14,25.77,25.77,1869700,KDH
2023-12-01 07:00:00,26.27,26.27,25.73,26.06,794900,KDH
2023-12-04 07:00:00,26.27,27.18,26.23,26.93,4225100,KDH
2023-12-05 07:00:00,27.05,27.05,26.43,26.51,1910900,KDH
2023-12-06 07:00:00,26.72,26.72,26.35,26.47,3062500,KDH
2023-12-07 07:00:00,26.68,26.68,25.77,26.18,2028600,KDH
2023-12-08 07:00:00,26.18,26.31,26.02,26.23,1000300,KDH
2023-12-11 07:00:00,26.23,26.27,25.73,25.94,767300,KDH
2023-12-12 07:00:00,25.98,26.02,25.73,25.94,1279400,KDH
2023-12-13 07:00:00,25.98,26.06,25.73,25.77,1713000,KDH
2023-12-14 07:00:00,25.85,25.9,24.82,25.32,1547400,KDH
2023-12-15 07:00:00,25.19,25.32,24.86,25.07,1320500,KDH
2023-12-18 07:00:00,25.07,25.07,24.53,25.03,1631400,KDH
2023-12-19 07:00:00,24.95,24.99,24.62,24.86,1617100,KDH
2023-12-20 07:00:00,24.86,24.9,24.62,24.62,978600,KDH
2023-12-21 07:00:00,24.62,24.86,24.33,24.82,1699000,KDH
2023-12-22 07:00:00,24.82,24.95,24.7,24.82,947500,KDH
2023-12-25 07:00:00,24.82,25.15,24.82,25.03,883000,KDH
2023-12-26 07:00:00,25.15,25.36,24.86,25.36,2067900,KDH
2023-12-27 07:00:00,25.32,25.4,25.19,25.32,1367000,KDH
2023-12-28 07:00:00,25.32,25.61,25.28,25.32,1150700,KDH
2023-12-29 07:00:00,25.36,25.94,25.32,25.94,1677500,KDH
2024-01-02 07:00:00,25.94,25.98,25.28,25.48,1249000,KDH
2024-01-03 07:00:00,25.48,25.48,25.23,25.44,1181700,KDH
2024-01-04 07:00:00,25.44,25.69,25.4,25.56,1815400,KDH
2024-01-05 07:00:00,25.56,25.81,25.52,25.61,1671900,KDH
2024-01-08 07:00:00,25.9,25.98,25.69,25.77,2178100,KDH
2024-01-09 07:00:00,25.85,26.02,25.4,25.4,2769600,KDH
2024-01-10 07:00:00,25.44,25.44,24.78,24.82,2133500,KDH
2024-01-11 07:00:00,24.86,25.03,24.82,24.99,1526600,KDH
2024-01-12 07:00:00,24.86,24.86,24.57,24.7,2859900,KDH
2024-01-15 07:00:00,24.82,24.86,24.66,24.66,717600,KDH
2024-01-16 07:00:00,24.53,24.66,24.12,24.45,1951300,KDH
2024-01-17 07:00:00,24.53,25.03,24.45,24.9,1598700,KDH
2024-01-18 07:00:00,24.95,26.1,24.95,25.85,3498800,KDH
2024-01-19 07:00:00,25.9,26.1,25.9,25.94,2158900,KDH
2024-01-22 07:00:00,25.94,25.94,25.44,25.77,2108200,KDH
2024-01-23 07:00:00,25.77,25.81,25.52,25.65,1162400,KDH
2024-01-24 07:00:00,25.65,25.69,25.52,25.52,932600,KDH
2024-01-25 07:00:00,25.52,25.77,25.36,25.77,1483000,KDH
2024-01-26 07:00:00,25.9,25.9,25.65,25.73,1230100,KDH
2024-01-29 07:00:00,25.81,25.81,25.61,25.73,977800,KDH
2024-01-30 07:00:00,25.65,25.73,25.44,25.61,1065900,KDH
2024-01-31 07:00:00,25.69,25.77,25.44,25.52,1176700,KDH
2024-02-01 07:00:00,25.36,25.52,25.11,25.19,1776700,KDH
2024-02-02 07:00:00,25.19,25.98,25.19,25.19,2099600,KDH
2024-02-05 07:00:00,25.32,25.61,25.19,25.48,1037400,KDH
2024-02-06 07:00:00,25.48,25.77,25.44,25.69,919100,KDH
2024-02-07 07:00:00,25.85,25.85,25.61,25.77,1065600,KDH
2024-02-15 07:00:00,25.85,26.06,25.77,25.98,1539000,KDH
2024-02-16 07:00:00,25.98,26.23,25.9,25.94,1201300,KDH
2024-02-19 07:00:00,25.94,26.02,25.56,25.85,1586400,KDH
2024-02-20 07:00:00,25.94,26.27,25.81,26.18,2356500,KDH
2024-02-21 07:00:00,26.27,27.67,26.18,27.09,6967200,KDH
2024-02-22 07:00:00,26.85,27.09,26.76,26.76,1659200,KDH
2024-02-23 07:00:00,26.93,26.93,26.14,26.23,3853800,KDH
2024-02-26 07:00:00,26.23,26.35,25.9,26.23,2268300,KDH
2024-02-27 07:00:00,26.39,27.09,26.18,26.93,3756500,KDH
2024-02-28 07:00:00,27.13,27.13,26.6,26.76,1789100,KDH
2024-02-29 07:00:00,26.89,28.62,26.72,28.62,13925900,KDH
2024-03-01 07:00:00,28.83,29.08,28.5,28.87,4662900,KDH
2024-03-04 07:00:00,29.08,30.31,28.99,29.7,8779300,KDH
2024-03-05 07:00:00,29.7,29.94,29.41,29.74,4622100,KDH
2024-03-06 07:00:00,29.7,29.94,29.08,29.7,4638700,KDH
2024-03-07 07:00:00,29.65,30.36,29.49,30.15,4747500,KDH
2024-03-08 07:00:00,30.15,30.23,29.49,30.11,5973100,KDH
2024-03-11 07:00:00,30.11,30.56,29.94,30.11,5155000,KDH
2024-03-12 07:00:00,30.07,30.56,30.03,30.23,3831600,KDH
2024-03-13 07:00:00,30.31,31.22,30.27,31.06,6838300,KDH
2024-03-14 07:00:00,31.06,31.35,30.81,30.98,4581000,KDH
2024-03-15 07:00:00,30.89,31.68,30.6,30.73,4146100,KDH
2024-03-18 07:00:00,30.81,31.35,28.58,30.73,9112000,KDH
2024-03-19 07:00:00,30.93,30.98,30.11,30.23,2640300,KDH
2024-03-20 07:00:00,30.15,30.48,29.9,30.19,3462900,KDH
2024-03-21 07:00:00,30.4,30.89,30.19,30.73,4354000,KDH
2024-03-22 07:00:00,30.98,31.06,30.44,30.64,3413800,KDH
2024-03-25 07:00:00,30.64,31.47,30.31,30.48,3512300,KDH
2024-03-26 07:00:00,30.48,32.17,30.15,31.88,5454300,KDH
2024-03-27 07:00:00,31.88,32.01,31.43,31.72,2235400,KDH
2024-03-28 07:00:00,31.76,31.88,31.31,31.31,2093300,KDH
2024-03-29 07:00:00,31.31,31.51,30.98,31.22,2925900,KDH
2024-04-01 07:00:00,31.22,31.55,31.02,31.39,4734000,KDH
2024-04-02 07:00:00,31.31,31.43,30.89,31.43,4227900,KDH
2024-04-03 07:00:00,31.43,31.97,31.14,31.18,6061900,KDH
2024-04-04 07:00:00,30.77,31.31,30.6,30.85,3137100,KDH
2024-04-05 07:00:00,30.56,30.89,30.11,30.15,4085300,KDH
2024-04-08 07:00:00,30.07,30.15,29.41,29.61,3132400,KDH
2024-04-09 07:00:00,29.61,29.82,29.2,29.74,3431300,KDH
2024-04-10 07:00:00,29.86,30.4,29.74,29.74,3062800,KDH
2024-04-11 07:00:00,29.24,30.15,29.24,29.94,2746100,KDH
2024-04-12 07:00:00,30.03,30.19,29.86,30.11,2247800,KDH
2024-04-15 07:00:00,29.98,30.23,28.0,28.0,4062400,KDH
2024-04-16 07:00:00,28.0,28.33,27.26,28.29,4882200,KDH
2024-04-17 07:00:00,28.41,28.41,28.08,28.08,1880100,KDH
2024-04-19 07:00:00,28.0,28.0,26.43,27.26,4253700,KDH
2024-04-22 07:00:00,27.59,27.63,26.85,27.63,3408100,KDH
2024-04-23 07:00:00,27.67,27.84,27.26,27.63,2792000,KDH
2024-04-24 07:00:00,27.92,28.83,27.8,28.54,3040700,KDH
2024-04-25 07:00:00,28.33,28.58,27.88,28.58,2052500,KDH
2024-04-26 07:00:00,28.08,29.28,28.04,28.91,3717500,KDH
2024-05-02 07:00:00,28.91,28.91,28.08,28.91,1506200,KDH
2024-05-03 07:00:00,29.24,29.65,28.62,29.65,3634400,KDH
2024-05-06 07:00:00,29.65,29.74,29.32,29.49,2486400,KDH
2024-05-07 07:00:00,29.61,29.9,29.45,29.82,2990500,KDH
2024-05-08 07:00:00,29.45,29.78,29.2,29.74,2292200,KDH
2024-05-09 07:00:00,29.74,30.03,29.36,29.74,3070200,KDH
2024-05-10 07:00:00,29.7,29.86,29.32,29.74,2145200,KDH
2024-05-13 07:00:00,29.86,30.36,29.82,29.98,4319500,KDH
2024-05-14 07:00:00,30.07,30.07,29.61,29.65,969800,KDH
2024-05-15 07:00:00,29.74,30.36,29.61,30.07,4473400,KDH
2024-05-16 07:00:00,30.31,30.56,30.07,30.4,3640500,KDH
2024-05-17 07:00:00,30.4,30.48,30.19,30.48,3146100,KDH
2024-05-20 07:00:00,30.73,30.77,30.27,30.48,3005800,KDH
2024-05-21 07:00:00,30.31,30.44,29.94,30.15,2996100,KDH
2024-05-22 07:00:00,30.19,30.64,30.07,30.23,4342500,KDH
2024-05-23 07:00:00,30.15,30.52,30.03,30.52,2719200,KDH
2024-05-24 07:00:00,30.4,30.64,28.91,29.41,6015400,KDH
2024-05-27 07:00:00,29.53,29.57,28.91,29.57,2314500,KDH
2024-05-28 07:00:00,29.7,29.94,29.49,29.94,2763100,KDH
2024-05-29 07:00:00,29.86,29.9,29.49,29.49,3036900,KDH
2024-05-30 07:00:00,29.24,29.78,28.95,29.78,3370000,KDH
2024-05-31 07:00:00,29.74,29.9,29.53,29.9,2717900,KDH
2024-06-03 07:00:00,30.03,31.8,29.94,31.39,8207700,KDH
2024-06-04 07:00:00,31.35,31.35,30.93,30.98,2696000,KDH
2024-06-05 07:00:00,31.26,31.26,30.6,30.6,4622900,KDH
2024-06-06 07:00:00,30.81,30.81,30.03,30.15,4547700,KDH
2024-06-07 07:00:00,30.31,30.98,30.11,30.81,3087100,KDH
2024-06-10 07:00:00,30.85,31.22,30.56,30.81,2514400,KDH
2024-06-11 07:00:00,30.81,30.89,30.27,30.73,2550700,KDH
2024-06-12 07:00:00,30.73,31.51,30.64,31.35,4626000,KDH
2024-06-13 07:00:00,31.47,32.5,31.39,31.88,7228600,KDH
2024-06-14 07:00:00,31.97,32.05,30.98,30.98,3969100,KDH
2024-06-17 07:00:00,30.77,31.18,30.73,31.02,3113200,KDH
2024-06-18 07:00:00,31.18,31.68,30.81,31.22,1581100,KDH
2024-06-19 07:00:00,31.31,31.31,30.69,31.14,2073200,KDH
2024-06-20 07:00:00,30.93,31.1,30.56,31.02,2147500,KDH
2024-06-21 07:00:00,31.1,31.14,30.48,30.98,2478100,KDH
2024-06-24 07:00:00,30.98,30.98,29.32,30.27,3284200,KDH
2024-06-25 07:00:00,30.15,30.64,29.9,30.64,1843300,KDH
2024-06-26 07:00:00,30.52,30.56,29.9,30.56,1983300,KDH
2024-06-27 07:00:00,30.44,30.98,29.98,30.98,2277900,KDH
2024-06-28 07:00:00,30.69,30.73,30.11,30.48,2296800,KDH
2024-07-01 07:00:00,30.48,30.56,30.15,30.56,1237100,KDH
2024-07-02 07:00:00,30.56,31.35,30.4,31.31,3263100,KDH
2024-07-03 07:00:00,31.35,31.39,31.02,31.26,1511800,KDH
2024-07-04 07:00:00,31.26,31.35,31.02,31.35,1555700,KDH
2024-07-05 07:00:00,31.39,31.93,31.14,31.64,4021000,KDH
2024-07-08 07:00:00,31.64,31.84,30.69,30.73,5106900,KDH
2024-07-09 07:00:00,30.64,30.98,30.48,30.98,2656300,KDH
2024-07-10 07:00:00,31.06,31.35,30.77,31.31,3538300,KDH
2024-07-11 07:00:00,31.47,33.04,31.43,31.84,13615500,KDH
2024-07-12 07:00:00,31.84,32.21,31.22,31.39,2716100,KDH
2024-07-15 07:00:00,31.39,31.59,30.81,31.22,3552000,KDH
2024-07-16 07:00:00,31.22,31.35,30.81,31.22,2895000,KDH
2024-07-17 07:00:00,31.39,31.39,29.32,30.48,6616900,KDH
2024-07-18 07:00:00,30.48,30.48,29.57,30.4,3137800,KDH
2024-07-19 07:00:00,30.31,30.48,29.78,30.23,2078300,KDH
2024-07-22 07:00:00,29.9,30.15,29.32,29.82,2274600,KDH
2024-07-23 07:00:00,29.78,29.9,29.16,29.32,2079700,KDH
2024-07-24 07:00:00,29.08,29.9,28.83,29.74,2237200,KDH
2024-07-25 07:00:00,29.57,29.74,29.24,29.74,994900,KDH
2024-07-26 07:00:00,29.65,29.82,29.61,29.74,1009500,KDH
2024-07-29 07:00:00,29.98,29.98,29.65,29.9,1032200,KDH
2024-07-30 07:00:00,29.9,30.03,29.61,29.74,1167500,KDH
2024-07-31 07:00:00,29.78,30.11,29.74,29.94,1430900,KDH
2024-08-01 07:00:00,29.94,29.94,28.58,28.75,2273700,KDH
2024-08-02 07:00:00,28.25,28.91,28.08,28.91,2251800,KDH
2024-08-05 07:00:00,28.17,28.66,27.67,28.5,2317300,KDH
2024-08-06 07:00:00,28.83,29.16,28.25,29.16,1404600,KDH
2024-08-07 07:00:00,29.12,29.49,28.99,29.49,1161700,KDH
2024-08-08 07:00:00,29.36,29.36,29.03,29.12,1319500,KDH
2024-08-09 07:00:00,29.32,29.53,29.03,29.45,1059300,KDH
2024-08-12 07:00:00,29.32,29.53,29.2,29.49,687700,KDH
2024-08-13 07:00:00,29.45,29.65,29.24,29.57,893700,KDH
2024-08-14 07:00:00,29.57,29.61,29.16,29.49,877300,KDH
2024-08-15 07:00:00,29.32,29.49,28.91,29.32,830500,KDH
2024-08-16 07:00:00,29.32,30.98,29.24,30.69,6300400,KDH
2024-08-19 07:00:00,30.81,30.85,30.52,30.64,1974400,KDH
2024-08-20 07:00:00,30.6,31.43,30.52,31.18,4063400,KDH
2024-08-21 07:00:00,31.02,31.26,30.64,31.14,1791600,KDH
2024-08-22 07:00:00,31.14,31.14,30.73,31.06,1613300,KDH
2024-08-23 07:00:00,31.02,31.02,30.6,30.89,2206600,KDH
2024-08-26 07:00:00,31.1,31.26,30.73,31.14,1884000,KDH
2024-08-27 07:00:00,30.98,32.01,30.98,30.98,3743900,KDH
2024-08-28 07:00:00,30.98,31.06,30.36,30.93,1943500,KDH
2024-08-29 07:00:00,30.93,31.31,30.73,31.14,1775900,KDH
2024-08-30 07:00:00,31.22,31.22,30.81,31.14,1282400,KDH
2024-09-04 07:00:00,30.89,31.72,30.85,31.39,3805600,KDH
2024-09-05 07:00:00,31.39,31.55,30.93,31.35,2600000,KDH
2024-09-06 07:00:00,31.06,31.22,30.85,31.22,1751600,KDH
2024-09-09 07:00:00,31.22,31.51,30.98,31.06,3178000,KDH
2024-09-10 07:00:00,31.14,31.18,30.56,30.81,3655500,KDH
2024-09-11 07:00:00,30.81,30.93,30.23,30.81,1844200,KDH
2024-09-12 07:00:00,30.89,30.89,30.6,30.69,1132700,KDH
2024-09-13 07:00:00,30.56,30.89,30.56,30.77,1461000,KDH
2024-09-16 07:00:00,30.73,31.35,30.73,31.1,2263100,KDH
2024-09-17 07:00:00,31.35,31.8,31.06,31.64,5793400,KDH
2024-09-18 07:00:00,31.68,31.68,31.31,31.39,5043700,KDH
2024-09-19 07:00:00,31.47,31.55,31.18,31.39,4043200,KDH
2024-09-20 07:00:00,31.59,31.59,31.22,31.26,7831100,KDH
2024-09-23 07:00:00,31.26,31.64,31.1,31.31,2249600,KDH
2024-09-24 07:00:00,31.39,31.8,31.31,31.8,3758100,KDH
2024-09-25 07:00:00,31.93,32.79,31.88,32.38,5414400,KDH
2024-09-26 07:00:00,32.63,32.63,32.05,32.5,3581100,KDH
2024-09-27 07:00:00,32.63,32.63,32.05,32.17,2701800,KDH
2024-09-30 07:00:00,31.93,32.21,31.88,32.13,2996800,KDH
2024-10-01 07:00:00,32.21,32.96,32.09,32.46,5012900,KDH
2024-10-02 07:00:00,32.17,32.42,31.88,31.88,3126400,KDH
2024-10-03 07:00:00,31.88,31.93,30.69,30.89,6723900,KDH
2024-10-04 07:00:00,30.89,31.14,30.77,30.93,1866200,KDH
2024-10-07 07:00:00,30.93,31.18,30.73,31.18,2097800,KDH
2024-10-08 07:00:00,30.89,31.26,30.73,30.98,1813100,KDH
2024-10-09 07:00:00,31.22,31.22,30.98,31.14,1162000,KDH
2024-10-10 07:00:00,31.18,31.26,30.98,30.98,1405000,KDH
2024-10-11 07:00:00,30.98,31.35,30.89,30.98,1596000,KDH
2024-10-14 07:00:00,30.98,31.22,30.64,30.85,2579100,KDH
2024-10-15 07:00:00,30.89,30.89,30.31,30.44,4004700,KDH
2024-10-16 07:00:00,30.4,30.44,29.82,30.07,2359400,KDH
2024-10-17 07:00:00,30.38,30.7,29.57,30.29,4803300,KDH
2024-10-18 07:00:00,30.29,30.34,29.79,29.79,1825000,KDH
2024-10-21 07:00:00,29.79,29.84,29.43,29.52,3085600,KDH
2024-10-22 07:00:00,29.57,30.29,29.29,29.7,4393500,KDH
2024-10-23 07:00:00,30.07,30.61,29.93,30.25,3611600,KDH
2024-10-24 07:00:00,30.48,30.98,30.2,30.57,3209500,KDH
2024-10-25 07:00:00,30.57,30.66,30.11,30.11,2212100,KDH
2024-10-28 07:00:00,30.07,30.48,30.07,30.43,1522300,KDH
2024-10-29 07:00:00,30.61,30.66,30.11,30.43,2236100,KDH
2024-10-30 07:00:00,30.43,30.43,30.2,30.43,1562900,KDH
2024-10-31 07:00:00,30.43,30.57,30.25,30.43,3204700,KDH
2024-11-01 07:00:00,30.25,30.52,30.11,30.11,2005200,KDH
2024-11-04 07:00:00,30.25,30.25,29.57,29.98,2603400,KDH
2024-11-05 07:00:00,29.98,30.02,29.66,29.93,1452100,KDH
2024-11-06 07:00:00,30.16,30.34,29.79,30.34,1659000,KDH
2024-11-07 07:00:00,30.48,30.93,30.34,30.52,2148100,KDH
2024-11-08 07:00:00,30.61,30.61,30.2,30.48,1276200,KDH
2024-11-11 07:00:00,30.48,30.48,30.07,30.43,1148900,KDH
2024-11-12 07:00:00,30.29,30.43,29.98,30.38,1648400,KDH
2024-11-13 07:00:00,30.02,30.52,30.02,30.43,1744900,KDH
2024-11-14 07:00:00,30.34,30.52,29.98,30.29,1608200,KDH
2024-11-15 07:00:00,29.84,29.93,28.98,29.66,3474100,KDH
2024-11-18 07:00:00,29.66,29.66,28.93,29.61,1414500,KDH
2024-11-19 07:00:00,29.43,29.61,28.75,29.07,2426600,KDH
2024-11-20 07:00:00,28.8,29.98,28.61,29.57,2182300,KDH
2024-11-21 07:00:00,29.43,29.84,29.39,29.79,1643900,KDH
2024-11-22 07:00:00,29.61,29.66,29.16,29.61,2003300,KDH
2024-11-25 07:00:00,29.61,29.79,29.52,29.79,1655500,KDH
2024-11-26 07:00:00,29.79,30.25,29.61,30.16,2267100,KDH
2024-11-27 07:00:00,30.16,30.16,29.89,30.11,1509100,KDH
2024-11-28 07:00:00,30.11,30.16,29.89,30.02,1642300,KDH
2024-11-29 07:00:00,29.98,30.11,29.7,30.11,1423900,KDH
2024-12-02 07:00:00,30.11,30.11,29.48,29.84,2671900,KDH
2024-12-03 07:00:00,29.61,29.89,29.61,29.89,1383200,KDH
2024-12-04 07:00:00,29.89,29.93,29.66,29.84,1504600,KDH
2024-12-05 07:00:00,29.84,30.75,29.75,30.25,3812000,KDH
2024-12-06 07:00:00,30.38,30.7,30.34,30.7,2269300,KDH
2024-12-09 07:00:00,30.61,31.43,30.61,31.25,4053200,KDH
2024-12-10 07:00:00,31.25,31.34,31.11,31.34,2356700,KDH
2024-12-11 07:00:00,31.61,31.61,31.11,31.34,2364400,KDH
2024-12-12 07:00:00,31.34,31.38,31.11,31.38,1835500,KDH
2024-12-13 07:00:00,31.16,31.29,30.98,31.29,1408700,KDH
2024-12-16 07:00:00,31.29,31.61,31.2,31.43,2000300,KDH
2024-12-17 07:00:00,31.43,32.07,31.43,31.79,4368800,KDH
2024-12-18 07:00:00,32.02,32.02,31.57,31.79,1958400,KDH
2024-12-19 07:00:00,31.43,32.34,31.34,32.34,4800100,KDH
2024-12-20 07:00:00,32.29,32.66,32.2,32.56,5112500,KDH
2024-12-23 07:00:00,32.61,32.66,32.29,32.61,1911300,KDH
2024-12-24 07:00:00,32.56,32.66,31.93,32.66,2556900,KDH
2024-12-25 07:00:00,32.66,32.66,32.11,32.61,2258500,KDH
2024-12-26 07:00:00,32.38,32.61,32.25,32.56,2449900,KDH
2024-12-27 07:00:00,32.61,32.61,32.29,32.52,2505200,KDH
2024-12-30 07:00:00,32.34,32.84,32.25,32.84,2774000,KDH
2024-12-31 07:00:00,32.88,32.88,32.11,32.79,2588100,KDH
2025-01-02 07:00:00,32.34,32.52,31.57,31.93,2535400,KDH
2025-01-03 07:00:00,31.75,31.88,31.52,31.61,1607100,KDH
2025-01-06 07:00:00,31.47,31.97,31.47,31.61,1638900,KDH
2025-01-07 07:00:00,31.43,31.7,30.75,30.75,2148000,KDH
2025-01-08 07:00:00,30.88,30.88,30.43,30.7,1752700,KDH
2025-01-09 07:00:00,30.84,31.11,30.75,30.84,722300,KDH
2025-01-10 07:00:00,30.75,31.11,30.75,30.88,918100,KDH
2025-01-13 07:00:00,30.84,31.43,30.48,31.29,1272600,KDH
2025-01-14 07:00:00,31.16,31.34,30.88,31.02,831800,KDH
2025-01-15 07:00:00,31.2,31.38,31.02,31.07,1116600,KDH
2025-01-16 07:00:00,30.93,31.29,30.66,31.2,1846700,KDH
2025-01-17 07:00:00,30.98,31.29,30.88,31.25,1152500,KDH
2025-01-20 07:00:00,31.25,31.38,31.16,31.38,963100,KDH
2025-01-21 07:00:00,31.38,31.38,31.07,31.25,619200,KDH
2025-01-22 07:00:00,31.25,31.25,30.93,31.16,911000,KDH
2025-01-23 07:00:00,31.29,31.38,31.02,31.38,1472700,KDH
2025-01-24 07:00:00,31.52,31.57,31.29,31.57,1954100,KDH
2025-02-03 07:00:00,31.34,31.38,31.11,31.38,1247100,KDH
2025-02-04 07:00:00,31.38,31.57,31.2,31.57,1985200,KDH
2025-02-05 07:00:00,31.61,32.02,31.61,31.66,2720000,KDH
2025-02-06 07:00:00,31.66,31.7,31.07,31.43,2190200,KDH
2025-02-07 07:00:00,31.43,31.43,31.02,31.38,1668700,KDH
2025-02-10 07:00:00,31.16,31.38,30.88,30.88,1730300,KDH
2025-02-11 07:00:00,30.88,31.02,30.66,31.02,1802000,KDH
2025-02-12 07:00:00,31.16,31.16,30.66,30.88,1506300,KDH
2025-02-13 07:00:00,30.88,30.88,30.25,30.7,2486000,KDH
2025-02-14 07:00:00,30.7,30.88,30.57,30.75,1067300,KDH
2025-02-17 07:00:00,30.75,30.88,30.57,30.75,1002500,KDH
2025-02-18 07:00:00,30.75,30.98,30.66,30.75,844500,KDH
2025-02-19 07:00:00,30.79,31.07,30.61,31.07,1990700,KDH
2025-02-20 07:00:00,31.16,31.29,30.88,31.07,2722800,KDH
2025-02-21 07:00:00,31.07,31.07,30.52,30.57,3108100,KDH
2025-02-24 07:00:00,30.57,30.61,30.34,30.57,1297700,KDH
2025-02-25 07:00:00,30.7,30.79,30.29,30.29,2461400,KDH
2025-02-26 07:00:00,30.29,30.43,29.98,30.16,2661000,KDH
2025-02-27 07:00:00,30.2,30.43,30.07,30.43,1787000,KDH
2025-02-28 07:00:00,30.52,30.75,30.34,30.43,1942400,KDH
2025-03-03 07:00:00,30.48,30.75,30.43,30.52,1577200,KDH
2025-03-04 07:00:00,30.52,30.88,30.43,30.66,2161000,KDH
2025-03-05 07:00:00,30.7,30.88,30.43,30.43,2222300,KDH
2025-03-06 07:00:00,30.52,30.57,30.2,30.48,1647500,KDH
2025-03-07 07:00:00,30.52,31.07,30.48,30.48,3904400,KDH
2025-03-10 07:00:00,30.75,30.75,30.07,30.11,3241800,KDH
2025-03-11 07:00:00,30.02,30.2,29.43,29.84,4327300,KDH
2025-03-12 07:00:00,29.98,29.98,28.93,29.43,5390500,KDH
2025-03-13 07:00:00,29.07,29.39,29.07,29.39,2273500,KDH
2025-03-14 07:00:00,29.16,29.7,29.02,29.2,3042000,KDH
2025-03-17 07:00:00,29.43,30.16,29.07,30.16,4357500,KDH
2025-03-18 07:00:00,30.29,30.29,29.61,29.61,3018400,KDH
2025-03-19 07:00:00,29.57,29.61,29.07,29.61,3087500,KDH
2025-03-20 07:00:00,29.75,29.75,28.98,29.43,3146100,KDH
2025-03-21 07:00:00,29.16,29.48,29.16,29.43,2157000,KDH
2025-03-24 07:00:00,29.34,29.61,29.02,29.61,1755700,KDH
2025-03-25 07:00:00,29.7,29.79,29.34,29.75,2967900,KDH
2025-03-26 07:00:00,29.75,29.79,29.07,29.07,3544500,KDH
2025-03-27 07:00:00,29.25,29.61,29.25,29.48,1817700,KDH
2025-03-28 07:00:00,29.57,29.57,29.34,29.57,2142700,KDH
2025-03-31 07:00:00,29.52,29.98,29.34,29.61,4335500,KDH
2025-04-01 07:00:00,29.7,29.75,28.93,29.61,4842400,KDH
2025-04-02 07:00:00,29.57,29.57,29.02,29.02,3626100,KDH
2025-04-03 07:00:00,27.34,28.25,27.02,27.02,3714900,KDH
2025-04-04 07:00:00,25.16,25.89,25.16,25.43,9814300,KDH
2025-04-08 07:00:00,23.71,23.89,23.66,23.66,1710300,KDH
2025-04-09 07:00:00,22.03,22.03,22.03,22.03,1112800,KDH
2025-04-10 07:00:00,23.53,23.53,23.53,23.53,4334600,KDH
2025-04-11 07:00:00,23.48,25.16,22.07,24.98,8115000,KDH
2025-04-14 07:00:00,24.98,25.48,23.98,25.25,5241700,KDH
2025-04-15 07:00:00,24.71,24.93,24.12,24.57,3748500,KDH
2025-04-16 07:00:00,24.53,24.53,23.8,24.34,3384900,KDH
2025-04-17 07:00:00,23.75,24.43,23.62,24.43,2861900,KDH
2025-04-18 07:00:00,24.53,24.84,24.3,24.39,2416900,KDH
2025-04-21 07:00:00,24.34,24.57,24.03,24.53,1980100,KDH
2025-04-22 07:00:00,24.34,24.53,22.85,23.8,5091000,KDH
2025-04-23 07:00:00,24.16,24.62,23.71,24.39,3137700,KDH
2025-04-24 07:00:00,24.57,24.93,24.39,24.62,2754100,KDH
2025-04-25 07:00:00,24.43,24.71,24.07,24.71,3619900,KDH
2025-04-28 07:00:00,24.71,24.71,24.12,24.25,1395800,KDH
2025-04-29 07:00:00,24.25,24.39,23.94,23.94,2319800,KDH
2025-05-05 07:00:00,24.21,24.89,23.94,24.66,2151600,KDH
2025-05-06 07:00:00,24.66,24.98,24.62,24.62,2261000,KDH
2025-05-07 07:00:00,24.62,26.25,24.62,25.98,5397400,KDH
2025-05-08 07:00:00,26.16,26.16,25.52,26.16,3568900,KDH
2025-05-09 07:00:00,26.07,26.16,25.8,25.84,1860600,KDH
2025-05-12 07:00:00,25.84,25.98,25.48,25.71,1552300,KDH
2025-05-13 07:00:00,25.98,26.52,25.71,26.52,3631100,KDH
2025-05-14 07:00:00,26.52,26.61,26.25,26.61,2238800,KDH
2025-05-15 07:00:00,26.71,26.71,26.34,26.66,1856900,KDH
2025-05-16 07:00:00,26.66,26.71,26.07,26.07,1562200,KDH
2025-05-19 07:00:00,25.89,26.61,25.71,26.3,2064900,KDH
2025-05-20 07:00:00,26.16,26.43,26.16,26.43,1522300,KDH
2025-05-21 07:00:00,26.43,26.52,25.93,26.25,2007800,KDH
2025-05-22 07:00:00,26.25,26.25,25.57,25.66,1938400,KDH
2025-05-23 07:00:00,25.66,25.8,25.3,25.57,2149700,KDH
2025-05-26 07:00:00,25.66,26.39,24.93,26.39,2862100,KDH
2025-05-27 07:00:00,26.61,27.39,26.39,27.25,4107100,KDH
2025-05-28 07:00:00,27.25,27.25,26.75,26.75,1945800,KDH
2025-05-29 07:00:00,27.61,27.61,26.71,26.98,4526300,KDH
2025-05-30 07:00:00,27.07,27.07,26.39,26.71,2242400,KDH
2025-06-02 07:00:00,26.71,28.52,26.71,27.8,7198100,KDH
2025-06-03 07:00:00,28.07,28.11,27.61,27.7,3350700,KDH
2025-06-04 07:00:00,27.8,28.02,27.57,27.7,3116500,KDH
2025-06-05 07:00:00,27.98,27.98,27.25,27.48,2576100,KDH
2025-06-06 07:00:00,27.48,27.61,26.71,26.89,3519700,KDH
2025-06-09 07:00:00,26.89,27.43,26.89,27.11,2753900,KDH
2025-06-10 07:00:00,27.21,27.21,26.8,26.98,2076200,KDH
2025-06-11 07:00:00,27.07,27.07,26.39,26.61,1903200,KDH
2025-06-12 07:00:00,26.61,27.16,26.61,26.98,1775200,KDH
2025-06-13 07:00:00,26.61,26.93,26.16,26.57,3319100,KDH
2025-06-16 07:00:00,26.57,26.75,26.3,26.71,1342700,KDH
2025-06-17 07:00:00,26.75,27.11,26.71,26.98,2509300,KDH
2025-06-18 07:00:00,27.02,27.43,27.02,27.25,3161300,KDH
2025-06-19 07:00:00,27.25,27.25,26.98,27.25,1925200,KDH
2025-06-20 07:00:00,27.25,27.43,27.07,27.43,2004700,KDH
2025-06-23 07:00:00,27.11,27.16,26.71,26.8,1948100,KDH
2025-06-24 07:00:00,27.07,27.11,26.84,26.84,2797500,KDH
2025-06-25 07:00:00,26.89,27.11,26.66,26.84,2256700,KDH
2025-06-26 07:00:00,26.89,26.89,26.07,26.16,3827700,KDH
2025-06-27 07:00:00,26.39,26.61,26.21,26.34,1831900,KDH
2025-06-30 07:00:00,26.39,26.71,26.21,26.71,4051200,KDH
2025-07-01 07:00:00,26.71,26.93,26.34,26.75,1646600,KDH
2025-07-02 07:00:00,26.75,26.75,26.48,26.52,1685900,KDH
2025-07-03 07:00:00,26.52,26.98,26.52,26.66,2214500,KDH
2025-07-04 07:00:00,26.71,27.34,26.71,26.98,3704000,KDH
2025-07-07 07:00:00,27.21,27.3,26.98,27.25,2847200,KDH
2025-07-08 07:00:00,27.34,27.52,26.8,27.52,5169500,KDH
2025-07-09 07:00:00,27.8,28.16,27.57,28.16,6330800,KDH
2025-07-10 07:00:00,28.25,28.8,27.98,28.02,4175600,KDH
2025-07-11 07:00:00,28.11,28.11,27.52,27.52,5626300,KDH
2025-07-14 07:00:00,27.7,28.52,27.07,28.39,8514600,KDH
2025-07-15 07:00:00,28.48,28.84,28.2,28.34,6387900,KDH
2025-07-16 07:00:00,28.25,28.61,28.16,28.25,5521400,KDH
2025-07-17 07:00:00,29.0,29.45,28.5,28.95,6708300,KDH
2025-07-18 07:00:00,29.15,29.7,28.95,29.0,5412600,KDH
2025-07-21 07:00:00,29.1,29.2,28.1,28.25,5547900,KDH
2025-07-22 07:00:00,28.25,28.45,28.05,28.4,3805000,KDH
2025-07-23 07:00:00,28.7,28.7,28.3,28.5,3062000,KDH
2025-07-24 07:00:00,28.6,28.9,28.4,28.8,6155200,KDH
2025-07-25 07:00:00,29.0,29.0,28.6,28.7,3687800,KDH
2025-07-28 07:00:00,29.0,29.8,28.95,29.3,7440100,KDH
2025-07-29 07:00:00,29.5,29.55,27.5,27.5,8226600,KDH
2025-07-30 07:00:00,27.8,28.05,27.1,27.6,3836400,KDH
2025-07-31 07:00:00,27.75,27.75,26.8,27.4,5593000,KDH
2025-08-01 07:00:00,27.5,28.15,27.15,27.7,3291700,KDH
2025-08-04 07:00:00,27.7,28.35,27.65,27.9,2841800,KDH
2025-08-05 07:00:00,28.1,28.5,27.5,27.9,8495800,KDH
2025-08-06 07:00:00,27.95,28.35,27.95,28.1,7131500,KDH
2025-08-07 07:00:00,28.6,29.9,28.5,29.9,10535300,KDH
2025-08-08 07:00:00,30.8,31.9,30.35,31.7,10765600,KDH
2025-08-11 07:00:00,32.5,33.0,32.0,32.0,8499300,KDH
2025-08-12 07:00:00,32.2,34.2,31.85,34.2,10570600,KDH
2025-08-13 07:00:00,35.05,36.55,35.0,36.2,12039400,KDH
2025-08-14 07:00:00,36.35,36.6,35.45,36.1,7428400,KDH
2025-08-15 07:00:00,36.15,36.2,34.75,35.5,10968200,KDH
2025-08-18 07:00:00,35.4,37.4,35.05,37.0,9990700,KDH
2025-08-19 07:00:00,37.0,37.3,36.35,36.8,9366600,KDH
2025-08-20 07:00:00,36.8,36.8,34.3,36.5,9419400,KDH
2025-08-21 07:00:00,36.2,36.4,35.0,35.9,12621400,KDH
2025-08-22 07:00:00,35.25,35.8,33.6,34.0,8559400,KDH
2025-08-25 07:00:00,34.45,34.5,32.9,33.65,6227800,KDH
2025-08-26 07:00:00,33.6,35.5,33.45,35.5,4910200,KDH
2025-08-27 07:00:00,35.5,37.6,35.15,36.0,10329500,KDH
2025-08-28 07:00:00,36.1,36.15,35.1,35.9,4963000,KDH
2025-08-29 07:00:00,36.0,37.25,35.6,36.5,9336700,KDH
2025-09-03 07:00:00,36.6,38.1,36.55,37.0,7773600,KDH
2025-09-04 07:00:00,37.1,37.6,36.55,36.75,5226700,KDH
2025-09-05 07:00:00,36.95,37.5,35.45,35.45,12748300,KDH
2025-09-08 07:00:00,35.15,36.1,34.3,34.8,7426000,KDH
2025-09-09 07:00:00,35.0,35.15,34.6,34.8,4220800,KDH
2025-09-10 07:00:00,34.9,35.05,34.5,34.7,3199300,KDH
2025-09-11 07:00:00,34.4,35.0,33.3,35.0,6149900,KDH
2025-09-12 07:00:00,35.0,35.5,34.7,34.8,3361100,KDH
2025-09-15 07:00:00,34.6,35.1,34.6,34.85,3294200,KDH
2025-09-16 07:00:00,35.1,35.1,34.2,34.3,4366500,KDH
2025-09-17 07:00:00,34.35,34.4,33.5,33.5,3920100,KDH
2025-09-18 07:00:00,33.7,33.75,33.05,33.4,3318900,KDH
2025-09-19 07:00:00,33.6,34.3,33.3,34.3,3270600,KDH
2025-09-22 07:00:00,34.1,34.65,33.1,34.0,5622300,KDH
2025-09-23 07:00:00,34.3,34.3,33.4,33.4,2941200,KDH
2025-09-24 07:00:00,33.55,34.15,33.35,33.95,4292500,KDH
2025-09-25 07:00:00,34.05,34.35,33.55,33.7,6273200,KDH
2025-09-26 07:00:00,33.65,35.0,33.65,34.5,10125300,KDH
2025-09-29 07:00:00,34.65,34.95,34.0,34.25,2799400,KDH
2025-09-30 07:00:00,34.3,34.9,33.55,33.8,8398800,KDH
2025-10-01 07:00:00,34.0,34.0,33.35,33.7,3011300,KDH
2025-10-02 07:00:00,33.7,33.9,32.95,33.0,4391000,KDH
2025-10-03 07:00:00,33.0,33.0,31.45,31.75,6795900,KDH
2025-10-06 07:00:00,31.9,33.0,31.7,33.0,3922700,KDH
2025-10-07 07:00:00,33.3,33.3,32.25,32.25,3144100,KDH
2025-10-08 07:00:00,32.9,32.9,31.7,32.4,5045000,KDH
2025-10-09 07:00:00,32.6,33.05,32.0,32.45,4571600,KDH
2025-10-10 07:00:00,32.75,33.0,32.25,32.45,5841600,KDH
2025-10-13 07:00:00,32.05,33.0,31.95,32.55,8191200,KDH
2025-10-14 07:00:00,33.0,33.05,31.8,31.9,10322700,KDH
2025-10-15 07:00:00,31.9,34.1,31.2,34.1,21160400,KDH
2025-10-16 07:00:00,34.95,35.0,34.0,34.2,10297400,KDH
2025-10-17 07:00:00,34.4,35.2,33.85,33.9,12420700,KDH
2025-10-20 07:00:00,33.85,34.15,31.55,31.55,13397700,KDH
2025-10-21 07:00:00,31.0,32.2,30.0,31.75,9776400,KDH
2025-10-22 07:00:00,31.9,32.3,31.05,32.2,6630800,KDH
2025-10-23 07:00:00,32.2,34.1,32.2,33.55,13833800,KDH
2025-10-24 07:00:00,33.25,34.0,32.65,33.8,5128500,KDH
2025-10-27 07:00:00,33.75,33.9,32.5,32.5,3937800,KDH
2025-10-28 07:00:00,32.2,33.5,31.4,33.5,6038100,KDH
2025-10-29 07:00:00,33.65,35.3,33.6,34.4,16159700,KDH
2025-10-30 07:00:00,34.6,36.45,34.5,35.85,11419700,KDH
2025-10-31 07:00:00,35.5,36.3,34.9,35.85,11395100,KDH
2025-11-03 07:00:00,35.3,35.45,34.0,34.0,9662000,KDH
2025-11-04 07:00:00,33.95,35.95,32.25,35.6,12204600,KDH
2025-11-05 07:00:00,35.35,35.35,34.25,34.95,6401200,KDH
2025-11-06 07:00:00,34.95,34.95,34.0,34.1,4490600,KDH
2025-11-07 07:00:00,34.0,34.0,32.5,32.5,6728100,KDH
2025-11-10 07:00:00,32.1,32.45,31.6,32.0,6613000,KDH
2025-11-11 07:00:00,32.1,33.05,32.1,33.0,2965900,KDH
2025-11-12 07:00:00,33.3,34.45,33.0,34.1,5154100,KDH
2025-11-13 07:00:00,34.2,35.2,33.85,34.45,6884900,KDH
2025-11-14 07:00:00,34.3,34.95,34.15,34.65,3625700,KDH
2025-11-17 07:00:00,34.75,35.35,34.65,35.1,7830000,KDH
2025-11-18 07:00:00,35.0,35.45,34.4,35.4,6433600,KDH
2025-11-19 07:00:00,35.4,35.45,34.3,34.6,4310900,KDH
2025-11-20 07:00:00,34.6,34.8,34.3,34.65,3319400,KDH
2025-11-21 07:00:00,34.4,35.3,34.1,34.85,7257300,KDH
2025-11-24 07:00:00,35.0,35.15,34.85,34.85,3086900,KDH
2025-11-25 07:00:00,34.9,35.75,34.15,34.5,7825000,KDH
2025-11-26 07:00:00,34.55,35.4,34.35,35.4,5847000,KDH
2025-11-27 07:00:00,35.4,36.2,34.8,35.4,8524700,KDH
2025-11-28 07:00:00,35.15,35.35,34.5,35.0,4441800,KDH
2025-12-01 07:00:00,35.0,35.0,34.15,34.15,4153100,KDH
2025-12-02 07:00:00,34.25,34.25,33.05,33.55,7782800,KDH
2025-12-03 07:00:00,33.75,34.2,33.6,34.2,3391900,KDH
2025-12-04 07:00:00,34.45,35.0,34.2,34.45,3714000,KDH
2025-12-05 07:00:00,34.6,34.6,33.95,33.95,2633000,KDH
2025-12-08 07:00:00,34.0,34.0,33.2,33.4,2829300,KDH
2025-12-09 07:00:00,33.4,33.6,32.3,33.3,5026000,KDH
2025-12-10 07:00:00,33.3,33.6,32.5,32.5,2479500,KDH
2025-12-11 07:00:00,32.6,32.8,32.5,32.5,3661000,KDH
2025-12-12 07:00:00,32.3,32.5,30.5,30.5,6117000,KDH
2025-12-15 07:00:00,30.3,30.6,29.4,29.6,6034000,KDH
2025-12-16 07:00:00,29.65,31.65,29.45,31.6,7010500,KDH
2025-12-17 07:00:00,31.6,32.25,31.35,31.7,5315000,KDH
2025-12-18 07:00:00,31.7,32.25,31.5,32.1,3552200,KDH
2025-12-19 07:00:00,32.1,32.7,31.85,32.65,4196200,KDH
2025-12-22 07:00:00,32.55,33.15,32.55,33.15,3293800,KDH
2025-12-23 07:00:00,33.2,33.2,32.55,33.0,3199500,KDH
2025-12-24 07:00:00,32.8,33.05,32.6,32.95,1880500,KDH
2025-12-25 07:00:00,32.95,32.95,32.15,32.15,2877000,KDH
2025-12-26 07:00:00,31.7,32.05,30.65,32.05,4535100,KDH
2025-12-29 07:00:00,32.0,32.05,31.7,31.7,1693100,KDH
2025-12-30 07:00:00,31.8,31.85,31.2,31.5,2361200,KDH
2025-12-31 07:00:00,31.5,31.6,31.1,31.5,2300200,KDH
2026-01-05 07:00:00,31.5,32.5,30.85,31.9,6288800,KDH
2026-01-06 07:00:00,32.05,32.05,31.45,31.85,4376900,KDH
2026-01-07 07:00:00,31.85,31.85,31.05,31.35,5218500,KDH
2026-01-08 07:00:00,31.4,31.6,30.2,30.5,8390100,KDH
2026-01-09 07:00:00,30.5,30.6,28.5,28.6,14633500,KDH
2026-01-12 07:00:00,28.7,29.85,28.25,29.2,6489400,KDH
2026-01-13 07:00:00,30.0,30.35,29.9,30.0,5735900,KDH
2026-01-14 07:00:00,29.95,30.05,28.75,29.05,8278700,KDH
2026-01-15 07:00:00,28.75,30.3,28.65,30.1,9028300,KDH
2026-01-16 07:00:00,30.4,30.85,29.65,29.75,6436700,KDH
2026-01-19 07:00:00,29.9,29.95,29.3,29.3,5483700,KDH
2026-01-20 07:00:00,29.3,29.65,28.95,29.3,5270000,KDH
2026-01-21 07:00:00,29.2,29.55,28.5,28.7,6517100,KDH
2026-01-22 07:00:00,28.7,30.3,28.1,29.3,10156500,KDH
2026-01-23 07:00:00,29.55,29.55,28.7,28.9,2905900,KDH
2026-01-26 07:00:00,29.1,29.1,27.5,27.65,5461600,KDH
2026-01-27 07:00:00,27.7,27.8,26.55,26.7,7971400,KDH
2026-01-28 07:00:00,26.9,27.4,25.9,26.9,8258500,KDH
2026-01-29 07:00:00,27.0,27.35,26.5,26.9,3483500,KDH
2026-01-30 07:00:00,27.1,28.0,26.85,27.5,11299600,KDH
2026-02-02 07:00:00,27.6,27.6,26.5,27.2,5167100,KDH
2026-02-03 07:00:00,27.4,27.4,26.5,26.85,6314100,KDH
2026-02-04 07:00:00,26.9,27.1,26.45,26.85,5915200,KDH
2026-02-05 07:00:00,27.1,27.2,26.6,26.6,3311800,KDH
2026-02-06 07:00:00,26.4,26.4,25.4,25.4,7494700,KDH
2026-02-09 07:00:00,25.9,26.95,25.75,26.55,6905800,KDH
2026-02-10 07:00:00,26.55,27.6,26.55,27.6,8868300,KDH
2026-02-11 07:00:00,27.65,28.75,27.6,28.55,9648800,KDH
2026-02-12 07:00:00,28.45,28.7,27.95,28.5,3821800,KDH
2026-02-13 07:00:00,28.1,28.4,28.0,28.3,3358900,KDH
2026-02-23 07:00:00,28.3,28.3,27.45,28.0,3189000,KDH
2026-02-24 07:00:00,27.75,28.4,27.75,28.25,3703000,KDH
2026-02-25 07:00:00,28.35,28.35,27.6,27.95,4614100,KDH
2026-02-26 07:00:00,28.0,28.15,27.8,28.0,2916900,KDH
2026-02-27 07:00:00,28.1,28.25,27.2,27.25,4380200,KDH
2026-03-02 07:00:00,26.15,27.45,26.15,27.15,8036700,KDH
2026-03-03 07:00:00,27.2,27.5,27.0,27.3,4705900,KDH
2026-03-04 07:00:00,27.1,27.2,25.5,26.25,6483800,KDH
2026-03-05 07:00:00,26.7,27.45,26.5,26.75,9013400,KDH
2026-03-06 07:00:00,26.8,27.0,25.65,25.7,4142300,KDH
2026-03-09 07:00:00,23.95,24.4,23.95,23.95,3789600,KDH
2026-03-10 07:00:00,24.5,25.35,24.0,25.05,7378700,KDH
2026-03-11 07:00:00,25.1,26.5,24.9,25.75,6061900,KDH
2026-03-12 07:00:00,25.7,25.8,25.05,25.6,2316000,KDH
2026-03-13 07:00:00,25.3,26.7,25.15,26.0,5708700,KDH
2026-03-16 07:00:00,26.2,26.75,25.9,26.2,3573400,KDH
2026-03-17 07:00:00,26.5,26.5,26.1,26.2,2792700,KDH
2026-03-18 07:00:00,26.2,26.25,25.8,26.2,2166500,KDH
2026-03-19 07:00:00,25.7,26.65,25.55,26.25,3792700,KDH
2026-03-20 07:00:00,26.15,26.4,25.5,25.5,3900700,KDH
2026-03-23 07:00:00,25.6,25.6,23.85,24.0,4659400,KDH
2026-03-24 07:00:00,24.5,25.45,24.35,25.0,5635600,KDH
2026-03-25 07:00:00,25.4,26.2,25.15,25.85,5073300,KDH
2026-03-26 07:00:00,26.05,26.1,25.35,25.45,2692100,KDH
2026-03-27 07:00:00,25.45,26.5,25.3,26.4,4704200,KDH
2026-03-30 07:00:00,25.7,26.25,25.65,26.05,4370900,KDH
2026-03-31 07:00:00,26.4,26.4,25.75,26.0,4193600,KDH
2026-04-01 07:00:00,26.45,26.8,26.25,26.5,4925000,KDH
2026-04-02 07:00:00,26.3,26.45,26.0,26.15,3032100,KDH
2026-04-03 07:00:00,26.15,26.3,25.3,25.3,4464600,KDH
2026-04-06 07:00:00,25.3,25.5,24.7,25.0,3122700,KDH
2026-04-07 07:00:00,25.0,25.05,24.2,25.0,3107500,KDH
2026-04-08 07:00:00,25.85,26.4,25.5,26.15,4399100,KDH
2026-04-09 07:00:00,26.05,26.95,25.95,26.2,6210500,KDH
2026-04-10 07:00:00,26.35,26.85,26.15,26.2,5239200,KDH
2026-04-13 07:00:00,25.9,26.6,25.9,26.2,3887500,KDH
2026-04-14 07:00:00,26.45,26.6,26.15,26.2,3193000,KDH
2026-04-15 07:00:00,26.3,26.95,26.3,26.55,7877300,KDH
2026-04-16 07:00:00,26.65,26.65,26.1,26.3,3476600,KDH
2026-04-17 07:00:00,26.45,26.45,26.05,26.05,2955900,KDH
2026-04-20 07:00:00,26.05,26.25,25.9,26.0,2271300,KDH
2026-04-21 07:00:00,26.15,26.15,25.6,25.7,3489600,KDH
2026-04-22 07:00:00,25.85,25.85,25.45,25.7,3029200,KDH
2026-04-23 07:00:00,25.65,25.75,25.2,25.6,3208400,KDH
2026-04-24 07:00:00,25.6,25.75,25.35,25.6,2273900,KDH
2026-04-28 07:00:00,25.6,25.75,25.35,25.4,1685600,KDH
2026-04-29 07:00:00,25.5,25.55,25.25,25.4,7454800,KDH
2026-05-04 07:00:00,25.6,25.75,24.9,25.0,5864100,KDH
2026-05-05 07:00:00,25.0,25.0,24.3,24.4,4864500,KDH
2026-05-06 07:00:00,24.45,24.5,24.0,24.2,8366600,KDH
2026-05-07 07:00:00,24.45,24.9,24.15,24.2,8724100,KDH
2026-05-08 07:00:00,24.4,24.4,24.1,24.25,5359000,KDH
2026-05-11 07:00:00,24.25,24.35,23.65,23.75,7848700,KDH
2026-05-12 07:00:00,23.8,24.2,23.55,23.6,6169400,KDH
2026-05-13 07:00:00,23.7,23.7,23.1,23.3,6303000,KDH
2026-05-14 07:00:00,23.3,24.05,23.3,23.75,3274400,KDH
2026-05-15 07:00:00,23.8,23.8,23.35,23.4,3628300,KDH
2026-05-18 07:00:00,23.2,23.3,23.05,23.2,3295500,KDH
2026-05-19 07:00:00,23.3,23.55,23.05,23.2,4472300,KDH
2026-05-20 07:00:00,23.2,23.2,21.6,22.35,9723100,KDH
2026-05-21 07:00:00,22.5,22.6,22.05,22.35,2873000,KDH
2026-05-22 07:00:00,22.5,22.5,21.95,22.2,4640100,KDH
2026-05-25 07:00:00,22.4,23.65,22.35,22.9,7581400,KDH
2026-05-26 07:00:00,23.0,23.45,22.9,23.3,3033000,KDH
2026-05-27 07:00:00,23.4,23.45,22.9,23.0,3680400,KDH
2026-05-28 07:00:00,23.0,23.4,22.8,23.0,2841500,KDH
2026-05-29 07:00:00,23.05,23.05,22.5,22.55,2108300,KDH
2026-06-01 07:00:00,22.6,22.95,22.6,22.65,2087200,KDH
2026-06-02 07:00:00,22.65,23.1,22.55,22.95,4406100,KDH
2026-06-03 07:00:00,22.8,22.95,22.65,22.9,1882500,KDH
2026-06-04 07:00:00,22.85,22.85,22.6,22.8,1308300,KDH
2026-06-05 07:00:00,22.8,23.25,22.8,22.9,2455500,KDH
2026-06-08 07:00:00,22.7,23.35,22.55,23.2,5675700,KDH
2026-06-09 07:00:00,23.25,23.75,23.1,23.7,5174400,KDH
2026-06-10 07:00:00,23.8,24.15,23.65,23.65,5883700,KDH
2026-06-11 07:00:00,23.4,23.75,23.25,23.35,2706200,KDH
2026-06-12 07:00:00,23.6,23.6,23.05,23.1,4844700,KDH
2026-06-15 07:00:00,23.4,23.4,23.05,23.25,3243100,KDH
2026-06-16 07:00:00,23.45,24.05,23.25,23.7,6685700,KDH
2026-06-17 07:00:00,23.75,23.95,23.25,23.3,4571000,KDH
2026-06-18 07:00:00,23.4,23.45,23.0,23.0,4388900,KDH
2026-06-19 07:00:00,23.0,23.3,22.85,23.0,2652100,KDH
2026-06-22 07:00:00,23.1,23.2,22.5,22.5,3630400,KDH
2026-06-23 07:00:00,22.5,22.65,21.9,21.95,6659200,KDH
2026-06-24 07:00:00,21.95,22.1,21.7,21.95,3028400,KDH
2026-06-25 07:00:00,21.95,21.95,21.7,21.75,2028300,KDH
2026-06-26 07:00:00,21.75,21.95,21.55,21.6,2394400,KDH
2026-06-29 07:00:00,21.6,21.85,21.6,21.65,2453700,KDH
2026-06-30 07:00:00,21.65,21.8,21.55,21.6,2297600,KDH
2026-07-01 07:00:00,21.65,22.1,21.6,21.85,2945100,KDH
2026-07-02 07:00:00,22.0,22.0,21.65,21.65,1996000,KDH
2026-07-03 07:00:00,21.6,21.75,21.2,21.3,4643700,KDH
2026-07-06 07:00:00,21.3,21.4,20.0,20.5,5202200,KDH
2026-07-07 07:00:00,20.5,21.0,20.25,20.95,3048700,KDH
2026-07-08 07:00:00,20.85,21.35,20.85,21.0,2631400,KDH
2026-07-09 07:00:00,20.9,20.95,20.6,20.65,2172500,KDH
2026-07-10 07:00:00,20.5,20.75,20.3,20.3,2472700,KDH
2026-07-13 07:00:00,20.2,20.2,19.75,19.8,6149800,KDH
2026-07-14 07:00:00,19.8,19.95,19.45,19.9,3268600,KDH
2026-07-15 07:00:00,19.9,19.9,19.3,19.5,2250100,KDH
2026-07-16 07:00:00,19.45,19.6,18.45,19.0,8619400,KDH
2026-07-17 07:00:00,19.1,19.1,18.4,18.45,5524000,KDH
2026-07-20 07:00:00,18.3,18.4,17.4,17.8,7729000,KDH
2026-07-21 07:00:00,17.7,18.4,17.7,17.9,4863300,KDH
2026-07-22 07:00:00,18.0,18.35,17.85,18.0,9093500,KDH
2026-07-23 07:00:00,18.1,18.3,17.45,18.0,5646100,KDH
2026-07-24 07:00:00,17.95,18.0,17.35,17.4,4633800,KDH
2026-07-27 07:00:00,17.55,17.85,16.4,16.4,6404200,KDH
2026-07-28 07:00:00,16.2,17.25,16.2,16.95,5514600,KDH
2026-07-29 07:00:00,17.0,17.1,16.75,16.95,2780800,KDH
2026-07-30 07:00:00,17.05,17.7,17.05,17.5,6543700,KDH
2026-07-31 07:00:00,17.6,17.65,17.4,17.45,4566800,KDH
2026-08-03 07:00:00,17.5,18.35,17.45,18.0,7037100,KDH
2026-08-04 07:00:00,18.0,18.15,17.95,18.0,3681200,KDH
2026-08-05 07:00:00,18.25,18.7,18.0,18.15,7220600,KDH
2026-08-06 07:00:00,18.15,18.2,17.65,17.8,4018600,KDH
2026-08-07 07:00:00,17.8,18.05,17.7,17.95,3369100,KDH
2026-08-10 07:00:00,18.0,18.25,17.9,18.15,4382300,KDH
2026-08-11 07:00:00,18.2,18.4,18.1,18.2,5312600,KDH
2026-08-12 07:00:00,18.25,18.35,17.9,18.15,5105300,KDH
2026-08-13 07:00:00,18.2,18.25,17.7,17.75,6159200,KDH
2026-08-14 07:00:00,17.75,18.25,17.45,17.7,5768200,KDH
2026-08-17 07:00:00,17.7,18.2,17.65,18.0,4434800,KDH
2026-08-18 07:00:00,18.05,18.1,17.6,17.7,3594300,KDH
2026-08-19 07:00:00,17.7,17.75,17.05,17.4,4195400,KDH
2026-08-20 07:00:00,17.45,17.5,17.1,17.15,3051100,KDH
2026-08-21 07:00:00,17.2,18.1,17.1,18.0,6264700,KDH
2026-08-24 07:00:00,18.2,18.8,18.0,18.55,11393900,KDH
2026-08-25 07:00:00,18.55,18.55,18.15,18.2,5387300,KDH
2026-08-26 07:00:00,18.3,18.5,18.0,18.4,5465800,KDH
2026-08-27 07:00:00,18.45,18.55,18.2,18.4,3546500,KDH
2026-08-28 07:00:00,18.4,18.4,18.1,18.2,4350100,KDH
2026-09-03 07:00:00,18.05,18.1,17.5,17.6,6710000,KDH
2026-09-04 07:00:00,17.65,17.75,17.25,17.3,6937100,KDH
2026-09-07 07:00:00,17.3,17.65,17.15,17.35,4346400,KDH
2026-09-08 07:00:00,17.35,17.45,17.15,17.2,3006400,KDH
2026-09-09 07:00:00,17.2,17.3,16.85,17.0,5114800,KDH
2026-09-10 07:00:00,16.9,17.05,16.75,17.0,2432900,KDH
2026-09-11 07:00:00,16.9,16.95,16.2,16.3,6525600,KDH
2026-09-14 07:00:00,16.3,16.3,15.45,15.7,5455500,KDH
2026-09-15 07:00:00,15.55,15.85,15.5,15.6,3994300,KDH
2026-09-16 07:00:00,15.6,15.7,15.25,15.3,4287600,KDH
2026-09-17 07:00:00,15.2,16.25,15.2,15.6,6790800,KDH
2026-09-18 07:00:00,15.95,16.1,15.75,15.8,5132600,KDH
2026-09-21 07:00:00,15.9,16.25,15.75,15.85,4268300,KDH
2026-09-22 07:00:00,15.95,16.1,15.8,16.0,2910400,KDH
2026-09-23 07:00:00,16.05,16.05,15.95,15.95,177900,KDH
