time,open,high,low,close,volume,ticker
2019-01-02 07:00:00,3.19,3.19,3.09,3.09,382061,LPB
2019-01-03 07:00:00,3.09,3.09,2.96,3.02,967044,LPB
2019-01-04 07:00:00,2.99,3.02,2.92,2.99,613657,LPB
2019-01-07 07:00:00,2.99,3.02,2.92,2.96,424613,LPB
2019-01-08 07:00:00,2.99,3.02,2.99,3.02,385589,LPB
2019-01-09 07:00:00,3.02,3.06,2.99,2.99,167393,LPB
2019-01-10 07:00:00,3.02,3.02,2.99,2.99,279490,LPB
2019-01-11 07:00:00,3.02,3.02,2.99,2.99,386525,LPB
2019-01-14 07:00:00,3.02,3.02,2.96,2.96,146306,LPB
2019-01-15 07:00:00,2.96,2.99,2.92,2.99,341119,LPB
2019-01-16 07:00:00,2.99,3.02,2.89,2.92,1088792,LPB
2019-01-17 07:00:00,2.96,2.96,2.89,2.89,349496,LPB
2019-01-18 07:00:00,2.89,2.92,2.85,2.89,215505,LPB
2019-01-21 07:00:00,2.85,2.96,2.85,2.92,848520,LPB
2019-01-22 07:00:00,2.92,2.96,2.89,2.92,489693,LPB
2019-01-23 07:00:00,2.92,2.92,2.89,2.92,404630,LPB
2019-01-24 07:00:00,2.92,2.96,2.89,2.92,757010,LPB
2019-01-25 07:00:00,2.92,2.96,2.89,2.92,732417,LPB
2019-01-28 07:00:00,2.89,2.92,2.89,2.89,374915,LPB
2019-01-29 07:00:00,2.89,2.92,2.85,2.92,301218,LPB
2019-01-30 07:00:00,3.3,3.3,2.92,2.92,230765,LPB
2019-01-31 07:00:00,2.99,2.99,2.92,2.92,646260,LPB
2019-02-01 07:00:00,2.96,2.99,2.92,2.92,413605,LPB
2019-02-11 07:00:00,2.92,3.02,2.92,3.02,266153,LPB
2019-02-12 07:00:00,2.99,3.09,2.99,3.09,1137730,LPB
2019-02-13 07:00:00,3.06,3.09,3.02,3.06,786211,LPB
2019-02-14 07:00:00,3.09,3.09,3.02,3.06,355093,LPB
2019-02-15 07:00:00,3.06,3.06,2.99,3.02,943366,LPB
2019-02-18 07:00:00,3.02,3.06,2.99,3.02,968250,LPB
2019-02-19 07:00:00,3.02,3.02,2.96,2.99,1491209,LPB
2019-02-20 07:00:00,2.99,3.16,2.99,3.12,2134399,LPB
2019-02-21 07:00:00,3.12,3.16,3.09,3.12,1153646,LPB
2019-02-22 07:00:00,3.12,3.12,3.06,3.09,580835,LPB
2019-02-25 07:00:00,3.09,3.16,3.09,3.12,889710,LPB
2019-02-26 07:00:00,3.12,3.12,3.06,3.06,852792,LPB
2019-02-27 07:00:00,3.09,3.12,3.06,3.09,399450,LPB
2019-02-28 07:00:00,3.09,3.09,3.02,3.06,1416226,LPB
2019-03-01 07:00:00,3.06,3.09,3.02,3.06,520938,LPB
2019-03-04 07:00:00,3.06,3.12,3.06,3.09,440893,LPB
2019-03-05 07:00:00,3.09,3.23,3.09,3.12,1397110,LPB
2019-03-06 07:00:00,3.12,3.12,3.09,3.12,497639,LPB
2019-03-07 07:00:00,3.09,3.19,3.09,3.16,1782996,LPB
2019-03-08 07:00:00,3.16,3.19,3.09,3.12,1668097,LPB
2019-03-11 07:00:00,3.12,3.16,3.09,3.09,384334,LPB
2019-03-12 07:00:00,3.12,3.19,3.12,3.16,1004199,LPB
2019-03-13 07:00:00,3.16,3.23,3.16,3.19,1484590,LPB
2019-03-14 07:00:00,3.19,3.26,3.19,3.23,1073297,LPB
2019-03-15 07:00:00,3.23,3.26,3.19,3.26,984247,LPB
2019-03-18 07:00:00,3.23,3.3,3.23,3.3,650547,LPB
2019-03-19 07:00:00,3.23,3.3,2.79,3.23,907038,LPB
2019-03-20 07:00:00,3.23,3.23,3.12,3.16,1222530,LPB
2019-03-21 07:00:00,3.16,3.19,3.12,3.12,689246,LPB
2019-03-22 07:00:00,3.16,3.16,3.09,3.12,504034,LPB
2019-03-25 07:00:00,3.09,3.12,3.06,3.06,890174,LPB
2019-03-26 07:00:00,3.09,3.12,3.09,3.09,441306,LPB
2019-03-27 07:00:00,3.09,3.12,3.09,3.09,199130,LPB
2019-03-28 07:00:00,3.12,3.12,3.09,3.12,221400,LPB
2019-03-29 07:00:00,3.12,3.12,3.09,3.12,327412,LPB
2019-04-01 07:00:00,3.09,3.12,3.09,3.12,185875,LPB
2019-04-02 07:00:00,3.12,3.12,3.09,3.09,300825,LPB
2019-04-03 07:00:00,3.12,3.12,3.09,3.12,207878,LPB
2019-04-04 07:00:00,3.09,3.12,3.06,3.09,408386,LPB
2019-04-05 07:00:00,3.09,3.09,3.06,3.09,209244,LPB
2019-04-08 07:00:00,3.09,3.12,3.06,3.09,278788,LPB
2019-04-09 07:00:00,3.09,3.12,3.06,3.09,548410,LPB
2019-04-10 07:00:00,3.09,3.09,3.06,3.09,602158,LPB
2019-04-11 07:00:00,3.06,3.09,3.02,3.06,238103,LPB
2019-04-12 07:00:00,3.06,3.06,2.99,3.02,487683,LPB
2019-04-16 07:00:00,3.02,3.02,2.96,2.99,562441,LPB
2019-04-17 07:00:00,2.99,3.06,2.99,2.99,332851,LPB
2019-04-18 07:00:00,2.99,3.02,2.96,2.96,296854,LPB
2019-04-19 07:00:00,2.99,3.02,2.96,2.99,178472,LPB
2019-04-22 07:00:00,2.99,2.99,2.92,2.92,648876,LPB
2019-04-23 07:00:00,2.96,3.02,2.96,2.99,464201,LPB
2019-04-24 07:00:00,2.99,3.02,2.96,2.99,416672,LPB
2019-04-25 07:00:00,3.02,3.06,2.96,2.99,932122,LPB
2019-04-26 07:00:00,2.99,2.99,2.96,2.99,495744,LPB
2019-05-02 07:00:00,2.99,2.99,2.92,2.99,324101,LPB
2019-05-03 07:00:00,2.96,2.96,2.92,2.96,1103554,LPB
2019-05-06 07:00:00,2.96,2.96,2.79,2.79,2416600,LPB
2019-05-07 07:00:00,2.82,2.85,2.82,2.85,359069,LPB
2019-05-08 07:00:00,2.82,2.82,2.75,2.79,491046,LPB
2019-05-09 07:00:00,2.82,2.82,2.79,2.79,502223,LPB
2019-05-10 07:00:00,2.79,2.82,2.79,2.79,357673,LPB
2019-05-13 07:00:00,2.82,2.85,2.79,2.85,609916,LPB
2019-05-14 07:00:00,2.82,2.85,2.79,2.79,645552,LPB
2019-05-15 07:00:00,2.82,2.85,2.79,2.82,675760,LPB
2019-05-16 07:00:00,2.82,2.85,2.79,2.82,305620,LPB
2019-05-17 07:00:00,2.82,2.85,2.79,2.79,405097,LPB
2019-05-20 07:00:00,2.82,2.85,2.79,2.82,1090005,LPB
2019-05-21 07:00:00,2.85,2.85,2.79,2.79,886883,LPB
2019-05-22 07:00:00,2.79,2.82,2.79,2.82,570898,LPB
2019-05-23 07:00:00,2.79,2.82,2.79,2.79,832722,LPB
2019-05-24 07:00:00,2.79,2.82,2.75,2.79,398182,LPB
2019-05-27 07:00:00,2.79,2.79,2.72,2.75,660807,LPB
2019-05-28 07:00:00,2.75,2.79,2.72,2.75,707433,LPB
2019-05-29 07:00:00,2.75,2.75,2.68,2.72,877962,LPB
2019-05-30 07:00:00,2.68,2.75,2.68,2.72,709335,LPB
2019-05-31 07:00:00,2.72,2.75,2.68,2.72,252984,LPB
2019-06-03 07:00:00,2.68,2.68,2.65,2.65,702310,LPB
2019-06-04 07:00:00,2.65,2.68,2.62,2.68,319284,LPB
2019-06-05 07:00:00,2.68,2.72,2.65,2.72,231551,LPB
2019-06-06 07:00:00,2.72,2.72,2.65,2.65,477958,LPB
2019-06-07 07:00:00,2.68,2.68,2.65,2.68,179284,LPB
2019-06-10 07:00:00,2.68,2.68,2.65,2.68,72735,LPB
2019-06-11 07:00:00,2.65,2.68,2.65,2.68,203363,LPB
2019-06-12 07:00:00,2.65,2.68,2.65,2.65,322266,LPB
2019-06-13 07:00:00,2.65,2.68,2.65,2.65,493622,LPB
2019-06-14 07:00:00,2.65,2.68,2.65,2.68,570586,LPB
2019-06-17 07:00:00,2.65,2.68,2.65,2.68,420167,LPB
2019-06-18 07:00:00,2.68,2.68,2.65,2.65,471015,LPB
2019-06-19 07:00:00,2.65,2.68,2.65,2.65,189704,LPB
2019-06-20 07:00:00,2.65,2.68,2.65,2.68,527190,LPB
2019-06-21 07:00:00,2.68,2.72,2.68,2.68,394902,LPB
2019-06-24 07:00:00,2.68,2.68,2.68,2.68,568459,LPB
2019-06-25 07:00:00,2.68,2.68,2.65,2.65,213648,LPB
2019-06-26 07:00:00,2.65,2.68,2.65,2.65,112413,LPB
2019-06-27 07:00:00,2.65,2.65,2.62,2.65,385951,LPB
2019-06-28 07:00:00,2.62,2.65,2.62,2.65,210646,LPB
2019-07-01 07:00:00,2.65,2.68,2.65,2.68,139991,LPB
2019-07-02 07:00:00,2.65,2.75,2.65,2.75,750760,LPB
2019-07-03 07:00:00,2.72,2.72,2.68,2.68,199872,LPB
2019-07-04 07:00:00,2.72,2.72,2.68,2.68,158883,LPB
2019-07-05 07:00:00,2.68,2.72,2.68,2.72,397718,LPB
2019-07-08 07:00:00,2.68,2.75,2.68,2.72,383837,LPB
2019-07-09 07:00:00,2.72,2.75,2.68,2.72,333027,LPB
2019-07-10 07:00:00,2.68,2.72,2.68,2.72,418206,LPB
2019-07-11 07:00:00,2.72,2.75,2.72,2.72,175299,LPB
2019-07-12 07:00:00,2.72,2.79,2.72,2.75,335464,LPB
2019-07-15 07:00:00,2.75,2.75,2.68,2.72,511508,LPB
2019-07-16 07:00:00,2.72,2.72,2.68,2.68,993512,LPB
2019-07-17 07:00:00,2.68,2.72,2.65,2.68,745546,LPB
2019-07-18 07:00:00,2.68,2.72,2.65,2.65,231028,LPB
2019-07-19 07:00:00,2.68,2.72,2.65,2.68,1035303,LPB
2019-07-22 07:00:00,2.68,2.72,2.65,2.68,499196,LPB
2019-07-23 07:00:00,2.72,2.96,2.68,2.85,1904975,LPB
2019-07-24 07:00:00,2.89,2.89,2.82,2.85,513410,LPB
2019-07-25 07:00:00,2.82,2.85,2.79,2.82,612827,LPB
2019-07-26 07:00:00,2.82,2.82,2.75,2.75,729523,LPB
2019-07-29 07:00:00,2.75,2.82,2.75,2.75,351691,LPB
2019-07-30 07:00:00,2.79,2.79,2.72,2.72,252640,LPB
2019-07-31 07:00:00,2.72,2.79,2.72,2.79,286304,LPB
2019-08-01 07:00:00,2.75,2.75,2.72,2.72,295982,LPB
2019-08-02 07:00:00,2.72,2.75,2.68,2.72,416773,LPB
2019-08-05 07:00:00,2.75,2.75,2.68,2.68,617279,LPB
2019-08-06 07:00:00,2.68,2.68,2.62,2.68,423608,LPB
2019-08-07 07:00:00,2.65,2.72,2.65,2.72,307512,LPB
2019-08-08 07:00:00,2.68,2.68,2.65,2.68,315094,LPB
2019-08-09 07:00:00,2.68,2.68,2.65,2.65,329273,LPB
2019-08-12 07:00:00,2.68,2.68,2.65,2.68,32070,LPB
2019-08-13 07:00:00,2.65,2.68,2.65,2.65,291757,LPB
2019-08-14 07:00:00,2.38,2.68,2.38,2.65,249966,LPB
2019-08-15 07:00:00,2.65,2.65,2.55,2.65,465705,LPB
2019-08-16 07:00:00,2.62,2.65,2.62,2.65,337885,LPB
2019-08-19 07:00:00,2.65,2.65,2.62,2.62,281301,LPB
2019-08-20 07:00:00,2.62,2.65,2.62,2.65,733559,LPB
2019-08-21 07:00:00,2.62,2.65,2.62,2.65,357802,LPB
2019-08-22 07:00:00,2.65,2.65,2.62,2.65,218677,LPB
2019-08-23 07:00:00,2.62,2.65,2.62,2.65,561384,LPB
2019-08-26 07:00:00,2.65,2.65,2.62,2.62,288739,LPB
2019-08-27 07:00:00,2.62,2.65,2.62,2.62,501713,LPB
2019-08-28 07:00:00,2.62,2.65,2.62,2.62,163989,LPB
2019-08-29 07:00:00,2.62,2.65,2.55,2.62,852265,LPB
2019-08-30 07:00:00,2.62,2.65,2.62,2.62,154885,LPB
2019-09-03 07:00:00,2.62,2.62,2.58,2.62,309956,LPB
2019-09-04 07:00:00,2.58,2.62,2.55,2.62,357430,LPB
2019-09-05 07:00:00,2.58,2.62,2.55,2.58,252523,LPB
2019-09-06 07:00:00,2.58,2.58,2.51,2.55,343244,LPB
2019-09-09 07:00:00,2.55,2.58,2.17,2.55,237612,LPB
2019-09-10 07:00:00,2.58,2.58,2.51,2.51,302948,LPB
2019-09-11 07:00:00,2.51,2.55,2.51,2.55,113573,LPB
2019-09-12 07:00:00,2.51,2.55,2.51,2.51,126819,LPB
2019-09-13 07:00:00,2.51,2.58,2.51,2.58,220578,LPB
2019-09-16 07:00:00,2.55,2.62,2.55,2.58,247882,LPB
2019-09-17 07:00:00,2.58,2.58,2.55,2.58,73045,LPB
2019-09-18 07:00:00,2.58,2.62,2.55,2.58,189310,LPB
2019-09-19 07:00:00,2.58,2.62,2.55,2.62,209272,LPB
2019-09-20 07:00:00,2.62,2.65,2.58,2.62,300125,LPB
2019-09-23 07:00:00,2.62,2.62,2.55,2.58,127624,LPB
2019-09-24 07:00:00,2.58,2.58,2.55,2.55,425269,LPB
2019-09-25 07:00:00,2.55,2.55,2.51,2.55,152507,LPB
2019-09-26 07:00:00,2.55,2.58,2.55,2.58,330845,LPB
2019-09-27 07:00:00,2.58,2.62,2.55,2.58,730157,LPB
2019-09-30 07:00:00,2.58,2.58,2.55,2.55,286372,LPB
2019-10-01 07:00:00,2.58,2.58,2.51,2.58,1366876,LPB
2019-10-02 07:00:00,2.55,2.58,2.48,2.51,1376581,LPB
2019-10-03 07:00:00,2.48,2.51,2.45,2.48,638899,LPB
2019-10-04 07:00:00,2.48,2.51,2.45,2.48,339073,LPB
2019-10-07 07:00:00,2.48,2.51,2.45,2.48,237816,LPB
2019-10-08 07:00:00,2.48,2.51,2.45,2.48,459853,LPB
2019-10-09 07:00:00,2.48,2.51,2.48,2.48,293366,LPB
2019-10-10 07:00:00,2.48,2.72,2.45,2.48,340075,LPB
2019-10-11 07:00:00,2.48,2.62,2.48,2.62,1229265,LPB
2019-10-14 07:00:00,2.58,2.62,2.55,2.62,206888,LPB
2019-10-15 07:00:00,2.62,2.65,2.55,2.62,478290,LPB
2019-10-16 07:00:00,2.58,2.96,2.38,2.55,1149585,LPB
2019-10-17 07:00:00,2.58,2.68,2.58,2.62,2272959,LPB
2019-10-18 07:00:00,2.65,2.65,2.55,2.62,515749,LPB
2019-10-21 07:00:00,2.62,2.62,2.51,2.55,405165,LPB
2019-10-22 07:00:00,2.58,2.58,2.51,2.55,525030,LPB
2019-10-23 07:00:00,2.55,2.55,2.51,2.51,690496,LPB
2019-10-24 07:00:00,2.51,2.55,2.48,2.51,627417,LPB
2019-10-25 07:00:00,2.55,2.55,2.48,2.51,303005,LPB
2019-10-28 07:00:00,2.48,2.89,2.48,2.51,218652,LPB
2019-10-29 07:00:00,2.51,2.89,2.51,2.55,713149,LPB
2019-10-30 07:00:00,2.55,2.58,2.51,2.58,480190,LPB
2019-10-31 07:00:00,2.58,2.62,2.55,2.58,476794,LPB
2019-11-01 07:00:00,2.58,2.58,2.55,2.55,514198,LPB
2019-11-04 07:00:00,2.58,2.62,2.55,2.62,491190,LPB
2019-11-05 07:00:00,2.58,2.62,2.55,2.58,566190,LPB
2019-11-06 07:00:00,2.58,2.96,2.55,2.62,1313025,LPB
2019-11-07 07:00:00,2.62,2.65,2.58,2.62,148191,LPB
2019-11-08 07:00:00,2.62,2.65,2.58,2.62,362850,LPB
2019-11-11 07:00:00,2.62,2.62,2.55,2.62,962988,LPB
2019-11-12 07:00:00,2.58,2.75,2.58,2.75,2334485,LPB
2019-11-13 07:00:00,2.72,2.79,2.68,2.72,461755,LPB
2019-11-14 07:00:00,2.72,2.79,2.72,2.72,449830,LPB
2019-11-15 07:00:00,2.75,2.75,2.68,2.75,295010,LPB
2019-11-18 07:00:00,2.72,2.72,2.68,2.72,548422,LPB
2019-11-19 07:00:00,2.68,2.72,2.68,2.72,343745,LPB
2019-11-20 07:00:00,2.68,2.72,2.65,2.72,551914,LPB
2019-11-21 07:00:00,2.68,2.68,2.62,2.65,195219,LPB
2019-11-22 07:00:00,2.62,2.62,2.58,2.62,295130,LPB
2019-11-25 07:00:00,2.55,2.62,2.55,2.62,95131,LPB
2019-11-26 07:00:00,2.58,2.62,2.58,2.62,80281,LPB
2019-11-27 07:00:00,2.62,2.62,2.58,2.62,221184,LPB
2019-11-28 07:00:00,2.62,2.62,2.55,2.62,386443,LPB
2019-11-29 07:00:00,2.58,2.62,2.55,2.62,129878,LPB
2019-12-02 07:00:00,2.62,2.62,2.51,2.55,194505,LPB
2019-12-03 07:00:00,2.55,2.55,2.45,2.51,656380,LPB
2019-12-04 07:00:00,2.51,2.55,2.48,2.51,383657,LPB
2019-12-05 07:00:00,2.51,2.51,2.48,2.51,188340,LPB
2019-12-06 07:00:00,2.55,2.79,2.48,2.51,149163,LPB
2019-12-09 07:00:00,2.51,2.51,2.48,2.48,101034,LPB
2019-12-10 07:00:00,2.51,2.51,2.48,2.48,184454,LPB
2019-12-11 07:00:00,2.48,2.51,2.14,2.48,107886,LPB
2019-12-12 07:00:00,2.48,2.51,2.38,2.51,121005,LPB
2019-12-13 07:00:00,2.51,2.55,2.51,2.55,287034,LPB
2019-12-16 07:00:00,2.51,2.51,2.48,2.51,648599,LPB
2019-12-17 07:00:00,2.51,2.51,2.48,2.48,329827,LPB
2019-12-18 07:00:00,2.48,2.72,2.45,2.45,70497,LPB
2019-12-19 07:00:00,2.48,2.48,2.45,2.45,213335,LPB
2019-12-20 07:00:00,2.45,2.51,2.45,2.51,333872,LPB
2019-12-23 07:00:00,2.51,2.51,2.38,2.51,505714,LPB
2019-12-24 07:00:00,2.51,2.51,2.14,2.48,480865,LPB
2019-12-25 07:00:00,2.48,2.51,2.48,2.48,178309,LPB
2019-12-26 07:00:00,2.51,2.51,2.48,2.48,36832,LPB
2019-12-27 07:00:00,2.51,2.79,2.51,2.55,675114,LPB
2019-12-30 07:00:00,2.58,2.82,2.58,2.58,672946,LPB
2019-12-31 07:00:00,2.62,3.06,2.58,2.62,848279,LPB
2020-01-02 07:00:00,2.58,2.65,2.51,2.58,416346,LPB
2020-01-03 07:00:00,2.58,2.58,2.55,2.58,79257,LPB
2020-01-06 07:00:00,2.55,2.55,2.51,2.51,118620,LPB
2020-01-07 07:00:00,2.51,2.55,2.51,2.51,144955,LPB
2020-01-08 07:00:00,2.48,2.51,2.48,2.51,197038,LPB
2020-01-09 07:00:00,2.48,2.55,2.48,2.51,310444,LPB
2020-01-10 07:00:00,2.51,2.62,2.51,2.62,495515,LPB
2020-01-13 07:00:00,2.58,2.62,2.58,2.58,198130,LPB
2020-01-14 07:00:00,2.58,2.62,2.55,2.58,487555,LPB
2020-01-15 07:00:00,2.58,2.58,2.55,2.58,566760,LPB
2020-01-16 07:00:00,2.58,2.62,2.55,2.62,493302,LPB
2020-01-17 07:00:00,2.58,2.96,2.58,2.62,636570,LPB
2020-01-20 07:00:00,2.62,2.68,2.58,2.65,744140,LPB
2020-01-21 07:00:00,2.65,2.68,2.65,2.65,549545,LPB
2020-01-22 07:00:00,2.72,2.72,2.65,2.72,410662,LPB
2020-01-30 07:00:00,2.68,2.72,2.58,2.58,1097030,LPB
2020-01-31 07:00:00,2.58,2.62,2.48,2.51,1697740,LPB
2020-02-03 07:00:00,2.51,2.51,2.34,2.45,2169576,LPB
2020-02-04 07:00:00,2.45,2.55,2.45,2.55,783597,LPB
2020-02-05 07:00:00,2.8,2.8,2.57,2.61,2219653,LPB
2020-02-06 07:00:00,2.61,2.72,2.57,2.65,1525378,LPB
2020-02-07 07:00:00,2.65,2.68,2.57,2.68,1486586,LPB
2020-02-10 07:00:00,2.68,2.68,2.61,2.61,523143,LPB
2020-02-11 07:00:00,2.65,2.68,2.61,2.65,778552,LPB
2020-02-12 07:00:00,2.61,2.65,2.61,2.61,1231874,LPB
2020-02-13 07:00:00,2.57,2.65,2.24,2.61,1410681,LPB
2020-02-14 07:00:00,2.61,2.8,2.57,2.76,2780776,LPB
2020-02-17 07:00:00,2.76,2.98,2.68,2.76,1340603,LPB
2020-02-18 07:00:00,2.72,2.76,2.72,2.68,1317677,LPB
2020-02-19 07:00:00,2.65,2.68,2.65,2.65,372128,LPB
2020-02-20 07:00:00,2.65,2.68,2.27,2.65,1820975,LPB
2020-02-21 07:00:00,2.65,2.65,2.42,2.61,1203744,LPB
2020-02-24 07:00:00,2.57,2.61,2.46,2.5,1904465,LPB
2020-02-25 07:00:00,2.46,2.53,2.16,2.5,1763709,LPB
2020-02-26 07:00:00,2.5,2.61,2.12,2.57,542375,LPB
2020-02-27 07:00:00,2.53,2.65,2.53,2.65,985927,LPB
2020-02-28 07:00:00,2.61,2.65,2.24,2.65,3306812,LPB
2020-03-02 07:00:00,2.65,2.94,2.57,2.94,8209563,LPB
2020-03-03 07:00:00,2.98,3.24,2.42,3.24,3685507,LPB
2020-03-04 07:00:00,3.69,3.69,2.76,3.35,7176240,LPB
2020-03-05 07:00:00,3.35,3.39,3.17,3.24,5784282,LPB
2020-03-06 07:00:00,3.24,3.28,2.8,3.17,3136749,LPB
2020-03-09 07:00:00,3.06,3.06,2.68,2.68,6014031,LPB
2020-03-10 07:00:00,2.42,2.91,2.42,2.83,4247181,LPB
2020-03-11 07:00:00,2.87,3.17,2.68,2.8,3315439,LPB
2020-03-12 07:00:00,2.76,2.76,2.42,2.68,3955543,LPB
2020-03-13 07:00:00,2.61,2.68,2.46,2.65,4100928,LPB
2020-03-16 07:00:00,2.68,2.68,2.42,2.57,2630457,LPB
2020-03-17 07:00:00,2.57,2.65,2.46,2.61,1784834,LPB
2020-03-18 07:00:00,2.65,2.65,2.16,2.57,3207888,LPB
2020-03-19 07:00:00,2.57,2.68,2.5,2.53,1521993,LPB
2020-03-20 07:00:00,2.57,2.8,2.16,2.53,1231949,LPB
2020-03-23 07:00:00,2.42,2.5,2.12,2.2,8131405,LPB
2020-03-24 07:00:00,2.16,2.31,2.05,2.27,2590936,LPB
2020-03-25 07:00:00,2.31,2.42,2.05,2.38,3116157,LPB
2020-03-26 07:00:00,2.35,2.38,2.2,2.24,2564185,LPB
2020-03-27 07:00:00,2.24,2.31,2.24,2.24,2121890,LPB
2020-03-30 07:00:00,2.24,2.61,1.98,2.09,2334334,LPB
2020-03-31 07:00:00,2.09,2.2,2.01,2.09,2241165,LPB
2020-04-01 07:00:00,2.05,2.31,2.05,2.27,3814282,LPB
2020-04-03 07:00:00,2.27,2.31,1.9,2.24,3154772,LPB
2020-04-06 07:00:00,2.27,2.46,1.9,2.42,4070248,LPB
2020-04-07 07:00:00,2.46,2.5,2.35,2.38,1605253,LPB
2020-04-08 07:00:00,2.35,2.38,2.27,2.35,2262367,LPB
2020-04-09 07:00:00,2.35,2.5,2.35,2.42,4539160,LPB
2020-04-10 07:00:00,2.42,2.46,2.38,2.42,1626554,LPB
2020-04-13 07:00:00,2.35,2.5,2.35,2.46,2775624,LPB
2020-04-14 07:00:00,2.42,2.46,2.35,2.42,1755932,LPB
2020-04-15 07:00:00,2.42,2.72,2.38,2.65,5284718,LPB
2020-04-16 07:00:00,2.65,2.76,2.61,2.68,4387633,LPB
2020-04-17 07:00:00,2.72,2.98,2.65,2.72,2625533,LPB
2020-04-20 07:00:00,2.72,2.72,2.57,2.65,3597729,LPB
2020-04-21 07:00:00,2.61,2.65,2.42,2.5,4379322,LPB
2020-04-22 07:00:00,2.46,2.65,2.38,2.57,2899672,LPB
2020-04-23 07:00:00,2.61,2.68,2.57,2.61,2012076,LPB
2020-04-24 07:00:00,2.61,2.61,2.53,2.57,1878442,LPB
2020-04-27 07:00:00,2.57,2.61,2.5,2.57,3097311,LPB
2020-04-28 07:00:00,2.53,2.65,2.5,2.61,1848906,LPB
2020-04-29 07:00:00,2.61,2.65,2.57,2.61,1750041,LPB
2020-05-04 07:00:00,2.61,2.68,2.57,2.65,2502254,LPB
2020-05-05 07:00:00,2.65,2.68,2.57,2.65,678458,LPB
2020-05-06 07:00:00,2.61,2.65,2.57,2.65,1348002,LPB
2020-05-07 07:00:00,2.65,2.68,2.61,2.65,2083412,LPB
2020-05-08 07:00:00,2.68,2.8,2.65,2.76,8446632,LPB
2020-05-11 07:00:00,2.8,2.94,2.72,2.91,4334388,LPB
2020-05-12 07:00:00,2.91,2.91,2.8,2.91,2067185,LPB
2020-05-13 07:00:00,2.87,2.91,2.8,2.87,4240561,LPB
2020-05-14 07:00:00,2.83,2.87,2.8,2.8,2562010,LPB
2020-05-15 07:00:00,2.8,2.83,2.72,2.76,2311012,LPB
2020-05-18 07:00:00,2.76,2.76,2.68,2.76,1762092,LPB
2020-05-19 07:00:00,2.76,2.87,2.72,2.87,3790231,LPB
2020-05-20 07:00:00,2.87,2.87,2.76,2.83,2565542,LPB
2020-05-21 07:00:00,2.83,2.83,2.76,2.83,1888265,LPB
2020-05-22 07:00:00,2.83,2.91,2.76,2.83,3827220,LPB
2020-05-25 07:00:00,2.83,2.87,2.8,2.87,2056484,LPB
2020-05-26 07:00:00,2.83,2.87,2.83,2.87,1559011,LPB
2020-05-27 07:00:00,2.87,3.06,2.87,2.91,8083646,LPB
2020-05-28 07:00:00,2.91,2.98,2.87,2.94,1471180,LPB
2020-05-29 07:00:00,2.94,2.94,2.87,2.94,984369,LPB
2020-06-01 07:00:00,2.94,3.02,2.87,2.98,6377627,LPB
2020-06-02 07:00:00,2.98,3.35,2.98,3.24,18040091,LPB
2020-06-03 07:00:00,3.24,3.32,2.72,3.24,2630169,LPB
2020-06-04 07:00:00,3.24,3.32,3.2,3.24,4788944,LPB
2020-06-05 07:00:00,3.24,3.28,2.8,3.28,4415904,LPB
2020-06-08 07:00:00,3.28,3.58,3.28,3.54,10915143,LPB
2020-06-09 07:00:00,3.54,3.62,3.17,3.5,5781602,LPB
2020-06-10 07:00:00,3.5,3.54,3.35,3.5,7693618,LPB
2020-06-11 07:00:00,3.5,3.54,3.17,3.24,13622102,LPB
2020-06-12 07:00:00,3.17,3.24,3.02,3.24,5185301,LPB
2020-06-15 07:00:00,3.24,3.5,3.24,3.35,14299534,LPB
2020-06-16 07:00:00,3.39,3.54,3.32,3.35,6169634,LPB
2020-06-17 07:00:00,3.35,3.39,3.24,3.32,4600149,LPB
2020-06-18 07:00:00,3.28,3.32,3.2,3.24,2877300,LPB
2020-06-19 07:00:00,3.24,3.35,3.24,3.32,4116862,LPB
2020-06-22 07:00:00,3.32,3.43,3.28,3.35,6715862,LPB
2020-06-23 07:00:00,3.39,3.39,3.28,3.35,3643448,LPB
2020-06-24 07:00:00,3.32,3.35,3.24,3.28,3219226,LPB
2020-06-25 07:00:00,3.24,3.28,3.17,3.28,3199133,LPB
2020-06-26 07:00:00,3.24,3.35,3.2,3.28,3708467,LPB
2020-06-29 07:00:00,3.28,3.28,2.98,3.13,5609866,LPB
2020-06-30 07:00:00,3.09,3.17,2.94,3.06,5392704,LPB
2020-07-01 07:00:00,3.06,3.13,2.98,3.13,2438857,LPB
2020-07-02 07:00:00,3.09,3.13,2.61,3.06,1957884,LPB
2020-07-03 07:00:00,3.06,3.09,3.02,3.06,887057,LPB
2020-07-06 07:00:00,3.06,3.2,3.06,3.2,4032779,LPB
2020-07-07 07:00:00,3.2,3.24,2.72,3.17,2855108,LPB
2020-07-08 07:00:00,3.13,3.17,3.09,3.17,1793158,LPB
2020-07-09 07:00:00,3.17,3.28,3.17,3.28,5805693,LPB
2020-07-10 07:00:00,3.24,3.28,2.76,3.24,2967223,LPB
2020-07-13 07:00:00,3.24,3.28,3.17,3.2,2288164,LPB
2020-07-14 07:00:00,3.2,3.28,2.98,3.17,2090593,LPB
2020-07-15 07:00:00,3.2,3.24,3.17,3.2,1659817,LPB
2020-07-16 07:00:00,3.2,3.24,2.76,3.2,801727,LPB
2020-07-17 07:00:00,3.2,3.32,3.2,3.32,7165100,LPB
2020-07-20 07:00:00,3.32,3.32,3.24,3.28,1876129,LPB
2020-07-21 07:00:00,3.28,3.28,2.8,3.28,2486789,LPB
2020-07-22 07:00:00,3.24,3.5,3.24,3.39,13594079,LPB
2020-07-23 07:00:00,3.39,3.39,3.32,3.39,3484035,LPB
2020-07-24 07:00:00,3.35,3.73,2.87,3.2,7881436,LPB
2020-07-27 07:00:00,3.09,3.2,2.87,2.91,14601528,LPB
2020-07-28 07:00:00,2.94,3.2,2.91,3.17,5707558,LPB
2020-07-29 07:00:00,3.17,3.17,2.91,2.98,7018959,LPB
2020-07-30 07:00:00,2.98,3.43,2.98,3.02,5515794,LPB
2020-07-31 07:00:00,3.02,3.09,2.98,3.06,6758575,LPB
2020-08-03 07:00:00,3.02,3.17,3.02,3.13,4466500,LPB
2020-08-04 07:00:00,3.17,3.47,3.13,3.2,4718516,LPB
2020-08-05 07:00:00,3.2,3.2,3.13,3.17,8051717,LPB
2020-08-06 07:00:00,3.17,3.17,3.09,3.13,4177490,LPB
2020-08-07 07:00:00,3.13,3.17,3.09,3.13,3033424,LPB
2020-08-10 07:00:00,3.02,3.24,3.02,3.2,4700583,LPB
2020-08-11 07:00:00,3.2,3.35,3.17,3.28,10802059,LPB
2020-08-12 07:00:00,3.28,3.32,3.2,3.28,3965726,LPB
2020-08-13 07:00:00,3.28,3.28,3.2,3.24,3893016,LPB
2020-08-14 07:00:00,3.24,3.28,3.2,3.28,4218937,LPB
2020-08-17 07:00:00,3.24,3.28,3.2,3.28,5291654,LPB
2020-08-18 07:00:00,3.28,3.35,3.24,3.32,6386540,LPB
2020-08-19 07:00:00,3.32,3.35,3.28,3.35,1927291,LPB
2020-08-20 07:00:00,3.35,3.39,3.28,3.32,4106909,LPB
2020-08-21 07:00:00,3.32,3.35,3.28,3.35,11612065,LPB
2020-08-24 07:00:00,3.35,3.47,3.32,3.43,7331529,LPB
2020-08-25 07:00:00,3.47,3.47,3.39,3.43,4949837,LPB
2020-08-26 07:00:00,3.43,3.43,3.35,3.39,6326148,LPB
2020-08-27 07:00:00,3.35,3.43,3.35,3.43,3354994,LPB
2020-08-28 07:00:00,3.43,3.47,3.39,3.43,4033620,LPB
2020-08-31 07:00:00,3.43,3.47,3.35,3.43,5371176,LPB
2020-09-01 07:00:00,3.39,3.43,3.35,3.43,2448458,LPB
2020-09-03 07:00:00,3.39,3.5,3.39,3.47,5321528,LPB
2020-09-04 07:00:00,3.43,3.43,3.35,3.43,3511267,LPB
2020-09-07 07:00:00,3.43,3.43,3.35,3.35,4384393,LPB
2020-09-08 07:00:00,3.35,3.39,3.32,3.39,4529048,LPB
2020-09-09 07:00:00,3.35,3.43,3.28,3.39,5216650,LPB
2020-09-10 07:00:00,3.39,3.43,3.35,3.39,2050839,LPB
2020-09-11 07:00:00,3.39,3.43,3.35,3.43,2014398,LPB
2020-09-14 07:00:00,3.39,3.76,3.39,3.69,16604438,LPB
2020-09-15 07:00:00,3.62,3.76,3.62,3.65,10108064,LPB
2020-09-16 07:00:00,3.69,3.73,3.62,3.69,4798971,LPB
2020-09-17 07:00:00,3.69,3.84,3.65,3.76,12331748,LPB
2020-09-18 07:00:00,3.76,3.88,3.73,3.88,7918265,LPB
2020-09-21 07:00:00,3.88,4.06,3.84,4.03,16941965,LPB
2020-09-22 07:00:00,3.99,4.06,3.91,3.99,15163068,LPB
2020-09-23 07:00:00,4.03,4.06,3.91,3.99,7112540,LPB
2020-09-24 07:00:00,3.95,3.99,3.88,3.95,6878745,LPB
2020-09-25 07:00:00,3.95,4.17,3.91,4.1,16958500,LPB
2020-09-28 07:00:00,4.06,4.29,4.06,4.29,9448762,LPB
2020-09-29 07:00:00,4.21,4.32,4.17,4.21,8009506,LPB
2020-09-30 07:00:00,4.21,4.25,4.14,4.25,10445074,LPB
2020-10-01 07:00:00,4.25,4.47,4.25,4.43,16953172,LPB
2020-10-02 07:00:00,4.43,4.43,4.25,4.43,14972341,LPB
2020-10-05 07:00:00,4.43,4.43,4.36,4.43,6089300,LPB
2020-10-06 07:00:00,4.43,4.43,4.32,4.4,9322306,LPB
2020-10-07 07:00:00,4.4,4.4,4.29,4.32,6106403,LPB
2020-10-08 07:00:00,4.32,4.36,4.21,4.25,9429522,LPB
2020-10-09 07:00:00,4.29,4.36,4.25,4.36,4780157,LPB
2020-10-12 07:00:00,4.36,4.43,4.29,4.32,6407201,LPB
2020-10-13 07:00:00,4.32,4.36,4.29,4.36,3945715,LPB
2020-10-14 07:00:00,4.36,4.43,4.29,4.43,16287048,LPB
2020-10-15 07:00:00,4.43,4.81,4.4,4.66,33250662,LPB
2020-10-16 07:00:00,4.81,4.81,4.62,4.7,10605815,LPB
2020-10-19 07:00:00,4.7,4.77,4.66,4.7,10101207,LPB
2020-10-20 07:00:00,4.7,4.7,4.51,4.62,14763211,LPB
2020-10-21 07:00:00,4.62,4.7,4.58,4.62,13085487,LPB
2020-10-22 07:00:00,4.62,4.62,4.55,4.62,6918227,LPB
2020-10-23 07:00:00,4.62,4.7,4.58,4.66,11020702,LPB
2020-11-09 07:00:00,4.7,4.81,4.58,4.6,11604700,LPB
2020-11-10 07:00:00,4.66,4.66,4.42,4.43,11107830,LPB
2020-11-11 07:00:00,4.43,4.45,4.3,4.38,7614050,LPB
2020-11-12 07:00:00,4.34,4.38,4.3,4.32,7167760,LPB
2020-11-13 07:00:00,4.32,4.55,4.32,4.53,7041560,LPB
2020-11-16 07:00:00,4.57,4.58,4.42,4.42,7407110,LPB
2020-11-17 07:00:00,4.45,4.47,4.42,4.43,4317120,LPB
2020-11-18 07:00:00,4.43,4.45,4.4,4.45,5542510,LPB
2020-11-19 07:00:00,4.45,4.51,4.43,4.45,5461410,LPB
2020-11-20 07:00:00,4.47,4.58,4.43,4.55,6447420,LPB
2020-11-23 07:00:00,4.55,4.55,4.49,4.51,4513270,LPB
2020-11-24 07:00:00,4.55,4.57,4.47,4.51,6562520,LPB
2020-11-25 07:00:00,4.57,4.58,4.51,4.58,8214750,LPB
2020-11-26 07:00:00,4.58,4.58,4.53,4.57,3867500,LPB
2020-11-27 07:00:00,4.58,4.58,4.53,4.57,7737230,LPB
2020-11-30 07:00:00,4.57,4.7,4.55,4.64,13267960,LPB
2020-12-01 07:00:00,4.58,4.7,4.57,4.7,10367050,LPB
2020-12-02 07:00:00,4.77,4.81,4.73,4.73,13659030,LPB
2020-12-03 07:00:00,4.88,4.96,4.84,4.86,13241160,LPB
2020-12-04 07:00:00,4.84,4.86,4.75,4.77,8481830,LPB
2020-12-07 07:00:00,4.77,4.79,4.73,4.79,7669350,LPB
2020-12-08 07:00:00,4.79,4.82,4.75,4.77,6677910,LPB
2020-12-09 07:00:00,4.77,4.9,4.77,4.86,10123510,LPB
2020-12-10 07:00:00,4.88,4.88,4.77,4.79,9261130,LPB
2020-12-11 07:00:00,4.79,4.84,4.75,4.84,4937270,LPB
2020-12-14 07:00:00,4.86,4.9,4.82,4.86,8880680,LPB
2020-12-15 07:00:00,4.84,4.86,4.79,4.79,7906930,LPB
2020-12-16 07:00:00,4.82,5.0,4.79,4.94,18583680,LPB
2020-12-17 07:00:00,4.96,4.96,4.88,4.9,6939090,LPB
2020-12-18 07:00:00,4.92,4.94,4.88,4.94,8621850,LPB
2020-12-21 07:00:00,4.96,5.08,4.94,5.06,13474080,LPB
2020-12-22 07:00:00,5.06,5.33,5.02,5.29,14620100,LPB
2020-12-23 07:00:00,5.33,5.33,5.12,5.16,8754160,LPB
2020-12-24 07:00:00,5.18,5.2,4.86,5.04,10547250,LPB
2020-12-25 07:00:00,4.98,5.12,4.94,5.08,9593780,LPB
2020-12-28 07:00:00,5.2,5.2,5.04,5.08,7639610,LPB
2020-12-29 07:00:00,5.06,5.12,5.04,5.06,6375260,LPB
2020-12-30 07:00:00,5.06,5.12,5.04,5.06,5619740,LPB
2020-12-31 07:00:00,5.06,5.12,5.04,5.08,6396760,LPB
2021-01-04 07:00:00,5.14,5.2,5.12,5.18,8814700,LPB
2021-01-05 07:00:00,5.16,5.53,5.14,5.53,24349300,LPB
2021-01-06 07:00:00,5.74,5.82,5.59,5.74,16644800,LPB
2021-01-07 07:00:00,5.74,5.76,5.57,5.7,9246000,LPB
2021-01-08 07:00:00,5.7,5.84,5.63,5.76,19580100,LPB
2021-01-11 07:00:00,5.78,5.82,5.61,5.7,23446200,LPB
2021-01-12 07:00:00,5.66,5.68,5.55,5.61,13021500,LPB
2021-01-13 07:00:00,5.63,5.8,5.63,5.7,14249500,LPB
2021-01-14 07:00:00,5.74,5.9,5.68,5.9,14964800,LPB
2021-01-15 07:00:00,5.94,6.21,5.94,6.13,16530300,LPB
2021-01-18 07:00:00,6.19,6.23,6.04,6.04,13224100,LPB
2021-01-19 07:00:00,5.98,6.02,5.63,5.66,17853400,LPB
2021-01-20 07:00:00,5.66,5.72,5.27,5.66,15018300,LPB
2021-01-21 07:00:00,5.84,5.84,5.68,5.82,8957600,LPB
2021-01-22 07:00:00,5.84,5.92,5.8,5.88,15290300,LPB
2021-01-25 07:00:00,5.86,5.92,5.8,5.86,9574400,LPB
2021-01-26 07:00:00,5.82,5.82,5.53,5.68,10126700,LPB
2021-01-27 07:00:00,5.66,5.76,5.49,5.53,9796200,LPB
2021-01-28 07:00:00,5.16,5.31,5.16,5.16,12732500,LPB
2021-01-29 07:00:00,4.84,5.39,4.84,5.18,11086300,LPB
2021-02-01 07:00:00,5.1,5.22,4.9,4.92,8298100,LPB
2021-02-02 07:00:00,4.84,5.12,4.75,5.08,7866100,LPB
2021-02-03 07:00:00,5.2,5.43,5.08,5.43,9285600,LPB
2021-02-04 07:00:00,5.43,5.53,5.35,5.47,6158100,LPB
2021-02-05 07:00:00,5.45,5.74,5.45,5.74,8748700,LPB
2021-02-08 07:00:00,5.74,6.11,5.74,5.8,17862700,LPB
2021-02-09 07:00:00,5.84,6.06,5.84,6.02,11482300,LPB
2021-02-17 07:00:00,6.11,6.23,6.02,6.08,11925100,LPB
2021-02-18 07:00:00,6.08,6.13,5.98,6.0,8353900,LPB
2021-02-19 07:00:00,5.94,6.19,5.92,6.02,12657400,LPB
2021-02-22 07:00:00,6.04,6.11,5.96,6.02,15463000,LPB
2021-02-23 07:00:00,6.02,6.04,5.92,5.98,14798200,LPB
2021-02-24 07:00:00,5.98,6.04,5.86,5.86,13175700,LPB
2021-02-25 07:00:00,5.9,6.0,5.86,5.98,10131400,LPB
2021-02-26 07:00:00,5.9,6.06,5.86,6.02,9315300,LPB
2021-03-01 07:00:00,6.11,6.43,6.11,6.43,36421300,LPB
2021-03-02 07:00:00,6.64,6.72,6.45,6.6,13665000,LPB
2021-03-03 07:00:00,6.56,6.64,6.5,6.54,9087400,LPB
2021-03-04 07:00:00,6.54,6.6,6.19,6.35,17022800,LPB
2021-03-05 07:00:00,6.25,6.52,6.21,6.45,11077600,LPB
2021-03-08 07:00:00,6.56,6.56,6.39,6.43,8146600,LPB
2021-03-09 07:00:00,6.35,6.54,6.29,6.43,8925400,LPB
2021-03-10 07:00:00,6.43,6.66,6.41,6.54,12470100,LPB
2021-03-11 07:00:00,6.58,6.64,6.52,6.58,8092200,LPB
2021-03-12 07:00:00,6.6,6.8,6.58,6.76,19801800,LPB
2021-03-15 07:00:00,6.76,6.78,6.66,6.7,7894300,LPB
2021-03-16 07:00:00,6.7,6.72,6.54,6.62,9225100,LPB
2021-03-17 07:00:00,6.62,6.7,6.58,6.66,8451500,LPB
2021-03-18 07:00:00,6.76,6.76,6.66,6.68,8065800,LPB
2021-03-19 07:00:00,6.64,6.74,6.64,6.68,5349800,LPB
2021-03-22 07:00:00,6.72,6.92,6.66,6.68,13718400,LPB
2021-03-23 07:00:00,6.7,6.76,6.64,6.66,12019100,LPB
2021-03-24 07:00:00,6.56,6.68,6.54,6.56,9246200,LPB
2021-03-25 07:00:00,6.6,6.64,6.5,6.54,9473900,LPB
2021-03-26 07:00:00,6.52,6.54,6.15,6.45,9285000,LPB
2021-03-29 07:00:00,6.54,6.72,6.5,6.72,12544700,LPB
2021-03-30 07:00:00,6.76,7.09,6.7,7.09,21012600,LPB
2021-03-31 07:00:00,7.13,7.21,6.97,7.11,11121800,LPB
2021-04-01 07:00:00,7.11,7.17,7.07,7.13,6056600,LPB
2021-04-02 07:00:00,7.13,7.29,7.13,7.21,13331100,LPB
2021-04-05 07:00:00,7.23,7.34,7.11,7.23,11177200,LPB
2021-04-06 07:00:00,7.23,7.25,7.15,7.15,9843200,LPB
2021-04-07 07:00:00,7.19,7.19,7.09,7.15,8942700,LPB
2021-04-08 07:00:00,7.17,7.21,7.09,7.17,10415900,LPB
2021-04-09 07:00:00,7.17,7.54,7.13,7.44,18480900,LPB
2021-04-12 07:00:00,7.48,7.74,7.46,7.72,13377800,LPB
2021-04-13 07:00:00,7.81,7.83,7.5,7.54,12538900,LPB
2021-04-14 07:00:00,7.4,7.62,7.29,7.56,16924100,LPB
2021-04-15 07:00:00,7.58,7.7,7.54,7.6,13424200,LPB
2021-04-16 07:00:00,7.64,7.99,7.6,7.76,21676500,LPB
2021-04-19 07:00:00,7.87,7.99,7.76,7.95,13640800,LPB
2021-04-20 07:00:00,8.11,8.26,8.03,8.13,22268200,LPB
2021-04-22 07:00:00,8.07,8.26,7.7,7.7,13664200,LPB
2021-04-23 07:00:00,7.79,8.24,7.7,8.24,21139500,LPB
2021-04-26 07:00:00,8.4,8.69,8.24,8.48,15801900,LPB
2021-04-27 07:00:00,8.48,8.59,8.36,8.42,11327000,LPB
2021-04-28 07:00:00,8.36,8.5,8.2,8.38,11756400,LPB
2021-04-29 07:00:00,8.5,8.81,8.48,8.81,23814400,LPB
2021-05-04 07:00:00,8.52,8.81,8.48,8.81,13765800,LPB
2021-05-05 07:00:00,8.77,8.97,8.67,8.73,19201000,LPB
2021-05-06 07:00:00,8.73,8.75,8.5,8.52,17204800,LPB
2021-05-07 07:00:00,8.52,8.93,8.4,8.85,19607200,LPB
2021-05-10 07:00:00,8.85,9.06,8.85,8.93,16359500,LPB
2021-05-11 07:00:00,9.04,9.1,8.87,8.87,20851300,LPB
2021-05-12 07:00:00,8.79,9.1,8.73,9.1,15978100,LPB
2021-05-13 07:00:00,9.1,9.57,8.95,9.38,22137800,LPB
2021-05-14 07:00:00,9.53,9.71,9.38,9.57,17542000,LPB
2021-05-17 07:00:00,9.59,9.61,9.26,9.34,21240000,LPB
2021-05-18 07:00:00,9.22,9.57,9.16,9.43,20104900,LPB
2021-05-19 07:00:00,9.43,9.71,9.43,9.65,14538700,LPB
2021-05-20 07:00:00,9.67,9.69,9.55,9.63,13817500,LPB
2021-05-21 07:00:00,9.65,9.79,9.57,9.63,14550800,LPB
2021-05-24 07:00:00,9.63,9.73,9.57,9.59,13869000,LPB
2021-05-25 07:00:00,9.63,9.92,9.55,9.79,17869400,LPB
2021-05-26 07:00:00,9.81,10.41,9.81,10.41,27082700,LPB
2021-05-27 07:00:00,10.61,10.98,10.41,10.74,31002700,LPB
2021-05-28 07:00:00,10.98,11.47,10.8,11.47,35668800,LPB
2021-05-31 07:00:00,11.88,12.27,11.68,12.27,24242200,LPB
2021-06-01 07:00:00,13.07,13.07,11.88,12.13,21800700,LPB
2021-06-02 07:00:00,11.88,12.97,11.8,12.97,30704200,LPB
2021-06-03 07:00:00,13.87,13.87,13.32,13.87,20623800,LPB
2021-06-04 07:00:00,13.81,13.93,13.52,13.69,13580700,LPB
2021-06-07 07:00:00,13.11,13.32,12.74,12.87,27208600,LPB
2021-06-08 07:00:00,12.95,13.24,11.99,11.99,21449200,LPB
2021-06-09 07:00:00,11.99,12.81,11.27,12.81,23183200,LPB
2021-06-10 07:00:00,12.74,13.11,12.6,12.78,10240000,LPB
2021-06-11 07:00:00,12.74,13.09,12.46,12.81,17122800,LPB
2021-06-14 07:00:00,12.81,12.85,12.5,12.58,9392700,LPB
2021-06-15 07:00:00,12.5,12.5,11.88,11.88,16885200,LPB
2021-06-16 07:00:00,11.92,12.25,11.37,11.47,14709500,LPB
2021-06-17 07:00:00,11.15,12.09,11.15,12.09,11374400,LPB
2021-06-18 07:00:00,12.29,12.38,11.72,12.13,6928000,LPB
2021-06-21 07:00:00,11.88,12.09,11.68,11.8,8147000,LPB
2021-06-22 07:00:00,11.92,12.13,11.72,12.05,7632900,LPB
2021-06-23 07:00:00,12.05,12.09,11.8,11.8,4347400,LPB
2021-06-24 07:00:00,12.09,12.42,11.97,12.07,8013900,LPB
2021-06-25 07:00:00,12.23,12.23,11.97,12.09,4316100,LPB
2021-06-28 07:00:00,12.21,12.42,12.09,12.36,9861000,LPB
2021-06-29 07:00:00,12.4,12.7,12.38,12.5,8845100,LPB
2021-06-30 07:00:00,12.46,12.5,12.17,12.27,5620300,LPB
2021-07-01 07:00:00,12.27,12.38,12.05,12.25,5910700,LPB
2021-07-02 07:00:00,12.38,12.46,12.21,12.21,8429500,LPB
2021-07-05 07:00:00,12.36,12.38,12.01,12.33,8235200,LPB
2021-07-06 07:00:00,12.62,12.99,11.47,11.47,11447200,LPB
2021-07-07 07:00:00,11.88,12.27,11.43,12.27,10109100,LPB
2021-07-08 07:00:00,12.5,12.5,12.05,12.25,8467100,LPB
2021-07-09 07:00:00,12.09,12.46,11.47,11.84,6966600,LPB
2021-07-12 07:00:00,11.6,11.72,11.02,11.47,16189900,LPB
2021-07-13 07:00:00,11.47,11.6,10.94,11.27,7378500,LPB
2021-07-14 07:00:00,11.27,11.27,10.65,11.1,7974500,LPB
2021-07-15 07:00:00,11.06,11.35,10.9,11.35,4560300,LPB
2021-07-16 07:00:00,11.39,11.41,11.17,11.25,5247000,LPB
2021-07-19 07:00:00,10.65,11.06,10.47,10.47,9224000,LPB
2021-07-20 07:00:00,10.49,10.55,9.86,10.49,10192000,LPB
2021-07-21 07:00:00,11.02,11.2,10.67,10.74,6078300,LPB
2021-07-22 07:00:00,10.9,10.9,10.65,10.79,3985000,LPB
2021-07-23 07:00:00,10.6,11.29,10.6,10.84,7177800,LPB
2021-07-26 07:00:00,10.63,10.81,10.35,10.51,4138300,LPB
2021-07-27 07:00:00,10.63,10.77,10.58,10.77,4485600,LPB
2021-07-28 07:00:00,10.65,10.79,10.56,10.79,4263100,LPB
2021-07-29 07:00:00,10.79,11.02,10.77,11.02,5115200,LPB
2021-07-30 07:00:00,11.09,11.71,11.09,11.71,15222800,LPB
2021-08-02 07:00:00,11.62,11.71,11.25,11.48,6934200,LPB
2021-08-03 07:00:00,11.48,11.66,11.25,11.5,7998600,LPB
2021-08-04 07:00:00,11.55,11.68,11.41,11.55,11329300,LPB
2021-08-05 07:00:00,11.57,11.94,11.48,11.94,11393500,LPB
2021-08-06 07:00:00,11.98,11.98,11.66,11.78,8117500,LPB
2021-08-09 07:00:00,11.57,11.82,11.5,11.78,10024900,LPB
2021-08-10 07:00:00,11.94,11.94,11.59,11.75,11609500,LPB
2021-08-11 07:00:00,11.78,11.89,11.57,11.57,11208400,LPB
2021-08-12 07:00:00,11.57,11.64,11.36,11.36,9802900,LPB
2021-08-13 07:00:00,11.36,11.48,11.04,11.48,9822000,LPB
2021-08-16 07:00:00,11.52,11.68,11.39,11.57,13133400,LPB
2021-08-17 07:00:00,11.71,12.17,11.64,12.03,24026000,LPB
2021-08-18 07:00:00,11.98,12.0,11.75,11.89,10159800,LPB
2021-08-19 07:00:00,11.94,11.94,11.66,11.71,8124200,LPB
2021-08-20 07:00:00,11.57,11.68,10.93,11.02,19237900,LPB
2021-08-23 07:00:00,10.84,10.97,10.38,10.38,13607000,LPB
2021-08-24 07:00:00,10.42,10.65,10.38,10.58,7413200,LPB
2021-08-25 07:00:00,10.7,10.7,10.47,10.67,3359100,LPB
2021-08-26 07:00:00,10.7,10.72,10.38,10.44,5066300,LPB
2021-08-27 07:00:00,10.33,10.4,9.96,10.01,8801100,LPB
2021-08-30 07:00:00,10.24,10.7,10.1,10.7,6599100,LPB
2021-08-31 07:00:00,10.86,10.9,10.58,10.58,4951900,LPB
2021-09-01 07:00:00,10.42,10.65,10.4,10.44,5679300,LPB
2021-09-06 07:00:00,10.47,10.6,10.33,10.49,7047100,LPB
2021-09-07 07:00:00,10.56,10.79,10.51,10.6,7120200,LPB
2021-09-08 07:00:00,10.72,10.79,10.54,10.7,4878800,LPB
2021-09-09 07:00:00,10.67,10.72,10.56,10.7,4274400,LPB
2021-09-10 07:00:00,10.7,10.72,10.51,10.6,5163100,LPB
2021-09-13 07:00:00,10.47,10.56,10.28,10.38,4340400,LPB
2021-09-14 07:00:00,10.33,10.35,10.12,10.12,5261300,LPB
2021-09-15 07:00:00,10.1,10.35,10.01,10.15,3810300,LPB
2021-09-16 07:00:00,10.17,10.28,10.12,10.15,2924100,LPB
2021-09-17 07:00:00,10.15,10.38,10.15,10.28,5029300,LPB
2021-09-20 07:00:00,10.44,10.88,10.44,10.77,10883800,LPB
2021-09-21 07:00:00,10.54,10.65,10.4,10.49,5310000,LPB
2021-09-22 07:00:00,10.49,10.51,10.35,10.38,3634000,LPB
2021-09-23 07:00:00,10.38,10.51,10.24,10.28,5548900,LPB
2021-09-24 07:00:00,10.4,10.47,10.28,10.31,3007700,LPB
2021-09-27 07:00:00,10.47,10.47,10.1,10.12,3611300,LPB
2021-09-28 07:00:00,10.1,10.19,9.87,10.15,3875200,LPB
2021-09-29 07:00:00,10.05,10.08,9.92,9.96,3268200,LPB
2021-09-30 07:00:00,9.98,10.03,9.94,9.94,2708800,LPB
2021-10-01 07:00:00,9.92,9.92,9.6,9.6,7772300,LPB
2021-10-04 07:00:00,9.41,9.8,9.25,9.43,7818500,LPB
2021-10-05 07:00:00,9.46,9.71,9.43,9.64,4286900,LPB
2021-10-06 07:00:00,9.73,9.82,9.66,9.73,2776300,LPB
2021-10-07 07:00:00,9.66,9.78,9.62,9.64,4126200,LPB
2021-10-08 07:00:00,9.64,9.73,9.6,9.64,2544300,LPB
2021-10-11 07:00:00,9.69,9.98,9.69,9.98,7261000,LPB
2021-10-12 07:00:00,10.05,10.17,9.96,9.98,5343000,LPB
2021-10-13 07:00:00,9.98,10.05,9.87,10.01,3627900,LPB
2021-10-14 07:00:00,10.03,10.03,9.94,9.94,3313400,LPB
2021-10-15 07:00:00,9.94,10.26,9.92,10.1,6073500,LPB
2021-10-18 07:00:00,10.1,10.22,9.87,9.92,4875000,LPB
2021-10-19 07:00:00,9.85,9.92,9.73,9.78,3879000,LPB
2021-10-20 07:00:00,9.69,9.78,9.6,9.71,3761900,LPB
2021-10-21 07:00:00,9.73,9.85,9.64,9.64,3715000,LPB
2021-10-22 07:00:00,9.69,9.71,9.55,9.57,3726900,LPB
2021-10-25 07:00:00,9.57,9.62,9.48,9.48,3607000,LPB
2021-10-26 07:00:00,9.48,9.82,9.46,9.55,4357100,LPB
2021-10-27 07:00:00,9.69,9.71,9.57,9.64,5841300,LPB
2021-10-28 07:00:00,9.78,9.78,9.64,9.69,4692600,LPB
2021-10-29 07:00:00,9.69,9.87,9.55,9.55,10945500,LPB
2021-11-01 07:00:00,9.82,9.98,9.69,9.71,10691400,LPB
2021-11-02 07:00:00,9.64,9.87,9.64,9.82,10662300,LPB
2021-11-03 07:00:00,9.92,10.49,9.87,10.49,21593500,LPB
2021-11-04 07:00:00,10.65,10.93,10.42,10.56,15048200,LPB
2021-11-05 07:00:00,10.56,10.74,10.35,10.58,9898800,LPB
2021-11-08 07:00:00,10.74,10.93,10.56,10.74,17464200,LPB
2021-11-09 07:00:00,10.93,11.0,10.72,10.79,10643700,LPB
2021-11-10 07:00:00,10.88,10.88,10.56,10.6,8271200,LPB
2021-11-11 07:00:00,10.6,10.65,10.19,10.31,12497200,LPB
2021-11-12 07:00:00,10.24,10.58,10.22,10.51,7854400,LPB
2021-11-15 07:00:00,10.74,10.74,10.44,10.47,7721600,LPB
2021-11-16 07:00:00,10.42,10.88,10.33,10.6,20396200,LPB
2021-11-17 07:00:00,10.67,10.72,10.51,10.56,8433500,LPB
2021-11-18 07:00:00,10.47,10.56,10.35,10.38,9013100,LPB
2021-11-19 07:00:00,10.4,10.74,10.17,10.42,14696200,LPB
2021-11-22 07:00:00,10.65,11.06,10.63,10.77,17331500,LPB
2021-11-23 07:00:00,10.93,10.93,10.56,10.58,6830000,LPB
2021-11-24 07:00:00,10.6,11.25,10.51,11.25,44928600,LPB
2021-11-25 07:00:00,11.5,11.52,11.0,11.22,25034500,LPB
2021-11-26 07:00:00,11.25,11.27,10.93,10.97,16928300,LPB
2021-11-29 07:00:00,10.58,10.84,10.44,10.58,17050200,LPB
2021-11-30 07:00:00,10.74,10.74,10.26,10.28,18116300,LPB
2021-12-01 07:00:00,10.28,10.47,10.26,10.44,8917900,LPB
2021-12-02 07:00:00,10.51,10.51,10.28,10.28,6600400,LPB
2021-12-03 07:00:00,10.35,10.42,9.89,9.89,11216500,LPB
2021-12-06 07:00:00,9.8,9.94,9.27,9.32,12547300,LPB
2021-12-07 07:00:00,9.46,9.64,9.39,9.62,6372600,LPB
2021-12-08 07:00:00,9.69,9.87,9.6,9.71,5094700,LPB
2021-12-09 07:00:00,9.62,9.8,9.62,9.73,3734900,LPB
2021-12-10 07:00:00,9.82,10.01,9.73,9.8,5191800,LPB
2021-12-13 07:00:00,9.87,10.15,9.85,10.03,6416200,LPB
2021-12-14 07:00:00,10.24,10.47,10.1,10.38,8451200,LPB
2021-12-15 07:00:00,10.42,10.47,10.24,10.33,5921100,LPB
2021-12-16 07:00:00,10.33,10.44,10.17,10.19,4239800,LPB
2021-12-17 07:00:00,10.15,10.17,10.01,10.01,7707100,LPB
2021-12-20 07:00:00,10.01,10.05,9.87,9.92,4734900,LPB
2021-12-21 07:00:00,9.92,9.92,9.78,9.78,5829800,LPB
2021-12-22 07:00:00,9.87,9.89,9.62,9.62,7641500,LPB
2021-12-23 07:00:00,9.62,9.71,9.39,9.48,6648200,LPB
2021-12-24 07:00:00,9.48,10.01,9.48,9.96,4635300,LPB
2021-12-27 07:00:00,9.96,10.17,9.87,9.89,3118100,LPB
2021-12-28 07:00:00,9.92,10.01,9.78,9.96,6008100,LPB
2021-12-29 07:00:00,10.1,10.38,10.01,10.22,10542600,LPB
2021-12-30 07:00:00,10.19,10.35,10.17,10.19,3523500,LPB
2021-12-31 07:00:00,10.33,10.56,10.22,10.24,10177000,LPB
2022-01-04 07:00:00,10.47,10.51,10.26,10.31,8417500,LPB
2022-01-05 07:00:00,10.38,10.38,10.15,10.19,7937000,LPB
2022-01-06 07:00:00,10.12,10.12,9.92,9.96,11432400,LPB
2022-01-07 07:00:00,9.96,10.24,9.89,10.19,7848300,LPB
2022-01-10 07:00:00,10.33,10.33,9.92,9.92,6118600,LPB
2022-01-11 07:00:00,10.01,10.03,9.73,9.87,5765800,LPB
2022-01-12 07:00:00,9.76,10.22,9.62,10.05,6980000,LPB
2022-01-13 07:00:00,10.19,10.51,10.1,10.1,14626200,LPB
2022-01-14 07:00:00,10.05,10.15,9.92,10.01,3869400,LPB
2022-01-17 07:00:00,10.1,10.38,9.87,9.87,10338300,LPB
2022-01-18 07:00:00,9.78,9.96,9.64,9.71,6827400,LPB
2022-01-19 07:00:00,9.87,9.87,9.69,9.73,2855700,LPB
2022-01-20 07:00:00,9.73,9.89,9.57,9.78,4502200,LPB
2022-01-21 07:00:00,9.87,10.24,9.85,9.96,6979200,LPB
2022-01-24 07:00:00,10.19,10.19,9.87,9.87,8791500,LPB
2022-01-25 07:00:00,10.08,10.56,10.03,10.56,22097300,LPB
2022-01-26 07:00:00,10.93,11.29,10.88,11.29,34453500,LPB
2022-01-27 07:00:00,11.29,11.94,11.02,11.25,20330100,LPB
2022-01-28 07:00:00,11.2,11.48,11.04,11.48,15586600,LPB
2022-02-07 07:00:00,11.71,11.71,11.36,11.41,12113900,LPB
2022-02-08 07:00:00,11.25,11.66,11.16,11.43,12424600,LPB
2022-02-09 07:00:00,11.48,11.66,11.25,11.29,13806000,LPB
2022-02-10 07:00:00,11.29,11.71,11.27,11.48,12449200,LPB
2022-02-11 07:00:00,11.48,12.03,11.48,11.89,25982500,LPB
2022-02-14 07:00:00,11.71,11.91,11.06,11.06,17739600,LPB
2022-02-15 07:00:00,11.16,11.39,10.79,11.29,14274400,LPB
2022-02-16 07:00:00,11.34,11.36,11.0,11.16,13082700,LPB
2022-02-17 07:00:00,11.16,11.39,11.02,11.16,9099200,LPB
2022-02-18 07:00:00,11.06,11.25,10.63,10.84,28701200,LPB
2022-02-21 07:00:00,10.67,11.02,10.6,10.86,11626900,LPB
2022-02-22 07:00:00,10.7,10.97,10.65,10.86,7821500,LPB
2022-02-23 07:00:00,10.86,11.06,10.84,10.84,9124600,LPB
2022-02-24 07:00:00,10.84,10.88,10.28,10.47,14777300,LPB
2022-02-25 07:00:00,10.67,10.79,10.56,10.58,6914300,LPB
2022-02-28 07:00:00,10.54,10.65,10.38,10.4,10963900,LPB
2022-03-01 07:00:00,10.4,10.47,10.19,10.22,13003000,LPB
2022-03-02 07:00:00,10.15,10.31,9.87,9.87,16800900,LPB
2022-03-03 07:00:00,10.19,10.4,10.03,10.22,10765100,LPB
2022-03-04 07:00:00,10.24,10.38,10.22,10.26,5541300,LPB
2022-03-07 07:00:00,10.1,10.19,9.94,10.1,8071300,LPB
2022-03-08 07:00:00,10.01,10.24,9.96,10.1,9385900,LPB
2022-03-09 07:00:00,10.08,10.15,9.89,10.1,7905600,LPB
2022-03-10 07:00:00,10.22,10.33,10.17,10.22,4360200,LPB
2022-03-11 07:00:00,10.22,10.24,10.08,10.17,6001400,LPB
2022-03-14 07:00:00,10.1,10.1,9.96,10.03,5070000,LPB
2022-03-15 07:00:00,10.03,10.17,10.01,10.12,3407600,LPB
2022-03-16 07:00:00,10.12,10.51,10.12,10.17,9728100,LPB
2022-03-17 07:00:00,10.33,10.33,10.17,10.26,7666600,LPB
2022-03-18 07:00:00,10.26,10.31,10.19,10.22,2982600,LPB
2022-03-21 07:00:00,10.28,10.33,10.22,10.28,5038300,LPB
2022-03-22 07:00:00,10.33,10.74,10.33,10.51,13902400,LPB
2022-03-23 07:00:00,10.54,10.56,10.4,10.42,5930300,LPB
2022-03-24 07:00:00,10.42,10.49,10.33,10.35,5088600,LPB
2022-03-25 07:00:00,10.38,10.4,10.24,10.24,5287700,LPB
2022-03-28 07:00:00,10.24,10.31,9.94,10.03,7528500,LPB
2022-03-29 07:00:00,10.08,10.17,10.01,10.12,4224600,LPB
2022-03-30 07:00:00,10.01,10.33,9.98,10.05,5979800,LPB
2022-03-31 07:00:00,10.08,10.17,9.94,9.94,4306800,LPB
2022-04-01 07:00:00,9.96,10.15,9.89,10.08,5894100,LPB
2022-04-04 07:00:00,10.12,10.28,10.05,10.05,11614200,LPB
2022-04-05 07:00:00,10.41,10.61,10.41,10.46,10617600,LPB
2022-04-06 07:00:00,10.46,10.61,10.36,10.59,4450700,LPB
2022-04-07 07:00:00,10.59,10.61,10.28,10.33,5003300,LPB
2022-04-08 07:00:00,10.36,10.41,10.16,10.21,4062000,LPB
2022-04-12 07:00:00,10.26,10.26,9.9,9.93,3655500,LPB
2022-04-13 07:00:00,10.0,10.18,9.78,10.16,4526400,LPB
2022-04-14 07:00:00,10.23,10.23,10.0,10.05,2014300,LPB
2022-04-15 07:00:00,10.1,10.13,9.85,10.03,3335300,LPB
2022-04-18 07:00:00,9.88,9.95,9.34,9.39,6881000,LPB
2022-04-19 07:00:00,9.24,9.6,8.76,8.76,5853400,LPB
2022-04-20 07:00:00,8.53,8.73,8.15,8.15,9014600,LPB
2022-04-21 07:00:00,8.0,8.61,7.59,8.28,9642700,LPB
2022-04-22 07:00:00,8.53,8.61,8.18,8.48,5278700,LPB
2022-04-25 07:00:00,8.53,8.71,7.9,7.9,6577400,LPB
2022-04-26 07:00:00,7.87,8.28,7.46,8.23,5787100,LPB
2022-04-27 07:00:00,8.25,8.3,8.1,8.25,2605100,LPB
2022-04-28 07:00:00,8.3,8.4,8.1,8.2,3467400,LPB
2022-04-29 07:00:00,8.23,8.58,8.15,8.33,7793100,LPB
2022-05-04 07:00:00,8.53,8.71,8.38,8.53,7518700,LPB
2022-05-05 07:00:00,8.63,8.71,8.23,8.35,4181000,LPB
2022-05-06 07:00:00,8.18,8.28,7.97,7.97,6451800,LPB
2022-05-09 07:00:00,7.92,7.97,7.44,7.44,9804700,LPB
2022-05-10 07:00:00,6.98,7.62,6.98,7.57,4428600,LPB
2022-05-11 07:00:00,7.62,7.67,7.41,7.57,3412400,LPB
2022-05-12 07:00:00,7.41,7.57,7.06,7.06,5456900,LPB
2022-05-13 07:00:00,7.06,7.11,6.58,6.58,11020700,LPB
2022-05-16 07:00:00,7.03,7.03,6.65,6.65,4510500,LPB
2022-05-17 07:00:00,6.7,7.11,6.65,7.11,4745800,LPB
2022-05-18 07:00:00,7.26,7.59,7.16,7.52,7999600,LPB
2022-05-19 07:00:00,7.24,7.72,7.24,7.39,5344400,LPB
2022-05-20 07:00:00,7.52,7.54,7.34,7.41,3227100,LPB
2022-05-23 07:00:00,7.54,7.57,7.26,7.31,4162100,LPB
2022-05-24 07:00:00,7.31,7.41,7.06,7.41,3754100,LPB
2022-05-25 07:00:00,7.49,7.74,7.41,7.72,4975500,LPB
2022-05-26 07:00:00,7.82,7.87,7.64,7.72,3913200,LPB
2022-05-27 07:00:00,7.72,7.77,7.62,7.64,5036700,LPB
2022-05-30 07:00:00,7.67,7.87,7.64,7.77,4091800,LPB
2022-05-31 07:00:00,7.72,7.74,7.57,7.62,5467700,LPB
2022-06-01 07:00:00,7.62,7.72,7.54,7.59,4752700,LPB
2022-06-02 07:00:00,7.59,7.72,7.41,7.41,4977500,LPB
2022-06-03 07:00:00,7.41,7.46,7.24,7.31,2777200,LPB
2022-06-06 07:00:00,7.36,7.52,7.24,7.31,4142800,LPB
2022-06-07 07:00:00,7.26,7.34,7.06,7.21,2825000,LPB
2022-06-08 07:00:00,7.24,7.69,7.24,7.69,5601400,LPB
2022-06-09 07:00:00,7.72,7.77,7.64,7.74,4636400,LPB
2022-06-10 07:00:00,7.67,7.8,7.57,7.57,4137900,LPB
2022-06-13 07:00:00,7.36,7.36,7.06,7.06,5766300,LPB
2022-06-14 07:00:00,6.86,7.13,6.6,6.68,13205300,LPB
2022-06-15 07:00:00,6.86,6.86,6.27,6.3,12792200,LPB
2022-06-16 07:00:00,6.45,6.45,5.89,6.4,13563100,LPB
2022-06-17 07:00:00,6.09,6.25,5.97,6.09,8831400,LPB
2022-06-20 07:00:00,6.09,6.25,5.99,5.99,4711900,LPB
2022-06-21 07:00:00,6.04,6.27,5.89,6.04,4890300,LPB
2022-06-22 07:00:00,6.25,6.45,6.14,6.45,6676400,LPB
2022-06-23 07:00:00,6.5,6.86,6.35,6.86,7136500,LPB
2022-06-24 07:00:00,6.83,6.88,6.7,6.7,4427300,LPB
2022-06-27 07:00:00,6.7,6.86,6.35,6.4,12848700,LPB
2022-06-28 07:00:00,6.47,6.83,6.04,6.8,18949400,LPB
2022-06-29 07:00:00,6.7,7.08,6.7,6.86,5963300,LPB
2022-06-30 07:00:00,6.86,6.91,6.63,6.63,6673600,LPB
2022-07-01 07:00:00,6.55,6.78,6.27,6.63,11487600,LPB
2022-07-04 07:00:00,6.73,6.91,6.68,6.91,9278300,LPB
2022-07-05 07:00:00,6.93,7.16,6.88,6.91,10476500,LPB
2022-07-06 07:00:00,6.73,6.93,6.6,6.63,6938600,LPB
2022-07-07 07:00:00,6.58,6.8,6.55,6.68,3853000,LPB
2022-07-08 07:00:00,6.75,6.88,6.68,6.73,5704500,LPB
2022-07-11 07:00:00,6.7,6.75,6.55,6.6,4912700,LPB
2022-07-12 07:00:00,6.6,6.8,6.58,6.8,3665000,LPB
2022-07-13 07:00:00,6.8,7.16,6.8,7.03,10205200,LPB
2022-07-14 07:00:00,6.91,7.18,6.91,7.08,6453300,LPB
2022-07-15 07:00:00,7.11,7.26,7.08,7.11,6349100,LPB
2022-07-18 07:00:00,7.16,7.29,7.08,7.16,6399900,LPB
2022-07-19 07:00:00,7.11,7.16,6.93,7.06,4784800,LPB
2022-07-20 07:00:00,7.13,7.21,7.11,7.18,4711100,LPB
2022-07-21 07:00:00,7.26,7.57,7.24,7.44,12029100,LPB
2022-07-22 07:00:00,7.57,7.64,7.31,7.31,11043100,LPB
2022-07-25 07:00:00,7.31,7.44,7.26,7.41,5452800,LPB
2022-07-26 07:00:00,7.41,7.52,7.31,7.46,6284400,LPB
2022-07-27 07:00:00,7.41,7.77,7.39,7.77,13683400,LPB
2022-07-28 07:00:00,7.97,8.05,7.8,7.92,12271600,LPB
2022-07-29 07:00:00,7.97,7.97,7.69,7.72,6330700,LPB
2022-08-01 07:00:00,7.84,8.07,7.72,8.0,8339600,LPB
2022-08-02 07:00:00,8.02,8.12,7.92,8.07,8253100,LPB
2022-08-03 07:00:00,8.02,8.12,7.92,8.12,6583900,LPB
2022-08-04 07:00:00,8.12,8.23,8.05,8.15,6406800,LPB
2022-08-05 07:00:00,8.18,8.18,8.0,8.18,5021500,LPB
2022-08-08 07:00:00,8.2,8.2,8.07,8.1,4608000,LPB
2022-08-09 07:00:00,8.12,8.15,7.84,7.9,8597800,LPB
2022-08-10 07:00:00,7.9,7.97,7.8,7.8,4916000,LPB
2022-08-11 07:00:00,7.9,8.0,7.72,7.8,5153700,LPB
2022-08-12 07:00:00,7.8,7.95,7.77,7.92,3455900,LPB
2022-08-15 07:00:00,7.97,8.3,7.97,8.2,9557400,LPB
2022-08-16 07:00:00,8.2,8.23,8.1,8.15,3208800,LPB
2022-08-17 07:00:00,8.1,8.18,8.05,8.05,4075700,LPB
2022-08-18 07:00:00,8.02,8.07,7.92,7.95,4386400,LPB
2022-08-19 07:00:00,7.97,8.02,7.87,7.9,3367700,LPB
2022-08-22 07:00:00,7.87,7.95,7.77,7.87,3173300,LPB
2022-08-23 07:00:00,7.82,8.02,7.82,8.02,3989700,LPB
2022-08-24 07:00:00,8.02,8.07,7.97,8.0,3332700,LPB
2022-08-25 07:00:00,8.07,8.18,8.02,8.1,6804900,LPB
2022-08-26 07:00:00,8.18,8.18,8.0,8.02,4268100,LPB
2022-08-29 07:00:00,7.87,7.92,7.67,7.87,4576300,LPB
2022-08-30 07:00:00,7.97,8.07,7.87,8.0,4242100,LPB
2022-08-31 07:00:00,8.0,8.02,7.9,8.02,2707500,LPB
2022-09-05 07:00:00,8.0,8.12,7.92,8.0,3499100,LPB
2022-09-06 07:00:00,7.97,8.15,7.95,8.07,4900600,LPB
2022-09-07 07:00:00,8.07,8.12,7.9,7.9,5347300,LPB
2022-09-08 07:00:00,7.92,7.95,7.41,7.46,5839600,LPB
2022-09-09 07:00:00,7.54,7.57,7.18,7.46,5568800,LPB
2022-09-12 07:00:00,7.57,7.57,7.49,7.52,1759200,LPB
2022-09-13 07:00:00,7.52,7.59,7.44,7.57,1550300,LPB
2022-09-14 07:00:00,7.34,7.62,7.34,7.57,2648500,LPB
2022-09-15 07:00:00,7.59,7.62,7.49,7.52,1248300,LPB
2022-09-16 07:00:00,7.49,7.52,7.21,7.21,3046800,LPB
2022-09-19 07:00:00,7.21,7.26,6.93,6.93,2755700,LPB
2022-09-20 07:00:00,7.03,7.18,6.91,7.16,2627300,LPB
2022-09-21 07:00:00,7.16,7.18,7.06,7.11,1222800,LPB
2022-09-22 07:00:00,7.06,7.18,6.98,7.13,2030800,LPB
2022-09-23 07:00:00,7.16,7.21,7.01,7.01,1901700,LPB
2022-09-26 07:00:00,6.6,6.91,6.6,6.68,3117800,LPB
2022-09-27 07:00:00,6.7,6.83,6.65,6.8,1617400,LPB
2022-09-28 07:00:00,6.7,6.83,6.6,6.6,1673500,LPB
2022-09-29 07:00:00,6.75,6.78,6.55,6.55,2636600,LPB
2022-09-30 07:00:00,6.5,6.6,6.17,6.55,5090100,LPB
2022-10-03 07:00:00,6.52,6.7,6.09,6.12,4576600,LPB
2022-10-04 07:00:00,6.27,6.4,5.94,5.94,6107200,LPB
2022-10-05 07:00:00,6.09,6.17,5.97,6.09,4941900,LPB
2022-10-06 07:00:00,6.12,6.12,5.69,5.69,4695500,LPB
2022-10-07 07:00:00,5.59,5.59,5.31,5.31,12457300,LPB
2022-10-10 07:00:00,4.94,5.28,4.94,5.15,15292300,LPB
2022-10-11 07:00:00,5.08,5.13,4.79,4.79,9726000,LPB
2022-10-12 07:00:00,4.79,5.13,4.77,5.13,8597100,LPB
2022-10-13 07:00:00,5.18,5.26,5.08,5.18,6626200,LPB
2022-10-14 07:00:00,5.43,5.54,5.31,5.48,10345600,LPB
2022-10-17 07:00:00,5.43,5.64,5.38,5.59,7488500,LPB
2022-10-18 07:00:00,5.71,5.79,5.56,5.59,7601300,LPB
2022-10-19 07:00:00,5.64,5.69,5.48,5.54,7024500,LPB
2022-10-20 07:00:00,5.54,5.56,5.38,5.46,5524400,LPB
2022-10-21 07:00:00,5.54,5.54,5.08,5.1,10964000,LPB
2022-10-24 07:00:00,5.13,5.23,4.75,4.75,11520500,LPB
2022-10-25 07:00:00,4.77,5.08,4.62,5.08,15065600,LPB
2022-10-26 07:00:00,5.18,5.31,5.1,5.26,9289600,LPB
2022-10-27 07:00:00,5.31,5.61,5.31,5.61,13895900,LPB
2022-10-28 07:00:00,5.76,5.89,5.66,5.74,14674500,LPB
2022-10-31 07:00:00,5.74,5.97,5.66,5.97,15043200,LPB
2022-11-01 07:00:00,6.09,6.22,5.99,6.09,9141900,LPB
2022-11-02 07:00:00,6.04,6.14,5.86,5.89,10188100,LPB
2022-11-03 07:00:00,5.74,6.02,5.74,5.94,9681400,LPB
2022-11-04 07:00:00,5.89,5.99,5.56,5.79,17050100,LPB
2022-11-07 07:00:00,5.74,5.89,5.41,5.41,10423000,LPB
2022-11-08 07:00:00,5.38,5.76,5.28,5.74,10231200,LPB
2022-11-09 07:00:00,5.81,6.02,5.74,5.79,8156300,LPB
2022-11-10 07:00:00,5.66,5.79,5.41,5.41,14743400,LPB
2022-11-11 07:00:00,5.59,5.69,5.41,5.43,9660700,LPB
2022-11-14 07:00:00,5.28,5.38,5.06,5.23,12370800,LPB
2022-11-15 07:00:00,5.18,5.18,4.86,4.86,15689600,LPB
2022-11-16 07:00:00,4.55,5.2,4.52,5.2,20073200,LPB
2022-11-17 07:00:00,5.52,5.57,5.43,5.57,7471900,LPB
2022-11-18 07:00:00,5.64,5.87,5.36,5.84,10384000,LPB
2022-11-21 07:00:00,5.84,5.93,5.68,5.7,7818400,LPB
2022-11-22 07:00:00,5.67,6.08,5.64,5.82,13606700,LPB
2022-11-23 07:00:00,5.84,5.99,5.74,5.74,9124800,LPB
2022-11-24 07:00:00,5.81,5.87,5.58,5.84,8952400,LPB
2022-11-25 07:00:00,5.99,6.22,5.87,6.22,16497200,LPB
2022-11-28 07:00:00,6.43,6.63,6.34,6.63,14405500,LPB
2022-11-29 07:00:00,6.66,6.75,6.37,6.69,19154000,LPB
2022-11-30 07:00:00,6.69,6.86,6.54,6.69,13386800,LPB
2022-12-01 07:00:00,6.8,7.13,6.6,6.66,22054500,LPB
2022-12-02 07:00:00,6.66,7.1,6.51,7.1,24433600,LPB
2022-12-05 07:00:00,7.42,7.59,7.13,7.59,22381300,LPB
2022-12-06 07:00:00,7.68,8.0,7.51,7.62,36460600,LPB
2022-12-07 07:00:00,7.59,7.77,7.39,7.51,13838000,LPB
2022-12-08 07:00:00,7.62,8.0,7.59,7.97,19040900,LPB
2022-12-09 07:00:00,8.0,8.35,7.54,8.0,25654200,LPB
2022-12-12 07:00:00,7.89,8.0,7.48,7.8,18530200,LPB
2022-12-13 07:00:00,7.62,7.89,7.48,7.83,8380200,LPB
2022-12-14 07:00:00,7.94,7.94,7.68,7.71,7290300,LPB
2022-12-15 07:00:00,7.56,7.89,7.56,7.71,6432100,LPB
2022-12-16 07:00:00,7.59,8.09,7.56,7.71,10185000,LPB
2022-12-19 07:00:00,7.74,7.89,7.68,7.68,7733700,LPB
2022-12-20 07:00:00,7.59,7.71,7.18,7.27,11499900,LPB
2022-12-21 07:00:00,7.39,7.48,7.13,7.39,7034600,LPB
2022-12-22 07:00:00,7.51,7.74,7.45,7.71,11938900,LPB
2022-12-23 07:00:00,7.59,7.65,7.48,7.59,11357700,LPB
2022-12-26 07:00:00,7.56,7.62,7.07,7.07,12469200,LPB
2022-12-27 07:00:00,7.07,7.3,6.95,7.3,6945600,LPB
2022-12-28 07:00:00,7.3,7.8,7.27,7.8,16704100,LPB
2022-12-29 07:00:00,7.83,8.0,7.65,7.65,11530700,LPB
2022-12-30 07:00:00,7.65,7.94,7.62,7.65,11217100,LPB
2023-01-03 07:00:00,7.65,7.97,7.65,7.97,9006500,LPB
2023-01-04 07:00:00,7.97,8.06,7.89,7.89,8833900,LPB
2023-01-05 07:00:00,7.94,7.97,7.83,7.92,5516900,LPB
2023-01-06 07:00:00,7.94,8.44,7.92,8.44,46242900,LPB
2023-01-09 07:00:00,8.56,8.62,8.32,8.32,7179800,LPB
2023-01-10 07:00:00,8.32,8.53,8.32,8.44,8606300,LPB
2023-01-11 07:00:00,8.56,8.73,8.44,8.44,11001900,LPB
2023-01-12 07:00:00,8.53,8.53,8.38,8.47,8380800,LPB
2023-01-13 07:00:00,8.53,8.68,8.47,8.56,11181500,LPB
2023-01-16 07:00:00,8.59,8.59,8.41,8.56,7914500,LPB
2023-01-17 07:00:00,8.56,8.82,8.56,8.7,11376200,LPB
2023-01-18 07:00:00,8.76,8.88,8.68,8.73,6692400,LPB
2023-01-19 07:00:00,8.76,8.82,8.68,8.73,8759900,LPB
2023-01-27 07:00:00,8.79,8.88,8.65,8.76,11516300,LPB
2023-01-30 07:00:00,8.76,8.76,8.47,8.47,13824600,LPB
2023-01-31 07:00:00,8.38,8.7,8.35,8.65,9960300,LPB
2023-02-01 07:00:00,8.65,8.73,8.06,8.06,14495000,LPB
2023-02-02 07:00:00,8.12,8.18,7.92,7.97,11112300,LPB
2023-02-03 07:00:00,8.09,8.12,8.0,8.12,7651200,LPB
2023-02-06 07:00:00,8.06,8.18,7.92,8.12,5601600,LPB
2023-02-07 07:00:00,8.18,8.3,7.92,7.92,8553500,LPB
2023-02-08 07:00:00,7.97,8.3,7.92,8.12,9302200,LPB
2023-02-09 07:00:00,8.09,8.32,8.06,8.12,7058800,LPB
2023-02-10 07:00:00,8.15,8.47,8.06,8.21,11922900,LPB
2023-02-13 07:00:00,8.18,8.35,8.0,8.09,8703500,LPB
2023-02-14 07:00:00,8.18,8.18,7.94,8.0,4852300,LPB
2023-02-15 07:00:00,8.0,8.18,7.92,8.03,6237400,LPB
2023-02-16 07:00:00,8.09,8.18,8.09,8.18,6530900,LPB
2023-02-17 07:00:00,8.18,8.65,8.18,8.47,18982900,LPB
2023-02-20 07:00:00,8.47,8.76,8.47,8.76,10621600,LPB
2023-02-21 07:00:00,8.79,8.82,8.56,8.59,8629600,LPB
2023-02-22 07:00:00,8.44,8.65,8.24,8.24,9985800,LPB
2023-02-23 07:00:00,8.24,8.44,8.09,8.27,9337000,LPB
2023-02-24 07:00:00,8.32,8.41,8.24,8.24,7628200,LPB
2023-02-27 07:00:00,8.12,8.24,8.06,8.06,5801300,LPB
2023-02-28 07:00:00,8.09,8.21,8.09,8.15,5336700,LPB
2023-03-01 07:00:00,8.12,8.47,8.06,8.35,9759700,LPB
2023-03-02 07:00:00,8.47,8.65,8.27,8.41,8285400,LPB
2023-03-03 07:00:00,8.47,8.56,8.27,8.27,6948200,LPB
2023-03-06 07:00:00,8.38,8.53,8.32,8.32,8653100,LPB
2023-03-07 07:00:00,8.5,8.53,8.32,8.38,7956600,LPB
2023-03-08 07:00:00,8.32,8.56,8.32,8.56,7295700,LPB
2023-03-09 07:00:00,8.62,8.85,8.59,8.65,19620500,LPB
2023-03-10 07:00:00,8.65,8.73,8.59,8.62,8374400,LPB
2023-03-13 07:00:00,8.62,8.82,8.59,8.62,13523200,LPB
2023-03-14 07:00:00,8.65,8.76,8.56,8.56,16302600,LPB
2023-03-15 07:00:00,8.73,8.91,8.65,8.76,17449800,LPB
2023-03-16 07:00:00,8.73,8.79,8.68,8.68,10504700,LPB
2023-03-17 07:00:00,8.7,8.79,8.68,8.7,13284200,LPB
2023-03-20 07:00:00,8.68,8.7,8.44,8.44,16900400,LPB
2023-03-21 07:00:00,8.59,8.65,8.44,8.59,5579700,LPB
2023-03-22 07:00:00,8.62,8.7,8.59,8.65,7046700,LPB
2023-03-23 07:00:00,8.59,8.73,8.59,8.73,3437400,LPB
2023-03-24 07:00:00,8.76,9.17,8.76,9.05,17971200,LPB
2023-03-27 07:00:00,9.05,9.08,9.0,9.02,6694000,LPB
2023-03-28 07:00:00,9.08,9.14,8.94,8.94,11966000,LPB
2023-03-29 07:00:00,8.97,9.02,8.91,8.97,6691700,LPB
2023-03-30 07:00:00,9.05,9.08,8.94,8.97,6758800,LPB
2023-03-31 07:00:00,8.97,9.0,8.88,9.0,6236700,LPB
2023-04-03 07:00:00,9.08,9.23,9.0,9.05,9571600,LPB
2023-04-04 07:00:00,9.05,9.26,9.02,9.2,15680400,LPB
2023-04-05 07:00:00,9.17,9.2,9.05,9.08,4997200,LPB
2023-04-06 07:00:00,9.08,9.14,8.79,8.79,12634600,LPB
2023-04-07 07:00:00,8.82,8.85,8.59,8.65,11730500,LPB
2023-04-10 07:00:00,8.73,8.76,8.53,8.53,8882400,LPB
2023-04-11 07:00:00,8.53,8.68,8.5,8.68,5438300,LPB
2023-04-12 07:00:00,8.73,8.82,8.68,8.68,5337000,LPB
2023-04-13 07:00:00,8.7,8.76,8.62,8.62,4385000,LPB
2023-04-14 07:00:00,8.65,9.0,8.65,8.65,17307100,LPB
2023-04-17 07:00:00,8.73,8.76,8.27,8.35,12195000,LPB
2023-04-18 07:00:00,8.41,8.44,8.09,8.18,13418300,LPB
2023-04-19 07:00:00,8.3,8.3,7.97,8.0,8828400,LPB
2023-04-20 07:00:00,7.97,8.12,7.97,8.09,4502100,LPB
2023-04-21 07:00:00,8.12,8.21,7.97,7.97,7565200,LPB
2023-04-24 07:00:00,8.06,8.09,7.77,7.83,7780400,LPB
2023-04-25 07:00:00,7.86,7.89,7.65,7.65,8634500,LPB
2023-04-26 07:00:00,7.59,8.18,7.59,8.18,7897300,LPB
2023-04-27 07:00:00,8.12,8.35,8.03,8.3,8395500,LPB
2023-04-28 07:00:00,8.3,8.3,8.18,8.18,5012900,LPB
2023-05-04 07:00:00,8.12,8.12,7.97,7.97,4703500,LPB
2023-05-05 07:00:00,7.97,8.12,7.92,8.0,2766900,LPB
2023-05-08 07:00:00,8.0,8.12,7.97,7.97,5158500,LPB
2023-05-09 07:00:00,8.0,8.24,8.0,8.18,13126300,LPB
2023-05-10 07:00:00,8.24,8.27,8.09,8.21,9614700,LPB
2023-05-11 07:00:00,8.24,8.27,7.65,8.09,23746900,LPB
2023-05-12 07:00:00,8.12,8.15,8.0,8.12,7921400,LPB
2023-05-15 07:00:00,8.18,8.27,8.09,8.09,9855100,LPB
2023-05-16 07:00:00,8.09,8.15,8.03,8.12,6908500,LPB
2023-05-17 07:00:00,8.15,8.18,8.03,8.06,6971900,LPB
2023-05-18 07:00:00,8.09,8.21,8.03,8.18,8384500,LPB
2023-05-19 07:00:00,8.3,8.3,8.09,8.18,6278600,LPB
2023-05-22 07:00:00,8.21,8.35,8.18,8.3,9208600,LPB
2023-05-23 07:00:00,8.32,8.35,8.21,8.21,5893300,LPB
2023-05-24 07:00:00,8.27,8.27,8.12,8.12,5502600,LPB
2023-05-25 07:00:00,8.12,8.21,8.09,8.15,4977300,LPB
2023-05-26 07:00:00,8.18,8.3,8.09,8.27,10642400,LPB
2023-05-29 07:00:00,8.3,8.41,8.27,8.41,8652700,LPB
2023-05-30 07:00:00,8.47,8.47,8.35,8.47,8910100,LPB
2023-05-31 07:00:00,8.5,8.56,8.41,8.47,8681300,LPB
2023-06-01 07:00:00,8.5,8.59,8.44,8.59,6447300,LPB
2023-06-02 07:00:00,8.65,8.85,8.65,8.76,13176500,LPB
2023-06-05 07:00:00,8.88,8.94,8.79,8.94,16405400,LPB
2023-06-06 07:00:00,8.94,9.0,8.82,8.97,11204600,LPB
2023-06-07 07:00:00,9.0,9.0,8.76,8.76,8122200,LPB
2023-06-08 07:00:00,8.76,8.82,8.53,8.56,8973600,LPB
2023-06-09 07:00:00,8.56,8.85,8.5,8.85,7825900,LPB
2023-06-12 07:00:00,8.88,8.88,8.7,8.88,8049900,LPB
2023-06-13 07:00:00,8.88,8.91,8.73,8.73,3721200,LPB
2023-06-14 07:00:00,8.73,8.82,8.68,8.68,3990700,LPB
2023-06-15 07:00:00,8.68,8.68,8.53,8.56,5132400,LPB
2023-06-16 07:00:00,8.68,8.76,8.56,8.62,4819700,LPB
2023-06-19 07:00:00,8.65,8.73,8.59,8.59,5251700,LPB
2023-06-20 07:00:00,8.62,8.76,8.62,8.68,3830800,LPB
2023-06-21 07:00:00,8.76,8.94,8.68,8.79,10817600,LPB
2023-06-22 07:00:00,8.85,8.97,8.85,8.88,11207100,LPB
2023-06-23 07:00:00,8.94,9.2,8.91,8.97,16968400,LPB
2023-06-26 07:00:00,8.97,9.08,8.76,8.94,5635300,LPB
2023-06-27 07:00:00,8.97,9.05,8.91,8.91,4646300,LPB
2023-06-28 07:00:00,8.94,9.05,8.91,8.94,6129400,LPB
2023-06-29 07:00:00,9.02,9.02,8.85,8.85,6885300,LPB
2023-06-30 07:00:00,8.85,8.91,8.82,8.85,2664600,LPB
2023-07-03 07:00:00,8.88,9.05,8.88,8.94,6834200,LPB
2023-07-04 07:00:00,9.0,9.05,8.88,9.02,5855500,LPB
2023-07-05 07:00:00,9.08,9.23,9.02,9.08,11586400,LPB
2023-07-06 07:00:00,9.11,9.23,8.97,9.05,6294400,LPB
2023-07-07 07:00:00,9.02,9.4,9.02,9.4,13480600,LPB
2023-07-10 07:00:00,9.43,9.76,9.4,9.52,19497200,LPB
2023-07-11 07:00:00,9.55,9.76,9.46,9.46,14039500,LPB
2023-07-12 07:00:00,9.43,9.78,9.17,9.17,13453900,LPB
2023-07-13 07:00:00,9.35,9.49,9.32,9.35,8028400,LPB
2023-07-14 07:00:00,9.46,9.49,9.11,9.14,13121300,LPB
2023-07-17 07:00:00,9.14,9.52,9.14,9.35,9897800,LPB
2023-07-18 07:00:00,9.38,9.58,9.35,9.43,9243300,LPB
2023-07-19 07:00:00,9.43,9.76,9.43,9.52,10867400,LPB
2023-07-20 07:00:00,9.55,9.61,9.43,9.49,4604600,LPB
2023-07-21 07:00:00,9.4,9.58,9.4,9.49,5128100,LPB
2023-07-24 07:00:00,9.49,9.7,9.46,9.55,9879000,LPB
2023-07-25 07:00:00,9.55,9.76,9.55,9.64,7893400,LPB
2023-07-26 07:00:00,9.64,9.67,9.55,9.55,3729500,LPB
2023-07-27 07:00:00,9.58,9.76,9.52,9.64,9148000,LPB
2023-07-28 07:00:00,9.61,9.73,9.52,9.52,6073300,LPB
2023-07-31 07:00:00,9.58,9.7,9.55,9.55,5357400,LPB
2023-08-01 07:00:00,9.58,9.78,9.58,9.64,9363900,LPB
2023-08-02 07:00:00,9.67,9.93,9.64,9.78,9798900,LPB
2023-08-03 07:00:00,9.81,9.99,9.81,9.9,8054100,LPB
2023-08-04 07:00:00,9.93,10.08,9.9,10.08,5026100,LPB
2023-08-07 07:00:00,10.11,10.78,10.11,10.78,20336600,LPB
2023-08-08 07:00:00,10.9,11.3,10.9,11.1,11401800,LPB
2023-08-09 07:00:00,11.22,11.22,10.98,11.04,4068400,LPB
2023-08-10 07:00:00,11.1,11.1,10.81,10.86,3757400,LPB
2023-08-11 07:00:00,10.81,10.92,10.75,10.86,4534100,LPB
2023-08-14 07:00:00,10.86,11.07,10.86,11.01,4371200,LPB
2023-08-15 07:00:00,11.01,11.07,10.98,11.04,4063600,LPB
2023-08-16 07:00:00,11.04,11.22,10.98,11.07,7086800,LPB
2023-08-17 07:00:00,11.07,11.27,11.07,11.13,9180700,LPB
2023-08-18 07:00:00,11.1,11.45,10.52,10.66,16207500,LPB
2023-08-21 07:00:00,10.75,11.39,10.75,11.33,27603400,LPB
2023-08-22 07:00:00,11.94,11.94,10.99,11.56,9434700,LPB
2023-08-23 07:00:00,11.75,11.78,11.52,11.56,3710500,LPB
2023-08-24 07:00:00,11.56,11.97,11.56,11.78,6591700,LPB
2023-08-25 07:00:00,11.82,12.05,11.75,11.82,6036400,LPB
2023-08-28 07:00:00,11.86,12.05,11.82,11.9,4751400,LPB
2023-08-29 07:00:00,11.97,12.05,11.9,11.94,7693400,LPB
2023-08-30 07:00:00,12.01,12.12,11.97,11.97,4373000,LPB
2023-08-31 07:00:00,12.05,12.12,11.9,12.09,5683300,LPB
2023-09-05 07:00:00,12.12,12.24,12.05,12.12,4447300,LPB
2023-09-06 07:00:00,12.12,12.24,12.09,12.16,3169700,LPB
2023-09-07 07:00:00,12.24,12.27,12.12,12.16,5530900,LPB
2023-09-08 07:00:00,12.12,12.2,12.09,12.12,2194800,LPB
2023-09-11 07:00:00,12.12,12.27,12.09,12.2,14491100,LPB
2023-09-12 07:00:00,12.2,12.35,12.16,12.27,3006000,LPB
2023-09-13 07:00:00,12.35,12.39,12.24,12.27,2769100,LPB
2023-09-14 07:00:00,12.27,12.35,11.97,12.05,1979600,LPB
2023-09-15 07:00:00,12.05,12.46,11.86,11.86,5330300,LPB
2023-09-18 07:00:00,11.86,11.9,11.6,11.6,1698100,LPB
2023-09-19 07:00:00,11.63,11.71,11.37,11.48,5220200,LPB
2023-09-20 07:00:00,11.67,11.67,11.48,11.6,2278500,LPB
2023-09-21 07:00:00,11.52,11.6,11.3,11.3,3286600,LPB
2023-09-22 07:00:00,11.14,11.22,10.58,10.84,4930900,LPB
2023-09-25 07:00:00,10.84,10.84,10.24,10.24,3680100,LPB
2023-09-26 07:00:00,10.24,10.35,9.94,9.94,2884200,LPB
2023-09-27 07:00:00,9.94,10.09,9.79,9.98,2778600,LPB
2023-09-28 07:00:00,10.02,10.24,10.02,10.24,2691900,LPB
2023-09-29 07:00:00,10.32,10.62,10.32,10.43,2530600,LPB
2023-10-02 07:00:00,10.43,10.5,10.28,10.28,1523300,LPB
2023-10-03 07:00:00,10.28,10.28,9.86,9.9,2955600,LPB
2023-10-04 07:00:00,9.79,10.32,9.79,10.17,1933500,LPB
2023-10-05 07:00:00,10.17,10.32,10.17,10.24,1968700,LPB
2023-10-06 07:00:00,10.32,10.39,10.24,10.35,5452000,LPB
2023-10-09 07:00:00,10.39,10.62,10.35,10.62,2952100,LPB
2023-10-10 07:00:00,10.62,10.69,10.58,10.66,3943200,LPB
2023-10-11 07:00:00,10.69,10.73,10.62,10.69,1906200,LPB
2023-10-12 07:00:00,10.69,10.81,10.69,10.69,3532000,LPB
2023-10-13 07:00:00,10.62,10.77,10.58,10.69,1862800,LPB
2023-10-16 07:00:00,10.69,10.73,10.54,10.66,2722200,LPB
2023-10-17 07:00:00,10.62,10.81,10.54,10.54,2376600,LPB
2023-10-18 07:00:00,10.54,10.77,10.47,10.54,4014000,LPB
2023-10-19 07:00:00,10.54,10.77,10.54,10.58,2768200,LPB
2023-10-20 07:00:00,10.58,10.96,10.58,10.96,4017400,LPB
2023-10-23 07:00:00,10.99,11.22,10.92,11.07,2591600,LPB
2023-10-24 07:00:00,11.07,11.22,11.03,11.11,2520600,LPB
2023-10-25 07:00:00,11.11,11.37,11.11,11.18,2389300,LPB
2023-10-26 07:00:00,11.03,11.18,10.47,10.77,6745700,LPB
2023-10-27 07:00:00,10.84,11.52,10.84,11.52,6436100,LPB
2023-10-30 07:00:00,11.56,11.75,10.88,10.88,1800600,LPB
2023-10-31 07:00:00,10.92,11.37,10.92,11.03,3678500,LPB
2023-11-01 07:00:00,11.07,11.37,11.07,11.37,1942900,LPB
2023-11-02 07:00:00,11.41,11.63,11.37,11.6,2024500,LPB
2023-11-03 07:00:00,11.67,11.71,11.45,11.48,3395500,LPB
2023-11-06 07:00:00,11.6,11.82,11.48,11.6,4481100,LPB
2023-11-07 07:00:00,11.6,11.82,11.56,11.67,1761900,LPB
2023-11-08 07:00:00,11.67,11.86,11.6,11.86,2267100,LPB
2023-11-09 07:00:00,11.9,11.97,11.75,11.82,2153700,LPB
2023-11-10 07:00:00,11.71,11.78,11.52,11.52,2195500,LPB
2023-11-13 07:00:00,11.6,11.63,11.52,11.52,1423800,LPB
2023-11-14 07:00:00,11.6,12.05,11.6,11.82,5219900,LPB
2023-11-15 07:00:00,11.97,12.01,11.78,11.82,2333400,LPB
2023-11-16 07:00:00,11.82,11.82,11.71,11.78,1233700,LPB
2023-11-17 07:00:00,11.75,11.9,11.56,11.56,2536000,LPB
2023-11-20 07:00:00,11.48,11.71,11.45,11.56,1883600,LPB
2023-11-21 07:00:00,11.63,11.75,11.6,11.75,2392000,LPB
2023-11-22 07:00:00,11.75,11.78,11.63,11.63,1684900,LPB
2023-11-23 07:00:00,11.67,11.75,11.3,11.3,2581800,LPB
2023-11-24 07:00:00,11.37,11.56,11.33,11.41,1601100,LPB
2023-11-27 07:00:00,11.41,11.52,11.14,11.14,1588300,LPB
2023-11-28 07:00:00,11.14,11.3,10.92,11.3,1695000,LPB
2023-11-29 07:00:00,11.3,11.71,11.3,11.45,5192000,LPB
2023-11-30 07:00:00,11.48,11.75,11.45,11.52,4590200,LPB
2023-12-01 07:00:00,11.56,11.67,11.45,11.52,1206300,LPB
2023-12-04 07:00:00,11.6,11.63,11.48,11.52,3428500,LPB
2023-12-05 07:00:00,11.56,11.63,11.45,11.56,3201300,LPB
2023-12-06 07:00:00,11.56,12.05,11.56,11.86,10765300,LPB
2023-12-07 07:00:00,11.9,12.12,11.9,12.05,10698700,LPB
2023-12-08 07:00:00,12.09,12.42,12.05,12.31,9410300,LPB
2023-12-11 07:00:00,12.35,12.46,12.16,12.2,6819200,LPB
2023-12-12 07:00:00,12.24,12.35,12.05,12.09,3448900,LPB
2023-12-13 07:00:00,12.09,12.24,11.82,11.9,2614200,LPB
2023-12-14 07:00:00,11.82,12.05,11.78,11.78,1862500,LPB
2023-12-15 07:00:00,11.82,11.97,11.78,11.82,1608400,LPB
2023-12-18 07:00:00,11.82,11.94,11.63,11.63,2105100,LPB
2023-12-19 07:00:00,11.56,11.75,11.45,11.52,2017700,LPB
2023-12-20 07:00:00,11.52,11.75,11.52,11.6,1105800,LPB
2023-12-21 07:00:00,11.6,11.71,11.48,11.56,1514400,LPB
2023-12-22 07:00:00,11.56,11.86,11.56,11.75,2091500,LPB
2023-12-25 07:00:00,11.86,11.86,11.6,11.75,1286500,LPB
2023-12-26 07:00:00,11.86,11.94,11.78,11.78,1833700,LPB
2023-12-27 07:00:00,11.94,11.94,11.78,11.82,2317900,LPB
2023-12-28 07:00:00,11.9,12.01,11.78,11.9,2345600,LPB
2023-12-29 07:00:00,11.82,12.05,11.82,11.86,1717100,LPB
2024-01-02 07:00:00,11.9,12.27,11.9,12.09,3857100,LPB
2024-01-03 07:00:00,12.16,12.24,12.05,12.24,2847700,LPB
2024-01-04 07:00:00,12.27,12.69,12.2,12.42,7468900,LPB
2024-01-05 07:00:00,12.65,12.65,12.39,12.5,2311800,LPB
2024-01-08 07:00:00,12.54,12.73,12.46,12.46,4503100,LPB
2024-01-09 07:00:00,12.58,12.58,12.27,12.39,2571900,LPB
2024-01-10 07:00:00,12.39,12.58,12.35,12.42,4064700,LPB
2024-01-11 07:00:00,12.42,12.8,12.39,12.46,6894700,LPB
2024-01-12 07:00:00,12.24,12.54,12.16,12.5,10227400,LPB
2024-01-15 07:00:00,12.8,12.84,12.5,12.5,6142200,LPB
2024-01-16 07:00:00,12.46,12.76,12.46,12.58,6517300,LPB
2024-01-17 07:00:00,12.61,13.1,12.58,12.73,16174700,LPB
2024-01-18 07:00:00,12.84,13.25,12.76,13.1,12953300,LPB
2024-01-19 07:00:00,13.18,13.25,13.03,13.1,4412100,LPB
2024-01-22 07:00:00,13.22,13.22,12.88,12.99,4686900,LPB
2024-01-23 07:00:00,13.1,13.1,12.95,12.99,3042000,LPB
2024-01-24 07:00:00,12.99,13.1,12.91,13.03,3442100,LPB
2024-01-25 07:00:00,13.06,13.14,12.99,13.14,4001800,LPB
2024-01-26 07:00:00,13.18,13.22,13.1,13.14,2116300,LPB
2024-01-29 07:00:00,13.1,13.55,13.06,13.25,9874500,LPB
2024-01-30 07:00:00,13.29,13.63,13.29,13.37,6959600,LPB
2024-01-31 07:00:00,13.44,13.48,13.25,13.29,7769400,LPB
2024-02-01 07:00:00,13.37,13.82,13.29,13.48,7857300,LPB
2024-02-02 07:00:00,13.48,13.7,13.4,13.4,5080400,LPB
2024-02-05 07:00:00,13.33,13.82,13.33,13.7,3808200,LPB
2024-02-06 07:00:00,13.74,13.89,13.55,13.63,1955500,LPB
2024-02-07 07:00:00,13.63,13.74,13.48,13.67,3167100,LPB
2024-02-15 07:00:00,13.86,13.86,13.67,13.7,2223000,LPB
2024-02-16 07:00:00,13.7,13.74,13.4,13.52,3623000,LPB
2024-02-19 07:00:00,13.44,13.52,13.29,13.33,3407600,LPB
2024-02-20 07:00:00,13.33,13.44,13.33,13.37,1845100,LPB
2024-02-21 07:00:00,13.44,13.52,13.33,13.37,2372400,LPB
2024-02-22 07:00:00,13.37,13.48,13.29,13.33,2325900,LPB
2024-02-23 07:00:00,13.33,13.59,12.88,12.88,5581000,LPB
2024-02-26 07:00:00,12.91,13.06,12.91,12.95,1657800,LPB
2024-02-27 07:00:00,13.06,13.18,12.95,12.95,2488500,LPB
2024-02-28 07:00:00,13.1,13.14,13.03,13.03,2813300,LPB
2024-02-29 07:00:00,13.1,13.14,12.88,12.88,3016100,LPB
2024-03-01 07:00:00,12.88,12.99,12.8,12.84,3419700,LPB
2024-03-04 07:00:00,12.88,13.06,12.84,12.95,4156200,LPB
2024-03-05 07:00:00,13.03,13.29,12.99,13.29,4366400,LPB
2024-03-06 07:00:00,13.44,13.93,13.4,13.44,7866800,LPB
2024-03-07 07:00:00,13.48,13.48,13.33,13.33,2984000,LPB
2024-03-08 07:00:00,13.33,13.4,12.84,12.88,6062300,LPB
2024-03-11 07:00:00,12.91,12.95,12.42,12.46,5749200,LPB
2024-03-12 07:00:00,12.46,12.73,12.42,12.69,3743100,LPB
2024-03-13 07:00:00,12.8,12.84,12.65,12.8,3635300,LPB
2024-03-14 07:00:00,12.88,12.88,12.61,12.61,2644000,LPB
2024-03-15 07:00:00,12.61,12.61,12.42,12.46,5226400,LPB
2024-03-18 07:00:00,12.42,12.54,11.9,12.09,6624100,LPB
2024-03-19 07:00:00,12.09,12.24,12.05,12.16,1630600,LPB
2024-03-20 07:00:00,12.2,12.8,12.16,12.8,6336100,LPB
2024-03-21 07:00:00,12.8,12.88,12.61,12.69,3608900,LPB
2024-03-22 07:00:00,12.8,12.88,12.65,12.65,3853200,LPB
2024-03-25 07:00:00,12.69,12.73,12.46,12.46,3565300,LPB
2024-03-26 07:00:00,12.54,12.73,12.42,12.69,2796700,LPB
2024-03-27 07:00:00,12.8,12.8,12.61,12.61,2535400,LPB
2024-03-28 07:00:00,12.69,12.76,12.65,12.73,4297700,LPB
2024-03-29 07:00:00,12.73,13.22,12.73,13.22,7969000,LPB
2024-04-01 07:00:00,13.03,13.22,12.95,13.03,2925700,LPB
2024-04-02 07:00:00,12.95,13.18,12.84,13.06,7259400,LPB
2024-04-03 07:00:00,13.18,13.22,12.99,12.99,4236900,LPB
2024-04-04 07:00:00,12.99,13.06,12.84,12.84,3477500,LPB
2024-04-05 07:00:00,12.8,12.99,12.69,12.88,3020000,LPB
2024-04-08 07:00:00,12.95,13.18,12.88,13.06,3198600,LPB
2024-04-09 07:00:00,13.06,13.97,13.06,13.97,9837500,LPB
2024-04-10 07:00:00,14.16,14.31,14.08,14.12,13007000,LPB
2024-04-11 07:00:00,14.08,14.31,13.78,13.78,7383200,LPB
2024-04-12 07:00:00,13.89,14.72,13.86,14.72,15101300,LPB
2024-04-15 07:00:00,14.72,15.32,13.7,14.08,10453000,LPB
2024-04-16 07:00:00,14.08,14.72,14.08,14.65,10894500,LPB
2024-04-17 07:00:00,14.83,15.14,14.42,15.14,15295600,LPB
2024-04-19 07:00:00,14.76,15.14,14.08,15.14,14674500,LPB
2024-04-22 07:00:00,15.14,15.32,14.83,15.29,8188000,LPB
2024-04-23 07:00:00,15.32,15.51,15.17,15.44,7827600,LPB
2024-04-24 07:00:00,15.51,15.85,15.44,15.85,5692700,LPB
2024-04-25 07:00:00,15.96,16.0,15.51,15.66,4989000,LPB
2024-04-26 07:00:00,15.66,15.74,15.02,15.74,5816400,LPB
2024-05-02 07:00:00,15.74,15.81,15.44,15.44,2186800,LPB
2024-05-03 07:00:00,15.36,15.66,15.06,15.21,3565900,LPB
2024-05-06 07:00:00,15.21,15.47,15.21,15.29,3203400,LPB
2024-05-07 07:00:00,15.32,15.7,15.21,15.36,3628200,LPB
2024-05-08 07:00:00,15.36,15.74,15.29,15.29,3564200,LPB
2024-05-09 07:00:00,15.44,15.44,14.98,15.06,3583700,LPB
2024-05-10 07:00:00,15.06,15.29,15.06,15.14,1999300,LPB
2024-05-13 07:00:00,15.17,15.17,14.95,14.98,3085900,LPB
2024-05-14 07:00:00,15.02,15.17,14.95,15.14,2948200,LPB
2024-05-15 07:00:00,15.14,15.78,15.14,15.51,11540600,LPB
2024-05-16 07:00:00,15.78,16.57,15.62,16.57,12589000,LPB
2024-05-17 07:00:00,16.79,17.55,16.72,17.47,9831400,LPB
2024-05-20 07:00:00,17.7,17.92,17.17,17.32,7088100,LPB
2024-05-21 07:00:00,17.47,17.47,17.02,17.17,5853100,LPB
2024-05-22 07:00:00,17.24,17.92,17.13,17.51,5269600,LPB
2024-05-23 07:00:00,17.51,17.66,17.24,17.55,2878200,LPB
2024-05-24 07:00:00,17.51,18.03,16.72,17.7,7731900,LPB
2024-05-27 07:00:00,17.47,17.7,17.43,17.66,1744500,LPB
2024-05-28 07:00:00,17.92,18.86,17.73,18.86,14971400,LPB
2024-05-29 07:00:00,19.16,19.88,18.82,19.58,10411600,LPB
2024-05-30 07:00:00,19.35,19.95,19.2,19.62,7075500,LPB
2024-05-31 07:00:00,19.8,19.8,19.31,19.43,4368400,LPB
2024-06-03 07:00:00,19.69,19.73,19.35,19.43,4491300,LPB
2024-06-04 07:00:00,19.54,19.54,19.24,19.43,4072800,LPB
2024-06-05 07:00:00,19.5,19.5,18.94,19.39,7693600,LPB
2024-06-06 07:00:00,19.39,20.18,19.28,19.65,6037900,LPB
2024-06-07 07:00:00,19.77,20.03,19.5,19.69,2024700,LPB
2024-06-10 07:00:00,19.8,19.99,19.62,19.77,3626200,LPB
2024-06-11 07:00:00,19.95,19.95,19.35,19.35,5281000,LPB
2024-06-12 07:00:00,19.35,19.92,19.13,19.65,5438900,LPB
2024-06-13 07:00:00,19.73,20.03,19.65,20.03,3194100,LPB
2024-06-14 07:00:00,20.18,20.97,20.07,20.71,8192100,LPB
2024-06-17 07:00:00,20.78,20.78,20.26,20.48,4132300,LPB
2024-06-18 07:00:00,20.48,20.56,20.1,20.41,3414800,LPB
2024-06-19 07:00:00,20.41,20.44,20.03,20.37,4026800,LPB
2024-06-20 07:00:00,20.41,20.93,20.29,20.37,2612600,LPB
2024-06-21 07:00:00,20.63,21.69,20.41,21.69,12556500,LPB
2024-06-24 07:00:00,21.99,22.06,20.71,21.27,6140700,LPB
2024-06-25 07:00:00,21.08,21.69,21.01,21.35,3506900,LPB
2024-06-26 07:00:00,21.35,21.88,21.31,21.65,4501500,LPB
2024-06-27 07:00:00,21.65,21.84,20.93,21.57,2530900,LPB
2024-06-28 07:00:00,21.54,21.69,20.71,21.24,3930200,LPB
2024-07-01 07:00:00,21.24,21.24,20.78,21.01,3134000,LPB
2024-07-02 07:00:00,21.46,22.36,21.05,22.29,6729700,LPB
2024-07-03 07:00:00,22.52,22.78,22.4,22.74,7639300,LPB
2024-07-04 07:00:00,22.82,23.61,22.52,23.61,4604200,LPB
2024-07-05 07:00:00,23.61,24.85,23.3,24.25,10869300,LPB
2024-07-08 07:00:00,24.4,24.7,23.94,24.28,6030500,LPB
2024-07-09 07:00:00,24.25,24.47,23.83,24.06,5545400,LPB
2024-07-10 07:00:00,24.06,24.06,23.49,23.49,3944700,LPB
2024-07-11 07:00:00,23.49,23.94,23.12,23.53,3430300,LPB
2024-07-12 07:00:00,23.64,23.87,23.27,23.53,4554200,LPB
2024-07-15 07:00:00,23.8,23.91,23.34,23.64,1691400,LPB
2024-07-16 07:00:00,23.87,24.06,23.49,23.8,2866700,LPB
2024-07-17 07:00:00,23.8,24.1,23.12,24.1,7463500,LPB
2024-07-18 07:00:00,24.1,24.1,23.57,24.02,1621400,LPB
2024-07-19 07:00:00,24.1,24.85,24.06,24.25,4686600,LPB
2024-07-22 07:00:00,23.94,24.4,23.08,23.91,9166400,LPB
2024-07-23 07:00:00,23.94,24.32,23.46,23.91,6704800,LPB
2024-07-24 07:00:00,23.72,23.91,23.34,23.49,4341300,LPB
2024-07-25 07:00:00,23.42,23.53,22.89,22.89,3162000,LPB
2024-07-26 07:00:00,22.82,22.82,21.8,22.14,14354300,LPB
2024-07-29 07:00:00,21.99,22.59,21.99,22.44,1260100,LPB
2024-07-30 07:00:00,22.52,22.55,21.95,22.21,1526500,LPB
2024-07-31 07:00:00,22.21,22.21,21.91,21.95,2690200,LPB
2024-08-01 07:00:00,22.06,22.36,21.38,21.84,3876100,LPB
2024-08-02 07:00:00,21.54,21.84,21.2,21.46,3044400,LPB
2024-08-05 07:00:00,21.8,21.8,19.99,20.41,5591000,LPB
2024-08-06 07:00:00,20.56,21.2,20.48,20.97,3565000,LPB
2024-08-07 07:00:00,21.12,21.57,21.12,21.27,1909500,LPB
2024-08-08 07:00:00,21.2,21.38,21.16,21.35,2606500,LPB
2024-08-09 07:00:00,21.69,21.69,21.27,21.38,3075400,LPB
2024-08-12 07:00:00,21.54,21.69,21.31,21.54,1726500,LPB
2024-08-13 07:00:00,21.61,22.06,21.5,21.69,2486100,LPB
2024-08-14 07:00:00,21.84,21.99,21.54,21.69,2101800,LPB
2024-08-15 07:00:00,21.76,22.14,21.61,22.14,4393200,LPB
2024-08-16 07:00:00,22.25,23.23,22.25,23.23,3145300,LPB
2024-08-19 07:00:00,23.3,23.94,23.3,23.72,3900700,LPB
2024-08-20 07:00:00,23.8,23.91,23.49,23.49,3477700,LPB
2024-08-21 07:00:00,23.61,23.8,23.23,23.76,3061600,LPB
2024-08-22 07:00:00,23.64,23.91,23.42,23.87,2156800,LPB
2024-08-23 07:00:00,23.94,24.32,23.64,23.72,2255500,LPB
2024-08-26 07:00:00,23.64,23.87,23.53,23.72,1280100,LPB
2024-08-27 07:00:00,23.57,23.87,23.49,23.57,1081100,LPB
2024-08-28 07:00:00,23.57,23.83,23.46,23.64,2364600,LPB
2024-08-29 07:00:00,23.8,24.28,23.72,23.72,4971000,LPB
2024-08-30 07:00:00,23.83,23.91,23.46,23.64,2132400,LPB
2024-09-04 07:00:00,23.42,23.64,23.23,23.23,2077200,LPB
2024-09-05 07:00:00,23.3,23.49,22.85,23.19,2612800,LPB
2024-09-06 07:00:00,23.16,23.49,23.16,23.38,1334100,LPB
2024-09-09 07:00:00,23.46,23.46,23.19,23.19,701800,LPB
2024-09-10 07:00:00,23.27,23.49,23.12,23.3,1280200,LPB
2024-09-11 07:00:00,23.3,23.34,23.04,23.19,898200,LPB
2024-09-12 07:00:00,23.34,23.38,23.12,23.12,813700,LPB
2024-09-13 07:00:00,23.12,23.27,22.93,22.93,674100,LPB
2024-09-16 07:00:00,22.93,23.19,22.74,22.74,1228900,LPB
2024-09-17 07:00:00,22.74,23.12,22.74,23.12,1003300,LPB
2024-09-18 07:00:00,23.27,23.27,22.93,23.04,1686600,LPB
2024-09-19 07:00:00,23.04,23.23,22.93,23.12,943700,LPB
2024-09-20 07:00:00,23.34,23.68,23.27,23.49,4279500,LPB
2024-09-23 07:00:00,23.53,23.87,23.46,23.64,2526600,LPB
2024-09-24 07:00:00,23.64,23.87,23.49,23.87,1877000,LPB
2024-09-25 07:00:00,24.17,24.17,23.83,23.94,4189000,LPB
2024-09-26 07:00:00,24.1,24.32,23.91,24.17,4217000,LPB
2024-09-27 07:00:00,24.17,24.51,23.94,24.25,3670700,LPB
2024-09-30 07:00:00,24.28,24.36,23.91,24.06,2209100,LPB
2024-10-01 07:00:00,24.06,24.1,23.76,23.87,3925300,LPB
2024-10-02 07:00:00,23.87,23.94,23.68,23.68,1390800,LPB
2024-10-03 07:00:00,23.68,24.06,23.53,23.61,2302700,LPB
2024-10-04 07:00:00,23.57,23.72,23.38,23.72,2570800,LPB
2024-10-07 07:00:00,23.98,24.1,23.83,23.91,1343600,LPB
2024-10-08 07:00:00,23.94,25.45,23.94,25.08,15963300,LPB
2024-10-09 07:00:00,25.23,25.38,25.11,25.3,1803200,LPB
2024-10-10 07:00:00,25.45,25.79,25.0,25.08,4578700,LPB
2024-10-11 07:00:00,25.08,25.23,24.7,24.74,2062500,LPB
2024-10-14 07:00:00,24.81,24.89,24.36,24.44,3360900,LPB
2024-10-15 07:00:00,24.51,24.66,24.25,24.25,1866600,LPB
2024-10-16 07:00:00,24.13,24.28,23.91,23.91,2761000,LPB
2024-10-17 07:00:00,23.94,24.17,23.87,24.17,1396800,LPB
2024-10-18 07:00:00,24.36,24.66,24.17,24.36,1689300,LPB
2024-10-21 07:00:00,24.4,24.47,24.17,24.25,1460600,LPB
2024-10-22 07:00:00,24.25,24.28,23.57,23.87,4138700,LPB
2024-10-23 07:00:00,23.98,24.1,23.8,23.98,1583600,LPB
2024-10-24 07:00:00,24.13,24.32,23.94,23.94,1328800,LPB
2024-10-25 07:00:00,24.02,24.21,23.87,24.17,1119700,LPB
2024-10-28 07:00:00,24.32,24.4,24.1,24.25,922700,LPB
2024-10-29 07:00:00,24.28,24.36,24.25,24.32,785900,LPB
2024-10-30 07:00:00,24.4,24.66,24.36,24.51,1329200,LPB
2024-10-31 07:00:00,24.55,24.81,24.47,24.81,1350900,LPB
2024-11-01 07:00:00,24.81,24.85,24.62,24.7,1565300,LPB
2024-11-04 07:00:00,24.7,24.85,24.32,24.36,1169100,LPB
2024-11-05 07:00:00,24.44,24.74,24.4,24.4,1232900,LPB
2024-11-06 07:00:00,24.7,24.7,24.36,24.51,492100,LPB
2024-11-07 07:00:00,24.51,24.7,24.47,24.55,884400,LPB
2024-11-08 07:00:00,24.58,24.58,24.17,24.25,1474500,LPB
2024-11-11 07:00:00,24.25,24.28,23.87,23.91,1546600,LPB
2024-11-12 07:00:00,24.1,24.28,23.76,23.87,1121400,LPB
2024-11-13 07:00:00,23.91,24.02,23.64,23.94,1166000,LPB
2024-11-14 07:00:00,24.06,24.1,23.61,23.64,957600,LPB
2024-11-15 07:00:00,23.64,23.76,23.3,23.68,1814200,LPB
2024-11-18 07:00:00,23.72,24.02,23.46,23.68,1491400,LPB
2024-11-19 07:00:00,23.68,23.8,23.49,23.57,595300,LPB
2024-11-20 07:00:00,23.64,23.8,23.42,23.76,1128800,LPB
2024-11-21 07:00:00,23.8,23.87,23.68,23.87,620300,LPB
2024-11-22 07:00:00,23.91,24.02,23.83,23.98,767600,LPB
2024-11-25 07:00:00,24.02,24.02,23.91,23.98,313300,LPB
2024-11-26 07:00:00,24.02,24.06,23.91,24.02,792400,LPB
2024-11-27 07:00:00,24.06,24.47,24.02,24.32,1136800,LPB
2024-11-28 07:00:00,24.47,24.66,24.1,24.1,1803500,LPB
2024-11-29 07:00:00,24.13,24.47,24.13,24.28,895400,LPB
2024-12-02 07:00:00,24.36,25.3,24.36,25.04,6919600,LPB
2024-12-03 07:00:00,25.11,25.75,25.11,25.56,4697500,LPB
2024-12-04 07:00:00,25.6,25.94,25.08,25.19,3124300,LPB
2024-12-05 07:00:00,25.26,25.64,25.19,25.38,2377800,LPB
2024-12-06 07:00:00,25.6,26.05,25.38,25.79,2742500,LPB
2024-12-09 07:00:00,25.98,26.05,25.64,25.72,1615200,LPB
2024-12-10 07:00:00,25.75,25.9,25.64,25.64,1092300,LPB
2024-12-11 07:00:00,25.68,25.9,25.26,25.3,1869200,LPB
2024-12-12 07:00:00,25.34,25.41,24.92,24.92,2414300,LPB
2024-12-13 07:00:00,25.0,25.19,24.77,24.96,1281200,LPB
2024-12-16 07:00:00,25.11,25.26,24.89,24.96,884000,LPB
2024-12-17 07:00:00,25.04,25.08,24.81,25.04,1036300,LPB
2024-12-18 07:00:00,25.08,25.45,25.08,25.38,2076900,LPB
2024-12-19 07:00:00,25.38,25.41,24.89,25.15,1533700,LPB
2024-12-20 07:00:00,25.15,25.26,24.89,25.15,971400,LPB
2024-12-23 07:00:00,25.3,25.34,25.04,25.23,1034700,LPB
2024-12-24 07:00:00,25.26,25.3,24.92,25.26,1254400,LPB
2024-12-25 07:00:00,25.3,26.05,25.26,25.79,4652700,LPB
2024-12-26 07:00:00,25.9,25.94,25.53,25.53,2059900,LPB
2024-12-27 07:00:00,25.79,27.29,25.7,27.29,9363500,LPB
2024-12-30 07:00:00,27.55,27.99,27.33,27.77,3349400,LPB
2024-12-31 07:00:00,27.77,27.86,27.46,27.51,2470600,LPB
2025-01-02 07:00:00,27.64,27.64,27.16,27.51,2568300,LPB
2025-01-03 07:00:00,27.55,27.55,26.67,26.76,4896600,LPB
2025-01-06 07:00:00,26.8,27.02,26.41,26.67,2190400,LPB
2025-01-07 07:00:00,26.72,27.29,26.63,27.02,1883800,LPB
2025-01-08 07:00:00,27.07,27.29,26.85,27.2,904600,LPB
2025-01-09 07:00:00,27.24,27.29,26.89,26.94,1024700,LPB
2025-01-10 07:00:00,26.98,26.98,26.45,26.58,1885900,LPB
2025-01-13 07:00:00,26.58,27.02,26.14,27.02,2608200,LPB
2025-01-14 07:00:00,27.02,27.6,27.02,27.16,1098100,LPB
2025-01-15 07:00:00,27.33,27.42,27.07,27.29,1015700,LPB
2025-01-16 07:00:00,27.46,27.99,27.42,27.68,1235200,LPB
2025-01-17 07:00:00,27.73,28.17,27.55,28.08,1839700,LPB
2025-01-20 07:00:00,28.08,28.34,27.86,27.86,1248700,LPB
2025-01-21 07:00:00,27.9,28.26,27.9,28.04,2017400,LPB
2025-01-22 07:00:00,28.12,29.44,28.12,29.4,6970600,LPB
2025-01-23 07:00:00,29.58,31.34,29.58,31.07,5486300,LPB
2025-01-24 07:00:00,31.12,31.78,31.03,31.56,14663700,LPB
2025-02-03 07:00:00,31.56,31.56,30.68,30.9,4007000,LPB
2025-02-04 07:00:00,31.51,31.51,30.5,30.9,2681400,LPB
2025-02-05 07:00:00,31.07,31.78,30.98,31.6,5870000,LPB
2025-02-06 07:00:00,31.69,32.35,31.6,32.13,3449500,LPB
2025-02-07 07:00:00,32.13,32.57,31.86,32.13,2457100,LPB
2025-02-10 07:00:00,32.04,32.39,31.64,32.17,2445900,LPB
2025-02-11 07:00:00,32.17,32.61,32.04,32.57,2458800,LPB
2025-02-12 07:00:00,32.61,33.36,32.61,32.88,2734300,LPB
2025-02-13 07:00:00,32.88,33.32,32.61,33.18,2520700,LPB
2025-02-14 07:00:00,33.71,33.71,32.74,33.01,2767900,LPB
2025-02-17 07:00:00,33.01,33.1,32.66,32.79,1586800,LPB
2025-02-18 07:00:00,32.97,32.97,32.13,32.22,3459500,LPB
2025-02-19 07:00:00,32.26,32.57,31.95,32.3,3508600,LPB
2025-02-20 07:00:00,32.3,32.57,31.91,31.95,3887500,LPB
2025-02-21 07:00:00,32.04,32.35,31.95,32.04,1524600,LPB
2025-02-24 07:00:00,32.0,32.52,31.82,32.39,4039400,LPB
2025-02-25 07:00:00,32.48,32.79,32.39,32.44,3525600,LPB
2025-02-26 07:00:00,32.66,32.74,32.22,32.48,2228700,LPB
2025-02-27 07:00:00,32.48,32.48,31.95,32.35,2381500,LPB
2025-02-28 07:00:00,32.26,32.3,31.73,31.82,2994600,LPB
2025-03-03 07:00:00,31.91,31.91,31.34,31.6,3778400,LPB
2025-03-04 07:00:00,31.47,31.51,30.94,31.25,5102600,LPB
2025-03-05 07:00:00,31.25,32.22,31.25,31.51,2318400,LPB
2025-03-06 07:00:00,31.73,31.73,31.25,31.29,1826200,LPB
2025-03-07 07:00:00,31.25,31.64,31.16,31.16,3123200,LPB
2025-03-10 07:00:00,31.16,31.56,30.63,30.63,4061000,LPB
2025-03-11 07:00:00,30.5,30.72,30.02,30.5,3771200,LPB
2025-03-12 07:00:00,30.5,31.12,30.15,31.07,2715700,LPB
2025-03-13 07:00:00,31.07,31.2,30.72,31.07,2545000,LPB
2025-03-14 07:00:00,31.16,31.16,30.76,30.76,1433200,LPB
2025-03-17 07:00:00,30.76,30.81,30.32,30.54,2029600,LPB
2025-03-18 07:00:00,30.54,31.56,30.28,31.16,5124100,LPB
2025-03-19 07:00:00,31.16,31.95,31.16,31.64,6285000,LPB
2025-03-20 07:00:00,31.86,31.86,31.29,31.29,2563200,LPB
2025-03-21 07:00:00,31.29,31.29,30.63,30.63,2543500,LPB
2025-03-24 07:00:00,30.63,30.63,29.66,30.06,8068400,LPB
2025-03-25 07:00:00,30.06,30.24,29.75,29.93,2530300,LPB
2025-03-26 07:00:00,29.93,30.06,29.44,29.44,2578800,LPB
2025-03-27 07:00:00,29.58,29.58,29.05,29.05,1950300,LPB
2025-03-28 07:00:00,29.05,29.49,29.05,29.44,1418900,LPB
2025-03-31 07:00:00,29.44,29.44,28.87,29.27,2412800,LPB
2025-04-01 07:00:00,29.27,29.49,29.22,29.4,1106200,LPB
2025-04-02 07:00:00,29.49,29.58,29.14,29.14,1852800,LPB
2025-04-03 07:00:00,28.96,28.96,27.11,27.11,6201700,LPB
2025-04-04 07:00:00,25.53,29.0,25.53,29.0,9431700,LPB
2025-04-08 07:00:00,29.0,29.0,26.98,27.46,3769900,LPB
2025-04-09 07:00:00,26.76,28.61,26.41,27.73,5332500,LPB
2025-04-10 07:00:00,29.66,29.66,29.66,29.66,473200,LPB
2025-04-11 07:00:00,28.17,30.15,28.17,30.1,7069100,LPB
2025-04-14 07:00:00,29.84,29.93,29.66,29.8,2160100,LPB
2025-04-15 07:00:00,29.58,29.84,28.65,29.18,3977800,LPB
2025-04-16 07:00:00,29.05,29.44,28.74,28.74,1645400,LPB
2025-04-17 07:00:00,29.05,30.37,28.83,29.58,4118900,LPB
2025-04-18 07:00:00,29.75,30.41,29.62,29.84,4142800,LPB
2025-04-21 07:00:00,29.88,29.88,29.05,29.09,2596300,LPB
2025-04-22 07:00:00,29.0,29.36,27.07,29.27,4879700,LPB
2025-04-23 07:00:00,29.4,29.75,29.31,29.31,2718000,LPB
2025-04-24 07:00:00,29.22,29.44,29.05,29.05,2141600,LPB
2025-04-25 07:00:00,28.87,29.18,28.21,28.43,6340700,LPB
2025-04-28 07:00:00,28.96,28.96,28.26,28.87,1555900,LPB
2025-04-29 07:00:00,28.87,29.27,28.65,28.65,1143500,LPB
2025-05-05 07:00:00,28.61,28.83,28.17,28.3,1494900,LPB
2025-05-06 07:00:00,28.43,28.56,27.95,27.95,2701400,LPB
2025-05-07 07:00:00,28.04,28.48,27.9,28.34,2001400,LPB
2025-05-08 07:00:00,28.83,29.58,28.83,29.09,3861900,LPB
2025-05-09 07:00:00,29.49,31.07,29.31,30.37,4973300,LPB
2025-05-12 07:00:00,30.81,30.98,30.59,30.63,4178600,LPB
2025-05-13 07:00:00,30.81,30.85,30.37,30.59,3062200,LPB
2025-05-14 07:00:00,30.76,31.42,30.63,31.42,4470300,LPB
2025-05-15 07:00:00,31.51,32.61,31.51,32.61,8884600,LPB
2025-05-16 07:00:00,32.61,33.14,32.13,32.13,4560600,LPB
2025-05-19 07:00:00,32.13,32.13,30.85,30.9,5468700,LPB
2025-05-20 07:00:00,30.85,31.18,30.33,31.14,3562200,LPB
2025-05-21 07:00:00,31.18,31.66,30.71,30.76,2430600,LPB
2025-05-22 07:00:00,30.81,30.81,30.1,30.14,3093600,LPB
2025-05-23 07:00:00,30.19,30.38,30.1,30.19,1550700,LPB
2025-05-26 07:00:00,30.33,30.85,29.58,30.71,2528700,LPB
2025-05-27 07:00:00,30.81,30.81,30.33,30.43,1920400,LPB
2025-05-28 07:00:00,30.62,30.62,30.14,30.19,2135500,LPB
2025-05-29 07:00:00,30.33,30.52,30.19,30.24,1463400,LPB
2025-05-30 07:00:00,30.33,30.38,29.86,30.05,1471900,LPB
2025-06-02 07:00:00,30.05,30.29,29.67,30.24,2160000,LPB
2025-06-03 07:00:00,30.52,30.52,30.19,30.24,1855500,LPB
2025-06-04 07:00:00,30.29,30.43,30.0,30.0,1580200,LPB
2025-06-05 07:00:00,30.14,30.14,29.86,30.05,1357500,LPB
2025-06-06 07:00:00,30.05,30.1,29.48,29.48,2400100,LPB
2025-06-09 07:00:00,29.48,29.77,29.01,29.53,1903600,LPB
2025-06-10 07:00:00,29.77,30.43,29.58,29.72,2437300,LPB
2025-06-11 07:00:00,29.77,29.96,29.67,29.72,952800,LPB
2025-06-12 07:00:00,30.14,30.24,29.77,29.91,1431600,LPB
2025-06-13 07:00:00,29.86,30.29,29.67,29.86,3082200,LPB
2025-06-16 07:00:00,29.96,30.19,29.81,29.91,1818200,LPB
2025-06-17 07:00:00,30.19,30.71,30.05,30.57,4079500,LPB
2025-06-18 07:00:00,30.71,30.71,30.14,30.19,1946800,LPB
2025-06-19 07:00:00,30.24,30.71,30.05,30.62,2732400,LPB
2025-06-20 07:00:00,30.76,30.76,30.14,30.14,2055100,LPB
2025-06-23 07:00:00,30.14,30.14,29.62,29.86,2182600,LPB
2025-06-24 07:00:00,30.05,30.29,29.96,30.05,1406600,LPB
2025-06-25 07:00:00,30.24,30.52,29.86,30.05,1439900,LPB
2025-06-26 07:00:00,30.05,30.24,29.77,30.05,1075600,LPB
2025-06-27 07:00:00,30.14,30.29,29.91,30.19,1847400,LPB
2025-06-30 07:00:00,30.29,30.62,30.19,30.48,2645800,LPB
2025-07-01 07:00:00,30.57,30.62,30.29,30.38,1360000,LPB
2025-07-02 07:00:00,30.43,30.76,30.38,30.57,2017300,LPB
2025-07-03 07:00:00,30.62,30.71,30.43,30.71,2820600,LPB
2025-07-04 07:00:00,30.85,31.32,30.71,30.95,3006600,LPB
2025-07-07 07:00:00,31.09,31.66,30.95,31.66,5348000,LPB
2025-07-08 07:00:00,31.8,32.13,31.42,31.84,2506300,LPB
2025-07-09 07:00:00,31.99,32.32,31.23,31.32,3840600,LPB
2025-07-10 07:00:00,31.42,31.47,31.18,31.47,2842500,LPB
2025-07-11 07:00:00,31.51,31.66,31.14,31.18,2291500,LPB
2025-07-14 07:00:00,31.28,31.37,30.85,31.04,1952700,LPB
2025-07-15 07:00:00,31.14,31.99,31.04,31.66,5349400,LPB
2025-07-16 07:00:00,31.8,32.27,31.7,31.94,2823300,LPB
2025-07-17 07:00:00,32.08,32.13,31.8,31.8,3911000,LPB
2025-07-18 07:00:00,31.84,32.93,31.56,32.7,4707200,LPB
2025-07-21 07:00:00,33.07,34.02,32.79,33.55,4420200,LPB
2025-07-22 07:00:00,33.64,33.92,33.12,33.92,2666600,LPB
2025-07-23 07:00:00,33.97,34.02,33.31,33.31,3733400,LPB
2025-07-24 07:00:00,33.36,34.02,33.17,33.55,2519900,LPB
2025-07-25 07:00:00,33.55,33.74,33.26,33.31,3406100,LPB
2025-07-28 07:00:00,33.45,34.58,33.26,34.54,7287700,LPB
2025-07-29 07:00:00,34.63,34.73,32.41,32.41,6251200,LPB
2025-07-30 07:00:00,32.41,33.07,31.94,32.32,3585800,LPB
2025-07-31 07:00:00,32.41,32.6,31.51,32.32,4565500,LPB
2025-08-01 07:00:00,32.36,32.6,31.61,32.6,2853500,LPB
2025-08-04 07:00:00,32.55,32.93,31.94,32.79,3117800,LPB
2025-08-05 07:00:00,32.79,34.54,32.79,33.36,9497400,LPB
2025-08-06 07:00:00,33.55,34.11,33.55,34.11,4087700,LPB
2025-08-07 07:00:00,34.49,34.49,33.31,33.83,4516800,LPB
2025-08-08 07:00:00,33.83,33.88,33.07,33.45,3352400,LPB
2025-08-11 07:00:00,33.55,33.83,33.17,33.83,3493100,LPB
2025-08-12 07:00:00,33.88,35.96,33.5,35.96,9518700,LPB
2025-08-13 07:00:00,36.38,37.99,36.38,37.04,10589000,LPB
2025-08-14 07:00:00,37.66,38.32,37.42,37.99,7635400,LPB
2025-08-15 07:00:00,38.51,38.51,36.48,36.85,6175200,LPB
2025-08-18 07:00:00,37.04,38.08,36.81,37.89,4075200,LPB
2025-08-19 07:00:00,38.22,40.49,37.99,40.44,4876400,LPB
2025-08-20 07:00:00,40.54,43.23,38.74,43.23,7121900,LPB
2025-08-21 07:00:00,45.36,46.26,44.04,45.74,6751000,LPB
2025-08-22 07:00:00,45.36,45.74,43.09,44.41,6680100,LPB
2025-08-25 07:00:00,44.46,44.84,42.52,42.52,5165100,LPB
2025-08-26 07:00:00,42.71,43.14,41.39,43.0,4223100,LPB
2025-08-27 07:00:00,43.47,43.47,41.39,41.39,4317800,LPB
2025-08-28 07:00:00,41.48,42.52,40.82,42.38,2515800,LPB
2025-08-29 07:00:00,42.38,43.18,41.81,42.52,3254600,LPB
2025-09-03 07:00:00,42.48,43.09,41.58,42.24,2034200,LPB
2025-09-04 07:00:00,42.52,43.56,42.14,43.14,2871500,LPB
2025-09-05 07:00:00,43.23,43.61,42.0,42.0,3358400,LPB
2025-09-08 07:00:00,41.96,42.14,40.44,40.44,3480500,LPB
2025-09-09 07:00:00,40.49,41.2,39.26,39.97,2727100,LPB
2025-09-10 07:00:00,39.83,40.26,38.98,39.64,2455700,LPB
2025-09-11 07:00:00,39.69,42.19,38.18,41.58,3995200,LPB
2025-09-12 07:00:00,41.67,41.91,40.82,41.67,2584600,LPB
2025-09-15 07:00:00,41.86,42.29,41.15,42.1,2116100,LPB
2025-09-16 07:00:00,42.24,42.66,41.58,42.43,2769000,LPB
2025-09-17 07:00:00,42.95,43.0,42.05,42.81,2594400,LPB
2025-09-18 07:00:00,42.81,43.33,42.57,42.9,3114400,LPB
2025-09-19 07:00:00,43.18,44.56,42.62,43.94,3195400,LPB
2025-09-22 07:00:00,43.99,44.88,43.47,43.94,2191000,LPB
2025-09-23 07:00:00,44.13,44.41,43.04,43.99,1684200,LPB
2025-09-24 07:00:00,44.13,44.88,43.47,44.84,1732800,LPB
2025-09-25 07:00:00,44.93,46.07,44.84,45.31,2442300,LPB
2025-09-26 07:00:00,45.4,46.02,45.31,45.4,1647600,LPB
2025-09-29 07:00:00,45.45,45.83,44.74,45.17,2004000,LPB
2025-09-30 07:00:00,45.31,46.96,45.03,46.78,3496200,LPB
2025-10-01 07:00:00,46.96,48.48,46.96,48.19,3962900,LPB
2025-10-02 07:00:00,48.48,49.99,48.29,48.76,3811600,LPB
2025-10-03 07:00:00,48.95,49.89,48.57,49.61,2545000,LPB
2025-10-06 07:00:00,50.08,50.56,47.91,48.95,4098500,LPB
2025-10-07 07:00:00,49.04,50.74,48.85,49.7,2548500,LPB
2025-10-08 07:00:00,50.08,51.69,49.14,49.14,3028700,LPB
2025-10-09 07:00:00,49.14,49.61,48.1,48.38,4284400,LPB
2025-10-10 07:00:00,48.38,49.33,48.0,48.76,4036000,LPB
2025-10-13 07:00:00,48.95,49.61,47.72,49.61,4020100,LPB
2025-10-14 07:00:00,49.99,50.37,48.66,48.66,2627000,LPB
2025-10-15 07:00:00,49.04,50.37,48.76,48.76,3443300,LPB
2025-10-16 07:00:00,49.14,49.61,47.82,48.48,3265000,LPB
2025-10-17 07:00:00,48.66,48.85,46.78,46.78,3489500,LPB
2025-10-20 07:00:00,46.96,48.0,44.88,44.88,2570500,LPB
2025-10-21 07:00:00,46.87,48.0,45.83,46.3,3509700,LPB
2025-10-22 07:00:00,47.06,48.0,45.45,47.15,2643200,LPB
2025-10-23 07:00:00,47.63,49.61,46.96,48.48,2801700,LPB
2025-10-24 07:00:00,48.57,50.27,48.29,49.33,3665700,LPB
2025-10-27 07:00:00,49.7,49.8,48.48,49.04,3071500,LPB
2025-10-28 07:00:00,49.14,50.46,49.04,49.89,3276000,LPB
2025-10-29 07:00:00,50.08,51.4,49.8,50.93,2203100,LPB
2025-10-30 07:00:00,51.03,51.12,48.38,49.14,4308800,LPB
2025-10-31 07:00:00,49.42,50.74,47.91,47.91,2448400,LPB
2025-11-03 07:00:00,48.1,49.61,47.44,47.91,2241800,LPB
2025-11-04 07:00:00,48.29,49.61,48.19,48.85,3025200,LPB
2025-11-05 07:00:00,48.85,49.33,48.19,48.66,1657400,LPB
2025-11-06 07:00:00,48.85,49.52,47.91,48.66,2073400,LPB
2025-11-07 07:00:00,48.66,49.23,46.59,46.59,2728100,LPB
2025-11-10 07:00:00,47.34,48.1,45.64,45.64,1794100,LPB
2025-11-11 07:00:00,45.83,46.35,44.79,44.88,2356200,LPB
2025-11-12 07:00:00,45.12,46.16,44.74,45.97,1475300,LPB
2025-11-13 07:00:00,46.02,46.4,45.36,46.21,1362300,LPB
2025-11-14 07:00:00,46.3,47.15,45.92,47.15,1193800,LPB
2025-11-17 07:00:00,47.82,47.82,46.59,47.44,947600,LPB
2025-11-18 07:00:00,47.63,47.72,46.26,46.82,1390600,LPB
2025-11-19 07:00:00,46.87,46.92,45.88,46.78,1316500,LPB
2025-11-20 07:00:00,46.96,47.44,46.59,46.59,2164700,LPB
2025-11-21 07:00:00,46.59,46.96,45.83,45.88,1076000,LPB
2025-11-24 07:00:00,46.02,46.78,45.88,45.88,1211300,LPB
2025-11-25 07:00:00,45.92,46.59,45.83,46.3,1401600,LPB
2025-11-26 07:00:00,46.44,47.25,46.44,46.87,1572800,LPB
2025-11-27 07:00:00,47.01,47.44,46.49,46.59,1173300,LPB
2025-11-28 07:00:00,46.78,47.91,45.55,45.92,1434700,LPB
2025-12-01 07:00:00,46.11,46.3,45.26,45.26,798600,LPB
2025-12-02 07:00:00,45.45,45.83,44.7,44.88,1242000,LPB
2025-12-03 07:00:00,45.36,46.3,45.36,45.92,1490800,LPB
2025-12-04 07:00:00,46.16,47.25,46.16,46.78,1140300,LPB
2025-12-05 07:00:00,46.92,46.92,45.45,45.45,1083400,LPB
2025-12-08 07:00:00,45.45,45.88,43.52,43.75,2989700,LPB
2025-12-09 07:00:00,43.85,43.85,41.2,41.58,4632400,LPB
2025-12-10 07:00:00,42.19,42.29,41.39,41.77,1452300,LPB
2025-12-11 07:00:00,42.05,43.0,41.81,42.05,1245100,LPB
2025-12-12 07:00:00,42.29,42.38,40.82,41.77,1570300,LPB
2025-12-15 07:00:00,41.91,41.91,40.16,40.44,1403500,LPB
2025-12-16 07:00:00,40.63,42.05,40.4,42.0,2136800,LPB
2025-12-17 07:00:00,42.24,42.33,40.92,41.58,854400,LPB
2025-12-18 07:00:00,41.77,41.77,40.49,41.39,1671400,LPB
2025-12-19 07:00:00,41.58,44.22,41.1,41.1,1371800,LPB
2025-12-22 07:00:00,41.39,42.0,40.82,41.58,2655200,LPB
2025-12-23 07:00:00,41.81,41.81,38.98,39.5,12622600,LPB
2025-12-24 07:00:00,39.69,41.44,39.69,40.44,2615700,LPB
2025-12-25 07:00:00,40.63,40.92,39.69,39.69,2288000,LPB
2025-12-26 07:00:00,39.78,40.16,39.22,39.22,2093000,LPB
2025-12-29 07:00:00,39.22,39.83,39.17,39.5,1171100,LPB
2025-12-30 07:00:00,39.64,39.64,39.31,39.59,817300,LPB
2025-12-31 07:00:00,39.74,39.74,39.17,39.5,2465100,LPB
2026-01-05 07:00:00,39.69,39.97,37.7,38.27,4157300,LPB
2026-01-06 07:00:00,38.46,39.55,38.32,39.4,4415000,LPB
2026-01-07 07:00:00,39.59,40.16,39.36,39.78,1271400,LPB
2026-01-08 07:00:00,39.88,39.97,39.12,39.69,1923900,LPB
2026-01-09 07:00:00,39.78,40.16,38.7,38.93,2099000,LPB
2026-01-12 07:00:00,39.12,40.11,39.03,40.07,2299400,LPB
2026-01-13 07:00:00,40.44,40.44,39.03,39.59,2377800,LPB
2026-01-14 07:00:00,39.78,39.88,38.98,39.4,1518900,LPB
2026-01-15 07:00:00,39.55,39.78,38.74,39.22,1812900,LPB
2026-01-16 07:00:00,39.31,39.83,38.93,39.45,1930100,LPB
2026-01-19 07:00:00,39.59,39.78,39.07,39.26,863600,LPB
2026-01-20 07:00:00,39.4,40.87,39.07,40.02,2707000,LPB
2026-01-21 07:00:00,40.16,42.52,40.16,40.59,3086500,LPB
2026-01-22 07:00:00,40.59,41.58,40.54,40.92,2487900,LPB
2026-01-23 07:00:00,41.48,41.48,39.59,40.07,1914200,LPB
2026-01-26 07:00:00,40.26,40.92,39.22,39.59,1421000,LPB
2026-01-27 07:00:00,39.69,40.21,39.59,39.69,1433100,LPB
2026-01-28 07:00:00,39.88,40.16,39.45,39.69,992500,LPB
2026-01-29 07:00:00,39.83,40.11,39.22,39.4,801400,LPB
2026-01-30 07:00:00,39.59,40.26,39.22,39.36,1478700,LPB
2026-02-02 07:00:00,39.22,39.88,38.51,39.69,1414600,LPB
2026-02-03 07:00:00,39.88,40.02,39.22,39.26,1040300,LPB
2026-02-04 07:00:00,39.4,39.88,39.4,39.88,1567200,LPB
2026-02-05 07:00:00,40.44,40.44,38.74,38.74,1331700,LPB
2026-02-06 07:00:00,38.84,39.59,38.18,39.59,1869700,LPB
2026-02-09 07:00:00,39.74,39.97,39.4,39.55,817400,LPB
2026-02-10 07:00:00,39.69,39.83,39.03,39.5,1588400,LPB
2026-02-11 07:00:00,39.64,39.92,39.36,39.74,1276800,LPB
2026-02-12 07:00:00,39.88,39.88,39.36,39.55,458300,LPB
2026-02-13 07:00:00,39.64,40.35,38.79,39.74,2457800,LPB
2026-02-23 07:00:00,40.49,40.49,40.02,40.21,722700,LPB
2026-02-24 07:00:00,40.26,40.59,39.78,40.26,1326400,LPB
2026-02-25 07:00:00,40.3,40.49,39.74,39.97,1826400,LPB
2026-02-26 07:00:00,40.21,41.34,39.88,40.78,3105500,LPB
2026-02-27 07:00:00,41.1,41.86,40.4,40.68,1473700,LPB
2026-03-02 07:00:00,40.59,40.63,39.59,39.59,1500700,LPB
2026-03-03 07:00:00,40.35,40.35,39.22,40.07,1332600,LPB
2026-03-04 07:00:00,40.07,40.73,39.22,40.73,2091600,LPB
2026-03-05 07:00:00,41.1,41.1,39.69,40.49,1933300,LPB
2026-03-06 07:00:00,40.54,40.54,39.55,39.92,1469300,LPB
2026-03-09 07:00:00,39.69,39.74,37.33,38.13,1982400,LPB
2026-03-10 07:00:00,38.65,39.12,37.33,38.36,2403800,LPB
2026-03-11 07:00:00,38.32,39.5,37.61,39.4,2275300,LPB
2026-03-12 07:00:00,39.22,39.31,38.36,38.84,2167300,LPB
2026-03-13 07:00:00,38.84,39.5,38.65,39.22,1678600,LPB
2026-03-16 07:00:00,39.31,39.69,38.65,39.69,1219100,LPB
2026-03-17 07:00:00,39.97,41.67,39.88,40.96,3410600,LPB
2026-03-18 07:00:00,41.34,42.05,40.92,41.25,2196800,LPB
2026-03-19 07:00:00,41.25,41.48,39.22,41.48,4447600,LPB
2026-03-20 07:00:00,41.48,41.58,38.79,38.84,1920100,LPB
2026-03-23 07:00:00,38.84,40.21,38.7,38.88,745300,LPB
2026-03-24 07:00:00,39.03,39.64,38.7,39.59,1020400,LPB
2026-03-25 07:00:00,39.69,39.97,39.17,39.5,953700,LPB
2026-03-26 07:00:00,39.59,39.69,39.17,39.5,636800,LPB
2026-03-27 07:00:00,39.5,39.88,39.4,39.5,1152800,LPB
2026-03-30 07:00:00,39.5,39.78,38.93,39.64,1047100,LPB
2026-03-31 07:00:00,39.74,40.02,39.22,39.59,1068300,LPB
2026-04-01 07:00:00,39.97,40.35,39.64,40.07,1737100,LPB
2026-04-02 07:00:00,40.26,40.26,39.17,39.5,995000,LPB
2026-04-03 07:00:00,39.5,41.1,39.5,40.73,2029400,LPB
2026-04-06 07:00:00,41.1,43.56,40.96,43.56,4021800,LPB
2026-04-07 07:00:00,44.04,45.88,43.85,45.36,3622800,LPB
2026-04-08 07:00:00,46.3,47.25,44.84,44.88,1739200,LPB
2026-04-09 07:00:00,44.98,46.68,44.65,45.36,1644100,LPB
2026-04-10 07:00:00,46.63,47.11,45.36,46.59,2186400,LPB
2026-04-13 07:00:00,46.68,47.34,45.22,45.31,1836000,LPB
2026-04-14 07:00:00,45.83,47.11,45.36,45.36,1889000,LPB
2026-04-15 07:00:00,45.92,46.02,45.07,45.07,985700,LPB
2026-04-16 07:00:00,45.31,45.31,44.46,44.7,814900,LPB
2026-04-17 07:00:00,45.26,45.26,43.47,43.47,1228900,LPB
2026-04-20 07:00:00,44.13,45.17,43.47,43.47,1073800,LPB
2026-04-21 07:00:00,43.99,46.11,43.66,44.46,1904500,LPB
2026-04-22 07:00:00,44.74,44.74,43.61,44.41,1627100,LPB
2026-04-23 07:00:00,44.65,44.79,43.89,43.94,1123000,LPB
2026-04-24 07:00:00,44.41,44.41,43.28,43.75,586300,LPB
2026-04-28 07:00:00,43.75,44.22,42.66,43.09,952100,LPB
2026-04-29 07:00:00,43.09,44.84,42.81,44.7,1345800,LPB
2026-05-04 07:00:00,44.7,45.07,43.85,44.41,813100,LPB
2026-05-05 07:00:00,44.6,45.83,44.32,45.45,1469600,LPB
2026-05-06 07:00:00,46.3,46.96,45.64,46.68,1457400,LPB
2026-05-07 07:00:00,46.78,49.33,46.54,48.38,2480800,LPB
2026-05-08 07:00:00,48.48,50.08,48.1,48.95,1675800,LPB
2026-05-11 07:00:00,48.95,50.56,47.53,49.89,1723700,LPB
2026-05-12 07:00:00,49.89,51.69,49.33,51.5,2493500,LPB
2026-05-13 07:00:00,55.09,55.09,51.31,51.5,2136300,LPB
2026-05-14 07:00:00,51.8,52.7,51.0,52.1,856800,LPB
2026-05-15 07:00:00,52.0,53.1,51.3,51.5,996300,LPB
2026-05-18 07:00:00,51.5,52.7,51.0,52.3,962300,LPB
2026-05-19 07:00:00,52.4,53.0,51.4,51.6,903000,LPB
2026-05-20 07:00:00,51.6,52.8,51.6,52.3,1000700,LPB
2026-05-21 07:00:00,52.8,54.0,52.5,53.2,2992700,LPB
2026-05-22 07:00:00,54.5,54.5,53.0,53.2,565600,LPB
2026-05-25 07:00:00,53.2,54.8,53.2,54.0,1171200,LPB
2026-05-26 07:00:00,54.7,54.7,53.9,54.1,478200,LPB
2026-05-27 07:00:00,54.5,55.0,54.0,54.0,1250500,LPB
2026-05-28 07:00:00,54.0,54.6,53.0,53.0,1104900,LPB
2026-05-29 07:00:00,53.0,54.1,52.0,52.0,923600,LPB
2026-06-01 07:00:00,52.0,52.4,51.8,51.8,620700,LPB
2026-06-02 07:00:00,51.8,52.0,50.9,50.9,1465100,LPB
2026-06-03 07:00:00,50.9,51.8,48.0,48.0,1573000,LPB
2026-06-04 07:00:00,48.0,48.25,45.7,46.45,1626700,LPB
2026-06-05 07:00:00,46.55,47.2,45.1,45.65,1405300,LPB
2026-06-08 07:00:00,46.9,48.3,46.0,46.3,900400,LPB
2026-06-09 07:00:00,46.3,47.0,46.0,46.4,616800,LPB
2026-06-10 07:00:00,46.4,46.95,46.05,46.6,555200,LPB
2026-06-11 07:00:00,46.6,46.6,46.05,46.05,306900,LPB
2026-06-12 07:00:00,46.15,47.5,45.1,45.5,736700,LPB
2026-06-15 07:00:00,45.6,46.55,45.5,46.2,443600,LPB
2026-06-16 07:00:00,46.2,46.5,46.0,46.45,443800,LPB
2026-06-17 07:00:00,46.45,47.0,46.15,46.9,604500,LPB
2026-06-18 07:00:00,46.7,47.5,45.45,47.05,1301700,LPB
2026-06-19 07:00:00,47.05,49.6,46.5,48.0,1555700,LPB
2026-06-22 07:00:00,49.3,50.0,48.1,49.2,4247700,LPB
2026-06-23 07:00:00,50.5,52.6,50.2,52.6,7347600,LPB
2026-06-24 07:00:00,56.2,56.2,54.8,55.5,11865500,LPB
2026-06-25 07:00:00,56.1,58.5,55.5,56.0,3744100,LPB
2026-06-26 07:00:00,56.1,56.2,52.3,53.0,5428200,LPB
2026-06-29 07:00:00,53.0,55.2,52.2,54.7,2194700,LPB
2026-06-30 07:00:00,54.7,55.4,53.5,53.5,2026200,LPB
2026-07-01 07:00:00,53.9,54.3,52.8,53.1,1406000,LPB
2026-07-02 07:00:00,53.9,53.9,52.0,52.1,1704500,LPB
2026-07-03 07:00:00,52.1,52.3,50.8,51.0,2053500,LPB
2026-07-06 07:00:00,51.0,52.8,51.0,51.3,1773300,LPB
2026-07-07 07:00:00,52.0,53.8,51.7,53.8,1716400,LPB
2026-07-08 07:00:00,53.8,53.8,52.5,53.1,1679600,LPB
2026-07-09 07:00:00,52.8,53.4,52.4,52.4,940400,LPB
2026-07-10 07:00:00,52.4,54.2,52.4,53.4,2495600,LPB
2026-07-13 07:00:00,53.3,54.0,51.5,51.6,2166000,LPB
2026-07-14 07:00:00,51.7,52.5,50.1,51.5,2294600,LPB
2026-07-15 07:00:00,51.6,52.5,50.7,51.5,2313000,LPB
2026-07-16 07:00:00,51.5,52.4,51.3,52.0,1650400,LPB
2026-07-17 07:00:00,52.3,53.7,51.3,52.9,7957300,LPB
2026-07-20 07:00:00,52.9,53.5,52.5,53.5,2439700,LPB
2026-07-21 07:00:00,53.8,56.0,53.3,54.6,6305000,LPB
2026-07-22 07:00:00,54.8,55.3,53.5,54.4,4198900,LPB
2026-07-23 07:00:00,54.9,55.0,53.3,53.3,2895000,LPB
2026-07-24 07:00:00,53.0,53.8,51.9,52.4,2238700,LPB
2026-07-27 07:00:00,53.5,56.0,53.2,54.0,5562100,LPB
2026-07-28 07:00:00,54.1,54.8,53.5,53.5,2567200,LPB
2026-07-29 07:00:00,52.8,53.4,52.2,52.6,3255600,LPB
2026-07-30 07:00:00,52.1,53.8,51.7,52.6,3833400,LPB
2026-07-31 07:00:00,52.1,53.5,51.8,51.8,3615100,LPB
2026-08-03 07:00:00,52.1,54.0,52.1,53.0,2566500,LPB
2026-08-04 07:00:00,53.2,53.8,52.5,53.8,2652500,LPB
2026-08-05 07:00:00,54.3,54.3,52.8,53.0,2718100,LPB
2026-08-06 07:00:00,53.2,53.3,51.3,52.0,3547400,LPB
2026-08-07 07:00:00,52.0,53.4,51.9,52.9,1652400,LPB
2026-08-10 07:00:00,52.9,53.1,52.0,52.3,1775300,LPB
2026-08-11 07:00:00,52.8,53.8,52.3,53.7,2583500,LPB
2026-08-12 07:00:00,53.7,54.5,53.3,53.8,2826100,LPB
2026-08-13 07:00:00,53.8,54.4,52.5,53.8,4127800,LPB
2026-08-14 07:00:00,53.7,54.0,52.0,52.4,4371400,LPB
2026-08-17 07:00:00,52.9,52.9,50.1,50.9,4559600,LPB
2026-08-18 07:00:00,51.1,51.5,50.0,50.0,3176200,LPB
2026-08-19 07:00:00,50.3,51.3,50.0,50.7,1255600,LPB
2026-08-20 07:00:00,51.0,51.3,49.65,50.0,2725200,LPB
2026-08-21 07:00:00,49.8,50.5,48.5,50.0,3868700,LPB
2026-08-24 07:00:00,51.0,51.0,48.5,49.1,3938800,LPB
2026-08-25 07:00:00,49.15,50.6,49.1,49.8,3212500,LPB
2026-08-26 07:00:00,50.0,50.2,48.7,49.6,4104500,LPB
2026-08-27 07:00:00,49.3,49.8,49.1,49.4,1845400,LPB
2026-08-28 07:00:00,49.7,50.5,49.35,49.95,3031000,LPB
2026-09-03 07:00:00,49.95,50.0,48.0,48.8,3233600,LPB
2026-09-04 07:00:00,48.7,49.25,48.45,49.0,1968700,LPB
2026-09-07 07:00:00,49.0,50.0,48.85,49.65,1913700,LPB
2026-09-08 07:00:00,49.75,49.75,48.3,49.0,2628400,LPB
2026-09-09 07:00:00,49.15,49.2,48.05,48.15,2145700,LPB
2026-09-10 07:00:00,48.15,48.55,47.3,48.15,2421000,LPB
2026-09-11 07:00:00,48.0,48.0,46.5,46.7,2241800,LPB
2026-09-14 07:00:00,46.75,47.25,45.7,46.0,2221000,LPB
2026-09-15 07:00:00,46.15,47.9,46.15,47.5,1992500,LPB
2026-09-16 07:00:00,47.75,47.75,46.1,46.55,2598300,LPB
2026-09-17 07:00:00,46.2,47.5,46.2,47.5,2877200,LPB
2026-09-18 07:00:00,47.5,48.4,47.45,48.0,2092200,LPB
2026-09-21 07:00:00,48.1,48.1,46.1,46.1,2490000,LPB
2026-09-22 07:00:00,46.2,46.6,45.9,46.3,1651200,LPB
2026-09-23 07:00:00,46.3,46.35,46.05,46.2,135800,LPB
