time,open,high,low,close,volume,ticker
2019-01-02 07:00:00,63.92,63.92,63.35,63.68,433670,MSN
2019-01-03 07:00:00,63.92,63.92,62.87,63.19,565640,MSN
2019-01-04 07:00:00,62.38,62.79,61.17,61.73,463070,MSN
2019-01-07 07:00:00,63.27,63.6,62.54,63.35,336380,MSN
2019-01-08 07:00:00,63.35,64.08,63.27,64.0,279810,MSN
2019-01-09 07:00:00,64.0,64.65,63.92,64.0,339530,MSN
2019-01-10 07:00:00,64.0,65.7,64.0,64.97,450900,MSN
2019-01-11 07:00:00,65.05,65.78,64.81,65.38,452300,MSN
2019-01-14 07:00:00,65.38,65.86,65.05,65.22,268810,MSN
2019-01-15 07:00:00,65.3,66.43,65.14,66.35,403800,MSN
2019-01-16 07:00:00,66.43,66.92,65.95,65.95,483100,MSN
2019-01-17 07:00:00,65.86,66.51,64.97,64.97,320060,MSN
2019-01-18 07:00:00,64.97,65.95,64.97,65.62,359080,MSN
2019-01-21 07:00:00,65.62,65.86,65.3,65.46,266000,MSN
2019-01-22 07:00:00,65.46,65.54,64.89,64.89,115780,MSN
2019-01-23 07:00:00,64.89,64.89,63.19,63.19,707690,MSN
2019-01-24 07:00:00,63.76,63.92,62.79,63.19,435690,MSN
2019-01-25 07:00:00,63.19,63.68,63.03,63.43,677540,MSN
2019-01-28 07:00:00,63.43,64.24,63.43,64.08,749070,MSN
2019-01-29 07:00:00,64.81,64.81,64.16,64.41,604480,MSN
2019-01-30 07:00:00,64.08,64.49,64.08,64.08,591400,MSN
2019-01-31 07:00:00,64.33,64.49,62.95,62.95,721900,MSN
2019-02-01 07:00:00,63.19,63.68,62.79,63.52,679540,MSN
2019-02-11 07:00:00,64.73,66.59,64.65,64.97,1094450,MSN
2019-02-12 07:00:00,66.03,67.24,65.46,66.67,1032810,MSN
2019-02-13 07:00:00,66.67,69.59,66.67,69.59,1361490,MSN
2019-02-14 07:00:00,69.59,70.0,68.05,69.67,1451830,MSN
2019-02-15 07:00:00,69.51,69.51,68.54,68.62,779850,MSN
2019-02-18 07:00:00,68.86,69.27,68.78,69.19,659240,MSN
2019-02-19 07:00:00,68.94,70.16,68.94,70.08,1121720,MSN
2019-02-20 07:00:00,69.67,70.0,69.51,69.67,1131460,MSN
2019-02-21 07:00:00,69.92,72.83,69.92,72.67,2224960,MSN
2019-02-22 07:00:00,72.83,73.72,71.62,71.62,1234210,MSN
2019-02-25 07:00:00,74.53,74.53,73.32,73.89,1139980,MSN
2019-02-26 07:00:00,73.8,73.89,71.62,72.91,902730,MSN
2019-02-27 07:00:00,72.99,73.64,72.75,72.83,788910,MSN
2019-02-28 07:00:00,72.83,72.83,71.7,72.02,835220,MSN
2019-03-01 07:00:00,72.1,72.26,71.45,72.1,683440,MSN
2019-03-04 07:00:00,72.18,74.05,72.1,72.51,1284390,MSN
2019-03-05 07:00:00,72.51,73.64,72.35,72.43,772090,MSN
2019-03-06 07:00:00,72.91,73.08,72.35,72.91,695520,MSN
2019-03-07 07:00:00,73.48,73.72,72.75,72.91,947510,MSN
2019-03-08 07:00:00,72.18,72.91,71.7,72.75,469730,MSN
2019-03-11 07:00:00,71.37,72.67,71.37,72.59,602350,MSN
2019-03-12 07:00:00,72.59,72.91,71.37,71.7,653990,MSN
2019-03-13 07:00:00,71.7,72.51,71.7,72.1,1014640,MSN
2019-03-14 07:00:00,72.1,72.35,71.78,71.78,201760,MSN
2019-03-15 07:00:00,71.78,72.1,69.11,70.08,1372560,MSN
2019-03-18 07:00:00,70.08,70.97,68.7,70.32,766250,MSN
2019-03-19 07:00:00,70.73,70.73,69.67,70.48,442460,MSN
2019-03-20 07:00:00,69.11,69.83,68.05,68.86,591560,MSN
2019-03-21 07:00:00,68.94,69.19,68.3,68.86,665060,MSN
2019-03-22 07:00:00,68.78,69.11,68.46,68.46,759190,MSN
2019-03-25 07:00:00,67.24,67.81,66.51,66.59,488150,MSN
2019-03-26 07:00:00,66.59,68.05,66.59,67.32,488320,MSN
2019-03-27 07:00:00,67.32,69.02,67.32,68.86,455910,MSN
2019-03-28 07:00:00,68.86,68.86,68.21,68.86,395730,MSN
2019-03-29 07:00:00,68.86,70.4,68.3,68.3,756010,MSN
2019-04-01 07:00:00,69.35,71.29,69.02,71.29,515710,MSN
2019-04-02 07:00:00,71.54,71.78,69.92,71.37,393200,MSN
2019-04-03 07:00:00,71.37,71.37,70.48,71.05,303680,MSN
2019-04-04 07:00:00,70.56,71.37,70.56,71.13,336280,MSN
2019-04-05 07:00:00,71.13,71.94,71.13,71.54,231110,MSN
2019-04-08 07:00:00,71.29,71.7,69.51,71.54,582440,MSN
2019-04-09 07:00:00,71.86,71.86,70.48,70.89,280380,MSN
2019-04-10 07:00:00,69.02,70.48,69.02,70.24,292050,MSN
2019-04-11 07:00:00,70.24,71.29,70.24,71.05,188220,MSN
2019-04-12 07:00:00,71.13,71.37,70.48,71.13,95630,MSN
2019-04-16 07:00:00,69.67,71.37,69.19,71.13,290800,MSN
2019-04-17 07:00:00,71.13,71.37,70.48,71.29,730310,MSN
2019-04-18 07:00:00,69.75,71.21,69.67,69.67,407720,MSN
2019-04-19 07:00:00,69.67,71.29,69.67,70.97,57480,MSN
2019-04-22 07:00:00,70.97,71.29,70.89,71.21,292240,MSN
2019-04-23 07:00:00,70.56,71.29,70.56,71.21,338520,MSN
2019-04-24 07:00:00,70.16,71.37,70.16,71.29,573510,MSN
2019-04-25 07:00:00,71.29,71.29,70.56,70.81,271410,MSN
2019-04-26 07:00:00,70.48,70.81,70.0,70.4,284150,MSN
2019-05-02 07:00:00,70.48,71.7,70.08,71.7,678660,MSN
2019-05-03 07:00:00,71.86,73.24,70.73,71.78,868120,MSN
2019-05-06 07:00:00,71.62,71.62,70.08,70.48,90180,MSN
2019-05-07 07:00:00,70.48,71.86,70.48,71.21,337420,MSN
2019-05-08 07:00:00,70.48,71.7,70.48,71.13,509850,MSN
2019-05-09 07:00:00,71.13,71.45,70.89,71.05,221500,MSN
2019-05-10 07:00:00,70.56,71.54,70.56,70.89,189070,MSN
2019-05-13 07:00:00,70.89,71.21,70.24,70.24,291940,MSN
2019-05-14 07:00:00,68.13,71.13,68.13,70.08,327800,MSN
2019-05-15 07:00:00,70.08,71.7,70.08,71.13,202520,MSN
2019-05-16 07:00:00,71.13,71.54,70.48,70.48,359320,MSN
2019-05-17 07:00:00,69.83,71.13,69.83,70.08,419260,MSN
2019-05-20 07:00:00,70.16,71.45,70.08,71.29,396980,MSN
2019-05-21 07:00:00,71.29,74.21,71.29,73.97,976350,MSN
2019-05-22 07:00:00,72.91,74.21,72.75,72.91,436560,MSN
2019-05-23 07:00:00,72.75,73.56,72.1,72.91,254800,MSN
2019-05-24 07:00:00,72.91,73.32,70.64,70.64,687440,MSN
2019-05-27 07:00:00,70.56,71.94,70.56,71.62,353840,MSN
2019-05-28 07:00:00,71.29,71.7,70.08,70.48,642340,MSN
2019-05-29 07:00:00,70.16,71.05,70.08,70.73,313820,MSN
2019-05-30 07:00:00,70.73,71.13,69.27,69.27,309190,MSN
2019-05-31 07:00:00,69.35,70.32,69.35,69.51,463440,MSN
2019-06-03 07:00:00,69.51,70.0,68.86,68.86,381730,MSN
2019-06-04 07:00:00,68.86,69.35,67.65,68.86,326580,MSN
2019-06-05 07:00:00,69.59,69.59,68.86,68.86,214360,MSN
2019-06-06 07:00:00,68.54,69.27,68.54,69.02,254610,MSN
2019-06-07 07:00:00,69.27,70.4,68.86,69.67,293020,MSN
2019-06-10 07:00:00,70.48,70.48,69.35,70.24,435320,MSN
2019-06-11 07:00:00,70.24,70.32,69.67,69.67,226860,MSN
2019-06-12 07:00:00,70.08,70.08,68.86,68.86,209690,MSN
2019-06-13 07:00:00,68.86,69.83,68.3,68.46,111480,MSN
2019-06-14 07:00:00,68.86,68.86,67.73,68.21,248270,MSN
2019-06-17 07:00:00,67.49,68.7,67.24,67.65,334140,MSN
2019-06-18 07:00:00,67.57,67.81,66.11,66.43,471770,MSN
2019-06-19 07:00:00,67.08,67.57,66.43,67.08,267320,MSN
2019-06-20 07:00:00,66.84,68.46,66.67,66.84,313420,MSN
2019-06-21 07:00:00,66.84,68.05,66.76,68.05,739810,MSN
2019-06-24 07:00:00,68.05,69.27,63.35,68.13,292000,MSN
2019-06-25 07:00:00,68.05,68.62,68.05,68.05,246500,MSN
2019-06-26 07:00:00,67.89,69.27,67.89,69.27,273640,MSN
2019-06-27 07:00:00,68.62,69.35,66.43,66.43,598870,MSN
2019-06-28 07:00:00,67.24,67.24,66.03,67.24,513210,MSN
2019-07-01 07:00:00,68.05,69.35,67.97,69.35,329720,MSN
2019-07-02 07:00:00,69.35,69.35,68.54,68.54,143850,MSN
2019-07-03 07:00:00,68.54,68.78,67.4,68.46,391950,MSN
2019-07-04 07:00:00,68.46,69.02,68.3,69.02,305720,MSN
2019-07-05 07:00:00,68.78,69.02,68.21,68.86,96600,MSN
2019-07-08 07:00:00,68.13,68.62,67.65,68.46,395430,MSN
2019-07-09 07:00:00,68.05,68.46,67.97,68.21,195010,MSN
2019-07-10 07:00:00,68.21,68.54,67.89,68.21,271130,MSN
2019-07-11 07:00:00,68.21,68.46,66.84,66.84,585230,MSN
2019-07-12 07:00:00,66.84,67.89,66.03,66.03,447220,MSN
2019-07-15 07:00:00,66.84,66.03,64.33,64.73,679300,MSN
2019-07-16 07:00:00,64.81,65.54,64.81,65.14,275440,MSN
2019-07-17 07:00:00,65.38,65.38,64.41,64.65,543700,MSN
2019-07-18 07:00:00,63.92,64.81,60.76,61.41,1683640,MSN
2019-07-19 07:00:00,61.57,63.03,61.41,62.95,512090,MSN
2019-07-22 07:00:00,62.95,64.73,62.95,64.16,473610,MSN
2019-07-23 07:00:00,63.35,64.57,63.19,64.49,756340,MSN
2019-07-24 07:00:00,64.73,65.54,64.49,65.38,523110,MSN
2019-07-25 07:00:00,65.05,65.86,64.73,65.46,322150,MSN
2019-07-26 07:00:00,65.46,65.54,64.73,65.54,342240,MSN
2019-07-29 07:00:00,65.38,65.62,64.89,65.62,354020,MSN
2019-07-30 07:00:00,65.62,65.7,64.73,64.73,345050,MSN
2019-07-31 07:00:00,64.0,64.81,63.68,64.81,691960,MSN
2019-08-01 07:00:00,64.81,65.38,64.73,64.89,367740,MSN
2019-08-02 07:00:00,64.0,64.81,64.0,64.0,328940,MSN
2019-08-05 07:00:00,63.35,64.0,62.22,62.22,794840,MSN
2019-08-06 07:00:00,61.98,62.06,60.52,60.76,1021670,MSN
2019-08-07 07:00:00,61.98,61.9,59.63,60.6,890330,MSN
2019-08-08 07:00:00,59.63,60.6,58.98,60.6,800350,MSN
2019-08-09 07:00:00,60.68,61.9,60.68,61.65,459400,MSN
2019-08-12 07:00:00,61.57,61.98,61.17,61.57,258890,MSN
2019-08-13 07:00:00,61.57,61.57,60.68,61.25,352420,MSN
2019-08-14 07:00:00,61.98,61.98,61.25,61.25,432980,MSN
2019-08-15 07:00:00,60.84,61.65,60.44,61.65,487060,MSN
2019-08-16 07:00:00,60.92,62.79,60.92,62.38,405510,MSN
2019-08-19 07:00:00,62.38,62.79,62.22,62.46,291070,MSN
2019-08-20 07:00:00,62.38,62.38,61.57,61.73,258670,MSN
2019-08-21 07:00:00,61.25,62.62,61.25,62.38,398000,MSN
2019-08-22 07:00:00,62.38,63.19,61.98,63.19,398850,MSN
2019-08-23 07:00:00,63.43,63.43,62.38,62.38,134130,MSN
2019-08-26 07:00:00,61.57,61.98,60.92,61.57,408280,MSN
2019-08-27 07:00:00,61.57,61.98,60.76,60.76,363230,MSN
2019-08-28 07:00:00,60.76,61.41,60.44,60.6,267990,MSN
2019-08-29 07:00:00,60.6,61.17,60.6,60.76,194630,MSN
2019-08-30 07:00:00,60.76,61.41,60.68,61.08,181410,MSN
2019-09-03 07:00:00,61.08,61.08,59.95,59.95,290930,MSN
2019-09-04 07:00:00,61.08,61.17,59.95,60.76,255700,MSN
2019-09-05 07:00:00,60.76,60.92,59.79,60.36,305580,MSN
2019-09-06 07:00:00,60.36,60.76,59.95,59.95,242520,MSN
2019-09-09 07:00:00,59.71,60.6,59.71,59.95,267130,MSN
2019-09-10 07:00:00,59.95,61.9,59.95,61.65,420710,MSN
2019-09-11 07:00:00,61.73,63.35,61.65,63.19,569250,MSN
2019-09-12 07:00:00,63.19,63.19,62.22,62.22,291870,MSN
2019-09-13 07:00:00,61.73,62.14,61.49,61.98,432610,MSN
2019-09-16 07:00:00,61.98,63.19,61.98,63.03,333720,MSN
2019-09-17 07:00:00,63.19,64.49,63.03,64.41,604250,MSN
2019-09-18 07:00:00,64.41,65.54,64.0,65.54,906280,MSN
2019-09-19 07:00:00,65.54,65.62,64.65,64.97,548790,MSN
2019-09-20 07:00:00,64.89,64.97,64.08,64.97,816210,MSN
2019-09-23 07:00:00,64.97,65.54,64.73,64.81,485650,MSN
2019-09-24 07:00:00,64.73,64.73,63.52,64.0,561260,MSN
2019-09-25 07:00:00,64.0,64.16,63.68,64.0,257150,MSN
2019-09-26 07:00:00,63.84,64.0,63.43,63.6,220020,MSN
2019-09-27 07:00:00,64.0,64.73,63.76,64.33,570790,MSN
2019-09-30 07:00:00,64.33,64.41,63.6,63.6,562880,MSN
2019-10-01 07:00:00,64.0,64.08,63.27,63.84,246870,MSN
2019-10-02 07:00:00,64.0,64.0,62.38,62.38,700310,MSN
2019-10-03 07:00:00,62.38,63.19,61.9,63.19,390570,MSN
2019-10-04 07:00:00,63.19,63.6,62.46,62.71,165650,MSN
2019-10-07 07:00:00,62.71,62.95,61.98,61.98,357580,MSN
2019-10-08 07:00:00,62.22,62.79,62.06,62.3,258070,MSN
2019-10-09 07:00:00,62.3,62.54,62.06,62.38,223030,MSN
2019-10-10 07:00:00,62.38,62.79,62.14,62.38,417560,MSN
2019-10-11 07:00:00,62.62,62.71,62.22,62.38,560570,MSN
2019-10-14 07:00:00,62.54,62.71,62.06,62.06,199640,MSN
2019-10-15 07:00:00,62.06,63.76,62.06,63.35,411850,MSN
2019-10-16 07:00:00,63.6,63.6,63.03,63.03,323340,MSN
2019-10-17 07:00:00,63.03,63.19,62.38,62.38,818380,MSN
2019-10-18 07:00:00,62.38,62.79,61.57,61.57,448610,MSN
2019-10-21 07:00:00,61.57,61.57,60.52,60.76,769240,MSN
2019-10-22 07:00:00,60.76,61.08,60.03,60.27,431650,MSN
2019-10-23 07:00:00,60.36,61.57,60.36,61.41,387600,MSN
2019-10-24 07:00:00,61.57,61.57,60.92,61.25,272770,MSN
2019-10-25 07:00:00,61.25,61.25,60.36,60.44,479400,MSN
2019-10-28 07:00:00,60.52,60.76,60.36,60.36,502510,MSN
2019-10-29 07:00:00,60.36,60.68,59.95,59.95,483230,MSN
2019-10-30 07:00:00,60.44,60.6,59.79,59.95,638330,MSN
2019-10-31 07:00:00,60.76,61.0,59.79,60.11,908640,MSN
2019-11-01 07:00:00,60.36,61.57,60.36,61.33,1597000,MSN
2019-11-04 07:00:00,61.73,62.46,61.73,61.81,890560,MSN
2019-11-05 07:00:00,61.81,61.9,61.25,61.57,764730,MSN
2019-11-06 07:00:00,61.49,62.14,61.49,61.57,537760,MSN
2019-11-07 07:00:00,61.57,61.98,61.33,61.98,431590,MSN
2019-11-08 07:00:00,62.54,62.71,62.06,62.22,586260,MSN
2019-11-11 07:00:00,62.14,62.14,60.36,60.36,1140280,MSN
2019-11-12 07:00:00,60.44,60.92,60.36,60.76,399080,MSN
2019-11-13 07:00:00,60.92,60.92,60.19,60.19,645910,MSN
2019-11-14 07:00:00,60.27,61.0,60.27,60.92,477280,MSN
2019-11-15 07:00:00,60.92,60.92,60.36,60.36,275160,MSN
2019-11-18 07:00:00,60.76,60.76,60.27,60.27,222090,MSN
2019-11-19 07:00:00,60.36,60.68,59.87,59.95,542900,MSN
2019-11-20 07:00:00,59.95,60.36,59.63,59.63,283120,MSN
2019-11-21 07:00:00,59.14,59.79,57.93,57.93,843260,MSN
2019-11-22 07:00:00,58.82,59.06,56.63,57.12,797010,MSN
2019-11-25 07:00:00,57.2,58.01,57.12,57.93,311430,MSN
2019-11-26 07:00:00,58.17,58.82,57.93,57.93,561680,MSN
2019-11-27 07:00:00,57.93,58.33,57.44,57.52,213600,MSN
2019-11-28 07:00:00,57.2,57.52,55.58,56.31,608710,MSN
2019-11-29 07:00:00,56.31,57.03,55.82,56.71,302310,MSN
2019-12-02 07:00:00,57.12,57.12,55.9,55.9,273550,MSN
2019-12-03 07:00:00,55.66,55.98,52.01,52.01,2271640,MSN
2019-12-04 07:00:00,51.93,52.01,48.53,50.63,5523420,MSN
2019-12-05 07:00:00,50.63,50.63,49.01,50.23,1458980,MSN
2019-12-06 07:00:00,49.82,51.61,49.66,50.63,1617700,MSN
2019-12-09 07:00:00,50.47,50.55,48.85,49.01,1422780,MSN
2019-12-10 07:00:00,49.01,49.34,45.85,45.85,2722140,MSN
2019-12-11 07:00:00,45.53,46.58,44.07,45.13,2330190,MSN
2019-12-12 07:00:00,45.37,47.64,45.37,47.39,1874500,MSN
2019-12-13 07:00:00,47.8,48.12,46.18,46.99,1736100,MSN
2019-12-16 07:00:00,46.42,46.83,45.94,45.94,1297380,MSN
2019-12-17 07:00:00,46.02,46.1,45.13,45.45,1132900,MSN
2019-12-18 07:00:00,45.37,46.18,44.56,45.69,1110730,MSN
2019-12-19 07:00:00,45.37,45.69,44.96,45.04,831960,MSN
2019-12-20 07:00:00,45.04,45.13,44.23,44.56,1799670,MSN
2019-12-23 07:00:00,45.04,45.29,41.8,41.8,2225100,MSN
2019-12-24 07:00:00,41.88,44.31,40.67,44.15,1401890,MSN
2019-12-25 07:00:00,44.4,45.53,44.15,45.13,1310750,MSN
2019-12-26 07:00:00,44.56,47.07,44.48,46.18,1900250,MSN
2019-12-27 07:00:00,45.77,46.5,45.37,46.1,629490,MSN
2019-12-30 07:00:00,46.18,46.99,46.02,46.26,887370,MSN
2019-12-31 07:00:00,46.26,46.42,45.29,45.77,695750,MSN
2020-01-02 07:00:00,46.1,46.5,45.61,46.18,518870,MSN
2020-01-03 07:00:00,46.34,46.75,46.02,46.58,777690,MSN
2020-01-06 07:00:00,46.58,46.58,45.85,45.85,582020,MSN
2020-01-07 07:00:00,46.02,46.42,45.94,46.02,319680,MSN
2020-01-08 07:00:00,45.53,45.77,45.04,45.37,737690,MSN
2020-01-09 07:00:00,45.85,46.34,45.77,46.18,505680,MSN
2020-01-10 07:00:00,46.18,46.75,45.77,45.77,524930,MSN
2020-01-13 07:00:00,45.85,46.26,45.69,46.18,413810,MSN
2020-01-14 07:00:00,46.18,46.42,45.85,45.85,349410,MSN
2020-01-15 07:00:00,46.18,46.18,45.37,45.77,373290,MSN
2020-01-16 07:00:00,45.77,46.1,45.53,45.53,290210,MSN
2020-01-17 07:00:00,45.45,45.69,44.56,44.56,496940,MSN
2020-01-20 07:00:00,44.56,44.64,42.94,43.99,541490,MSN
2020-01-21 07:00:00,43.99,44.48,43.83,44.15,369330,MSN
2020-01-22 07:00:00,43.91,44.23,43.18,43.26,540210,MSN
2020-01-30 07:00:00,42.94,42.94,40.51,40.59,1591110,MSN
2020-01-31 07:00:00,40.51,41.88,40.51,40.59,791350,MSN
2020-02-03 07:00:00,37.83,40.51,37.75,40.51,1290570,MSN
2020-02-04 07:00:00,40.59,41.32,40.1,40.51,744900,MSN
2020-02-05 07:00:00,40.91,40.91,39.86,40.51,750710,MSN
2020-02-06 07:00:00,40.47,40.47,38.48,40.43,2389970,MSN
2020-02-07 07:00:00,40.35,40.43,39.54,40.43,932290,MSN
2020-02-10 07:00:00,40.43,40.43,39.54,40.43,600280,MSN
2020-02-11 07:00:00,39.86,41.88,39.86,40.43,2081860,MSN
2020-02-12 07:00:00,40.51,41.07,40.51,40.91,804720,MSN
2020-02-13 07:00:00,41.07,41.24,40.59,40.67,547970,MSN
2020-02-14 07:00:00,40.67,40.67,40.06,40.35,1120310,MSN
2020-02-17 07:00:00,40.35,40.35,39.66,40.26,1492320,MSN
2020-02-18 07:00:00,39.86,40.26,39.86,40.26,591220,MSN
2020-02-19 07:00:00,40.18,41.88,40.18,40.83,1818680,MSN
2020-02-20 07:00:00,41.24,41.64,40.83,41.4,1365480,MSN
2020-02-21 07:00:00,41.72,43.75,41.72,42.94,2061050,MSN
2020-02-24 07:00:00,41.8,42.53,41.32,41.4,1429040,MSN
2020-02-25 07:00:00,40.91,41.56,40.35,40.99,896710,MSN
2020-02-26 07:00:00,40.35,40.75,39.7,40.3,1252450,MSN
2020-02-27 07:00:00,39.86,40.35,39.54,40.26,1642080,MSN
2020-02-28 07:00:00,40.26,40.26,38.64,39.7,2255610,MSN
2020-03-02 07:00:00,39.17,39.7,38.77,39.7,1588150,MSN
2020-03-03 07:00:00,39.86,40.35,39.29,39.7,1225730,MSN
2020-03-04 07:00:00,39.62,39.98,39.41,39.7,909830,MSN
2020-03-05 07:00:00,40.06,42.13,39.82,41.24,1780900,MSN
2020-03-06 07:00:00,41.16,44.07,40.59,44.07,2794380,MSN
2020-03-09 07:00:00,42.94,46.02,41.32,42.13,4205130,MSN
2020-03-10 07:00:00,42.86,43.59,42.13,42.45,2386840,MSN
2020-03-11 07:00:00,43.18,43.18,39.86,40.47,2637580,MSN
2020-03-12 07:00:00,38.24,40.47,37.67,40.47,4072710,MSN
2020-03-13 07:00:00,37.67,40.47,37.67,40.39,3783330,MSN
2020-03-16 07:00:00,39.7,40.35,38.48,40.1,3216820,MSN
2020-03-17 07:00:00,38.89,40.1,38.64,40.1,3877150,MSN
2020-03-18 07:00:00,40.1,40.26,39.54,40.02,2170340,MSN
2020-03-19 07:00:00,39.29,39.86,38.93,39.86,3350310,MSN
2020-03-20 07:00:00,39.7,39.86,38.72,39.86,4120820,MSN
2020-03-23 07:00:00,38.97,39.86,37.59,39.86,5025020,MSN
2020-03-24 07:00:00,39.29,39.78,39.13,39.78,3558350,MSN
2020-03-25 07:00:00,39.7,40.26,39.29,39.78,2857290,MSN
2020-03-26 07:00:00,39.7,39.86,39.33,39.7,2763490,MSN
2020-03-27 07:00:00,39.45,41.32,39.29,39.94,2587920,MSN
2020-03-30 07:00:00,39.29,39.78,39.21,39.78,1378940,MSN
2020-03-31 07:00:00,39.78,40.43,39.05,39.7,3667100,MSN
2020-04-01 07:00:00,39.54,40.51,39.54,39.86,1725880,MSN
2020-04-03 07:00:00,40.18,42.37,40.1,42.37,1841480,MSN
2020-04-06 07:00:00,43.18,45.29,43.02,45.29,2556830,MSN
2020-04-07 07:00:00,46.02,47.31,44.64,46.58,2099700,MSN
2020-04-08 07:00:00,45.45,47.72,44.96,47.72,1338040,MSN
2020-04-09 07:00:00,47.8,48.37,47.07,48.12,2047890,MSN
2020-04-10 07:00:00,47.8,50.63,47.23,48.77,1914340,MSN
2020-04-13 07:00:00,48.77,49.74,47.07,47.07,2106950,MSN
2020-04-14 07:00:00,46.99,49.42,46.34,49.42,1449880,MSN
2020-04-15 07:00:00,49.42,50.47,49.18,49.34,1106350,MSN
2020-04-16 07:00:00,48.28,49.58,48.28,49.26,981480,MSN
2020-04-17 07:00:00,49.42,49.74,49.01,49.09,1417150,MSN
2020-04-20 07:00:00,49.09,49.42,48.12,48.12,1843690,MSN
2020-04-21 07:00:00,47.07,47.64,45.45,45.85,1855040,MSN
2020-04-22 07:00:00,44.96,47.47,44.96,47.15,1062970,MSN
2020-04-23 07:00:00,48.2,48.45,47.15,47.15,842920,MSN
2020-04-24 07:00:00,46.83,48.2,46.34,48.2,1218690,MSN
2020-04-27 07:00:00,48.61,49.01,47.39,47.39,1122520,MSN
2020-04-28 07:00:00,47.39,48.85,46.99,48.37,1095230,MSN
2020-04-29 07:00:00,47.64,48.53,47.64,47.64,830530,MSN
2020-05-04 07:00:00,46.34,47.56,46.26,46.42,1148810,MSN
2020-05-05 07:00:00,46.34,46.58,45.69,45.69,1098980,MSN
2020-05-06 07:00:00,46.18,46.99,45.13,46.99,1019980,MSN
2020-05-07 07:00:00,47.64,47.8,46.99,47.64,780600,MSN
2020-05-08 07:00:00,47.8,50.55,47.72,49.42,3319850,MSN
2020-05-11 07:00:00,51.12,51.12,49.09,51.12,1838950,MSN
2020-05-12 07:00:00,51.04,51.2,50.07,50.23,1028270,MSN
2020-05-13 07:00:00,49.66,50.63,49.01,50.15,1598740,MSN
2020-05-14 07:00:00,49.82,52.82,49.42,51.77,2573510,MSN
2020-05-15 07:00:00,52.25,52.58,50.31,50.31,1305890,MSN
2020-05-18 07:00:00,50.31,50.88,49.74,50.63,840070,MSN
2020-05-19 07:00:00,51.28,52.17,50.63,51.04,1923440,MSN
2020-05-20 07:00:00,50.63,51.77,50.63,51.69,998400,MSN
2020-05-21 07:00:00,51.69,51.85,50.88,51.69,1513470,MSN
2020-05-22 07:00:00,51.44,51.61,50.23,50.23,1310850,MSN
2020-05-25 07:00:00,50.39,50.8,49.82,50.07,1354620,MSN
2020-05-26 07:00:00,50.23,50.88,50.15,50.63,1053240,MSN
2020-05-27 07:00:00,51.2,52.34,50.63,50.63,2189080,MSN
2020-05-28 07:00:00,51.36,51.36,50.55,50.88,797480,MSN
2020-05-29 07:00:00,50.88,50.96,50.39,50.8,698100,MSN
2020-06-01 07:00:00,50.8,51.61,50.8,51.12,1076880,MSN
2020-06-02 07:00:00,51.53,53.31,51.36,51.77,4190080,MSN
2020-06-03 07:00:00,52.25,52.25,51.53,51.85,749700,MSN
2020-06-04 07:00:00,52.34,52.34,51.28,51.44,1528010,MSN
2020-06-05 07:00:00,51.04,51.28,50.63,51.04,1826680,MSN
2020-06-08 07:00:00,51.36,52.17,50.88,51.36,1758860,MSN
2020-06-09 07:00:00,51.44,52.01,50.8,51.04,1614250,MSN
2020-06-10 07:00:00,50.96,51.04,50.63,50.96,1210600,MSN
2020-06-11 07:00:00,51.28,51.93,47.39,47.39,2635700,MSN
2020-06-12 07:00:00,46.18,47.56,46.18,47.39,3042060,MSN
2020-06-15 07:00:00,47.39,47.72,44.8,45.69,2603230,MSN
2020-06-16 07:00:00,46.5,46.83,45.77,46.66,1492420,MSN
2020-06-17 07:00:00,46.99,47.15,46.1,46.58,1155980,MSN
2020-06-18 07:00:00,46.18,46.5,45.29,46.18,928290,MSN
2020-06-19 07:00:00,46.66,46.75,46.18,46.18,2419830,MSN
2020-06-22 07:00:00,46.58,47.39,46.58,47.23,1621780,MSN
2020-06-23 07:00:00,46.99,48.2,46.99,47.31,1453290,MSN
2020-06-24 07:00:00,47.31,47.64,45.77,46.34,935890,MSN
2020-06-25 07:00:00,45.85,46.18,45.53,45.94,1540010,MSN
2020-06-26 07:00:00,45.94,46.91,45.69,45.69,574970,MSN
2020-06-29 07:00:00,45.69,45.69,43.67,44.64,1720440,MSN
2020-06-30 07:00:00,45.29,45.45,43.75,43.83,1378930,MSN
2020-07-01 07:00:00,44.07,45.45,43.75,44.96,965870,MSN
2020-07-02 07:00:00,45.37,46.66,44.96,46.34,1094380,MSN
2020-07-03 07:00:00,46.34,46.91,45.94,46.34,699930,MSN
2020-07-06 07:00:00,46.34,46.99,46.26,46.66,855780,MSN
2020-07-07 07:00:00,46.91,47.31,46.18,46.18,959250,MSN
2020-07-08 07:00:00,46.18,46.58,46.18,46.18,467170,MSN
2020-07-09 07:00:00,46.26,46.75,46.1,46.5,1097650,MSN
2020-07-10 07:00:00,46.5,46.66,45.37,46.1,564900,MSN
2020-07-13 07:00:00,46.18,46.58,45.77,45.85,557920,MSN
2020-07-14 07:00:00,45.69,45.85,45.13,45.37,929240,MSN
2020-07-15 07:00:00,45.77,45.94,45.13,45.13,1250200,MSN
2020-07-16 07:00:00,45.37,46.18,44.96,46.18,978700,MSN
2020-07-17 07:00:00,45.94,46.02,45.37,45.53,759610,MSN
2020-07-20 07:00:00,45.37,45.37,44.56,44.56,944440,MSN
2020-07-21 07:00:00,44.56,45.04,43.99,44.31,1670960,MSN
2020-07-22 07:00:00,44.31,44.72,43.91,43.91,833760,MSN
2020-07-23 07:00:00,43.91,44.23,43.42,43.67,762030,MSN
2020-07-24 07:00:00,43.5,43.67,41.16,42.13,2045780,MSN
2020-07-27 07:00:00,39.62,41.72,39.62,40.1,2819250,MSN
2020-07-28 07:00:00,40.51,41.32,40.1,40.91,1318770,MSN
2020-07-29 07:00:00,40.1,40.51,39.7,39.98,1352670,MSN
2020-07-30 07:00:00,40.43,40.59,40.1,40.35,821650,MSN
2020-07-31 07:00:00,39.78,41.64,39.78,40.91,2195060,MSN
2020-08-03 07:00:00,40.91,42.69,40.91,42.61,1395440,MSN
2020-08-04 07:00:00,43.1,43.99,43.1,43.75,1681090,MSN
2020-08-05 07:00:00,43.34,44.56,43.1,44.56,1810780,MSN
2020-08-06 07:00:00,44.15,44.48,43.5,43.67,1178020,MSN
2020-08-07 07:00:00,43.75,44.4,43.59,43.83,959230,MSN
2020-08-10 07:00:00,43.91,44.48,43.91,44.15,953690,MSN
2020-08-11 07:00:00,44.4,44.4,43.83,44.23,658760,MSN
2020-08-12 07:00:00,43.99,44.4,43.67,43.91,981320,MSN
2020-08-13 07:00:00,43.91,44.23,43.75,44.07,953060,MSN
2020-08-14 07:00:00,44.07,44.15,42.94,43.26,1796510,MSN
2020-08-17 07:00:00,43.26,43.34,42.37,42.94,1099660,MSN
2020-08-18 07:00:00,42.94,42.94,42.37,42.45,771290,MSN
2020-08-19 07:00:00,42.45,42.86,42.21,42.69,867050,MSN
2020-08-20 07:00:00,42.69,42.78,42.13,42.13,1419940,MSN
2020-08-21 07:00:00,42.13,42.86,42.13,42.61,968870,MSN
2020-08-24 07:00:00,42.78,43.75,42.78,43.42,1713810,MSN
2020-08-25 07:00:00,43.75,44.07,43.42,43.42,1698780,MSN
2020-08-26 07:00:00,43.42,43.67,43.18,43.34,883720,MSN
2020-08-27 07:00:00,43.34,43.5,43.26,43.42,816320,MSN
2020-08-28 07:00:00,43.67,44.96,43.5,44.15,2380000,MSN
2020-08-31 07:00:00,44.56,44.96,44.07,44.56,1294650,MSN
2020-09-01 07:00:00,44.56,44.56,43.99,44.23,1624840,MSN
2020-09-03 07:00:00,44.88,44.96,44.31,44.88,1754030,MSN
2020-09-04 07:00:00,44.07,45.77,44.07,45.61,2640190,MSN
2020-09-07 07:00:00,45.85,46.26,44.23,44.23,2265500,MSN
2020-09-08 07:00:00,44.31,44.56,44.07,44.4,1460040,MSN
2020-09-09 07:00:00,43.83,44.88,43.83,44.56,1082410,MSN
2020-09-10 07:00:00,44.88,44.96,44.31,44.4,735560,MSN
2020-09-11 07:00:00,44.23,44.56,43.99,44.56,539780,MSN
2020-09-14 07:00:00,44.56,45.21,44.56,45.04,944590,MSN
2020-09-15 07:00:00,45.04,45.21,44.64,44.88,794620,MSN
2020-09-16 07:00:00,44.88,44.88,44.23,44.48,908870,MSN
2020-09-17 07:00:00,44.48,44.48,43.75,43.75,1241490,MSN
2020-09-18 07:00:00,43.75,44.23,43.75,43.91,1122350,MSN
2020-09-21 07:00:00,44.07,44.4,44.07,44.15,879920,MSN
2020-09-22 07:00:00,44.15,44.23,43.83,43.99,760350,MSN
2020-09-23 07:00:00,44.23,44.88,44.07,44.88,1284870,MSN
2020-09-24 07:00:00,44.64,45.13,44.56,44.56,881030,MSN
2020-09-25 07:00:00,44.56,44.8,44.15,44.31,708340,MSN
2020-09-28 07:00:00,44.31,44.64,44.15,44.31,623360,MSN
2020-09-29 07:00:00,44.48,44.48,43.42,43.42,1283100,MSN
2020-09-30 07:00:00,43.42,44.23,43.42,44.23,843740,MSN
2020-10-01 07:00:00,44.31,44.56,44.23,44.48,964220,MSN
2020-10-02 07:00:00,44.48,44.56,43.59,43.83,1483120,MSN
2020-10-05 07:00:00,44.23,45.53,43.83,45.37,3268020,MSN
2020-10-06 07:00:00,45.69,47.23,45.61,46.99,4400570,MSN
2020-10-07 07:00:00,46.99,50.23,46.91,50.15,6435850,MSN
2020-10-08 07:00:00,49.82,51.77,49.09,51.77,4846470,MSN
2020-10-09 07:00:00,51.44,55.25,50.39,55.17,5339660,MSN
2020-10-12 07:00:00,55.09,56.87,53.87,56.87,5818700,MSN
2020-10-13 07:00:00,56.71,60.84,55.09,60.6,4664240,MSN
2020-10-14 07:00:00,60.52,64.81,59.22,64.81,5066890,MSN
2020-10-15 07:00:00,64.81,67.16,63.43,65.7,5698130,MSN
2020-10-16 07:00:00,65.62,65.62,61.17,64.81,6539150,MSN
2020-10-19 07:00:00,61.73,66.43,61.73,66.43,3072960,MSN
2020-10-20 07:00:00,66.27,67.81,64.81,67.81,4875310,MSN
2020-10-21 07:00:00,67.24,68.78,66.43,67.81,1756450,MSN
2020-10-22 07:00:00,67.08,68.86,66.84,68.86,5130670,MSN
2020-10-23 07:00:00,68.94,69.75,68.46,69.67,3419860,MSN
2020-10-26 07:00:00,68.62,71.21,68.62,71.21,4666520,MSN
2020-10-27 07:00:00,71.29,72.1,68.86,71.21,4042910,MSN
2020-10-28 07:00:00,71.13,71.13,68.21,69.67,4631980,MSN
2020-10-29 07:00:00,67.24,68.86,64.81,68.05,6707870,MSN
2020-10-30 07:00:00,66.59,68.05,64.41,68.05,4060060,MSN
2020-11-02 07:00:00,68.05,68.46,66.67,68.46,3845900,MSN
2020-11-03 07:00:00,68.05,68.3,67.4,68.05,3178300,MSN
2020-11-04 07:00:00,68.05,68.62,67.32,68.21,2008660,MSN
2020-11-05 07:00:00,68.46,71.21,67.89,71.21,1794890,MSN
2020-11-06 07:00:00,71.13,72.83,70.48,72.83,1218300,MSN
2020-11-09 07:00:00,72.91,77.45,72.75,77.45,2470010,MSN
2020-11-10 07:00:00,77.77,79.39,76.88,77.29,3489650,MSN
2020-11-11 07:00:00,75.91,77.29,74.53,77.29,2025450,MSN
2020-11-12 07:00:00,77.37,77.37,75.42,75.42,484080,MSN
2020-11-13 07:00:00,75.1,75.1,72.83,72.99,1094470,MSN
2020-11-16 07:00:00,72.51,72.99,67.97,67.97,2454980,MSN
2020-11-17 07:00:00,68.05,69.59,67.89,68.86,813710,MSN
2020-11-18 07:00:00,68.94,68.94,67.0,67.16,985490,MSN
2020-11-19 07:00:00,67.24,67.57,65.62,66.43,1205410,MSN
2020-11-20 07:00:00,66.19,67.97,65.7,66.43,1166780,MSN
2020-11-23 07:00:00,66.43,67.57,66.43,67.32,871370,MSN
2020-11-24 07:00:00,67.32,67.32,64.81,66.43,679550,MSN
2020-11-25 07:00:00,66.43,67.24,66.43,66.67,686650,MSN
2020-11-26 07:00:00,66.19,67.97,66.11,67.81,510660,MSN
2020-11-27 07:00:00,67.81,67.81,67.08,67.81,420570,MSN
2020-11-30 07:00:00,66.51,67.65,66.19,66.43,964680,MSN
2020-12-01 07:00:00,65.22,67.24,65.22,67.24,1051590,MSN
2020-12-02 07:00:00,67.24,68.05,66.43,67.4,741130,MSN
2020-12-03 07:00:00,67.49,68.05,66.84,67.57,542070,MSN
2020-12-04 07:00:00,68.05,70.89,67.65,69.67,1978040,MSN
2020-12-07 07:00:00,70.08,70.56,69.27,69.67,825210,MSN
2020-12-08 07:00:00,69.75,70.0,69.11,69.27,855880,MSN
2020-12-09 07:00:00,69.27,69.43,68.86,69.19,840910,MSN
2020-12-10 07:00:00,69.19,69.19,67.73,67.97,1432910,MSN
2020-12-11 07:00:00,67.97,68.54,67.4,68.46,791100,MSN
2020-12-14 07:00:00,68.62,68.94,67.97,68.46,1079350,MSN
2020-12-15 07:00:00,68.46,68.7,67.97,68.46,935010,MSN
2020-12-16 07:00:00,68.05,68.54,67.97,68.46,648540,MSN
2020-12-17 07:00:00,68.46,69.11,67.88,68.87,1179730,MSN
2020-12-18 07:00:00,68.62,69.11,68.62,68.95,1417470,MSN
2020-12-21 07:00:00,69.69,69.69,68.38,68.7,827020,MSN
2020-12-22 07:00:00,68.7,68.87,67.64,67.88,805250,MSN
2020-12-23 07:00:00,67.8,69.11,67.72,67.88,910150,MSN
2020-12-24 07:00:00,67.88,68.05,67.06,67.8,638900,MSN
2020-12-25 07:00:00,68.05,68.13,67.56,67.64,598590,MSN
2020-12-28 07:00:00,68.05,68.21,67.31,67.56,553150,MSN
2020-12-29 07:00:00,68.87,68.87,68.05,68.21,1440210,MSN
2020-12-30 07:00:00,68.79,69.03,67.72,68.46,959720,MSN
2020-12-31 07:00:00,68.05,73.05,68.05,72.88,3806160,MSN
2021-01-04 07:00:00,74.61,74.61,72.88,72.88,1915700,MSN
2021-01-05 07:00:00,72.97,73.79,72.23,73.21,1274800,MSN
2021-01-06 07:00:00,73.21,74.61,72.15,72.39,2344400,MSN
2021-01-07 07:00:00,72.39,75.84,72.39,75.43,3028500,MSN
2021-01-08 07:00:00,76.25,77.39,75.43,76.33,2639600,MSN
2021-01-11 07:00:00,76.41,78.3,76.41,77.15,2553900,MSN
2021-01-12 07:00:00,77.15,77.31,76.33,77.07,1830900,MSN
2021-01-13 07:00:00,77.23,77.31,76.0,76.49,2553600,MSN
2021-01-14 07:00:00,76.41,76.49,75.18,75.67,1447400,MSN
2021-01-15 07:00:00,76.25,76.57,75.84,76.25,2144900,MSN
2021-01-18 07:00:00,77.89,80.43,77.8,77.97,3740700,MSN
2021-01-19 07:00:00,78.54,78.54,72.56,74.52,2416600,MSN
2021-01-20 07:00:00,75.02,75.26,70.51,74.52,2314800,MSN
2021-01-21 07:00:00,75.02,75.51,73.29,75.02,2180900,MSN
2021-01-22 07:00:00,75.43,78.05,74.61,76.49,3060300,MSN
2021-01-25 07:00:00,77.89,80.35,77.07,79.53,3869900,MSN
2021-01-26 07:00:00,80.51,80.51,74.85,78.3,2475200,MSN
2021-01-27 07:00:00,77.48,77.72,73.95,75.18,2243700,MSN
2021-01-28 07:00:00,69.93,73.29,69.93,69.93,3816800,MSN
2021-01-29 07:00:00,66.0,74.61,66.0,70.1,2838500,MSN
2021-02-01 07:00:00,70.42,72.39,66.41,67.23,1792200,MSN
2021-02-02 07:00:00,67.23,69.69,65.59,68.87,1927500,MSN
2021-02-03 07:00:00,70.1,72.97,70.1,72.88,1539300,MSN
2021-02-04 07:00:00,72.15,74.2,71.74,73.38,1415200,MSN
2021-02-05 07:00:00,73.38,73.79,73.05,73.46,1209500,MSN
2021-02-08 07:00:00,73.46,73.7,68.87,70.18,2260800,MSN
2021-02-09 07:00:00,70.51,73.46,69.77,72.72,1448200,MSN
2021-02-17 07:00:00,73.62,75.43,72.8,75.43,1142900,MSN
2021-02-18 07:00:00,75.43,78.71,74.61,77.97,2207200,MSN
2021-02-19 07:00:00,76.74,78.3,76.74,77.8,1419300,MSN
2021-02-22 07:00:00,77.8,77.97,76.9,77.56,1186200,MSN
2021-02-23 07:00:00,77.48,77.48,75.84,76.0,1592900,MSN
2021-02-24 07:00:00,77.07,77.07,74.2,74.61,1478100,MSN
2021-02-25 07:00:00,75.26,75.26,73.29,73.46,1571600,MSN
2021-02-26 07:00:00,72.64,74.11,72.56,74.03,1485300,MSN
2021-03-01 07:00:00,74.11,75.34,74.03,74.85,859200,MSN
2021-03-02 07:00:00,76.08,76.08,73.79,74.52,1027600,MSN
2021-03-03 07:00:00,74.52,74.61,73.79,74.2,803200,MSN
2021-03-04 07:00:00,74.61,74.61,71.74,72.47,1647600,MSN
2021-03-05 07:00:00,72.15,73.79,71.74,73.13,1141200,MSN
2021-03-08 07:00:00,74.11,74.11,71.33,71.65,1612700,MSN
2021-03-09 07:00:00,71.9,71.9,66.65,71.08,1166700,MSN
2021-03-10 07:00:00,71.08,71.33,69.93,71.33,817400,MSN
2021-03-11 07:00:00,71.98,72.47,71.24,71.57,878000,MSN
2021-03-12 07:00:00,72.15,72.23,71.49,71.57,872100,MSN
2021-03-15 07:00:00,72.15,73.13,71.57,72.56,1188500,MSN
2021-03-16 07:00:00,72.8,72.8,71.49,72.15,535200,MSN
2021-03-17 07:00:00,71.82,72.23,71.33,72.15,576400,MSN
2021-03-18 07:00:00,72.06,73.7,71.9,73.54,1222500,MSN
2021-03-19 07:00:00,72.97,73.29,70.92,72.72,1148800,MSN
2021-03-22 07:00:00,72.72,72.8,71.74,72.23,723300,MSN
2021-03-23 07:00:00,72.23,72.31,70.51,70.92,1022900,MSN
2021-03-24 07:00:00,69.85,70.92,69.69,69.77,869100,MSN
2021-03-25 07:00:00,70.1,70.51,68.87,70.51,1076400,MSN
2021-03-26 07:00:00,70.1,70.51,68.62,70.42,912800,MSN
2021-03-29 07:00:00,70.1,70.92,69.69,70.59,918800,MSN
2021-03-30 07:00:00,70.18,73.38,70.02,72.56,1443600,MSN
2021-03-31 07:00:00,72.56,76.25,72.56,75.84,3145400,MSN
2021-04-01 07:00:00,76.16,76.25,75.51,75.67,2037400,MSN
2021-04-02 07:00:00,76.25,76.49,75.67,76.0,2155300,MSN
2021-04-05 07:00:00,77.89,77.97,76.08,76.25,2571700,MSN
2021-04-06 07:00:00,76.25,76.41,74.85,75.34,1808000,MSN
2021-04-07 07:00:00,75.34,77.31,74.44,76.9,1957200,MSN
2021-04-08 07:00:00,77.48,77.48,75.75,76.25,1205800,MSN
2021-04-09 07:00:00,76.08,76.08,75.1,75.51,1062300,MSN
2021-04-12 07:00:00,75.51,75.84,74.93,75.34,1536200,MSN
2021-04-13 07:00:00,75.92,78.71,75.43,77.23,4864100,MSN
2021-04-14 07:00:00,77.56,82.56,76.82,82.56,6637200,MSN
2021-04-15 07:00:00,84.85,86.08,81.98,81.98,2903400,MSN
2021-04-16 07:00:00,81.82,83.21,78.05,82.07,3077700,MSN
2021-04-19 07:00:00,83.21,87.81,81.49,87.81,6460900,MSN
2021-04-20 07:00:00,87.81,91.41,85.35,86.49,4290600,MSN
2021-04-22 07:00:00,85.26,88.05,80.51,80.51,3474400,MSN
2021-04-23 07:00:00,80.51,83.21,78.71,81.98,5010500,MSN
2021-04-26 07:00:00,83.21,83.38,77.89,77.89,3744400,MSN
2021-04-27 07:00:00,77.89,80.84,76.74,80.35,2383000,MSN
2021-04-28 07:00:00,80.35,81.82,79.94,81.16,1830800,MSN
2021-04-29 07:00:00,81.33,81.49,79.53,80.35,1803600,MSN
2021-05-04 07:00:00,80.35,80.35,77.97,78.62,2322900,MSN
2021-05-05 07:00:00,78.62,81.08,78.54,78.71,1788700,MSN
2021-05-06 07:00:00,78.71,80.02,78.38,78.38,1529000,MSN
2021-05-07 07:00:00,77.97,79.2,77.31,77.89,2566600,MSN
2021-05-10 07:00:00,79.85,83.3,79.12,83.3,3909900,MSN
2021-05-11 07:00:00,85.26,86.74,83.21,83.21,3396000,MSN
2021-05-12 07:00:00,83.21,86.08,83.21,85.26,2454800,MSN
2021-05-13 07:00:00,85.02,85.92,84.28,84.44,2424100,MSN
2021-05-14 07:00:00,85.1,90.18,85.1,88.63,3609800,MSN
2021-05-17 07:00:00,89.36,89.77,85.43,85.43,2365200,MSN
2021-05-18 07:00:00,86.9,90.18,85.92,86.17,2952600,MSN
2021-05-19 07:00:00,86.9,89.36,86.17,88.54,2094300,MSN
2021-05-20 07:00:00,89.36,93.46,88.46,93.13,2826500,MSN
2021-05-21 07:00:00,92.23,93.3,91.5,91.74,2584400,MSN
2021-05-24 07:00:00,91.74,93.13,91.0,91.82,2152900,MSN
2021-05-25 07:00:00,91.41,94.69,91.0,93.13,1734000,MSN
2021-05-26 07:00:00,93.46,93.46,91.82,93.13,1459300,MSN
2021-05-27 07:00:00,93.13,93.3,86.66,90.18,1642200,MSN
2021-05-28 07:00:00,90.18,92.23,89.04,92.23,2045800,MSN
2021-05-31 07:00:00,91.82,91.99,89.77,90.27,1011700,MSN
2021-06-01 07:00:00,90.18,90.18,85.84,87.72,2426200,MSN
2021-06-02 07:00:00,88.71,88.95,86.49,86.66,1867800,MSN
2021-06-03 07:00:00,86.58,86.66,84.44,86.08,2624700,MSN
2021-06-04 07:00:00,85.67,87.97,84.44,87.97,1560500,MSN
2021-06-07 07:00:00,87.72,87.97,85.26,85.67,905600,MSN
2021-06-08 07:00:00,85.76,87.48,85.26,85.26,1589500,MSN
2021-06-09 07:00:00,84.44,86.08,84.44,85.67,1070000,MSN
2021-06-10 07:00:00,85.26,86.0,84.44,84.53,876600,MSN
2021-06-11 07:00:00,84.53,86.99,84.44,86.9,1791100,MSN
2021-06-14 07:00:00,87.72,88.54,86.08,87.64,1488600,MSN
2021-06-15 07:00:00,87.72,88.46,87.07,87.31,994300,MSN
2021-06-16 07:00:00,86.9,87.72,85.26,85.43,1031500,MSN
2021-06-17 07:00:00,84.44,86.9,84.44,84.44,1384400,MSN
2021-06-18 07:00:00,86.41,87.72,84.44,87.31,1510800,MSN
2021-06-21 07:00:00,87.31,90.18,86.08,89.12,1793300,MSN
2021-06-22 07:00:00,89.45,90.18,88.05,88.95,1229800,MSN
2021-06-23 07:00:00,88.54,89.04,87.31,87.56,744300,MSN
2021-06-24 07:00:00,87.31,88.46,86.58,87.31,766600,MSN
2021-06-25 07:00:00,87.15,87.72,86.08,87.23,779600,MSN
2021-06-28 07:00:00,87.72,90.1,87.48,89.28,1490000,MSN
2021-06-29 07:00:00,89.77,90.1,88.22,88.95,990100,MSN
2021-06-30 07:00:00,89.36,92.23,89.36,91.33,2251800,MSN
2021-07-01 07:00:00,92.07,94.22,91.0,93.81,1706400,MSN
2021-07-02 07:00:00,94.22,94.55,93.56,94.14,1294400,MSN
2021-07-05 07:00:00,93.23,93.65,87.61,92.24,2219000,MSN
2021-07-06 07:00:00,90.92,92.57,89.26,90.09,1564800,MSN
2021-07-07 07:00:00,90.09,95.88,87.69,95.88,2469900,MSN
2021-07-08 07:00:00,95.05,99.18,94.22,99.02,2502500,MSN
2021-07-09 07:00:00,97.53,101.25,95.05,96.62,2139100,MSN
2021-07-12 07:00:00,97.53,99.1,90.5,99.1,2102000,MSN
2021-07-13 07:00:00,99.1,99.1,93.56,95.05,1521900,MSN
2021-07-14 07:00:00,95.05,96.62,91.91,96.04,1433200,MSN
2021-07-15 07:00:00,94.22,97.45,93.81,95.05,1054500,MSN
2021-07-16 07:00:00,95.46,100.01,94.89,99.6,1976800,MSN
2021-07-19 07:00:00,97.94,103.32,97.94,98.69,1431300,MSN
2021-07-20 07:00:00,98.77,101.66,97.2,101.66,1779800,MSN
2021-07-21 07:00:00,101.66,102.65,100.84,100.84,1393300,MSN
2021-07-22 07:00:00,100.84,101.66,99.18,101.58,1098700,MSN
2021-07-23 07:00:00,100.09,101.0,98.36,98.36,1647400,MSN
2021-07-26 07:00:00,99.1,100.42,97.28,100.09,1257100,MSN
2021-07-27 07:00:00,99.6,104.56,99.6,103.73,1932300,MSN
2021-07-28 07:00:00,103.32,103.65,102.49,102.9,839900,MSN
2021-07-29 07:00:00,102.9,105.8,101.66,105.55,1173800,MSN
2021-07-30 07:00:00,105.8,112.9,105.13,110.75,2654400,MSN
2021-08-02 07:00:00,110.59,114.06,108.27,112.57,1268100,MSN
2021-08-03 07:00:00,112.41,114.06,111.58,113.9,1355500,MSN
2021-08-04 07:00:00,113.9,114.06,111.75,112.41,1587600,MSN
2021-08-05 07:00:00,111.66,113.15,111.0,111.58,1348900,MSN
2021-08-06 07:00:00,111.66,112.41,111.17,111.17,670500,MSN
2021-08-09 07:00:00,110.75,116.54,110.75,116.54,1525400,MSN
2021-08-10 07:00:00,116.54,116.95,114.47,114.47,1011600,MSN
2021-08-11 07:00:00,114.89,116.54,112.9,112.9,993500,MSN
2021-08-12 07:00:00,114.47,114.47,110.75,110.75,1946000,MSN
2021-08-13 07:00:00,109.51,110.75,108.94,110.34,1394600,MSN
2021-08-16 07:00:00,111.17,112.82,109.27,110.34,969800,MSN
2021-08-17 07:00:00,111.42,111.5,109.51,109.51,793600,MSN
2021-08-18 07:00:00,111.58,113.15,110.75,111.17,1302800,MSN
2021-08-19 07:00:00,112.41,112.66,111.17,112.66,842400,MSN
2021-08-20 07:00:00,111.83,112.24,109.85,110.59,1311400,MSN
2021-08-23 07:00:00,109.93,110.34,104.97,104.97,1719900,MSN
2021-08-24 07:00:00,104.97,107.28,104.97,106.21,1302200,MSN
2021-08-25 07:00:00,107.28,112.82,106.7,111.58,1163100,MSN
2021-08-26 07:00:00,111.66,113.4,109.18,110.75,970800,MSN
2021-08-27 07:00:00,109.18,112.74,109.18,112.32,1927000,MSN
2021-08-30 07:00:00,114.47,114.47,109.6,109.6,2696800,MSN
2021-08-31 07:00:00,109.6,112.41,109.1,111.58,3127300,MSN
2021-09-01 07:00:00,110.92,111.99,109.93,110.18,1024900,MSN
2021-09-06 07:00:00,110.75,110.75,108.36,108.36,1518900,MSN
2021-09-07 07:00:00,108.44,108.44,107.03,107.28,1539300,MSN
2021-09-08 07:00:00,106.62,107.45,105.8,105.8,1395400,MSN
2021-09-09 07:00:00,105.63,109.27,105.46,108.27,1026600,MSN
2021-09-10 07:00:00,108.69,109.43,107.45,107.45,711300,MSN
2021-09-13 07:00:00,108.27,109.1,107.53,107.94,1264400,MSN
2021-09-14 07:00:00,108.94,112.16,108.11,111.99,2566900,MSN
2021-09-15 07:00:00,111.58,119.76,111.58,119.76,2796100,MSN
2021-09-16 07:00:00,121.5,123.98,120.01,123.81,2286500,MSN
2021-09-17 07:00:00,122.33,123.57,120.26,120.67,2389800,MSN
2021-09-20 07:00:00,120.76,122.74,118.19,118.19,1053000,MSN
2021-09-21 07:00:00,116.54,119.85,116.54,118.61,1328900,MSN
2021-09-22 07:00:00,119.85,123.15,118.61,121.5,859600,MSN
2021-09-23 07:00:00,121.09,122.74,118.19,119.85,932400,MSN
2021-09-24 07:00:00,119.85,120.26,117.2,117.7,1161000,MSN
2021-09-27 07:00:00,117.95,118.61,111.58,111.58,1213100,MSN
2021-09-28 07:00:00,111.5,116.29,110.84,112.41,1284000,MSN
2021-09-29 07:00:00,114.8,116.54,114.06,116.54,563500,MSN
2021-09-30 07:00:00,116.62,119.35,116.54,117.86,754600,MSN
2021-10-01 07:00:00,117.37,118.19,115.71,115.71,859300,MSN
2021-10-04 07:00:00,117.28,118.19,115.8,116.71,495400,MSN
2021-10-05 07:00:00,117.95,118.11,116.21,116.71,599300,MSN
2021-10-06 07:00:00,117.78,117.78,116.46,117.53,540300,MSN
2021-10-07 07:00:00,118.19,118.19,116.54,117.12,548300,MSN
2021-10-08 07:00:00,117.37,120.67,117.28,120.26,1009100,MSN
2021-10-11 07:00:00,120.26,122.74,118.19,121.5,924200,MSN
2021-10-12 07:00:00,121.91,122.74,119.85,120.26,675700,MSN
2021-10-13 07:00:00,121.5,121.5,118.19,118.28,1139600,MSN
2021-10-14 07:00:00,118.28,119.02,117.04,117.45,1426200,MSN
2021-10-15 07:00:00,117.53,118.52,116.54,116.54,891600,MSN
2021-10-18 07:00:00,116.62,119.1,116.54,118.19,634000,MSN
2021-10-19 07:00:00,118.77,118.77,116.46,116.54,765000,MSN
2021-10-20 07:00:00,117.04,118.52,115.71,118.28,987100,MSN
2021-10-21 07:00:00,118.19,118.28,115.88,115.88,1085600,MSN
2021-10-22 07:00:00,116.21,116.95,115.8,115.8,466100,MSN
2021-10-25 07:00:00,118.19,118.19,116.04,116.04,575000,MSN
2021-10-26 07:00:00,116.95,116.95,114.72,115.38,850200,MSN
2021-10-27 07:00:00,115.71,122.24,115.55,121.33,2012700,MSN
2021-10-28 07:00:00,121.33,126.05,119.02,125.38,1754500,MSN
2021-10-29 07:00:00,123.98,125.63,121.91,124.72,1547000,MSN
2021-11-01 07:00:00,123.98,124.06,119.93,120.26,1668800,MSN
2021-11-02 07:00:00,120.26,122.9,120.18,120.26,1021800,MSN
2021-11-03 07:00:00,120.26,122.33,119.02,120.26,1352400,MSN
2021-11-04 07:00:00,120.51,123.57,119.85,122.24,1148200,MSN
2021-11-05 07:00:00,122.33,123.9,121.66,122.16,1235600,MSN
2021-11-08 07:00:00,123.98,126.13,122.99,125.63,1877000,MSN
2021-11-09 07:00:00,126.38,126.38,122.08,122.16,1478500,MSN
2021-11-10 07:00:00,122.33,123.81,121.42,122.08,1317500,MSN
2021-11-11 07:00:00,122.99,124.81,120.67,121.42,1740900,MSN
2021-11-12 07:00:00,121.42,124.06,121.33,123.65,1456700,MSN
2021-11-15 07:00:00,123.98,127.28,122.49,127.28,1822500,MSN
2021-11-16 07:00:00,127.12,128.19,123.98,125.63,1698000,MSN
2021-11-17 07:00:00,124.81,125.63,124.06,124.39,362200,MSN
2021-11-18 07:00:00,124.39,125.63,122.33,122.33,1057900,MSN
2021-11-19 07:00:00,123.15,123.9,121.83,121.83,1301600,MSN
2021-11-22 07:00:00,121.91,123.9,121.5,123.9,634600,MSN
2021-11-23 07:00:00,122.82,129.6,122.82,129.35,1864400,MSN
2021-11-24 07:00:00,128.52,132.0,127.37,129.76,1298500,MSN
2021-11-25 07:00:00,129.76,131.42,128.19,130.18,1050400,MSN
2021-11-26 07:00:00,128.94,130.18,128.28,130.18,1131800,MSN
2021-11-29 07:00:00,128.11,128.94,125.71,126.05,1470900,MSN
2021-11-30 07:00:00,126.21,127.2,123.32,123.32,1488000,MSN
2021-12-01 07:00:00,123.15,125.63,123.15,123.9,1261100,MSN
2021-12-02 07:00:00,123.98,126.79,123.98,125.63,1004300,MSN
2021-12-03 07:00:00,125.63,128.52,124.81,124.81,1148800,MSN
2021-12-06 07:00:00,124.81,126.46,119.85,124.81,1098300,MSN
2021-12-07 07:00:00,124.39,126.05,124.39,125.55,569700,MSN
2021-12-08 07:00:00,124.97,125.63,124.89,124.89,648400,MSN
2021-12-09 07:00:00,123.98,127.28,123.98,127.28,784400,MSN
2021-12-10 07:00:00,126.46,127.28,124.14,127.04,996400,MSN
2021-12-13 07:00:00,127.37,130.1,127.12,128.94,1458500,MSN
2021-12-14 07:00:00,128.86,130.18,128.69,129.76,942300,MSN
2021-12-15 07:00:00,129.1,133.24,129.1,133.24,1227700,MSN
2021-12-16 07:00:00,133.24,133.99,125.96,132.41,957300,MSN
2021-12-17 07:00:00,132.16,133.74,130.1,130.34,2984600,MSN
2021-12-20 07:00:00,134.07,134.81,130.34,134.07,5033600,MSN
2021-12-21 07:00:00,134.07,137.96,132.41,137.87,7522000,MSN
2021-12-22 07:00:00,139.03,141.52,137.54,140.69,8679300,MSN
2021-12-23 07:00:00,140.61,144.83,137.87,141.52,9870200,MSN
2021-12-24 07:00:00,141.52,144.83,139.12,141.52,7727500,MSN
2021-12-27 07:00:00,141.43,144.83,139.12,139.86,7115800,MSN
2021-12-28 07:00:00,140.27,144.66,138.37,141.93,7688200,MSN
2021-12-29 07:00:00,141.93,144.08,140.27,142.34,6219000,MSN
2021-12-30 07:00:00,142.34,143.01,139.86,141.93,5093400,MSN
2021-12-31 07:00:00,140.52,142.01,139.61,141.52,6544000,MSN
2022-01-04 07:00:00,141.52,141.52,139.86,140.69,998000,MSN
2022-01-05 07:00:00,141.52,141.52,133.24,133.24,1261000,MSN
2022-01-06 07:00:00,133.24,133.24,127.28,127.28,1650400,MSN
2022-01-07 07:00:00,129.02,132.0,127.45,127.45,1307500,MSN
2022-01-10 07:00:00,129.02,129.02,126.62,126.62,445400,MSN
2022-01-11 07:00:00,126.62,127.45,119.92,119.92,1345000,MSN
2022-01-12 07:00:00,120.41,122.32,119.75,119.92,1058300,MSN
2022-01-13 07:00:00,120.0,121.49,117.19,119.83,974500,MSN
2022-01-14 07:00:00,117.6,120.0,117.6,119.83,490800,MSN
2022-01-17 07:00:00,120.0,120.66,113.3,117.52,829900,MSN
2022-01-18 07:00:00,115.86,125.71,115.45,117.6,872600,MSN
2022-01-19 07:00:00,116.85,125.38,116.85,122.07,1268700,MSN
2022-01-20 07:00:00,124.14,124.96,122.48,123.47,874800,MSN
2022-01-21 07:00:00,126.12,126.12,123.47,124.96,869400,MSN
2022-01-24 07:00:00,122.73,124.3,118.34,118.34,952700,MSN
2022-01-25 07:00:00,119.17,126.62,116.77,126.62,1050100,MSN
2022-01-26 07:00:00,127.78,127.78,121.65,121.65,969400,MSN
2022-01-27 07:00:00,121.24,121.24,117.52,117.52,727700,MSN
2022-01-28 07:00:00,118.43,121.82,118.34,118.34,356900,MSN
2022-02-07 07:00:00,120.0,122.9,118.34,122.4,611900,MSN
2022-02-08 07:00:00,121.16,122.23,120.0,120.41,502000,MSN
2022-02-09 07:00:00,121.24,122.9,120.0,121.32,585500,MSN
2022-02-10 07:00:00,122.48,123.81,121.57,123.81,1433500,MSN
2022-02-11 07:00:00,124.14,125.38,122.56,123.97,487500,MSN
2022-02-14 07:00:00,122.9,125.46,122.56,125.46,925700,MSN
2022-02-15 07:00:00,125.63,132.83,124.14,132.83,1575800,MSN
2022-02-16 07:00:00,132.41,132.41,130.34,130.84,823200,MSN
2022-02-17 07:00:00,130.76,134.9,130.51,134.9,1673100,MSN
2022-02-18 07:00:00,132.41,136.55,131.42,135.14,1183000,MSN
2022-02-21 07:00:00,135.23,135.23,132.5,132.66,957200,MSN
2022-02-22 07:00:00,129.35,132.25,129.35,130.34,559100,MSN
2022-02-23 07:00:00,130.26,132.0,129.52,130.1,459600,MSN
2022-02-24 07:00:00,129.52,134.9,128.77,132.0,989000,MSN
2022-02-25 07:00:00,133.24,133.24,130.76,130.76,572500,MSN
2022-02-28 07:00:00,130.76,132.33,129.1,129.1,426900,MSN
2022-03-01 07:00:00,129.93,130.34,128.69,129.52,360000,MSN
2022-03-02 07:00:00,128.27,130.76,128.27,129.93,822900,MSN
2022-03-03 07:00:00,131.34,134.07,129.68,131.67,752900,MSN
2022-03-04 07:00:00,132.0,134.73,130.76,133.49,1197900,MSN
2022-03-07 07:00:00,132.16,134.4,130.76,130.92,942300,MSN
2022-03-08 07:00:00,130.76,132.5,130.34,131.42,634300,MSN
2022-03-09 07:00:00,131.17,132.33,127.86,128.69,875100,MSN
2022-03-10 07:00:00,128.85,131.01,124.14,124.14,1245100,MSN
2022-03-11 07:00:00,123.31,125.38,117.93,117.93,1565500,MSN
2022-03-14 07:00:00,117.68,117.68,110.98,112.63,1649600,MSN
2022-03-15 07:00:00,112.14,116.77,112.14,116.77,1020500,MSN
2022-03-16 07:00:00,118.1,118.1,115.86,116.27,503900,MSN
2022-03-17 07:00:00,116.69,117.76,114.21,114.21,766800,MSN
2022-03-18 07:00:00,115.03,118.1,113.13,113.13,2545700,MSN
2022-03-21 07:00:00,114.95,120.16,114.87,120.0,890400,MSN
2022-03-22 07:00:00,120.41,124.96,118.34,122.9,969400,MSN
2022-03-23 07:00:00,121.49,127.28,120.08,121.65,1396000,MSN
2022-03-24 07:00:00,122.81,124.14,121.32,121.32,760300,MSN
2022-03-25 07:00:00,121.65,122.32,119.75,121.16,545600,MSN
2022-03-28 07:00:00,120.0,120.74,118.34,120.5,630000,MSN
2022-03-29 07:00:00,120.83,121.99,118.76,119.17,595200,MSN
2022-03-30 07:00:00,118.43,120.41,117.6,119.17,675400,MSN
2022-03-31 07:00:00,119.09,119.42,117.43,117.68,589200,MSN
2022-04-01 07:00:00,119.17,122.98,117.93,121.24,808700,MSN
2022-04-04 07:00:00,123.31,128.27,122.9,124.14,1685400,MSN
2022-04-05 07:00:00,125.63,127.28,124.14,125.46,739300,MSN
2022-04-06 07:00:00,125.71,128.27,124.22,127.28,1374300,MSN
2022-04-07 07:00:00,128.27,128.27,124.96,124.96,1113200,MSN
2022-04-08 07:00:00,125.38,125.38,122.9,122.9,1169600,MSN
2022-04-12 07:00:00,129.05,129.05,122.99,124.48,1373600,MSN
2022-04-13 07:00:00,125.08,128.55,125.08,125.97,989500,MSN
2022-04-14 07:00:00,126.07,126.57,123.59,124.78,800000,MSN
2022-04-15 07:00:00,125.28,125.68,123.19,124.09,1015000,MSN
2022-04-18 07:00:00,125.58,125.58,123.09,123.09,890800,MSN
2022-04-19 07:00:00,123.99,124.58,118.63,119.62,943100,MSN
2022-04-20 07:00:00,120.51,124.09,119.62,123.39,1116500,MSN
2022-04-21 07:00:00,121.11,124.09,121.11,122.1,1507800,MSN
2022-04-22 07:00:00,122.1,124.09,121.61,122.4,1750600,MSN
2022-04-25 07:00:00,123.69,123.69,114.95,115.15,1076900,MSN
2022-04-26 07:00:00,115.85,123.19,108.3,115.15,2206600,MSN
2022-04-27 07:00:00,115.15,120.91,110.19,118.13,1241700,MSN
2022-04-28 07:00:00,118.13,119.02,115.65,115.65,837600,MSN
2022-04-29 07:00:00,116.15,117.73,114.26,115.15,1098700,MSN
2022-05-04 07:00:00,115.15,115.95,112.17,112.27,512200,MSN
2022-05-05 07:00:00,113.17,118.13,112.57,118.13,933300,MSN
2022-05-06 07:00:00,114.16,117.63,114.16,116.15,825300,MSN
2022-05-09 07:00:00,115.15,115.35,110.19,114.06,1084200,MSN
2022-05-10 07:00:00,113.27,115.25,109.39,115.25,1088600,MSN
2022-05-11 07:00:00,112.87,114.16,110.69,111.08,990800,MSN
2022-05-12 07:00:00,111.08,111.88,103.34,103.34,1061600,MSN
2022-05-13 07:00:00,102.35,104.23,96.19,96.19,1761600,MSN
2022-05-16 07:00:00,98.28,98.87,89.54,89.54,1052900,MSN
2022-05-17 07:00:00,87.36,95.79,85.07,95.79,1573900,MSN
2022-05-18 07:00:00,97.38,102.45,92.82,102.45,1291600,MSN
2022-05-19 07:00:00,101.25,109.59,99.27,109.59,1722900,MSN
2022-05-20 07:00:00,109.0,110.88,106.22,107.01,930900,MSN
2022-05-23 07:00:00,107.81,108.1,103.24,103.74,700700,MSN
2022-05-24 07:00:00,103.74,109.1,103.24,108.2,829900,MSN
2022-05-25 07:00:00,108.2,112.67,106.71,109.69,829700,MSN
2022-05-26 07:00:00,109.69,109.89,107.21,107.81,834000,MSN
2022-05-27 07:00:00,108.01,111.08,107.21,109.2,771700,MSN
2022-05-30 07:00:00,109.2,109.2,108.1,109.2,671100,MSN
2022-05-31 07:00:00,107.21,111.58,107.21,111.58,1265300,MSN
2022-06-01 07:00:00,109.2,114.16,109.2,114.16,1097900,MSN
2022-06-02 07:00:00,114.16,114.16,112.08,113.46,457800,MSN
2022-06-03 07:00:00,113.66,113.66,110.69,111.98,394800,MSN
2022-06-06 07:00:00,111.98,116.15,107.21,116.15,1729500,MSN
2022-06-07 07:00:00,114.26,117.04,112.37,117.04,1460100,MSN
2022-06-08 07:00:00,117.14,120.61,117.04,118.43,1318800,MSN
2022-06-09 07:00:00,117.63,119.12,117.24,117.63,711400,MSN
2022-06-10 07:00:00,114.26,117.63,114.26,116.15,632500,MSN
2022-06-13 07:00:00,112.27,114.16,108.2,108.2,1101100,MSN
2022-06-14 07:00:00,103.34,109.0,103.34,105.52,1658900,MSN
2022-06-15 07:00:00,106.22,108.2,103.94,105.23,997000,MSN
2022-06-16 07:00:00,106.22,112.57,106.22,109.89,1394900,MSN
2022-06-17 07:00:00,107.21,116.15,106.52,116.15,1627200,MSN
2022-06-20 07:00:00,114.16,116.64,110.19,110.19,862000,MSN
2022-06-21 07:00:00,109.99,112.97,108.4,110.19,954600,MSN
2022-06-22 07:00:00,110.19,113.17,105.23,105.23,802700,MSN
2022-06-23 07:00:00,105.23,109.2,105.23,109.2,397300,MSN
2022-06-24 07:00:00,107.71,109.39,107.71,108.7,543000,MSN
2022-06-27 07:00:00,109.0,112.57,107.71,112.17,882000,MSN
2022-06-28 07:00:00,112.17,113.37,109.49,113.17,1209600,MSN
2022-06-29 07:00:00,108.2,114.16,108.2,113.17,713400,MSN
2022-06-30 07:00:00,111.38,113.37,110.69,111.18,456000,MSN
2022-07-01 07:00:00,111.08,111.18,108.2,108.7,478200,MSN
2022-07-04 07:00:00,109.5,110.0,107.1,107.7,357800,MSN
2022-07-05 07:00:00,107.9,108.5,102.0,102.0,942500,MSN
2022-07-06 07:00:00,102.0,106.2,100.0,100.0,1181300,MSN
2022-07-07 07:00:00,100.0,104.5,100.0,103.0,444900,MSN
2022-07-08 07:00:00,103.5,104.9,103.5,104.9,609700,MSN
2022-07-11 07:00:00,101.5,103.9,101.5,102.5,565100,MSN
2022-07-12 07:00:00,103.5,104.0,101.5,102.0,287100,MSN
2022-07-13 07:00:00,100.7,103.7,100.7,101.0,549100,MSN
2022-07-14 07:00:00,101.2,103.0,101.1,102.5,356200,MSN
2022-07-15 07:00:00,101.9,103.5,101.0,101.2,413900,MSN
2022-07-18 07:00:00,101.1,103.8,100.5,102.6,666600,MSN
2022-07-19 07:00:00,102.5,102.5,101.0,102.0,367200,MSN
2022-07-20 07:00:00,102.1,105.5,102.0,103.0,679400,MSN
2022-07-21 07:00:00,103.2,106.9,103.0,105.5,1032900,MSN
2022-07-22 07:00:00,105.1,109.0,103.7,108.5,1241500,MSN
2022-07-25 07:00:00,105.7,111.3,105.7,108.6,461100,MSN
2022-07-26 07:00:00,107.0,110.0,107.0,110.0,487400,MSN
2022-07-27 07:00:00,109.2,110.0,108.0,109.9,334400,MSN
2022-07-28 07:00:00,110.0,110.5,108.0,109.9,619200,MSN
2022-07-29 07:00:00,111.0,112.0,106.1,106.1,840100,MSN
2022-08-01 07:00:00,107.0,111.0,106.5,109.4,730600,MSN
2022-08-02 07:00:00,109.6,111.0,107.1,110.0,1114600,MSN
2022-08-03 07:00:00,109.5,110.2,106.8,110.0,1452700,MSN
2022-08-04 07:00:00,110.0,110.2,106.7,107.9,1593800,MSN
2022-08-05 07:00:00,107.9,108.0,104.1,104.5,1920800,MSN
2022-08-08 07:00:00,104.5,105.8,104.5,104.8,637400,MSN
2022-08-09 07:00:00,106.0,106.1,104.5,105.2,502900,MSN
2022-08-10 07:00:00,105.2,107.0,104.7,105.8,560100,MSN
2022-08-11 07:00:00,106.0,107.5,105.3,106.8,772100,MSN
2022-08-12 07:00:00,106.7,107.2,105.7,107.2,252200,MSN
2022-08-15 07:00:00,107.9,108.8,106.5,108.5,554600,MSN
2022-08-16 07:00:00,108.5,109.2,107.1,109.0,619600,MSN
2022-08-17 07:00:00,109.3,111.7,108.5,111.3,1170500,MSN
2022-08-18 07:00:00,111.5,114.9,110.6,112.0,1715300,MSN
2022-08-19 07:00:00,112.0,113.9,110.8,112.0,458300,MSN
2022-08-22 07:00:00,112.0,113.8,111.0,111.8,460700,MSN
2022-08-23 07:00:00,111.2,113.0,111.0,112.6,649500,MSN
2022-08-24 07:00:00,112.8,114.0,111.9,111.9,556200,MSN
2022-08-25 07:00:00,111.2,113.4,111.0,112.8,564700,MSN
2022-08-26 07:00:00,113.5,113.5,112.0,112.2,359700,MSN
2022-08-29 07:00:00,111.0,113.8,111.0,112.2,572700,MSN
2022-08-30 07:00:00,113.0,114.8,112.0,113.7,574200,MSN
2022-08-31 07:00:00,113.8,115.5,113.8,114.5,786700,MSN
2022-09-05 07:00:00,113.5,115.8,113.1,115.5,556800,MSN
2022-09-06 07:00:00,115.5,116.6,114.2,115.0,337200,MSN
2022-09-07 07:00:00,114.8,115.4,112.0,112.0,836300,MSN
2022-09-08 07:00:00,113.5,115.0,112.0,115.0,484100,MSN
2022-09-09 07:00:00,115.5,117.0,114.4,116.1,539300,MSN
2022-09-12 07:00:00,116.1,116.5,114.5,115.0,327700,MSN
2022-09-13 07:00:00,114.5,116.4,114.0,114.0,542200,MSN
2022-09-14 07:00:00,114.0,114.0,112.0,112.0,554500,MSN
2022-09-15 07:00:00,114.2,114.5,111.0,112.0,538400,MSN
2022-09-16 07:00:00,111.8,112.8,109.8,112.8,1709700,MSN
2022-09-19 07:00:00,111.0,113.5,111.0,112.5,548800,MSN
2022-09-20 07:00:00,112.0,113.4,111.8,113.3,302800,MSN
2022-09-21 07:00:00,113.0,113.4,111.1,112.0,332400,MSN
2022-09-22 07:00:00,110.9,111.5,108.1,110.0,435200,MSN
2022-09-23 07:00:00,109.0,110.0,108.3,108.6,353900,MSN
2022-09-26 07:00:00,107.2,109.5,107.0,107.7,658100,MSN
2022-09-27 07:00:00,106.0,108.6,106.0,107.7,343300,MSN
2022-09-28 07:00:00,105.1,105.9,102.1,102.1,415600,MSN
2022-09-29 07:00:00,102.6,104.1,100.0,100.0,443000,MSN
2022-09-30 07:00:00,98.2,103.2,98.2,99.0,893200,MSN
2022-10-03 07:00:00,97.0,98.5,92.2,94.0,752700,MSN
2022-10-04 07:00:00,93.1,95.0,90.4,90.5,991500,MSN
2022-10-05 07:00:00,93.3,93.3,91.0,91.4,559600,MSN
2022-10-06 07:00:00,91.4,91.5,86.0,86.7,948300,MSN
2022-10-07 07:00:00,84.8,86.6,80.7,81.5,1461300,MSN
2022-10-10 07:00:00,80.0,87.0,77.0,80.5,1089700,MSN
2022-10-11 07:00:00,80.1,80.1,74.9,79.8,1971900,MSN
2022-10-12 07:00:00,81.4,82.5,79.8,81.1,2400700,MSN
2022-10-13 07:00:00,82.0,82.0,78.0,78.7,1014100,MSN
2022-10-14 07:00:00,81.0,81.0,79.0,79.0,1554200,MSN
2022-10-17 07:00:00,78.9,80.5,77.0,79.0,1481400,MSN
2022-10-18 07:00:00,80.0,83.2,79.9,82.0,1767000,MSN
2022-10-19 07:00:00,82.5,82.5,79.9,80.0,1401200,MSN
2022-10-20 07:00:00,79.5,80.8,78.5,80.2,1683100,MSN
2022-10-21 07:00:00,81.0,81.0,74.8,74.8,1651200,MSN
2022-10-24 07:00:00,74.8,75.8,69.6,72.8,1295700,MSN
2022-10-25 07:00:00,72.5,75.0,69.1,75.0,1850400,MSN
2022-10-26 07:00:00,75.0,78.0,73.3,78.0,1006000,MSN
2022-10-27 07:00:00,78.7,83.0,77.0,83.0,1607900,MSN
2022-10-28 07:00:00,83.0,83.9,81.5,83.9,1768700,MSN
2022-10-31 07:00:00,83.9,86.0,82.7,85.5,1329900,MSN
2022-11-01 07:00:00,86.4,87.2,83.8,86.5,1128600,MSN
2022-11-02 07:00:00,86.5,87.0,81.0,81.0,893000,MSN
2022-11-03 07:00:00,80.0,85.4,79.9,85.4,737800,MSN
2022-11-04 07:00:00,84.0,85.4,81.0,84.3,952900,MSN
2022-11-07 07:00:00,84.3,88.0,82.5,84.5,1266700,MSN
2022-11-08 07:00:00,84.0,87.8,81.0,86.0,1180600,MSN
2022-11-09 07:00:00,86.5,87.5,84.5,87.0,1227900,MSN
2022-11-10 07:00:00,87.0,87.1,81.0,81.0,1015300,MSN
2022-11-11 07:00:00,82.0,86.6,82.0,86.5,1055100,MSN
2022-11-14 07:00:00,85.5,92.5,84.1,89.1,1292200,MSN
2022-11-15 07:00:00,89.1,89.8,85.8,89.4,1067100,MSN
2022-11-16 07:00:00,85.5,90.9,84.5,90.9,1308900,MSN
2022-11-17 07:00:00,90.5,97.0,90.2,97.0,1525000,MSN
2022-11-18 07:00:00,97.1,97.5,91.5,95.2,1016400,MSN
2022-11-21 07:00:00,95.2,95.2,93.4,95.1,633400,MSN
2022-11-22 07:00:00,93.6,98.0,88.5,91.8,1395000,MSN
2022-11-23 07:00:00,88.6,92.9,88.3,92.9,834200,MSN
2022-11-24 07:00:00,91.5,91.5,88.0,89.0,1043500,MSN
2022-11-25 07:00:00,90.0,94.5,90.0,94.0,923100,MSN
2022-11-28 07:00:00,94.0,97.2,93.5,97.2,2126900,MSN
2022-11-29 07:00:00,97.2,99.0,95.5,99.0,2170100,MSN
2022-11-30 07:00:00,99.5,102.0,92.9,102.0,1501800,MSN
2022-12-01 07:00:00,102.0,102.0,99.0,99.0,1543500,MSN
2022-12-02 07:00:00,99.0,103.9,98.4,103.9,1435000,MSN
2022-12-05 07:00:00,102.9,110.0,102.5,105.0,1024200,MSN
2022-12-06 07:00:00,105.5,105.5,101.6,102.0,1097400,MSN
2022-12-07 07:00:00,102.0,106.0,100.0,100.0,734100,MSN
2022-12-08 07:00:00,103.8,105.0,96.0,96.0,903000,MSN
2022-12-09 07:00:00,99.0,101.9,96.1,97.0,1175300,MSN
2022-12-12 07:00:00,100.0,100.0,96.0,97.0,913300,MSN
2022-12-13 07:00:00,96.9,97.5,95.8,97.0,1493100,MSN
2022-12-14 07:00:00,98.5,98.5,95.1,96.0,1028300,MSN
2022-12-15 07:00:00,97.0,99.0,95.1,98.2,687600,MSN
2022-12-16 07:00:00,98.0,98.0,93.5,93.5,2672500,MSN
2022-12-19 07:00:00,94.2,95.3,92.5,95.0,1257100,MSN
2022-12-20 07:00:00,93.4,95.0,92.1,94.0,568100,MSN
2022-12-21 07:00:00,94.7,94.9,93.0,94.9,582500,MSN
2022-12-22 07:00:00,95.0,95.6,93.0,94.4,371000,MSN
2022-12-23 07:00:00,92.5,95.2,91.4,95.0,552900,MSN
2022-12-26 07:00:00,95.0,95.0,91.5,91.5,613800,MSN
2022-12-27 07:00:00,91.5,95.8,91.2,91.6,617300,MSN
2022-12-28 07:00:00,91.7,96.0,91.1,93.0,661400,MSN
2022-12-29 07:00:00,92.5,95.8,92.5,94.0,629600,MSN
2022-12-30 07:00:00,96.0,96.0,93.0,93.0,453200,MSN
2023-01-03 07:00:00,95.0,96.0,93.0,96.0,740400,MSN
2023-01-04 07:00:00,97.0,99.3,95.0,99.3,549400,MSN
2023-01-05 07:00:00,100.0,100.1,98.0,99.5,684600,MSN
2023-01-06 07:00:00,99.5,99.5,95.0,95.8,541300,MSN
2023-01-09 07:00:00,96.7,97.3,95.5,96.5,398200,MSN
2023-01-10 07:00:00,96.5,96.9,93.6,95.4,613400,MSN
2023-01-11 07:00:00,96.0,96.3,94.3,96.0,556800,MSN
2023-01-12 07:00:00,96.1,96.3,93.0,93.3,537400,MSN
2023-01-13 07:00:00,94.1,95.0,93.4,95.0,319700,MSN
2023-01-16 07:00:00,95.0,96.0,93.7,94.9,339600,MSN
2023-01-17 07:00:00,94.7,97.5,93.3,97.5,600000,MSN
2023-01-18 07:00:00,97.5,99.9,96.1,99.9,620900,MSN
2023-01-19 07:00:00,98.3,102.0,95.3,102.0,1021900,MSN
2023-01-27 07:00:00,102.0,106.0,101.9,103.7,741600,MSN
2023-01-30 07:00:00,105.0,105.4,102.0,102.0,330200,MSN
2023-01-31 07:00:00,100.1,102.0,100.1,101.1,354700,MSN
2023-02-01 07:00:00,100.2,101.8,95.1,95.2,958200,MSN
2023-02-02 07:00:00,97.9,97.9,95.0,96.7,736900,MSN
2023-02-03 07:00:00,95.6,96.7,93.6,96.5,567900,MSN
2023-02-06 07:00:00,94.2,96.3,93.5,96.3,685600,MSN
2023-02-07 07:00:00,96.0,96.0,93.3,94.1,857100,MSN
2023-02-08 07:00:00,94.1,95.5,93.5,93.5,446700,MSN
2023-02-09 07:00:00,93.5,94.5,91.8,91.8,773600,MSN
2023-02-10 07:00:00,91.8,92.0,89.5,91.2,680900,MSN
2023-02-13 07:00:00,91.2,92.9,90.1,92.9,468600,MSN
2023-02-14 07:00:00,92.9,93.4,91.6,92.9,392700,MSN
2023-02-15 07:00:00,92.0,93.3,92.0,93.0,617800,MSN
2023-02-16 07:00:00,93.0,93.4,92.1,92.9,379900,MSN
2023-02-17 07:00:00,93.0,93.0,91.1,91.3,279500,MSN
2023-02-20 07:00:00,91.4,94.5,91.4,94.5,685100,MSN
2023-02-21 07:00:00,94.0,94.8,93.2,93.8,258400,MSN
2023-02-22 07:00:00,93.0,93.3,91.0,91.0,784400,MSN
2023-02-23 07:00:00,91.5,91.5,87.0,87.6,672900,MSN
2023-02-24 07:00:00,88.8,88.8,84.9,85.9,716200,MSN
2023-02-27 07:00:00,83.9,84.5,79.9,79.9,900500,MSN
2023-02-28 07:00:00,82.0,82.5,80.0,82.0,585400,MSN
2023-03-01 07:00:00,80.0,81.8,79.7,80.5,1083200,MSN
2023-03-02 07:00:00,80.4,81.3,79.0,79.0,540200,MSN
2023-03-03 07:00:00,79.7,79.8,76.0,76.0,581000,MSN
2023-03-06 07:00:00,76.5,78.0,74.4,74.4,850800,MSN
2023-03-07 07:00:00,76.0,79.6,75.2,78.3,1893800,MSN
2023-03-08 07:00:00,78.2,81.0,77.8,80.4,1497600,MSN
2023-03-09 07:00:00,80.5,82.0,80.1,80.8,1257800,MSN
2023-03-10 07:00:00,80.5,84.5,80.5,83.9,1407600,MSN
2023-03-13 07:00:00,83.8,85.8,83.8,84.5,1593800,MSN
2023-03-14 07:00:00,84.1,85.0,82.5,83.6,939100,MSN
2023-03-15 07:00:00,83.7,85.1,83.6,84.7,1108600,MSN
2023-03-16 07:00:00,84.7,84.7,82.0,83.8,897900,MSN
2023-03-17 07:00:00,83.8,84.0,82.7,83.5,1173700,MSN
2023-03-20 07:00:00,82.6,82.8,79.4,81.5,1328800,MSN
2023-03-21 07:00:00,81.5,83.2,79.0,80.1,1059400,MSN
2023-03-22 07:00:00,80.2,80.6,78.2,80.5,2038600,MSN
2023-03-23 07:00:00,79.7,79.7,78.5,79.0,1501600,MSN
2023-03-24 07:00:00,79.0,79.0,77.7,78.0,1368800,MSN
2023-03-27 07:00:00,78.2,78.2,76.2,76.7,1640300,MSN
2023-03-28 07:00:00,77.5,77.8,76.8,77.6,1759500,MSN
2023-03-29 07:00:00,77.6,78.8,76.8,78.8,1178200,MSN
2023-03-30 07:00:00,79.3,79.6,78.5,79.2,1105900,MSN
2023-03-31 07:00:00,79.2,79.4,77.8,77.8,1340600,MSN
2023-04-03 07:00:00,78.8,78.8,76.8,76.8,1651800,MSN
2023-04-04 07:00:00,76.9,78.6,76.9,78.4,1319600,MSN
2023-04-05 07:00:00,78.7,79.2,77.6,78.4,835000,MSN
2023-04-06 07:00:00,78.1,78.4,77.0,77.0,1050000,MSN
2023-04-07 07:00:00,77.0,77.9,76.9,77.6,611100,MSN
2023-04-10 07:00:00,77.7,78.1,77.1,77.2,863300,MSN
2023-04-11 07:00:00,77.6,78.0,77.2,77.9,753700,MSN
2023-04-12 07:00:00,77.9,80.2,77.9,79.5,1601300,MSN
2023-04-13 07:00:00,80.0,80.5,79.2,79.2,1223300,MSN
2023-04-14 07:00:00,79.3,79.9,78.1,78.1,1415100,MSN
2023-04-17 07:00:00,78.0,78.2,77.2,78.1,912500,MSN
2023-04-18 07:00:00,78.2,78.5,77.8,78.2,536300,MSN
2023-04-19 07:00:00,78.2,79.8,78.0,78.7,1244600,MSN
2023-04-20 07:00:00,79.0,79.1,77.7,78.0,754800,MSN
2023-04-21 07:00:00,78.0,78.1,76.2,76.4,1126600,MSN
2023-04-24 07:00:00,76.6,76.6,73.3,73.3,1591200,MSN
2023-04-25 07:00:00,73.9,73.9,71.1,71.3,1018400,MSN
2023-04-26 07:00:00,71.3,71.9,70.5,71.4,1167500,MSN
2023-04-27 07:00:00,71.7,72.9,71.3,72.3,466300,MSN
2023-04-28 07:00:00,72.7,73.2,72.3,73.1,612100,MSN
2023-05-04 07:00:00,72.8,72.8,70.6,70.6,824100,MSN
2023-05-05 07:00:00,70.6,73.1,70.5,73.0,950000,MSN
2023-05-08 07:00:00,73.5,75.2,73.1,74.1,1035000,MSN
2023-05-09 07:00:00,74.1,74.6,73.4,73.6,646900,MSN
2023-05-10 07:00:00,74.0,75.0,73.6,73.6,749900,MSN
2023-05-11 07:00:00,73.7,74.3,73.3,73.8,454100,MSN
2023-05-12 07:00:00,73.3,74.5,73.3,74.4,431700,MSN
2023-05-15 07:00:00,74.4,75.2,74.1,74.1,718700,MSN
2023-05-16 07:00:00,74.1,74.2,73.2,73.3,384400,MSN
2023-05-17 07:00:00,73.3,74.0,73.0,73.1,645600,MSN
2023-05-18 07:00:00,73.2,73.8,72.7,73.2,994700,MSN
2023-05-19 07:00:00,73.2,73.2,71.6,72.4,760300,MSN
2023-05-22 07:00:00,71.4,72.5,71.4,72.0,809500,MSN
2023-05-23 07:00:00,72.0,72.0,70.2,70.4,2296900,MSN
2023-05-24 07:00:00,70.9,71.9,70.0,71.8,951300,MSN
2023-05-25 07:00:00,71.8,72.5,70.8,72.0,740000,MSN
2023-05-26 07:00:00,71.8,72.1,71.4,72.0,757500,MSN
2023-05-29 07:00:00,72.1,72.2,71.4,71.6,483800,MSN
2023-05-30 07:00:00,71.6,73.2,71.6,72.8,946700,MSN
2023-05-31 07:00:00,72.9,73.5,72.0,72.0,718500,MSN
2023-06-01 07:00:00,72.0,72.2,71.5,71.8,326400,MSN
2023-06-02 07:00:00,72.0,72.7,71.8,72.3,936100,MSN
2023-06-05 07:00:00,73.0,74.7,72.8,74.1,2010900,MSN
2023-06-06 07:00:00,74.0,74.6,73.5,73.6,1265200,MSN
2023-06-07 07:00:00,74.2,75.7,73.5,75.5,2296600,MSN
2023-06-08 07:00:00,76.3,76.4,74.3,74.4,1251100,MSN
2023-06-09 07:00:00,75.0,76.9,74.2,76.5,2410700,MSN
2023-06-12 07:00:00,77.0,78.4,76.6,78.4,2600400,MSN
2023-06-13 07:00:00,78.6,78.8,77.9,78.8,1699700,MSN
2023-06-14 07:00:00,78.8,79.4,77.8,78.0,2339300,MSN
2023-06-15 07:00:00,78.0,78.1,76.7,77.1,1224800,MSN
2023-06-16 07:00:00,77.5,77.6,75.4,76.6,2124500,MSN
2023-06-19 07:00:00,76.5,76.5,74.5,74.5,1152200,MSN
2023-06-20 07:00:00,74.3,75.3,74.3,75.2,605600,MSN
2023-06-21 07:00:00,75.1,76.2,74.6,76.1,1015400,MSN
2023-06-22 07:00:00,76.1,76.5,75.8,76.3,850900,MSN
2023-06-23 07:00:00,76.1,77.8,75.7,77.3,1600600,MSN
2023-06-26 07:00:00,78.0,79.0,77.0,77.7,981300,MSN
2023-06-27 07:00:00,77.8,78.0,76.9,77.7,685500,MSN
2023-06-28 07:00:00,77.9,77.9,76.7,77.0,691700,MSN
2023-06-29 07:00:00,76.8,76.8,75.4,75.4,1147500,MSN
2023-06-30 07:00:00,75.4,76.2,75.2,75.2,866600,MSN
2023-07-03 07:00:00,75.2,76.0,75.2,75.4,646200,MSN
2023-07-04 07:00:00,75.4,75.9,75.3,75.6,823200,MSN
2023-07-05 07:00:00,75.9,76.3,75.5,75.8,1395400,MSN
2023-07-06 07:00:00,75.5,76.1,75.5,76.0,964100,MSN
2023-07-07 07:00:00,76.2,76.2,75.2,75.2,1421500,MSN
2023-07-10 07:00:00,75.4,77.9,75.4,77.9,2345800,MSN
2023-07-11 07:00:00,78.1,80.1,78.1,79.2,2849800,MSN
2023-07-12 07:00:00,80.1,80.1,79.0,79.5,1607300,MSN
2023-07-13 07:00:00,79.6,81.9,79.5,81.8,2671400,MSN
2023-07-14 07:00:00,82.0,82.7,80.7,81.8,1690600,MSN
2023-07-17 07:00:00,81.8,81.8,80.5,80.7,1453800,MSN
2023-07-18 07:00:00,80.6,81.3,80.2,80.5,1274400,MSN
2023-07-19 07:00:00,80.6,81.3,80.5,80.8,1370700,MSN
2023-07-20 07:00:00,80.9,80.9,79.1,79.5,2335700,MSN
2023-07-21 07:00:00,79.5,83.0,79.5,83.0,2083200,MSN
2023-07-24 07:00:00,84.6,84.7,83.2,84.0,2678700,MSN
2023-07-25 07:00:00,84.1,84.5,83.0,83.4,1938900,MSN
2023-07-26 07:00:00,83.4,85.2,83.2,84.6,1719300,MSN
2023-07-27 07:00:00,84.5,84.7,84.0,84.2,1846200,MSN
2023-07-28 07:00:00,84.2,86.2,84.0,86.1,2241800,MSN
2023-07-31 07:00:00,87.0,88.2,86.8,87.3,2580800,MSN
2023-08-01 07:00:00,87.6,87.6,86.4,86.7,1843700,MSN
2023-08-02 07:00:00,86.4,86.4,85.1,85.2,2264000,MSN
2023-08-03 07:00:00,85.5,86.6,85.2,86.1,1880500,MSN
2023-08-04 07:00:00,86.3,86.7,85.7,86.3,2037600,MSN
2023-08-07 07:00:00,86.7,88.2,86.0,88.2,2407300,MSN
2023-08-08 07:00:00,89.3,89.4,87.9,89.2,2451900,MSN
2023-08-09 07:00:00,89.0,89.0,87.8,88.0,2415600,MSN
2023-08-10 07:00:00,87.3,87.9,83.0,83.0,4724500,MSN
2023-08-11 07:00:00,82.8,85.0,82.5,84.5,2070900,MSN
2023-08-14 07:00:00,84.5,84.5,82.2,82.2,2720900,MSN
2023-08-15 07:00:00,82.5,83.8,81.4,82.4,2240300,MSN
2023-08-16 07:00:00,82.3,82.4,81.2,81.8,1866300,MSN
2023-08-17 07:00:00,81.8,82.8,81.4,82.1,1885500,MSN
2023-08-18 07:00:00,82.1,82.4,77.8,79.0,4020300,MSN
2023-08-21 07:00:00,78.3,79.8,78.3,78.4,2250500,MSN
2023-08-22 07:00:00,78.5,78.9,76.3,77.7,1849900,MSN
2023-08-23 07:00:00,78.0,78.6,77.0,77.5,1456000,MSN
2023-08-24 07:00:00,77.3,80.0,77.3,80.0,1756900,MSN
2023-08-25 07:00:00,80.0,80.5,79.2,79.7,1178100,MSN
2023-08-28 07:00:00,79.7,80.8,79.5,80.7,1100800,MSN
2023-08-29 07:00:00,81.2,81.4,79.8,80.0,1728500,MSN
2023-08-30 07:00:00,80.0,80.1,79.3,79.6,1580000,MSN
2023-08-31 07:00:00,80.0,81.7,79.5,81.5,2545900,MSN
2023-09-05 07:00:00,82.3,82.4,81.3,81.5,1426200,MSN
2023-09-06 07:00:00,81.5,82.7,80.8,82.7,1831100,MSN
2023-09-07 07:00:00,83.5,83.9,82.0,82.0,2102600,MSN
2023-09-08 07:00:00,82.1,83.5,81.8,81.8,3064800,MSN
2023-09-11 07:00:00,82.1,82.4,79.6,79.6,3008800,MSN
2023-09-12 07:00:00,80.0,81.0,79.3,81.0,1513100,MSN
2023-09-13 07:00:00,81.0,81.4,79.9,80.1,1618400,MSN
2023-09-14 07:00:00,80.4,80.4,78.3,78.6,1810500,MSN
2023-09-15 07:00:00,78.8,80.7,78.4,79.7,2314600,MSN
2023-09-18 07:00:00,79.7,79.7,78.1,78.5,1009600,MSN
2023-09-19 07:00:00,78.3,79.4,78.0,79.0,1116700,MSN
2023-09-20 07:00:00,78.8,79.8,78.7,79.7,2339000,MSN
2023-09-21 07:00:00,79.5,80.1,78.5,78.8,1493900,MSN
2023-09-22 07:00:00,77.4,78.0,75.4,75.4,2281400,MSN
2023-09-25 07:00:00,75.0,75.4,70.3,70.3,3403100,MSN
2023-09-26 07:00:00,70.3,74.9,70.3,73.0,2269800,MSN
2023-09-27 07:00:00,73.0,76.0,72.6,76.0,2155500,MSN
2023-09-28 07:00:00,74.5,77.0,73.1,76.5,1700600,MSN
2023-09-29 07:00:00,76.5,76.5,75.2,76.3,1276500,MSN
2023-10-02 07:00:00,76.2,78.7,76.0,77.4,2722000,MSN
2023-10-03 07:00:00,77.4,77.4,74.0,74.0,2189000,MSN
2023-10-04 07:00:00,73.0,75.0,72.8,73.5,1448600,MSN
2023-10-05 07:00:00,73.6,74.8,72.8,72.8,877900,MSN
2023-10-06 07:00:00,72.7,72.9,71.0,72.7,2313000,MSN
2023-10-09 07:00:00,72.2,74.0,72.1,73.5,854300,MSN
2023-10-10 07:00:00,74.0,74.3,73.2,73.2,926500,MSN
2023-10-11 07:00:00,73.5,73.8,72.2,73.8,909700,MSN
2023-10-12 07:00:00,74.0,74.1,73.0,73.1,1055400,MSN
2023-10-13 07:00:00,72.5,73.5,71.6,72.7,1242300,MSN
2023-10-16 07:00:00,72.5,72.5,71.6,71.6,1004000,MSN
2023-10-17 07:00:00,72.0,72.3,71.0,71.0,727500,MSN
2023-10-18 07:00:00,71.0,71.5,67.5,68.3,1882700,MSN
2023-10-19 07:00:00,68.3,68.4,65.9,66.4,2406000,MSN
2023-10-20 07:00:00,66.4,69.0,65.9,69.0,1883100,MSN
2023-10-23 07:00:00,68.0,68.1,65.8,66.0,2129600,MSN
2023-10-24 07:00:00,66.2,67.3,64.9,66.9,1638700,MSN
2023-10-25 07:00:00,67.0,67.5,66.0,66.0,1385400,MSN
2023-10-26 07:00:00,64.8,64.8,61.4,61.4,3585400,MSN
2023-10-27 07:00:00,62.0,62.0,57.2,57.8,4376500,MSN
2023-10-30 07:00:00,56.0,59.2,56.0,58.0,2162100,MSN
2023-10-31 07:00:00,59.0,59.0,56.0,58.2,2913300,MSN
2023-11-01 07:00:00,58.2,59.5,57.0,59.5,1807900,MSN
2023-11-02 07:00:00,60.5,62.8,59.8,62.7,1571400,MSN
2023-11-03 07:00:00,63.0,63.9,61.7,63.9,1619400,MSN
2023-11-06 07:00:00,64.0,64.6,63.0,64.0,1132500,MSN
2023-11-07 07:00:00,64.0,64.0,62.0,62.0,1583400,MSN
2023-11-08 07:00:00,62.0,63.9,60.5,63.8,2102400,MSN
2023-11-09 07:00:00,63.9,64.5,62.7,62.8,1616400,MSN
2023-11-10 07:00:00,62.0,63.4,61.7,61.7,1581800,MSN
2023-11-13 07:00:00,62.0,62.9,61.0,62.0,1203300,MSN
2023-11-14 07:00:00,62.2,62.8,61.6,62.6,1533100,MSN
2023-11-15 07:00:00,63.6,66.9,63.5,65.8,3867100,MSN
2023-11-16 07:00:00,66.8,66.9,65.4,66.0,1450600,MSN
2023-11-17 07:00:00,66.7,67.0,63.4,64.1,2889900,MSN
2023-11-20 07:00:00,62.7,65.0,62.7,63.6,1336400,MSN
2023-11-21 07:00:00,64.9,64.9,63.6,64.6,1393000,MSN
2023-11-22 07:00:00,64.7,65.5,63.6,64.9,1764000,MSN
2023-11-23 07:00:00,65.5,65.5,63.3,63.3,1594500,MSN
2023-11-24 07:00:00,63.4,63.5,60.6,61.8,2092400,MSN
2023-11-27 07:00:00,62.0,62.3,60.9,60.9,1253800,MSN
2023-11-28 07:00:00,60.9,61.8,59.9,61.3,1182700,MSN
2023-11-29 07:00:00,61.5,63.0,61.5,62.9,1595200,MSN
2023-11-30 07:00:00,62.2,62.9,60.5,60.5,2262200,MSN
2023-12-01 07:00:00,61.0,61.8,60.8,61.5,1080400,MSN
2023-12-04 07:00:00,61.5,63.0,61.5,62.2,1303600,MSN
2023-12-05 07:00:00,62.3,62.4,61.4,61.4,1426500,MSN
2023-12-06 07:00:00,61.4,62.3,61.4,62.1,1534400,MSN
2023-12-07 07:00:00,62.2,64.2,62.1,63.5,3977500,MSN
2023-12-08 07:00:00,63.5,66.9,63.5,66.2,5420600,MSN
2023-12-11 07:00:00,66.8,68.0,66.7,67.5,2893500,MSN
2023-12-12 07:00:00,67.7,67.7,65.7,66.2,3134200,MSN
2023-12-13 07:00:00,66.5,67.4,65.7,65.8,2727000,MSN
2023-12-14 07:00:00,66.3,66.5,64.8,65.0,1750100,MSN
2023-12-15 07:00:00,65.0,65.0,63.0,63.0,4208100,MSN
2023-12-18 07:00:00,63.2,63.8,62.6,62.9,1640800,MSN
2023-12-19 07:00:00,62.9,63.5,61.8,62.2,2055200,MSN
2023-12-20 07:00:00,62.8,64.0,62.5,63.9,1625900,MSN
2023-12-21 07:00:00,63.0,64.4,63.0,63.7,1375900,MSN
2023-12-22 07:00:00,64.0,64.2,63.0,63.0,2188600,MSN
2023-12-25 07:00:00,63.2,66.5,63.2,66.4,3234900,MSN
2023-12-26 07:00:00,66.9,66.9,65.6,66.2,2681200,MSN
2023-12-27 07:00:00,66.2,67.9,66.0,67.0,2866200,MSN
2023-12-28 07:00:00,67.1,67.6,66.6,67.0,1859800,MSN
2023-12-29 07:00:00,67.1,68.3,67.0,67.0,2217700,MSN
2024-01-02 07:00:00,67.7,69.3,67.3,68.4,3624100,MSN
2024-01-03 07:00:00,68.0,68.9,67.7,68.9,1720500,MSN
2024-01-04 07:00:00,69.0,69.1,68.1,68.1,2526000,MSN
2024-01-05 07:00:00,68.2,68.3,66.6,67.9,3405400,MSN
2024-01-08 07:00:00,68.0,68.0,66.6,66.6,2683300,MSN
2024-01-09 07:00:00,66.7,67.4,66.0,66.1,2177500,MSN
2024-01-10 07:00:00,66.2,67.5,66.1,66.2,1883100,MSN
2024-01-11 07:00:00,66.4,66.9,66.0,66.1,2173000,MSN
2024-01-12 07:00:00,66.0,66.0,64.8,64.8,2390500,MSN
2024-01-15 07:00:00,65.3,66.1,65.2,65.6,1312000,MSN
2024-01-16 07:00:00,65.6,67.3,65.3,67.1,1938100,MSN
2024-01-17 07:00:00,67.1,67.5,66.3,66.3,1904200,MSN
2024-01-18 07:00:00,66.4,67.0,66.4,66.4,1290100,MSN
2024-01-19 07:00:00,66.7,68.4,66.7,67.8,3305300,MSN
2024-01-22 07:00:00,68.5,68.5,67.0,67.7,1775900,MSN
2024-01-23 07:00:00,67.8,67.8,66.5,67.5,2445600,MSN
2024-01-24 07:00:00,67.0,67.5,66.2,66.2,2446900,MSN
2024-01-25 07:00:00,66.4,66.8,66.1,66.8,1161400,MSN
2024-01-26 07:00:00,67.0,67.0,65.8,65.8,1936600,MSN
2024-01-29 07:00:00,66.0,66.4,65.5,65.6,1429100,MSN
2024-01-30 07:00:00,65.6,66.6,65.6,66.1,1170700,MSN
2024-01-31 07:00:00,66.5,66.6,64.4,64.4,2589000,MSN
2024-02-01 07:00:00,64.4,65.5,64.4,65.1,1692500,MSN
2024-02-02 07:00:00,65.6,65.6,65.0,65.4,1607400,MSN
2024-02-05 07:00:00,65.4,65.7,64.7,64.9,1612700,MSN
2024-02-06 07:00:00,65.3,65.3,64.7,64.8,1607300,MSN
2024-02-07 07:00:00,65.0,65.3,64.6,64.9,1352400,MSN
2024-02-15 07:00:00,65.0,65.7,64.9,64.9,2030300,MSN
2024-02-16 07:00:00,65.1,66.4,65.1,66.2,2714100,MSN
2024-02-19 07:00:00,66.5,69.4,66.5,68.9,7833600,MSN
2024-02-20 07:00:00,69.7,69.7,68.2,68.8,3375900,MSN
2024-02-21 07:00:00,68.8,68.9,67.7,68.0,3336800,MSN
2024-02-22 07:00:00,68.1,69.3,67.8,68.1,4149500,MSN
2024-02-23 07:00:00,68.3,68.9,66.6,66.7,4792400,MSN
2024-02-26 07:00:00,66.7,67.4,66.1,66.7,2921700,MSN
2024-02-27 07:00:00,66.7,68.2,66.7,67.6,3037600,MSN
2024-02-28 07:00:00,68.0,68.4,67.7,68.3,3481000,MSN
2024-02-29 07:00:00,69.4,71.5,69.1,70.4,8297600,MSN
2024-03-01 07:00:00,70.4,71.2,70.0,70.5,3757800,MSN
2024-03-04 07:00:00,70.7,71.1,69.9,70.8,5315800,MSN
2024-03-05 07:00:00,71.2,75.7,70.9,75.7,12999600,MSN
2024-03-06 07:00:00,76.8,77.8,75.7,76.9,6843400,MSN
2024-03-07 07:00:00,77.0,80.8,76.4,80.8,8721100,MSN
2024-03-08 07:00:00,81.0,81.0,78.0,78.5,7454600,MSN
2024-03-11 07:00:00,78.5,81.1,76.6,77.5,7103800,MSN
2024-03-12 07:00:00,77.5,79.4,77.2,78.7,5975700,MSN
2024-03-13 07:00:00,79.0,81.0,78.9,80.9,7035500,MSN
2024-03-14 07:00:00,81.5,81.6,78.7,78.9,6416700,MSN
2024-03-15 07:00:00,78.3,79.2,76.8,78.5,6908900,MSN
2024-03-18 07:00:00,77.8,78.9,73.9,77.9,7516900,MSN
2024-03-19 07:00:00,77.9,79.4,77.2,77.4,3129300,MSN
2024-03-20 07:00:00,77.4,77.8,76.5,77.3,4238700,MSN
2024-03-21 07:00:00,78.5,78.8,77.6,78.0,4982600,MSN
2024-03-22 07:00:00,79.3,80.9,78.3,78.5,6018700,MSN
2024-03-25 07:00:00,78.0,78.5,75.4,75.5,8724000,MSN
2024-03-26 07:00:00,75.9,76.2,74.0,74.0,6370600,MSN
2024-03-27 07:00:00,75.0,76.1,74.1,75.4,6073600,MSN
2024-03-28 07:00:00,76.9,77.7,75.7,76.0,6237000,MSN
2024-03-29 07:00:00,76.5,76.5,74.2,74.2,8324900,MSN
2024-04-01 07:00:00,74.4,74.9,72.6,73.4,7701100,MSN
2024-04-02 07:00:00,73.4,75.0,73.3,74.5,3738600,MSN
2024-04-03 07:00:00,74.5,75.4,73.2,73.4,4986800,MSN
2024-04-04 07:00:00,73.1,74.5,73.0,73.4,3739000,MSN
2024-04-05 07:00:00,72.8,73.2,71.9,71.9,5609400,MSN
2024-04-08 07:00:00,72.1,72.8,71.7,71.9,2804400,MSN
2024-04-09 07:00:00,72.4,73.5,72.2,73.5,4123400,MSN
2024-04-10 07:00:00,73.5,73.9,72.5,72.5,3030600,MSN
2024-04-11 07:00:00,71.9,72.2,71.5,71.8,3576900,MSN
2024-04-12 07:00:00,71.8,72.6,71.7,71.9,3572900,MSN
2024-04-15 07:00:00,71.9,71.9,66.9,66.9,10945300,MSN
2024-04-16 07:00:00,66.9,67.4,64.6,66.1,8049800,MSN
2024-04-17 07:00:00,66.4,68.9,65.5,66.8,7216500,MSN
2024-04-19 07:00:00,66.0,67.9,65.9,66.5,4767700,MSN
2024-04-22 07:00:00,67.3,67.5,66.7,66.9,2931700,MSN
2024-04-23 07:00:00,67.7,67.7,64.5,64.7,5047400,MSN
2024-04-24 07:00:00,65.5,67.5,65.2,66.9,3276700,MSN
2024-04-25 07:00:00,67.2,68.5,66.2,68.1,6074900,MSN
2024-04-26 07:00:00,67.5,68.3,67.1,67.2,3593000,MSN
2024-05-02 07:00:00,67.8,68.0,67.1,68.0,2279400,MSN
2024-05-03 07:00:00,68.6,70.9,68.1,69.8,7049300,MSN
2024-05-06 07:00:00,70.7,71.3,70.1,71.1,5105300,MSN
2024-05-07 07:00:00,71.4,71.5,70.5,71.2,3244000,MSN
2024-05-08 07:00:00,70.9,73.2,70.2,72.3,6123100,MSN
2024-05-09 07:00:00,72.1,73.8,70.6,71.4,7165500,MSN
2024-05-10 07:00:00,71.4,71.9,70.6,70.8,3714800,MSN
2024-05-13 07:00:00,70.9,71.7,70.3,70.8,2571500,MSN
2024-05-14 07:00:00,71.0,71.4,70.1,70.6,3692100,MSN
2024-05-15 07:00:00,72.0,73.3,71.9,72.2,6888800,MSN
2024-05-16 07:00:00,72.9,73.0,72.0,72.4,4045400,MSN
2024-05-17 07:00:00,72.6,76.0,72.4,75.5,12300700,MSN
2024-05-20 07:00:00,76.5,77.3,75.7,76.4,7869900,MSN
2024-05-21 07:00:00,76.2,76.5,74.9,75.8,5878600,MSN
2024-05-22 07:00:00,76.0,76.4,73.8,73.9,8354500,MSN
2024-05-23 07:00:00,73.9,75.8,73.2,75.8,6128100,MSN
2024-05-24 07:00:00,75.5,76.3,73.1,73.5,7669800,MSN
2024-05-27 07:00:00,73.5,74.0,72.7,73.5,3881500,MSN
2024-05-28 07:00:00,74.2,75.5,73.8,75.5,5100400,MSN
2024-05-29 07:00:00,75.7,76.9,75.0,75.0,8003700,MSN
2024-05-30 07:00:00,74.3,77.4,74.1,77.2,11161400,MSN
2024-05-31 07:00:00,78.0,78.4,76.6,76.6,5592200,MSN
2024-06-03 07:00:00,77.3,78.5,76.8,77.7,6570000,MSN
2024-06-04 07:00:00,78.0,78.0,77.1,77.5,4403700,MSN
2024-06-05 07:00:00,77.5,79.4,77.5,78.1,7549800,MSN
2024-06-06 07:00:00,78.4,78.8,77.5,78.1,4727200,MSN
2024-06-07 07:00:00,78.5,78.6,77.0,77.6,4621100,MSN
2024-06-10 07:00:00,77.6,78.0,76.8,77.1,5324000,MSN
2024-06-11 07:00:00,77.2,77.5,75.7,75.8,6573500,MSN
2024-06-12 07:00:00,76.0,78.1,76.0,77.8,5837700,MSN
2024-06-13 07:00:00,78.5,78.8,78.0,78.6,6210400,MSN
2024-06-14 07:00:00,78.7,80.3,78.0,78.0,9028100,MSN
2024-06-17 07:00:00,78.0,78.0,76.2,76.2,6242500,MSN
2024-06-18 07:00:00,76.2,77.3,76.2,76.2,4126300,MSN
2024-06-19 07:00:00,76.7,76.7,74.9,75.6,6657600,MSN
2024-06-20 07:00:00,75.6,76.2,75.1,75.8,4159400,MSN
2024-06-21 07:00:00,75.8,77.5,75.5,76.2,3974100,MSN
2024-06-24 07:00:00,75.5,76.3,73.7,73.7,8305600,MSN
2024-06-25 07:00:00,74.2,74.5,73.6,73.9,5262400,MSN
2024-06-26 07:00:00,73.9,74.5,73.1,74.0,3527400,MSN
2024-06-27 07:00:00,73.9,75.2,73.6,74.5,3765600,MSN
2024-06-28 07:00:00,74.6,76.2,74.5,74.7,6405900,MSN
2024-07-01 07:00:00,74.7,76.2,74.7,76.0,2944600,MSN
2024-07-02 07:00:00,76.1,76.8,76.0,76.3,2695600,MSN
2024-07-03 07:00:00,76.5,76.6,75.8,76.5,2551200,MSN
2024-07-04 07:00:00,76.9,77.8,76.5,76.8,6265500,MSN
2024-07-05 07:00:00,77.0,77.0,76.3,76.7,2539100,MSN
2024-07-08 07:00:00,77.0,77.0,75.7,76.2,5961700,MSN
2024-07-09 07:00:00,76.2,76.5,75.5,76.5,5982100,MSN
2024-07-10 07:00:00,76.6,77.5,76.4,76.8,5381900,MSN
2024-07-11 07:00:00,77.2,77.2,75.8,75.8,3833600,MSN
2024-07-12 07:00:00,75.8,76.1,74.6,74.8,4442000,MSN
2024-07-15 07:00:00,74.8,75.0,74.2,74.5,2888200,MSN
2024-07-16 07:00:00,74.7,75.3,73.8,74.0,4286400,MSN
2024-07-17 07:00:00,74.3,74.3,71.0,71.8,5875500,MSN
2024-07-18 07:00:00,71.8,72.3,70.2,71.2,7523700,MSN
2024-07-19 07:00:00,71.5,71.6,70.7,71.0,4785600,MSN
2024-07-22 07:00:00,71.1,72.6,70.4,72.2,4068800,MSN
2024-07-23 07:00:00,72.4,72.4,70.1,71.0,3375900,MSN
2024-07-24 07:00:00,70.8,72.2,70.2,71.5,3435000,MSN
2024-07-25 07:00:00,71.1,71.4,70.8,71.0,1645300,MSN
2024-07-26 07:00:00,71.0,74.0,71.0,74.0,7229400,MSN
2024-07-29 07:00:00,74.8,74.9,73.7,74.0,3719200,MSN
2024-07-30 07:00:00,74.0,75.3,73.8,74.6,5717400,MSN
2024-07-31 07:00:00,75.0,75.0,74.1,74.1,3565400,MSN
2024-08-01 07:00:00,74.1,74.9,70.8,71.8,7659500,MSN
2024-08-02 07:00:00,71.0,73.2,71.0,72.2,5314700,MSN
2024-08-05 07:00:00,71.3,72.7,70.2,70.5,6260600,MSN
2024-08-06 07:00:00,71.0,73.4,70.5,73.2,5272100,MSN
2024-08-07 07:00:00,73.3,73.5,72.2,73.0,3653400,MSN
2024-08-08 07:00:00,73.0,75.6,72.7,74.5,9533100,MSN
2024-08-09 07:00:00,74.6,75.3,74.5,75.2,3965800,MSN
2024-08-12 07:00:00,75.5,76.2,74.3,75.2,4458500,MSN
2024-08-13 07:00:00,75.0,75.2,73.8,74.8,4760200,MSN
2024-08-14 07:00:00,75.2,77.3,74.9,76.5,10253700,MSN
2024-08-15 07:00:00,76.7,76.7,75.0,75.0,3319900,MSN
2024-08-16 07:00:00,75.4,77.5,75.2,77.3,8146700,MSN
2024-08-19 07:00:00,77.8,79.0,77.1,77.8,5460700,MSN
2024-08-20 07:00:00,77.7,79.1,77.5,77.6,5748400,MSN
2024-08-21 07:00:00,77.6,78.5,77.1,77.5,4523300,MSN
2024-08-22 07:00:00,77.7,79.6,77.3,78.0,6729800,MSN
2024-08-23 07:00:00,78.4,79.0,77.4,77.9,4063000,MSN
2024-08-26 07:00:00,78.1,78.2,76.2,76.2,7989100,MSN
2024-08-27 07:00:00,76.3,76.8,75.6,76.8,5246000,MSN
2024-08-28 07:00:00,77.0,77.9,76.8,77.1,4558700,MSN
2024-08-29 07:00:00,77.4,77.5,76.8,76.9,1890900,MSN
2024-08-30 07:00:00,77.1,77.6,76.5,76.5,3214000,MSN
2024-09-04 07:00:00,75.3,76.0,75.2,75.3,4905100,MSN
2024-09-05 07:00:00,75.2,75.9,74.1,74.1,5019900,MSN
2024-09-06 07:00:00,74.2,76.0,74.0,76.0,4443500,MSN
2024-09-09 07:00:00,75.8,75.9,75.1,75.4,3747400,MSN
2024-09-10 07:00:00,75.5,77.0,75.2,75.2,5918100,MSN
2024-09-11 07:00:00,75.2,75.7,74.8,75.1,2637200,MSN
2024-09-12 07:00:00,75.6,75.8,74.9,75.1,1664500,MSN
2024-09-13 07:00:00,75.1,75.4,74.2,74.2,2857800,MSN
2024-09-16 07:00:00,74.2,74.6,72.8,72.9,5065500,MSN
2024-09-17 07:00:00,73.0,74.5,72.8,74.5,2785100,MSN
2024-09-18 07:00:00,74.7,75.3,74.4,74.4,2719900,MSN
2024-09-19 07:00:00,74.5,74.8,74.0,74.4,2663300,MSN
2024-09-20 07:00:00,75.0,75.7,74.6,74.7,4014300,MSN
2024-09-23 07:00:00,74.7,75.3,74.4,74.4,1836800,MSN
2024-09-24 07:00:00,74.4,74.8,74.0,74.8,3044400,MSN
2024-09-25 07:00:00,75.1,75.8,75.1,75.5,5135300,MSN
2024-09-26 07:00:00,75.8,76.4,75.7,76.1,4617400,MSN
2024-09-27 07:00:00,76.3,76.4,75.2,75.9,3725200,MSN
2024-09-30 07:00:00,75.9,76.6,75.6,75.7,3473400,MSN
2024-10-01 07:00:00,75.8,77.4,75.8,76.6,6912000,MSN
2024-10-02 07:00:00,76.3,76.5,76.0,76.0,2345800,MSN
2024-10-03 07:00:00,76.0,77.3,76.0,76.0,7165200,MSN
2024-10-04 07:00:00,76.0,76.4,75.5,75.6,3189400,MSN
2024-10-07 07:00:00,76.0,76.3,74.5,74.8,4123200,MSN
2024-10-08 07:00:00,75.0,75.4,74.6,75.2,2771300,MSN
2024-10-09 07:00:00,75.3,77.1,75.1,77.0,8346300,MSN
2024-10-10 07:00:00,78.0,80.5,77.9,80.0,19870800,MSN
2024-10-11 07:00:00,80.2,81.1,79.5,81.1,6900400,MSN
2024-10-14 07:00:00,82.0,82.1,80.1,80.3,5907400,MSN
2024-10-15 07:00:00,80.3,81.5,80.2,80.8,6647800,MSN
2024-10-16 07:00:00,80.8,82.3,80.0,80.4,8065600,MSN
2024-10-17 07:00:00,80.6,81.0,79.3,81.0,5878300,MSN
2024-10-18 07:00:00,81.3,81.4,80.3,80.4,5100500,MSN
2024-10-21 07:00:00,80.1,81.2,79.7,80.2,5181300,MSN
2024-10-22 07:00:00,80.0,80.4,78.5,78.9,7311400,MSN
2024-10-23 07:00:00,79.0,80.1,78.3,79.4,4189400,MSN
2024-10-24 07:00:00,79.5,80.6,78.5,78.5,5506000,MSN
2024-10-25 07:00:00,79.1,79.3,77.2,77.2,10132900,MSN
2024-10-28 07:00:00,77.2,77.9,76.3,77.9,5735500,MSN
2024-10-29 07:00:00,78.1,78.2,77.3,78.0,3292200,MSN
2024-10-30 07:00:00,78.0,78.1,76.8,78.1,5638600,MSN
2024-10-31 07:00:00,77.3,77.4,76.0,76.6,8540200,MSN
2024-11-01 07:00:00,76.1,76.4,74.2,74.5,13047900,MSN
2024-11-04 07:00:00,74.5,74.7,73.1,73.2,8323700,MSN
2024-11-05 07:00:00,73.2,73.7,73.0,73.1,4967700,MSN
2024-11-06 07:00:00,73.5,74.4,73.3,74.2,6268000,MSN
2024-11-07 07:00:00,74.3,74.4,73.3,73.3,4433800,MSN
2024-11-08 07:00:00,73.3,73.6,72.2,72.3,7811800,MSN
2024-11-11 07:00:00,72.3,73.7,71.3,73.5,8239800,MSN
2024-11-12 07:00:00,73.5,73.9,72.4,72.5,3990400,MSN
2024-11-13 07:00:00,72.3,73.1,71.9,73.0,4122600,MSN
2024-11-14 07:00:00,72.6,73.2,71.4,71.4,4521100,MSN
2024-11-15 07:00:00,71.1,71.7,70.6,70.6,5685500,MSN
2024-11-18 07:00:00,70.6,71.1,69.3,70.3,5225100,MSN
2024-11-19 07:00:00,70.6,71.4,70.0,70.0,3920200,MSN
2024-11-20 07:00:00,69.9,70.9,69.1,70.3,3919900,MSN
2024-11-21 07:00:00,70.5,71.5,70.1,71.3,3799900,MSN
2024-11-22 07:00:00,71.3,71.6,70.8,71.0,3658600,MSN
2024-11-25 07:00:00,71.2,72.5,71.0,72.2,4915500,MSN
2024-11-26 07:00:00,72.3,73.1,72.1,72.7,4756300,MSN
2024-11-27 07:00:00,72.5,72.9,72.4,72.7,2239300,MSN
2024-11-28 07:00:00,72.9,73.0,72.2,72.4,3106100,MSN
2024-11-29 07:00:00,72.5,73.6,72.2,73.2,4424300,MSN
2024-12-02 07:00:00,73.2,73.5,72.5,72.6,2724700,MSN
2024-12-03 07:00:00,72.4,73.0,72.4,72.7,2928400,MSN
2024-12-04 07:00:00,72.5,72.5,71.4,72.1,4106400,MSN
2024-12-05 07:00:00,71.9,73.7,71.8,73.7,5390800,MSN
2024-12-06 07:00:00,74.1,74.2,73.2,73.4,5635400,MSN
2024-12-09 07:00:00,73.4,73.6,73.1,73.2,2810900,MSN
2024-12-10 07:00:00,73.0,73.3,72.7,72.7,2512300,MSN
2024-12-11 07:00:00,73.0,73.7,72.2,72.7,2857600,MSN
2024-12-12 07:00:00,72.5,72.7,72.1,72.1,2674500,MSN
2024-12-13 07:00:00,72.0,72.0,71.0,71.1,3536600,MSN
2024-12-16 07:00:00,71.2,71.7,70.9,71.1,2462600,MSN
2024-12-17 07:00:00,71.0,71.3,71.0,71.0,1652300,MSN
2024-12-18 07:00:00,71.1,71.4,71.0,71.4,2486900,MSN
2024-12-19 07:00:00,71.0,71.2,70.3,70.4,3513100,MSN
2024-12-20 07:00:00,70.5,70.6,70.0,70.3,2753800,MSN
2024-12-23 07:00:00,70.9,71.0,70.3,70.3,1755400,MSN
2024-12-24 07:00:00,70.4,70.6,69.9,70.2,3833400,MSN
2024-12-25 07:00:00,70.2,71.2,70.2,70.7,3713100,MSN
2024-12-26 07:00:00,71.1,71.3,70.5,70.5,2134200,MSN
2024-12-27 07:00:00,70.5,71.1,70.4,70.4,2398100,MSN
2024-12-30 07:00:00,70.3,70.8,70.0,70.1,1654300,MSN
2024-12-31 07:00:00,70.2,70.8,70.0,70.0,2800400,MSN
2025-01-02 07:00:00,70.1,70.9,70.0,70.8,2326400,MSN
2025-01-03 07:00:00,70.8,70.8,69.6,69.7,2679200,MSN
2025-01-06 07:00:00,69.8,70.2,67.2,67.2,5156900,MSN
2025-01-07 07:00:00,67.3,68.2,66.5,66.8,5735600,MSN
2025-01-08 07:00:00,66.9,68.0,66.6,67.7,2812900,MSN
2025-01-09 07:00:00,67.8,68.1,66.8,67.3,1886700,MSN
2025-01-10 07:00:00,67.3,67.4,65.5,65.5,2905200,MSN
2025-01-13 07:00:00,65.4,65.5,64.4,65.0,3672000,MSN
2025-01-14 07:00:00,65.0,65.3,63.7,63.7,3586600,MSN
2025-01-15 07:00:00,64.5,66.4,64.0,65.8,4159100,MSN
2025-01-16 07:00:00,66.5,66.5,65.3,66.3,2458700,MSN
2025-01-17 07:00:00,66.3,66.4,65.7,65.9,1689700,MSN
2025-01-20 07:00:00,66.0,66.3,65.5,65.5,1814200,MSN
2025-01-21 07:00:00,65.6,66.4,65.4,65.7,2258500,MSN
2025-01-22 07:00:00,65.8,66.2,65.2,65.2,2338800,MSN
2025-01-23 07:00:00,65.3,66.1,65.2,65.4,3685200,MSN
2025-01-24 07:00:00,65.5,68.0,65.4,68.0,6680300,MSN
2025-02-03 07:00:00,67.8,68.4,67.0,68.0,4360300,MSN
2025-02-04 07:00:00,68.1,68.8,68.1,68.6,3948000,MSN
2025-02-05 07:00:00,68.7,68.7,67.3,67.5,4852700,MSN
2025-02-06 07:00:00,67.5,68.1,67.2,67.4,2799000,MSN
2025-02-07 07:00:00,67.7,68.0,67.2,67.7,2265600,MSN
2025-02-10 07:00:00,67.8,69.7,67.8,68.8,6909800,MSN
2025-02-11 07:00:00,68.8,68.9,68.1,68.7,2435600,MSN
2025-02-12 07:00:00,68.7,69.1,68.3,69.0,2088500,MSN
2025-02-13 07:00:00,68.8,69.0,68.3,68.9,1824000,MSN
2025-02-14 07:00:00,69.2,69.4,67.8,68.1,2983400,MSN
2025-02-17 07:00:00,68.1,68.4,66.2,66.4,5693000,MSN
2025-02-18 07:00:00,66.4,67.2,66.0,66.4,2602400,MSN
2025-02-19 07:00:00,66.6,67.7,66.6,67.7,3261800,MSN
2025-02-20 07:00:00,68.0,68.0,67.5,68.0,2935400,MSN
2025-02-21 07:00:00,68.0,68.0,67.2,67.6,2315500,MSN
2025-02-24 07:00:00,67.2,67.7,66.8,67.6,3245600,MSN
2025-02-25 07:00:00,67.8,68.9,67.8,68.4,5119200,MSN
2025-02-26 07:00:00,68.4,68.6,68.0,68.3,2082800,MSN
2025-02-27 07:00:00,68.5,69.3,68.2,68.4,4565500,MSN
2025-02-28 07:00:00,68.4,68.5,67.5,67.7,3925400,MSN
2025-03-03 07:00:00,67.8,68.4,67.7,68.0,2758100,MSN
2025-03-04 07:00:00,68.0,69.1,67.4,69.1,5946400,MSN
2025-03-05 07:00:00,69.3,70.2,68.2,68.2,6222600,MSN
2025-03-06 07:00:00,68.4,69.2,68.2,69.2,4342500,MSN
2025-03-07 07:00:00,69.2,70.0,68.4,69.0,4410100,MSN
2025-03-10 07:00:00,69.0,69.9,68.7,68.9,5117800,MSN
2025-03-11 07:00:00,68.2,68.9,68.1,68.9,4533500,MSN
2025-03-12 07:00:00,68.9,69.7,68.7,68.7,4987800,MSN
2025-03-13 07:00:00,68.7,71.2,68.7,70.4,11573600,MSN
2025-03-14 07:00:00,70.5,71.9,70.4,71.1,7301100,MSN
2025-03-17 07:00:00,71.4,71.4,70.3,70.5,4528900,MSN
2025-03-18 07:00:00,70.7,71.3,69.6,69.6,6175200,MSN
2025-03-19 07:00:00,69.5,69.6,68.5,68.5,6651600,MSN
2025-03-20 07:00:00,68.5,69.1,68.2,68.4,3437000,MSN
2025-03-21 07:00:00,68.6,68.6,67.5,67.9,3804100,MSN
2025-03-24 07:00:00,67.8,68.8,67.8,68.5,2426900,MSN
2025-03-25 07:00:00,68.5,69.0,68.1,68.5,2767600,MSN
2025-03-26 07:00:00,68.6,69.6,68.3,68.3,3801800,MSN
2025-03-27 07:00:00,68.6,70.7,68.5,69.4,7235300,MSN
2025-03-28 07:00:00,69.4,69.6,68.3,68.5,3797400,MSN
2025-03-31 07:00:00,68.5,69.7,66.8,66.8,6976700,MSN
2025-04-01 07:00:00,67.8,67.8,65.6,66.2,6498900,MSN
2025-04-02 07:00:00,66.7,67.0,66.0,66.0,3637800,MSN
2025-04-03 07:00:00,63.0,63.9,61.4,61.4,10609500,MSN
2025-04-04 07:00:00,57.2,58.7,57.2,58.0,14296500,MSN
2025-04-08 07:00:00,55.1,56.8,54.0,54.0,5452200,MSN
2025-04-09 07:00:00,50.3,52.9,50.3,50.3,13474100,MSN
2025-04-10 07:00:00,53.8,53.8,53.8,53.8,491600,MSN
2025-04-11 07:00:00,55.4,57.5,53.1,57.1,14118700,MSN
2025-04-14 07:00:00,57.7,60.3,56.9,60.0,7927500,MSN
2025-04-15 07:00:00,59.0,60.9,58.1,58.5,6076700,MSN
2025-04-16 07:00:00,58.3,58.8,56.4,56.4,6391100,MSN
2025-04-17 07:00:00,55.0,57.6,55.0,57.3,4980400,MSN
2025-04-18 07:00:00,57.9,59.0,57.9,58.0,3630300,MSN
2025-04-21 07:00:00,58.0,58.5,56.9,58.1,3787400,MSN
2025-04-22 07:00:00,57.5,59.1,54.1,58.7,9268700,MSN
2025-04-23 07:00:00,59.7,59.9,58.9,59.6,5295500,MSN
2025-04-24 07:00:00,60.0,60.0,58.3,59.9,4948200,MSN
2025-04-25 07:00:00,60.0,62.0,59.9,62.0,10545400,MSN
2025-04-28 07:00:00,62.4,62.5,61.0,62.5,4247600,MSN
2025-04-29 07:00:00,61.8,62.5,61.8,62.5,3854100,MSN
2025-05-05 07:00:00,62.7,62.8,61.6,62.5,2950500,MSN
2025-05-06 07:00:00,62.4,62.4,61.8,62.0,3955400,MSN
2025-05-07 07:00:00,61.6,61.8,60.9,60.9,3353100,MSN
2025-05-08 07:00:00,61.0,63.0,60.7,63.0,4439500,MSN
2025-05-09 07:00:00,63.0,63.0,62.2,62.8,3321700,MSN
2025-05-12 07:00:00,62.8,63.3,62.0,62.0,3820500,MSN
2025-05-13 07:00:00,62.4,63.2,62.1,62.1,4735700,MSN
2025-05-14 07:00:00,62.3,63.7,62.2,62.3,5676400,MSN
2025-05-15 07:00:00,62.6,63.5,62.4,62.8,5773200,MSN
2025-05-16 07:00:00,62.6,63.0,61.7,62.5,5901500,MSN
2025-05-19 07:00:00,62.4,62.4,61.4,62.0,6012400,MSN
2025-05-20 07:00:00,62.0,63.1,61.5,62.7,5378500,MSN
2025-05-21 07:00:00,63.1,64.3,63.1,63.6,8645400,MSN
2025-05-22 07:00:00,63.6,64.6,63.2,64.0,7955100,MSN
2025-05-23 07:00:00,64.0,64.3,62.7,63.2,4290900,MSN
2025-05-26 07:00:00,63.2,63.8,61.5,63.8,4405400,MSN
2025-05-27 07:00:00,63.9,64.8,63.5,64.0,4747700,MSN
2025-05-28 07:00:00,64.1,64.5,63.5,63.9,4017900,MSN
2025-05-29 07:00:00,64.1,64.2,62.9,63.4,3507500,MSN
2025-05-30 07:00:00,63.0,63.1,62.0,62.0,4024000,MSN
2025-06-02 07:00:00,62.0,62.5,61.7,62.1,2287700,MSN
2025-06-03 07:00:00,62.3,63.6,62.3,63.3,4281300,MSN
2025-06-04 07:00:00,63.5,64.4,63.0,64.1,6891000,MSN
2025-06-05 07:00:00,64.4,65.8,63.9,65.8,11745400,MSN
2025-06-06 07:00:00,65.9,66.4,64.7,65.0,4122600,MSN
2025-06-09 07:00:00,65.0,65.0,63.5,64.1,5031500,MSN
2025-06-10 07:00:00,64.5,65.5,64.1,64.8,5622000,MSN
2025-06-11 07:00:00,64.8,65.2,64.1,64.8,2850500,MSN
2025-06-12 07:00:00,65.3,66.0,65.2,65.8,6866200,MSN
2025-06-13 07:00:00,65.0,65.4,64.3,65.4,5911100,MSN
2025-06-16 07:00:00,65.7,67.0,65.4,66.8,7846900,MSN
2025-06-17 07:00:00,67.0,67.9,66.2,67.9,5760000,MSN
2025-06-18 07:00:00,67.9,67.9,66.6,67.5,5472800,MSN
2025-06-19 07:00:00,67.0,67.5,66.1,67.5,5629600,MSN
2025-06-20 07:00:00,67.4,67.6,66.8,67.5,6005100,MSN
2025-06-23 07:00:00,66.8,68.0,66.2,68.0,5818700,MSN
2025-06-24 07:00:00,68.9,69.3,68.3,69.2,6555800,MSN
2025-06-25 07:00:00,69.7,70.4,69.1,70.3,7935800,MSN
2025-06-26 07:00:00,70.4,72.0,70.2,72.0,8616800,MSN
2025-06-27 07:00:00,72.3,76.9,72.0,76.8,14084900,MSN
2025-06-30 07:00:00,76.6,77.4,76.0,76.8,8361100,MSN
2025-07-01 07:00:00,76.2,76.7,74.9,75.2,6823100,MSN
2025-07-02 07:00:00,75.0,76.3,74.6,75.2,4787500,MSN
2025-07-03 07:00:00,74.8,76.3,74.1,74.5,5988200,MSN
2025-07-04 07:00:00,74.7,75.0,73.7,74.6,4470400,MSN
2025-07-07 07:00:00,75.0,75.7,74.3,74.8,5874900,MSN
2025-07-08 07:00:00,74.9,76.2,74.6,75.6,7088700,MSN
2025-07-09 07:00:00,76.5,76.5,75.4,75.8,7231700,MSN
2025-07-10 07:00:00,76.0,78.4,75.9,76.9,12326900,MSN
2025-07-11 07:00:00,76.8,77.5,76.1,76.5,8284200,MSN
2025-07-14 07:00:00,76.9,77.1,74.6,75.3,6527400,MSN
2025-07-15 07:00:00,75.3,76.7,74.5,74.5,8071700,MSN
2025-07-16 07:00:00,74.3,75.5,74.0,75.0,6128400,MSN
2025-07-17 07:00:00,75.8,77.3,75.6,76.2,10772700,MSN
2025-07-18 07:00:00,76.5,81.0,76.5,79.1,14574300,MSN
2025-07-21 07:00:00,79.6,79.8,77.5,77.5,7866900,MSN
2025-07-22 07:00:00,77.3,78.4,76.6,77.7,7375500,MSN
2025-07-23 07:00:00,78.7,79.3,77.2,77.3,8228200,MSN
2025-07-24 07:00:00,77.5,77.5,75.4,76.0,16440600,MSN
2025-07-25 07:00:00,76.0,77.2,75.5,75.8,8684800,MSN
2025-07-28 07:00:00,76.2,78.6,75.9,77.6,12672700,MSN
2025-07-29 07:00:00,78.5,78.5,72.2,72.2,16023900,MSN
2025-07-30 07:00:00,73.0,73.5,71.0,73.0,9483500,MSN
2025-07-31 07:00:00,73.1,73.4,70.8,72.5,9176600,MSN
2025-08-01 07:00:00,72.3,72.5,71.1,72.5,5598500,MSN
2025-08-04 07:00:00,72.1,74.0,71.8,73.9,5917800,MSN
2025-08-05 07:00:00,74.0,77.2,73.5,74.6,18436200,MSN
2025-08-06 07:00:00,75.6,76.8,75.2,76.0,9656300,MSN
2025-08-07 07:00:00,76.4,77.8,75.8,76.2,9815900,MSN
2025-08-08 07:00:00,76.5,77.7,75.6,76.7,11377400,MSN
2025-08-11 07:00:00,77.9,82.0,77.8,82.0,29731100,MSN
2025-08-12 07:00:00,85.0,86.0,82.3,83.6,13213200,MSN
2025-08-13 07:00:00,84.4,87.4,82.1,85.9,24211400,MSN
2025-08-14 07:00:00,86.6,86.8,83.8,84.8,13527300,MSN
2025-08-15 07:00:00,84.8,86.2,82.7,83.1,13662000,MSN
2025-08-18 07:00:00,83.1,84.4,83.0,83.9,8972500,MSN
2025-08-19 07:00:00,84.5,86.5,83.2,85.0,14531000,MSN
2025-08-20 07:00:00,86.8,87.4,81.0,83.9,19059400,MSN
2025-08-21 07:00:00,83.9,84.8,83.3,84.3,9701000,MSN
2025-08-22 07:00:00,83.0,83.4,79.7,81.0,18642000,MSN
2025-08-25 07:00:00,81.3,81.8,78.3,79.5,10287200,MSN
2025-08-26 07:00:00,78.7,81.1,78.2,81.1,8579900,MSN
2025-08-27 07:00:00,81.3,82.8,81.2,82.2,8098600,MSN
2025-08-28 07:00:00,82.5,83.3,81.9,83.1,6539900,MSN
2025-08-29 07:00:00,83.2,83.6,82.2,83.0,7420100,MSN
2025-09-03 07:00:00,83.5,85.3,82.9,83.0,9531800,MSN
2025-09-04 07:00:00,83.5,85.3,82.0,84.8,13228500,MSN
2025-09-05 07:00:00,86.3,87.4,83.0,83.0,12005700,MSN
2025-09-08 07:00:00,82.6,83.3,80.0,81.0,13945500,MSN
2025-09-09 07:00:00,81.0,81.3,79.8,81.0,6003800,MSN
2025-09-10 07:00:00,81.4,81.4,80.0,81.0,4256100,MSN
2025-09-11 07:00:00,80.8,82.3,79.1,82.0,10202400,MSN
2025-09-12 07:00:00,82.3,86.9,81.6,86.0,21808200,MSN
2025-09-15 07:00:00,86.8,89.0,86.3,88.5,16596700,MSN
2025-09-16 07:00:00,89.0,89.0,86.8,86.8,13155500,MSN
2025-09-17 07:00:00,86.6,86.9,84.2,84.2,11516500,MSN
2025-09-18 07:00:00,84.4,85.2,83.5,84.0,6725200,MSN
2025-09-19 07:00:00,84.6,84.7,83.3,83.9,10383000,MSN
2025-09-22 07:00:00,83.9,84.0,81.0,81.9,8824400,MSN
2025-09-23 07:00:00,81.9,82.6,81.5,81.9,3808100,MSN
2025-09-24 07:00:00,82.0,83.7,81.1,82.9,5235500,MSN
2025-09-25 07:00:00,83.5,83.6,82.2,82.2,4585800,MSN
2025-09-26 07:00:00,82.2,83.5,82.0,82.2,6728100,MSN
2025-09-29 07:00:00,82.2,82.5,81.3,81.8,4298200,MSN
2025-09-30 07:00:00,82.0,82.0,80.5,81.0,4726100,MSN
2025-10-01 07:00:00,81.1,82.3,81.1,81.3,3192800,MSN
2025-10-02 07:00:00,81.5,82.1,81.0,81.5,3777300,MSN
2025-10-03 07:00:00,81.2,81.2,79.4,80.0,6475000,MSN
2025-10-06 07:00:00,81.4,83.3,81.0,83.0,8979600,MSN
2025-10-07 07:00:00,83.3,83.4,82.5,82.5,5203300,MSN
2025-10-08 07:00:00,83.7,84.4,82.6,82.6,11323000,MSN
2025-10-09 07:00:00,82.9,84.2,82.7,83.1,7329600,MSN
2025-10-10 07:00:00,83.5,84.2,83.0,84.1,13452100,MSN
2025-10-13 07:00:00,83.6,85.8,83.6,85.0,12632300,MSN
2025-10-14 07:00:00,85.6,85.6,82.5,82.5,12780300,MSN
2025-10-15 07:00:00,83.0,83.7,82.5,82.5,6589100,MSN
2025-10-16 07:00:00,85.0,88.2,84.8,88.2,17212400,MSN
2025-10-17 07:00:00,91.4,94.0,88.0,88.0,32812700,MSN
2025-10-20 07:00:00,87.0,88.8,81.9,81.9,31684600,MSN
2025-10-21 07:00:00,79.9,80.0,76.2,78.0,28573200,MSN
2025-10-22 07:00:00,79.9,80.6,77.4,79.0,13805300,MSN
2025-10-23 07:00:00,79.6,80.0,77.6,78.2,9732300,MSN
2025-10-24 07:00:00,77.9,79.5,75.7,79.3,13522400,MSN
2025-10-27 07:00:00,79.6,79.8,77.4,78.5,7509000,MSN
2025-10-28 07:00:00,78.6,79.0,76.2,79.0,7889400,MSN
2025-10-29 07:00:00,79.1,80.6,78.5,79.2,8381100,MSN
2025-10-30 07:00:00,79.7,80.6,79.3,79.3,6826300,MSN
2025-10-31 07:00:00,79.4,80.8,79.0,79.6,6477800,MSN
2025-11-03 07:00:00,79.6,79.8,77.0,77.0,7670000,MSN
2025-11-04 07:00:00,76.8,80.5,74.4,80.0,12598000,MSN
2025-11-05 07:00:00,79.9,81.5,79.1,80.2,8834200,MSN
2025-11-06 07:00:00,80.1,80.1,78.8,78.8,4652600,MSN
2025-11-07 07:00:00,78.2,79.7,76.8,76.8,7306800,MSN
2025-11-10 07:00:00,77.1,78.3,76.0,76.0,5025900,MSN
2025-11-11 07:00:00,76.5,78.9,76.4,78.2,7667500,MSN
2025-11-12 07:00:00,78.5,79.5,78.3,79.2,5010800,MSN
2025-11-13 07:00:00,79.3,79.7,78.9,79.0,4590600,MSN
2025-11-14 07:00:00,78.6,79.3,77.6,78.0,5137900,MSN
2025-11-17 07:00:00,78.8,80.0,78.3,79.7,5528700,MSN
2025-11-18 07:00:00,79.8,80.3,78.5,79.0,4594500,MSN
2025-11-19 07:00:00,79.0,79.6,78.5,78.8,3470500,MSN
2025-11-20 07:00:00,78.9,79.1,78.5,78.5,3398600,MSN
2025-11-21 07:00:00,78.4,78.4,77.2,77.5,4020000,MSN
2025-11-24 07:00:00,77.7,79.0,77.7,77.8,3380300,MSN
2025-11-25 07:00:00,78.0,78.7,77.0,77.0,3736600,MSN
2025-11-26 07:00:00,77.5,78.6,77.3,78.6,3197800,MSN
2025-11-27 07:00:00,78.9,79.8,78.4,78.5,4485400,MSN
2025-11-28 07:00:00,78.8,79.0,77.4,77.4,4238900,MSN
2025-12-01 07:00:00,77.8,79.2,77.7,78.8,5362600,MSN
2025-12-02 07:00:00,78.9,79.5,78.0,78.6,4648900,MSN
2025-12-03 07:00:00,79.2,81.2,78.9,80.6,12175800,MSN
2025-12-04 07:00:00,81.3,81.3,79.9,79.9,5309300,MSN
2025-12-05 07:00:00,80.2,80.6,78.2,78.2,6658500,MSN
2025-12-08 07:00:00,78.0,78.8,77.9,77.9,4073000,MSN
2025-12-09 07:00:00,77.9,78.0,76.6,77.0,6841600,MSN
2025-12-10 07:00:00,77.1,77.4,76.6,77.0,3186100,MSN
2025-12-11 07:00:00,77.4,77.6,76.0,76.1,3520000,MSN
2025-12-12 07:00:00,76.5,76.6,73.1,73.5,8979200,MSN
2025-12-15 07:00:00,73.2,74.3,73.0,73.5,4188700,MSN
2025-12-16 07:00:00,73.9,75.2,73.0,74.5,4400000,MSN
2025-12-17 07:00:00,74.6,75.0,74.0,74.0,3573600,MSN
2025-12-18 07:00:00,74.4,74.4,73.5,74.0,3135400,MSN
2025-12-19 07:00:00,74.3,75.8,74.0,75.8,4350100,MSN
2025-12-22 07:00:00,76.0,76.2,75.5,76.0,3463700,MSN
2025-12-23 07:00:00,76.3,77.3,75.6,76.1,5203600,MSN
2025-12-24 07:00:00,75.6,76.2,75.1,76.2,3229900,MSN
2025-12-25 07:00:00,76.5,77.0,76.0,76.3,3230800,MSN
2025-12-26 07:00:00,76.0,76.0,73.1,75.3,6065600,MSN
2025-12-29 07:00:00,75.3,75.5,74.6,75.5,2513400,MSN
2025-12-30 07:00:00,75.7,76.9,75.5,76.9,4153700,MSN
2025-12-31 07:00:00,76.7,77.2,76.1,77.0,4728800,MSN
2026-01-05 07:00:00,76.9,77.0,75.0,76.8,4140400,MSN
2026-01-06 07:00:00,76.7,77.2,75.9,77.0,3765300,MSN
2026-01-07 07:00:00,77.1,78.4,76.7,78.4,8379800,MSN
2026-01-08 07:00:00,79.0,79.0,77.7,78.3,4525700,MSN
2026-01-09 07:00:00,78.5,78.6,76.5,76.5,5786600,MSN
2026-01-12 07:00:00,76.6,78.8,75.9,78.6,8295600,MSN
2026-01-13 07:00:00,79.5,82.2,79.3,79.3,10133600,MSN
2026-01-14 07:00:00,79.1,82.0,78.6,80.6,13858700,MSN
2026-01-15 07:00:00,80.5,82.5,79.8,81.0,9103300,MSN
2026-01-16 07:00:00,81.3,85.5,79.9,81.4,15818700,MSN
2026-01-19 07:00:00,82.1,82.3,80.2,80.2,6226700,MSN
2026-01-20 07:00:00,80.2,81.4,79.1,80.0,11205300,MSN
2026-01-21 07:00:00,79.0,79.9,78.5,79.9,6385500,MSN
2026-01-22 07:00:00,79.6,80.6,79.1,79.9,5049500,MSN
2026-01-23 07:00:00,80.0,80.2,79.0,79.0,4123600,MSN
2026-01-26 07:00:00,79.1,79.5,76.0,77.3,5784500,MSN
2026-01-27 07:00:00,77.4,77.5,76.7,76.7,3805800,MSN
2026-01-28 07:00:00,77.2,79.5,77.1,79.5,8819900,MSN
2026-01-29 07:00:00,80.3,85.0,80.2,84.1,24722400,MSN
2026-01-30 07:00:00,84.6,85.0,83.3,84.0,10777800,MSN
2026-02-02 07:00:00,83.9,85.5,82.2,83.8,11833900,MSN
2026-02-03 07:00:00,84.5,84.8,83.3,83.8,8426800,MSN
2026-02-04 07:00:00,84.1,84.9,82.5,82.7,8323300,MSN
2026-02-05 07:00:00,82.8,82.9,79.4,79.4,10434400,MSN
2026-02-06 07:00:00,78.4,79.5,77.7,78.2,9419400,MSN
2026-02-09 07:00:00,79.0,79.2,78.0,78.2,3681100,MSN
2026-02-10 07:00:00,78.2,78.4,75.6,76.8,6018600,MSN
2026-02-11 07:00:00,77.3,78.6,76.9,78.0,5600000,MSN
2026-02-12 07:00:00,78.4,78.4,78.0,78.0,2759900,MSN
2026-02-13 07:00:00,78.0,78.3,77.7,78.0,3963900,MSN
2026-02-23 07:00:00,78.8,79.2,78.3,79.2,3791500,MSN
2026-02-24 07:00:00,79.3,80.9,78.6,80.9,8479700,MSN
2026-02-25 07:00:00,81.3,81.6,80.3,80.3,5852200,MSN
2026-02-26 07:00:00,80.7,81.2,79.9,80.4,4991400,MSN
2026-02-27 07:00:00,80.5,80.6,79.0,79.0,5053900,MSN
2026-03-02 07:00:00,77.8,80.7,77.3,78.4,10248500,MSN
2026-03-03 07:00:00,79.2,79.7,77.0,77.0,7767900,MSN
2026-03-04 07:00:00,77.1,77.6,74.0,76.0,11189700,MSN
2026-03-05 07:00:00,76.8,77.5,75.3,75.3,6074200,MSN
2026-03-06 07:00:00,74.9,75.0,73.2,73.3,7955900,MSN
2026-03-09 07:00:00,68.2,70.0,68.2,68.2,4325700,MSN
2026-03-10 07:00:00,69.0,69.8,66.1,68.3,13574400,MSN
2026-03-11 07:00:00,69.3,73.0,69.1,73.0,10575800,MSN
2026-03-12 07:00:00,73.2,74.5,71.8,73.1,8489100,MSN
2026-03-13 07:00:00,73.4,74.7,72.7,73.9,8344100,MSN
2026-03-16 07:00:00,74.7,75.2,73.4,73.5,4578400,MSN
2026-03-17 07:00:00,74.0,75.7,73.8,75.4,8479300,MSN
2026-03-18 07:00:00,75.8,75.8,74.0,75.3,5029900,MSN
2026-03-19 07:00:00,73.6,75.7,73.5,75.4,8216000,MSN
2026-03-20 07:00:00,75.1,75.5,71.3,71.3,8880900,MSN
2026-03-23 07:00:00,70.6,72.8,70.6,70.8,8307600,MSN
2026-03-24 07:00:00,72.5,72.8,71.7,72.1,3692600,MSN
2026-03-25 07:00:00,73.5,73.5,72.2,73.2,4078200,MSN
2026-03-26 07:00:00,73.0,73.2,71.8,72.1,4014500,MSN
2026-03-27 07:00:00,72.2,73.4,72.2,73.3,4263900,MSN
2026-03-30 07:00:00,72.0,75.3,71.8,74.8,6573900,MSN
2026-03-31 07:00:00,75.5,76.4,75.0,75.5,5911100,MSN
2026-04-01 07:00:00,76.8,77.4,75.9,76.9,8282500,MSN
2026-04-02 07:00:00,76.6,76.7,75.3,76.1,5420300,MSN
2026-04-03 07:00:00,76.2,77.1,74.8,75.3,5241600,MSN
2026-04-06 07:00:00,75.1,76.2,74.5,75.3,4242400,MSN
2026-04-07 07:00:00,75.4,75.7,74.3,75.1,3191700,MSN
2026-04-08 07:00:00,77.2,77.8,76.3,77.7,10008300,MSN
2026-04-09 07:00:00,77.6,79.5,76.8,78.0,6333100,MSN
2026-04-10 07:00:00,78.5,78.7,77.5,78.0,3896000,MSN
2026-04-13 07:00:00,77.2,77.6,76.4,77.0,5031600,MSN
2026-04-14 07:00:00,77.7,78.0,77.0,77.6,4522400,MSN
2026-04-15 07:00:00,78.4,78.4,77.0,77.2,4323100,MSN
2026-04-16 07:00:00,77.2,78.8,76.7,78.0,7346700,MSN
2026-04-17 07:00:00,78.3,82.5,78.3,79.5,13601600,MSN
2026-04-20 07:00:00,80.0,80.4,79.3,79.8,5211800,MSN
2026-04-21 07:00:00,80.0,80.9,78.8,79.0,7452100,MSN
2026-04-22 07:00:00,78.9,79.2,78.1,79.0,4824100,MSN
2026-04-23 07:00:00,79.2,79.3,77.1,78.2,6071800,MSN
2026-04-24 07:00:00,79.0,79.6,77.2,77.2,7800700,MSN
2026-04-28 07:00:00,77.2,77.9,76.7,77.4,3730200,MSN
2026-04-29 07:00:00,77.0,77.4,76.1,76.8,4028900,MSN
2026-05-04 07:00:00,77.2,77.5,76.2,76.8,3381400,MSN
2026-05-05 07:00:00,76.9,78.4,76.6,76.6,4691700,MSN
2026-05-06 07:00:00,77.3,78.5,76.9,78.4,5808400,MSN
2026-05-07 07:00:00,79.7,82.3,79.2,81.0,15769900,MSN
2026-05-08 07:00:00,81.0,82.4,80.0,80.2,8819100,MSN
2026-05-11 07:00:00,80.8,80.8,77.5,77.5,8192600,MSN
2026-05-12 07:00:00,77.7,78.0,76.6,77.7,6062900,MSN
2026-05-13 07:00:00,77.7,79.3,77.5,78.9,6479900,MSN
2026-05-14 07:00:00,79.3,79.5,78.6,79.1,4324500,MSN
2026-05-15 07:00:00,79.1,79.1,77.1,77.5,4808600,MSN
2026-05-18 07:00:00,77.1,77.3,76.4,76.5,5621700,MSN
2026-05-19 07:00:00,76.8,77.4,76.3,76.5,5113200,MSN
2026-05-20 07:00:00,76.4,76.8,74.4,75.6,7861100,MSN
2026-05-21 07:00:00,76.0,76.9,75.8,76.2,3550000,MSN
2026-05-22 07:00:00,76.1,76.7,75.6,76.0,2603200,MSN
2026-05-25 07:00:00,76.0,77.3,75.7,77.2,4612600,MSN
2026-05-26 07:00:00,77.3,77.3,76.7,77.0,2637100,MSN
2026-05-27 07:00:00,77.3,77.5,76.5,76.5,3270300,MSN
2026-05-28 07:00:00,76.6,76.9,75.5,75.5,3042800,MSN
2026-05-29 07:00:00,75.8,75.8,74.7,74.7,3638900,MSN
2026-06-01 07:00:00,74.8,75.2,74.2,74.7,2089100,MSN
2026-06-02 07:00:00,74.7,74.8,73.2,73.2,3422300,MSN
2026-06-03 07:00:00,73.1,75.1,72.6,75.1,3872000,MSN
2026-06-04 07:00:00,74.9,74.9,73.9,74.0,1879100,MSN
2026-06-05 07:00:00,74.3,74.3,73.0,73.1,2864100,MSN
2026-06-08 07:00:00,72.4,72.7,70.8,70.8,5812600,MSN
2026-06-09 07:00:00,71.3,72.5,70.9,72.4,3417100,MSN
2026-06-10 07:00:00,72.2,72.3,71.6,71.9,1527900,MSN
2026-06-11 07:00:00,71.5,71.8,71.0,71.0,1778000,MSN
2026-06-12 07:00:00,72.0,72.2,71.1,71.1,2524400,MSN
2026-06-15 07:00:00,72.1,72.8,71.9,72.2,2829700,MSN
2026-06-16 07:00:00,72.5,73.2,72.2,73.0,1998300,MSN
2026-06-17 07:00:00,73.1,73.3,72.5,72.5,2463600,MSN
2026-06-18 07:00:00,72.5,73.2,72.1,72.1,2955300,MSN
2026-06-19 07:00:00,72.2,72.6,72.0,72.0,2203100,MSN
2026-06-22 07:00:00,72.6,72.6,71.5,71.5,1679500,MSN
2026-06-23 07:00:00,71.8,72.3,70.7,71.5,3924900,MSN
2026-06-24 07:00:00,71.4,71.6,70.6,71.5,2086700,MSN
2026-06-25 07:00:00,71.7,71.7,71.2,71.5,1092900,MSN
2026-06-26 07:00:00,71.4,71.5,70.9,71.4,1949700,MSN
2026-06-29 07:00:00,71.6,72.1,71.4,72.1,2189400,MSN
2026-06-30 07:00:00,72.2,72.7,71.6,72.1,2684100,MSN
2026-07-01 07:00:00,72.0,72.8,71.9,72.5,2278500,MSN
2026-07-02 07:00:00,72.8,73.1,71.9,72.4,3050700,MSN
2026-07-03 07:00:00,72.1,72.4,71.5,71.8,2721300,MSN
2026-07-06 07:00:00,71.6,71.8,69.2,70.5,4680200,MSN
2026-07-07 07:00:00,70.4,70.4,68.3,68.6,9695900,MSN
2026-07-08 07:00:00,68.4,69.7,67.5,69.0,10943100,MSN
2026-07-09 07:00:00,68.8,69.6,68.6,68.9,2298700,MSN
2026-07-10 07:00:00,68.6,69.1,68.1,68.8,2701100,MSN
2026-07-13 07:00:00,68.3,68.5,66.7,67.9,5488400,MSN
2026-07-14 07:00:00,67.3,68.4,67.1,68.4,2364800,MSN
2026-07-15 07:00:00,68.4,68.5,67.4,68.0,2633500,MSN
2026-07-16 07:00:00,67.5,68.0,66.7,68.0,3440100,MSN
2026-07-17 07:00:00,67.8,68.2,67.4,68.0,2752400,MSN
2026-07-20 07:00:00,67.8,67.8,64.6,64.8,6394700,MSN
2026-07-21 07:00:00,64.5,66.1,64.5,64.9,4693800,MSN
2026-07-22 07:00:00,65.5,67.0,63.5,63.9,9078900,MSN
2026-07-23 07:00:00,63.9,64.6,61.7,64.0,5065800,MSN
2026-07-24 07:00:00,63.9,64.0,62.8,63.9,3341400,MSN
2026-07-27 07:00:00,65.0,65.1,63.5,63.9,4605200,MSN
2026-07-28 07:00:00,63.2,66.4,63.2,65.7,5574000,MSN
2026-07-29 07:00:00,65.8,66.6,65.1,66.3,3692600,MSN
2026-07-30 07:00:00,66.0,68.1,65.9,67.9,4858200,MSN
2026-07-31 07:00:00,67.9,67.9,66.1,66.1,3736800,MSN
2026-08-03 07:00:00,66.5,68.3,66.4,68.2,4348300,MSN
2026-08-04 07:00:00,68.4,68.6,67.7,68.4,3115600,MSN
2026-08-05 07:00:00,68.8,69.4,67.0,67.2,4183900,MSN
2026-08-06 07:00:00,67.5,67.5,66.4,66.5,2286900,MSN
2026-08-07 07:00:00,66.3,67.8,66.2,67.4,3169000,MSN
2026-08-10 07:00:00,67.4,68.1,66.9,67.7,3056100,MSN
2026-08-11 07:00:00,67.8,68.2,67.1,67.1,2876400,MSN
2026-08-12 07:00:00,67.2,67.8,66.9,67.2,2039300,MSN
2026-08-13 07:00:00,67.5,68.3,67.4,67.6,5681100,MSN
2026-08-14 07:00:00,67.4,67.9,65.8,66.3,6325400,MSN
2026-08-17 07:00:00,66.3,66.9,65.9,66.9,3306800,MSN
2026-08-18 07:00:00,66.9,67.3,66.1,66.8,2283000,MSN
2026-08-19 07:00:00,66.7,66.8,65.5,66.4,3507000,MSN
2026-08-20 07:00:00,66.5,68.9,66.3,68.1,7132100,MSN
2026-08-21 07:00:00,68.2,70.2,67.9,69.8,7435200,MSN
2026-08-24 07:00:00,70.7,70.8,69.5,70.0,4715100,MSN
2026-08-25 07:00:00,70.0,70.5,69.0,69.5,4643500,MSN
2026-08-26 07:00:00,69.5,70.3,69.1,70.1,3819500,MSN
2026-08-27 07:00:00,70.3,71.1,69.6,70.2,4810800,MSN
2026-08-28 07:00:00,70.5,70.6,69.8,70.2,3335400,MSN
2026-09-03 07:00:00,69.5,69.6,68.3,69.0,5466400,MSN
2026-09-04 07:00:00,68.5,69.1,68.5,69.0,2788500,MSN
2026-09-07 07:00:00,69.0,69.0,68.1,68.6,3682300,MSN
2026-09-08 07:00:00,68.4,68.6,68.1,68.4,3124600,MSN
2026-09-09 07:00:00,68.4,69.3,68.2,68.4,2252400,MSN
2026-09-10 07:00:00,68.0,69.0,68.0,68.7,3106400,MSN
2026-09-11 07:00:00,68.6,68.7,66.5,66.5,4606000,MSN
2026-09-14 07:00:00,66.7,67.0,65.3,66.6,4250500,MSN
2026-09-15 07:00:00,66.6,67.4,66.4,67.4,2104100,MSN
2026-09-16 07:00:00,67.4,67.6,66.7,67.4,2600100,MSN
2026-09-17 07:00:00,67.1,68.2,66.9,67.7,3300000,MSN
2026-09-18 07:00:00,68.2,69.5,68.2,68.4,7484800,MSN
2026-09-21 07:00:00,69.2,69.3,67.1,67.7,3631900,MSN
2026-09-22 07:00:00,67.7,71.4,67.7,70.3,8932200,MSN
2026-09-23 07:00:00,70.5,70.9,69.8,70.0,803600,MSN
