time,open,high,low,close,volume,ticker
2019-01-02 07:00:00,8.22,8.25,8.09,8.15,635920,PDR
2019-01-03 07:00:00,8.12,8.15,7.96,8.09,555930,PDR
2019-01-04 07:00:00,8.02,8.19,7.94,8.14,511650,PDR
2019-01-07 07:00:00,8.14,8.22,8.06,8.09,661440,PDR
2019-01-08 07:00:00,8.09,8.14,7.98,8.09,291750,PDR
2019-01-09 07:00:00,8.09,8.2,8.04,8.09,492820,PDR
2019-01-10 07:00:00,8.09,8.38,7.94,8.38,587780,PDR
2019-01-11 07:00:00,8.38,8.38,8.15,8.35,632740,PDR
2019-01-14 07:00:00,8.35,8.38,8.2,8.27,421970,PDR
2019-01-15 07:00:00,8.25,8.33,8.14,8.28,459160,PDR
2019-01-16 07:00:00,8.31,8.31,8.1,8.28,448210,PDR
2019-01-17 07:00:00,8.25,8.28,8.06,8.25,394500,PDR
2019-01-18 07:00:00,8.22,8.25,8.04,8.22,649650,PDR
2019-01-21 07:00:00,8.19,8.22,8.09,8.17,442840,PDR
2019-01-22 07:00:00,8.17,8.25,8.04,8.22,578600,PDR
2019-01-23 07:00:00,8.22,8.22,8.06,8.15,476100,PDR
2019-01-24 07:00:00,8.15,8.17,8.01,8.06,692810,PDR
2019-01-25 07:00:00,8.06,8.09,7.99,8.07,319520,PDR
2019-01-28 07:00:00,8.06,8.25,8.06,8.25,634300,PDR
2019-01-29 07:00:00,8.23,8.39,8.17,8.38,803300,PDR
2019-01-30 07:00:00,8.35,8.54,8.3,8.43,794390,PDR
2019-01-31 07:00:00,8.44,8.44,8.3,8.3,608720,PDR
2019-02-01 07:00:00,8.3,8.48,8.28,8.48,552180,PDR
2019-02-11 07:00:00,8.48,8.64,8.48,8.54,1052470,PDR
2019-02-12 07:00:00,8.54,8.73,8.54,8.7,1225630,PDR
2019-02-13 07:00:00,8.7,8.75,8.59,8.67,811840,PDR
2019-02-14 07:00:00,8.67,8.7,8.57,8.64,730000,PDR
2019-02-15 07:00:00,8.64,8.64,8.56,8.64,616710,PDR
2019-02-18 07:00:00,8.64,8.7,8.54,8.64,680910,PDR
2019-02-19 07:00:00,8.64,8.67,8.54,8.57,675680,PDR
2019-02-20 07:00:00,8.57,8.59,8.51,8.56,605000,PDR
2019-02-21 07:00:00,8.56,8.64,8.52,8.56,726710,PDR
2019-02-22 07:00:00,8.56,8.62,8.54,8.57,560690,PDR
2019-02-25 07:00:00,8.57,8.64,8.52,8.64,821140,PDR
2019-02-26 07:00:00,8.64,8.65,8.51,8.6,559640,PDR
2019-02-27 07:00:00,8.6,8.62,8.46,8.54,485610,PDR
2019-02-28 07:00:00,8.54,8.54,8.41,8.41,365250,PDR
2019-03-01 07:00:00,8.41,8.51,8.39,8.44,755970,PDR
2019-03-04 07:00:00,8.48,8.64,8.44,8.6,915870,PDR
2019-03-05 07:00:00,8.6,8.7,8.51,8.62,755340,PDR
2019-03-06 07:00:00,8.62,8.64,8.57,8.64,428820,PDR
2019-03-07 07:00:00,8.64,8.68,8.59,8.64,471870,PDR
2019-03-08 07:00:00,8.62,8.62,8.49,8.54,379110,PDR
2019-03-11 07:00:00,8.54,8.65,8.48,8.64,820930,PDR
2019-03-12 07:00:00,8.64,9.09,8.6,9.09,2154530,PDR
2019-03-13 07:00:00,9.18,9.18,9.02,9.18,1546810,PDR
2019-03-14 07:00:00,9.18,9.35,9.07,9.35,1762340,PDR
2019-03-15 07:00:00,9.31,9.35,9.07,9.35,981970,PDR
2019-03-18 07:00:00,9.35,9.35,9.15,9.35,1040810,PDR
2019-03-19 07:00:00,9.35,9.35,9.15,9.15,973040,PDR
2019-03-20 07:00:00,9.15,9.15,8.96,9.09,838660,PDR
2019-03-21 07:00:00,9.09,9.18,8.86,8.86,877170,PDR
2019-03-22 07:00:00,8.86,8.99,8.85,8.89,593820,PDR
2019-03-25 07:00:00,8.86,8.93,8.83,8.89,676240,PDR
2019-03-26 07:00:00,8.93,8.99,8.83,8.89,590060,PDR
2019-03-27 07:00:00,8.89,8.93,8.83,8.93,531090,PDR
2019-03-28 07:00:00,8.89,8.96,8.85,8.96,652370,PDR
2019-03-29 07:00:00,8.96,9.2,8.96,9.18,1531510,PDR
2019-04-01 07:00:00,9.22,9.41,9.22,9.28,1248030,PDR
2019-04-02 07:00:00,9.28,9.35,9.18,9.18,906050,PDR
2019-04-03 07:00:00,9.18,9.31,9.17,9.28,1377140,PDR
2019-04-04 07:00:00,9.28,9.31,9.15,9.18,803890,PDR
2019-04-05 07:00:00,9.18,9.25,9.17,9.23,892480,PDR
2019-04-08 07:00:00,9.23,9.54,9.23,9.54,2152880,PDR
2019-04-09 07:00:00,9.54,9.55,9.31,9.35,931200,PDR
2019-04-10 07:00:00,9.28,9.31,9.17,9.25,641170,PDR
2019-04-11 07:00:00,9.25,9.38,9.15,9.3,885890,PDR
2019-04-12 07:00:00,9.3,9.39,9.23,9.35,1106700,PDR
2019-04-16 07:00:00,9.31,9.35,9.2,9.28,651390,PDR
2019-04-17 07:00:00,9.28,9.38,9.23,9.28,821700,PDR
2019-04-18 07:00:00,9.25,9.31,9.07,9.15,860710,PDR
2019-04-19 07:00:00,9.18,9.25,9.07,9.09,364160,PDR
2019-04-22 07:00:00,9.09,9.12,8.86,8.96,692070,PDR
2019-04-23 07:00:00,8.96,9.02,8.93,8.99,1289910,PDR
2019-04-24 07:00:00,9.03,9.23,8.99,9.23,1131420,PDR
2019-04-25 07:00:00,9.23,9.23,9.09,9.23,855590,PDR
2019-04-26 07:00:00,9.23,9.31,9.13,9.31,1434000,PDR
2019-05-02 07:00:00,9.31,9.33,9.23,9.33,812760,PDR
2019-05-03 07:00:00,9.33,9.37,9.29,9.29,1008390,PDR
2019-05-06 07:00:00,9.23,9.23,9.03,9.17,643030,PDR
2019-05-07 07:00:00,9.17,9.23,9.05,9.05,688150,PDR
2019-05-08 07:00:00,9.05,9.05,8.97,9.05,438880,PDR
2019-05-09 07:00:00,9.05,9.11,9.03,9.05,500700,PDR
2019-05-10 07:00:00,9.05,9.15,9.03,9.15,769260,PDR
2019-05-13 07:00:00,9.15,9.21,9.11,9.19,962750,PDR
2019-05-14 07:00:00,9.19,9.25,9.13,9.19,742550,PDR
2019-05-15 07:00:00,9.19,9.55,9.19,9.55,1588030,PDR
2019-05-16 07:00:00,9.58,9.94,9.55,9.94,2437580,PDR
2019-05-17 07:00:00,9.94,9.98,9.74,9.78,880530,PDR
2019-05-20 07:00:00,9.78,9.82,9.62,9.66,834830,PDR
2019-05-21 07:00:00,9.66,9.74,9.62,9.62,881900,PDR
2019-05-22 07:00:00,9.66,9.66,9.6,9.66,905320,PDR
2019-05-23 07:00:00,9.66,9.88,9.66,9.84,1447280,PDR
2019-05-24 07:00:00,9.82,9.88,9.66,9.78,831420,PDR
2019-05-27 07:00:00,9.78,9.84,9.72,9.78,695110,PDR
2019-05-28 07:00:00,9.78,9.82,9.68,9.78,610630,PDR
2019-05-29 07:00:00,9.78,9.8,9.68,9.7,908970,PDR
2019-05-30 07:00:00,9.74,9.78,9.68,9.76,823350,PDR
2019-05-31 07:00:00,9.76,9.78,9.58,9.58,716840,PDR
2019-06-03 07:00:00,9.55,9.64,9.51,9.51,773300,PDR
2019-06-04 07:00:00,9.51,9.58,9.47,9.51,662810,PDR
2019-06-05 07:00:00,9.53,9.7,9.53,9.66,1107770,PDR
2019-06-06 07:00:00,9.66,9.7,9.6,9.66,518690,PDR
2019-06-07 07:00:00,9.66,9.86,9.64,9.82,1428580,PDR
2019-06-10 07:00:00,9.82,10.1,9.76,10.02,1662010,PDR
2019-06-11 07:00:00,10.02,10.1,9.9,9.98,718690,PDR
2019-06-12 07:00:00,9.94,10.02,9.82,9.82,662490,PDR
2019-06-13 07:00:00,9.78,9.78,9.64,9.78,832360,PDR
2019-06-14 07:00:00,9.78,9.9,9.78,9.78,826140,PDR
2019-06-17 07:00:00,9.78,9.82,9.7,9.78,560560,PDR
2019-06-18 07:00:00,9.78,9.9,9.74,9.86,1063950,PDR
2019-06-19 07:00:00,9.98,9.98,9.86,9.98,735630,PDR
2019-06-20 07:00:00,9.98,10.34,9.98,10.34,2303940,PDR
2019-06-21 07:00:00,10.12,10.36,10.12,10.12,632270,PDR
2019-06-24 07:00:00,10.14,10.34,10.14,10.24,1091830,PDR
2019-06-25 07:00:00,10.24,10.3,10.14,10.2,722340,PDR
2019-06-26 07:00:00,10.2,10.22,10.12,10.12,646610,PDR
2019-06-27 07:00:00,10.12,10.22,10.12,10.2,846600,PDR
2019-06-28 07:00:00,10.2,10.34,10.12,10.34,1164330,PDR
2019-07-01 07:00:00,10.36,10.38,10.3,10.36,597060,PDR
2019-07-02 07:00:00,10.36,10.38,10.28,10.34,659120,PDR
2019-07-03 07:00:00,10.34,10.38,10.28,10.36,595630,PDR
2019-07-04 07:00:00,10.36,10.42,10.3,10.36,635090,PDR
2019-07-05 07:00:00,10.36,10.58,10.36,10.52,2055200,PDR
2019-07-08 07:00:00,10.52,10.52,10.38,10.42,655310,PDR
2019-07-09 07:00:00,10.42,10.48,10.36,10.46,710770,PDR
2019-07-10 07:00:00,10.46,10.56,10.44,10.54,844850,PDR
2019-07-11 07:00:00,10.54,10.69,10.5,10.61,1363020,PDR
2019-07-12 07:00:00,10.61,10.65,10.44,10.44,735520,PDR
2019-07-15 07:00:00,10.61,10.5,10.3,10.42,1206250,PDR
2019-07-16 07:00:00,10.42,10.5,10.3,10.3,772680,PDR
2019-07-17 07:00:00,10.34,10.42,10.3,10.34,782490,PDR
2019-07-18 07:00:00,10.34,10.38,10.2,10.3,467640,PDR
2019-07-19 07:00:00,10.3,10.46,10.3,10.4,1046700,PDR
2019-07-22 07:00:00,10.4,10.44,10.3,10.3,600150,PDR
2019-07-23 07:00:00,10.3,10.42,10.3,10.42,937040,PDR
2019-07-24 07:00:00,10.42,10.5,10.38,10.42,493420,PDR
2019-07-25 07:00:00,10.42,10.52,10.38,10.48,2905980,PDR
2019-07-26 07:00:00,10.48,10.52,10.46,10.48,500840,PDR
2019-07-29 07:00:00,10.48,10.56,10.46,10.54,1278240,PDR
2019-07-30 07:00:00,10.54,10.63,10.5,10.5,957310,PDR
2019-07-31 07:00:00,10.5,10.54,10.44,10.54,653800,PDR
2019-08-01 07:00:00,10.54,10.83,10.54,10.81,2735770,PDR
2019-08-02 07:00:00,10.81,10.81,10.71,10.77,850360,PDR
2019-08-05 07:00:00,10.77,10.81,10.59,10.59,947930,PDR
2019-08-06 07:00:00,10.5,10.54,10.38,10.5,847830,PDR
2019-08-07 07:00:00,10.5,10.58,10.44,10.5,603770,PDR
2019-08-08 07:00:00,10.5,10.63,10.46,10.61,1082760,PDR
2019-08-09 07:00:00,10.61,10.69,10.58,10.61,925930,PDR
2019-08-12 07:00:00,10.61,10.67,10.58,10.61,770400,PDR
2019-08-13 07:00:00,10.61,10.61,10.46,10.52,641210,PDR
2019-08-14 07:00:00,10.54,10.63,10.46,10.46,723940,PDR
2019-08-15 07:00:00,10.38,10.42,10.12,10.34,1105340,PDR
2019-08-16 07:00:00,10.34,10.38,10.26,10.32,649780,PDR
2019-08-19 07:00:00,10.3,10.46,10.22,10.46,846030,PDR
2019-08-20 07:00:00,10.46,10.5,10.4,10.4,869690,PDR
2019-08-21 07:00:00,10.4,10.5,10.36,10.46,850170,PDR
2019-08-22 07:00:00,10.46,10.56,10.42,10.46,818660,PDR
2019-08-23 07:00:00,10.46,10.5,10.4,10.4,731770,PDR
2019-08-26 07:00:00,10.4,10.42,10.28,10.34,906190,PDR
2019-08-27 07:00:00,10.38,10.48,10.34,10.34,851750,PDR
2019-08-28 07:00:00,10.34,10.42,10.32,10.38,439180,PDR
2019-08-29 07:00:00,10.38,10.42,10.3,10.42,609850,PDR
2019-08-30 07:00:00,10.42,10.48,10.32,10.48,1082070,PDR
2019-09-03 07:00:00,10.48,10.5,10.38,10.44,555870,PDR
2019-09-04 07:00:00,10.44,10.54,10.38,10.5,1049400,PDR
2019-09-05 07:00:00,10.5,10.58,10.46,10.5,433120,PDR
2019-09-06 07:00:00,10.5,10.52,10.46,10.5,321960,PDR
2019-09-09 07:00:00,10.46,10.5,10.42,10.42,414270,PDR
2019-09-10 07:00:00,10.42,10.46,10.38,10.38,390780,PDR
2019-09-11 07:00:00,10.38,10.44,10.34,10.44,402750,PDR
2019-09-12 07:00:00,10.46,10.58,10.44,10.58,867270,PDR
2019-09-13 07:00:00,10.58,10.65,10.52,10.58,472490,PDR
2019-09-16 07:00:00,10.58,10.61,10.52,10.54,430280,PDR
2019-09-17 07:00:00,10.54,10.63,10.48,10.5,1011710,PDR
2019-09-18 07:00:00,10.52,10.54,10.44,10.48,593940,PDR
2019-09-19 07:00:00,10.48,10.5,10.44,10.48,329260,PDR
2019-09-20 07:00:00,10.48,10.48,10.3,10.3,1799690,PDR
2019-09-23 07:00:00,10.3,10.34,10.22,10.3,708450,PDR
2019-09-24 07:00:00,10.3,10.38,10.28,10.38,534520,PDR
2019-09-25 07:00:00,10.38,10.42,10.34,10.38,470330,PDR
2019-09-26 07:00:00,10.38,10.42,10.34,10.38,1066570,PDR
2019-09-27 07:00:00,10.38,10.42,10.36,10.38,506480,PDR
2019-09-30 07:00:00,10.38,10.4,10.32,10.34,937740,PDR
2019-10-01 07:00:00,10.34,10.36,10.3,10.34,765790,PDR
2019-10-02 07:00:00,10.34,10.4,10.34,10.38,747110,PDR
2019-10-03 07:00:00,10.34,10.38,10.32,10.38,550000,PDR
2019-10-04 07:00:00,10.38,10.42,10.3,10.32,504370,PDR
2019-10-07 07:00:00,10.34,10.36,10.3,10.34,479790,PDR
2019-10-08 07:00:00,10.34,10.46,10.34,10.42,857140,PDR
2019-10-09 07:00:00,10.42,10.42,10.3,10.38,494290,PDR
2019-10-10 07:00:00,10.38,10.38,10.28,10.38,648190,PDR
2019-10-11 07:00:00,10.34,10.38,10.24,10.3,630690,PDR
2019-10-14 07:00:00,10.3,10.34,10.22,10.34,934130,PDR
2019-10-15 07:00:00,10.34,10.34,10.16,10.3,921660,PDR
2019-10-16 07:00:00,10.3,10.34,10.22,10.3,434880,PDR
2019-10-17 07:00:00,10.3,10.34,10.26,10.34,1110270,PDR
2019-10-18 07:00:00,10.34,10.38,10.26,10.34,1056640,PDR
2019-10-21 07:00:00,10.34,10.42,10.3,10.38,616370,PDR
2019-10-22 07:00:00,10.38,10.38,10.3,10.36,722810,PDR
2019-10-23 07:00:00,10.36,10.38,10.3,10.38,862290,PDR
2019-10-24 07:00:00,10.38,10.38,10.3,10.38,713370,PDR
2019-10-25 07:00:00,10.34,10.38,10.3,10.38,942080,PDR
2019-10-28 07:00:00,10.38,10.42,10.34,10.36,628020,PDR
2019-10-29 07:00:00,10.36,10.38,10.28,10.36,531150,PDR
2019-10-30 07:00:00,10.36,10.36,10.3,10.36,782710,PDR
2019-10-31 07:00:00,10.36,10.38,10.34,10.34,686070,PDR
2019-11-01 07:00:00,10.34,10.36,10.3,10.3,532490,PDR
2019-11-04 07:00:00,10.3,10.34,10.26,10.3,661290,PDR
2019-11-05 07:00:00,10.3,10.34,10.24,10.3,461290,PDR
2019-11-06 07:00:00,10.3,10.38,10.26,10.34,477210,PDR
2019-11-07 07:00:00,10.34,10.36,10.28,10.34,638870,PDR
2019-11-08 07:00:00,10.34,10.5,10.34,10.46,872790,PDR
2019-11-11 07:00:00,10.46,10.46,10.38,10.42,789430,PDR
2019-11-12 07:00:00,10.42,10.44,10.38,10.42,480780,PDR
2019-11-13 07:00:00,10.42,10.46,10.22,10.38,639340,PDR
2019-11-14 07:00:00,10.38,10.4,10.32,10.38,451450,PDR
2019-11-15 07:00:00,10.38,10.38,10.32,10.38,833500,PDR
2019-11-18 07:00:00,10.38,10.38,10.32,10.34,489370,PDR
2019-11-19 07:00:00,10.34,10.38,10.3,10.34,357630,PDR
2019-11-20 07:00:00,10.34,10.34,10.22,10.34,355470,PDR
2019-11-21 07:00:00,10.34,10.34,10.26,10.3,426540,PDR
2019-11-22 07:00:00,10.3,10.3,10.22,10.26,689080,PDR
2019-11-25 07:00:00,10.26,10.28,10.18,10.26,559180,PDR
2019-11-26 07:00:00,10.26,10.28,10.18,10.26,689620,PDR
2019-11-27 07:00:00,10.26,10.38,10.2,10.38,1008600,PDR
2019-11-28 07:00:00,10.38,10.4,10.22,10.22,694510,PDR
2019-11-29 07:00:00,10.34,10.34,10.14,10.26,719140,PDR
2019-12-02 07:00:00,10.3,10.34,10.26,10.3,712150,PDR
2019-12-03 07:00:00,10.3,10.56,10.24,10.46,1017780,PDR
2019-12-04 07:00:00,10.65,10.69,10.5,10.69,1279140,PDR
2019-12-05 07:00:00,10.73,11.01,10.69,11.01,1638960,PDR
2019-12-06 07:00:00,11.01,11.13,10.93,10.97,1002560,PDR
2019-12-09 07:00:00,10.97,11.17,10.97,11.13,1329370,PDR
2019-12-10 07:00:00,11.17,11.19,11.01,11.15,732290,PDR
2019-12-11 07:00:00,11.15,11.15,11.01,11.05,660730,PDR
2019-12-12 07:00:00,11.05,11.13,10.93,11.01,729710,PDR
2019-12-13 07:00:00,11.09,11.09,10.91,10.95,642950,PDR
2019-12-16 07:00:00,10.95,10.97,10.67,10.93,619980,PDR
2019-12-17 07:00:00,11.18,11.18,10.93,10.95,652720,PDR
2019-12-18 07:00:00,10.95,10.99,10.68,10.77,699850,PDR
2019-12-19 07:00:00,10.77,10.81,10.56,10.56,611630,PDR
2019-12-20 07:00:00,10.56,10.66,10.43,10.64,387540,PDR
2019-12-23 07:00:00,10.68,10.77,10.56,10.68,432870,PDR
2019-12-24 07:00:00,10.39,10.72,10.39,10.64,442840,PDR
2019-12-25 07:00:00,10.64,10.64,10.43,10.56,406150,PDR
2019-12-26 07:00:00,10.56,10.56,10.39,10.56,382460,PDR
2019-12-27 07:00:00,10.56,10.95,10.48,10.95,463820,PDR
2019-12-30 07:00:00,10.95,11.14,10.81,10.95,693770,PDR
2019-12-31 07:00:00,10.95,10.97,10.56,10.85,686840,PDR
2020-01-02 07:00:00,10.85,10.89,10.68,10.81,639390,PDR
2020-01-03 07:00:00,10.79,10.79,10.48,10.52,421590,PDR
2020-01-06 07:00:00,10.56,10.64,10.5,10.62,1049590,PDR
2020-01-07 07:00:00,10.6,10.64,9.9,9.9,2226990,PDR
2020-01-08 07:00:00,10.1,10.58,9.75,10.58,1247880,PDR
2020-01-09 07:00:00,10.58,10.85,10.48,10.77,575890,PDR
2020-01-10 07:00:00,10.77,10.81,10.35,10.5,732690,PDR
2020-01-13 07:00:00,10.39,10.41,10.21,10.21,480660,PDR
2020-01-14 07:00:00,10.23,10.64,10.19,10.64,588350,PDR
2020-01-15 07:00:00,10.64,10.68,10.48,10.6,566830,PDR
2020-01-16 07:00:00,10.64,10.64,10.43,10.6,871140,PDR
2020-01-17 07:00:00,10.6,10.64,10.52,10.6,731700,PDR
2020-01-20 07:00:00,10.6,10.64,10.52,10.6,667980,PDR
2020-01-21 07:00:00,10.6,10.77,10.52,10.77,773380,PDR
2020-01-22 07:00:00,10.77,10.97,10.6,10.97,699090,PDR
2020-01-30 07:00:00,10.97,10.97,10.72,10.87,687530,PDR
2020-01-31 07:00:00,10.77,10.85,10.6,10.79,585650,PDR
2020-02-03 07:00:00,10.79,10.79,10.52,10.79,498280,PDR
2020-02-04 07:00:00,10.81,10.81,10.68,10.81,507600,PDR
2020-02-05 07:00:00,10.81,10.85,10.1,10.81,735810,PDR
2020-02-06 07:00:00,10.77,10.85,10.7,10.83,570160,PDR
2020-02-07 07:00:00,10.83,10.85,10.7,10.85,449400,PDR
2020-02-10 07:00:00,10.81,10.81,10.66,10.75,542130,PDR
2020-02-11 07:00:00,10.75,10.83,10.7,10.72,672120,PDR
2020-02-12 07:00:00,10.72,10.77,10.66,10.72,556440,PDR
2020-02-13 07:00:00,10.72,10.81,10.68,10.81,699500,PDR
2020-02-14 07:00:00,10.81,10.83,10.7,10.81,519970,PDR
2020-02-17 07:00:00,10.81,10.83,10.68,10.77,719100,PDR
2020-02-18 07:00:00,10.77,10.83,10.68,10.83,735080,PDR
2020-02-19 07:00:00,10.81,10.81,10.7,10.77,545510,PDR
2020-02-20 07:00:00,10.79,10.81,10.7,10.79,758990,PDR
2020-02-21 07:00:00,10.81,10.81,10.68,10.79,903160,PDR
2020-02-24 07:00:00,10.77,10.85,10.66,10.66,1024780,PDR
2020-02-25 07:00:00,10.64,10.77,10.64,10.77,597740,PDR
2020-02-26 07:00:00,10.77,10.77,10.68,10.72,493440,PDR
2020-02-27 07:00:00,10.72,10.77,10.66,10.72,353850,PDR
2020-02-28 07:00:00,10.72,10.77,10.66,10.77,599270,PDR
2020-03-02 07:00:00,10.77,10.77,10.68,10.77,758580,PDR
2020-03-03 07:00:00,10.77,10.81,10.68,10.81,1173520,PDR
2020-03-04 07:00:00,10.77,10.81,10.72,10.77,1062030,PDR
2020-03-05 07:00:00,10.77,10.81,10.77,10.79,741160,PDR
2020-03-06 07:00:00,10.79,10.81,10.68,10.81,747620,PDR
2020-03-09 07:00:00,10.68,10.77,10.19,10.6,655510,PDR
2020-03-10 07:00:00,10.31,10.6,10.14,10.6,367390,PDR
2020-03-11 07:00:00,10.6,10.6,10.27,10.56,260510,PDR
2020-03-12 07:00:00,10.27,10.56,10.06,10.56,204480,PDR
2020-03-13 07:00:00,10.27,10.56,10.23,10.56,115440,PDR
2020-03-16 07:00:00,10.27,10.48,10.19,10.48,353290,PDR
2020-03-17 07:00:00,10.31,10.56,10.19,10.56,284310,PDR
2020-03-18 07:00:00,10.56,10.56,10.27,10.43,330720,PDR
2020-03-19 07:00:00,10.39,10.43,10.23,10.43,293550,PDR
2020-03-20 07:00:00,10.43,10.43,10.17,10.43,343600,PDR
2020-03-23 07:00:00,10.43,10.43,10.23,10.35,334360,PDR
2020-03-24 07:00:00,10.35,10.35,10.25,10.25,363780,PDR
2020-03-25 07:00:00,10.25,10.35,10.23,10.35,196220,PDR
2020-03-26 07:00:00,10.35,10.39,10.27,10.39,273660,PDR
2020-03-27 07:00:00,10.35,10.39,10.23,10.39,278280,PDR
2020-03-30 07:00:00,10.35,10.35,10.23,10.35,296020,PDR
2020-03-31 07:00:00,10.35,10.35,10.14,10.31,420780,PDR
2020-04-01 07:00:00,10.31,10.31,10.19,10.31,475220,PDR
2020-04-03 07:00:00,10.31,10.33,10.21,10.33,319910,PDR
2020-04-06 07:00:00,10.27,10.33,10.23,10.33,411830,PDR
2020-04-07 07:00:00,10.33,10.43,10.23,10.43,429470,PDR
2020-04-08 07:00:00,10.35,10.43,10.35,10.43,413610,PDR
2020-04-09 07:00:00,10.35,10.43,10.31,10.41,399450,PDR
2020-04-10 07:00:00,10.37,10.43,10.23,10.39,368040,PDR
2020-04-13 07:00:00,10.37,10.52,10.31,10.41,391180,PDR
2020-04-14 07:00:00,10.39,10.43,10.31,10.39,459970,PDR
2020-04-15 07:00:00,10.39,10.39,10.31,10.33,355190,PDR
2020-04-16 07:00:00,10.33,10.33,10.23,10.27,422880,PDR
2020-04-17 07:00:00,10.35,10.41,10.31,10.35,471720,PDR
2020-04-20 07:00:00,10.35,10.41,10.29,10.37,450490,PDR
2020-04-21 07:00:00,10.35,10.35,10.23,10.31,554320,PDR
2020-04-22 07:00:00,10.25,10.35,10.14,10.35,615650,PDR
2020-04-23 07:00:00,10.31,10.41,10.31,10.37,442420,PDR
2020-04-24 07:00:00,10.35,10.39,10.27,10.37,545030,PDR
2020-04-27 07:00:00,10.37,10.41,10.23,10.39,549150,PDR
2020-04-28 07:00:00,10.35,10.37,10.23,10.37,576010,PDR
2020-04-29 07:00:00,11.1,11.1,10.33,11.1,1278990,PDR
2020-05-04 07:00:00,11.01,11.39,10.89,11.14,1162140,PDR
2020-05-05 07:00:00,11.1,11.18,10.72,10.83,644800,PDR
2020-05-06 07:00:00,10.83,10.93,10.52,10.93,612250,PDR
2020-05-07 07:00:00,10.77,10.89,10.64,10.85,627640,PDR
2020-05-08 07:00:00,10.81,10.85,10.64,10.77,579650,PDR
2020-05-11 07:00:00,10.99,10.99,10.72,10.99,651900,PDR
2020-05-12 07:00:00,10.93,11.12,10.85,11.08,1072680,PDR
2020-05-13 07:00:00,11.01,11.39,10.89,11.35,901030,PDR
2020-05-14 07:00:00,11.26,11.59,11.26,11.59,535260,PDR
2020-05-15 07:00:00,11.59,11.7,11.47,11.59,581610,PDR
2020-05-18 07:00:00,11.43,11.59,11.43,11.57,468870,PDR
2020-05-19 07:00:00,11.59,11.68,11.53,11.57,642840,PDR
2020-05-20 07:00:00,11.47,11.64,11.37,11.64,616430,PDR
2020-05-21 07:00:00,11.68,11.68,11.55,11.68,581630,PDR
2020-05-22 07:00:00,11.65,11.7,11.51,11.61,819790,PDR
2020-05-25 07:00:00,11.61,11.68,11.47,11.47,678170,PDR
2020-05-26 07:00:00,11.47,11.61,11.47,11.61,614970,PDR
2020-05-27 07:00:00,11.65,11.65,11.49,11.63,1282900,PDR
2020-05-28 07:00:00,11.54,12.14,11.54,12.14,1643320,PDR
2020-05-29 07:00:00,12.14,12.96,12.14,12.84,1528450,PDR
2020-06-01 07:00:00,12.89,12.94,12.7,12.7,1040230,PDR
2020-06-02 07:00:00,12.66,12.7,11.82,12.14,1017140,PDR
2020-06-03 07:00:00,12.07,12.19,11.86,12.14,424280,PDR
2020-06-04 07:00:00,12.14,12.24,11.96,12.05,570020,PDR
2020-06-05 07:00:00,12.05,12.28,11.82,12.28,871710,PDR
2020-06-08 07:00:00,12.21,12.33,12.14,12.31,851000,PDR
2020-06-09 07:00:00,12.24,12.33,12.1,12.14,575380,PDR
2020-06-10 07:00:00,12.05,12.14,11.89,12.14,476130,PDR
2020-06-11 07:00:00,12.14,12.14,11.77,11.77,573560,PDR
2020-06-12 07:00:00,11.68,11.82,11.3,11.82,399550,PDR
2020-06-15 07:00:00,11.72,11.82,11.21,11.35,392450,PDR
2020-06-16 07:00:00,11.35,11.54,11.35,11.44,503910,PDR
2020-06-17 07:00:00,11.44,11.44,10.98,10.98,589590,PDR
2020-06-18 07:00:00,10.98,11.21,10.46,11.16,346300,PDR
2020-06-19 07:00:00,11.12,11.12,10.84,10.84,901950,PDR
2020-06-22 07:00:00,11.02,11.58,11.02,11.58,358150,PDR
2020-06-23 07:00:00,12.17,12.24,11.44,11.7,709000,PDR
2020-06-24 07:00:00,11.51,11.7,11.21,11.26,487320,PDR
2020-06-25 07:00:00,11.26,11.44,11.12,11.16,439380,PDR
2020-06-26 07:00:00,11.16,11.4,11.16,11.35,677080,PDR
2020-06-29 07:00:00,11.23,11.3,10.98,11.21,753920,PDR
2020-06-30 07:00:00,11.26,11.82,11.21,11.26,748990,PDR
2020-07-01 07:00:00,11.26,11.47,10.49,11.35,1397740,PDR
2020-07-02 07:00:00,11.35,11.4,11.07,11.3,388220,PDR
2020-07-03 07:00:00,11.21,11.49,11.21,11.44,613730,PDR
2020-07-06 07:00:00,11.16,11.44,11.16,11.28,609830,PDR
2020-07-07 07:00:00,11.23,11.44,11.23,11.33,697340,PDR
2020-07-08 07:00:00,11.28,11.7,11.26,11.56,897800,PDR
2020-07-09 07:00:00,11.56,11.63,11.44,11.56,668850,PDR
2020-07-10 07:00:00,11.44,11.68,11.44,11.56,611790,PDR
2020-07-13 07:00:00,11.65,11.65,11.51,11.54,675670,PDR
2020-07-14 07:00:00,11.54,11.65,11.44,11.54,617960,PDR
2020-07-15 07:00:00,11.58,11.7,11.54,11.7,561170,PDR
2020-07-16 07:00:00,11.72,11.75,11.61,11.68,452090,PDR
2020-07-17 07:00:00,11.54,11.7,11.54,11.58,680890,PDR
2020-07-20 07:00:00,11.58,11.7,11.49,11.49,603890,PDR
2020-07-21 07:00:00,11.49,11.65,11.49,11.49,396930,PDR
2020-07-22 07:00:00,11.58,11.65,11.49,11.51,435460,PDR
2020-07-23 07:00:00,11.51,11.63,11.47,11.51,397560,PDR
2020-07-24 07:00:00,11.51,11.58,10.98,11.14,1049940,PDR
2020-07-27 07:00:00,10.79,11.14,10.77,11.14,1391000,PDR
2020-07-28 07:00:00,11.07,11.44,11.07,11.44,691260,PDR
2020-07-29 07:00:00,11.49,11.49,11.26,11.33,396460,PDR
2020-07-30 07:00:00,11.33,11.44,11.3,11.33,377350,PDR
2020-07-31 07:00:00,11.77,11.77,11.16,11.26,523360,PDR
2020-08-03 07:00:00,11.3,11.44,11.14,11.35,480350,PDR
2020-08-04 07:00:00,11.35,11.68,11.35,11.68,820840,PDR
2020-08-05 07:00:00,11.68,11.72,11.54,11.7,727910,PDR
2020-08-06 07:00:00,11.77,11.77,11.61,11.63,883580,PDR
2020-08-07 07:00:00,11.56,11.68,11.49,11.61,803030,PDR
2020-08-10 07:00:00,11.58,11.65,11.56,11.63,700830,PDR
2020-08-11 07:00:00,11.63,11.68,11.54,11.56,820800,PDR
2020-08-12 07:00:00,11.56,11.65,11.56,11.61,615900,PDR
2020-08-13 07:00:00,11.61,11.68,11.56,11.68,664900,PDR
2020-08-14 07:00:00,11.77,12.19,11.72,12.17,1421220,PDR
2020-08-17 07:00:00,12.19,12.56,12.17,12.56,949450,PDR
2020-08-18 07:00:00,12.56,12.56,12.38,12.42,774020,PDR
2020-08-19 07:00:00,12.42,12.42,12.28,12.33,905340,PDR
2020-08-20 07:00:00,12.28,12.54,12.24,12.47,988420,PDR
2020-08-21 07:00:00,12.35,12.84,12.35,12.82,1260980,PDR
2020-08-24 07:00:00,12.82,12.96,12.56,12.61,833160,PDR
2020-08-25 07:00:00,12.61,12.8,12.56,12.7,520290,PDR
2020-08-26 07:00:00,12.7,13.08,12.59,13.05,1307020,PDR
2020-08-27 07:00:00,13.05,13.83,13.05,13.78,1481440,PDR
2020-08-28 07:00:00,13.69,13.92,13.64,13.69,885990,PDR
2020-08-31 07:00:00,13.69,13.8,13.22,13.22,902700,PDR
2020-09-01 07:00:00,13.31,13.62,13.31,13.62,686000,PDR
2020-09-03 07:00:00,13.62,13.87,13.62,13.69,996130,PDR
2020-09-04 07:00:00,13.45,14.25,13.43,14.25,1969370,PDR
2020-09-07 07:00:00,14.25,15.23,14.25,15.23,404310,PDR
2020-09-08 07:00:00,15.88,16.21,15.55,15.74,1083190,PDR
2020-09-09 07:00:00,15.41,15.81,15.41,15.81,980300,PDR
2020-09-10 07:00:00,15.81,16.39,15.69,16.39,1503050,PDR
2020-09-11 07:00:00,16.39,17.19,16.35,17.19,1110090,PDR
2020-09-14 07:00:00,17.28,17.94,17.19,17.42,1020730,PDR
2020-09-15 07:00:00,17.31,17.84,17.31,17.66,685490,PDR
2020-09-16 07:00:00,17.52,17.75,17.1,17.66,1520690,PDR
2020-09-17 07:00:00,17.66,17.66,17.28,17.56,1516030,PDR
2020-09-18 07:00:00,17.56,17.8,17.52,17.8,2284120,PDR
2020-09-21 07:00:00,17.82,18.78,17.82,18.75,1912510,PDR
2020-09-22 07:00:00,18.68,19.15,18.54,19.1,1441900,PDR
2020-09-23 07:00:00,18.96,19.1,18.4,18.68,1557080,PDR
2020-09-24 07:00:00,18.59,18.89,18.5,18.82,1367530,PDR
2020-09-25 07:00:00,18.73,18.78,17.7,17.98,1148060,PDR
2020-09-28 07:00:00,18.03,18.78,18.03,18.78,2028320,PDR
2020-09-29 07:00:00,18.78,18.78,17.91,18.5,963110,PDR
2020-09-30 07:00:00,18.22,18.4,17.89,18.03,1231550,PDR
2020-10-01 07:00:00,18.03,18.64,17.84,18.64,1909790,PDR
2020-10-02 07:00:00,18.57,18.66,18.03,18.22,1325060,PDR
2020-10-05 07:00:00,18.26,18.45,17.98,18.03,1554110,PDR
2020-10-06 07:00:00,18.08,18.33,18.01,18.31,1528760,PDR
2020-10-07 07:00:00,18.31,18.33,18.05,18.12,1701940,PDR
2020-10-08 07:00:00,18.12,18.15,17.89,17.98,1440420,PDR
2020-10-09 07:00:00,18.08,18.4,18.03,18.31,1628160,PDR
2020-10-12 07:00:00,18.31,18.36,17.98,18.01,1280160,PDR
2020-10-13 07:00:00,18.01,18.01,17.89,17.98,1167560,PDR
2020-10-14 07:00:00,17.94,18.38,17.91,18.31,1623160,PDR
2020-10-15 07:00:00,18.31,18.31,18.17,18.26,1661930,PDR
2020-10-16 07:00:00,18.15,18.22,17.75,17.75,1825410,PDR
2020-10-19 07:00:00,17.75,18.26,17.75,18.22,1878950,PDR
2020-10-20 07:00:00,18.22,18.45,18.19,18.31,1875660,PDR
2020-10-21 07:00:00,18.26,18.31,18.01,18.01,1803360,PDR
2020-10-22 07:00:00,18.01,18.1,17.84,18.1,1560080,PDR
2020-10-23 07:00:00,18.1,18.1,17.66,17.94,1496040,PDR
2020-10-26 07:00:00,17.94,18.05,17.91,17.94,1675700,PDR
2020-10-27 07:00:00,17.89,19.17,17.87,19.17,3009670,PDR
2020-10-28 07:00:00,19.2,20.13,19.2,19.71,2519360,PDR
2020-10-29 07:00:00,19.66,19.85,19.66,19.71,2410190,PDR
2020-10-30 07:00:00,19.66,19.66,18.89,19.15,1776090,PDR
2020-11-02 07:00:00,19.01,19.24,18.85,18.96,1883990,PDR
2020-11-03 07:00:00,19.01,20.27,19.01,20.27,3122710,PDR
2020-11-04 07:00:00,20.29,20.6,19.66,19.66,2190700,PDR
2020-11-05 07:00:00,19.48,20.08,19.24,19.9,2938270,PDR
2020-11-06 07:00:00,20.47,20.47,19.77,19.95,2331160,PDR
2020-11-09 07:00:00,20.07,20.57,19.95,20.37,2920390,PDR
2020-11-10 07:00:00,20.52,20.57,19.92,19.97,2171120,PDR
2020-11-11 07:00:00,19.97,19.97,19.32,19.42,1961170,PDR
2020-11-12 07:00:00,19.45,19.72,19.27,19.72,1775880,PDR
2020-11-13 07:00:00,19.82,19.92,19.6,19.65,2265810,PDR
2020-11-16 07:00:00,19.65,19.67,18.97,18.97,2119080,PDR
2020-11-17 07:00:00,18.97,19.47,18.97,19.42,1885110,PDR
2020-11-18 07:00:00,19.37,19.42,19.22,19.3,2198210,PDR
2020-11-19 07:00:00,19.22,19.6,19.22,19.6,2295860,PDR
2020-11-20 07:00:00,19.77,20.95,19.67,20.95,3721350,PDR
2020-11-23 07:00:00,21.07,21.32,20.62,20.95,2295520,PDR
2020-11-24 07:00:00,20.95,20.95,20.45,20.92,2252570,PDR
2020-11-25 07:00:00,20.87,20.87,20.17,20.27,2336930,PDR
2020-11-26 07:00:00,20.25,20.32,19.72,20.32,2249000,PDR
2020-11-27 07:00:00,20.27,21.02,20.17,20.75,3544850,PDR
2020-11-30 07:00:00,20.67,20.75,20.42,20.65,2496410,PDR
2020-12-01 07:00:00,20.07,20.52,20.07,20.47,2295090,PDR
2020-12-02 07:00:00,20.82,20.82,20.02,20.42,2412740,PDR
2020-12-03 07:00:00,20.42,21.72,20.07,21.72,3810350,PDR
2020-12-04 07:00:00,21.72,22.22,21.57,21.72,2446350,PDR
2020-12-07 07:00:00,21.62,21.87,21.12,21.82,2946050,PDR
2020-12-08 07:00:00,21.82,21.87,21.32,21.7,2236980,PDR
2020-12-09 07:00:00,21.74,21.92,21.57,21.77,2872410,PDR
2020-12-10 07:00:00,21.77,21.92,21.37,21.42,2572120,PDR
2020-12-11 07:00:00,21.37,21.62,20.97,21.42,2347190,PDR
2020-12-14 07:00:00,21.47,22.39,21.47,22.39,4062630,PDR
2020-12-15 07:00:00,22.32,22.39,21.97,22.17,3076690,PDR
2020-12-16 07:00:00,22.07,22.22,21.92,22.22,3609790,PDR
2020-12-17 07:00:00,22.07,22.22,21.72,21.97,3117130,PDR
2020-12-18 07:00:00,21.92,22.32,21.77,21.84,3924570,PDR
2020-12-21 07:00:00,21.92,23.37,21.92,23.34,4250390,PDR
2020-12-22 07:00:00,23.27,23.97,22.92,23.97,4189830,PDR
2020-12-23 07:00:00,23.87,24.97,23.72,24.87,4079260,PDR
2020-12-24 07:00:00,24.82,24.97,23.67,24.97,3016020,PDR
2020-12-25 07:00:00,24.72,24.77,24.22,24.47,3114430,PDR
2020-12-28 07:00:00,24.37,24.87,24.22,24.82,3601600,PDR
2020-12-29 07:00:00,24.82,26.46,24.52,25.96,4109920,PDR
2020-12-30 07:00:00,25.71,26.21,25.07,25.51,3024660,PDR
2020-12-31 07:00:00,25.41,25.71,25.27,25.71,3092380,PDR
2021-01-04 07:00:00,25.66,26.26,25.41,25.86,3380200,PDR
2021-01-05 07:00:00,25.76,26.16,25.56,25.66,3227600,PDR
2021-01-06 07:00:00,25.46,26.16,25.27,25.91,3515200,PDR
2021-01-07 07:00:00,25.91,26.01,25.36,25.76,3148200,PDR
2021-01-08 07:00:00,25.56,25.81,25.22,25.66,3689700,PDR
2021-01-11 07:00:00,25.66,25.76,25.41,25.71,2328600,PDR
2021-01-12 07:00:00,25.71,25.86,25.51,25.71,3578100,PDR
2021-01-13 07:00:00,25.61,26.61,25.46,26.61,5038900,PDR
2021-01-14 07:00:00,26.56,28.46,26.51,27.96,5327500,PDR
2021-01-15 07:00:00,27.66,27.96,27.21,27.61,3532400,PDR
2021-01-18 07:00:00,27.51,27.66,26.96,27.46,3523000,PDR
2021-01-19 07:00:00,27.36,27.56,25.56,26.66,2731500,PDR
2021-01-20 07:00:00,26.51,26.66,25.17,26.46,3111400,PDR
2021-01-21 07:00:00,26.41,26.96,26.16,26.66,3528900,PDR
2021-01-22 07:00:00,26.61,27.76,26.46,27.66,4401900,PDR
2021-01-25 07:00:00,27.66,28.26,27.36,28.21,4820700,PDR
2021-01-26 07:00:00,28.21,28.21,26.61,27.71,3297500,PDR
2021-01-27 07:00:00,27.31,27.41,26.46,26.96,3220200,PDR
2021-01-28 07:00:00,25.22,26.96,25.12,26.21,2758900,PDR
2021-01-29 07:00:00,25.91,27.86,25.66,27.86,3711700,PDR
2021-02-01 07:00:00,27.76,27.86,26.81,27.21,3176200,PDR
2021-02-02 07:00:00,27.16,27.86,26.76,27.86,4085100,PDR
2021-02-03 07:00:00,27.91,29.71,27.86,29.46,5457200,PDR
2021-02-04 07:00:00,29.46,29.71,28.96,29.46,3836300,PDR
2021-02-05 07:00:00,29.51,30.16,29.51,30.16,3364200,PDR
2021-02-08 07:00:00,30.06,30.61,28.21,30.61,3868400,PDR
2021-02-09 07:00:00,30.21,31.36,29.36,31.36,4151800,PDR
2021-02-17 07:00:00,31.26,32.31,30.86,32.26,3977000,PDR
2021-02-18 07:00:00,32.16,32.51,31.41,32.51,3735100,PDR
2021-02-19 07:00:00,31.96,32.41,31.46,32.41,3790500,PDR
2021-02-22 07:00:00,32.36,32.36,31.61,32.21,3725500,PDR
2021-02-23 07:00:00,32.06,32.06,31.31,31.96,3163200,PDR
2021-02-24 07:00:00,31.86,31.91,30.81,31.51,3175500,PDR
2021-02-25 07:00:00,31.31,31.36,30.46,31.06,3287200,PDR
2021-02-26 07:00:00,30.91,31.61,30.51,31.46,3725300,PDR
2021-03-01 07:00:00,31.46,32.21,31.41,32.11,4017700,PDR
2021-03-02 07:00:00,32.11,32.21,31.56,32.21,3813100,PDR
2021-03-03 07:00:00,31.96,32.21,31.71,32.11,3461900,PDR
2021-03-04 07:00:00,32.11,32.16,31.21,31.36,1996100,PDR
2021-03-05 07:00:00,31.21,31.26,30.46,31.26,3428300,PDR
2021-03-08 07:00:00,31.21,31.36,30.51,31.11,3451400,PDR
2021-03-09 07:00:00,31.16,31.86,30.46,31.81,4088200,PDR
2021-03-10 07:00:00,31.76,32.21,31.56,32.11,4310900,PDR
2021-03-11 07:00:00,32.11,33.35,31.96,33.35,5569900,PDR
2021-03-12 07:00:00,33.3,34.25,33.15,33.55,4283000,PDR
2021-03-15 07:00:00,33.65,33.85,33.0,33.45,3467700,PDR
2021-03-16 07:00:00,33.3,33.5,32.7,33.5,3154900,PDR
2021-03-17 07:00:00,33.3,33.6,32.8,33.55,3162700,PDR
2021-03-18 07:00:00,33.55,33.95,33.35,33.95,3030600,PDR
2021-03-19 07:00:00,33.85,34.2,33.45,34.2,3151200,PDR
2021-03-22 07:00:00,33.85,34.05,33.55,33.7,3002900,PDR
2021-03-23 07:00:00,33.81,34.75,33.1,34.69,3540800,PDR
2021-03-24 07:00:00,34.42,34.69,33.76,34.42,2928000,PDR
2021-03-25 07:00:00,34.36,34.47,33.76,34.14,2851900,PDR
2021-03-26 07:00:00,34.03,34.03,32.77,33.76,2895900,PDR
2021-03-29 07:00:00,33.65,34.2,33.48,34.03,3209100,PDR
2021-03-30 07:00:00,33.98,34.25,33.59,33.92,2897100,PDR
2021-03-31 07:00:00,33.92,34.2,33.54,34.03,2753800,PDR
2021-04-01 07:00:00,34.03,34.86,33.87,34.69,3623500,PDR
2021-04-02 07:00:00,34.8,35.68,34.64,35.46,3879700,PDR
2021-04-05 07:00:00,37.88,37.88,35.62,37.33,4300600,PDR
2021-04-06 07:00:00,37.33,37.38,36.89,37.22,3274100,PDR
2021-04-07 07:00:00,37.11,37.71,36.61,37.71,3311200,PDR
2021-04-08 07:00:00,37.66,37.77,37.33,37.71,2918800,PDR
2021-04-09 07:00:00,37.66,37.88,37.22,37.66,2853600,PDR
2021-04-12 07:00:00,37.6,37.77,37.33,37.49,2786200,PDR
2021-04-13 07:00:00,37.38,37.55,37.11,37.22,2719500,PDR
2021-04-14 07:00:00,37.11,37.27,36.72,37.11,2764500,PDR
2021-04-15 07:00:00,36.94,37.44,36.83,37.11,2841800,PDR
2021-04-16 07:00:00,37.05,39.69,37.0,38.97,4893800,PDR
2021-04-19 07:00:00,39.3,41.66,38.92,41.66,5360800,PDR
2021-04-20 07:00:00,41.72,44.57,41.72,43.58,6453900,PDR
2021-04-22 07:00:00,43.53,43.69,41.94,41.94,3943000,PDR
2021-04-23 07:00:00,41.94,43.31,41.72,43.09,3921600,PDR
2021-04-26 07:00:00,45.3,45.48,44.07,45.48,5039200,PDR
2021-04-27 07:00:00,45.36,45.36,44.07,44.25,3368200,PDR
2021-04-28 07:00:00,44.07,44.07,43.21,43.83,3672400,PDR
2021-04-29 07:00:00,43.89,44.74,43.03,43.03,3222900,PDR
2021-05-04 07:00:00,43.03,45.11,42.91,44.74,4046400,PDR
2021-05-05 07:00:00,44.56,44.68,44.13,44.32,3275500,PDR
2021-05-06 07:00:00,44.19,44.44,43.76,44.01,3094000,PDR
2021-05-07 07:00:00,43.89,44.13,43.03,43.46,2686500,PDR
2021-05-10 07:00:00,43.21,43.46,42.84,42.84,2929000,PDR
2021-05-11 07:00:00,42.84,43.46,42.54,42.6,3827600,PDR
2021-05-12 07:00:00,42.6,44.74,42.6,44.5,4847700,PDR
2021-05-13 07:00:00,43.21,44.56,43.21,43.58,3520200,PDR
2021-05-14 07:00:00,43.52,44.25,43.34,44.13,2745800,PDR
2021-05-17 07:00:00,44.13,44.38,42.84,43.03,3410100,PDR
2021-05-18 07:00:00,42.84,43.21,42.29,42.97,2660600,PDR
2021-05-19 07:00:00,42.97,43.03,42.48,43.03,2494300,PDR
2021-05-20 07:00:00,42.97,44.74,42.6,44.74,2687500,PDR
2021-05-21 07:00:00,44.38,46.65,43.52,46.58,5809700,PDR
2021-05-24 07:00:00,46.58,47.5,46.09,46.83,4192300,PDR
2021-05-25 07:00:00,46.58,47.07,46.28,46.46,2857500,PDR
2021-05-26 07:00:00,46.34,46.52,45.66,45.85,2791400,PDR
2021-05-27 07:00:00,45.79,47.5,45.24,47.5,4468300,PDR
2021-05-28 07:00:00,47.38,47.81,46.89,47.69,3896800,PDR
2021-05-31 07:00:00,47.44,47.56,46.28,47.2,3238500,PDR
2021-06-01 07:00:00,47.07,47.07,46.28,46.46,1997700,PDR
2021-06-02 07:00:00,46.22,47.26,45.91,47.26,2907000,PDR
2021-06-03 07:00:00,47.14,48.12,46.65,47.99,4498700,PDR
2021-06-04 07:00:00,48.12,50.45,47.87,50.14,8119200,PDR
2021-06-07 07:00:00,50.02,51.49,49.95,51.06,5801200,PDR
2021-06-08 07:00:00,50.94,52.1,50.2,50.45,5185800,PDR
2021-06-09 07:00:00,50.26,50.63,49.34,50.38,3966100,PDR
2021-06-10 07:00:00,50.14,51.06,49.4,51.0,5472900,PDR
2021-06-11 07:00:00,51.0,53.57,50.38,53.57,7544100,PDR
2021-06-14 07:00:00,53.69,56.45,53.51,56.02,8276900,PDR
2021-06-15 07:00:00,56.02,56.94,55.72,56.7,6232900,PDR
2021-06-16 07:00:00,56.57,56.57,55.16,56.39,5819200,PDR
2021-06-17 07:00:00,55.9,56.27,55.16,56.21,4189400,PDR
2021-06-18 07:00:00,56.15,56.45,53.88,56.45,5510100,PDR
2021-06-21 07:00:00,56.27,56.64,54.92,55.47,4137100,PDR
2021-06-22 07:00:00,55.47,55.47,54.18,54.18,3891300,PDR
2021-06-23 07:00:00,54.06,54.06,52.77,52.77,3739100,PDR
2021-06-24 07:00:00,52.65,54.92,52.59,54.55,2976100,PDR
2021-06-25 07:00:00,54.49,58.23,54.12,58.23,6625900,PDR
2021-06-28 07:00:00,57.98,59.09,56.82,57.98,4955400,PDR
2021-06-29 07:00:00,57.86,59.76,57.31,58.78,4372500,PDR
2021-06-30 07:00:00,58.66,59.21,57.19,57.25,3786300,PDR
2021-07-01 07:00:00,57.19,58.97,56.94,58.78,5012800,PDR
2021-07-02 07:00:00,58.78,59.64,57.62,58.78,5272300,PDR
2021-07-05 07:00:00,58.66,58.84,57.37,58.23,3649200,PDR
2021-07-06 07:00:00,58.05,58.23,57.37,57.86,4058200,PDR
2021-07-07 07:00:00,57.62,58.97,56.76,58.97,4610200,PDR
2021-07-08 07:00:00,58.9,58.97,57.49,58.05,2624400,PDR
2021-07-09 07:00:00,57.86,58.05,57.07,57.86,2504200,PDR
2021-07-12 07:00:00,57.49,57.92,54.37,55.72,3218900,PDR
2021-07-13 07:00:00,55.59,55.59,52.53,53.33,2719300,PDR
2021-07-14 07:00:00,53.39,54.06,53.26,53.63,2178000,PDR
2021-07-15 07:00:00,53.57,53.63,51.86,53.45,2915000,PDR
2021-07-16 07:00:00,53.45,56.33,53.45,55.29,6716800,PDR
2021-07-19 07:00:00,55.16,55.16,52.77,53.82,2533500,PDR
2021-07-20 07:00:00,53.69,55.16,52.71,55.1,3110600,PDR
2021-07-21 07:00:00,54.98,55.23,53.63,54.18,1986000,PDR
2021-07-22 07:00:00,54.25,56.15,53.69,55.23,2886900,PDR
2021-07-23 07:00:00,55.16,55.47,54.31,54.31,2658700,PDR
2021-07-26 07:00:00,54.0,55.72,53.45,55.47,2919700,PDR
2021-07-27 07:00:00,55.47,56.39,55.04,55.04,3171200,PDR
2021-07-28 07:00:00,54.86,56.33,54.43,55.72,2531000,PDR
2021-07-29 07:00:00,55.66,56.15,55.41,55.72,2562900,PDR
2021-07-30 07:00:00,55.66,56.94,55.35,56.7,3698700,PDR
2021-08-02 07:00:00,56.57,57.62,56.15,57.37,3809100,PDR
2021-08-03 07:00:00,57.37,58.17,57.0,57.56,2997700,PDR
2021-08-04 07:00:00,57.49,58.11,56.94,57.49,3868300,PDR
2021-08-05 07:00:00,57.25,58.11,56.76,57.49,2962000,PDR
2021-08-06 07:00:00,57.37,58.11,57.07,57.31,3080100,PDR
2021-08-09 07:00:00,57.25,57.92,57.07,57.37,2942400,PDR
2021-08-10 07:00:00,57.19,57.62,56.51,56.94,2880100,PDR
2021-08-11 07:00:00,56.94,57.49,56.45,56.94,3341400,PDR
2021-08-12 07:00:00,56.94,57.31,56.64,56.7,2781700,PDR
2021-08-13 07:00:00,56.7,57.31,56.02,56.15,3431100,PDR
2021-08-16 07:00:00,56.15,56.51,55.84,56.21,3121000,PDR
2021-08-17 07:00:00,56.15,56.51,55.66,55.9,2684800,PDR
2021-08-18 07:00:00,55.96,56.39,53.76,54.55,5424800,PDR
2021-08-19 07:00:00,54.55,54.55,53.33,54.12,3610400,PDR
2021-08-20 07:00:00,54.0,54.06,51.49,52.16,3367200,PDR
2021-08-23 07:00:00,51.73,51.79,50.14,50.38,3570900,PDR
2021-08-24 07:00:00,50.2,52.71,50.02,52.71,4269700,PDR
2021-08-25 07:00:00,52.71,54.31,52.71,53.2,3400400,PDR
2021-08-26 07:00:00,53.08,53.33,50.81,51.18,3042800,PDR
2021-08-27 07:00:00,51.18,52.47,50.14,52.1,3428600,PDR
2021-08-30 07:00:00,52.04,52.9,51.79,52.41,3298800,PDR
2021-08-31 07:00:00,52.28,53.88,51.06,53.88,3577000,PDR
2021-09-01 07:00:00,53.69,53.69,51.86,52.53,2671900,PDR
2021-09-06 07:00:00,52.47,53.2,52.16,52.71,2918400,PDR
2021-09-07 07:00:00,52.53,52.53,50.87,50.87,3118800,PDR
2021-09-08 07:00:00,50.75,52.1,50.26,51.61,3572200,PDR
2021-09-09 07:00:00,51.49,51.61,50.2,50.51,2945500,PDR
2021-09-10 07:00:00,50.45,51.36,50.2,50.45,3025000,PDR
2021-09-13 07:00:00,50.38,50.94,49.34,49.34,3344000,PDR
2021-09-14 07:00:00,49.28,50.02,49.04,49.34,2879800,PDR
2021-09-15 07:00:00,49.28,50.26,49.22,50.08,2896600,PDR
2021-09-16 07:00:00,49.95,50.38,49.65,50.14,2779600,PDR
2021-09-17 07:00:00,50.08,50.2,49.04,49.04,4756000,PDR
2021-09-20 07:00:00,49.1,51.12,49.04,50.81,5077900,PDR
2021-09-21 07:00:00,50.57,50.57,49.16,50.02,3349600,PDR
2021-09-22 07:00:00,49.95,50.08,49.28,49.65,2752600,PDR
2021-09-23 07:00:00,49.59,50.02,49.22,49.4,2723800,PDR
2021-09-24 07:00:00,49.4,49.65,49.04,49.22,2819200,PDR
2021-09-27 07:00:00,49.22,49.95,49.1,49.22,3178100,PDR
2021-09-28 07:00:00,49.16,49.89,49.1,49.83,4066800,PDR
2021-09-29 07:00:00,49.77,49.95,49.4,49.77,2568300,PDR
2021-09-30 07:00:00,49.71,50.14,49.4,50.14,3055000,PDR
2021-10-01 07:00:00,50.08,51.55,49.71,51.49,4784100,PDR
2021-10-04 07:00:00,51.49,52.41,51.43,52.28,4519600,PDR
2021-10-05 07:00:00,52.22,52.41,51.36,51.49,3593400,PDR
2021-10-06 07:00:00,51.43,51.79,50.51,51.67,3765600,PDR
2021-10-07 07:00:00,51.67,52.59,51.49,52.35,4978200,PDR
2021-10-08 07:00:00,52.35,53.33,52.22,53.33,4072600,PDR
2021-10-11 07:00:00,53.33,54.43,53.26,54.43,5343400,PDR
2021-10-12 07:00:00,54.43,54.55,53.63,54.25,4357000,PDR
2021-10-13 07:00:00,54.25,55.66,53.94,55.53,5466700,PDR
2021-10-14 07:00:00,55.41,57.0,55.35,57.0,5158300,PDR
2021-10-15 07:00:00,57.0,57.13,55.23,55.96,4790000,PDR
2021-10-18 07:00:00,55.9,58.23,55.78,57.62,4903700,PDR
2021-10-19 07:00:00,57.62,57.74,57.0,57.31,3762300,PDR
2021-10-20 07:00:00,57.19,60.07,57.13,59.09,6287900,PDR
2021-10-21 07:00:00,59.09,60.01,58.78,59.27,4770800,PDR
2021-10-22 07:00:00,59.21,61.11,59.21,60.68,4819000,PDR
2021-10-25 07:00:00,60.68,61.05,60.01,60.07,4305100,PDR
2021-10-26 07:00:00,59.82,59.95,58.11,59.03,4742400,PDR
2021-10-27 07:00:00,58.97,59.58,58.11,59.52,4055200,PDR
2021-10-28 07:00:00,59.46,59.58,58.23,58.41,4129000,PDR
2021-10-29 07:00:00,58.41,59.15,58.23,58.84,4294200,PDR
2021-11-01 07:00:00,58.72,59.09,56.76,57.07,3886700,PDR
2021-11-02 07:00:00,57.0,59.15,57.0,58.41,4535400,PDR
2021-11-03 07:00:00,58.29,58.78,57.07,57.31,4366200,PDR
2021-11-04 07:00:00,57.37,57.74,56.39,57.43,4682500,PDR
2021-11-05 07:00:00,57.43,58.23,57.37,58.17,4654500,PDR
2021-11-08 07:00:00,58.23,58.72,56.7,57.07,4760700,PDR
2021-11-09 07:00:00,57.07,57.37,56.33,56.57,4024700,PDR
2021-11-10 07:00:00,56.57,56.7,54.18,54.67,3265200,PDR
2021-11-11 07:00:00,54.67,57.43,54.67,56.33,5375400,PDR
2021-11-12 07:00:00,56.39,56.94,55.59,56.02,3821600,PDR
2021-11-15 07:00:00,56.02,56.39,55.47,55.78,4380500,PDR
2021-11-16 07:00:00,55.72,55.84,54.86,55.47,3998100,PDR
2021-11-17 07:00:00,55.47,56.08,54.86,55.16,3390700,PDR
2021-11-18 07:00:00,55.16,55.47,54.92,54.92,3437000,PDR
2021-11-19 07:00:00,54.92,56.64,54.8,55.59,5113500,PDR
2021-11-22 07:00:00,55.59,56.64,55.47,55.72,3619100,PDR
2021-11-23 07:00:00,55.72,56.02,54.67,55.59,3912700,PDR
2021-11-24 07:00:00,55.66,56.08,55.35,55.41,3615200,PDR
2021-11-25 07:00:00,55.66,57.74,55.66,57.74,6052000,PDR
2021-11-26 07:00:00,58.17,59.15,58.17,58.72,5598900,PDR
2021-11-29 07:00:00,58.23,58.23,57.13,57.62,3409800,PDR
2021-11-30 07:00:00,57.86,58.17,56.7,57.37,4149600,PDR
2021-12-01 07:00:00,57.19,57.37,56.45,57.0,3218700,PDR
2021-12-02 07:00:00,57.0,58.17,57.0,58.11,4897400,PDR
2021-12-03 07:00:00,58.54,58.72,57.68,58.17,4724600,PDR
2021-12-06 07:00:00,58.54,59.76,58.41,58.6,7532800,PDR
2021-12-07 07:00:00,58.97,59.95,58.54,59.95,5713100,PDR
2021-12-08 07:00:00,60.25,60.62,59.76,60.44,5646200,PDR
2021-12-09 07:00:00,60.56,60.56,59.95,60.56,3990000,PDR
2021-12-10 07:00:00,60.56,61.17,59.88,60.5,4990300,PDR
2021-12-13 07:00:00,60.5,60.93,60.01,60.25,4254800,PDR
2021-12-14 07:00:00,60.37,60.37,56.7,56.7,4452700,PDR
2021-12-15 07:00:00,56.76,57.62,55.47,57.62,4613500,PDR
2021-12-16 07:00:00,57.8,60.07,57.8,59.88,5716400,PDR
2021-12-17 07:00:00,59.88,60.62,58.54,58.54,3934600,PDR
2021-12-20 07:00:00,58.84,59.46,58.23,58.54,4514200,PDR
2021-12-21 07:00:00,58.66,58.97,57.98,58.72,3546500,PDR
2021-12-22 07:00:00,58.84,59.27,57.68,57.74,3568400,PDR
2021-12-23 07:00:00,57.86,58.41,56.45,58.11,3775200,PDR
2021-12-24 07:00:00,58.23,58.47,57.68,57.92,3232600,PDR
2021-12-27 07:00:00,58.05,58.23,57.0,57.98,3496300,PDR
2021-12-28 07:00:00,57.92,58.23,57.43,57.68,2894400,PDR
2021-12-29 07:00:00,57.8,57.98,56.76,57.0,2994400,PDR
2021-12-30 07:00:00,57.0,57.86,56.39,57.86,3389700,PDR
2021-12-31 07:00:00,57.98,58.66,57.86,58.35,5215800,PDR
2022-01-04 07:00:00,58.35,58.66,57.68,58.11,3572300,PDR
2022-01-05 07:00:00,57.92,58.23,57.0,57.49,3756000,PDR
2022-01-06 07:00:00,57.25,57.56,56.7,57.49,2962900,PDR
2022-01-07 07:00:00,57.43,58.17,56.57,57.0,3724100,PDR
2022-01-10 07:00:00,57.0,57.56,56.88,57.31,3419000,PDR
2022-01-11 07:00:00,57.31,57.31,56.39,56.76,3549700,PDR
2022-01-12 07:00:00,56.64,56.82,55.16,55.16,4007200,PDR
2022-01-13 07:00:00,55.16,56.7,54.92,55.47,4176800,PDR
2022-01-14 07:00:00,55.47,56.39,54.98,56.27,3820900,PDR
2022-01-17 07:00:00,56.15,56.76,52.59,53.02,3248300,PDR
2022-01-18 07:00:00,53.02,54.67,52.84,53.94,4226100,PDR
2022-01-19 07:00:00,53.94,56.39,53.88,54.55,4774300,PDR
2022-01-20 07:00:00,54.49,56.39,54.31,55.16,4106400,PDR
2022-01-21 07:00:00,55.16,55.9,54.74,55.04,3710000,PDR
2022-01-24 07:00:00,55.04,55.29,51.55,52.35,3429800,PDR
2022-01-25 07:00:00,52.22,55.96,51.67,55.16,4175100,PDR
2022-01-26 07:00:00,55.29,55.72,52.96,53.2,2973000,PDR
2022-01-27 07:00:00,53.33,54.49,52.71,53.63,2913900,PDR
2022-01-28 07:00:00,53.76,55.66,53.63,55.66,3435800,PDR
2022-02-07 07:00:00,55.9,56.39,55.41,55.78,2948400,PDR
2022-02-08 07:00:00,55.66,55.96,54.18,54.55,2892800,PDR
2022-02-09 07:00:00,54.49,56.27,53.94,55.66,4110000,PDR
2022-02-10 07:00:00,55.78,56.02,55.1,55.16,3154400,PDR
2022-02-11 07:00:00,55.1,55.29,54.25,55.23,2953800,PDR
2022-02-14 07:00:00,55.1,55.1,54.06,54.86,2778300,PDR
2022-02-15 07:00:00,54.8,55.47,54.61,55.16,2681400,PDR
2022-02-16 07:00:00,55.16,55.59,54.8,55.29,2744800,PDR
2022-02-17 07:00:00,55.47,56.39,55.35,56.39,4033900,PDR
2022-02-18 07:00:00,56.7,56.88,55.1,55.9,3420100,PDR
2022-02-21 07:00:00,55.84,56.02,54.92,55.9,3198800,PDR
2022-02-22 07:00:00,55.66,55.72,54.37,55.04,3000600,PDR
2022-02-23 07:00:00,55.1,55.9,54.8,55.16,3003700,PDR
2022-02-24 07:00:00,55.1,55.23,53.51,54.31,3071000,PDR
2022-02-25 07:00:00,54.25,55.35,53.39,53.63,2684700,PDR
2022-02-28 07:00:00,53.51,53.82,52.1,52.1,2524200,PDR
2022-03-01 07:00:00,52.1,52.35,50.69,51.79,3405200,PDR
2022-03-02 07:00:00,52.1,53.94,52.1,53.45,5006800,PDR
2022-03-03 07:00:00,53.69,54.55,53.39,53.94,4930900,PDR
2022-03-04 07:00:00,53.94,55.47,52.71,55.47,4313400,PDR
2022-03-07 07:00:00,55.59,55.59,54.06,54.86,3534900,PDR
2022-03-08 07:00:00,54.74,54.74,53.26,53.39,3368200,PDR
2022-03-09 07:00:00,53.57,54.55,53.2,53.94,3227900,PDR
2022-03-10 07:00:00,54.25,54.55,53.26,54.0,3193200,PDR
2022-03-11 07:00:00,53.94,54.25,53.33,53.76,3097000,PDR
2022-03-14 07:00:00,53.69,53.82,52.71,53.63,2955900,PDR
2022-03-15 07:00:00,53.51,53.82,52.47,52.9,3325800,PDR
2022-03-16 07:00:00,52.77,53.08,52.16,52.59,2773800,PDR
2022-03-17 07:00:00,52.53,53.02,52.28,52.96,3282900,PDR
2022-03-18 07:00:00,52.9,53.02,52.1,52.1,3511500,PDR
2022-03-21 07:00:00,52.22,55.72,52.04,55.72,6146600,PDR
2022-03-22 07:00:00,56.27,57.0,55.41,55.96,4716300,PDR
2022-03-23 07:00:00,55.78,55.96,54.98,55.35,3043900,PDR
2022-03-24 07:00:00,55.23,57.56,54.98,57.56,5478600,PDR
2022-03-25 07:00:00,57.49,58.17,57.19,57.74,3681200,PDR
2022-03-28 07:00:00,57.19,57.92,55.72,57.0,4455000,PDR
2022-03-29 07:00:00,56.88,57.43,56.08,56.39,3268300,PDR
2022-03-30 07:00:00,56.15,56.21,54.49,55.59,2888200,PDR
2022-03-31 07:00:00,55.29,55.35,53.94,54.86,2665400,PDR
2022-04-01 07:00:00,54.67,57.31,53.76,56.82,3877700,PDR
2022-04-04 07:00:00,57.31,57.43,56.21,56.94,3250300,PDR
2022-04-05 07:00:00,56.94,57.31,56.45,57.0,3390000,PDR
2022-04-06 07:00:00,56.76,57.49,56.33,57.0,3833300,PDR
2022-04-07 07:00:00,56.88,57.31,56.15,56.76,2755000,PDR
2022-04-08 07:00:00,56.7,56.94,55.72,55.78,3065600,PDR
2022-04-12 07:00:00,55.78,56.27,54.74,55.16,3266000,PDR
2022-04-13 07:00:00,55.04,55.78,55.04,55.78,3029000,PDR
2022-04-14 07:00:00,55.66,56.08,54.86,54.86,3042700,PDR
2022-04-15 07:00:00,54.74,54.92,53.08,53.08,2544600,PDR
2022-04-18 07:00:00,53.08,54.0,52.04,53.82,2883600,PDR
2022-04-19 07:00:00,53.76,54.55,52.59,52.59,2688000,PDR
2022-04-20 07:00:00,52.17,53.43,51.34,53.09,2778800,PDR
2022-04-21 07:00:00,52.76,53.68,51.59,53.01,3034600,PDR
2022-04-22 07:00:00,52.84,55.35,50.75,54.26,3842600,PDR
2022-04-25 07:00:00,53.93,53.93,50.67,51.84,1848100,PDR
2022-04-26 07:00:00,51.42,52.51,49.41,52.42,3029300,PDR
2022-04-27 07:00:00,52.09,52.17,50.5,51.84,2534200,PDR
2022-04-28 07:00:00,51.5,52.26,50.5,51.84,2121300,PDR
2022-04-29 07:00:00,51.75,52.26,50.58,51.92,2033700,PDR
2022-05-04 07:00:00,51.92,52.09,50.5,51.42,2659200,PDR
2022-05-05 07:00:00,51.25,51.84,50.58,51.42,2541900,PDR
2022-05-06 07:00:00,51.09,51.42,50.25,51.0,1890700,PDR
2022-05-09 07:00:00,50.33,51.09,49.16,49.58,2278200,PDR
2022-05-10 07:00:00,48.66,51.75,47.91,51.75,2772400,PDR
2022-05-11 07:00:00,51.67,51.84,50.25,50.75,1902600,PDR
2022-05-12 07:00:00,50.42,50.42,47.66,47.66,1895200,PDR
2022-05-13 07:00:00,47.32,48.24,44.81,44.81,2608800,PDR
2022-05-16 07:00:00,44.48,46.74,44.31,45.65,2111100,PDR
2022-05-17 07:00:00,45.48,47.66,44.31,47.66,2603500,PDR
2022-05-18 07:00:00,48.08,48.08,46.07,46.65,2556300,PDR
2022-05-19 07:00:00,46.07,46.07,44.65,45.15,2589100,PDR
2022-05-20 07:00:00,45.07,45.99,44.23,44.98,2333500,PDR
2022-05-23 07:00:00,44.73,44.9,43.48,44.31,2037900,PDR
2022-05-24 07:00:00,43.98,44.48,42.47,44.48,2092200,PDR
2022-05-25 07:00:00,44.4,44.81,42.98,44.15,2395400,PDR
2022-05-26 07:00:00,44.23,45.57,43.98,44.81,2748100,PDR
2022-05-27 07:00:00,44.98,45.82,44.31,45.4,2110400,PDR
2022-05-30 07:00:00,45.4,46.4,44.23,46.24,3015700,PDR
2022-05-31 07:00:00,45.9,46.57,44.98,45.82,2578400,PDR
2022-06-01 07:00:00,45.57,45.99,44.56,45.57,2230700,PDR
2022-06-02 07:00:00,45.57,45.73,44.48,45.32,2360600,PDR
2022-06-03 07:00:00,45.32,45.73,44.31,44.9,2012400,PDR
2022-06-06 07:00:00,45.07,45.4,44.06,44.9,2042100,PDR
2022-06-07 07:00:00,44.48,44.9,43.56,44.23,1872000,PDR
2022-06-08 07:00:00,44.15,44.31,43.39,44.06,2275900,PDR
2022-06-09 07:00:00,44.23,44.73,43.64,44.48,1819200,PDR
2022-06-10 07:00:00,44.31,44.56,43.56,44.06,1733400,PDR
2022-06-13 07:00:00,43.14,43.73,41.8,41.8,2208600,PDR
2022-06-14 07:00:00,41.39,41.8,40.34,41.72,2030400,PDR
2022-06-15 07:00:00,41.72,41.89,40.47,40.8,2141900,PDR
2022-06-16 07:00:00,41.39,42.64,40.3,42.47,1867200,PDR
2022-06-17 07:00:00,41.89,42.06,40.72,42.06,2000000,PDR
2022-06-20 07:00:00,42.14,42.56,40.8,41.72,1974500,PDR
2022-06-21 07:00:00,41.39,42.22,40.97,42.22,1921200,PDR
2022-06-22 07:00:00,42.31,43.48,42.06,43.31,2226300,PDR
2022-06-23 07:00:00,43.64,43.9,42.81,43.64,1494300,PDR
2022-06-24 07:00:00,43.73,44.15,43.23,43.9,1715700,PDR
2022-06-27 07:00:00,43.9,44.23,43.39,43.98,1643000,PDR
2022-06-28 07:00:00,43.81,44.65,43.31,44.31,2009200,PDR
2022-06-29 07:00:00,44.06,44.31,43.31,43.81,1736700,PDR
2022-06-30 07:00:00,43.64,43.81,42.98,43.31,1434600,PDR
2022-07-01 07:00:00,42.89,43.81,42.72,43.81,1566500,PDR
2022-07-04 07:00:00,43.81,44.23,43.14,43.14,1574900,PDR
2022-07-05 07:00:00,43.23,43.64,43.06,43.48,1073100,PDR
2022-07-06 07:00:00,43.14,43.98,42.64,43.48,1503800,PDR
2022-07-07 07:00:00,43.48,43.73,42.81,43.73,1193900,PDR
2022-07-08 07:00:00,43.9,44.15,43.14,44.15,1010900,PDR
2022-07-11 07:00:00,43.73,44.23,43.31,43.73,1116900,PDR
2022-07-12 07:00:00,43.73,44.23,43.31,43.98,1002400,PDR
2022-07-13 07:00:00,43.9,44.15,43.48,43.9,1014000,PDR
2022-07-14 07:00:00,43.73,44.15,43.39,44.15,1200000,PDR
2022-07-15 07:00:00,44.15,44.48,43.73,44.15,1384700,PDR
2022-07-18 07:00:00,44.31,44.73,43.73,44.4,1357700,PDR
2022-07-19 07:00:00,44.31,44.48,43.73,44.4,1171400,PDR
2022-07-20 07:00:00,44.65,44.73,43.98,44.4,1889300,PDR
2022-07-21 07:00:00,43.9,44.56,43.9,44.23,1460800,PDR
2022-07-22 07:00:00,43.73,44.4,43.56,43.64,1540900,PDR
2022-07-25 07:00:00,43.31,43.9,43.14,43.81,1416100,PDR
2022-07-26 07:00:00,43.56,44.15,43.31,43.73,1010900,PDR
2022-07-27 07:00:00,43.48,43.9,43.23,43.9,1025300,PDR
2022-07-28 07:00:00,44.06,44.48,43.48,44.48,1231300,PDR
2022-07-29 07:00:00,44.48,44.73,43.98,43.98,1265400,PDR
2022-08-01 07:00:00,43.56,45.15,43.56,44.81,1663900,PDR
2022-08-02 07:00:00,44.56,45.07,44.31,44.98,1667800,PDR
2022-08-03 07:00:00,44.81,45.15,44.4,44.98,1606900,PDR
2022-08-04 07:00:00,44.9,45.15,44.48,45.15,1834600,PDR
2022-08-05 07:00:00,45.15,45.4,44.65,45.15,1640000,PDR
2022-08-08 07:00:00,44.98,45.4,44.56,44.98,2253600,PDR
2022-08-09 07:00:00,44.65,45.15,44.56,44.98,2610000,PDR
2022-08-10 07:00:00,44.81,45.15,44.56,44.9,2462700,PDR
2022-08-11 07:00:00,45.23,45.4,44.31,44.81,2683200,PDR
2022-08-12 07:00:00,44.65,44.98,44.31,44.98,2175300,PDR
2022-08-15 07:00:00,44.73,45.32,44.56,45.32,2590100,PDR
2022-08-16 07:00:00,45.4,45.57,44.98,45.57,2840000,PDR
2022-08-17 07:00:00,45.73,48.66,45.32,48.66,5209100,PDR
2022-08-18 07:00:00,49.0,49.08,48.24,48.83,3316600,PDR
2022-08-19 07:00:00,48.58,48.83,47.74,48.16,2914400,PDR
2022-08-22 07:00:00,47.99,48.08,46.57,46.91,2847400,PDR
2022-08-23 07:00:00,46.49,47.57,46.24,47.32,3198300,PDR
2022-08-24 07:00:00,47.41,47.57,46.82,47.16,2858800,PDR
2022-08-25 07:00:00,47.16,47.49,46.07,47.41,2431800,PDR
2022-08-26 07:00:00,46.99,47.41,46.57,47.07,2896300,PDR
2022-08-29 07:00:00,46.15,46.57,44.98,44.98,2737900,PDR
2022-08-30 07:00:00,44.81,46.4,44.73,46.07,3105700,PDR
2022-08-31 07:00:00,45.99,46.65,45.57,46.15,2290300,PDR
2022-09-05 07:00:00,45.99,46.32,45.57,45.9,2281800,PDR
2022-09-06 07:00:00,45.73,46.4,45.4,45.99,2725000,PDR
2022-09-07 07:00:00,45.99,46.15,44.81,44.98,2364200,PDR
2022-09-08 07:00:00,44.81,45.65,44.15,45.15,1807700,PDR
2022-09-09 07:00:00,44.73,45.4,44.48,44.73,1747900,PDR
2022-09-12 07:00:00,44.4,44.98,44.23,44.81,1936800,PDR
2022-09-13 07:00:00,44.9,45.4,43.31,43.31,1887200,PDR
2022-09-14 07:00:00,42.89,43.23,42.22,42.56,1835400,PDR
2022-09-15 07:00:00,42.81,43.14,42.31,42.89,1829200,PDR
2022-09-16 07:00:00,42.81,44.73,42.06,44.73,2247600,PDR
2022-09-19 07:00:00,44.23,44.31,42.56,42.64,2189500,PDR
2022-09-20 07:00:00,42.47,43.39,42.47,43.23,1752000,PDR
2022-09-21 07:00:00,42.98,43.23,42.64,43.14,1412600,PDR
2022-09-22 07:00:00,42.72,43.23,42.47,43.14,1455100,PDR
2022-09-23 07:00:00,42.89,43.23,42.47,42.47,1559200,PDR
2022-09-26 07:00:00,41.97,42.39,41.76,42.14,1565800,PDR
2022-09-27 07:00:00,41.89,42.14,41.72,41.8,1489400,PDR
2022-09-28 07:00:00,41.55,42.06,40.8,42.06,1320100,PDR
2022-09-29 07:00:00,42.22,42.81,42.14,42.47,1746100,PDR
2022-09-30 07:00:00,42.39,42.81,42.06,42.72,1823600,PDR
2022-10-03 07:00:00,42.39,42.72,41.55,42.64,1874900,PDR
2022-10-04 07:00:00,42.81,43.06,41.89,42.72,2083700,PDR
2022-10-05 07:00:00,43.14,43.23,42.56,42.89,1807200,PDR
2022-10-06 07:00:00,42.72,42.81,41.8,42.47,1676100,PDR
2022-10-07 07:00:00,42.06,42.31,39.8,41.39,2030700,PDR
2022-10-10 07:00:00,40.8,41.89,39.51,41.89,1938700,PDR
2022-10-11 07:00:00,41.97,41.97,39.71,40.8,1629300,PDR
2022-10-12 07:00:00,40.55,41.8,39.71,40.68,1444400,PDR
2022-10-13 07:00:00,40.72,41.05,39.63,40.93,1863200,PDR
2022-10-14 07:00:00,41.05,41.3,40.13,40.93,2076100,PDR
2022-10-17 07:00:00,40.8,41.47,39.97,41.47,2022000,PDR
2022-10-18 07:00:00,41.47,41.8,40.89,41.55,2077600,PDR
2022-10-19 07:00:00,41.14,41.39,40.47,41.39,1727400,PDR
2022-10-20 07:00:00,40.97,41.3,40.47,40.97,1800700,PDR
2022-10-21 07:00:00,40.8,40.97,39.71,40.72,1263600,PDR
2022-10-24 07:00:00,40.55,40.55,38.96,39.3,1351100,PDR
2022-10-25 07:00:00,39.05,39.13,37.46,39.05,1409400,PDR
2022-10-26 07:00:00,38.88,38.88,37.29,38.04,878400,PDR
2022-10-27 07:00:00,37.79,37.96,37.21,37.96,1131500,PDR
2022-10-28 07:00:00,37.88,37.88,36.54,37.29,996200,PDR
2022-10-31 07:00:00,37.54,37.54,35.95,36.54,1682900,PDR
2022-11-01 07:00:00,36.54,36.62,35.2,35.45,1989700,PDR
2022-11-02 07:00:00,35.37,36.87,33.95,34.95,3001400,PDR
2022-11-03 07:00:00,34.78,34.78,32.52,33.69,2293000,PDR
2022-11-04 07:00:00,31.35,31.35,31.35,31.35,108100,PDR
2022-11-07 07:00:00,29.18,29.18,29.18,29.18,280100,PDR
2022-11-08 07:00:00,27.17,27.17,27.17,27.17,312900,PDR
2022-11-09 07:00:00,25.29,25.29,25.29,25.29,213800,PDR
2022-11-10 07:00:00,23.54,23.54,23.54,23.54,175600,PDR
2022-11-11 07:00:00,21.91,21.91,21.91,21.91,219800,PDR
2022-11-14 07:00:00,20.4,20.4,20.4,20.4,5000,PDR
2022-11-15 07:00:00,18.98,18.98,18.98,18.98,181900,PDR
2022-11-16 07:00:00,17.68,17.68,17.68,17.68,99400,PDR
2022-11-17 07:00:00,16.47,16.47,16.47,16.47,139700,PDR
2022-11-18 07:00:00,15.34,15.34,15.34,15.34,198000,PDR
2022-11-21 07:00:00,14.3,14.3,14.3,14.3,172600,PDR
2022-11-22 07:00:00,13.34,13.34,13.34,13.34,34900200,PDR
2022-11-23 07:00:00,12.42,12.42,12.42,12.42,787100,PDR
2022-11-24 07:00:00,11.58,11.58,11.58,11.58,344700,PDR
2022-11-25 07:00:00,10.79,10.79,10.79,10.79,4598900,PDR
2022-11-28 07:00:00,10.03,10.03,10.03,10.03,41731000,PDR
2022-11-29 07:00:00,9.36,10.7,9.36,10.7,94097400,PDR
2022-11-30 07:00:00,11.41,11.41,11.41,11.41,1090100,PDR
2022-12-01 07:00:00,12.21,12.21,11.75,12.21,41985400,PDR
2022-12-02 07:00:00,13.04,13.04,11.79,13.04,48896500,PDR
2022-12-05 07:00:00,13.8,13.92,12.96,13.92,35608800,PDR
2022-12-06 07:00:00,13.92,14.26,12.96,12.96,43724200,PDR
2022-12-07 07:00:00,12.54,13.21,12.08,13.21,25505900,PDR
2022-12-08 07:00:00,13.63,14.13,12.37,13.88,16214300,PDR
2022-12-09 07:00:00,13.75,13.84,13.08,13.8,13071700,PDR
2022-12-12 07:00:00,14.21,14.51,12.96,12.96,16615000,PDR
2022-12-13 07:00:00,12.88,12.96,12.08,12.96,16516900,PDR
2022-12-14 07:00:00,13.17,13.17,12.46,12.54,7506200,PDR
2022-12-15 07:00:00,12.54,12.71,11.79,12.0,10493500,PDR
2022-12-16 07:00:00,11.71,12.54,11.66,12.12,11706600,PDR
2022-12-19 07:00:00,12.12,12.46,11.5,11.54,7977100,PDR
2022-12-20 07:00:00,11.54,11.54,10.74,10.79,20720400,PDR
2022-12-21 07:00:00,10.87,11.12,10.03,10.03,12416500,PDR
2022-12-22 07:00:00,10.33,10.7,10.03,10.7,6519700,PDR
2022-12-23 07:00:00,11.2,11.37,10.83,10.91,9728100,PDR
2022-12-26 07:00:00,10.95,11.08,10.16,10.16,9068900,PDR
2022-12-27 07:00:00,10.24,10.53,9.82,10.53,7254800,PDR
2022-12-28 07:00:00,10.95,11.25,10.79,11.25,13569800,PDR
2022-12-29 07:00:00,11.29,12.0,11.2,11.2,8840400,PDR
2022-12-30 07:00:00,11.29,11.54,10.74,11.37,8740100,PDR
2023-01-03 07:00:00,11.66,12.17,11.54,12.17,14856100,PDR
2023-01-04 07:00:00,12.33,12.67,12.12,12.54,13184300,PDR
2023-01-05 07:00:00,12.5,12.83,12.08,12.67,9840200,PDR
2023-01-06 07:00:00,12.42,12.79,12.04,12.33,12008500,PDR
2023-01-09 07:00:00,12.21,12.54,11.79,11.91,8745600,PDR
2023-01-10 07:00:00,11.96,12.12,11.66,11.91,6908800,PDR
2023-01-11 07:00:00,12.12,12.63,11.87,12.37,13695500,PDR
2023-01-12 07:00:00,12.5,12.54,12.12,12.25,5715900,PDR
2023-01-13 07:00:00,12.37,12.42,11.66,11.71,9479100,PDR
2023-01-16 07:00:00,11.62,11.79,11.25,11.45,6480200,PDR
2023-01-17 07:00:00,11.45,11.96,11.41,11.79,5243900,PDR
2023-01-18 07:00:00,11.91,12.0,11.66,11.96,4972200,PDR
2023-01-19 07:00:00,11.87,12.04,11.62,11.83,4391600,PDR
2023-01-27 07:00:00,11.87,11.87,11.45,11.45,6820200,PDR
2023-01-30 07:00:00,11.54,11.83,11.25,11.45,6443600,PDR
2023-01-31 07:00:00,11.62,11.62,11.41,11.58,3514900,PDR
2023-02-01 07:00:00,11.62,12.37,11.58,11.62,19141800,PDR
2023-02-02 07:00:00,11.87,11.87,11.29,11.5,3622700,PDR
2023-02-03 07:00:00,11.66,11.66,11.2,11.45,8786300,PDR
2023-02-06 07:00:00,11.37,11.62,11.2,11.5,4184200,PDR
2023-02-07 07:00:00,11.54,11.58,10.7,10.7,9994600,PDR
2023-02-08 07:00:00,10.74,10.87,10.07,10.33,8087000,PDR
2023-02-09 07:00:00,10.49,10.53,10.07,10.07,3768400,PDR
2023-02-10 07:00:00,10.12,10.24,9.95,10.07,3825700,PDR
2023-02-13 07:00:00,9.49,9.78,9.41,9.41,13991200,PDR
2023-02-14 07:00:00,9.2,9.45,8.78,8.86,13261500,PDR
2023-02-15 07:00:00,8.95,9.45,8.36,9.11,4842500,PDR
2023-02-16 07:00:00,9.16,9.45,8.99,9.2,3709700,PDR
2023-02-17 07:00:00,9.2,9.53,9.11,9.16,6793300,PDR
2023-02-20 07:00:00,9.16,9.78,9.16,9.78,8262100,PDR
2023-02-21 07:00:00,9.99,10.24,9.74,9.78,8553700,PDR
2023-02-22 07:00:00,9.41,9.62,9.16,9.2,8195500,PDR
2023-02-23 07:00:00,9.03,9.28,8.74,9.11,6055400,PDR
2023-02-24 07:00:00,9.11,9.2,8.82,8.82,2360100,PDR
2023-02-27 07:00:00,8.78,8.78,8.44,8.53,4769200,PDR
2023-02-28 07:00:00,8.61,8.74,8.34,8.44,2772400,PDR
2023-03-01 07:00:00,8.36,8.78,8.31,8.7,3232800,PDR
2023-03-02 07:00:00,8.74,8.86,8.61,8.78,1811300,PDR
2023-03-03 07:00:00,8.7,8.78,8.44,8.78,3313100,PDR
2023-03-06 07:00:00,9.2,9.36,9.2,9.36,3379000,PDR
2023-03-07 07:00:00,9.7,9.74,9.2,9.45,8000900,PDR
2023-03-08 07:00:00,9.32,9.91,9.2,9.91,6631700,PDR
2023-03-09 07:00:00,9.74,10.07,9.74,10.03,5334300,PDR
2023-03-10 07:00:00,9.87,9.95,9.7,9.82,3456900,PDR
2023-03-13 07:00:00,9.62,9.87,9.41,9.87,3242400,PDR
2023-03-14 07:00:00,9.82,9.91,9.49,9.87,3894100,PDR
2023-03-15 07:00:00,9.91,10.37,9.87,10.24,10095300,PDR
2023-03-16 07:00:00,10.03,10.2,9.87,10.2,4896800,PDR
2023-03-17 07:00:00,10.2,10.33,9.95,10.2,6707800,PDR
2023-03-20 07:00:00,10.16,10.16,9.74,9.87,4497300,PDR
2023-03-21 07:00:00,9.78,9.78,9.49,9.7,8352600,PDR
2023-03-22 07:00:00,9.82,9.99,9.74,9.95,4690500,PDR
2023-03-23 07:00:00,9.82,10.03,9.78,10.03,2720800,PDR
2023-03-24 07:00:00,9.99,10.37,9.87,10.33,7242500,PDR
2023-03-27 07:00:00,10.33,10.58,10.28,10.53,5422700,PDR
2023-03-28 07:00:00,10.66,10.79,10.33,10.41,5752600,PDR
2023-03-29 07:00:00,10.41,10.41,10.16,10.37,3569800,PDR
2023-03-30 07:00:00,10.37,10.53,10.24,10.37,4457700,PDR
2023-03-31 07:00:00,10.37,10.53,10.24,10.45,4529900,PDR
2023-04-03 07:00:00,10.7,11.08,10.53,11.08,8446200,PDR
2023-04-04 07:00:00,11.12,11.16,10.79,10.99,7810300,PDR
2023-04-05 07:00:00,10.99,11.25,10.91,11.2,7232600,PDR
2023-04-06 07:00:00,11.2,11.66,11.12,11.29,17178400,PDR
2023-04-07 07:00:00,11.29,11.33,10.99,11.29,5945700,PDR
2023-04-10 07:00:00,11.45,11.54,11.04,11.04,8924100,PDR
2023-04-11 07:00:00,11.04,11.41,10.62,11.29,8753600,PDR
2023-04-12 07:00:00,11.41,11.87,11.2,11.83,19134600,PDR
2023-04-13 07:00:00,11.83,11.83,11.45,11.71,7349700,PDR
2023-04-14 07:00:00,11.71,11.71,11.2,11.2,10276800,PDR
2023-04-17 07:00:00,11.29,11.62,11.04,11.62,7005200,PDR
2023-04-18 07:00:00,11.66,11.75,11.33,11.62,7472200,PDR
2023-04-19 07:00:00,11.66,11.87,11.29,11.45,10333100,PDR
2023-04-20 07:00:00,11.5,11.5,11.04,11.2,8550000,PDR
2023-04-21 07:00:00,11.12,11.16,10.7,10.87,14193400,PDR
2023-04-24 07:00:00,10.95,11.04,10.53,11.04,4202100,PDR
2023-04-25 07:00:00,11.08,11.2,10.79,10.83,4405900,PDR
2023-04-26 07:00:00,10.79,10.95,10.66,10.95,3949200,PDR
2023-04-27 07:00:00,10.99,11.5,10.87,11.5,9610300,PDR
2023-04-28 07:00:00,11.54,11.96,11.41,11.83,17150400,PDR
2023-05-04 07:00:00,11.71,11.75,11.41,11.45,6771100,PDR
2023-05-05 07:00:00,11.41,11.45,11.2,11.29,4611600,PDR
2023-05-08 07:00:00,11.37,11.58,11.25,11.33,6068500,PDR
2023-05-09 07:00:00,11.45,11.45,11.12,11.25,4642500,PDR
2023-05-10 07:00:00,11.29,11.5,11.2,11.5,5410800,PDR
2023-05-11 07:00:00,11.5,11.87,11.37,11.66,11189900,PDR
2023-05-12 07:00:00,11.66,11.71,11.5,11.66,5193600,PDR
2023-05-15 07:00:00,11.87,11.87,11.54,11.54,6557000,PDR
2023-05-16 07:00:00,11.5,11.54,11.29,11.37,4245000,PDR
2023-05-17 07:00:00,11.29,11.5,11.2,11.2,6083700,PDR
2023-05-18 07:00:00,11.12,11.16,10.91,11.04,8153200,PDR
2023-05-19 07:00:00,11.12,11.16,10.95,11.16,2845200,PDR
2023-05-22 07:00:00,11.29,11.29,11.08,11.2,4831800,PDR
2023-05-23 07:00:00,11.2,11.5,11.08,11.37,14410200,PDR
2023-05-24 07:00:00,11.45,11.45,11.33,11.41,7732900,PDR
2023-05-25 07:00:00,11.33,11.37,11.12,11.33,7963100,PDR
2023-05-26 07:00:00,11.33,11.37,11.16,11.2,2984800,PDR
2023-05-29 07:00:00,11.29,11.54,11.2,11.45,5931000,PDR
2023-05-30 07:00:00,11.45,12.25,11.45,12.12,22711800,PDR
2023-05-31 07:00:00,12.17,12.37,11.96,12.21,10919200,PDR
2023-06-01 07:00:00,12.21,12.58,12.17,12.46,12723800,PDR
2023-06-02 07:00:00,12.63,12.63,12.25,12.5,10322500,PDR
2023-06-05 07:00:00,12.67,12.67,12.21,12.29,10757500,PDR
2023-06-06 07:00:00,12.29,12.54,12.12,12.5,9081500,PDR
2023-06-07 07:00:00,12.58,13.34,12.54,13.34,22299700,PDR
2023-06-08 07:00:00,13.8,14.05,13.5,13.63,22905600,PDR
2023-06-09 07:00:00,13.63,14.21,13.42,14.13,20663900,PDR
2023-06-12 07:00:00,14.3,14.8,14.05,14.8,20198900,PDR
2023-06-13 07:00:00,15.05,15.26,14.59,14.8,17361800,PDR
2023-06-14 07:00:00,14.88,14.97,14.13,14.17,17156700,PDR
2023-06-15 07:00:00,14.17,14.55,14.09,14.46,17573700,PDR
2023-06-16 07:00:00,14.59,14.88,14.05,14.09,19205800,PDR
2023-06-19 07:00:00,14.09,14.17,13.25,13.5,25416200,PDR
2023-06-20 07:00:00,13.59,14.38,13.42,14.38,12898800,PDR
2023-06-21 07:00:00,14.46,14.63,14.3,14.46,11616000,PDR
2023-06-22 07:00:00,14.67,14.92,14.46,14.51,12885900,PDR
2023-06-23 07:00:00,14.51,14.59,14.09,14.34,13141200,PDR
2023-06-26 07:00:00,14.21,14.59,13.88,14.42,15569900,PDR
2023-06-27 07:00:00,14.55,14.59,14.09,14.21,9644600,PDR
2023-06-28 07:00:00,14.3,14.63,14.09,14.21,18309700,PDR
2023-06-29 07:00:00,14.34,14.34,13.8,13.8,10119800,PDR
2023-06-30 07:00:00,13.75,14.38,13.75,14.05,13900000,PDR
2023-07-03 07:00:00,14.17,14.21,13.92,13.96,5933900,PDR
2023-07-04 07:00:00,14.05,14.21,13.75,14.21,11452800,PDR
2023-07-05 07:00:00,14.26,14.84,14.13,14.51,18741300,PDR
2023-07-06 07:00:00,14.51,14.63,14.05,14.13,11591500,PDR
2023-07-07 07:00:00,14.05,14.46,13.84,14.46,9042000,PDR
2023-07-10 07:00:00,14.63,15.47,14.55,15.47,28168200,PDR
2023-07-11 07:00:00,15.72,15.97,15.3,15.38,12895400,PDR
2023-07-12 07:00:00,15.43,16.26,15.26,15.97,18040100,PDR
2023-07-13 07:00:00,16.22,16.22,15.84,16.05,10180900,PDR
2023-07-14 07:00:00,16.14,16.26,15.51,15.8,18285700,PDR
2023-07-17 07:00:00,16.05,16.64,15.89,16.3,17098200,PDR
2023-07-18 07:00:00,16.18,16.43,15.93,16.09,11346500,PDR
2023-07-19 07:00:00,16.18,16.18,15.72,15.72,15354900,PDR
2023-07-20 07:00:00,15.72,16.26,15.55,16.26,13253900,PDR
2023-07-21 07:00:00,16.3,17.39,16.14,17.39,25138900,PDR
2023-07-24 07:00:00,17.64,17.98,17.47,17.85,15418400,PDR
2023-07-25 07:00:00,17.89,18.19,17.64,17.85,16568800,PDR
2023-07-26 07:00:00,17.56,18.1,17.39,18.02,16998900,PDR
2023-07-27 07:00:00,18.02,18.48,17.81,18.39,17275400,PDR
2023-07-28 07:00:00,18.39,18.6,18.1,18.27,14558900,PDR
2023-07-31 07:00:00,18.27,18.27,17.77,18.14,11291300,PDR
2023-08-01 07:00:00,18.1,18.1,17.43,17.43,15391400,PDR
2023-08-02 07:00:00,17.39,17.98,17.22,17.89,8640400,PDR
2023-08-03 07:00:00,17.81,18.23,17.52,17.89,10093800,PDR
2023-08-04 07:00:00,18.23,18.94,17.98,18.77,28856600,PDR
2023-08-07 07:00:00,18.98,19.02,18.39,18.81,12595300,PDR
2023-08-08 07:00:00,18.81,18.9,18.39,18.39,11027900,PDR
2023-08-09 07:00:00,18.14,18.39,17.89,17.98,15579000,PDR
2023-08-10 07:00:00,17.77,18.39,17.77,17.98,13526300,PDR
2023-08-11 07:00:00,18.14,18.35,17.64,18.35,9872700,PDR
2023-08-14 07:00:00,18.6,19.15,18.56,19.06,18728300,PDR
2023-08-15 07:00:00,19.06,19.1,18.69,18.73,8958400,PDR
2023-08-16 07:00:00,18.56,19.1,18.35,19.06,12684800,PDR
2023-08-17 07:00:00,19.48,19.94,19.1,19.1,16332300,PDR
2023-08-18 07:00:00,18.65,18.94,17.81,17.81,20648100,PDR
2023-08-21 07:00:00,17.56,17.77,16.76,17.14,16151100,PDR
2023-08-22 07:00:00,17.14,17.35,15.97,17.31,18406200,PDR
2023-08-23 07:00:00,17.47,17.73,17.31,17.56,10978400,PDR
2023-08-24 07:00:00,17.73,18.56,17.52,18.48,17955900,PDR
2023-08-25 07:00:00,18.39,18.81,18.23,18.48,11526300,PDR
2023-08-28 07:00:00,18.65,18.85,18.23,18.81,10947900,PDR
2023-08-29 07:00:00,18.98,20.11,18.9,20.07,32739800,PDR
2023-08-30 07:00:00,20.07,20.32,19.44,20.23,12403100,PDR
2023-08-31 07:00:00,20.23,21.28,20.23,20.74,13132300,PDR
2023-09-05 07:00:00,21.2,21.2,20.44,20.82,10674600,PDR
2023-09-06 07:00:00,20.82,21.4,20.48,21.36,13018900,PDR
2023-09-07 07:00:00,21.57,21.78,21.2,21.4,9170200,PDR
2023-09-08 07:00:00,21.36,21.7,21.15,21.4,7773500,PDR
2023-09-11 07:00:00,21.45,21.61,20.65,20.65,15434400,PDR
2023-09-12 07:00:00,20.48,22.07,20.19,21.99,18514400,PDR
2023-09-13 07:00:00,22.32,22.41,21.61,21.95,14940400,PDR
2023-09-14 07:00:00,21.74,21.82,20.99,21.24,18287200,PDR
2023-09-15 07:00:00,21.32,21.99,20.74,21.86,19677300,PDR
2023-09-18 07:00:00,21.74,21.78,21.32,21.49,7996400,PDR
2023-09-19 07:00:00,21.57,21.65,20.57,21.57,13150700,PDR
2023-09-20 07:00:00,21.57,22.57,21.24,22.57,13169900,PDR
2023-09-21 07:00:00,22.57,22.57,21.82,21.95,7557300,PDR
2023-09-22 07:00:00,21.4,21.61,20.44,20.48,17491300,PDR
2023-09-25 07:00:00,20.48,20.61,19.06,19.06,18089200,PDR
2023-09-26 07:00:00,19.06,19.82,18.35,18.35,14755300,PDR
2023-09-27 07:00:00,18.65,19.61,18.02,19.61,11187000,PDR
2023-09-28 07:00:00,19.61,19.77,19.06,19.77,7680600,PDR
2023-09-29 07:00:00,20.07,20.44,19.77,20.02,12020200,PDR
2023-10-02 07:00:00,20.19,20.36,19.9,20.32,4719200,PDR
2023-10-03 07:00:00,19.9,19.98,18.9,18.9,14332100,PDR
2023-10-04 07:00:00,17.98,19.94,17.98,19.56,10517100,PDR
2023-10-05 07:00:00,19.82,19.9,18.77,18.9,6541200,PDR
2023-10-06 07:00:00,18.81,19.56,18.27,19.31,9384700,PDR
2023-10-09 07:00:00,19.56,19.82,19.1,19.73,6092000,PDR
2023-10-10 07:00:00,19.98,20.02,19.4,19.4,6223800,PDR
2023-10-11 07:00:00,19.48,19.61,19.02,19.61,5362000,PDR
2023-10-12 07:00:00,19.9,20.74,19.73,20.36,14107300,PDR
2023-10-13 07:00:00,20.02,21.78,19.82,21.78,15809000,PDR
2023-10-16 07:00:00,21.74,21.82,20.9,20.9,9312800,PDR
2023-10-17 07:00:00,21.11,21.32,20.02,20.02,12442000,PDR
2023-10-18 07:00:00,20.15,20.23,18.69,19.23,16584100,PDR
2023-10-19 07:00:00,18.98,19.73,18.14,18.81,12590000,PDR
2023-10-20 07:00:00,18.65,19.9,18.65,19.61,8426900,PDR
2023-10-23 07:00:00,19.65,19.86,19.06,19.48,6756100,PDR
2023-10-24 07:00:00,19.61,19.9,19.1,19.9,6043100,PDR
2023-10-25 07:00:00,20.07,21.03,20.07,20.32,13045600,PDR
2023-10-26 07:00:00,19.56,19.65,18.9,18.9,18639100,PDR
2023-10-27 07:00:00,19.15,19.77,17.98,19.61,14095400,PDR
2023-10-30 07:00:00,19.23,19.61,18.69,18.81,6960300,PDR
2023-10-31 07:00:00,18.9,18.94,17.52,17.52,15281400,PDR
2023-11-01 07:00:00,16.89,17.56,16.3,17.56,17983100,PDR
2023-11-02 07:00:00,17.98,18.77,17.56,18.77,11455300,PDR
2023-11-03 07:00:00,18.9,19.02,18.23,18.85,10920300,PDR
2023-11-06 07:00:00,18.98,19.19,18.73,19.06,5975700,PDR
2023-11-07 07:00:00,18.9,19.15,18.56,18.6,5482500,PDR
2023-11-08 07:00:00,18.56,19.9,18.48,19.9,13860100,PDR
2023-11-09 07:00:00,20.4,21.28,20.23,21.28,31321500,PDR
2023-11-10 07:00:00,21.4,22.32,21.32,21.45,25114800,PDR
2023-11-13 07:00:00,21.74,22.28,21.36,22.07,16652200,PDR
2023-11-14 07:00:00,22.53,22.83,21.65,22.07,16840800,PDR
2023-11-15 07:00:00,22.62,22.83,21.91,22.11,18214600,PDR
2023-11-16 07:00:00,21.99,22.91,21.74,22.91,16927200,PDR
2023-11-17 07:00:00,23.33,24.16,23.08,23.54,32874200,PDR
2023-11-20 07:00:00,23.12,23.91,22.99,23.83,16185000,PDR
2023-11-21 07:00:00,24.21,24.21,23.29,23.7,13386900,PDR
2023-11-22 07:00:00,23.49,24.08,23.41,23.91,13279400,PDR
2023-11-23 07:00:00,23.75,24.0,22.24,22.24,24849800,PDR
2023-11-24 07:00:00,22.57,22.95,21.65,22.95,20178600,PDR
2023-11-27 07:00:00,22.95,23.12,22.24,22.24,8126600,PDR
2023-11-28 07:00:00,22.16,22.66,21.45,22.57,12233300,PDR
2023-11-29 07:00:00,22.57,22.99,22.53,22.83,8671600,PDR
2023-11-30 07:00:00,22.87,23.24,22.57,22.74,10073800,PDR
2023-12-01 07:00:00,22.87,22.91,22.2,22.57,9558700,PDR
2023-12-04 07:00:00,22.91,23.91,22.87,23.7,16514000,PDR
2023-12-05 07:00:00,23.75,23.95,23.37,23.37,10173600,PDR
2023-12-06 07:00:00,23.41,24.08,23.16,24.08,16509000,PDR
2023-12-07 07:00:00,24.21,24.71,22.78,23.95,22025400,PDR
2023-12-08 07:00:00,24.12,24.12,23.37,24.0,13068100,PDR
2023-12-11 07:00:00,23.95,23.95,23.16,23.24,9474500,PDR
2023-12-12 07:00:00,23.37,23.49,22.62,22.62,12863700,PDR
2023-12-13 07:00:00,22.78,22.87,21.91,22.03,15796800,PDR
2023-12-14 07:00:00,22.41,22.41,21.74,21.82,12173900,PDR
2023-12-15 07:00:00,21.91,22.41,21.57,21.99,16751800,PDR
2023-12-18 07:00:00,21.99,22.16,21.74,21.99,7631700,PDR
2023-12-19 07:00:00,21.99,22.16,21.28,22.16,11794800,PDR
2023-12-20 07:00:00,22.24,22.32,21.99,22.07,5967300,PDR
2023-12-21 07:00:00,21.91,22.16,21.78,22.07,5154800,PDR
2023-12-22 07:00:00,22.16,22.78,22.16,22.41,8469600,PDR
2023-12-25 07:00:00,22.57,23.24,22.16,23.03,12970000,PDR
2023-12-26 07:00:00,23.24,23.33,22.99,23.24,7019300,PDR
2023-12-27 07:00:00,23.33,23.45,23.12,23.12,8417000,PDR
2023-12-28 07:00:00,23.12,23.41,22.95,23.16,9369100,PDR
2023-12-29 07:00:00,23.24,23.37,23.12,23.29,7845800,PDR
2024-01-02 07:00:00,23.37,23.45,22.57,22.57,9956000,PDR
2024-01-03 07:00:00,22.41,23.08,22.41,22.99,7332300,PDR
2024-01-04 07:00:00,23.03,23.58,22.87,22.99,12837100,PDR
2024-01-05 07:00:00,22.95,23.37,22.95,23.08,8876000,PDR
2024-01-08 07:00:00,23.33,23.91,23.2,23.54,15837700,PDR
2024-01-09 07:00:00,23.66,24.21,23.54,23.91,16638700,PDR
2024-01-10 07:00:00,23.83,23.83,23.08,23.41,14453300,PDR
2024-01-11 07:00:00,23.24,23.49,22.99,23.24,7882200,PDR
2024-01-12 07:00:00,22.87,23.16,22.62,23.08,12888300,PDR
2024-01-15 07:00:00,23.12,23.24,22.57,22.57,6790500,PDR
2024-01-16 07:00:00,22.24,23.12,22.24,23.12,5557800,PDR
2024-01-17 07:00:00,23.12,23.54,23.03,23.08,8139100,PDR
2024-01-18 07:00:00,23.41,23.75,23.12,23.37,10805000,PDR
2024-01-19 07:00:00,23.58,23.66,23.08,23.08,6071800,PDR
2024-01-22 07:00:00,23.08,23.49,22.78,23.41,10289000,PDR
2024-01-23 07:00:00,23.62,23.66,23.2,23.24,5575600,PDR
2024-01-24 07:00:00,23.2,23.49,23.08,23.08,5899900,PDR
2024-01-25 07:00:00,23.24,23.33,23.03,23.16,3550000,PDR
2024-01-26 07:00:00,23.2,24.0,23.2,23.83,24481000,PDR
2024-01-29 07:00:00,24.0,24.0,23.58,23.58,5421200,PDR
2024-01-30 07:00:00,23.58,23.79,23.16,23.79,9841000,PDR
2024-01-31 07:00:00,23.87,23.95,23.41,23.41,12419000,PDR
2024-02-01 07:00:00,23.41,23.75,23.37,23.62,6031800,PDR
2024-02-02 07:00:00,23.75,25.25,23.75,24.66,32627600,PDR
2024-02-05 07:00:00,24.92,25.04,24.71,24.83,5146500,PDR
2024-02-06 07:00:00,25.0,25.38,24.83,25.04,8199800,PDR
2024-02-07 07:00:00,25.04,25.25,24.87,25.12,7659500,PDR
2024-02-15 07:00:00,25.21,25.25,24.66,24.83,11517000,PDR
2024-02-16 07:00:00,24.96,25.33,24.71,24.83,9592200,PDR
2024-02-19 07:00:00,24.92,24.92,24.33,24.54,12660700,PDR
2024-02-20 07:00:00,24.62,25.04,24.37,24.66,8314900,PDR
2024-02-21 07:00:00,24.71,25.0,24.5,24.66,6461700,PDR
2024-02-22 07:00:00,24.66,24.79,24.29,24.33,8795600,PDR
2024-02-23 07:00:00,24.33,24.41,23.33,23.41,24748900,PDR
2024-02-26 07:00:00,23.41,23.75,23.16,23.62,7821200,PDR
2024-02-27 07:00:00,23.7,24.25,23.62,24.12,12298800,PDR
2024-02-28 07:00:00,24.16,24.25,23.7,24.0,8796500,PDR
2024-02-29 07:00:00,24.0,24.66,23.83,24.25,16366800,PDR
2024-03-01 07:00:00,24.46,24.46,24.12,24.25,7276900,PDR
2024-03-04 07:00:00,24.66,25.21,24.5,24.54,16898400,PDR
2024-03-05 07:00:00,24.54,24.58,24.04,24.25,12111300,PDR
2024-03-06 07:00:00,24.16,24.16,23.58,23.7,11079400,PDR
2024-03-07 07:00:00,23.62,24.0,23.54,23.95,10097800,PDR
2024-03-08 07:00:00,24.0,24.08,23.41,23.41,13472200,PDR
2024-03-11 07:00:00,23.41,23.49,22.83,22.91,11163200,PDR
2024-03-12 07:00:00,22.74,23.16,22.74,22.95,8383700,PDR
2024-03-13 07:00:00,23.03,23.54,22.99,23.54,8292300,PDR
2024-03-14 07:00:00,23.66,23.83,23.29,23.49,12324900,PDR
2024-03-15 07:00:00,23.49,24.16,23.41,23.49,15814300,PDR
2024-03-18 07:00:00,23.58,24.62,22.62,24.33,27375900,PDR
2024-03-19 07:00:00,24.66,25.0,24.0,24.0,14115900,PDR
2024-03-20 07:00:00,24.0,24.25,23.7,24.04,9299600,PDR
2024-03-21 07:00:00,24.37,25.71,24.04,25.71,40197300,PDR
2024-03-22 07:00:00,26.17,26.34,25.79,26.34,18784900,PDR
2024-03-25 07:00:00,26.42,27.01,26.09,26.3,18301700,PDR
2024-03-26 07:00:00,26.34,27.01,26.0,26.76,12976900,PDR
2024-03-27 07:00:00,26.8,27.26,26.42,26.84,12115200,PDR
2024-03-28 07:00:00,27.17,27.26,26.76,26.84,8643400,PDR
2024-03-29 07:00:00,26.84,26.92,26.42,26.63,8913800,PDR
2024-04-01 07:00:00,26.55,27.76,26.34,27.47,15555900,PDR
2024-04-02 07:00:00,27.42,28.01,27.09,27.55,11960800,PDR
2024-04-03 07:00:00,27.42,27.59,26.76,26.96,11617400,PDR
2024-04-04 07:00:00,26.84,27.8,26.17,27.17,17130400,PDR
2024-04-05 07:00:00,26.5,27.51,26.34,26.92,11746800,PDR
2024-04-08 07:00:00,26.76,27.01,26.5,26.63,7193700,PDR
2024-04-09 07:00:00,26.71,26.92,26.21,26.92,8153500,PDR
2024-04-10 07:00:00,26.92,27.09,26.38,26.42,7672900,PDR
2024-04-11 07:00:00,26.04,26.71,26.0,26.42,8739000,PDR
2024-04-12 07:00:00,26.63,26.96,26.5,26.71,9125600,PDR
2024-04-15 07:00:00,26.67,27.34,24.87,24.87,18854300,PDR
2024-04-16 07:00:00,24.66,24.79,23.33,24.37,17571500,PDR
2024-04-17 07:00:00,24.41,24.46,23.41,23.41,11289400,PDR
2024-04-19 07:00:00,22.57,23.03,21.82,21.91,16155200,PDR
2024-04-22 07:00:00,22.37,22.53,21.91,22.28,7561000,PDR
2024-04-23 07:00:00,22.32,22.41,21.15,21.15,10149500,PDR
2024-04-24 07:00:00,21.7,22.62,21.49,22.62,11881800,PDR
2024-04-25 07:00:00,22.37,22.53,22.16,22.32,5093200,PDR
2024-04-26 07:00:00,21.99,22.57,21.82,22.11,7156900,PDR
2024-05-02 07:00:00,22.32,22.41,21.65,21.95,4686900,PDR
2024-05-03 07:00:00,22.16,22.95,22.07,22.53,12100000,PDR
2024-05-06 07:00:00,22.83,23.37,22.57,23.33,8630000,PDR
2024-05-07 07:00:00,23.49,23.49,22.91,23.08,8053300,PDR
2024-05-08 07:00:00,22.57,23.08,22.28,22.7,11296200,PDR
2024-05-09 07:00:00,22.99,23.08,22.41,22.45,11540800,PDR
2024-05-10 07:00:00,23.14,23.7,23.0,23.33,8297500,PDR
2024-05-13 07:00:00,23.93,23.93,23.38,23.61,5275300,PDR
2024-05-14 07:00:00,23.61,23.7,23.19,23.42,4274100,PDR
2024-05-15 07:00:00,23.24,23.7,23.24,23.61,6024800,PDR
2024-05-16 07:00:00,23.84,24.12,23.7,23.88,7912800,PDR
2024-05-17 07:00:00,23.98,24.25,23.7,24.12,7259700,PDR
2024-05-20 07:00:00,24.44,24.44,23.88,23.88,7620100,PDR
2024-05-21 07:00:00,23.84,23.88,23.42,23.61,7972300,PDR
2024-05-22 07:00:00,23.79,24.86,23.65,24.53,17283900,PDR
2024-05-23 07:00:00,24.39,24.67,24.02,24.58,5598400,PDR
2024-05-24 07:00:00,24.21,24.58,23.38,24.02,14939300,PDR
2024-05-27 07:00:00,24.02,24.02,23.47,23.56,6907500,PDR
2024-05-28 07:00:00,23.79,23.98,23.56,23.7,5047200,PDR
2024-05-29 07:00:00,23.75,23.93,23.47,23.51,6922600,PDR
2024-05-30 07:00:00,23.24,23.38,22.82,23.14,9693600,PDR
2024-05-31 07:00:00,23.38,23.61,23.14,23.33,4466100,PDR
2024-06-03 07:00:00,23.61,24.53,23.47,24.07,11504600,PDR
2024-06-04 07:00:00,24.3,24.3,23.88,23.88,4025600,PDR
2024-06-05 07:00:00,24.07,24.44,23.79,23.88,8705800,PDR
2024-06-06 07:00:00,24.21,24.21,23.61,23.84,5592700,PDR
2024-06-07 07:00:00,23.88,24.02,23.65,23.7,3629000,PDR
2024-06-10 07:00:00,23.75,23.98,23.51,23.61,6075500,PDR
2024-06-11 07:00:00,23.88,23.88,23.33,23.47,5432900,PDR
2024-06-12 07:00:00,23.42,23.93,23.42,23.88,4382700,PDR
2024-06-13 07:00:00,23.98,24.76,23.93,24.35,15734100,PDR
2024-06-14 07:00:00,24.35,24.39,23.7,23.7,7668600,PDR
2024-06-17 07:00:00,23.7,23.7,23.14,23.14,7350400,PDR
2024-06-18 07:00:00,23.33,23.42,23.05,23.05,5173700,PDR
2024-06-19 07:00:00,23.05,23.24,22.68,22.73,5779200,PDR
2024-06-20 07:00:00,22.82,22.91,22.13,22.63,7469400,PDR
2024-06-21 07:00:00,22.63,22.63,22.22,22.31,6964500,PDR
2024-06-24 07:00:00,22.4,23.05,22.22,22.4,8041700,PDR
2024-06-25 07:00:00,22.59,22.77,22.26,22.4,3394500,PDR
2024-06-26 07:00:00,22.45,22.54,22.17,22.22,2609600,PDR
2024-06-27 07:00:00,22.22,22.87,21.99,22.5,4818700,PDR
2024-06-28 07:00:00,22.5,22.63,21.89,21.94,2979700,PDR
2024-07-01 07:00:00,22.03,22.22,21.85,22.22,1966400,PDR
2024-07-02 07:00:00,22.22,22.68,22.17,22.68,3152300,PDR
2024-07-03 07:00:00,22.68,22.73,22.4,22.45,2051500,PDR
2024-07-04 07:00:00,22.45,22.59,22.17,22.31,1993900,PDR
2024-07-05 07:00:00,22.36,22.4,21.89,21.99,3687500,PDR
2024-07-08 07:00:00,22.03,22.13,21.34,21.34,5883000,PDR
2024-07-09 07:00:00,21.34,21.71,21.34,21.57,3987700,PDR
2024-07-10 07:00:00,21.66,21.75,21.38,21.38,2938700,PDR
2024-07-11 07:00:00,21.48,22.54,21.48,21.89,5994300,PDR
2024-07-12 07:00:00,22.03,22.17,21.57,21.62,2278600,PDR
2024-07-15 07:00:00,21.75,21.75,21.43,21.43,2248700,PDR
2024-07-16 07:00:00,21.34,21.57,20.55,20.74,9282600,PDR
2024-07-17 07:00:00,20.78,20.97,19.3,19.39,13713000,PDR
2024-07-18 07:00:00,19.53,19.72,18.98,19.53,5662900,PDR
2024-07-19 07:00:00,19.53,19.58,18.42,18.75,8198600,PDR
2024-07-22 07:00:00,18.28,18.98,18.01,18.61,8556000,PDR
2024-07-23 07:00:00,18.65,18.89,18.01,18.01,3855300,PDR
2024-07-24 07:00:00,17.59,18.84,17.5,18.7,7767300,PDR
2024-07-25 07:00:00,18.51,18.56,18.1,18.56,3179400,PDR
2024-07-26 07:00:00,18.56,18.56,18.24,18.38,2774400,PDR
2024-07-29 07:00:00,18.51,18.7,18.05,18.1,4659700,PDR
2024-07-30 07:00:00,18.1,18.24,17.13,17.59,7647900,PDR
2024-07-31 07:00:00,17.77,18.19,17.27,17.59,6693500,PDR
2024-08-01 07:00:00,17.59,17.68,16.39,16.39,9689600,PDR
2024-08-02 07:00:00,16.06,16.85,15.69,16.66,8200500,PDR
2024-08-05 07:00:00,16.2,16.48,15.51,15.74,11325900,PDR
2024-08-06 07:00:00,15.88,16.25,15.46,16.2,10995000,PDR
2024-08-07 07:00:00,16.39,16.48,15.74,16.48,7026100,PDR
2024-08-08 07:00:00,16.2,16.57,15.74,16.02,7604200,PDR
2024-08-09 07:00:00,16.11,16.39,15.78,16.39,7948100,PDR
2024-08-12 07:00:00,16.29,16.34,15.92,16.2,3807500,PDR
2024-08-13 07:00:00,16.2,16.94,15.97,16.8,14505700,PDR
2024-08-14 07:00:00,16.94,16.94,16.29,16.57,6332700,PDR
2024-08-15 07:00:00,16.52,16.52,15.97,16.29,7535100,PDR
2024-08-16 07:00:00,16.48,17.4,16.2,17.4,18149400,PDR
2024-08-19 07:00:00,18.19,18.24,17.73,17.73,16171100,PDR
2024-08-20 07:00:00,17.73,18.93,17.73,18.93,17132700,PDR
2024-08-21 07:00:00,19.16,19.95,19.12,19.44,17402900,PDR
2024-08-22 07:00:00,19.44,19.95,19.16,19.81,13257600,PDR
2024-08-23 07:00:00,19.9,20.27,19.35,20.0,12962000,PDR
2024-08-26 07:00:00,20.09,20.64,19.9,20.27,12449300,PDR
2024-08-27 07:00:00,20.13,20.41,20.04,20.13,11889600,PDR
2024-08-28 07:00:00,20.13,20.32,19.21,20.27,20784900,PDR
2024-08-29 07:00:00,20.23,20.51,19.76,19.86,7231900,PDR
2024-08-30 07:00:00,19.72,20.37,19.53,19.95,11750000,PDR
2024-09-04 07:00:00,19.63,20.83,19.58,20.74,16162100,PDR
2024-09-05 07:00:00,20.74,20.97,20.0,20.23,11841400,PDR
2024-09-06 07:00:00,20.18,20.23,19.76,20.0,8282600,PDR
2024-09-09 07:00:00,19.81,20.37,19.72,20.09,6161400,PDR
2024-09-10 07:00:00,20.18,20.18,19.35,19.35,14404800,PDR
2024-09-11 07:00:00,19.16,19.86,19.07,19.58,12505400,PDR
2024-09-12 07:00:00,19.86,19.86,19.39,19.58,4093800,PDR
2024-09-13 07:00:00,19.44,20.0,19.44,19.9,8387900,PDR
2024-09-16 07:00:00,19.9,20.0,19.16,19.16,7718600,PDR
2024-09-17 07:00:00,19.21,20.27,19.02,20.13,12212100,PDR
2024-09-18 07:00:00,20.18,20.46,20.09,20.13,9984300,PDR
2024-09-19 07:00:00,20.18,20.92,20.13,20.74,13699700,PDR
2024-09-20 07:00:00,21.01,21.11,20.37,20.55,12056500,PDR
2024-09-23 07:00:00,20.51,20.83,20.23,20.55,6402600,PDR
2024-09-24 07:00:00,20.55,20.88,20.41,20.88,8584600,PDR
2024-09-25 07:00:00,21.11,21.48,20.97,21.43,11264200,PDR
2024-09-26 07:00:00,21.43,21.52,20.97,21.11,7435800,PDR
2024-09-27 07:00:00,21.2,21.48,20.92,21.11,8919700,PDR
2024-09-30 07:00:00,20.92,20.97,20.64,20.83,7235300,PDR
2024-10-01 07:00:00,20.92,21.25,20.78,20.78,8039900,PDR
2024-10-02 07:00:00,20.69,20.74,19.63,19.63,18600800,PDR
2024-10-03 07:00:00,19.63,19.76,18.98,19.07,18046600,PDR
2024-10-04 07:00:00,19.39,19.58,19.21,19.26,6320000,PDR
2024-10-07 07:00:00,19.49,19.53,19.07,19.49,4588600,PDR
2024-10-08 07:00:00,19.39,19.58,19.12,19.49,5618900,PDR
2024-10-09 07:00:00,19.58,19.86,19.49,19.58,4562500,PDR
2024-10-10 07:00:00,19.72,19.81,19.02,19.26,7233400,PDR
2024-10-11 07:00:00,19.3,19.76,19.26,19.67,6519700,PDR
2024-10-14 07:00:00,19.53,19.72,19.26,19.35,5479100,PDR
2024-10-15 07:00:00,19.35,19.53,18.51,18.61,15949600,PDR
2024-10-16 07:00:00,18.56,18.79,18.1,18.24,8616900,PDR
2024-10-17 07:00:00,18.33,19.49,18.05,19.49,12472300,PDR
2024-10-18 07:00:00,19.53,19.63,19.3,19.35,6934900,PDR
2024-10-21 07:00:00,19.3,19.76,19.07,19.07,7718100,PDR
2024-10-22 07:00:00,19.07,19.81,18.98,19.35,8256200,PDR
2024-10-23 07:00:00,19.39,20.13,19.21,20.0,12834500,PDR
2024-10-24 07:00:00,20.0,20.18,19.72,19.76,8155500,PDR
2024-10-25 07:00:00,19.86,20.32,19.76,20.04,12361600,PDR
2024-10-28 07:00:00,20.04,20.13,19.81,20.0,5071800,PDR
2024-10-29 07:00:00,20.13,20.27,19.16,19.58,14080300,PDR
2024-10-30 07:00:00,19.44,19.86,19.35,19.67,5093500,PDR
2024-10-31 07:00:00,19.44,19.67,19.3,19.49,3242800,PDR
2024-11-01 07:00:00,19.39,19.67,19.21,19.35,5236200,PDR
2024-11-04 07:00:00,19.35,19.49,19.07,19.39,4107400,PDR
2024-11-05 07:00:00,19.39,19.76,19.26,19.58,5591400,PDR
2024-11-06 07:00:00,19.72,19.81,19.44,19.72,3969500,PDR
2024-11-07 07:00:00,19.81,20.55,19.63,20.09,13718000,PDR
2024-11-08 07:00:00,20.13,20.23,19.67,19.76,6260700,PDR
2024-11-11 07:00:00,19.76,19.76,19.16,19.3,7815800,PDR
2024-11-12 07:00:00,19.35,19.44,19.16,19.16,3897100,PDR
2024-11-13 07:00:00,19.07,19.58,19.02,19.53,5239800,PDR
2024-11-14 07:00:00,19.58,19.58,18.98,18.98,4580600,PDR
2024-11-15 07:00:00,18.89,19.02,18.24,18.47,7973400,PDR
2024-11-18 07:00:00,18.47,18.93,18.1,18.75,6009300,PDR
2024-11-19 07:00:00,18.75,18.93,18.42,18.61,3267700,PDR
2024-11-20 07:00:00,18.61,19.9,18.38,19.35,14591700,PDR
2024-11-21 07:00:00,19.35,19.72,19.3,19.49,3891800,PDR
2024-11-22 07:00:00,19.44,19.53,19.07,19.21,6158300,PDR
2024-11-25 07:00:00,19.21,19.53,19.12,19.39,6239800,PDR
2024-11-26 07:00:00,19.39,20.18,19.39,19.72,10883900,PDR
2024-11-27 07:00:00,19.76,19.76,19.44,19.72,4117200,PDR
2024-11-28 07:00:00,19.86,19.95,19.49,19.58,6171900,PDR
2024-11-29 07:00:00,19.49,19.67,19.35,19.63,5915200,PDR
2024-12-02 07:00:00,19.63,19.72,19.21,19.3,7291500,PDR
2024-12-03 07:00:00,19.35,19.39,19.16,19.16,5179000,PDR
2024-12-04 07:00:00,19.16,19.44,18.79,18.89,6438700,PDR
2024-12-05 07:00:00,18.89,20.18,18.75,20.18,17335400,PDR
2024-12-06 07:00:00,20.41,20.6,20.18,20.37,18707100,PDR
2024-12-09 07:00:00,20.37,20.74,20.27,20.55,13387100,PDR
2024-12-10 07:00:00,20.51,20.6,20.23,20.37,7540500,PDR
2024-12-11 07:00:00,20.37,20.51,20.09,20.23,6842200,PDR
2024-12-12 07:00:00,20.23,20.41,19.95,20.04,6054600,PDR
2024-12-13 07:00:00,19.86,20.04,19.76,19.9,6570400,PDR
2024-12-16 07:00:00,20.04,20.04,19.67,19.9,6328600,PDR
2024-12-17 07:00:00,19.9,20.04,19.72,19.72,4564600,PDR
2024-12-18 07:00:00,19.72,20.0,19.67,20.0,4379000,PDR
2024-12-19 07:00:00,19.67,19.76,19.16,19.49,15386400,PDR
2024-12-20 07:00:00,19.39,19.58,19.3,19.44,5673400,PDR
2024-12-23 07:00:00,19.49,19.58,19.26,19.26,4133200,PDR
2024-12-24 07:00:00,19.26,19.26,18.56,18.7,13244400,PDR
2024-12-25 07:00:00,18.79,19.07,18.75,18.93,5814400,PDR
2024-12-26 07:00:00,18.89,19.21,18.84,19.21,5478400,PDR
2024-12-27 07:00:00,19.21,19.21,18.89,19.07,5554300,PDR
2024-12-30 07:00:00,19.07,19.49,18.98,19.44,13844900,PDR
2024-12-31 07:00:00,19.39,19.39,19.16,19.16,2797900,PDR
2025-01-02 07:00:00,19.16,19.35,19.02,19.16,2221300,PDR
2025-01-03 07:00:00,19.12,19.3,18.84,18.93,4006400,PDR
2025-01-06 07:00:00,18.93,18.98,18.05,18.14,9643700,PDR
2025-01-07 07:00:00,18.33,18.33,17.22,17.45,10392800,PDR
2025-01-08 07:00:00,17.36,17.91,17.27,17.87,4402600,PDR
2025-01-09 07:00:00,17.87,18.01,17.54,17.59,2805600,PDR
2025-01-10 07:00:00,17.59,17.73,16.71,16.71,5198500,PDR
2025-01-13 07:00:00,16.66,17.45,16.52,17.36,6190400,PDR
2025-01-14 07:00:00,17.36,17.4,16.99,17.03,1855200,PDR
2025-01-15 07:00:00,17.08,17.4,17.08,17.4,2944600,PDR
2025-01-16 07:00:00,17.45,17.68,17.13,17.22,3876600,PDR
2025-01-17 07:00:00,17.36,17.54,17.22,17.45,2508500,PDR
2025-01-20 07:00:00,17.54,17.54,17.22,17.4,2510200,PDR
2025-01-21 07:00:00,17.36,17.4,17.03,17.03,4098100,PDR
2025-01-22 07:00:00,17.08,17.22,16.76,16.99,2947300,PDR
2025-01-23 07:00:00,17.03,17.4,16.89,17.22,3855100,PDR
2025-01-24 07:00:00,17.36,17.77,17.36,17.68,7554100,PDR
2025-02-03 07:00:00,17.59,17.77,17.31,17.31,3130200,PDR
2025-02-04 07:00:00,17.5,17.73,17.22,17.64,5295400,PDR
2025-02-05 07:00:00,17.82,18.61,17.77,18.28,11732700,PDR
2025-02-06 07:00:00,18.14,18.42,18.01,18.33,5441600,PDR
2025-02-07 07:00:00,18.33,18.33,18.01,18.01,4084900,PDR
2025-02-10 07:00:00,17.82,17.82,17.4,17.4,7141600,PDR
2025-02-11 07:00:00,17.54,17.54,17.31,17.5,3534600,PDR
2025-02-12 07:00:00,17.54,17.68,17.36,17.36,2564300,PDR
2025-02-13 07:00:00,17.4,17.54,17.22,17.54,2751000,PDR
2025-02-14 07:00:00,17.59,17.77,17.54,17.68,4471600,PDR
2025-02-17 07:00:00,17.82,17.96,17.68,17.68,5522600,PDR
2025-02-18 07:00:00,17.68,18.14,17.68,17.77,4763400,PDR
2025-02-19 07:00:00,17.87,18.24,17.77,18.1,7628400,PDR
2025-02-20 07:00:00,18.1,18.51,17.96,17.96,8571300,PDR
2025-02-21 07:00:00,17.91,17.96,17.68,17.73,6167900,PDR
2025-02-24 07:00:00,17.82,17.91,17.59,17.91,5894900,PDR
2025-02-25 07:00:00,18.1,18.38,17.91,18.01,5620300,PDR
2025-02-26 07:00:00,18.01,18.1,17.73,17.77,5933900,PDR
2025-02-27 07:00:00,17.77,18.42,17.73,18.33,10162300,PDR
2025-02-28 07:00:00,18.38,18.79,18.19,18.42,12338700,PDR
2025-03-03 07:00:00,18.51,18.79,18.42,18.61,7932800,PDR
2025-03-04 07:00:00,18.61,18.98,18.38,18.61,11989400,PDR
2025-03-05 07:00:00,18.7,18.7,18.1,18.1,7881300,PDR
2025-03-06 07:00:00,18.14,18.51,18.1,18.51,6933900,PDR
2025-03-07 07:00:00,18.65,19.26,18.61,18.79,13634200,PDR
2025-03-10 07:00:00,18.89,19.16,18.7,18.89,8639100,PDR
2025-03-11 07:00:00,18.61,19.07,18.47,19.07,8567400,PDR
2025-03-12 07:00:00,18.93,19.02,18.56,18.98,11558400,PDR
2025-03-13 07:00:00,18.93,19.07,18.33,18.33,9161500,PDR
2025-03-14 07:00:00,18.42,18.98,18.19,18.7,10643800,PDR
2025-03-17 07:00:00,18.93,19.44,18.65,19.26,14463700,PDR
2025-03-18 07:00:00,19.35,19.39,18.89,18.98,7501000,PDR
2025-03-19 07:00:00,18.98,19.02,18.79,19.02,8006200,PDR
2025-03-20 07:00:00,19.07,19.07,18.56,18.7,5772000,PDR
2025-03-21 07:00:00,18.65,18.93,18.65,18.79,4484200,PDR
2025-03-24 07:00:00,18.28,18.61,17.64,18.51,25338500,PDR
2025-03-25 07:00:00,18.51,18.65,18.24,18.61,6136600,PDR
2025-03-26 07:00:00,18.47,18.65,18.1,18.33,8073300,PDR
2025-03-27 07:00:00,18.24,18.28,17.96,18.14,4411100,PDR
2025-03-28 07:00:00,18.24,18.24,17.82,17.87,4682200,PDR
2025-03-31 07:00:00,17.68,18.19,17.68,17.91,5629700,PDR
2025-04-01 07:00:00,17.96,18.14,17.82,18.01,2509500,PDR
2025-04-02 07:00:00,18.14,18.19,17.91,18.05,3292500,PDR
2025-04-03 07:00:00,17.13,17.54,16.8,16.8,7863900,PDR
2025-04-04 07:00:00,15.65,16.06,15.65,16.06,14499300,PDR
2025-04-08 07:00:00,14.95,15.46,14.95,14.95,2243300,PDR
2025-04-09 07:00:00,13.93,14.26,13.93,13.93,7900300,PDR
2025-04-10 07:00:00,14.9,14.9,14.9,14.9,4392400,PDR
2025-04-11 07:00:00,14.07,15.74,13.93,15.74,20955700,PDR
2025-04-14 07:00:00,15.69,15.88,15.23,15.88,8030000,PDR
2025-04-15 07:00:00,15.46,15.78,15.0,15.27,9224300,PDR
2025-04-16 07:00:00,15.23,15.32,14.9,15.27,7216200,PDR
2025-04-17 07:00:00,14.9,15.32,14.77,15.32,8560900,PDR
2025-04-18 07:00:00,15.32,15.55,15.04,15.18,6096900,PDR
2025-04-21 07:00:00,15.09,15.27,14.86,15.18,6084000,PDR
2025-04-22 07:00:00,14.81,15.0,14.16,14.16,12618400,PDR
2025-04-23 07:00:00,14.58,14.72,13.93,14.44,10472100,PDR
2025-04-24 07:00:00,14.49,14.72,14.26,14.72,7477100,PDR
2025-04-25 07:00:00,14.72,14.81,14.4,14.53,4434400,PDR
2025-04-28 07:00:00,14.44,14.53,14.21,14.53,5299100,PDR
2025-04-29 07:00:00,14.4,14.49,14.16,14.26,5953900,PDR
2025-05-05 07:00:00,14.35,14.58,14.12,14.49,5108200,PDR
2025-05-06 07:00:00,14.63,15.14,14.58,14.95,12053100,PDR
2025-05-07 07:00:00,14.95,15.55,14.86,15.37,12210900,PDR
2025-05-08 07:00:00,15.46,15.46,15.09,15.37,6138000,PDR
2025-05-09 07:00:00,15.51,15.88,15.27,15.41,8935900,PDR
2025-05-12 07:00:00,15.46,15.55,15.18,15.32,6230100,PDR
2025-05-13 07:00:00,15.55,15.55,15.27,15.27,6933300,PDR
2025-05-14 07:00:00,15.32,15.55,15.0,15.55,9712200,PDR
2025-05-15 07:00:00,15.69,15.92,15.41,15.55,7719000,PDR
2025-05-16 07:00:00,15.55,15.83,15.27,15.27,8634100,PDR
2025-05-19 07:00:00,15.23,15.65,15.09,15.46,6754500,PDR
2025-05-20 07:00:00,15.55,15.55,15.23,15.41,4234400,PDR
2025-05-21 07:00:00,15.51,15.55,15.04,15.51,8507400,PDR
2025-05-22 07:00:00,15.46,15.55,15.14,15.18,7175600,PDR
2025-05-23 07:00:00,15.18,15.27,14.77,14.9,8896300,PDR
2025-05-26 07:00:00,14.95,15.32,14.49,15.27,8225000,PDR
2025-05-27 07:00:00,15.46,16.34,15.41,16.29,24975700,PDR
2025-05-28 07:00:00,16.39,16.43,15.92,16.02,8381800,PDR
2025-05-29 07:00:00,16.2,16.57,15.83,16.25,14602600,PDR
2025-05-30 07:00:00,16.29,16.29,15.69,15.83,13887500,PDR
2025-06-02 07:00:00,15.83,16.89,15.83,16.89,25225000,PDR
2025-06-03 07:00:00,17.13,17.13,16.71,16.99,12918300,PDR
2025-06-04 07:00:00,17.08,17.45,16.89,17.08,12641300,PDR
2025-06-05 07:00:00,17.13,17.17,16.76,16.89,9053700,PDR
2025-06-06 07:00:00,16.89,16.89,16.39,16.48,14869400,PDR
2025-06-09 07:00:00,16.43,16.85,16.39,16.39,9758700,PDR
2025-06-10 07:00:00,16.57,16.66,16.11,16.43,6178200,PDR
2025-06-11 07:00:00,16.52,16.52,15.97,16.06,7795100,PDR
2025-06-12 07:00:00,16.15,16.39,16.06,16.11,5360700,PDR
2025-06-13 07:00:00,15.78,15.92,15.27,15.51,16049300,PDR
2025-06-16 07:00:00,15.23,15.92,15.23,15.92,5011100,PDR
2025-06-17 07:00:00,16.02,16.66,15.83,16.62,19151700,PDR
2025-06-18 07:00:00,16.71,16.89,16.34,16.57,11864500,PDR
2025-06-19 07:00:00,16.52,16.66,16.25,16.52,7514600,PDR
2025-06-20 07:00:00,16.52,16.85,16.52,16.66,11988100,PDR
2025-06-23 07:00:00,16.48,16.62,16.25,16.57,7278000,PDR
2025-06-24 07:00:00,16.71,16.94,16.57,16.57,10566400,PDR
2025-06-25 07:00:00,16.57,16.8,16.39,16.39,8288100,PDR
2025-06-26 07:00:00,16.48,16.48,16.2,16.34,4339300,PDR
2025-06-27 07:00:00,16.43,16.85,16.34,16.34,9964900,PDR
2025-06-30 07:00:00,16.48,16.8,16.43,16.71,11077700,PDR
2025-07-01 07:00:00,16.71,16.85,16.2,16.29,9718500,PDR
2025-07-02 07:00:00,16.34,16.48,16.2,16.43,5181800,PDR
2025-07-03 07:00:00,16.43,16.8,16.25,16.52,15030100,PDR
2025-07-04 07:00:00,16.57,17.36,16.57,16.99,21523800,PDR
2025-07-07 07:00:00,17.13,17.73,16.89,17.54,19823400,PDR
2025-07-08 07:00:00,17.64,17.73,17.22,17.45,14178300,PDR
2025-07-09 07:00:00,17.68,17.87,17.31,17.59,20546700,PDR
2025-07-10 07:00:00,17.82,18.19,17.59,17.68,18183200,PDR
2025-07-11 07:00:00,17.73,17.77,17.31,17.36,13714600,PDR
2025-07-14 07:00:00,17.4,18.28,16.85,18.19,24788400,PDR
2025-07-15 07:00:00,18.33,18.56,17.96,17.96,15996300,PDR
2025-07-16 07:00:00,17.91,18.7,17.87,18.56,27192400,PDR
2025-07-17 07:00:00,18.65,19.81,18.51,19.35,29384600,PDR
2025-07-18 07:00:00,19.58,20.27,18.98,19.02,27634100,PDR
2025-07-21 07:00:00,19.12,19.3,18.47,18.51,21598500,PDR
2025-07-22 07:00:00,18.47,18.93,18.28,18.89,19096200,PDR
2025-07-23 07:00:00,19.12,19.16,18.65,18.7,16174700,PDR
2025-07-24 07:00:00,18.89,19.07,18.61,18.7,14876300,PDR
2025-07-25 07:00:00,18.75,19.26,18.7,19.21,20510900,PDR
2025-07-28 07:00:00,19.49,20.55,19.49,20.55,44241000,PDR
2025-07-29 07:00:00,21.2,21.2,19.12,19.12,42194100,PDR
2025-07-30 07:00:00,19.16,19.53,18.65,19.21,19164700,PDR
2025-07-31 07:00:00,19.44,19.44,18.42,19.16,26113000,PDR
2025-08-01 07:00:00,19.26,19.3,18.65,18.7,16907800,PDR
2025-08-04 07:00:00,18.9,19.25,18.75,19.2,11363500,PDR
2025-08-05 07:00:00,19.45,20.0,18.0,19.0,30339200,PDR
2025-08-06 07:00:00,19.1,19.5,19.0,19.5,11106900,PDR
2025-08-07 07:00:00,19.85,20.0,19.6,19.95,17017600,PDR
2025-08-08 07:00:00,20.15,21.3,19.75,21.3,46930100,PDR
2025-08-11 07:00:00,22.2,22.75,22.2,22.7,37343400,PDR
2025-08-12 07:00:00,22.6,24.25,22.2,23.9,43400200,PDR
2025-08-13 07:00:00,24.1,24.35,23.2,24.2,41278800,PDR
2025-08-14 07:00:00,24.4,25.0,23.75,24.55,31149100,PDR
2025-08-15 07:00:00,24.95,24.95,23.7,24.0,30630400,PDR
2025-08-18 07:00:00,24.0,25.65,23.6,25.65,54449600,PDR
2025-08-19 07:00:00,25.8,26.7,25.1,25.7,32141000,PDR
2025-08-20 07:00:00,25.6,25.6,23.95,24.5,47116700,PDR
2025-08-21 07:00:00,24.3,24.85,23.75,23.75,27668400,PDR
2025-08-22 07:00:00,23.3,24.9,22.15,24.0,51126900,PDR
2025-08-25 07:00:00,24.35,24.5,23.0,23.2,18117900,PDR
2025-08-26 07:00:00,23.0,24.4,22.9,24.4,22727200,PDR
2025-08-27 07:00:00,24.55,25.8,24.3,24.55,41698300,PDR
2025-08-28 07:00:00,24.85,24.85,23.95,24.4,28246700,PDR
2025-08-29 07:00:00,24.7,25.45,24.5,24.55,24762700,PDR
2025-09-03 07:00:00,24.0,26.25,23.8,26.25,55953700,PDR
2025-09-04 07:00:00,26.6,27.1,26.0,26.0,19778800,PDR
2025-09-05 07:00:00,26.2,27.2,25.05,25.1,38670200,PDR
2025-09-08 07:00:00,24.9,25.15,23.4,23.4,46814800,PDR
2025-09-09 07:00:00,23.5,23.8,22.95,23.65,21111600,PDR
2025-09-10 07:00:00,23.7,23.95,23.1,23.4,14526100,PDR
2025-09-11 07:00:00,23.15,23.55,22.4,23.4,23889000,PDR
2025-09-12 07:00:00,23.55,24.35,23.45,23.65,20296900,PDR
2025-09-15 07:00:00,24.0,24.4,23.6,23.85,16363000,PDR
2025-09-16 07:00:00,24.1,24.45,23.4,23.6,21816000,PDR
2025-09-17 07:00:00,23.5,23.85,23.3,23.3,10724500,PDR
2025-09-18 07:00:00,23.25,23.8,22.9,23.45,15231100,PDR
2025-09-19 07:00:00,23.7,24.1,23.4,23.5,18542100,PDR
2025-09-22 07:00:00,23.65,24.5,23.5,24.0,30854300,PDR
2025-09-23 07:00:00,24.15,24.35,23.5,23.65,9660700,PDR
2025-09-24 07:00:00,23.5,25.0,23.3,24.95,28030100,PDR
2025-09-25 07:00:00,25.05,25.55,24.75,24.8,29514100,PDR
2025-09-26 07:00:00,24.8,25.2,24.5,24.55,22128800,PDR
2025-09-29 07:00:00,24.55,24.9,23.85,23.9,20538200,PDR
2025-09-30 07:00:00,23.85,23.95,22.8,23.45,25463600,PDR
2025-10-01 07:00:00,23.55,23.8,23.3,23.65,7610900,PDR
2025-10-02 07:00:00,23.7,23.75,22.85,22.9,10738600,PDR
2025-10-03 07:00:00,22.75,22.75,21.6,21.6,23896900,PDR
2025-10-06 07:00:00,21.8,23.1,21.8,23.1,12762900,PDR
2025-10-07 07:00:00,23.2,23.35,22.75,22.75,11827300,PDR
2025-10-08 07:00:00,23.0,23.15,22.05,22.7,15078800,PDR
2025-10-09 07:00:00,22.9,23.35,22.7,23.3,10994900,PDR
2025-10-10 07:00:00,23.5,24.0,23.45,23.65,18678800,PDR
2025-10-13 07:00:00,23.2,25.0,23.1,24.65,34968500,PDR
2025-10-14 07:00:00,25.0,25.4,24.55,24.9,36678900,PDR
2025-10-15 07:00:00,24.95,25.85,24.7,25.5,26573600,PDR
2025-10-16 07:00:00,25.9,27.0,25.85,26.3,29421600,PDR
2025-10-17 07:00:00,26.3,26.6,25.8,26.0,27361500,PDR
2025-10-20 07:00:00,25.6,26.5,24.2,24.2,34251300,PDR
2025-10-21 07:00:00,24.2,24.2,22.9,23.3,36773600,PDR
2025-10-22 07:00:00,23.6,24.25,22.9,24.25,23079200,PDR
2025-10-23 07:00:00,24.35,24.65,23.6,23.6,11804300,PDR
2025-10-24 07:00:00,23.5,24.25,23.15,23.65,15560600,PDR
2025-10-27 07:00:00,23.8,23.95,22.05,22.05,19980800,PDR
2025-10-28 07:00:00,21.9,23.0,20.7,23.0,24953400,PDR
2025-10-29 07:00:00,23.3,23.4,22.85,23.0,8809800,PDR
2025-10-30 07:00:00,23.0,23.5,22.85,23.4,10397300,PDR
2025-10-31 07:00:00,23.35,23.4,22.55,22.55,8993600,PDR
2025-11-03 07:00:00,22.6,22.65,21.0,21.4,15349900,PDR
2025-11-04 07:00:00,21.05,22.85,20.5,22.85,17560800,PDR
2025-11-05 07:00:00,22.7,22.7,21.85,22.45,8361500,PDR
2025-11-06 07:00:00,22.4,22.5,21.85,22.0,7487300,PDR
2025-11-07 07:00:00,22.0,22.0,20.85,21.15,10279700,PDR
2025-11-10 07:00:00,20.85,21.4,20.7,20.8,7539800,PDR
2025-11-11 07:00:00,21.0,21.2,20.5,21.2,7228400,PDR
2025-11-12 07:00:00,21.2,22.2,21.1,22.2,9427000,PDR
2025-11-13 07:00:00,22.1,22.1,21.65,22.0,5694500,PDR
2025-11-14 07:00:00,21.75,22.5,21.75,22.2,7091000,PDR
2025-11-17 07:00:00,22.35,23.25,22.25,23.05,14150500,PDR
2025-11-18 07:00:00,23.1,23.35,22.8,23.0,7818600,PDR
2025-11-19 07:00:00,23.0,23.25,22.15,22.8,8482000,PDR
2025-11-20 07:00:00,22.8,22.9,22.1,22.8,7139800,PDR
2025-11-21 07:00:00,22.45,22.75,22.25,22.6,4923700,PDR
2025-11-24 07:00:00,22.75,22.8,22.3,22.3,3773600,PDR
2025-11-25 07:00:00,22.3,22.7,21.6,21.8,9538700,PDR
2025-11-26 07:00:00,21.8,22.6,21.75,22.6,8068700,PDR
2025-11-27 07:00:00,22.65,22.7,22.1,22.5,5251400,PDR
2025-11-28 07:00:00,22.3,22.7,21.95,22.5,7464900,PDR
2025-12-01 07:00:00,22.55,22.55,21.9,21.9,5163300,PDR
2025-12-02 07:00:00,21.95,22.0,21.05,22.0,10794200,PDR
2025-12-03 07:00:00,22.0,22.2,21.6,22.15,5713000,PDR
2025-12-04 07:00:00,22.25,22.7,22.2,22.6,9604800,PDR
2025-12-05 07:00:00,22.65,22.65,22.1,22.2,5016500,PDR
2025-12-08 07:00:00,22.25,22.25,21.6,22.05,7160900,PDR
2025-12-09 07:00:00,21.75,21.95,21.1,21.85,10444200,PDR
2025-12-10 07:00:00,21.65,21.85,21.2,21.4,8328300,PDR
2025-12-11 07:00:00,21.4,21.5,20.9,21.15,7173300,PDR
2025-12-12 07:00:00,21.15,21.2,19.7,19.7,18105800,PDR
2025-12-15 07:00:00,19.75,19.8,18.9,19.0,11907100,PDR
2025-12-16 07:00:00,19.2,20.1,18.45,19.5,13918100,PDR
2025-12-17 07:00:00,19.5,19.55,18.9,19.2,7136000,PDR
2025-12-18 07:00:00,19.05,19.1,18.7,19.05,8851500,PDR
2025-12-19 07:00:00,19.1,19.3,18.8,19.3,12044600,PDR
2025-12-22 07:00:00,19.45,20.55,19.4,20.5,17489800,PDR
2025-12-23 07:00:00,20.4,20.5,19.75,20.15,11270400,PDR
2025-12-24 07:00:00,19.95,20.3,19.7,20.05,9509200,PDR
2025-12-25 07:00:00,19.9,20.15,19.5,19.5,10424700,PDR
2025-12-26 07:00:00,19.2,19.5,18.55,19.35,12059900,PDR
2025-12-29 07:00:00,19.5,19.75,19.3,19.6,9521200,PDR
2025-12-30 07:00:00,19.6,19.6,19.15,19.4,7580000,PDR
2025-12-31 07:00:00,19.4,19.4,18.8,18.8,11488500,PDR
2026-01-05 07:00:00,18.85,19.25,18.5,18.7,8993700,PDR
2026-01-06 07:00:00,18.7,18.9,18.1,18.65,10508400,PDR
2026-01-07 07:00:00,18.7,18.9,18.3,18.8,8778200,PDR
2026-01-08 07:00:00,18.85,19.15,18.45,18.5,10292300,PDR
2026-01-09 07:00:00,18.5,18.5,17.25,17.25,34769500,PDR
2026-01-12 07:00:00,17.1,18.1,16.6,17.9,15821400,PDR
2026-01-13 07:00:00,18.2,18.25,17.85,18.0,12841200,PDR
2026-01-14 07:00:00,18.0,18.3,17.5,17.75,16431400,PDR
2026-01-15 07:00:00,17.7,18.3,17.3,17.85,17339500,PDR
2026-01-16 07:00:00,17.9,18.0,17.35,17.5,7912300,PDR
2026-01-19 07:00:00,17.55,17.8,17.4,17.8,9928500,PDR
2026-01-20 07:00:00,17.85,17.85,17.3,17.5,10515500,PDR
2026-01-21 07:00:00,17.4,17.6,16.85,17.4,13152400,PDR
2026-01-22 07:00:00,17.4,18.5,17.0,18.2,19858000,PDR
2026-01-23 07:00:00,18.0,18.05,17.65,17.8,7230500,PDR
2026-01-26 07:00:00,17.8,17.8,16.85,17.35,11483300,PDR
2026-01-27 07:00:00,17.2,17.3,16.85,17.3,7934300,PDR
2026-01-28 07:00:00,17.1,17.7,16.75,17.45,9759100,PDR
2026-01-29 07:00:00,17.45,17.6,17.15,17.3,4145700,PDR
2026-01-30 07:00:00,17.5,17.95,17.35,17.7,10651800,PDR
2026-02-02 07:00:00,17.9,18.15,17.65,18.0,11355000,PDR
2026-02-03 07:00:00,18.05,18.1,17.65,17.7,6348000,PDR
2026-02-04 07:00:00,17.75,17.85,17.45,17.75,5494300,PDR
2026-02-05 07:00:00,17.8,17.95,17.25,17.45,7673500,PDR
2026-02-06 07:00:00,17.25,17.25,16.8,17.0,9062200,PDR
2026-02-09 07:00:00,17.0,17.3,16.85,17.3,3906400,PDR
2026-02-10 07:00:00,17.2,17.4,17.05,17.3,5645700,PDR
2026-02-11 07:00:00,17.3,18.0,17.2,17.9,11829900,PDR
2026-02-12 07:00:00,17.9,17.95,17.6,17.7,3902800,PDR
2026-02-13 07:00:00,17.6,17.7,17.4,17.4,5315600,PDR
2026-02-23 07:00:00,17.6,17.65,17.3,17.5,5116000,PDR
2026-02-24 07:00:00,17.45,17.55,17.3,17.3,7005700,PDR
2026-02-25 07:00:00,17.3,17.4,17.0,17.0,8467700,PDR
2026-02-26 07:00:00,17.0,17.2,16.85,16.9,5115600,PDR
2026-02-27 07:00:00,17.0,17.0,16.2,16.4,16137700,PDR
2026-03-02 07:00:00,15.4,15.9,15.3,15.6,15455500,PDR
2026-03-03 07:00:00,15.45,15.75,15.05,15.6,12122500,PDR
2026-03-04 07:00:00,15.45,15.6,14.6,15.6,15752100,PDR
2026-03-05 07:00:00,15.65,15.8,15.3,15.65,12684400,PDR
2026-03-06 07:00:00,15.65,15.65,15.3,15.6,7560500,PDR
2026-03-09 07:00:00,14.55,15.0,14.55,14.55,2783400,PDR
2026-03-10 07:00:00,14.45,14.7,13.7,14.6,12022000,PDR
2026-03-11 07:00:00,14.35,15.4,14.25,15.3,12365900,PDR
2026-03-12 07:00:00,15.1,15.4,14.85,15.25,8338100,PDR
2026-03-13 07:00:00,14.9,15.7,14.9,15.45,10997400,PDR
2026-03-16 07:00:00,15.75,15.85,15.4,15.6,8555800,PDR
2026-03-17 07:00:00,15.55,15.6,15.15,15.25,7343700,PDR
2026-03-18 07:00:00,15.2,15.3,14.8,15.25,5887800,PDR
2026-03-19 07:00:00,14.9,15.65,14.9,15.4,10087900,PDR
2026-03-20 07:00:00,15.35,15.4,15.1,15.15,7858900,PDR
2026-03-23 07:00:00,14.85,15.0,14.1,14.5,10474100,PDR
2026-03-24 07:00:00,14.6,15.45,14.45,15.15,10501500,PDR
2026-03-25 07:00:00,15.2,15.5,14.9,15.3,10300000,PDR
2026-03-26 07:00:00,15.3,15.6,15.15,15.35,7475000,PDR
2026-03-27 07:00:00,15.3,16.4,15.2,16.4,26467800,PDR
2026-03-30 07:00:00,16.25,16.85,16.2,16.6,17824400,PDR
2026-03-31 07:00:00,16.65,16.7,16.25,16.35,13963500,PDR
2026-04-01 07:00:00,16.65,16.75,16.2,16.25,13526500,PDR
2026-04-02 07:00:00,16.15,16.2,15.85,16.1,11789600,PDR
2026-04-03 07:00:00,16.0,16.35,15.9,15.9,9454900,PDR
2026-04-06 07:00:00,15.8,16.0,15.15,15.55,9610900,PDR
2026-04-07 07:00:00,15.5,15.7,15.3,15.7,6311500,PDR
2026-04-08 07:00:00,16.1,16.65,15.9,16.6,16441600,PDR
2026-04-09 07:00:00,16.45,17.1,16.3,16.7,19572500,PDR
2026-04-10 07:00:00,16.85,17.05,16.4,16.4,11948400,PDR
2026-04-13 07:00:00,16.3,16.85,16.25,16.5,10336800,PDR
2026-04-14 07:00:00,16.75,16.8,16.25,16.45,8329700,PDR
2026-04-15 07:00:00,16.5,16.85,16.4,16.45,13313900,PDR
2026-04-16 07:00:00,16.6,16.75,16.1,16.4,9670100,PDR
2026-04-17 07:00:00,16.5,16.5,16.15,16.15,6965800,PDR
2026-04-20 07:00:00,16.1,16.3,16.05,16.15,5076700,PDR
2026-04-21 07:00:00,16.2,16.3,15.85,16.15,8435900,PDR
2026-04-22 07:00:00,16.0,16.15,15.8,16.15,7299200,PDR
2026-04-23 07:00:00,16.15,16.35,15.8,16.05,7689700,PDR
2026-04-24 07:00:00,15.95,16.25,15.7,16.2,6233400,PDR
2026-04-28 07:00:00,16.2,16.3,15.95,16.2,4958700,PDR
2026-04-29 07:00:00,16.05,16.6,16.0,16.45,11759800,PDR
2026-05-04 07:00:00,16.55,16.9,16.35,16.5,8738800,PDR
2026-05-05 07:00:00,16.35,16.5,16.0,16.4,8642700,PDR
2026-05-06 07:00:00,16.35,16.7,16.15,16.6,9430200,PDR
2026-05-07 07:00:00,16.6,17.1,16.5,16.55,19187600,PDR
2026-05-08 07:00:00,16.5,16.5,16.25,16.35,7123300,PDR
2026-05-11 07:00:00,16.35,16.55,16.1,16.35,10328700,PDR
2026-05-12 07:00:00,16.3,16.7,16.25,16.5,9784200,PDR
2026-05-13 07:00:00,16.5,16.5,16.15,16.35,5926900,PDR
2026-05-14 07:00:00,16.2,16.75,16.2,16.55,13838700,PDR
2026-05-15 07:00:00,16.7,16.7,16.45,16.55,6998000,PDR
2026-05-18 07:00:00,16.55,16.6,16.3,16.55,8626300,PDR
2026-05-19 07:00:00,16.65,17.05,16.6,16.85,23141500,PDR
2026-05-20 07:00:00,16.85,16.85,15.7,16.4,16249700,PDR
2026-05-21 07:00:00,16.45,16.5,15.95,16.05,5811100,PDR
2026-05-22 07:00:00,16.05,16.05,15.35,15.8,9864600,PDR
2026-05-25 07:00:00,15.85,16.05,15.6,15.85,5347400,PDR
2026-05-26 07:00:00,15.85,16.95,15.85,16.95,37995800,PDR
2026-05-27 07:00:00,17.15,17.25,16.8,17.0,13736100,PDR
2026-05-28 07:00:00,17.0,17.1,16.45,16.5,15848700,PDR
2026-05-29 07:00:00,16.45,16.45,16.0,16.05,12247300,PDR
2026-06-01 07:00:00,16.0,16.2,15.8,16.1,7216600,PDR
2026-06-02 07:00:00,16.05,16.05,15.05,15.25,20130700,PDR
2026-06-03 07:00:00,15.25,15.4,14.9,15.3,7030200,PDR
2026-06-04 07:00:00,15.3,15.35,15.0,15.1,5214500,PDR
2026-06-05 07:00:00,15.15,15.15,14.85,15.05,7010600,PDR
2026-06-08 07:00:00,14.8,14.95,14.65,14.9,7573000,PDR
2026-06-09 07:00:00,14.8,14.9,14.65,14.9,5136200,PDR
2026-06-10 07:00:00,14.85,15.4,14.75,15.2,9554100,PDR
2026-06-11 07:00:00,15.05,15.05,14.85,15.0,4240000,PDR
2026-06-12 07:00:00,15.05,15.15,14.85,14.9,6139100,PDR
2026-06-15 07:00:00,15.05,15.15,14.85,15.1,6585000,PDR
2026-06-16 07:00:00,15.1,15.4,15.0,15.35,7599100,PDR
2026-06-17 07:00:00,15.35,15.45,15.1,15.15,7948400,PDR
2026-06-18 07:00:00,15.15,15.2,14.95,15.1,5543700,PDR
2026-06-19 07:00:00,15.1,15.35,14.95,15.0,7005000,PDR
2026-06-22 07:00:00,15.0,15.0,14.75,14.95,5026800,PDR
2026-06-23 07:00:00,15.0,15.0,14.6,14.75,7244400,PDR
2026-06-24 07:00:00,14.65,14.75,14.4,14.7,5688800,PDR
2026-06-25 07:00:00,14.65,14.8,14.5,14.75,4729900,PDR
2026-06-26 07:00:00,14.8,14.85,14.5,14.7,4030500,PDR
2026-06-29 07:00:00,14.75,14.8,14.6,14.75,3110700,PDR
2026-06-30 07:00:00,14.75,14.95,14.65,14.75,4031800,PDR
2026-07-01 07:00:00,14.75,14.85,14.7,14.8,3053400,PDR
2026-07-02 07:00:00,14.85,14.9,14.65,14.75,3553700,PDR
2026-07-03 07:00:00,14.75,14.75,14.45,14.55,6242000,PDR
2026-07-06 07:00:00,14.55,14.55,13.9,14.3,11827800,PDR
2026-07-07 07:00:00,14.0,14.3,14.0,14.3,4872100,PDR
2026-07-08 07:00:00,14.25,14.65,14.05,14.4,9363200,PDR
2026-07-09 07:00:00,14.35,14.35,14.1,14.2,4706000,PDR
2026-07-10 07:00:00,14.1,14.3,14.05,14.05,7729300,PDR
2026-07-13 07:00:00,14.0,14.05,13.55,13.8,9528800,PDR
2026-07-14 07:00:00,13.6,14.0,13.5,13.9,6860100,PDR
2026-07-15 07:00:00,13.8,13.85,13.4,13.7,6325300,PDR
2026-07-16 07:00:00,13.5,13.6,12.95,13.6,9959600,PDR
2026-07-17 07:00:00,13.55,13.55,13.2,13.45,4114000,PDR
2026-07-20 07:00:00,13.2,13.2,12.55,12.7,12680700,PDR
2026-07-21 07:00:00,12.25,12.7,12.1,12.4,7367700,PDR
2026-07-22 07:00:00,12.2,12.45,12.05,12.1,7898800,PDR
2026-07-23 07:00:00,11.9,12.1,11.3,12.1,12030600,PDR
2026-07-24 07:00:00,11.85,11.95,11.65,11.95,4538300,PDR
2026-07-27 07:00:00,11.75,11.85,11.15,11.15,5822600,PDR
2026-07-28 07:00:00,10.4,11.7,10.4,11.5,15592800,PDR
2026-07-29 07:00:00,11.5,11.5,11.3,11.5,3857700,PDR
2026-07-30 07:00:00,11.4,11.9,11.35,11.85,9682300,PDR
2026-07-31 07:00:00,11.85,11.85,11.45,11.45,6216700,PDR
2026-08-03 07:00:00,11.5,12.0,11.45,11.8,7327400,PDR
2026-08-04 07:00:00,11.9,12.35,11.9,12.1,10049900,PDR
2026-08-05 07:00:00,12.25,12.4,12.0,12.0,7732300,PDR
2026-08-06 07:00:00,11.95,12.0,11.75,11.8,6507400,PDR
2026-08-07 07:00:00,11.8,11.9,11.65,11.9,4193300,PDR
2026-08-10 07:00:00,11.9,12.2,11.85,12.1,6244600,PDR
2026-08-11 07:00:00,12.1,12.45,12.0,12.1,6704300,PDR
2026-08-12 07:00:00,12.15,12.3,12.05,12.1,3595400,PDR
2026-08-13 07:00:00,12.15,12.25,11.8,11.95,6992800,PDR
2026-08-14 07:00:00,11.85,12.3,11.7,11.95,6202400,PDR
2026-08-17 07:00:00,12.0,12.45,11.8,12.1,7696600,PDR
2026-08-18 07:00:00,12.1,12.35,12.0,12.05,4088500,PDR
2026-08-19 07:00:00,12.15,12.2,11.85,11.9,4709600,PDR
2026-08-20 07:00:00,11.9,12.05,11.8,11.8,3020500,PDR
2026-08-21 07:00:00,11.8,12.4,11.8,12.3,8033600,PDR
2026-08-24 07:00:00,12.3,12.95,12.3,12.85,11219400,PDR
2026-08-25 07:00:00,12.85,12.9,12.6,12.7,5400600,PDR
2026-08-26 07:00:00,12.6,12.7,12.5,12.65,4017700,PDR
2026-08-27 07:00:00,12.7,12.85,12.45,12.65,4764300,PDR
2026-08-28 07:00:00,12.65,12.65,12.4,12.4,3713100,PDR
2026-09-03 07:00:00,12.25,12.3,12.05,12.25,3521400,PDR
2026-09-04 07:00:00,12.15,12.3,12.0,12.2,3580300,PDR
2026-09-07 07:00:00,12.15,12.2,11.95,12.05,4514000,PDR
2026-09-08 07:00:00,11.95,12.05,11.9,12.0,3548200,PDR
2026-09-09 07:00:00,11.95,12.0,11.85,12.0,4129200,PDR
2026-09-10 07:00:00,12.0,12.0,11.8,12.0,3341000,PDR
2026-09-11 07:00:00,11.9,11.95,11.6,11.75,6205700,PDR
2026-09-14 07:00:00,11.65,11.7,11.4,11.55,4703300,PDR
2026-09-15 07:00:00,11.45,11.6,11.4,11.6,2815500,PDR
2026-09-16 07:00:00,11.5,11.55,11.3,11.55,2724900,PDR
2026-09-17 07:00:00,11.3,11.8,11.3,11.55,3702800,PDR
2026-09-18 07:00:00,11.55,11.6,11.4,11.5,2965000,PDR
2026-09-21 07:00:00,11.55,11.7,11.4,11.5,1813800,PDR
2026-09-22 07:00:00,11.55,11.95,11.55,11.75,4953500,PDR
2026-09-23 07:00:00,11.8,11.8,11.7,11.75,176400,PDR
