time,open,high,low,close,volume,ticker
2019-01-02 07:00:00,29.96,30.15,29.57,29.57,142060,PNJ
2019-01-03 07:00:00,29.57,29.79,28.54,28.6,398110,PNJ
2019-01-04 07:00:00,28.12,28.93,27.77,28.93,242880,PNJ
2019-01-07 07:00:00,29.41,29.57,29.12,29.38,214970,PNJ
2019-01-08 07:00:00,29.25,29.38,28.93,29.25,132390,PNJ
2019-01-09 07:00:00,29.47,29.47,29.09,29.41,166090,PNJ
2019-01-10 07:00:00,29.47,29.79,29.28,29.67,153450,PNJ
2019-01-11 07:00:00,29.73,29.76,29.54,29.73,237830,PNJ
2019-01-14 07:00:00,29.7,29.73,29.41,29.54,151770,PNJ
2019-01-15 07:00:00,29.28,29.57,29.28,29.54,94060,PNJ
2019-01-16 07:00:00,29.7,29.7,29.38,29.47,92390,PNJ
2019-01-17 07:00:00,29.31,29.44,28.93,28.93,278850,PNJ
2019-01-18 07:00:00,29.09,29.09,28.67,28.67,126480,PNJ
2019-01-21 07:00:00,28.73,29.54,28.73,29.47,162760,PNJ
2019-01-22 07:00:00,29.47,29.5,29.12,29.12,160140,PNJ
2019-01-23 07:00:00,29.02,29.25,29.02,29.09,76830,PNJ
2019-01-24 07:00:00,29.09,29.31,29.09,29.15,70270,PNJ
2019-01-25 07:00:00,29.15,29.7,29.15,29.57,205020,PNJ
2019-01-28 07:00:00,29.89,30.34,29.73,30.28,337020,PNJ
2019-01-29 07:00:00,30.4,30.4,30.05,30.21,92370,PNJ
2019-01-30 07:00:00,30.21,30.28,30.08,30.15,133150,PNJ
2019-01-31 07:00:00,30.21,30.69,30.21,30.53,326950,PNJ
2019-02-01 07:00:00,30.69,30.69,30.21,30.4,223210,PNJ
2019-02-11 07:00:00,30.82,31.34,30.73,31.34,344550,PNJ
2019-02-12 07:00:00,31.34,31.34,30.86,31.11,306350,PNJ
2019-02-13 07:00:00,31.11,31.66,30.89,31.37,379710,PNJ
2019-02-14 07:00:00,31.4,31.63,31.21,31.24,398610,PNJ
2019-02-15 07:00:00,31.27,31.27,31.08,31.08,280730,PNJ
2019-02-18 07:00:00,31.27,31.27,30.86,31.27,268310,PNJ
2019-02-19 07:00:00,31.27,32.11,31.27,31.47,698600,PNJ
2019-02-20 07:00:00,31.56,31.85,31.47,31.79,338710,PNJ
2019-02-21 07:00:00,31.92,31.98,31.56,31.82,290870,PNJ
2019-02-22 07:00:00,31.53,32.04,31.53,31.85,333910,PNJ
2019-02-25 07:00:00,31.98,32.62,31.98,32.14,397930,PNJ
2019-02-26 07:00:00,32.3,32.3,31.4,31.56,339880,PNJ
2019-02-27 07:00:00,31.59,31.95,31.43,31.69,260850,PNJ
2019-02-28 07:00:00,31.66,31.66,30.98,30.98,474790,PNJ
2019-03-01 07:00:00,30.98,31.66,30.98,31.66,235110,PNJ
2019-03-04 07:00:00,31.76,32.53,31.76,32.43,629820,PNJ
2019-03-05 07:00:00,32.4,32.53,31.98,32.17,322490,PNJ
2019-03-06 07:00:00,31.95,32.43,31.95,32.11,198530,PNJ
2019-03-07 07:00:00,32.11,32.3,31.98,32.08,224060,PNJ
2019-03-08 07:00:00,31.82,31.98,31.69,31.76,293560,PNJ
2019-03-11 07:00:00,31.82,31.98,31.69,31.98,177090,PNJ
2019-03-12 07:00:00,32.3,32.53,32.01,32.11,314170,PNJ
2019-03-13 07:00:00,32.11,32.78,32.11,32.78,576240,PNJ
2019-03-14 07:00:00,32.94,33.49,32.85,33.49,414880,PNJ
2019-03-15 07:00:00,33.49,33.72,33.14,33.43,318000,PNJ
2019-03-18 07:00:00,33.43,33.49,33.14,33.43,206710,PNJ
2019-03-19 07:00:00,33.75,33.75,32.78,32.88,274850,PNJ
2019-03-20 07:00:00,32.88,33.1,32.46,32.62,250190,PNJ
2019-03-21 07:00:00,32.62,32.98,32.3,32.3,281010,PNJ
2019-03-22 07:00:00,32.3,32.94,31.88,32.85,470560,PNJ
2019-03-25 07:00:00,32.14,32.46,31.82,32.04,263520,PNJ
2019-03-26 07:00:00,32.04,32.43,31.85,32.04,152410,PNJ
2019-03-27 07:00:00,32.08,32.3,31.98,32.11,128380,PNJ
2019-03-28 07:00:00,31.85,32.11,31.85,32.01,94860,PNJ
2019-03-29 07:00:00,32.01,32.2,31.79,31.98,172610,PNJ
2019-04-01 07:00:00,31.98,32.3,31.88,32.24,198660,PNJ
2019-04-02 07:00:00,32.43,32.43,31.88,32.04,114830,PNJ
2019-04-03 07:00:00,32.14,32.14,31.79,31.82,161530,PNJ
2019-04-04 07:00:00,31.92,32.46,31.66,32.46,508480,PNJ
2019-04-05 07:00:00,32.75,32.75,32.3,32.3,253480,PNJ
2019-04-08 07:00:00,32.46,32.59,32.2,32.56,228910,PNJ
2019-04-09 07:00:00,32.75,33.33,32.66,32.66,630570,PNJ
2019-04-10 07:00:00,32.46,32.59,32.08,32.11,255050,PNJ
2019-04-11 07:00:00,32.43,32.43,32.11,32.2,51790,PNJ
2019-04-12 07:00:00,31.95,32.14,31.95,32.01,110800,PNJ
2019-04-16 07:00:00,31.88,31.95,31.66,31.72,261580,PNJ
2019-04-17 07:00:00,31.76,32.2,31.72,31.88,244000,PNJ
2019-04-18 07:00:00,31.88,31.88,31.27,31.27,195450,PNJ
2019-04-19 07:00:00,31.27,31.66,31.27,31.4,142320,PNJ
2019-04-22 07:00:00,31.5,31.66,31.21,31.66,380410,PNJ
2019-04-23 07:00:00,31.66,32.14,31.66,32.08,317750,PNJ
2019-04-24 07:00:00,32.2,32.2,32.01,32.14,124360,PNJ
2019-04-25 07:00:00,32.08,32.14,31.85,31.92,70420,PNJ
2019-04-26 07:00:00,31.92,32.2,31.82,32.17,194500,PNJ
2019-05-02 07:00:00,32.24,33.1,32.2,33.1,610080,PNJ
2019-05-03 07:00:00,33.1,33.49,32.98,33.01,369240,PNJ
2019-05-06 07:00:00,32.56,32.78,32.14,32.75,432670,PNJ
2019-05-07 07:00:00,32.78,32.82,32.43,32.66,169030,PNJ
2019-05-08 07:00:00,32.2,32.66,32.2,32.46,200610,PNJ
2019-05-09 07:00:00,32.33,32.56,31.98,32.08,355930,PNJ
2019-05-10 07:00:00,32.3,32.46,32.01,32.3,183020,PNJ
2019-05-13 07:00:00,32.3,32.4,32.24,32.4,159350,PNJ
2019-05-14 07:00:00,32.43,32.62,32.3,32.43,249390,PNJ
2019-05-15 07:00:00,32.46,33.04,32.43,32.94,1053400,PNJ
2019-05-16 07:00:00,33.14,33.3,33.07,33.07,361760,PNJ
2019-05-17 07:00:00,33.1,33.1,32.88,32.94,245590,PNJ
2019-05-20 07:00:00,33.07,34.71,32.88,34.71,1263740,PNJ
2019-05-21 07:00:00,34.78,34.81,34.13,34.26,450470,PNJ
2019-05-22 07:00:00,34.58,35.1,34.26,34.58,635850,PNJ
2019-05-23 07:00:00,34.62,35.26,34.23,35.26,670520,PNJ
2019-05-24 07:00:00,34.97,35.52,34.62,34.62,586190,PNJ
2019-05-27 07:00:00,34.29,34.74,34.13,34.13,512340,PNJ
2019-05-28 07:00:00,34.29,35.07,34.29,34.87,429790,PNJ
2019-05-29 07:00:00,34.97,34.97,34.13,34.36,391420,PNJ
2019-05-30 07:00:00,34.36,34.62,34.2,34.2,329610,PNJ
2019-05-31 07:00:00,34.13,34.2,33.2,33.2,787930,PNJ
2019-06-03 07:00:00,33.04,33.17,32.36,32.46,602080,PNJ
2019-06-04 07:00:00,32.46,32.94,32.46,32.49,486050,PNJ
2019-06-05 07:00:00,33.26,33.65,33.05,33.05,500760,PNJ
2019-06-06 07:00:00,33.35,33.35,32.7,33.05,302820,PNJ
2019-06-07 07:00:00,33.22,33.82,33.09,33.82,347690,PNJ
2019-06-10 07:00:00,34.08,34.16,33.74,33.82,350190,PNJ
2019-06-11 07:00:00,33.82,34.03,33.61,33.86,432400,PNJ
2019-06-12 07:00:00,33.48,33.69,32.92,32.92,847940,PNJ
2019-06-13 07:00:00,32.7,32.75,32.06,32.06,529700,PNJ
2019-06-14 07:00:00,32.06,32.45,31.8,31.85,303500,PNJ
2019-06-17 07:00:00,31.85,31.98,30.99,30.99,476780,PNJ
2019-06-18 07:00:00,30.99,31.33,30.47,30.69,461990,PNJ
2019-06-19 07:00:00,30.82,31.12,30.73,30.82,258360,PNJ
2019-06-20 07:00:00,30.9,31.8,30.9,31.63,594660,PNJ
2019-06-21 07:00:00,31.85,32.19,31.72,31.85,334200,PNJ
2019-06-24 07:00:00,31.76,31.98,31.59,31.59,259110,PNJ
2019-06-25 07:00:00,31.63,31.68,31.16,31.2,357000,PNJ
2019-06-26 07:00:00,31.12,31.42,31.12,31.24,243340,PNJ
2019-06-27 07:00:00,31.29,31.42,30.9,30.9,264660,PNJ
2019-06-28 07:00:00,30.9,31.33,30.82,31.33,385570,PNJ
2019-07-01 07:00:00,31.42,31.93,31.37,31.89,412650,PNJ
2019-07-02 07:00:00,31.89,32.15,31.76,32.1,416150,PNJ
2019-07-03 07:00:00,32.1,32.1,31.63,31.63,275670,PNJ
2019-07-04 07:00:00,31.76,32.1,31.72,31.98,340040,PNJ
2019-07-05 07:00:00,32.15,32.19,31.85,31.98,222050,PNJ
2019-07-08 07:00:00,31.98,31.98,31.46,31.63,226330,PNJ
2019-07-09 07:00:00,31.55,31.76,31.55,31.59,176430,PNJ
2019-07-10 07:00:00,31.59,31.76,31.33,31.33,497130,PNJ
2019-07-11 07:00:00,31.42,31.59,31.33,31.33,316780,PNJ
2019-07-12 07:00:00,31.33,31.76,31.29,31.59,370600,PNJ
2019-07-15 07:00:00,31.33,32.02,31.59,31.93,453880,PNJ
2019-07-16 07:00:00,32.06,32.49,32.06,32.06,478210,PNJ
2019-07-17 07:00:00,32.02,32.15,31.85,31.85,301370,PNJ
2019-07-18 07:00:00,31.76,31.76,31.42,31.46,518320,PNJ
2019-07-19 07:00:00,31.5,32.1,31.33,31.76,443090,PNJ
2019-07-22 07:00:00,31.55,33.05,31.46,33.05,1246490,PNJ
2019-07-23 07:00:00,33.05,33.74,33.01,33.61,653120,PNJ
2019-07-24 07:00:00,33.48,33.66,33.18,33.26,571240,PNJ
2019-07-25 07:00:00,33.26,34.09,33.01,33.92,831900,PNJ
2019-07-26 07:00:00,33.83,34.0,33.61,33.92,460430,PNJ
2019-07-29 07:00:00,33.92,33.92,33.22,33.74,403760,PNJ
2019-07-30 07:00:00,33.7,33.74,33.09,33.09,505650,PNJ
2019-07-31 07:00:00,33.09,33.4,33.05,33.31,297000,PNJ
2019-08-01 07:00:00,33.18,34.18,32.96,33.92,707670,PNJ
2019-08-02 07:00:00,33.61,34.87,33.48,34.87,1206300,PNJ
2019-08-05 07:00:00,34.91,35.35,34.7,35.0,790440,PNJ
2019-08-06 07:00:00,34.48,36.6,34.48,36.34,1433680,PNJ
2019-08-07 07:00:00,34.48,37.56,36.21,37.56,1045730,PNJ
2019-08-08 07:00:00,37.91,38.04,36.78,36.78,1177160,PNJ
2019-08-09 07:00:00,36.74,37.26,36.34,36.52,855050,PNJ
2019-08-12 07:00:00,36.6,37.43,36.6,37.17,818920,PNJ
2019-08-13 07:00:00,37.38,38.12,37.26,37.73,992910,PNJ
2019-08-14 07:00:00,37.52,37.69,36.78,37.17,758650,PNJ
2019-08-15 07:00:00,36.91,37.91,36.82,37.56,883210,PNJ
2019-08-16 07:00:00,37.86,38.73,37.3,37.3,1428350,PNJ
2019-08-19 07:00:00,37.34,37.69,36.43,36.82,974960,PNJ
2019-08-20 07:00:00,36.86,37.26,36.39,37.21,856390,PNJ
2019-08-21 07:00:00,37.47,37.82,37.08,37.12,881880,PNJ
2019-08-22 07:00:00,37.12,37.12,36.21,36.21,1206420,PNJ
2019-08-23 07:00:00,36.13,36.26,35.74,35.91,974700,PNJ
2019-08-26 07:00:00,36.78,37.17,36.21,36.34,961910,PNJ
2019-08-27 07:00:00,36.34,36.78,35.91,36.08,601280,PNJ
2019-08-28 07:00:00,36.17,36.17,35.3,35.3,813610,PNJ
2019-08-29 07:00:00,35.13,35.74,34.91,35.52,554070,PNJ
2019-08-30 07:00:00,35.56,35.82,35.35,35.65,345760,PNJ
2019-09-03 07:00:00,35.65,36.13,35.61,35.74,358910,PNJ
2019-09-04 07:00:00,35.65,35.87,35.35,35.78,435720,PNJ
2019-09-05 07:00:00,35.78,36.0,35.26,35.3,333990,PNJ
2019-09-06 07:00:00,35.39,35.39,34.91,35.13,551650,PNJ
2019-09-09 07:00:00,35.13,35.13,34.52,34.87,702600,PNJ
2019-09-10 07:00:00,34.78,34.78,33.87,33.87,753240,PNJ
2019-09-11 07:00:00,33.96,34.65,33.83,34.65,404310,PNJ
2019-09-12 07:00:00,34.91,34.96,34.48,34.87,416530,PNJ
2019-09-13 07:00:00,34.91,35.91,34.7,35.56,917470,PNJ
2019-09-16 07:00:00,35.87,36.0,35.61,35.69,420960,PNJ
2019-09-17 07:00:00,35.78,35.78,35.39,35.56,401940,PNJ
2019-09-18 07:00:00,35.65,36.21,35.52,35.74,614270,PNJ
2019-09-19 07:00:00,35.61,35.95,35.43,35.87,402590,PNJ
2019-09-20 07:00:00,35.87,36.65,35.87,36.34,921660,PNJ
2019-09-23 07:00:00,36.52,36.78,36.0,36.21,451800,PNJ
2019-09-24 07:00:00,36.21,36.21,35.95,36.0,304860,PNJ
2019-09-25 07:00:00,35.65,35.87,35.39,35.61,790300,PNJ
2019-09-26 07:00:00,35.56,35.65,34.7,35.0,1067510,PNJ
2019-09-27 07:00:00,35.0,35.43,35.0,35.17,306340,PNJ
2019-09-30 07:00:00,35.17,35.3,34.7,34.87,437850,PNJ
2019-10-01 07:00:00,34.87,34.87,34.48,34.48,604640,PNJ
2019-10-02 07:00:00,34.48,35.26,34.48,34.96,459560,PNJ
2019-10-03 07:00:00,34.96,35.3,34.61,35.09,351600,PNJ
2019-10-04 07:00:00,35.04,35.17,34.83,34.83,303690,PNJ
2019-10-07 07:00:00,34.83,34.83,34.26,34.26,401070,PNJ
2019-10-08 07:00:00,34.26,34.61,34.26,34.57,200400,PNJ
2019-10-09 07:00:00,34.65,34.65,34.31,34.31,256400,PNJ
2019-10-10 07:00:00,34.31,34.52,34.31,34.31,214760,PNJ
2019-10-11 07:00:00,34.31,34.87,34.31,34.7,202830,PNJ
2019-10-14 07:00:00,34.78,35.09,34.48,34.7,203660,PNJ
2019-10-15 07:00:00,34.7,34.87,34.57,34.7,143660,PNJ
2019-10-16 07:00:00,34.7,35.52,34.52,35.52,631520,PNJ
2019-10-17 07:00:00,35.69,36.04,35.61,35.87,697760,PNJ
2019-10-18 07:00:00,36.21,36.21,35.61,35.74,458730,PNJ
2019-10-21 07:00:00,35.74,35.74,35.13,35.56,442250,PNJ
2019-10-22 07:00:00,35.56,36.08,35.26,36.0,756840,PNJ
2019-10-23 07:00:00,36.21,36.3,35.87,35.91,229770,PNJ
2019-10-24 07:00:00,36.08,36.34,35.91,36.3,654270,PNJ
2019-10-25 07:00:00,36.34,36.56,36.0,36.08,598730,PNJ
2019-10-28 07:00:00,36.04,36.52,36.04,36.21,445380,PNJ
2019-10-29 07:00:00,36.21,36.34,35.82,35.82,415020,PNJ
2019-10-30 07:00:00,35.78,36.08,35.65,36.0,339360,PNJ
2019-10-31 07:00:00,36.0,36.56,35.78,36.13,430070,PNJ
2019-11-01 07:00:00,36.13,36.39,36.0,36.13,516040,PNJ
2019-11-04 07:00:00,36.3,37.17,36.17,37.12,1385820,PNJ
2019-11-05 07:00:00,37.3,37.3,36.82,36.95,519090,PNJ
2019-11-06 07:00:00,36.82,37.08,36.74,36.86,303670,PNJ
2019-11-07 07:00:00,36.86,37.08,36.74,36.95,446870,PNJ
2019-11-08 07:00:00,36.99,37.43,36.82,37.17,658550,PNJ
2019-11-11 07:00:00,37.26,37.26,36.69,36.74,432540,PNJ
2019-11-12 07:00:00,36.6,36.99,36.52,36.99,453130,PNJ
2019-11-13 07:00:00,37.04,37.3,36.91,37.3,481130,PNJ
2019-11-14 07:00:00,37.38,37.69,36.6,36.86,745710,PNJ
2019-11-15 07:00:00,36.78,37.17,36.78,36.99,406810,PNJ
2019-11-18 07:00:00,36.86,37.12,36.6,36.6,423760,PNJ
2019-11-19 07:00:00,36.74,36.74,36.04,36.65,642680,PNJ
2019-11-20 07:00:00,36.74,36.74,36.17,36.17,308170,PNJ
2019-11-21 07:00:00,36.0,36.43,35.78,35.78,697900,PNJ
2019-11-22 07:00:00,36.08,36.21,35.13,35.39,603630,PNJ
2019-11-25 07:00:00,35.39,35.95,35.3,35.95,312850,PNJ
2019-11-26 07:00:00,36.13,36.21,35.95,36.13,235110,PNJ
2019-11-27 07:00:00,36.13,36.21,35.69,35.69,202300,PNJ
2019-11-28 07:00:00,35.69,35.82,35.13,35.17,464090,PNJ
2019-11-29 07:00:00,35.17,35.35,34.7,35.22,263740,PNJ
2019-12-02 07:00:00,35.48,35.48,34.7,34.7,339850,PNJ
2019-12-03 07:00:00,34.26,35.13,34.05,35.13,434760,PNJ
2019-12-04 07:00:00,34.96,35.74,34.96,35.74,283730,PNJ
2019-12-05 07:00:00,35.65,35.78,35.52,35.56,191370,PNJ
2019-12-06 07:00:00,35.56,35.69,35.39,35.65,168870,PNJ
2019-12-09 07:00:00,35.65,35.87,35.48,35.65,229770,PNJ
2019-12-10 07:00:00,35.65,36.04,35.52,35.91,349410,PNJ
2019-12-11 07:00:00,36.0,36.6,35.82,36.47,466970,PNJ
2019-12-12 07:00:00,36.47,36.65,36.34,36.43,220780,PNJ
2019-12-13 07:00:00,36.43,36.52,35.95,36.21,281100,PNJ
2019-12-16 07:00:00,36.13,36.3,35.78,36.26,304590,PNJ
2019-12-17 07:00:00,36.34,36.34,35.56,35.65,302700,PNJ
2019-12-18 07:00:00,35.56,35.87,35.04,35.09,337680,PNJ
2019-12-19 07:00:00,35.13,35.48,35.09,35.35,257790,PNJ
2019-12-20 07:00:00,35.52,35.91,35.39,35.91,201140,PNJ
2019-12-23 07:00:00,35.87,36.82,35.87,36.74,1001500,PNJ
2019-12-24 07:00:00,36.86,36.86,36.47,36.65,347580,PNJ
2019-12-25 07:00:00,36.74,37.21,36.56,37.08,722330,PNJ
2019-12-26 07:00:00,37.08,37.6,36.86,37.12,1160250,PNJ
2019-12-27 07:00:00,37.12,37.52,36.86,37.52,473750,PNJ
2019-12-30 07:00:00,37.73,38.12,37.52,37.52,741960,PNJ
2019-12-31 07:00:00,37.43,37.69,37.12,37.3,374050,PNJ
2020-01-02 07:00:00,37.52,37.99,37.3,37.91,651790,PNJ
2020-01-03 07:00:00,38.12,38.25,37.34,37.65,659870,PNJ
2020-01-06 07:00:00,37.6,38.08,37.21,37.21,692370,PNJ
2020-01-07 07:00:00,37.3,37.73,36.86,37.69,576310,PNJ
2020-01-08 07:00:00,37.73,37.78,36.47,36.91,948880,PNJ
2020-01-09 07:00:00,37.34,37.78,37.12,37.38,563340,PNJ
2020-01-10 07:00:00,37.52,38.47,37.52,38.38,1665860,PNJ
2020-01-13 07:00:00,38.34,38.77,38.21,38.6,711990,PNJ
2020-01-14 07:00:00,38.56,38.6,38.34,38.56,435560,PNJ
2020-01-15 07:00:00,38.43,39.29,38.38,39.03,1175740,PNJ
2020-01-16 07:00:00,39.16,39.29,38.86,38.99,629290,PNJ
2020-01-17 07:00:00,39.03,39.42,38.9,39.34,738240,PNJ
2020-01-20 07:00:00,39.47,40.07,39.47,39.9,818960,PNJ
2020-01-21 07:00:00,40.07,40.12,39.47,39.47,622420,PNJ
2020-01-22 07:00:00,39.47,39.86,39.21,39.6,702790,PNJ
2020-01-30 07:00:00,39.29,39.38,36.95,38.04,1298290,PNJ
2020-01-31 07:00:00,37.73,38.3,36.43,36.56,2087700,PNJ
2020-02-03 07:00:00,34.7,36.43,34.52,35.91,1433110,PNJ
2020-02-04 07:00:00,36.0,36.6,35.78,36.43,812530,PNJ
2020-02-05 07:00:00,36.56,36.82,35.82,35.87,648860,PNJ
2020-02-06 07:00:00,35.87,36.43,35.82,36.39,586840,PNJ
2020-02-07 07:00:00,36.43,36.43,35.69,35.82,753340,PNJ
2020-02-10 07:00:00,35.56,35.74,35.13,35.35,555450,PNJ
2020-02-11 07:00:00,35.56,35.65,35.35,35.35,405250,PNJ
2020-02-12 07:00:00,35.65,36.39,35.43,35.78,622610,PNJ
2020-02-13 07:00:00,35.78,36.0,35.52,35.78,384700,PNJ
2020-02-14 07:00:00,35.78,35.91,35.65,35.87,297190,PNJ
2020-02-17 07:00:00,35.78,36.0,35.65,35.74,343220,PNJ
2020-02-18 07:00:00,35.82,36.56,35.74,36.3,659890,PNJ
2020-02-19 07:00:00,36.3,37.08,36.3,37.08,692450,PNJ
2020-02-20 07:00:00,37.47,37.47,36.74,36.99,439930,PNJ
2020-02-21 07:00:00,36.95,37.08,36.21,36.34,682030,PNJ
2020-02-24 07:00:00,35.61,35.87,35.22,35.22,1114770,PNJ
2020-02-25 07:00:00,35.13,36.0,35.13,36.0,775410,PNJ
2020-02-26 07:00:00,35.56,36.34,35.13,36.0,602240,PNJ
2020-02-27 07:00:00,36.0,36.26,35.91,36.21,355500,PNJ
2020-02-28 07:00:00,35.56,35.78,35.39,35.43,455890,PNJ
2020-03-02 07:00:00,35.43,35.74,35.3,35.39,450120,PNJ
2020-03-03 07:00:00,35.82,35.82,35.39,35.56,390160,PNJ
2020-03-04 07:00:00,35.48,35.65,35.39,35.65,263230,PNJ
2020-03-05 07:00:00,35.82,35.87,35.43,35.43,318450,PNJ
2020-03-06 07:00:00,35.35,35.43,34.78,35.0,582160,PNJ
2020-03-09 07:00:00,32.61,33.83,32.57,32.57,1114330,PNJ
2020-03-10 07:00:00,30.79,32.66,30.79,31.96,653470,PNJ
2020-03-11 07:00:00,32.31,32.31,29.75,29.75,1210390,PNJ
2020-03-12 07:00:00,27.67,27.76,27.67,27.67,516330,PNJ
2020-03-13 07:00:00,25.76,27.19,25.76,26.72,1549920,PNJ
2020-03-16 07:00:00,26.24,26.24,24.85,24.85,903300,PNJ
2020-03-17 07:00:00,23.12,24.72,23.12,24.72,1240480,PNJ
2020-03-18 07:00:00,24.72,25.37,24.72,24.89,777380,PNJ
2020-03-19 07:00:00,24.5,24.5,23.42,23.59,467220,PNJ
2020-03-20 07:00:00,23.42,23.9,23.16,23.85,808070,PNJ
2020-03-23 07:00:00,22.99,22.99,22.21,22.21,931290,PNJ
2020-03-24 07:00:00,22.34,22.77,21.82,22.29,824750,PNJ
2020-03-25 07:00:00,23.38,23.81,22.99,23.81,1192820,PNJ
2020-03-26 07:00:00,23.85,24.46,23.33,23.33,1095970,PNJ
2020-03-27 07:00:00,23.46,23.64,22.16,22.51,936120,PNJ
2020-03-30 07:00:00,20.95,21.68,20.95,20.95,1030090,PNJ
2020-03-31 07:00:00,20.95,21.6,19.52,20.34,595870,PNJ
2020-04-01 07:00:00,19.99,21.76,19.99,21.54,545620,PNJ
2020-04-03 07:00:00,21.94,23.04,21.8,23.0,873070,PNJ
2020-04-06 07:00:00,24.2,24.6,23.53,24.6,1275440,PNJ
2020-04-07 07:00:00,24.82,25.39,24.37,25.26,1214990,PNJ
2020-04-08 07:00:00,24.06,25.04,24.06,24.9,833930,PNJ
2020-04-09 07:00:00,24.9,26.54,24.9,25.7,1080630,PNJ
2020-04-10 07:00:00,25.7,26.06,24.86,25.52,847960,PNJ
2020-04-13 07:00:00,25.52,26.32,25.13,25.52,820650,PNJ
2020-04-14 07:00:00,25.88,25.88,25.04,25.48,740380,PNJ
2020-04-15 07:00:00,25.61,26.32,25.61,26.24,797850,PNJ
2020-04-16 07:00:00,26.06,26.37,25.48,26.15,621760,PNJ
2020-04-17 07:00:00,26.5,26.81,26.32,26.46,1193570,PNJ
2020-04-20 07:00:00,27.03,27.12,26.37,26.68,1223870,PNJ
2020-04-21 07:00:00,26.37,26.68,25.22,25.66,1314890,PNJ
2020-04-22 07:00:00,24.9,26.1,24.9,26.06,873320,PNJ
2020-04-23 07:00:00,26.81,26.86,26.15,26.32,634070,PNJ
2020-04-24 07:00:00,26.41,26.46,26.19,26.37,434140,PNJ
2020-04-27 07:00:00,26.59,26.68,25.7,25.7,932470,PNJ
2020-04-28 07:00:00,25.7,25.88,25.26,25.35,716420,PNJ
2020-04-29 07:00:00,25.22,25.44,25.13,25.22,890670,PNJ
2020-05-04 07:00:00,25.17,25.7,24.9,25.04,274490,PNJ
2020-05-05 07:00:00,25.17,25.3,24.68,24.82,786060,PNJ
2020-05-06 07:00:00,24.82,25.17,24.82,25.04,932630,PNJ
2020-05-07 07:00:00,25.26,25.52,25.17,25.48,823310,PNJ
2020-05-08 07:00:00,25.7,26.37,25.66,25.79,1518960,PNJ
2020-05-11 07:00:00,26.46,26.54,25.84,26.46,1231840,PNJ
2020-05-12 07:00:00,26.46,28.27,26.01,28.27,2362950,PNJ
2020-05-13 07:00:00,28.36,29.03,27.48,28.76,1460490,PNJ
2020-05-14 07:00:00,28.27,28.76,28.05,28.18,1021220,PNJ
2020-05-15 07:00:00,28.27,28.32,27.25,27.48,1381060,PNJ
2020-05-18 07:00:00,27.39,28.36,27.25,28.14,785810,PNJ
2020-05-19 07:00:00,28.5,28.94,28.14,28.5,1052410,PNJ
2020-05-20 07:00:00,28.18,28.54,28.1,28.36,691470,PNJ
2020-05-21 07:00:00,28.18,28.36,27.92,28.36,1380800,PNJ
2020-05-22 07:00:00,28.18,28.23,27.83,28.01,801200,PNJ
2020-05-25 07:00:00,28.14,28.5,28.14,28.36,709350,PNJ
2020-05-26 07:00:00,28.54,28.72,28.32,28.45,1048050,PNJ
2020-05-27 07:00:00,28.58,28.8,27.92,27.92,1268400,PNJ
2020-05-28 07:00:00,27.7,27.96,27.56,27.79,796350,PNJ
2020-05-29 07:00:00,27.7,28.36,27.52,27.96,764030,PNJ
2020-06-01 07:00:00,28.1,28.5,28.05,28.32,704970,PNJ
2020-06-02 07:00:00,28.36,28.36,28.01,28.01,570230,PNJ
2020-06-03 07:00:00,28.05,28.27,27.96,28.1,454850,PNJ
2020-06-04 07:00:00,28.27,28.36,28.1,28.23,790280,PNJ
2020-06-05 07:00:00,28.18,28.23,28.1,28.23,540200,PNJ
2020-06-08 07:00:00,28.41,29.34,28.41,29.29,2208530,PNJ
2020-06-09 07:00:00,29.51,29.56,28.72,29.03,741240,PNJ
2020-06-10 07:00:00,29.03,29.07,28.36,28.8,808850,PNJ
2020-06-11 07:00:00,28.63,28.8,26.81,26.81,2000670,PNJ
2020-06-12 07:00:00,25.26,26.59,25.26,26.37,1285680,PNJ
2020-06-15 07:00:00,26.41,26.5,25.26,25.35,832010,PNJ
2020-06-16 07:00:00,26.06,26.06,25.48,26.06,561700,PNJ
2020-06-17 07:00:00,26.06,26.15,25.75,25.84,297630,PNJ
2020-06-18 07:00:00,25.7,25.79,25.44,25.79,300710,PNJ
2020-06-19 07:00:00,25.75,26.24,25.75,26.19,403300,PNJ
2020-06-22 07:00:00,26.32,26.41,26.06,26.19,450920,PNJ
2020-06-23 07:00:00,26.37,26.81,26.19,26.5,693580,PNJ
2020-06-24 07:00:00,27.03,27.03,26.41,26.77,378710,PNJ
2020-06-25 07:00:00,26.15,26.59,26.15,26.41,322620,PNJ
2020-06-26 07:00:00,26.77,26.77,26.15,26.41,275900,PNJ
2020-06-29 07:00:00,26.15,26.15,25.26,25.48,611900,PNJ
2020-06-30 07:00:00,25.52,25.84,24.99,25.44,372480,PNJ
2020-07-01 07:00:00,25.44,26.24,25.44,25.97,249490,PNJ
2020-07-02 07:00:00,25.92,26.15,25.7,26.01,209080,PNJ
2020-07-03 07:00:00,26.01,26.1,25.97,25.97,249650,PNJ
2020-07-06 07:00:00,26.19,26.5,26.06,26.37,408770,PNJ
2020-07-07 07:00:00,26.59,26.59,26.32,26.32,375160,PNJ
2020-07-08 07:00:00,26.32,26.37,26.15,26.24,278600,PNJ
2020-07-09 07:00:00,26.41,26.9,26.28,26.86,786280,PNJ
2020-07-10 07:00:00,26.63,26.81,26.41,26.54,305070,PNJ
2020-07-13 07:00:00,26.59,26.77,26.28,26.28,288510,PNJ
2020-07-14 07:00:00,26.19,26.32,25.97,26.28,325390,PNJ
2020-07-15 07:00:00,26.54,26.77,26.46,26.68,490010,PNJ
2020-07-16 07:00:00,26.81,26.81,26.46,26.81,339840,PNJ
2020-07-17 07:00:00,26.72,26.77,26.59,26.77,308760,PNJ
2020-07-20 07:00:00,26.72,26.77,26.32,26.32,353660,PNJ
2020-07-21 07:00:00,26.5,26.5,26.15,26.32,212580,PNJ
2020-07-22 07:00:00,26.32,26.32,25.92,25.97,456500,PNJ
2020-07-23 07:00:00,25.97,26.37,25.97,26.15,327350,PNJ
2020-07-24 07:00:00,26.15,26.15,24.33,24.82,921350,PNJ
2020-07-27 07:00:00,23.26,23.93,23.09,23.09,970710,PNJ
2020-07-28 07:00:00,23.09,23.97,23.04,23.93,779540,PNJ
2020-07-29 07:00:00,23.26,23.26,22.29,22.82,1011340,PNJ
2020-07-30 07:00:00,22.82,23.09,22.73,22.82,338980,PNJ
2020-07-31 07:00:00,22.16,22.91,22.07,22.87,440450,PNJ
2020-08-03 07:00:00,23.26,23.49,22.87,23.4,579260,PNJ
2020-08-04 07:00:00,23.71,23.93,23.49,23.71,381250,PNJ
2020-08-05 07:00:00,23.71,24.37,23.53,24.33,418820,PNJ
2020-08-06 07:00:00,24.55,24.99,24.28,24.64,605910,PNJ
2020-08-07 07:00:00,24.64,24.99,24.42,24.46,399080,PNJ
2020-08-10 07:00:00,24.73,24.82,24.46,24.51,348770,PNJ
2020-08-11 07:00:00,24.51,24.6,24.2,24.42,390200,PNJ
2020-08-12 07:00:00,24.24,24.37,24.06,24.2,431140,PNJ
2020-08-13 07:00:00,24.33,24.82,24.28,24.82,566750,PNJ
2020-08-14 07:00:00,24.82,25.39,24.73,25.04,581400,PNJ
2020-08-17 07:00:00,24.99,25.04,24.55,24.77,303530,PNJ
2020-08-18 07:00:00,24.77,24.86,24.37,24.51,418780,PNJ
2020-08-19 07:00:00,24.42,24.82,24.42,24.64,663300,PNJ
2020-08-20 07:00:00,24.68,24.9,24.37,24.64,668690,PNJ
2020-08-21 07:00:00,24.82,25.04,24.73,24.95,842610,PNJ
2020-08-24 07:00:00,25.7,26.06,25.44,25.97,1374000,PNJ
2020-08-25 07:00:00,26.15,26.46,26.06,26.46,1147730,PNJ
2020-08-26 07:00:00,26.41,26.5,25.97,26.15,601340,PNJ
2020-08-27 07:00:00,25.92,26.15,25.88,26.06,605350,PNJ
2020-08-28 07:00:00,26.37,27.39,26.19,26.94,1224030,PNJ
2020-08-31 07:00:00,26.94,27.3,26.59,26.59,638480,PNJ
2020-09-01 07:00:00,26.77,27.08,26.5,27.03,611550,PNJ
2020-09-03 07:00:00,27.16,27.25,26.72,27.21,694700,PNJ
2020-09-04 07:00:00,26.63,26.94,26.59,26.86,727010,PNJ
2020-09-07 07:00:00,26.9,27.03,26.1,26.1,890940,PNJ
2020-09-08 07:00:00,26.15,26.5,25.84,26.5,510730,PNJ
2020-09-09 07:00:00,26.15,26.41,26.06,26.37,348460,PNJ
2020-09-10 07:00:00,26.41,26.59,26.37,26.5,294680,PNJ
2020-09-11 07:00:00,26.41,26.41,26.15,26.37,349420,PNJ
2020-09-14 07:00:00,26.59,26.59,26.41,26.59,504820,PNJ
2020-09-15 07:00:00,26.59,26.72,26.46,26.54,313000,PNJ
2020-09-16 07:00:00,26.94,27.03,26.68,26.9,634810,PNJ
2020-09-17 07:00:00,26.99,27.03,26.5,26.5,393600,PNJ
2020-09-18 07:00:00,26.5,26.77,26.5,26.77,268900,PNJ
2020-09-21 07:00:00,26.77,27.3,26.77,27.03,907790,PNJ
2020-09-22 07:00:00,27.03,27.08,26.77,26.99,594930,PNJ
2020-09-23 07:00:00,26.94,28.1,26.9,28.1,2082610,PNJ
2020-09-24 07:00:00,27.83,28.05,27.56,27.61,594470,PNJ
2020-09-25 07:00:00,27.7,27.83,27.34,27.48,560390,PNJ
2020-09-28 07:00:00,27.48,27.52,27.3,27.48,635190,PNJ
2020-09-29 07:00:00,27.7,27.74,26.94,26.94,996730,PNJ
2020-09-30 07:00:00,27.03,27.16,26.86,26.99,458470,PNJ
2020-10-01 07:00:00,27.08,27.34,27.08,27.34,488320,PNJ
2020-10-02 07:00:00,27.39,27.48,25.44,27.03,1002960,PNJ
2020-10-05 07:00:00,27.03,27.25,26.94,27.12,479610,PNJ
2020-10-06 07:00:00,27.39,27.39,26.99,27.08,464940,PNJ
2020-10-07 07:00:00,26.99,27.21,26.9,27.08,645490,PNJ
2020-10-08 07:00:00,27.12,27.96,27.08,27.83,1514000,PNJ
2020-10-09 07:00:00,27.92,28.41,27.56,28.01,822790,PNJ
2020-10-12 07:00:00,28.1,28.27,27.39,27.48,552410,PNJ
2020-10-13 07:00:00,27.48,27.74,27.48,27.7,547290,PNJ
2020-10-14 07:00:00,27.65,28.14,27.52,27.87,663960,PNJ
2020-10-15 07:00:00,28.01,28.85,28.01,28.8,1908730,PNJ
2020-10-16 07:00:00,28.8,30.49,28.36,30.18,1804530,PNJ
2020-10-19 07:00:00,30.49,30.71,29.78,29.91,849020,PNJ
2020-10-20 07:00:00,29.82,29.87,29.38,29.69,997580,PNJ
2020-10-21 07:00:00,29.69,30.31,29.56,29.69,871370,PNJ
2020-10-22 07:00:00,29.78,30.22,29.42,30.22,836480,PNJ
2020-10-23 07:00:00,30.36,30.49,30.0,30.13,1027180,PNJ
2020-10-26 07:00:00,30.44,31.46,30.18,30.58,1797850,PNJ
2020-10-27 07:00:00,30.8,31.02,30.44,30.76,1082800,PNJ
2020-10-28 07:00:00,30.62,30.93,29.25,29.25,1433230,PNJ
2020-10-29 07:00:00,29.25,30.22,28.98,29.6,1616230,PNJ
2020-10-30 07:00:00,29.91,30.8,29.51,30.8,1141590,PNJ
2020-11-02 07:00:00,30.98,32.04,30.8,31.68,1565570,PNJ
2020-11-03 07:00:00,32.26,32.26,31.29,31.46,1068050,PNJ
2020-11-04 07:00:00,31.46,32.0,31.29,31.77,941660,PNJ
2020-11-05 07:00:00,32.35,32.53,31.86,32.17,1297760,PNJ
2020-11-06 07:00:00,32.57,33.24,32.39,32.48,1668190,PNJ
2020-11-09 07:00:00,33.02,33.19,32.35,32.79,1506110,PNJ
2020-11-10 07:00:00,32.7,32.79,32.35,32.35,1116100,PNJ
2020-11-11 07:00:00,32.35,32.39,31.73,31.86,1709780,PNJ
2020-11-12 07:00:00,31.86,32.62,31.68,32.62,889610,PNJ
2020-11-13 07:00:00,32.57,33.02,32.57,32.7,631180,PNJ
2020-11-16 07:00:00,32.75,32.84,31.95,31.95,1409570,PNJ
2020-11-17 07:00:00,32.35,32.79,32.08,32.79,887650,PNJ
2020-11-18 07:00:00,32.66,32.79,32.39,32.57,780440,PNJ
2020-11-19 07:00:00,33.02,33.02,32.57,32.79,1323020,PNJ
2020-11-20 07:00:00,32.79,32.84,32.53,32.62,646460,PNJ
2020-11-23 07:00:00,32.79,34.03,32.53,33.99,1959950,PNJ
2020-11-24 07:00:00,34.12,34.17,32.79,33.64,1122210,PNJ
2020-11-25 07:00:00,34.34,34.34,33.64,33.77,1091650,PNJ
2020-11-26 07:00:00,33.64,33.9,33.24,33.77,816530,PNJ
2020-11-27 07:00:00,33.77,34.97,33.68,34.92,1255000,PNJ
2020-11-30 07:00:00,35.36,35.36,34.52,34.52,1194810,PNJ
2020-12-01 07:00:00,34.12,34.57,33.94,34.57,890610,PNJ
2020-12-02 07:00:00,34.57,34.57,33.94,34.12,1002760,PNJ
2020-12-03 07:00:00,34.12,34.34,33.68,34.34,942980,PNJ
2020-12-04 07:00:00,34.34,34.79,34.3,34.79,904440,PNJ
2020-12-07 07:00:00,34.65,35.23,34.48,34.79,594550,PNJ
2020-12-08 07:00:00,34.97,35.15,34.83,35.06,727940,PNJ
2020-12-09 07:00:00,35.06,35.23,34.83,35.01,566430,PNJ
2020-12-10 07:00:00,35.06,35.19,32.6,32.6,964410,PNJ
2020-12-11 07:00:00,33.94,34.83,33.94,34.56,1089180,PNJ
2020-12-14 07:00:00,34.61,34.83,34.61,34.65,533210,PNJ
2020-12-15 07:00:00,34.79,35.28,34.03,34.43,867800,PNJ
2020-12-16 07:00:00,34.48,34.65,34.38,34.65,636190,PNJ
2020-12-17 07:00:00,34.16,34.61,33.49,33.85,1289500,PNJ
2020-12-18 07:00:00,33.85,34.61,33.85,34.52,582740,PNJ
2020-12-21 07:00:00,34.52,34.56,34.16,34.52,676290,PNJ
2020-12-22 07:00:00,34.74,35.15,34.38,34.97,957080,PNJ
2020-12-23 07:00:00,35.01,35.23,34.83,34.83,505640,PNJ
2020-12-24 07:00:00,34.83,34.83,33.94,34.34,497430,PNJ
2020-12-25 07:00:00,34.16,34.7,34.03,34.7,571620,PNJ
2020-12-28 07:00:00,35.06,35.06,34.52,34.74,735450,PNJ
2020-12-29 07:00:00,34.83,35.19,34.56,35.06,1003660,PNJ
2020-12-30 07:00:00,35.28,36.31,35.28,35.9,1345200,PNJ
2020-12-31 07:00:00,36.04,36.26,35.9,36.17,681980,PNJ
2021-01-04 07:00:00,36.4,36.66,35.99,36.48,743400,PNJ
2021-01-05 07:00:00,36.17,36.53,35.99,36.31,534700,PNJ
2021-01-06 07:00:00,36.62,36.71,36.17,36.26,721900,PNJ
2021-01-07 07:00:00,36.26,36.44,36.08,36.44,582700,PNJ
2021-01-08 07:00:00,36.62,37.06,36.08,36.8,554000,PNJ
2021-01-11 07:00:00,37.06,37.06,36.71,36.93,579000,PNJ
2021-01-12 07:00:00,37.02,37.06,36.71,37.02,561700,PNJ
2021-01-13 07:00:00,37.29,37.42,36.93,36.93,448100,PNJ
2021-01-14 07:00:00,37.29,37.29,36.53,36.66,476100,PNJ
2021-01-15 07:00:00,36.66,37.06,36.66,36.84,530900,PNJ
2021-01-18 07:00:00,37.74,37.74,37.06,37.47,641400,PNJ
2021-01-19 07:00:00,37.2,37.33,34.88,35.28,857500,PNJ
2021-01-20 07:00:00,35.28,36.04,34.83,35.95,978200,PNJ
2021-01-21 07:00:00,36.17,37.02,35.95,36.8,419300,PNJ
2021-01-22 07:00:00,37.06,37.96,36.93,37.51,716000,PNJ
2021-01-25 07:00:00,37.78,38.85,37.51,38.85,1264300,PNJ
2021-01-26 07:00:00,38.85,38.85,37.56,37.96,595600,PNJ
2021-01-27 07:00:00,37.96,38.63,35.32,37.29,663300,PNJ
2021-01-28 07:00:00,34.83,36.17,34.7,34.7,1106100,PNJ
2021-01-29 07:00:00,33.49,37.11,33.49,37.11,901800,PNJ
2021-02-01 07:00:00,36.62,37.02,34.83,35.19,600700,PNJ
2021-02-02 07:00:00,34.83,36.57,34.74,36.4,599800,PNJ
2021-02-03 07:00:00,37.29,37.29,36.35,37.02,639700,PNJ
2021-02-04 07:00:00,36.98,37.02,36.17,37.02,649600,PNJ
2021-02-05 07:00:00,37.02,37.51,36.57,37.47,620600,PNJ
2021-02-08 07:00:00,37.47,37.51,35.72,36.13,644100,PNJ
2021-02-09 07:00:00,36.84,37.42,35.72,37.33,522600,PNJ
2021-02-17 07:00:00,37.51,38.85,37.33,38.63,837600,PNJ
2021-02-18 07:00:00,38.85,39.07,38.23,39.07,869200,PNJ
2021-02-19 07:00:00,38.85,39.07,38.4,38.81,459900,PNJ
2021-02-22 07:00:00,38.4,38.63,37.87,38.0,665700,PNJ
2021-02-23 07:00:00,37.96,37.96,37.11,37.29,1045500,PNJ
2021-02-24 07:00:00,37.29,37.69,36.71,36.98,562400,PNJ
2021-02-25 07:00:00,37.06,37.51,36.98,37.51,427100,PNJ
2021-02-26 07:00:00,37.91,38.0,37.29,37.91,579400,PNJ
2021-03-01 07:00:00,38.4,38.4,37.56,37.82,482000,PNJ
2021-03-02 07:00:00,37.96,37.96,37.42,37.51,317600,PNJ
2021-03-03 07:00:00,37.96,38.05,37.69,37.78,526100,PNJ
2021-03-04 07:00:00,38.4,38.4,37.06,37.42,371100,PNJ
2021-03-05 07:00:00,37.02,37.51,36.84,37.42,290000,PNJ
2021-03-08 07:00:00,37.42,37.51,37.06,37.33,352200,PNJ
2021-03-09 07:00:00,37.11,37.33,36.93,37.29,287000,PNJ
2021-03-10 07:00:00,37.47,37.6,37.06,37.33,291600,PNJ
2021-03-11 07:00:00,37.74,37.74,37.33,37.51,232300,PNJ
2021-03-12 07:00:00,37.6,37.74,37.33,37.33,196400,PNJ
2021-03-15 07:00:00,38.1,38.1,37.74,37.92,513900,PNJ
2021-03-16 07:00:00,37.83,37.92,37.51,37.65,259300,PNJ
2021-03-17 07:00:00,37.83,37.83,37.56,37.69,221900,PNJ
2021-03-18 07:00:00,37.74,38.28,37.69,38.28,335000,PNJ
2021-03-19 07:00:00,37.87,38.24,37.87,38.14,347500,PNJ
2021-03-22 07:00:00,38.14,38.19,37.83,37.96,357800,PNJ
2021-03-23 07:00:00,37.96,38.33,37.65,37.96,223900,PNJ
2021-03-24 07:00:00,38.01,39.0,37.74,37.92,654300,PNJ
2021-03-25 07:00:00,38.55,38.6,37.78,38.33,447600,PNJ
2021-03-26 07:00:00,37.83,38.42,36.07,38.28,363400,PNJ
2021-03-29 07:00:00,38.33,38.55,38.01,38.33,457100,PNJ
2021-03-30 07:00:00,39.23,39.23,35.66,38.1,432800,PNJ
2021-03-31 07:00:00,38.1,38.1,37.78,38.1,224300,PNJ
2021-04-01 07:00:00,38.1,38.73,37.87,38.55,532400,PNJ
2021-04-02 07:00:00,38.78,40.44,38.78,39.99,1072800,PNJ
2021-04-05 07:00:00,39.9,40.35,39.9,40.04,511800,PNJ
2021-04-06 07:00:00,40.04,40.35,39.86,40.13,488400,PNJ
2021-04-07 07:00:00,39.72,40.13,39.59,39.9,385300,PNJ
2021-04-08 07:00:00,39.81,39.9,39.23,39.9,390800,PNJ
2021-04-09 07:00:00,39.72,40.8,39.68,40.71,671200,PNJ
2021-04-12 07:00:00,40.8,41.71,40.8,41.39,669100,PNJ
2021-04-13 07:00:00,41.35,41.57,40.58,40.9,539000,PNJ
2021-04-14 07:00:00,40.67,41.26,40.13,41.26,490700,PNJ
2021-04-15 07:00:00,41.71,42.74,41.26,41.48,735800,PNJ
2021-04-16 07:00:00,41.26,42.11,39.63,40.98,709200,PNJ
2021-04-19 07:00:00,41.48,42.61,41.3,42.38,1391000,PNJ
2021-04-20 07:00:00,42.43,42.83,41.93,42.56,688900,PNJ
2021-04-22 07:00:00,42.38,42.52,42.07,42.34,709100,PNJ
2021-04-23 07:00:00,42.34,43.64,41.26,43.28,1338900,PNJ
2021-04-26 07:00:00,43.28,43.28,42.16,42.83,547300,PNJ
2021-04-27 07:00:00,41.48,43.28,41.48,43.28,514700,PNJ
2021-04-28 07:00:00,42.2,43.28,42.11,43.15,584300,PNJ
2021-04-29 07:00:00,43.24,44.19,42.83,44.19,1222000,PNJ
2021-05-04 07:00:00,43.33,43.96,42.92,42.92,279900,PNJ
2021-05-05 07:00:00,43.74,44.19,43.38,43.74,560400,PNJ
2021-05-06 07:00:00,44.19,44.19,43.28,43.28,502100,PNJ
2021-05-07 07:00:00,43.28,43.51,42.38,43.06,631500,PNJ
2021-05-10 07:00:00,43.06,43.06,42.2,42.2,391400,PNJ
2021-05-11 07:00:00,42.83,43.24,42.38,42.38,371800,PNJ
2021-05-12 07:00:00,42.74,43.24,42.38,43.19,209600,PNJ
2021-05-13 07:00:00,43.24,43.64,42.52,42.52,335200,PNJ
2021-05-14 07:00:00,42.43,43.06,42.2,42.47,306500,PNJ
2021-05-17 07:00:00,43.19,43.19,42.38,42.38,203900,PNJ
2021-05-18 07:00:00,42.79,42.79,42.16,42.16,261800,PNJ
2021-05-19 07:00:00,42.02,42.38,41.8,42.16,250700,PNJ
2021-05-20 07:00:00,42.38,44.86,42.38,44.77,1024700,PNJ
2021-05-21 07:00:00,44.64,47.3,44.46,45.9,701400,PNJ
2021-05-24 07:00:00,46.44,46.89,45.76,45.94,416200,PNJ
2021-05-25 07:00:00,45.58,46.89,45.18,45.94,604800,PNJ
2021-05-26 07:00:00,46.76,46.76,45.45,45.9,664600,PNJ
2021-05-27 07:00:00,46.44,46.44,45.54,45.81,349700,PNJ
2021-05-28 07:00:00,45.45,46.44,45.45,45.54,439500,PNJ
2021-05-31 07:00:00,46.17,46.22,45.09,45.49,431700,PNJ
2021-06-01 07:00:00,45.36,45.54,45.09,45.31,353200,PNJ
2021-06-02 07:00:00,45.09,46.62,45.04,45.31,660200,PNJ
2021-06-03 07:00:00,46.4,46.4,45.36,45.63,376800,PNJ
2021-06-04 07:00:00,45.27,45.63,45.27,45.36,333700,PNJ
2021-06-07 07:00:00,45.54,45.94,44.64,44.91,446700,PNJ
2021-06-08 07:00:00,45.31,45.31,43.28,43.28,550300,PNJ
2021-06-09 07:00:00,43.19,43.51,42.74,43.19,432400,PNJ
2021-06-10 07:00:00,44.1,44.1,42.83,43.19,287100,PNJ
2021-06-11 07:00:00,42.88,44.41,42.88,43.69,325900,PNJ
2021-06-14 07:00:00,44.19,44.23,43.74,43.74,350500,PNJ
2021-06-15 07:00:00,43.51,43.92,43.28,43.28,382100,PNJ
2021-06-16 07:00:00,43.28,43.56,42.83,42.88,481800,PNJ
2021-06-17 07:00:00,42.83,43.38,42.65,43.06,367500,PNJ
2021-06-18 07:00:00,44.55,44.55,43.28,44.19,320300,PNJ
2021-06-21 07:00:00,44.64,44.64,43.64,44.23,392900,PNJ
2021-06-22 07:00:00,44.64,44.86,44.28,44.41,280200,PNJ
2021-06-23 07:00:00,44.77,44.77,44.37,44.55,217000,PNJ
2021-06-24 07:00:00,44.55,44.77,44.23,44.23,177500,PNJ
2021-06-25 07:00:00,44.19,44.32,43.74,43.92,219200,PNJ
2021-06-28 07:00:00,43.82,44.28,43.82,44.23,248600,PNJ
2021-06-29 07:00:00,44.23,44.64,44.23,44.46,300500,PNJ
2021-06-30 07:00:00,44.64,45.54,44.5,45.13,638800,PNJ
2021-07-01 07:00:00,45.4,45.63,44.86,45.18,342600,PNJ
2021-07-02 07:00:00,45.18,45.18,44.64,44.86,434500,PNJ
2021-07-05 07:00:00,45.76,45.76,44.55,44.77,842600,PNJ
2021-07-06 07:00:00,44.77,46.44,44.77,44.91,1245800,PNJ
2021-07-07 07:00:00,45.09,48.02,44.91,48.02,1799000,PNJ
2021-07-08 07:00:00,48.7,48.7,47.25,47.61,867100,PNJ
2021-07-09 07:00:00,46.94,49.19,46.76,47.57,1061200,PNJ
2021-07-12 07:00:00,47.34,48.47,44.28,46.04,1715000,PNJ
2021-07-13 07:00:00,46.67,46.67,44.46,44.73,532000,PNJ
2021-07-14 07:00:00,46.22,46.22,43.28,43.28,792000,PNJ
2021-07-15 07:00:00,43.28,43.56,42.38,42.88,1042500,PNJ
2021-07-16 07:00:00,43.28,43.51,42.92,43.28,488900,PNJ
2021-07-19 07:00:00,42.83,43.51,41.3,41.3,911700,PNJ
2021-07-20 07:00:00,41.71,41.8,39.63,41.48,784300,PNJ
2021-07-21 07:00:00,41.03,41.48,40.58,41.12,532600,PNJ
2021-07-22 07:00:00,41.03,42.74,40.9,41.98,416200,PNJ
2021-07-23 07:00:00,42.34,42.38,41.03,41.03,584600,PNJ
2021-07-26 07:00:00,40.98,41.48,40.53,40.9,536800,PNJ
2021-07-27 07:00:00,41.44,41.84,40.58,40.62,930600,PNJ
2021-07-28 07:00:00,40.62,41.03,40.53,40.62,395900,PNJ
2021-07-29 07:00:00,41.89,41.93,40.67,41.93,732800,PNJ
2021-07-30 07:00:00,41.75,43.19,41.71,43.19,997800,PNJ
2021-08-02 07:00:00,43.15,43.24,42.25,43.1,537200,PNJ
2021-08-03 07:00:00,43.51,43.51,42.79,43.51,516900,PNJ
2021-08-04 07:00:00,44.1,44.1,43.15,43.51,424700,PNJ
2021-08-05 07:00:00,43.33,43.51,42.83,43.19,348000,PNJ
2021-08-06 07:00:00,43.01,43.56,42.88,43.38,391600,PNJ
2021-08-09 07:00:00,43.96,43.96,43.24,43.51,421500,PNJ
2021-08-10 07:00:00,43.42,43.64,43.06,43.19,439800,PNJ
2021-08-11 07:00:00,43.19,43.42,42.97,43.01,350800,PNJ
2021-08-12 07:00:00,43.24,43.24,42.52,42.61,444400,PNJ
2021-08-13 07:00:00,42.83,42.83,41.93,42.61,524800,PNJ
2021-08-16 07:00:00,42.61,42.83,42.38,42.61,448900,PNJ
2021-08-17 07:00:00,42.74,43.24,42.56,43.06,316000,PNJ
2021-08-18 07:00:00,43.24,43.24,42.65,42.7,513700,PNJ
2021-08-19 07:00:00,42.83,43.28,42.38,42.38,838300,PNJ
2021-08-20 07:00:00,42.38,42.83,40.98,41.26,416800,PNJ
2021-08-23 07:00:00,40.17,41.03,39.9,39.9,841400,PNJ
2021-08-24 07:00:00,40.04,40.44,39.77,39.81,478500,PNJ
2021-08-25 07:00:00,39.9,40.35,39.72,40.13,306200,PNJ
2021-08-26 07:00:00,40.13,40.58,38.87,38.87,591200,PNJ
2021-08-27 07:00:00,38.91,39.72,38.33,38.68,1105000,PNJ
2021-08-30 07:00:00,38.78,39.23,38.64,38.96,781900,PNJ
2021-08-31 07:00:00,38.96,39.0,38.73,38.78,530000,PNJ
2021-09-01 07:00:00,38.55,38.73,38.28,38.46,1049200,PNJ
2021-09-06 07:00:00,38.91,39.14,38.55,39.0,723200,PNJ
2021-09-07 07:00:00,39.27,39.32,38.78,38.87,1039200,PNJ
2021-09-08 07:00:00,38.87,38.91,38.68,38.87,665700,PNJ
2021-09-09 07:00:00,38.55,40.8,38.55,40.8,1258600,PNJ
2021-09-10 07:00:00,40.85,42.38,40.58,42.38,1067200,PNJ
2021-09-13 07:00:00,41.93,42.38,41.12,41.48,481000,PNJ
2021-09-14 07:00:00,41.44,41.48,40.13,40.13,840700,PNJ
2021-09-15 07:00:00,39.9,41.44,39.9,41.44,540600,PNJ
2021-09-16 07:00:00,41.21,41.93,41.03,41.93,642200,PNJ
2021-09-17 07:00:00,41.93,41.93,41.12,41.71,346700,PNJ
2021-09-20 07:00:00,41.48,41.48,40.9,41.03,440100,PNJ
2021-09-21 07:00:00,40.44,41.03,40.22,40.62,494900,PNJ
2021-09-22 07:00:00,40.85,41.98,40.35,41.98,688300,PNJ
2021-09-23 07:00:00,41.98,41.98,41.48,41.57,371100,PNJ
2021-09-24 07:00:00,41.57,41.57,41.21,41.48,295800,PNJ
2021-09-27 07:00:00,41.3,42.16,40.94,41.03,461100,PNJ
2021-09-28 07:00:00,41.03,41.93,40.85,41.93,771500,PNJ
2021-09-29 07:00:00,41.57,42.07,41.57,42.07,365700,PNJ
2021-09-30 07:00:00,41.98,44.5,41.93,44.5,1788800,PNJ
2021-10-01 07:00:00,43.74,44.86,43.74,44.64,610700,PNJ
2021-10-04 07:00:00,44.64,45.09,43.74,44.55,434000,PNJ
2021-10-05 07:00:00,43.87,44.19,43.42,43.74,548000,PNJ
2021-10-06 07:00:00,43.74,44.37,43.1,44.23,381000,PNJ
2021-10-07 07:00:00,44.23,44.64,43.74,43.74,414300,PNJ
2021-10-08 07:00:00,43.92,44.86,43.51,44.86,647900,PNJ
2021-10-11 07:00:00,45.09,45.99,44.5,45.99,731100,PNJ
2021-10-12 07:00:00,45.81,45.99,45.09,45.09,399200,PNJ
2021-10-13 07:00:00,45.49,46.04,44.86,45.54,469200,PNJ
2021-10-14 07:00:00,45.13,45.99,45.13,45.54,583400,PNJ
2021-10-15 07:00:00,45.49,45.72,45.27,45.31,514800,PNJ
2021-10-18 07:00:00,45.13,45.54,44.19,44.64,797900,PNJ
2021-10-19 07:00:00,44.64,44.82,44.19,44.19,540900,PNJ
2021-10-20 07:00:00,44.41,45.04,43.82,44.64,809900,PNJ
2021-10-21 07:00:00,45.54,45.54,44.14,44.19,650000,PNJ
2021-10-22 07:00:00,44.59,44.64,44.01,44.64,285500,PNJ
2021-10-25 07:00:00,44.41,45.31,44.28,44.68,407700,PNJ
2021-10-26 07:00:00,44.46,45.04,44.19,44.32,536500,PNJ
2021-10-27 07:00:00,44.32,45.99,44.32,45.94,850400,PNJ
2021-10-28 07:00:00,45.99,46.44,45.54,45.81,628200,PNJ
2021-10-29 07:00:00,45.63,47.3,45.49,46.89,1676200,PNJ
2021-11-01 07:00:00,46.89,47.16,45.54,45.58,679600,PNJ
2021-11-02 07:00:00,45.94,47.34,45.45,47.34,509200,PNJ
2021-11-03 07:00:00,46.85,47.25,45.9,47.12,938700,PNJ
2021-11-04 07:00:00,47.25,47.34,45.99,46.89,672700,PNJ
2021-11-05 07:00:00,46.89,48.7,45.9,48.7,926500,PNJ
2021-11-08 07:00:00,48.52,49.1,48.15,48.7,422300,PNJ
2021-11-09 07:00:00,48.7,48.83,47.57,47.79,719600,PNJ
2021-11-10 07:00:00,47.61,48.06,45.09,46.44,690000,PNJ
2021-11-11 07:00:00,47.7,49.69,46.22,47.12,1052700,PNJ
2021-11-12 07:00:00,47.12,49.6,46.67,49.55,826300,PNJ
2021-11-15 07:00:00,50.05,50.5,49.15,49.96,896000,PNJ
2021-11-16 07:00:00,49.82,49.82,47.79,48.7,815600,PNJ
2021-11-17 07:00:00,48.7,48.78,47.79,47.97,461400,PNJ
2021-11-18 07:00:00,47.84,49.15,47.79,47.88,376300,PNJ
2021-11-19 07:00:00,47.97,48.24,45.54,46.12,894500,PNJ
2021-11-22 07:00:00,46.12,47.3,46.12,46.89,418500,PNJ
2021-11-23 07:00:00,46.22,47.66,46.22,47.66,491000,PNJ
2021-11-24 07:00:00,47.34,47.79,46.89,47.66,298300,PNJ
2021-11-25 07:00:00,47.34,48.24,46.94,46.94,510400,PNJ
2021-11-26 07:00:00,46.89,47.34,45.76,45.76,811800,PNJ
2021-11-29 07:00:00,44.64,45.76,43.96,44.23,1512900,PNJ
2021-11-30 07:00:00,45.09,45.22,43.64,44.14,1059400,PNJ
2021-12-01 07:00:00,44.19,44.86,43.87,43.87,362100,PNJ
2021-12-02 07:00:00,43.74,44.59,43.74,43.92,431600,PNJ
2021-12-03 07:00:00,44.23,44.23,42.38,42.38,718000,PNJ
2021-12-06 07:00:00,42.43,43.15,41.12,41.12,607400,PNJ
2021-12-07 07:00:00,41.48,42.29,41.35,42.29,787600,PNJ
2021-12-08 07:00:00,42.92,44.41,42.74,43.56,392000,PNJ
2021-12-09 07:00:00,43.56,45.37,43.37,44.69,545500,PNJ
2021-12-10 07:00:00,44.01,44.51,43.6,44.14,393100,PNJ
2021-12-13 07:00:00,44.24,44.78,44.01,44.69,387000,PNJ
2021-12-14 07:00:00,44.24,44.64,43.42,43.65,303600,PNJ
2021-12-15 07:00:00,43.65,43.96,43.46,43.56,230900,PNJ
2021-12-16 07:00:00,43.56,43.96,42.38,42.51,431600,PNJ
2021-12-17 07:00:00,43.06,43.42,42.87,43.33,267800,PNJ
2021-12-20 07:00:00,42.78,43.46,42.74,42.74,503700,PNJ
2021-12-21 07:00:00,42.42,43.01,42.38,43.01,272000,PNJ
2021-12-22 07:00:00,43.24,43.46,42.65,42.87,198000,PNJ
2021-12-23 07:00:00,42.87,43.33,41.7,42.51,354000,PNJ
2021-12-24 07:00:00,42.83,43.01,42.51,42.96,250400,PNJ
2021-12-27 07:00:00,43.15,43.56,41.97,43.56,227200,PNJ
2021-12-28 07:00:00,43.87,43.87,42.87,43.37,309500,PNJ
2021-12-29 07:00:00,43.56,43.56,42.28,42.28,300800,PNJ
2021-12-30 07:00:00,42.65,42.65,41.97,41.97,607500,PNJ
2021-12-31 07:00:00,42.47,44.24,42.01,43.65,607800,PNJ
2022-01-04 07:00:00,43.65,43.78,43.28,43.78,358700,PNJ
2022-01-05 07:00:00,43.56,43.83,43.15,43.15,570300,PNJ
2022-01-06 07:00:00,43.19,43.51,42.87,42.92,289000,PNJ
2022-01-07 07:00:00,42.92,42.92,42.47,42.6,298900,PNJ
2022-01-10 07:00:00,42.56,42.56,42.19,42.28,533400,PNJ
2022-01-11 07:00:00,42.28,42.87,41.92,42.69,386400,PNJ
2022-01-12 07:00:00,42.69,42.69,42.01,42.06,466400,PNJ
2022-01-13 07:00:00,43.56,43.56,42.24,42.69,331900,PNJ
2022-01-14 07:00:00,41.6,42.78,41.6,42.6,288800,PNJ
2022-01-17 07:00:00,42.24,42.65,42.01,42.42,508200,PNJ
2022-01-18 07:00:00,41.83,42.42,41.78,42.33,348000,PNJ
2022-01-19 07:00:00,42.28,42.47,41.74,42.47,335700,PNJ
2022-01-20 07:00:00,42.19,42.87,42.19,42.83,378900,PNJ
2022-01-21 07:00:00,42.87,43.33,42.83,43.33,715300,PNJ
2022-01-24 07:00:00,43.33,44.6,42.69,43.96,870600,PNJ
2022-01-25 07:00:00,43.92,44.24,43.37,44.01,647300,PNJ
2022-01-26 07:00:00,44.28,45.82,43.92,45.82,1869600,PNJ
2022-01-27 07:00:00,45.37,46.05,45.32,45.82,921300,PNJ
2022-01-28 07:00:00,45.37,47.18,45.37,47.18,1007200,PNJ
2022-02-07 07:00:00,47.0,49.0,47.0,48.68,1212900,PNJ
2022-02-08 07:00:00,48.14,48.59,47.18,47.64,781500,PNJ
2022-02-09 07:00:00,47.59,47.59,46.73,46.87,1122700,PNJ
2022-02-10 07:00:00,46.96,47.05,46.1,46.87,825900,PNJ
2022-02-11 07:00:00,46.73,48.32,46.28,47.55,534900,PNJ
2022-02-14 07:00:00,47.64,47.68,47.23,47.46,533200,PNJ
2022-02-15 07:00:00,47.14,48.05,47.05,47.86,619800,PNJ
2022-02-16 07:00:00,47.64,48.36,47.41,48.23,758900,PNJ
2022-02-17 07:00:00,48.32,48.95,48.23,48.95,924600,PNJ
2022-02-18 07:00:00,48.55,49.41,48.55,48.55,570600,PNJ
2022-02-21 07:00:00,48.55,48.55,47.59,48.32,693400,PNJ
2022-02-22 07:00:00,48.27,51.27,47.68,49.91,2820800,PNJ
2022-02-23 07:00:00,49.91,51.5,49.45,49.72,1149100,PNJ
2022-02-24 07:00:00,49.86,51.18,49.45,49.45,1782700,PNJ
2022-02-25 07:00:00,49.45,49.91,48.27,48.91,1606000,PNJ
2022-02-28 07:00:00,48.55,49.32,46.73,46.73,2289000,PNJ
2022-03-01 07:00:00,46.32,48.09,46.32,47.64,1145900,PNJ
2022-03-02 07:00:00,47.64,47.64,45.73,46.91,1214800,PNJ
2022-03-03 07:00:00,47.18,47.64,46.28,47.18,833500,PNJ
2022-03-04 07:00:00,46.6,48.5,46.6,48.18,1595700,PNJ
2022-03-07 07:00:00,48.91,51.1,48.91,49.28,3113000,PNJ
2022-03-08 07:00:00,49.73,50.19,48.14,48.36,1354300,PNJ
2022-03-09 07:00:00,48.82,51.1,48.64,50.42,2295500,PNJ
2022-03-10 07:00:00,49.96,49.96,48.91,49.42,1106500,PNJ
2022-03-11 07:00:00,48.82,49.28,47.27,47.68,1323700,PNJ
2022-03-14 07:00:00,47.36,47.36,44.94,44.94,1989500,PNJ
2022-03-15 07:00:00,45.4,47.0,44.99,46.95,818900,PNJ
2022-03-16 07:00:00,46.72,47.27,45.86,46.9,594800,PNJ
2022-03-17 07:00:00,46.9,47.13,46.54,47.0,690300,PNJ
2022-03-18 07:00:00,46.72,48.14,46.72,47.22,678700,PNJ
2022-03-21 07:00:00,47.27,48.32,47.22,48.18,710800,PNJ
2022-03-22 07:00:00,48.64,50.05,48.55,48.82,931800,PNJ
2022-03-23 07:00:00,49.28,49.92,47.5,47.96,506500,PNJ
2022-03-24 07:00:00,48.82,49.69,48.05,48.82,582700,PNJ
2022-03-25 07:00:00,48.82,49.96,48.64,49.37,651600,PNJ
2022-03-28 07:00:00,50.19,50.51,49.37,49.37,1023700,PNJ
2022-03-29 07:00:00,50.19,51.06,49.73,50.42,1365500,PNJ
2022-03-30 07:00:00,51.06,51.51,49.28,49.42,953500,PNJ
2022-03-31 07:00:00,49.51,50.65,49.19,50.42,632700,PNJ
2022-04-01 07:00:00,50.19,53.93,50.14,53.48,3758700,PNJ
2022-04-04 07:00:00,53.52,54.75,53.16,53.2,1081300,PNJ
2022-04-05 07:00:00,53.16,54.66,53.16,53.75,540800,PNJ
2022-04-06 07:00:00,53.16,55.03,52.7,53.89,1823500,PNJ
2022-04-07 07:00:00,53.89,54.94,52.38,52.52,1490000,PNJ
2022-04-08 07:00:00,52.52,53.38,51.97,52.24,793300,PNJ
2022-04-12 07:00:00,52.47,52.93,51.1,51.28,1232200,PNJ
2022-04-13 07:00:00,51.28,53.16,51.15,52.93,1008100,PNJ
2022-04-14 07:00:00,53.57,55.44,53.16,53.38,1254000,PNJ
2022-04-15 07:00:00,53.34,54.94,52.56,53.43,825000,PNJ
2022-04-18 07:00:00,54.8,56.58,53.93,56.35,2466600,PNJ
2022-04-19 07:00:00,56.4,56.49,54.25,54.25,1112300,PNJ
2022-04-20 07:00:00,54.2,55.26,53.61,54.25,1009400,PNJ
2022-04-21 07:00:00,55.16,55.57,54.3,54.3,1422500,PNJ
2022-04-22 07:00:00,55.16,55.16,51.01,52.47,2859300,PNJ
2022-04-25 07:00:00,52.47,52.47,48.82,48.82,1826300,PNJ
2022-04-26 07:00:00,47.22,49.37,46.08,49.0,1000600,PNJ
2022-04-27 07:00:00,48.82,50.65,46.9,48.82,813400,PNJ
2022-04-28 07:00:00,48.82,49.96,48.46,48.46,466900,PNJ
2022-04-29 07:00:00,48.59,49.96,48.59,49.28,460000,PNJ
2022-05-04 07:00:00,49.28,50.19,48.59,49.42,474200,PNJ
2022-05-05 07:00:00,50.42,50.65,48.59,50.19,509900,PNJ
2022-05-06 07:00:00,49.28,50.1,48.36,48.59,663200,PNJ
2022-05-09 07:00:00,48.14,48.59,45.22,45.22,1122600,PNJ
2022-05-10 07:00:00,43.44,47.18,42.66,47.0,633700,PNJ
2022-05-11 07:00:00,47.0,48.82,46.08,48.82,700200,PNJ
2022-05-12 07:00:00,47.86,48.91,46.13,46.13,777800,PNJ
2022-05-13 07:00:00,47.32,47.91,44.12,44.49,853600,PNJ
2022-05-16 07:00:00,46.08,46.31,44.44,44.72,317700,PNJ
2022-05-17 07:00:00,44.72,47.54,44.17,47.04,434400,PNJ
2022-05-18 07:00:00,47.0,47.77,45.81,46.59,578800,PNJ
2022-05-19 07:00:00,46.04,47.91,45.9,46.59,407700,PNJ
2022-05-20 07:00:00,47.91,48.36,47.04,48.36,483600,PNJ
2022-05-23 07:00:00,48.87,48.87,46.77,47.68,412900,PNJ
2022-05-24 07:00:00,47.86,49.23,47.45,49.23,599200,PNJ
2022-05-25 07:00:00,49.28,52.65,47.91,52.65,1708800,PNJ
2022-05-26 07:00:00,52.65,52.93,52.11,52.15,482400,PNJ
2022-05-27 07:00:00,52.47,55.8,52.11,55.8,2557300,PNJ
2022-05-30 07:00:00,55.89,55.94,54.43,54.98,1216100,PNJ
2022-05-31 07:00:00,54.48,54.52,52.02,52.43,1533900,PNJ
2022-06-01 07:00:00,52.7,53.8,52.11,53.52,1156800,PNJ
2022-06-02 07:00:00,55.67,56.99,54.3,56.21,2708900,PNJ
2022-06-03 07:00:00,56.35,56.76,55.3,56.21,1354700,PNJ
2022-06-06 07:00:00,56.58,58.49,56.12,57.03,1650600,PNJ
2022-06-07 07:00:00,58.68,59.32,55.39,58.4,1657300,PNJ
2022-06-08 07:00:00,59.77,59.82,57.86,58.4,1566800,PNJ
2022-06-09 07:00:00,59.32,59.73,57.17,58.63,759700,PNJ
2022-06-10 07:00:00,58.36,58.36,55.07,55.07,1100700,PNJ
2022-06-13 07:00:00,53.16,53.38,51.24,51.24,2311000,PNJ
2022-06-14 07:00:00,51.1,52.93,50.88,52.93,978400,PNJ
2022-06-15 07:00:00,52.47,53.84,50.74,53.84,1330200,PNJ
2022-06-16 07:00:00,54.75,55.76,53.66,55.57,909800,PNJ
2022-06-17 07:00:00,52.52,55.67,52.52,55.67,1331000,PNJ
2022-06-20 07:00:00,55.53,55.53,53.61,53.84,581600,PNJ
2022-06-21 07:00:00,54.25,56.08,53.38,54.66,1050100,PNJ
2022-06-22 07:00:00,53.89,54.98,52.02,52.93,685900,PNJ
2022-06-23 07:00:00,52.74,55.27,52.61,55.27,545300,PNJ
2022-06-24 07:00:00,55.31,56.87,54.72,55.96,703900,PNJ
2022-06-27 07:00:00,56.09,59.4,56.09,59.4,2022300,PNJ
2022-06-28 07:00:00,58.94,59.53,58.71,59.4,558500,PNJ
2022-06-29 07:00:00,58.29,59.53,57.33,59.4,929400,PNJ
2022-06-30 07:00:00,59.58,59.62,58.2,58.94,700800,PNJ
2022-07-01 07:00:00,58.71,58.94,56.18,58.8,950400,PNJ
2022-07-04 07:00:00,59.53,59.53,56.41,56.78,804400,PNJ
2022-07-05 07:00:00,56.78,56.78,52.84,54.4,1575700,PNJ
2022-07-06 07:00:00,51.96,53.2,51.37,51.37,1023000,PNJ
2022-07-07 07:00:00,51.37,53.2,50.45,53.2,615800,PNJ
2022-07-08 07:00:00,53.71,53.71,52.7,53.2,459200,PNJ
2022-07-11 07:00:00,53.75,53.75,51.37,52.97,527500,PNJ
2022-07-12 07:00:00,51.83,53.62,51.46,53.57,369700,PNJ
2022-07-13 07:00:00,53.57,53.57,52.29,52.74,489400,PNJ
2022-07-14 07:00:00,52.52,52.97,51.74,52.97,363000,PNJ
2022-07-15 07:00:00,53.3,53.3,51.37,52.06,682900,PNJ
2022-07-18 07:00:00,52.74,52.74,51.83,52.06,478500,PNJ
2022-07-19 07:00:00,52.06,52.06,50.68,50.68,511500,PNJ
2022-07-20 07:00:00,51.74,52.42,51.0,52.1,896900,PNJ
2022-07-21 07:00:00,52.15,52.61,51.37,52.29,646600,PNJ
2022-07-22 07:00:00,52.29,53.11,52.29,52.52,342000,PNJ
2022-07-25 07:00:00,52.47,52.47,51.74,51.92,205600,PNJ
2022-07-26 07:00:00,51.83,51.87,51.37,51.37,317300,PNJ
2022-07-27 07:00:00,51.14,51.46,50.86,51.46,285000,PNJ
2022-07-28 07:00:00,51.78,52.56,50.91,51.83,709000,PNJ
2022-07-29 07:00:00,52.19,52.29,51.64,52.29,1159100,PNJ
2022-08-01 07:00:00,52.29,53.89,52.06,53.66,511200,PNJ
2022-08-02 07:00:00,53.2,53.57,52.47,53.43,424500,PNJ
2022-08-03 07:00:00,52.79,53.2,52.52,53.2,659800,PNJ
2022-08-04 07:00:00,53.25,53.34,52.56,53.2,469700,PNJ
2022-08-05 07:00:00,53.2,53.2,52.7,52.7,449400,PNJ
2022-08-08 07:00:00,52.74,54.07,52.7,53.52,1235900,PNJ
2022-08-09 07:00:00,53.89,53.89,53.11,53.52,512500,PNJ
2022-08-10 07:00:00,53.52,53.52,52.97,53.43,437500,PNJ
2022-08-11 07:00:00,53.43,53.66,52.33,52.33,726200,PNJ
2022-08-12 07:00:00,52.33,52.65,51.6,52.01,494800,PNJ
2022-08-15 07:00:00,52.1,52.97,51.69,52.61,683000,PNJ
2022-08-16 07:00:00,52.88,52.88,52.52,52.74,274600,PNJ
2022-08-17 07:00:00,52.74,52.93,52.47,52.7,310500,PNJ
2022-08-18 07:00:00,52.65,52.65,51.83,52.47,426600,PNJ
2022-08-19 07:00:00,52.06,52.47,51.74,52.29,546900,PNJ
2022-08-22 07:00:00,51.87,52.93,51.87,52.65,409400,PNJ
2022-08-23 07:00:00,52.29,52.56,52.06,52.52,259600,PNJ
2022-08-24 07:00:00,52.52,54.12,52.38,53.75,1244000,PNJ
2022-08-25 07:00:00,53.75,53.98,53.25,53.48,421600,PNJ
2022-08-26 07:00:00,53.66,54.81,53.39,54.03,875700,PNJ
2022-08-29 07:00:00,52.97,53.43,51.83,53.43,1035900,PNJ
2022-08-30 07:00:00,53.66,53.66,52.29,52.47,723200,PNJ
2022-08-31 07:00:00,52.47,52.65,52.01,52.65,630300,PNJ
2022-09-05 07:00:00,52.65,52.65,52.19,52.42,376000,PNJ
2022-09-06 07:00:00,52.47,52.65,52.24,52.29,317900,PNJ
2022-09-07 07:00:00,52.29,52.33,50.91,50.91,1004600,PNJ
2022-09-08 07:00:00,51.14,51.6,50.68,51.6,547700,PNJ
2022-09-09 07:00:00,51.78,51.78,51.14,51.28,207000,PNJ
2022-09-12 07:00:00,51.37,52.24,51.32,51.46,362100,PNJ
2022-09-13 07:00:00,51.46,52.19,51.46,51.83,386500,PNJ
2022-09-14 07:00:00,51.32,51.64,51.14,51.23,460100,PNJ
2022-09-15 07:00:00,51.37,51.69,51.23,51.32,295000,PNJ
2022-09-16 07:00:00,51.37,53.16,51.32,51.92,2077800,PNJ
2022-09-19 07:00:00,51.92,52.15,51.37,51.37,509600,PNJ
2022-09-20 07:00:00,51.37,51.83,51.37,51.83,337300,PNJ
2022-09-21 07:00:00,52.19,52.42,51.83,52.24,331600,PNJ
2022-09-22 07:00:00,52.01,52.42,52.01,52.29,258400,PNJ
2022-09-23 07:00:00,52.52,52.52,52.06,52.24,391300,PNJ
2022-09-26 07:00:00,51.83,51.83,50.77,50.96,501200,PNJ
2022-09-27 07:00:00,51.64,51.64,50.91,50.96,384300,PNJ
2022-09-28 07:00:00,50.91,51.32,50.68,50.91,376000,PNJ
2022-09-29 07:00:00,51.37,51.46,50.73,50.91,273400,PNJ
2022-09-30 07:00:00,50.91,50.91,47.74,49.08,1142400,PNJ
2022-10-03 07:00:00,49.03,49.03,45.68,45.68,745300,PNJ
2022-10-04 07:00:00,46.74,46.74,45.18,45.18,391000,PNJ
2022-10-05 07:00:00,45.22,48.16,45.18,46.96,325100,PNJ
2022-10-06 07:00:00,46.78,47.7,46.78,47.15,385900,PNJ
2022-10-07 07:00:00,46.32,48.16,44.95,47.24,457800,PNJ
2022-10-10 07:00:00,44.58,48.57,44.58,48.16,351100,PNJ
2022-10-11 07:00:00,48.75,48.75,46.55,47.97,219400,PNJ
2022-10-12 07:00:00,47.15,48.57,47.15,48.16,340100,PNJ
2022-10-13 07:00:00,48.39,48.39,47.61,47.93,228600,PNJ
2022-10-14 07:00:00,48.25,48.57,47.97,48.2,217200,PNJ
2022-10-17 07:00:00,48.16,48.25,47.47,48.16,94800,PNJ
2022-10-18 07:00:00,49.44,49.44,48.43,48.62,322900,PNJ
2022-10-19 07:00:00,48.98,49.3,48.62,49.3,221300,PNJ
2022-10-20 07:00:00,49.72,49.81,48.66,49.35,270000,PNJ
2022-10-21 07:00:00,49.72,49.72,46.78,48.02,417500,PNJ
2022-10-24 07:00:00,45.91,48.16,45.91,46.55,378900,PNJ
2022-10-25 07:00:00,48.16,48.16,45.41,46.6,469900,PNJ
2022-10-26 07:00:00,46.83,47.7,46.55,47.42,258900,PNJ
2022-10-27 07:00:00,48.02,48.02,46.92,47.52,174100,PNJ
2022-10-28 07:00:00,47.89,48.07,47.38,47.93,133700,PNJ
2022-10-31 07:00:00,48.35,48.35,46.45,47.75,280600,PNJ
2022-11-01 07:00:00,47.61,47.75,46.96,46.96,157100,PNJ
2022-11-02 07:00:00,47.42,47.61,46.73,46.73,305200,PNJ
2022-11-03 07:00:00,45.39,48.07,45.39,47.15,316600,PNJ
2022-11-04 07:00:00,47.56,47.56,43.86,43.86,937100,PNJ
2022-11-07 07:00:00,43.96,45.3,43.91,44.14,282000,PNJ
2022-11-08 07:00:00,44.28,45.2,43.86,44.79,199600,PNJ
2022-11-09 07:00:00,44.74,45.11,43.96,44.97,127900,PNJ
2022-11-10 07:00:00,44.79,45.3,42.99,44.84,416300,PNJ
2022-11-11 07:00:00,45.2,45.2,44.51,44.93,179900,PNJ
2022-11-14 07:00:00,44.14,46.22,43.96,44.65,230000,PNJ
2022-11-15 07:00:00,44.33,45.76,41.65,43.5,507900,PNJ
2022-11-16 07:00:00,41.65,44.84,41.6,44.84,509400,PNJ
2022-11-17 07:00:00,44.84,46.22,44.79,46.22,364100,PNJ
2022-11-18 07:00:00,46.22,47.1,45.3,46.27,290100,PNJ
2022-11-21 07:00:00,46.27,47.61,46.27,47.19,163800,PNJ
2022-11-22 07:00:00,47.98,48.86,47.24,47.61,286100,PNJ
2022-11-23 07:00:00,47.15,48.86,47.15,48.86,166600,PNJ
2022-11-24 07:00:00,49.0,49.23,47.75,49.0,166700,PNJ
2022-11-25 07:00:00,49.23,50.47,48.9,49.09,235600,PNJ
2022-11-28 07:00:00,49.23,50.84,49.23,50.38,234300,PNJ
2022-11-29 07:00:00,50.38,52.23,50.2,52.14,357500,PNJ
2022-11-30 07:00:00,52.14,52.65,51.4,52.46,193400,PNJ
2022-12-01 07:00:00,51.54,52.83,50.89,51.77,265300,PNJ
2022-12-02 07:00:00,52.0,53.39,51.12,53.16,412000,PNJ
2022-12-05 07:00:00,53.16,53.16,52.69,53.11,134800,PNJ
2022-12-06 07:00:00,53.06,53.29,51.31,51.35,286200,PNJ
2022-12-07 07:00:00,52.14,52.14,49.0,50.24,307000,PNJ
2022-12-08 07:00:00,50.24,51.31,50.24,51.31,234400,PNJ
2022-12-09 07:00:00,51.91,51.91,50.94,51.72,83400,PNJ
2022-12-12 07:00:00,50.89,51.68,50.52,51.68,159700,PNJ
2022-12-13 07:00:00,51.58,52.0,49.92,52.0,156600,PNJ
2022-12-14 07:00:00,52.0,52.23,51.21,52.23,119300,PNJ
2022-12-15 07:00:00,51.63,52.23,51.31,52.23,129000,PNJ
2022-12-16 07:00:00,51.35,52.23,51.35,52.18,260800,PNJ
2022-12-19 07:00:00,51.31,51.91,51.31,51.77,129700,PNJ
2022-12-20 07:00:00,51.17,51.77,50.61,51.08,126800,PNJ
2022-12-21 07:00:00,50.84,51.08,50.15,50.66,182300,PNJ
2022-12-22 07:00:00,50.84,50.89,49.46,50.38,240900,PNJ
2022-12-23 07:00:00,50.38,50.38,49.0,50.2,147900,PNJ
2022-12-26 07:00:00,50.66,50.75,49.55,49.92,149400,PNJ
2022-12-27 07:00:00,49.92,50.34,49.69,49.92,133900,PNJ
2022-12-28 07:00:00,50.1,53.39,50.01,50.84,249700,PNJ
2022-12-29 07:00:00,52.69,53.0,51.77,53.0,221400,PNJ
2022-12-30 07:00:00,53.31,55.4,53.0,55.4,397300,PNJ
2023-01-03 07:00:00,56.08,56.08,54.79,55.16,221100,PNJ
2023-01-04 07:00:00,55.16,55.28,54.6,54.85,208800,PNJ
2023-01-05 07:00:00,55.71,55.71,54.73,55.16,189100,PNJ
2023-01-06 07:00:00,55.16,55.22,54.72,54.72,138100,PNJ
2023-01-09 07:00:00,54.29,54.97,53.98,54.72,151600,PNJ
2023-01-10 07:00:00,54.79,54.79,54.16,54.6,155400,PNJ
2023-01-11 07:00:00,54.6,54.6,53.86,53.86,263800,PNJ
2023-01-12 07:00:00,53.86,53.86,53.11,53.36,166400,PNJ
2023-01-13 07:00:00,53.42,54.1,53.42,53.54,197300,PNJ
2023-01-16 07:00:00,53.61,55.22,53.61,54.29,430900,PNJ
2023-01-17 07:00:00,54.35,55.22,54.29,54.6,288700,PNJ
2023-01-18 07:00:00,55.47,55.47,54.23,54.91,336700,PNJ
2023-01-19 07:00:00,54.35,55.16,54.35,55.16,591300,PNJ
2023-01-27 07:00:00,55.59,59.0,55.59,58.32,1430700,PNJ
2023-01-30 07:00:00,58.94,58.94,57.14,57.2,351500,PNJ
2023-01-31 07:00:00,56.46,57.76,55.78,55.96,602900,PNJ
2023-02-01 07:00:00,55.9,56.77,53.36,53.79,465000,PNJ
2023-02-02 07:00:00,54.41,54.41,52.8,53.05,607600,PNJ
2023-02-03 07:00:00,53.23,53.3,50.94,50.94,2089000,PNJ
2023-02-06 07:00:00,51.25,52.8,51.25,51.99,345800,PNJ
2023-02-07 07:00:00,52.55,52.55,51.19,51.56,309100,PNJ
2023-02-08 07:00:00,51.56,52.06,50.94,51.44,292400,PNJ
2023-02-09 07:00:00,51.31,51.81,51.25,51.44,404300,PNJ
2023-02-10 07:00:00,51.44,51.99,51.31,51.68,469100,PNJ
2023-02-13 07:00:00,51.68,52.24,51.19,51.81,410400,PNJ
2023-02-14 07:00:00,51.62,51.62,50.44,50.94,264400,PNJ
2023-02-15 07:00:00,50.88,51.0,50.5,50.88,240400,PNJ
2023-02-16 07:00:00,50.88,51.25,50.75,51.25,183700,PNJ
2023-02-17 07:00:00,51.25,51.56,50.82,51.5,242900,PNJ
2023-02-20 07:00:00,51.5,52.43,51.31,52.43,363500,PNJ
2023-02-21 07:00:00,52.68,53.23,52.18,52.43,418800,PNJ
2023-02-22 07:00:00,52.12,52.12,51.5,51.5,320800,PNJ
2023-02-23 07:00:00,51.25,51.5,50.26,50.94,351100,PNJ
2023-02-24 07:00:00,50.88,50.94,49.39,50.26,531700,PNJ
2023-02-27 07:00:00,49.64,49.64,47.22,47.22,590600,PNJ
2023-02-28 07:00:00,47.28,48.08,47.28,47.71,262200,PNJ
2023-03-01 07:00:00,47.77,48.21,47.22,48.15,265800,PNJ
2023-03-02 07:00:00,48.4,49.82,48.4,49.82,296800,PNJ
2023-03-03 07:00:00,49.82,50.19,48.77,49.26,221300,PNJ
2023-03-06 07:00:00,49.51,49.51,48.58,48.7,134600,PNJ
2023-03-07 07:00:00,49.2,49.2,47.9,49.2,121500,PNJ
2023-03-08 07:00:00,49.14,49.64,47.77,49.64,213600,PNJ
2023-03-09 07:00:00,49.33,49.64,49.02,49.57,160200,PNJ
2023-03-10 07:00:00,49.02,49.33,48.58,49.02,149800,PNJ
2023-03-13 07:00:00,49.64,50.19,49.39,49.76,443300,PNJ
2023-03-14 07:00:00,50.26,50.38,49.7,50.07,276600,PNJ
2023-03-15 07:00:00,50.38,50.38,49.76,50.13,263000,PNJ
2023-03-16 07:00:00,50.26,50.26,49.02,49.95,326800,PNJ
2023-03-17 07:00:00,49.95,49.95,48.4,49.02,153600,PNJ
2023-03-20 07:00:00,49.57,50.26,49.02,49.64,480500,PNJ
2023-03-21 07:00:00,50.19,50.19,48.7,49.02,246600,PNJ
2023-03-22 07:00:00,49.33,49.33,48.46,48.95,221600,PNJ
2023-03-23 07:00:00,48.58,48.89,48.4,48.7,169000,PNJ
2023-03-24 07:00:00,48.77,49.02,48.46,49.02,140900,PNJ
2023-03-27 07:00:00,49.02,49.02,48.33,48.52,203200,PNJ
2023-03-28 07:00:00,48.52,48.64,47.84,48.27,419300,PNJ
2023-03-29 07:00:00,48.27,48.27,47.22,47.77,343400,PNJ
2023-03-30 07:00:00,48.89,48.89,47.65,48.21,331400,PNJ
2023-03-31 07:00:00,48.27,48.64,48.02,48.21,406000,PNJ
2023-04-03 07:00:00,48.4,48.4,47.46,47.65,758500,PNJ
2023-04-04 07:00:00,47.77,48.15,47.34,47.53,790500,PNJ
2023-04-05 07:00:00,47.71,48.27,47.53,47.96,1288500,PNJ
2023-04-06 07:00:00,48.21,48.33,47.65,47.65,595800,PNJ
2023-04-07 07:00:00,47.65,47.9,47.34,47.46,336400,PNJ
2023-04-10 07:00:00,47.53,48.08,47.53,47.9,650500,PNJ
2023-04-11 07:00:00,48.08,49.2,48.08,48.77,1031700,PNJ
2023-04-12 07:00:00,49.02,49.02,48.33,48.33,605300,PNJ
2023-04-13 07:00:00,48.4,48.64,47.71,47.77,407400,PNJ
2023-04-14 07:00:00,48.15,48.4,47.96,48.15,596200,PNJ
2023-04-17 07:00:00,48.15,48.95,48.15,48.46,693000,PNJ
2023-04-18 07:00:00,48.7,49.33,48.27,48.52,943400,PNJ
2023-04-19 07:00:00,48.7,48.77,48.15,48.4,303500,PNJ
2023-04-20 07:00:00,48.7,48.7,47.77,47.96,287100,PNJ
2023-04-21 07:00:00,48.27,48.46,47.53,47.77,399000,PNJ
2023-04-24 07:00:00,47.65,47.96,47.46,47.46,193300,PNJ
2023-04-25 07:00:00,47.46,47.77,46.84,46.84,378900,PNJ
2023-04-26 07:00:00,46.84,47.03,45.91,46.91,648400,PNJ
2023-04-27 07:00:00,47.09,47.59,46.35,46.97,373200,PNJ
2023-04-28 07:00:00,47.03,47.77,46.53,47.77,409700,PNJ
2023-05-04 07:00:00,47.77,47.77,47.15,47.22,268700,PNJ
2023-05-05 07:00:00,47.65,47.77,47.15,47.28,191600,PNJ
2023-05-08 07:00:00,47.28,47.46,47.03,47.09,223400,PNJ
2023-05-09 07:00:00,47.46,47.46,46.78,46.91,195500,PNJ
2023-05-10 07:00:00,46.91,47.03,46.6,46.66,332600,PNJ
2023-05-11 07:00:00,46.66,47.03,46.41,46.53,341000,PNJ
2023-05-12 07:00:00,46.53,46.66,46.16,46.53,353200,PNJ
2023-05-15 07:00:00,46.53,46.84,46.53,46.66,225600,PNJ
2023-05-16 07:00:00,46.66,46.72,46.22,46.22,206200,PNJ
2023-05-17 07:00:00,46.04,46.41,46.04,46.28,196200,PNJ
2023-05-18 07:00:00,46.28,46.28,45.6,45.6,395800,PNJ
2023-05-19 07:00:00,45.79,45.79,44.98,44.98,329400,PNJ
2023-05-22 07:00:00,45.23,45.29,44.67,44.73,283100,PNJ
2023-05-23 07:00:00,45.48,45.6,44.73,44.8,636900,PNJ
2023-05-24 07:00:00,45.11,45.11,44.3,44.36,437200,PNJ
2023-05-25 07:00:00,44.24,44.55,44.05,44.18,389000,PNJ
2023-05-26 07:00:00,44.61,44.73,44.24,44.67,296500,PNJ
2023-05-29 07:00:00,44.73,44.92,44.11,44.3,276500,PNJ
2023-05-30 07:00:00,44.3,44.55,43.99,44.11,497900,PNJ
2023-05-31 07:00:00,44.18,44.24,43.93,43.99,328600,PNJ
2023-06-01 07:00:00,43.99,44.11,43.49,43.62,357000,PNJ
2023-06-02 07:00:00,43.99,45.29,43.68,45.29,779700,PNJ
2023-06-05 07:00:00,46.1,46.1,45.29,45.73,553900,PNJ
2023-06-06 07:00:00,45.36,45.54,44.92,45.17,633400,PNJ
2023-06-07 07:00:00,45.17,45.17,44.61,45.04,767100,PNJ
2023-06-08 07:00:00,45.04,45.17,44.67,44.8,511900,PNJ
2023-06-09 07:00:00,45.17,45.17,44.73,45.05,715300,PNJ
2023-06-12 07:00:00,44.86,45.36,44.67,45.36,579100,PNJ
2023-06-13 07:00:00,45.55,46.61,45.48,45.86,1436700,PNJ
2023-06-14 07:00:00,45.86,46.3,45.55,45.55,506900,PNJ
2023-06-15 07:00:00,45.48,45.98,45.36,45.86,504900,PNJ
2023-06-16 07:00:00,45.98,46.3,45.42,45.55,1005800,PNJ
2023-06-19 07:00:00,45.48,45.55,44.55,45.23,864000,PNJ
2023-06-20 07:00:00,45.23,45.23,44.42,45.23,1044200,PNJ
2023-06-21 07:00:00,45.17,45.67,44.8,45.55,807300,PNJ
2023-06-22 07:00:00,45.8,46.61,45.8,46.61,1305700,PNJ
2023-06-23 07:00:00,46.61,47.49,46.42,47.42,1296800,PNJ
2023-06-26 07:00:00,47.3,47.8,46.49,47.8,820900,PNJ
2023-06-27 07:00:00,47.8,47.8,46.61,47.24,797700,PNJ
2023-06-28 07:00:00,47.24,47.36,46.61,46.8,702400,PNJ
2023-06-29 07:00:00,46.8,47.42,46.3,46.92,1116900,PNJ
2023-06-30 07:00:00,47.05,47.05,46.17,46.92,1239300,PNJ
2023-07-03 07:00:00,46.99,46.99,46.05,46.3,1031000,PNJ
2023-07-04 07:00:00,46.3,46.42,46.05,46.3,852500,PNJ
2023-07-05 07:00:00,46.49,46.86,46.11,46.11,1309300,PNJ
2023-07-06 07:00:00,46.11,46.24,45.42,45.42,1152400,PNJ
2023-07-07 07:00:00,45.42,45.8,44.92,44.92,1310100,PNJ
2023-07-10 07:00:00,46.11,46.24,45.23,46.11,1085300,PNJ
2023-07-11 07:00:00,46.11,46.8,46.11,46.61,1309300,PNJ
2023-07-12 07:00:00,46.74,46.74,46.17,46.17,920500,PNJ
2023-07-13 07:00:00,46.42,48.86,46.36,48.8,3894700,PNJ
2023-07-14 07:00:00,50.18,50.18,48.74,49.11,1447100,PNJ
2023-07-17 07:00:00,49.3,50.43,49.05,50.24,2521400,PNJ
2023-07-18 07:00:00,49.93,50.3,49.43,49.86,1035100,PNJ
2023-07-19 07:00:00,49.86,49.93,49.11,49.18,1017200,PNJ
2023-07-20 07:00:00,49.24,49.36,48.8,49.36,701000,PNJ
2023-07-21 07:00:00,49.55,50.49,49.24,50.05,1050100,PNJ
2023-07-24 07:00:00,50.11,50.36,49.36,49.61,1348400,PNJ
2023-07-25 07:00:00,49.74,50.68,49.43,50.36,1918100,PNJ
2023-07-26 07:00:00,50.36,51.3,50.11,51.18,1611300,PNJ
2023-07-27 07:00:00,51.18,51.18,50.18,50.62,988000,PNJ
2023-07-28 07:00:00,50.8,51.8,50.8,51.68,1271700,PNJ
2023-07-31 07:00:00,51.8,52.62,51.49,51.93,1245400,PNJ
2023-08-01 07:00:00,51.87,52.18,50.68,50.68,2546300,PNJ
2023-08-02 07:00:00,50.68,50.99,50.11,50.99,434600,PNJ
2023-08-03 07:00:00,50.99,51.37,50.3,50.86,555500,PNJ
2023-08-04 07:00:00,50.86,51.05,50.18,50.55,1237200,PNJ
2023-08-07 07:00:00,50.62,51.43,50.43,51.43,618400,PNJ
2023-08-08 07:00:00,51.68,51.68,50.62,50.93,578200,PNJ
2023-08-09 07:00:00,50.93,50.93,50.24,50.24,596700,PNJ
2023-08-10 07:00:00,50.24,50.36,49.36,49.43,1184900,PNJ
2023-08-11 07:00:00,49.55,50.43,49.43,49.68,568900,PNJ
2023-08-14 07:00:00,50.05,50.05,49.49,49.68,519100,PNJ
2023-08-15 07:00:00,49.61,49.68,48.99,49.43,713400,PNJ
2023-08-16 07:00:00,49.43,50.18,49.18,50.18,586800,PNJ
2023-08-17 07:00:00,50.18,50.36,48.8,50.18,726900,PNJ
2023-08-18 07:00:00,49.61,50.05,47.55,49.11,1087700,PNJ
2023-08-21 07:00:00,49.74,49.74,48.18,49.43,550300,PNJ
2023-08-22 07:00:00,49.43,49.43,48.24,49.11,545500,PNJ
2023-08-23 07:00:00,48.86,49.11,48.24,48.49,329100,PNJ
2023-08-24 07:00:00,48.36,48.93,48.36,48.8,258400,PNJ
2023-08-25 07:00:00,48.68,49.18,48.36,48.99,593000,PNJ
2023-08-28 07:00:00,49.36,49.74,48.99,49.74,456600,PNJ
2023-08-29 07:00:00,50.05,50.62,49.74,50.3,768000,PNJ
2023-08-30 07:00:00,50.36,50.55,49.99,50.49,506000,PNJ
2023-08-31 07:00:00,50.36,50.86,50.36,50.36,728000,PNJ
2023-09-05 07:00:00,50.74,50.8,50.18,50.36,346000,PNJ
2023-09-06 07:00:00,50.68,50.74,50.3,50.74,721800,PNJ
2023-09-07 07:00:00,51.37,53.37,50.99,52.68,1808500,PNJ
2023-09-08 07:00:00,52.3,52.93,52.12,52.55,695300,PNJ
2023-09-11 07:00:00,52.87,52.87,50.99,52.3,816700,PNJ
2023-09-12 07:00:00,51.93,52.3,51.37,52.3,510000,PNJ
2023-09-13 07:00:00,52.55,52.8,51.87,52.12,782500,PNJ
2023-09-14 07:00:00,52.12,52.12,50.8,50.8,483400,PNJ
2023-09-15 07:00:00,50.86,51.3,50.49,50.93,664600,PNJ
2023-09-18 07:00:00,50.62,51.37,50.36,50.99,416600,PNJ
2023-09-19 07:00:00,50.99,51.12,50.24,50.8,581800,PNJ
2023-09-20 07:00:00,50.93,51.8,50.55,51.74,593500,PNJ
2023-09-21 07:00:00,51.74,51.8,50.74,51.68,552700,PNJ
2023-09-22 07:00:00,50.74,51.24,49.99,50.68,1001300,PNJ
2023-09-25 07:00:00,50.99,50.99,49.74,49.93,574700,PNJ
2023-09-26 07:00:00,49.61,50.05,49.11,49.11,570400,PNJ
2023-09-27 07:00:00,49.11,49.86,48.8,49.49,413500,PNJ
2023-09-28 07:00:00,49.43,49.43,48.99,49.11,332700,PNJ
2023-09-29 07:00:00,49.11,49.68,49.11,49.3,136600,PNJ
2023-10-02 07:00:00,49.3,50.36,49.11,49.36,270900,PNJ
2023-10-03 07:00:00,49.68,49.68,48.49,48.49,442200,PNJ
2023-10-04 07:00:00,48.42,48.8,48.24,48.55,332800,PNJ
2023-10-05 07:00:00,48.93,49.05,48.61,48.68,155700,PNJ
2023-10-06 07:00:00,48.93,48.93,48.49,48.8,195300,PNJ
2023-10-09 07:00:00,49.43,50.3,48.86,50.05,560600,PNJ
2023-10-10 07:00:00,50.68,50.93,49.61,49.74,473700,PNJ
2023-10-11 07:00:00,50.11,50.24,49.93,50.24,300500,PNJ
2023-10-12 07:00:00,50.43,50.8,50.05,50.05,315400,PNJ
2023-10-13 07:00:00,50.05,50.3,49.61,49.93,286700,PNJ
2023-10-16 07:00:00,50.43,50.43,49.68,49.99,520200,PNJ
2023-10-17 07:00:00,50.05,50.11,49.49,49.49,216100,PNJ
2023-10-18 07:00:00,49.43,49.43,47.24,48.18,640500,PNJ
2023-10-19 07:00:00,48.18,48.55,47.49,47.49,569300,PNJ
2023-10-20 07:00:00,47.74,48.37,47.42,47.68,265300,PNJ
2023-10-23 07:00:00,47.99,47.99,46.98,46.98,421000,PNJ
2023-10-24 07:00:00,47.3,47.42,46.79,47.3,282700,PNJ
2023-10-25 07:00:00,47.3,47.8,46.98,46.98,353800,PNJ
2023-10-26 07:00:00,46.79,46.79,45.53,46.79,904700,PNJ
2023-10-27 07:00:00,46.66,46.79,45.91,46.54,343600,PNJ
2023-10-30 07:00:00,46.54,46.54,45.91,46.1,218300,PNJ
2023-10-31 07:00:00,46.16,46.16,45.21,45.53,481100,PNJ
2023-11-01 07:00:00,45.21,45.59,44.96,45.53,293500,PNJ
2023-11-02 07:00:00,45.65,46.79,45.65,46.66,374100,PNJ
2023-11-03 07:00:00,47.3,47.36,46.66,46.66,1746500,PNJ
2023-11-06 07:00:00,46.79,48.56,46.79,48.44,544600,PNJ
2023-11-07 07:00:00,48.62,48.62,47.68,47.99,231100,PNJ
2023-11-08 07:00:00,47.93,48.94,47.3,48.69,408600,PNJ
2023-11-09 07:00:00,48.69,49.0,48.18,48.37,433300,PNJ
2023-11-10 07:00:00,48.06,48.44,47.87,48.06,228700,PNJ
2023-11-13 07:00:00,48.06,48.37,47.99,48.12,157100,PNJ
2023-11-14 07:00:00,48.18,49.51,48.18,49.38,475500,PNJ
2023-11-15 07:00:00,49.95,50.14,49.32,49.51,204500,PNJ
2023-11-16 07:00:00,49.38,49.64,49.19,49.32,151400,PNJ
2023-11-17 07:00:00,49.32,50.21,49.26,49.89,892000,PNJ
2023-11-20 07:00:00,49.7,50.4,49.51,49.95,668700,PNJ
2023-11-21 07:00:00,50.4,51.34,50.27,51.28,1009700,PNJ
2023-11-22 07:00:00,51.03,51.47,50.96,51.34,641700,PNJ
2023-11-23 07:00:00,51.41,51.91,50.9,51.09,1186300,PNJ
2023-11-24 07:00:00,50.9,51.22,50.27,50.84,611800,PNJ
2023-11-27 07:00:00,50.96,50.96,50.27,50.27,446200,PNJ
2023-11-28 07:00:00,49.7,50.33,49.57,50.02,337100,PNJ
2023-11-29 07:00:00,50.46,50.78,49.95,50.52,571100,PNJ
2023-11-30 07:00:00,50.33,51.34,50.33,50.9,569300,PNJ
2023-12-01 07:00:00,50.9,50.96,50.58,50.78,298700,PNJ
2023-12-04 07:00:00,51.34,51.47,50.65,50.9,864200,PNJ
2023-12-05 07:00:00,51.03,51.09,50.58,50.58,769300,PNJ
2023-12-06 07:00:00,50.4,50.78,50.21,50.65,541300,PNJ
2023-12-07 07:00:00,50.9,50.9,49.64,49.64,762900,PNJ
2023-12-08 07:00:00,49.76,50.27,49.38,49.7,548700,PNJ
2023-12-11 07:00:00,49.7,50.71,49.7,50.58,1005600,PNJ
2023-12-12 07:00:00,50.9,50.9,50.46,50.78,535100,PNJ
2023-12-13 07:00:00,50.78,51.53,50.71,50.84,1344900,PNJ
2023-12-14 07:00:00,50.9,51.03,50.27,50.33,619800,PNJ
2023-12-15 07:00:00,50.33,50.4,49.83,50.08,610600,PNJ
2023-12-18 07:00:00,50.02,50.27,49.64,50.27,488000,PNJ
2023-12-19 07:00:00,50.27,50.33,49.45,50.21,483600,PNJ
2023-12-20 07:00:00,50.21,50.84,49.83,50.78,1108400,PNJ
2023-12-21 07:00:00,50.9,53.3,50.84,53.05,3601600,PNJ
2023-12-22 07:00:00,53.11,53.11,52.61,52.99,1341400,PNJ
2023-12-25 07:00:00,53.11,53.87,52.99,53.43,1401800,PNJ
2023-12-26 07:00:00,53.49,54.38,52.99,54.13,1596000,PNJ
2023-12-27 07:00:00,54.0,54.25,53.87,53.94,1172500,PNJ
2023-12-28 07:00:00,53.81,54.0,53.49,53.62,1405600,PNJ
2023-12-29 07:00:00,53.43,54.38,53.24,54.38,1575200,PNJ
2024-01-02 07:00:00,55.14,55.14,54.0,54.38,911400,PNJ
2024-01-03 07:00:00,54.06,54.38,53.94,54.38,1047000,PNJ
2024-01-04 07:00:00,54.38,54.57,53.49,53.49,827600,PNJ
2024-01-05 07:00:00,53.49,53.75,52.54,52.74,1115800,PNJ
2024-01-08 07:00:00,52.86,53.3,52.8,53.3,813500,PNJ
2024-01-09 07:00:00,53.37,54.06,53.37,54.06,994500,PNJ
2024-01-10 07:00:00,54.19,55.01,54.06,54.95,1496300,PNJ
2024-01-11 07:00:00,54.95,55.52,54.0,54.5,1109800,PNJ
2024-01-12 07:00:00,54.5,54.5,53.37,53.75,1051400,PNJ
2024-01-15 07:00:00,53.75,54.0,53.43,53.43,903200,PNJ
2024-01-16 07:00:00,53.43,54.63,53.37,54.63,954000,PNJ
2024-01-17 07:00:00,54.82,56.28,54.57,56.02,2326400,PNJ
2024-01-18 07:00:00,56.02,56.72,55.96,56.28,1713600,PNJ
2024-01-19 07:00:00,56.28,56.66,55.26,55.77,1043800,PNJ
2024-01-22 07:00:00,55.77,55.9,55.2,55.45,513800,PNJ
2024-01-23 07:00:00,55.77,56.84,55.64,56.78,1424300,PNJ
2024-01-24 07:00:00,56.84,57.16,56.4,56.53,458200,PNJ
2024-01-25 07:00:00,56.46,56.66,56.02,56.59,524900,PNJ
2024-01-26 07:00:00,56.59,56.78,56.46,56.59,534200,PNJ
2024-01-29 07:00:00,56.91,57.86,56.59,57.73,1435000,PNJ
2024-01-30 07:00:00,57.73,58.11,57.6,57.79,1169300,PNJ
2024-01-31 07:00:00,57.86,58.3,57.29,57.86,2129600,PNJ
2024-02-01 07:00:00,57.86,57.98,57.35,57.98,1578400,PNJ
2024-02-02 07:00:00,58.11,58.62,57.86,58.11,2566900,PNJ
2024-02-05 07:00:00,58.11,58.11,56.72,57.54,1296100,PNJ
2024-02-06 07:00:00,57.48,57.54,56.91,57.54,500600,PNJ
2024-02-07 07:00:00,57.6,57.86,57.29,57.67,442800,PNJ
2024-02-15 07:00:00,57.98,58.3,56.91,57.48,885800,PNJ
2024-02-16 07:00:00,57.48,57.48,56.97,57.22,463300,PNJ
2024-02-19 07:00:00,57.29,57.48,56.09,56.09,1070500,PNJ
2024-02-20 07:00:00,56.09,56.78,55.77,56.09,742400,PNJ
2024-02-21 07:00:00,56.15,56.15,55.39,55.71,1229400,PNJ
2024-02-22 07:00:00,55.64,56.66,55.64,56.66,809100,PNJ
2024-02-23 07:00:00,56.84,56.84,55.45,55.52,1195400,PNJ
2024-02-26 07:00:00,55.52,56.34,55.26,55.96,1104100,PNJ
2024-02-27 07:00:00,56.28,56.84,55.96,56.84,1547800,PNJ
2024-02-28 07:00:00,56.97,57.41,56.59,57.04,952100,PNJ
2024-02-29 07:00:00,57.29,58.05,56.66,57.16,1235900,PNJ
2024-03-01 07:00:00,57.16,60.96,57.1,60.51,4273800,PNJ
2024-03-04 07:00:00,60.51,61.08,60.01,60.45,1302300,PNJ
2024-03-05 07:00:00,60.64,61.84,60.45,61.21,1857600,PNJ
2024-03-06 07:00:00,61.21,61.21,59.44,60.07,1585000,PNJ
2024-03-07 07:00:00,60.26,61.27,59.94,61.02,1917600,PNJ
2024-03-08 07:00:00,61.27,62.35,60.45,61.02,3265800,PNJ
2024-03-11 07:00:00,61.21,63.8,61.08,62.6,2936600,PNJ
2024-03-12 07:00:00,62.92,63.1,61.65,62.6,1340200,PNJ
2024-03-13 07:00:00,62.6,65.0,62.16,64.18,2395200,PNJ
2024-03-14 07:00:00,64.5,65.63,63.17,63.8,1635900,PNJ
2024-03-15 07:00:00,63.67,63.86,62.15,63.29,1635600,PNJ
2024-03-18 07:00:00,62.66,62.66,59.03,61.89,3241300,PNJ
2024-03-19 07:00:00,61.13,61.7,60.11,61.38,1913200,PNJ
2024-03-20 07:00:00,61.06,62.59,60.49,62.46,2095700,PNJ
2024-03-21 07:00:00,63.1,63.86,62.4,62.78,1591300,PNJ
2024-03-22 07:00:00,62.97,62.97,61.7,62.66,1654300,PNJ
2024-03-25 07:00:00,62.53,62.53,61.06,61.06,1405700,PNJ
2024-03-26 07:00:00,61.19,62.02,61.0,61.96,1273200,PNJ
2024-03-27 07:00:00,62.34,62.4,61.38,62.02,1406800,PNJ
2024-03-28 07:00:00,62.08,62.21,61.64,62.15,975300,PNJ
2024-03-29 07:00:00,62.34,63.99,62.34,62.91,2758800,PNJ
2024-04-01 07:00:00,62.97,63.23,62.08,62.91,1089500,PNJ
2024-04-02 07:00:00,62.85,62.97,61.96,62.97,1394400,PNJ
2024-04-03 07:00:00,63.16,63.86,61.7,61.7,1994000,PNJ
2024-04-04 07:00:00,61.57,62.27,61.45,62.02,773500,PNJ
2024-04-05 07:00:00,61.26,61.83,61.26,61.64,718100,PNJ
2024-04-08 07:00:00,61.7,61.83,60.75,60.75,792800,PNJ
2024-04-09 07:00:00,60.75,61.83,60.68,61.7,1077700,PNJ
2024-04-10 07:00:00,62.08,64.24,61.83,63.99,3227800,PNJ
2024-04-11 07:00:00,63.55,63.67,62.97,63.61,784900,PNJ
2024-04-12 07:00:00,64.06,66.15,64.06,65.58,1979200,PNJ
2024-04-15 07:00:00,65.52,65.52,61.38,61.38,1956100,PNJ
2024-04-16 07:00:00,61.64,61.83,58.78,61.0,2417700,PNJ
2024-04-17 07:00:00,61.57,61.57,58.58,58.84,1763000,PNJ
2024-04-19 07:00:00,58.2,58.97,56.74,58.2,1679900,PNJ
2024-04-22 07:00:00,58.52,59.48,58.14,59.41,1425200,PNJ
2024-04-23 07:00:00,59.35,59.35,57.82,58.84,1593500,PNJ
2024-04-24 07:00:00,58.9,60.24,58.2,59.98,1615500,PNJ
2024-04-25 07:00:00,59.48,59.92,59.16,59.92,1081700,PNJ
2024-04-26 07:00:00,59.67,60.49,58.84,60.43,1654400,PNJ
2024-05-02 07:00:00,60.36,61.19,59.92,61.13,1161100,PNJ
2024-05-03 07:00:00,61.45,61.57,60.62,61.38,2370400,PNJ
2024-05-06 07:00:00,61.38,61.45,60.62,61.0,1019300,PNJ
2024-05-07 07:00:00,61.26,63.1,60.75,62.34,2601600,PNJ
2024-05-08 07:00:00,62.34,62.4,61.57,62.08,1033800,PNJ
2024-05-09 07:00:00,62.08,62.4,61.06,61.38,1101600,PNJ
2024-05-10 07:00:00,62.02,62.53,61.32,62.02,2296200,PNJ
2024-05-13 07:00:00,62.59,62.59,61.45,61.83,564400,PNJ
2024-05-14 07:00:00,62.27,62.27,60.75,61.32,1342900,PNJ
2024-05-15 07:00:00,61.7,61.7,61.0,61.51,1183000,PNJ
2024-05-16 07:00:00,61.89,62.15,61.51,61.83,1124100,PNJ
2024-05-17 07:00:00,61.96,63.29,61.7,63.04,2413900,PNJ
2024-05-20 07:00:00,63.42,63.42,61.96,61.96,1391400,PNJ
2024-05-21 07:00:00,62.66,64.18,62.34,62.34,2638700,PNJ
2024-05-22 07:00:00,62.72,62.72,61.38,62.4,1584400,PNJ
2024-05-23 07:00:00,62.4,62.4,61.13,62.4,1367300,PNJ
2024-05-24 07:00:00,61.7,61.89,59.92,60.36,2852200,PNJ
2024-05-27 07:00:00,60.43,60.56,59.48,59.92,752600,PNJ
2024-05-28 07:00:00,59.92,60.43,59.86,60.36,888900,PNJ
2024-05-29 07:00:00,60.36,60.36,59.35,59.35,1175700,PNJ
2024-05-30 07:00:00,58.97,59.09,58.2,59.09,2225500,PNJ
2024-05-31 07:00:00,59.09,59.73,58.9,59.73,1189600,PNJ
2024-06-03 07:00:00,59.79,59.92,58.97,59.54,1703300,PNJ
2024-06-04 07:00:00,59.54,60.62,59.48,60.3,1668700,PNJ
2024-06-05 07:00:00,60.43,60.68,59.86,60.05,1422800,PNJ
2024-06-06 07:00:00,61.06,61.06,59.79,60.43,1572400,PNJ
2024-06-07 07:00:00,60.68,60.68,59.6,60.17,941700,PNJ
2024-06-10 07:00:00,59.79,60.3,59.79,60.17,700400,PNJ
2024-06-11 07:00:00,60.24,60.56,59.92,59.98,903100,PNJ
2024-06-12 07:00:00,59.98,61.64,59.92,61.64,1519800,PNJ
2024-06-13 07:00:00,61.96,61.96,61.26,61.89,866300,PNJ
2024-06-14 07:00:00,61.89,61.89,60.94,60.94,837500,PNJ
2024-06-17 07:00:00,60.75,61.06,60.11,61.06,920900,PNJ
2024-06-18 07:00:00,61.06,61.7,61.06,61.45,662800,PNJ
2024-06-19 07:00:00,61.45,61.57,60.75,61.57,508000,PNJ
2024-06-20 07:00:00,61.38,62.78,61.38,62.21,1409300,PNJ
2024-06-21 07:00:00,62.66,62.66,62.15,62.15,908300,PNJ
2024-06-24 07:00:00,62.15,62.27,60.3,61.89,1428300,PNJ
2024-06-25 07:00:00,61.32,61.64,61.06,61.38,446500,PNJ
2024-06-26 07:00:00,61.26,61.38,60.17,61.13,957800,PNJ
2024-06-27 07:00:00,61.06,61.06,59.67,60.75,1037400,PNJ
2024-06-28 07:00:00,60.68,60.75,59.48,60.75,799400,PNJ
2024-07-01 07:00:00,60.43,60.68,59.48,59.79,500500,PNJ
2024-07-02 07:00:00,59.92,60.81,59.79,60.43,800300,PNJ
2024-07-03 07:00:00,60.81,60.81,59.86,60.17,862100,PNJ
2024-07-04 07:00:00,60.43,61.13,60.11,60.36,1048700,PNJ
2024-07-05 07:00:00,60.43,60.68,59.92,60.43,752200,PNJ
2024-07-08 07:00:00,61.13,61.13,60.17,60.68,1007700,PNJ
2024-07-09 07:00:00,60.68,62.91,60.49,62.78,3955700,PNJ
2024-07-10 07:00:00,62.85,62.97,62.15,62.34,999700,PNJ
2024-07-11 07:00:00,62.66,62.91,61.76,61.96,1313300,PNJ
2024-07-12 07:00:00,62.21,62.21,61.45,62.15,1185000,PNJ
2024-07-15 07:00:00,62.34,62.34,61.64,62.15,929700,PNJ
2024-07-16 07:00:00,62.34,63.23,61.76,61.76,1566400,PNJ
2024-07-17 07:00:00,62.02,62.21,59.54,61.0,1428300,PNJ
2024-07-18 07:00:00,60.81,61.06,59.67,61.06,1137100,PNJ
2024-07-19 07:00:00,61.06,61.13,60.36,60.87,653700,PNJ
2024-07-22 07:00:00,60.43,60.81,59.67,59.92,810400,PNJ
2024-07-23 07:00:00,59.98,60.75,59.54,59.67,966100,PNJ
2024-07-24 07:00:00,59.67,60.68,58.84,60.3,1225200,PNJ
2024-07-25 07:00:00,59.86,60.36,59.86,60.3,279900,PNJ
2024-07-26 07:00:00,60.62,61.19,60.36,61.19,608300,PNJ
2024-07-29 07:00:00,61.51,61.57,61.06,61.57,417800,PNJ
2024-07-30 07:00:00,61.38,62.34,61.06,61.64,773400,PNJ
2024-07-31 07:00:00,61.89,61.89,61.26,61.76,762200,PNJ
2024-08-01 07:00:00,61.38,63.16,60.81,62.21,2463900,PNJ
2024-08-02 07:00:00,60.81,62.97,60.81,62.97,1826200,PNJ
2024-08-05 07:00:00,61.64,62.34,59.48,60.56,1921400,PNJ
2024-08-06 07:00:00,60.62,60.87,59.73,60.81,641000,PNJ
2024-08-07 07:00:00,61.38,61.38,59.86,60.75,281300,PNJ
2024-08-08 07:00:00,60.24,60.75,59.92,59.98,468500,PNJ
2024-08-09 07:00:00,60.56,60.87,60.11,60.81,415200,PNJ
2024-08-12 07:00:00,60.81,61.7,60.62,61.7,561000,PNJ
2024-08-13 07:00:00,61.83,62.78,61.38,61.96,1567300,PNJ
2024-08-14 07:00:00,62.46,62.78,61.7,61.96,811600,PNJ
2024-08-15 07:00:00,61.83,61.89,60.43,61.64,849100,PNJ
2024-08-16 07:00:00,61.57,62.53,61.13,62.4,1726700,PNJ
2024-08-19 07:00:00,62.97,66.73,62.78,66.73,4954600,PNJ
2024-08-20 07:00:00,67.81,68.95,67.55,68.7,3270300,PNJ
2024-08-21 07:00:00,68.7,68.95,68.06,68.95,1480600,PNJ
2024-08-22 07:00:00,69.02,70.1,68.76,69.53,1571100,PNJ
2024-08-23 07:00:00,69.72,69.72,68.38,69.27,1577500,PNJ
2024-08-26 07:00:00,68.06,68.38,65.26,65.26,5634400,PNJ
2024-08-27 07:00:00,65.45,66.03,63.99,65.52,2291700,PNJ
2024-08-28 07:00:00,65.64,65.84,64.37,64.63,1569300,PNJ
2024-08-29 07:00:00,64.75,65.33,64.24,64.24,1029600,PNJ
2024-08-30 07:00:00,64.44,65.33,64.44,65.01,817100,PNJ
2024-09-04 07:00:00,64.31,64.75,63.67,64.37,1172800,PNJ
2024-09-05 07:00:00,64.82,65.2,63.67,63.67,1093800,PNJ
2024-09-06 07:00:00,63.61,63.99,63.04,63.36,1142500,PNJ
2024-09-09 07:00:00,63.16,63.61,62.59,63.29,920100,PNJ
2024-09-10 07:00:00,63.29,63.86,62.91,62.97,741300,PNJ
2024-09-11 07:00:00,62.78,63.23,62.66,63.1,652500,PNJ
2024-09-12 07:00:00,63.55,63.74,63.16,63.23,663700,PNJ
2024-09-13 07:00:00,63.36,63.55,63.16,63.48,583900,PNJ
2024-09-16 07:00:00,63.61,64.5,63.29,63.29,973000,PNJ
2024-09-17 07:00:00,63.1,63.61,63.1,63.61,524600,PNJ
2024-09-18 07:00:00,63.74,63.93,63.29,63.61,1004900,PNJ
2024-09-19 07:00:00,63.61,63.61,62.66,62.91,1491600,PNJ
2024-09-20 07:00:00,63.16,63.48,62.78,62.85,1659400,PNJ
2024-09-23 07:00:00,62.97,63.29,62.66,63.04,561500,PNJ
2024-09-24 07:00:00,63.04,63.99,63.04,63.23,845700,PNJ
2024-09-25 07:00:00,63.48,63.55,62.97,63.36,1191000,PNJ
2024-09-26 07:00:00,63.48,63.86,63.16,63.16,1362800,PNJ
2024-09-27 07:00:00,63.36,63.36,62.72,62.97,1087500,PNJ
2024-09-30 07:00:00,63.04,63.1,62.66,62.85,966900,PNJ
2024-10-01 07:00:00,62.97,63.1,62.59,62.59,1509400,PNJ
2024-10-02 07:00:00,62.91,63.69,62.78,63.24,1825600,PNJ
2024-10-03 07:00:00,63.24,63.5,62.66,62.72,710100,PNJ
2024-10-04 07:00:00,62.72,62.78,61.56,61.56,1480600,PNJ
2024-10-07 07:00:00,61.62,62.2,61.43,61.56,789100,PNJ
2024-10-08 07:00:00,61.56,61.56,60.98,61.17,873900,PNJ
2024-10-09 07:00:00,61.17,61.3,60.85,60.91,775600,PNJ
2024-10-10 07:00:00,60.78,62.01,60.78,61.62,1209300,PNJ
2024-10-11 07:00:00,61.56,61.56,61.17,61.56,487000,PNJ
2024-10-14 07:00:00,61.3,61.56,60.91,61.11,773600,PNJ
2024-10-15 07:00:00,61.11,61.24,60.72,60.72,645000,PNJ
2024-10-16 07:00:00,60.85,61.24,60.85,61.04,478900,PNJ
2024-10-17 07:00:00,61.11,61.43,61.04,61.37,497200,PNJ
2024-10-18 07:00:00,61.62,61.62,61.24,61.24,434900,PNJ
2024-10-21 07:00:00,61.3,61.43,60.98,61.04,400300,PNJ
2024-10-22 07:00:00,60.91,61.04,59.75,60.01,1330700,PNJ
2024-10-23 07:00:00,60.2,60.59,60.08,60.53,821900,PNJ
2024-10-24 07:00:00,60.59,60.72,60.27,60.66,751200,PNJ
2024-10-25 07:00:00,60.72,60.78,60.59,60.72,438600,PNJ
2024-10-28 07:00:00,60.78,61.24,59.75,61.24,704000,PNJ
2024-10-29 07:00:00,61.3,62.2,61.3,62.14,1062200,PNJ
2024-10-30 07:00:00,62.2,62.27,61.5,61.62,277600,PNJ
2024-10-31 07:00:00,61.82,61.82,61.11,61.17,475500,PNJ
2024-11-01 07:00:00,60.78,60.78,58.98,58.98,3488600,PNJ
2024-11-04 07:00:00,59.36,60.14,59.17,59.82,1227400,PNJ
2024-11-05 07:00:00,59.82,60.59,59.75,60.33,739200,PNJ
2024-11-06 07:00:00,60.4,61.24,60.14,60.85,711100,PNJ
2024-11-07 07:00:00,60.85,60.91,59.95,60.2,779800,PNJ
2024-11-08 07:00:00,60.2,60.2,59.75,60.01,522300,PNJ
2024-11-11 07:00:00,59.88,60.01,59.3,59.95,748100,PNJ
2024-11-12 07:00:00,59.69,60.14,59.43,60.14,370600,PNJ
2024-11-13 07:00:00,60.08,60.08,59.82,60.01,285500,PNJ
2024-11-14 07:00:00,60.01,60.4,59.95,60.01,383300,PNJ
2024-11-15 07:00:00,59.95,59.95,58.78,58.98,899000,PNJ
2024-11-18 07:00:00,59.49,59.56,58.46,59.3,694900,PNJ
2024-11-19 07:00:00,59.49,59.49,58.59,59.17,401800,PNJ
2024-11-20 07:00:00,59.11,59.88,58.72,59.88,707000,PNJ
2024-11-21 07:00:00,59.88,60.66,59.43,60.66,796600,PNJ
2024-11-22 07:00:00,60.72,60.72,59.56,59.95,379700,PNJ
2024-11-25 07:00:00,60.14,60.2,59.75,59.95,268200,PNJ
2024-11-26 07:00:00,59.95,60.01,59.69,59.88,381000,PNJ
2024-11-27 07:00:00,59.88,60.2,59.82,60.01,286900,PNJ
2024-11-28 07:00:00,60.46,60.46,59.88,59.88,245000,PNJ
2024-11-29 07:00:00,60.14,60.2,59.88,59.95,845800,PNJ
2024-12-02 07:00:00,60.01,60.85,60.01,60.66,1199700,PNJ
2024-12-03 07:00:00,60.66,60.78,60.4,60.4,346700,PNJ
2024-12-04 07:00:00,60.46,60.85,60.33,60.78,654300,PNJ
2024-12-05 07:00:00,60.91,62.4,60.91,61.95,1299600,PNJ
2024-12-06 07:00:00,62.2,62.27,61.75,62.2,724900,PNJ
2024-12-09 07:00:00,62.4,62.85,62.33,62.46,919500,PNJ
2024-12-10 07:00:00,62.59,62.98,62.14,62.59,740300,PNJ
2024-12-11 07:00:00,62.4,62.59,62.08,62.46,1067500,PNJ
2024-12-12 07:00:00,62.46,63.3,62.08,62.46,1426700,PNJ
2024-12-13 07:00:00,62.59,62.66,62.33,62.59,645100,PNJ
2024-12-16 07:00:00,62.91,63.95,62.91,63.37,1231800,PNJ
2024-12-17 07:00:00,63.24,63.3,62.91,63.11,248300,PNJ
2024-12-18 07:00:00,62.98,63.11,62.59,62.91,333700,PNJ
2024-12-19 07:00:00,62.33,62.85,62.2,62.85,601400,PNJ
2024-12-20 07:00:00,62.72,62.85,62.46,62.59,180800,PNJ
2024-12-23 07:00:00,62.59,63.11,62.53,62.78,344100,PNJ
2024-12-24 07:00:00,62.78,62.78,61.95,62.72,508300,PNJ
2024-12-25 07:00:00,62.91,63.17,62.59,62.98,506000,PNJ
2024-12-26 07:00:00,63.17,63.24,62.66,62.91,414800,PNJ
2024-12-27 07:00:00,62.98,62.98,62.59,62.98,413800,PNJ
2024-12-30 07:00:00,62.91,63.56,62.72,62.91,806200,PNJ
2024-12-31 07:00:00,62.91,63.17,62.91,63.17,495200,PNJ
2025-01-02 07:00:00,63.24,63.24,62.91,63.17,356800,PNJ
2025-01-03 07:00:00,62.91,63.17,62.08,62.33,455800,PNJ
2025-01-06 07:00:00,62.53,62.53,62.01,62.46,448400,PNJ
2025-01-07 07:00:00,62.08,62.33,61.04,61.04,682800,PNJ
2025-01-08 07:00:00,61.04,62.33,60.85,61.95,286000,PNJ
2025-01-09 07:00:00,61.95,61.95,61.37,61.37,166200,PNJ
2025-01-10 07:00:00,61.62,61.62,60.53,60.53,308800,PNJ
2025-01-13 07:00:00,60.46,61.24,60.33,60.91,363500,PNJ
2025-01-14 07:00:00,61.69,61.69,60.91,61.56,414700,PNJ
2025-01-15 07:00:00,61.3,61.82,60.4,60.85,414700,PNJ
2025-01-16 07:00:00,60.72,61.75,60.72,61.3,340300,PNJ
2025-01-17 07:00:00,61.62,61.62,61.24,61.43,96100,PNJ
2025-01-20 07:00:00,61.75,62.01,61.43,62.01,346700,PNJ
2025-01-21 07:00:00,62.14,62.14,60.66,61.69,134500,PNJ
2025-01-22 07:00:00,61.88,61.95,61.69,61.82,235300,PNJ
2025-01-23 07:00:00,62.46,62.66,62.08,62.66,560300,PNJ
2025-01-24 07:00:00,62.78,63.24,62.72,62.98,460800,PNJ
2025-02-03 07:00:00,63.17,63.62,62.98,63.3,486900,PNJ
2025-02-04 07:00:00,63.43,63.56,63.17,63.37,448400,PNJ
2025-02-05 07:00:00,63.3,63.43,63.17,63.37,391900,PNJ
2025-02-06 07:00:00,63.5,64.53,63.43,64.27,1460800,PNJ
2025-02-07 07:00:00,63.75,64.2,63.11,63.43,558100,PNJ
2025-02-10 07:00:00,63.3,63.3,61.68,61.81,637700,PNJ
2025-02-11 07:00:00,61.87,62.26,61.35,61.35,290000,PNJ
2025-02-12 07:00:00,61.74,62.0,61.42,61.68,172000,PNJ
2025-02-13 07:00:00,62.0,62.07,61.42,61.68,230100,PNJ
2025-02-14 07:00:00,62.33,62.46,61.68,62.07,234900,PNJ
2025-02-17 07:00:00,61.81,62.0,60.96,61.94,550700,PNJ
2025-02-18 07:00:00,61.81,61.81,60.77,60.77,705200,PNJ
2025-02-19 07:00:00,60.77,61.68,60.77,61.68,322600,PNJ
2025-02-20 07:00:00,61.55,61.61,61.03,61.09,344200,PNJ
2025-02-21 07:00:00,61.09,61.61,61.09,61.22,246200,PNJ
2025-02-24 07:00:00,61.35,61.74,61.29,61.42,195900,PNJ
2025-02-25 07:00:00,61.61,62.2,61.48,62.0,371600,PNJ
2025-02-26 07:00:00,62.0,62.07,61.55,62.07,621300,PNJ
2025-02-27 07:00:00,62.13,62.2,61.48,61.48,244200,PNJ
2025-02-28 07:00:00,61.48,61.55,60.7,61.03,578000,PNJ
2025-03-03 07:00:00,61.03,61.48,60.9,61.09,226000,PNJ
2025-03-04 07:00:00,61.09,61.42,60.96,61.16,258500,PNJ
2025-03-05 07:00:00,61.03,61.22,60.38,60.38,693200,PNJ
2025-03-06 07:00:00,61.42,61.42,60.7,60.83,280100,PNJ
2025-03-07 07:00:00,60.7,61.16,60.44,60.96,352400,PNJ
2025-03-10 07:00:00,60.96,60.96,60.57,60.57,318800,PNJ
2025-03-11 07:00:00,60.64,60.64,60.25,60.64,279600,PNJ
2025-03-12 07:00:00,60.64,60.64,59.08,59.08,1268500,PNJ
2025-03-13 07:00:00,59.54,59.6,58.43,58.43,1102700,PNJ
2025-03-14 07:00:00,58.5,59.08,56.48,56.74,1711300,PNJ
2025-03-17 07:00:00,57.07,57.39,55.77,57.07,1136900,PNJ
2025-03-18 07:00:00,57.07,57.78,57.07,57.26,447000,PNJ
2025-03-19 07:00:00,57.59,58.3,57.2,57.26,469000,PNJ
2025-03-20 07:00:00,58.17,58.63,57.46,58.3,863300,PNJ
2025-03-21 07:00:00,58.3,58.3,57.65,58.17,229700,PNJ
2025-03-24 07:00:00,58.37,58.37,57.33,57.46,268100,PNJ
2025-03-25 07:00:00,57.46,57.52,56.48,57.0,664500,PNJ
2025-03-26 07:00:00,57.0,57.33,56.22,56.22,558200,PNJ
2025-03-27 07:00:00,56.22,56.35,55.12,55.12,1247400,PNJ
2025-03-28 07:00:00,55.12,55.18,53.24,53.24,3238200,PNJ
2025-03-31 07:00:00,53.24,54.08,53.24,54.08,1001000,PNJ
2025-04-01 07:00:00,54.08,54.34,53.63,54.15,411800,PNJ
2025-04-02 07:00:00,54.21,54.73,53.56,53.56,727000,PNJ
2025-04-03 07:00:00,51.94,52.65,49.86,49.86,2631900,PNJ
2025-04-04 07:00:00,46.42,47.39,46.42,47.07,4119900,PNJ
2025-04-08 07:00:00,45.12,46.23,43.82,43.82,1426300,PNJ
2025-04-09 07:00:00,40.77,43.24,40.77,40.77,3789000,PNJ
2025-04-10 07:00:00,43.56,43.56,43.56,43.56,59600,PNJ
2025-04-11 07:00:00,46.55,46.55,46.29,46.55,3658800,PNJ
2025-04-14 07:00:00,47.98,49.21,47.39,47.85,1873800,PNJ
2025-04-15 07:00:00,47.59,47.65,45.45,46.42,1937800,PNJ
2025-04-16 07:00:00,46.23,46.23,44.28,44.54,1786700,PNJ
2025-04-17 07:00:00,44.21,45.45,43.95,45.32,1645500,PNJ
2025-04-18 07:00:00,45.77,47.33,45.64,47.07,1095000,PNJ
2025-04-21 07:00:00,47.07,47.72,45.12,45.12,1128000,PNJ
2025-04-22 07:00:00,45.12,45.19,42.01,43.56,2455900,PNJ
2025-04-23 07:00:00,44.8,45.25,44.15,44.67,1320500,PNJ
2025-04-24 07:00:00,44.8,46.36,44.8,46.1,1223100,PNJ
2025-04-25 07:00:00,46.36,46.36,45.19,45.51,1507400,PNJ
2025-04-28 07:00:00,45.51,46.1,45.45,45.97,864400,PNJ
2025-04-29 07:00:00,45.77,46.16,45.71,46.16,626100,PNJ
2025-05-05 07:00:00,46.48,46.88,45.64,45.97,809800,PNJ
2025-05-06 07:00:00,46.03,47.78,46.03,47.78,1834900,PNJ
2025-05-07 07:00:00,47.52,47.59,46.94,47.26,1248300,PNJ
2025-05-08 07:00:00,46.74,48.3,46.74,48.04,1628400,PNJ
2025-05-09 07:00:00,48.17,49.67,48.17,49.6,2041400,PNJ
2025-05-12 07:00:00,49.99,51.03,49.34,51.03,1464300,PNJ
2025-05-13 07:00:00,51.61,54.6,51.61,53.37,4000600,PNJ
2025-05-14 07:00:00,53.37,56.09,53.3,55.83,2680500,PNJ
2025-05-15 07:00:00,56.48,56.48,54.54,54.8,1447700,PNJ
2025-05-16 07:00:00,54.54,54.73,52.59,52.59,1435100,PNJ
2025-05-19 07:00:00,52.52,53.95,51.87,52.98,959400,PNJ
2025-05-20 07:00:00,53.17,53.63,52.59,53.43,1117200,PNJ
2025-05-21 07:00:00,53.63,53.63,52.0,52.39,681100,PNJ
2025-05-22 07:00:00,51.94,52.26,50.96,51.22,1049600,PNJ
2025-05-23 07:00:00,51.29,51.94,50.64,51.29,660300,PNJ
2025-05-26 07:00:00,51.94,52.26,50.64,52.26,744800,PNJ
2025-05-27 07:00:00,52.59,52.59,51.94,52.13,538400,PNJ
2025-05-28 07:00:00,52.46,52.52,51.22,51.48,773000,PNJ
2025-05-29 07:00:00,54.99,54.99,53.63,54.54,2348100,PNJ
2025-05-30 07:00:00,55.83,55.83,53.11,53.56,1052600,PNJ
2025-06-02 07:00:00,49.99,51.68,49.99,50.77,2998100,PNJ
2025-06-03 07:00:00,50.64,51.42,50.45,50.51,1639700,PNJ
2025-06-04 07:00:00,50.9,51.22,50.45,51.22,1156900,PNJ
2025-06-05 07:00:00,51.03,51.16,50.51,50.58,1001000,PNJ
2025-06-06 07:00:00,50.58,50.58,49.15,49.15,1268500,PNJ
2025-06-09 07:00:00,49.15,49.28,48.17,48.43,690600,PNJ
2025-06-10 07:00:00,48.37,49.73,48.37,49.41,626600,PNJ
2025-06-11 07:00:00,49.86,49.86,49.15,49.34,403500,PNJ
2025-06-12 07:00:00,50.12,51.03,50.06,50.84,1064800,PNJ
2025-06-13 07:00:00,50.64,51.55,50.12,50.64,910500,PNJ
2025-06-16 07:00:00,50.64,53.56,50.51,53.24,1581800,PNJ
2025-06-17 07:00:00,53.24,53.37,52.33,52.65,485300,PNJ
2025-06-18 07:00:00,52.33,52.65,51.48,51.94,764700,PNJ
2025-06-19 07:00:00,51.94,52.39,51.61,52.13,245700,PNJ
2025-06-20 07:00:00,52.07,52.26,51.61,51.68,499500,PNJ
2025-06-23 07:00:00,51.61,52.26,51.03,52.26,598300,PNJ
2025-06-24 07:00:00,52.33,52.59,51.94,52.07,372900,PNJ
2025-06-25 07:00:00,52.13,52.33,51.61,51.68,487600,PNJ
2025-06-26 07:00:00,51.68,52.85,51.61,52.52,851400,PNJ
2025-06-27 07:00:00,52.91,53.43,52.52,53.17,801100,PNJ
2025-06-30 07:00:00,53.43,54.08,53.37,53.95,916200,PNJ
2025-07-01 07:00:00,54.02,54.15,53.24,54.15,924400,PNJ
2025-07-02 07:00:00,54.08,54.6,53.82,53.82,846400,PNJ
2025-07-03 07:00:00,53.82,54.6,53.37,53.56,903400,PNJ
2025-07-04 07:00:00,53.56,54.28,53.56,53.69,382300,PNJ
2025-07-07 07:00:00,53.89,54.08,53.24,53.56,331700,PNJ
2025-07-08 07:00:00,53.69,53.82,53.43,53.43,484900,PNJ
2025-07-09 07:00:00,53.89,54.15,53.3,53.76,660500,PNJ
2025-07-10 07:00:00,53.89,53.95,53.24,53.43,596100,PNJ
2025-07-11 07:00:00,53.43,54.21,53.43,54.02,676900,PNJ
2025-07-14 07:00:00,54.41,56.87,54.28,56.87,1846700,PNJ
2025-07-15 07:00:00,56.87,56.94,56.29,56.29,680600,PNJ
2025-07-16 07:00:00,55.83,57.13,55.38,57.13,763400,PNJ
2025-07-17 07:00:00,56.81,57.46,56.03,56.03,958100,PNJ
2025-07-18 07:00:00,55.96,56.68,55.83,55.96,471000,PNJ
2025-07-21 07:00:00,55.96,56.16,55.18,55.18,460300,PNJ
2025-07-22 07:00:00,55.18,55.83,54.6,55.77,479000,PNJ
2025-07-23 07:00:00,55.77,55.9,55.44,55.83,382100,PNJ
2025-07-24 07:00:00,55.83,56.03,55.25,55.83,560300,PNJ
2025-07-25 07:00:00,55.83,56.29,55.83,56.09,489900,PNJ
2025-07-28 07:00:00,56.09,56.16,55.77,55.83,691100,PNJ
2025-07-29 07:00:00,55.9,55.96,54.73,54.73,1558300,PNJ
2025-07-30 07:00:00,54.67,55.51,54.41,55.51,720900,PNJ
2025-07-31 07:00:00,54.93,55.38,54.41,54.8,541500,PNJ
2025-08-01 07:00:00,54.73,58.63,54.28,58.63,1139200,PNJ
2025-08-04 07:00:00,55.83,56.42,54.54,56.16,775500,PNJ
2025-08-05 07:00:00,56.09,56.22,55.51,55.51,1006700,PNJ
2025-08-06 07:00:00,55.51,56.22,55.51,56.03,446600,PNJ
2025-08-07 07:00:00,56.16,57.07,55.96,56.09,551700,PNJ
2025-08-08 07:00:00,56.48,56.48,55.64,55.7,752900,PNJ
2025-08-11 07:00:00,56.03,56.48,55.83,56.16,518400,PNJ
2025-08-12 07:00:00,56.16,56.81,56.16,56.81,777800,PNJ
2025-08-13 07:00:00,56.81,57.85,56.42,57.13,1126700,PNJ
2025-08-14 07:00:00,57.13,57.26,56.09,57.13,789700,PNJ
2025-08-15 07:00:00,57.13,57.13,55.83,55.96,808800,PNJ
2025-08-18 07:00:00,55.96,56.03,54.8,55.18,1043200,PNJ
2025-08-19 07:00:00,55.18,55.38,54.93,55.12,680000,PNJ
2025-08-20 07:00:00,55.25,55.58,54.86,55.38,964900,PNJ
2025-08-21 07:00:00,55.38,55.64,54.93,55.58,670700,PNJ
2025-08-22 07:00:00,55.83,55.83,54.73,55.06,878100,PNJ
2025-08-25 07:00:00,55.12,55.51,54.21,54.21,533900,PNJ
2025-08-26 07:00:00,53.82,54.8,53.82,54.67,383400,PNJ
2025-08-27 07:00:00,56.42,56.42,55.12,55.38,1316400,PNJ
2025-08-28 07:00:00,55.38,55.83,55.25,55.58,688500,PNJ
2025-08-29 07:00:00,55.58,55.77,55.44,55.58,677700,PNJ
2025-09-03 07:00:00,55.58,56.22,55.25,56.03,659000,PNJ
2025-09-04 07:00:00,56.35,58.04,56.03,57.39,1615100,PNJ
2025-09-05 07:00:00,57.52,57.52,56.61,56.61,620800,PNJ
2025-09-08 07:00:00,56.16,56.61,55.06,55.06,749500,PNJ
2025-09-09 07:00:00,55.58,55.7,54.86,55.64,432300,PNJ
2025-09-10 07:00:00,55.64,56.16,55.25,55.96,357000,PNJ
2025-09-11 07:00:00,56.16,56.16,55.32,55.96,458100,PNJ
2025-09-12 07:00:00,56.16,57.59,55.9,57.13,764100,PNJ
2025-09-15 07:00:00,57.13,57.26,56.68,57.26,485200,PNJ
2025-09-16 07:00:00,57.26,58.37,57.07,57.59,679700,PNJ
2025-09-17 07:00:00,57.59,58.76,56.55,56.55,618200,PNJ
2025-09-18 07:00:00,57.13,57.91,56.81,57.2,426000,PNJ
2025-09-19 07:00:00,57.78,57.78,57.07,57.46,437800,PNJ
2025-09-22 07:00:00,57.78,58.24,56.48,57.07,464800,PNJ
2025-09-23 07:00:00,57.0,57.13,55.96,57.07,346000,PNJ
2025-09-24 07:00:00,57.07,57.07,56.16,56.87,168700,PNJ
2025-09-25 07:00:00,56.94,57.0,55.96,55.96,766900,PNJ
2025-09-26 07:00:00,56.43,56.69,55.77,55.9,448400,PNJ
2025-09-29 07:00:00,56.1,56.1,55.04,55.11,285800,PNJ
2025-09-30 07:00:00,55.11,55.7,54.84,54.84,268100,PNJ
2025-10-01 07:00:00,55.04,55.44,55.04,55.04,468900,PNJ
2025-10-02 07:00:00,55.04,55.17,54.84,54.84,383100,PNJ
2025-10-03 07:00:00,54.78,55.17,54.78,54.78,228600,PNJ
2025-10-06 07:00:00,54.78,55.83,54.78,55.57,227500,PNJ
2025-10-07 07:00:00,55.63,56.29,55.63,56.03,232300,PNJ
2025-10-08 07:00:00,56.76,56.76,55.44,55.44,353700,PNJ
2025-10-09 07:00:00,55.57,56.43,55.5,56.1,379600,PNJ
2025-10-10 07:00:00,56.49,56.62,55.77,56.1,478400,PNJ
2025-10-13 07:00:00,55.96,56.29,55.5,56.03,189600,PNJ
2025-10-14 07:00:00,56.43,56.49,55.9,55.9,617400,PNJ
2025-10-15 07:00:00,55.77,57.28,55.77,56.82,997700,PNJ
2025-10-16 07:00:00,56.89,60.78,56.89,60.78,2980200,PNJ
2025-10-17 07:00:00,60.72,60.78,58.8,59.46,1440500,PNJ
2025-10-20 07:00:00,59.46,59.46,55.37,55.37,2295500,PNJ
2025-10-21 07:00:00,55.44,57.75,55.3,57.35,1027500,PNJ
2025-10-22 07:00:00,58.21,58.21,56.56,57.88,624100,PNJ
2025-10-23 07:00:00,57.61,61.38,57.61,60.91,2073400,PNJ
2025-10-24 07:00:00,60.72,63.16,59.4,62.7,1714300,PNJ
2025-10-27 07:00:00,62.63,62.7,61.71,61.71,810700,PNJ
2025-10-28 07:00:00,61.71,62.7,60.58,62.63,849400,PNJ
2025-10-29 07:00:00,62.63,63.09,60.58,63.03,1134200,PNJ
2025-10-30 07:00:00,63.03,63.49,62.04,62.43,544100,PNJ
2025-10-31 07:00:00,62.43,62.43,60.85,62.43,1203300,PNJ
2025-11-03 07:00:00,62.04,62.43,61.31,61.31,503500,PNJ
2025-11-04 07:00:00,61.24,61.24,58.08,59.4,1015200,PNJ
2025-11-05 07:00:00,59.53,60.32,59.4,60.32,297100,PNJ
2025-11-06 07:00:00,60.19,60.25,59.07,59.4,318400,PNJ
2025-11-07 07:00:00,59.73,59.99,57.75,57.75,419200,PNJ
2025-11-10 07:00:00,57.75,58.6,57.42,57.42,229700,PNJ
2025-11-11 07:00:00,57.81,58.8,57.35,58.8,398000,PNJ
2025-11-12 07:00:00,58.8,59.2,58.21,59.0,158600,PNJ
2025-11-13 07:00:00,58.87,60.25,58.67,59.59,528400,PNJ
2025-11-14 07:00:00,59.46,59.73,58.87,59.4,220700,PNJ
2025-11-17 07:00:00,59.4,59.99,59.2,59.26,276300,PNJ
2025-11-18 07:00:00,59.33,59.59,58.74,59.0,271500,PNJ
2025-11-19 07:00:00,59.0,59.13,58.8,58.93,153600,PNJ
2025-11-20 07:00:00,58.8,58.93,57.28,57.94,1169700,PNJ
2025-11-21 07:00:00,57.68,57.68,57.09,57.48,258200,PNJ
2025-11-24 07:00:00,57.81,57.81,57.48,57.75,135200,PNJ
2025-11-25 07:00:00,57.88,57.94,57.42,57.42,283600,PNJ
2025-11-26 07:00:00,57.42,57.68,57.22,57.55,427200,PNJ
2025-11-27 07:00:00,57.61,59.53,57.61,59.53,831600,PNJ
2025-11-28 07:00:00,59.73,60.19,58.6,60.06,436200,PNJ
2025-12-01 07:00:00,59.73,60.58,58.41,60.45,564200,PNJ
2025-12-02 07:00:00,60.12,60.45,58.8,60.45,444000,PNJ
2025-12-03 07:00:00,60.45,60.45,59.53,60.32,401200,PNJ
2025-12-04 07:00:00,60.45,60.72,59.59,59.59,302200,PNJ
2025-12-05 07:00:00,59.26,60.72,59.13,60.45,455900,PNJ
2025-12-08 07:00:00,60.65,60.65,59.0,59.0,422100,PNJ
2025-12-09 07:00:00,59.26,59.53,57.61,58.41,675000,PNJ
2025-12-10 07:00:00,58.34,58.47,57.94,58.14,364200,PNJ
2025-12-11 07:00:00,58.34,58.6,58.01,58.08,179000,PNJ
2025-12-12 07:00:00,58.6,60.12,58.08,59.26,814000,PNJ
2025-12-15 07:00:00,59.26,59.99,59.2,59.99,563000,PNJ
2025-12-16 07:00:00,60.06,60.98,59.59,60.98,807000,PNJ
2025-12-17 07:00:00,61.11,61.11,60.12,60.98,350100,PNJ
2025-12-18 07:00:00,60.72,60.72,60.12,60.65,163400,PNJ
2025-12-19 07:00:00,60.58,61.11,59.99,61.05,553200,PNJ
2025-12-22 07:00:00,60.85,62.23,60.32,61.97,582800,PNJ
2025-12-23 07:00:00,62.37,62.43,61.11,61.64,394100,PNJ
2025-12-24 07:00:00,62.17,63.29,61.38,63.22,894300,PNJ
2025-12-25 07:00:00,63.16,63.49,62.96,62.96,1122600,PNJ
2025-12-26 07:00:00,62.83,63.29,60.72,63.29,615400,PNJ
2025-12-29 07:00:00,63.42,64.02,62.83,63.36,337600,PNJ
2025-12-30 07:00:00,63.29,64.28,63.16,63.88,576600,PNJ
2025-12-31 07:00:00,63.22,64.68,63.22,64.02,459400,PNJ
2026-01-05 07:00:00,64.48,65.01,63.69,65.01,549100,PNJ
2026-01-06 07:00:00,64.68,65.34,64.28,65.14,383300,PNJ
2026-01-07 07:00:00,65.14,67.97,64.94,67.71,1263000,PNJ
2026-01-08 07:00:00,67.71,68.64,67.32,68.64,1117700,PNJ
2026-01-09 07:00:00,68.77,69.44,67.97,68.64,727400,PNJ
2026-01-12 07:00:00,69.3,69.3,66.1,68.77,1194900,PNJ
2026-01-13 07:00:00,66.97,68.97,66.9,68.57,928900,PNJ
2026-01-14 07:00:00,67.37,68.64,66.97,67.64,565000,PNJ
2026-01-15 07:00:00,66.7,67.97,66.3,67.64,753400,PNJ
2026-01-16 07:00:00,67.64,72.37,67.64,71.77,4710600,PNJ
2026-01-19 07:00:00,71.77,76.63,71.3,76.1,2878700,PNJ
2026-01-20 07:00:00,75.23,75.96,73.77,74.57,1915700,PNJ
2026-01-21 07:00:00,73.1,75.17,72.3,73.23,1994000,PNJ
2026-01-22 07:00:00,73.43,74.57,71.77,73.57,1620200,PNJ
2026-01-23 07:00:00,73.3,76.63,72.57,74.9,2202500,PNJ
2026-01-26 07:00:00,75.83,78.5,75.17,77.83,3634400,PNJ
2026-01-27 07:00:00,77.83,78.23,76.9,77.3,1294600,PNJ
2026-01-28 07:00:00,77.9,80.7,75.96,78.96,2418400,PNJ
2026-01-29 07:00:00,79.9,84.3,79.3,84.3,6501500,PNJ
2026-01-30 07:00:00,83.16,84.63,80.96,84.63,3736300,PNJ
2026-02-02 07:00:00,82.16,82.36,78.76,78.76,3359900,PNJ
2026-02-03 07:00:00,77.43,79.96,75.63,79.96,6753100,PNJ
2026-02-04 07:00:00,80.43,80.63,79.3,79.76,2147700,PNJ
2026-02-05 07:00:00,79.9,79.96,76.23,77.43,2863500,PNJ
2026-02-06 07:00:00,75.3,75.3,72.03,72.57,5025100,PNJ
2026-02-09 07:00:00,73.63,75.83,73.3,75.23,2245000,PNJ
2026-02-10 07:00:00,75.3,76.23,69.97,75.23,2252400,PNJ
2026-02-11 07:00:00,74.03,77.23,73.97,77.23,2808300,PNJ
2026-02-12 07:00:00,77.23,79.9,75.3,78.96,1754400,PNJ
2026-02-13 07:00:00,77.96,79.96,76.9,79.96,1728500,PNJ
2026-02-23 07:00:00,80.16,81.23,79.5,80.1,1204700,PNJ
2026-02-24 07:00:00,80.1,81.16,79.16,80.3,1746700,PNJ
2026-02-25 07:00:00,80.83,80.83,74.7,79.63,2794900,PNJ
2026-02-26 07:00:00,79.16,81.23,77.96,79.96,2723400,PNJ
2026-02-27 07:00:00,80.56,81.43,79.7,81.23,2033500,PNJ
2026-03-02 07:00:00,80.9,84.56,79.96,82.96,4182400,PNJ
2026-03-03 07:00:00,82.96,83.23,79.63,81.3,1980000,PNJ
2026-03-04 07:00:00,79.23,80.56,76.56,80.56,3158200,PNJ
2026-03-05 07:00:00,79.83,79.83,75.3,77.3,2272900,PNJ
2026-03-06 07:00:00,76.63,77.3,73.7,76.3,2642800,PNJ
2026-03-09 07:00:00,71.1,72.57,70.97,70.97,2019500,PNJ
2026-03-10 07:00:00,75.77,75.77,72.43,75.63,1808000,PNJ
2026-03-11 07:00:00,75.5,79.63,74.3,79.3,1930700,PNJ
2026-03-12 07:00:00,79.03,79.03,76.63,78.56,997100,PNJ
2026-03-13 07:00:00,76.63,78.23,76.56,77.9,1048900,PNJ
2026-03-16 07:00:00,76.7,78.7,76.1,78.63,717500,PNJ
2026-03-17 07:00:00,79.1,79.43,76.9,78.43,699700,PNJ
2026-03-18 07:00:00,78.43,78.43,75.63,76.63,878600,PNJ
2026-03-19 07:00:00,75.3,76.96,74.7,76.56,651100,PNJ
2026-03-20 07:00:00,76.56,76.56,75.03,76.1,1026100,PNJ
2026-03-23 07:00:00,74.03,74.63,70.83,70.83,1814500,PNJ
2026-03-24 07:00:00,71.43,72.3,70.77,72.3,910500,PNJ
2026-03-25 07:00:00,72.97,73.97,72.17,73.97,1209800,PNJ
2026-03-26 07:00:00,73.97,74.3,68.83,70.64,2293700,PNJ
2026-03-27 07:00:00,68.5,73.23,67.1,73.23,2116700,PNJ
2026-03-30 07:00:00,70.1,71.97,70.04,71.97,1202000,PNJ
2026-03-31 07:00:00,71.97,73.3,71.37,71.97,1492200,PNJ
2026-04-01 07:00:00,72.7,73.1,71.9,72.83,813000,PNJ
2026-04-02 07:00:00,70.97,72.57,70.77,72.57,937100,PNJ
2026-04-03 07:00:00,71.57,72.5,71.17,72.5,1010700,PNJ
2026-04-06 07:00:00,71.17,71.77,69.7,69.7,705500,PNJ
2026-04-07 07:00:00,69.7,70.04,66.64,66.64,1434500,PNJ
2026-04-08 07:00:00,68.97,71.3,68.44,71.3,971800,PNJ
2026-04-09 07:00:00,71.3,73.3,71.1,73.3,1176800,PNJ
2026-04-10 07:00:00,72.63,73.17,72.1,72.63,477400,PNJ
2026-04-13 07:00:00,72.63,73.97,72.5,73.3,723700,PNJ
2026-04-14 07:00:00,72.3,73.5,72.23,72.97,577200,PNJ
2026-04-15 07:00:00,73.37,74.97,72.63,72.77,551200,PNJ
2026-04-16 07:00:00,72.83,73.3,71.43,72.57,542200,PNJ
2026-04-17 07:00:00,72.57,74.97,72.17,73.97,1411900,PNJ
2026-04-20 07:00:00,74.3,76.63,74.3,76.63,1866600,PNJ
2026-04-21 07:00:00,76.9,77.03,74.23,74.57,1077600,PNJ
2026-04-22 07:00:00,75.96,75.96,72.63,73.3,2344800,PNJ
2026-04-23 07:00:00,75.1,76.6,71.1,71.7,1660400,PNJ
2026-04-24 07:00:00,71.9,72.4,69.0,70.0,1338800,PNJ
2026-04-28 07:00:00,70.1,70.1,66.9,67.0,1616500,PNJ
2026-04-29 07:00:00,67.5,69.0,67.0,67.3,2045300,PNJ
2026-05-04 07:00:00,67.6,68.9,67.6,68.3,1225800,PNJ
2026-05-05 07:00:00,68.3,68.3,67.2,67.4,1150100,PNJ
2026-05-06 07:00:00,68.1,68.1,67.2,68.0,1205200,PNJ
2026-05-07 07:00:00,68.2,70.0,68.1,69.1,1209000,PNJ
2026-05-08 07:00:00,69.1,70.1,69.1,70.1,986700,PNJ
2026-05-11 07:00:00,70.1,70.2,68.6,69.1,1038900,PNJ
2026-05-12 07:00:00,69.2,69.5,68.2,69.5,644500,PNJ
2026-05-13 07:00:00,69.5,70.0,68.9,69.6,459800,PNJ
2026-05-14 07:00:00,69.6,69.6,68.3,69.5,669200,PNJ
2026-05-15 07:00:00,69.1,69.1,67.1,67.3,1447200,PNJ
2026-05-18 07:00:00,67.1,67.1,64.5,64.7,2277600,PNJ
2026-05-19 07:00:00,64.3,66.7,64.3,65.0,1273000,PNJ
2026-05-20 07:00:00,64.5,66.1,63.4,65.8,1042000,PNJ
2026-05-21 07:00:00,65.9,66.1,64.7,65.3,855200,PNJ
2026-05-22 07:00:00,65.3,65.7,64.4,65.5,952100,PNJ
2026-05-25 07:00:00,66.0,66.0,64.3,64.3,710200,PNJ
2026-05-26 07:00:00,64.8,65.4,64.1,65.2,762200,PNJ
2026-05-27 07:00:00,65.0,65.6,65.0,65.3,514200,PNJ
2026-05-28 07:00:00,65.3,66.2,64.5,65.9,958700,PNJ
2026-05-29 07:00:00,65.3,66.1,64.9,65.8,738800,PNJ
2026-06-01 07:00:00,65.8,66.0,65.0,65.8,414900,PNJ
2026-06-02 07:00:00,65.2,65.7,64.6,65.0,694300,PNJ
2026-06-03 07:00:00,65.2,65.7,64.5,65.4,433300,PNJ
2026-06-04 07:00:00,65.4,65.5,64.3,65.0,660300,PNJ
2026-06-05 07:00:00,65.0,65.7,64.5,65.7,672500,PNJ
2026-06-08 07:00:00,64.7,65.5,64.6,65.1,1098900,PNJ
2026-06-09 07:00:00,64.8,64.9,63.5,64.8,1099300,PNJ
2026-06-10 07:00:00,63.9,64.7,63.6,64.0,878500,PNJ
2026-06-11 07:00:00,63.4,63.4,61.7,62.0,1190100,PNJ
2026-06-12 07:00:00,62.8,63.3,62.0,62.0,783600,PNJ
2026-06-15 07:00:00,63.1,65.2,63.1,65.0,1400200,PNJ
2026-06-16 07:00:00,64.9,68.5,64.5,68.2,2527000,PNJ
2026-06-17 07:00:00,68.4,68.4,66.9,68.0,915200,PNJ
2026-06-18 07:00:00,67.5,68.0,66.9,68.0,799900,PNJ
2026-06-19 07:00:00,66.8,67.9,66.8,67.1,668200,PNJ
2026-06-22 07:00:00,65.0,66.0,64.8,66.0,1405400,PNJ
2026-06-23 07:00:00,66.4,66.4,64.9,65.2,659700,PNJ
2026-06-24 07:00:00,64.8,66.0,64.4,65.5,724500,PNJ
2026-06-25 07:00:00,65.0,65.0,63.8,64.1,804500,PNJ
2026-06-26 07:00:00,63.6,63.8,62.7,63.5,542200,PNJ
2026-06-29 07:00:00,63.5,63.6,62.7,63.2,636200,PNJ
2026-06-30 07:00:00,63.1,63.2,62.3,63.0,715400,PNJ
2026-07-01 07:00:00,62.5,63.4,62.5,62.7,586500,PNJ
2026-07-02 07:00:00,63.0,64.8,62.8,63.1,2175200,PNJ
2026-07-03 07:00:00,58.7,58.7,58.7,58.7,1185500,PNJ
2026-07-06 07:00:00,54.6,54.6,54.6,54.6,565000,PNJ
2026-07-07 07:00:00,50.8,50.8,50.8,50.8,994200,PNJ
2026-07-08 07:00:00,47.25,52.0,47.25,52.0,25605600,PNJ
2026-07-09 07:00:00,52.0,54.0,50.0,50.0,4764300,PNJ
2026-07-10 07:00:00,49.7,49.8,46.5,46.6,10169700,PNJ
2026-07-13 07:00:00,45.9,46.5,43.75,43.85,6681400,PNJ
2026-07-14 07:00:00,43.9,46.9,43.8,46.9,5620000,PNJ
2026-07-15 07:00:00,46.8,46.8,43.65,43.65,8168200,PNJ
2026-07-16 07:00:00,41.7,42.75,40.6,40.9,14681800,PNJ
2026-07-17 07:00:00,41.5,43.0,40.5,43.0,7504500,PNJ
2026-07-20 07:00:00,43.35,43.35,40.6,41.0,5780000,PNJ
2026-07-21 07:00:00,40.9,41.5,38.15,38.15,9655900,PNJ
2026-07-22 07:00:00,35.5,36.95,35.5,35.5,7538000,PNJ
2026-07-23 07:00:00,33.05,33.05,33.05,33.05,586700,PNJ
2026-07-24 07:00:00,30.75,32.05,30.75,30.75,41349200,PNJ
2026-07-27 07:00:00,30.95,32.9,30.9,32.9,10257100,PNJ
2026-07-28 07:00:00,33.1,35.2,32.65,32.65,20423300,PNJ
2026-07-29 07:00:00,32.9,33.9,32.45,32.75,7236500,PNJ
2026-07-30 07:00:00,32.75,33.45,31.8,32.5,7820300,PNJ
2026-07-31 07:00:00,30.35,31.25,30.25,31.0,17734700,PNJ
2026-08-03 07:00:00,31.2,33.15,31.2,33.15,8005300,PNJ
2026-08-04 07:00:00,34.0,35.45,34.0,35.45,10647300,PNJ
2026-08-05 07:00:00,37.25,37.9,36.75,37.9,7807700,PNJ
2026-08-06 07:00:00,39.1,39.7,36.2,36.45,8463700,PNJ
2026-08-07 07:00:00,36.1,37.9,35.1,36.0,3949500,PNJ
2026-08-10 07:00:00,35.4,36.4,34.55,35.95,2725500,PNJ
2026-08-11 07:00:00,36.3,36.75,34.85,34.85,3197000,PNJ
2026-08-12 07:00:00,35.1,35.6,34.85,35.05,2360000,PNJ
2026-08-13 07:00:00,35.6,35.75,35.15,35.3,2472100,PNJ
2026-08-14 07:00:00,35.35,37.5,35.25,36.5,4771400,PNJ
2026-08-17 07:00:00,36.6,37.0,35.6,36.2,2983300,PNJ
2026-08-18 07:00:00,36.2,36.25,34.85,35.05,4749600,PNJ
2026-08-19 07:00:00,35.35,36.6,34.6,35.7,3352700,PNJ
2026-08-20 07:00:00,36.5,37.8,36.5,37.3,5683400,PNJ
2026-08-21 07:00:00,39.9,39.9,39.9,39.9,4043900,PNJ
2026-08-24 07:00:00,42.65,42.65,42.65,42.65,1143100,PNJ
2026-08-25 07:00:00,45.55,45.55,40.8,42.65,22381900,PNJ
2026-08-26 07:00:00,42.75,43.45,42.3,43.1,5908700,PNJ
2026-08-27 07:00:00,43.15,43.25,41.4,41.9,6328700,PNJ
2026-08-28 07:00:00,42.0,42.5,41.2,42.1,3717700,PNJ
2026-09-03 07:00:00,41.5,41.6,39.8,39.8,8105000,PNJ
2026-09-04 07:00:00,39.5,40.5,38.2,40.05,8025100,PNJ
2026-09-07 07:00:00,39.6,39.95,38.3,38.4,4302000,PNJ
2026-09-08 07:00:00,38.3,39.75,37.3,38.4,3343100,PNJ
2026-09-09 07:00:00,38.6,38.65,37.6,37.95,4080500,PNJ
2026-09-10 07:00:00,37.85,38.5,37.8,38.2,1639200,PNJ
2026-09-11 07:00:00,38.2,38.3,37.15,37.3,4937600,PNJ
2026-09-14 07:00:00,37.45,37.5,35.0,35.9,6415200,PNJ
2026-09-15 07:00:00,35.55,37.55,35.55,37.2,3430700,PNJ
2026-09-16 07:00:00,37.55,37.55,36.5,36.75,2328600,PNJ
2026-09-17 07:00:00,36.9,36.95,36.05,36.75,2910800,PNJ
2026-09-18 07:00:00,36.6,38.05,36.25,36.75,6357100,PNJ
2026-09-21 07:00:00,37.0,37.0,36.6,36.9,1754300,PNJ
2026-09-22 07:00:00,36.95,37.0,35.55,35.8,5391500,PNJ
2026-09-23 07:00:00,35.8,35.9,35.0,35.45,1181500,PNJ
