time,open,high,low,close,volume,ticker
2019-01-14 07:00:00,12.4,12.47,12.08,12.32,5012350,POW
2019-01-15 07:00:00,12.36,12.47,12.12,12.4,2169510,POW
2019-01-16 07:00:00,12.4,12.4,12.28,12.32,2143250,POW
2019-01-17 07:00:00,12.28,12.4,12.2,12.32,2113620,POW
2019-01-18 07:00:00,12.24,12.28,12.0,12.0,1448780,POW
2019-01-21 07:00:00,12.0,12.28,11.68,12.12,1817190,POW
2019-01-22 07:00:00,12.12,12.28,12.12,12.24,1768140,POW
2019-01-23 07:00:00,12.24,12.24,12.12,12.24,977240,POW
2019-01-24 07:00:00,12.16,12.24,12.12,12.16,517110,POW
2019-01-25 07:00:00,12.16,12.16,12.08,12.16,435200,POW
2019-01-28 07:00:00,12.16,12.51,12.16,12.43,3064880,POW
2019-01-29 07:00:00,12.47,12.95,12.36,12.87,4980230,POW
2019-01-30 07:00:00,12.87,13.7,12.87,13.26,7552940,POW
2019-01-31 07:00:00,13.26,13.38,12.95,12.99,2362380,POW
2019-02-01 07:00:00,12.91,13.18,12.91,13.07,1619200,POW
2019-02-11 07:00:00,13.14,13.5,13.14,13.38,3752380,POW
2019-02-12 07:00:00,13.42,13.42,13.3,13.34,2686510,POW
2019-02-13 07:00:00,13.34,13.34,13.18,13.3,3916110,POW
2019-02-14 07:00:00,13.26,13.58,13.18,13.3,5089900,POW
2019-02-15 07:00:00,13.38,13.42,13.22,13.22,3055960,POW
2019-02-18 07:00:00,13.3,13.82,13.3,13.82,8489990,POW
2019-02-19 07:00:00,13.82,13.9,13.34,13.38,3702110,POW
2019-02-20 07:00:00,13.34,13.42,13.07,13.07,3391290,POW
2019-02-21 07:00:00,13.03,13.26,12.91,12.99,4536990,POW
2019-02-22 07:00:00,12.99,13.07,12.59,12.79,5377940,POW
2019-02-25 07:00:00,12.79,13.03,12.79,12.95,1893470,POW
2019-02-26 07:00:00,12.95,12.99,12.75,12.83,1675950,POW
2019-02-27 07:00:00,12.83,13.03,12.83,12.95,1365590,POW
2019-02-28 07:00:00,12.99,12.99,12.71,12.71,1692050,POW
2019-03-01 07:00:00,12.71,13.18,12.67,13.18,2603830,POW
2019-03-04 07:00:00,13.26,13.38,12.99,12.99,2024920,POW
2019-03-05 07:00:00,13.1,13.5,12.99,13.26,3907610,POW
2019-03-06 07:00:00,13.38,13.46,13.14,13.3,2418960,POW
2019-03-07 07:00:00,13.34,13.42,13.18,13.38,1974070,POW
2019-03-08 07:00:00,13.26,13.26,13.1,13.18,1326590,POW
2019-03-11 07:00:00,13.18,13.18,12.75,12.91,2640560,POW
2019-03-12 07:00:00,13.07,13.18,12.79,12.91,3079800,POW
2019-03-13 07:00:00,13.18,13.22,13.03,13.03,2715120,POW
2019-03-14 07:00:00,13.07,13.1,12.99,13.1,1449750,POW
2019-03-15 07:00:00,13.1,13.1,12.87,12.87,1643500,POW
2019-03-18 07:00:00,12.87,12.87,12.32,12.47,5694310,POW
2019-03-19 07:00:00,12.47,12.71,12.24,12.28,2644790,POW
2019-03-20 07:00:00,12.28,12.75,12.04,12.51,4660610,POW
2019-03-21 07:00:00,12.59,12.63,12.08,12.08,2162840,POW
2019-03-22 07:00:00,12.12,12.36,12.08,12.24,2211480,POW
2019-03-25 07:00:00,11.92,12.04,11.72,11.76,3191830,POW
2019-03-26 07:00:00,11.96,11.96,11.68,11.72,1539410,POW
2019-03-27 07:00:00,11.84,12.28,11.84,12.16,3047950,POW
2019-03-28 07:00:00,12.12,12.16,12.04,12.04,457770,POW
2019-03-29 07:00:00,12.16,12.2,11.96,11.96,696560,POW
2019-04-01 07:00:00,12.0,12.08,11.88,12.08,1403170,POW
2019-04-02 07:00:00,12.24,12.28,12.08,12.08,2096660,POW
2019-04-03 07:00:00,12.12,12.12,12.0,12.08,587910,POW
2019-04-04 07:00:00,12.16,12.2,12.04,12.04,1308300,POW
2019-04-05 07:00:00,12.16,12.28,12.04,12.16,1648190,POW
2019-04-08 07:00:00,12.2,12.32,12.16,12.28,2362440,POW
2019-04-09 07:00:00,12.36,12.36,12.04,12.04,999160,POW
2019-04-10 07:00:00,12.04,12.04,11.84,11.88,1394870,POW
2019-04-11 07:00:00,11.92,11.96,11.84,11.88,681090,POW
2019-04-12 07:00:00,11.84,11.96,11.8,11.96,600920,POW
2019-04-16 07:00:00,11.88,11.88,11.76,11.84,671970,POW
2019-04-17 07:00:00,11.92,11.92,11.57,11.57,1109360,POW
2019-04-18 07:00:00,11.57,11.8,11.29,11.37,1797300,POW
2019-04-19 07:00:00,11.37,11.53,11.01,11.13,2911730,POW
2019-04-22 07:00:00,11.13,11.33,11.05,11.25,644070,POW
2019-04-23 07:00:00,11.21,11.45,11.05,11.17,1585540,POW
2019-04-24 07:00:00,11.21,11.45,11.13,11.45,1116670,POW
2019-04-25 07:00:00,11.45,11.45,11.25,11.33,507830,POW
2019-04-26 07:00:00,11.21,11.68,11.17,11.68,1125830,POW
2019-05-02 07:00:00,11.68,11.72,11.53,11.57,741980,POW
2019-05-03 07:00:00,11.57,11.6,11.49,11.53,548580,POW
2019-05-06 07:00:00,11.21,11.37,11.13,11.25,719510,POW
2019-05-07 07:00:00,11.25,11.33,10.97,10.97,1733430,POW
2019-05-08 07:00:00,10.97,11.05,10.78,10.82,1830900,POW
2019-05-09 07:00:00,10.93,10.97,10.5,10.66,2839890,POW
2019-05-10 07:00:00,10.78,10.78,10.54,10.74,1510150,POW
2019-05-13 07:00:00,10.9,11.29,10.9,11.25,2065340,POW
2019-05-14 07:00:00,11.37,12.0,11.37,12.0,5562230,POW
2019-05-15 07:00:00,12.43,12.59,12.2,12.24,4049060,POW
2019-05-16 07:00:00,12.16,12.32,12.0,12.0,2155740,POW
2019-05-17 07:00:00,12.08,12.36,12.04,12.2,3015910,POW
2019-05-20 07:00:00,12.24,12.32,12.16,12.24,2200780,POW
2019-05-21 07:00:00,12.24,12.32,12.12,12.16,2095150,POW
2019-05-22 07:00:00,12.2,12.43,12.16,12.2,2668910,POW
2019-05-23 07:00:00,12.12,12.24,12.08,12.24,1087530,POW
2019-05-24 07:00:00,12.24,12.47,12.08,12.4,2890960,POW
2019-05-27 07:00:00,12.47,12.59,12.4,12.47,2310430,POW
2019-05-28 07:00:00,12.63,12.79,12.47,12.63,5215080,POW
2019-05-29 07:00:00,12.47,12.55,12.4,12.4,1945380,POW
2019-05-30 07:00:00,12.47,12.47,12.36,12.4,1021950,POW
2019-05-31 07:00:00,12.4,12.4,12.04,12.04,1733870,POW
2019-06-03 07:00:00,11.96,12.16,11.76,12.0,1182880,POW
2019-06-04 07:00:00,12.0,12.32,12.0,12.24,857300,POW
2019-06-05 07:00:00,12.32,12.36,12.24,12.32,1431870,POW
2019-06-06 07:00:00,12.32,12.43,12.24,12.43,1463300,POW
2019-06-07 07:00:00,12.51,12.71,12.51,12.67,3216140,POW
2019-06-10 07:00:00,12.87,12.95,12.67,12.71,2921550,POW
2019-06-11 07:00:00,12.71,12.75,12.47,12.51,1320290,POW
2019-06-12 07:00:00,12.51,12.51,12.36,12.43,1922670,POW
2019-06-13 07:00:00,12.43,12.43,12.2,12.32,1315050,POW
2019-06-14 07:00:00,12.16,12.43,12.16,12.32,520010,POW
2019-06-17 07:00:00,12.59,12.63,12.4,12.59,3637680,POW
2019-06-18 07:00:00,12.63,12.67,12.43,12.47,3147750,POW
2019-06-19 07:00:00,12.36,12.55,12.36,12.36,1797490,POW
2019-06-20 07:00:00,12.32,12.36,12.2,12.24,1217460,POW
2019-06-21 07:00:00,12.16,12.4,12.08,12.16,33346330,POW
2019-06-24 07:00:00,12.16,12.16,11.68,11.72,2920390,POW
2019-06-25 07:00:00,11.72,12.0,11.64,11.72,2049410,POW
2019-06-26 07:00:00,11.72,11.84,11.68,11.68,882080,POW
2019-06-27 07:00:00,11.68,11.72,11.37,11.41,1137220,POW
2019-06-28 07:00:00,11.41,12.0,11.33,12.0,2710410,POW
2019-07-01 07:00:00,11.84,11.92,11.76,11.84,935300,POW
2019-07-02 07:00:00,11.84,11.84,11.45,11.68,355030,POW
2019-07-03 07:00:00,11.6,11.72,11.53,11.64,494650,POW
2019-07-04 07:00:00,11.72,11.8,11.6,11.68,541380,POW
2019-07-05 07:00:00,11.72,11.72,11.57,11.6,563140,POW
2019-07-08 07:00:00,11.6,11.68,11.53,11.57,563020,POW
2019-07-09 07:00:00,11.53,11.6,11.45,11.45,461750,POW
2019-07-10 07:00:00,11.53,11.72,11.53,11.6,990310,POW
2019-07-11 07:00:00,11.68,11.72,11.57,11.68,588150,POW
2019-07-12 07:00:00,11.76,11.84,11.6,11.76,1071280,POW
2019-07-15 07:00:00,11.76,11.76,11.6,11.6,410750,POW
2019-07-16 07:00:00,11.6,11.68,11.53,11.53,1042270,POW
2019-07-17 07:00:00,11.53,11.53,11.41,11.49,640600,POW
2019-07-18 07:00:00,11.49,11.49,11.29,11.33,886370,POW
2019-07-19 07:00:00,11.37,11.45,11.05,11.09,1377980,POW
2019-07-22 07:00:00,11.13,11.37,10.97,11.05,1507590,POW
2019-07-23 07:00:00,11.05,11.17,11.01,11.13,668930,POW
2019-07-24 07:00:00,11.37,11.37,11.09,11.09,698410,POW
2019-07-25 07:00:00,11.29,11.29,11.13,11.17,1064760,POW
2019-07-26 07:00:00,11.29,11.37,11.17,11.17,948270,POW
2019-07-29 07:00:00,11.25,11.29,11.01,11.09,785670,POW
2019-07-30 07:00:00,11.09,11.13,10.9,10.9,1393240,POW
2019-07-31 07:00:00,10.9,11.13,10.82,11.13,981860,POW
2019-08-01 07:00:00,11.21,11.25,10.9,10.97,1116990,POW
2019-08-02 07:00:00,11.01,11.25,10.9,11.05,2041200,POW
2019-08-05 07:00:00,11.09,11.33,10.97,10.97,1529800,POW
2019-08-06 07:00:00,10.58,10.93,10.58,10.62,1577560,POW
2019-08-07 07:00:00,10.58,10.9,10.54,10.58,2120610,POW
2019-08-08 07:00:00,10.62,10.7,10.46,10.54,1407860,POW
2019-08-09 07:00:00,10.7,10.74,10.58,10.62,1188030,POW
2019-08-12 07:00:00,10.66,10.7,10.5,10.5,1058150,POW
2019-08-13 07:00:00,10.5,10.54,10.07,10.18,2625640,POW
2019-08-14 07:00:00,10.34,10.42,10.18,10.18,1316790,POW
2019-08-15 07:00:00,9.99,10.18,9.95,10.1,900070,POW
2019-08-16 07:00:00,10.1,10.26,10.1,10.18,1054600,POW
2019-08-19 07:00:00,10.38,10.38,10.1,10.22,937260,POW
2019-08-20 07:00:00,10.22,10.3,10.18,10.22,821310,POW
2019-08-21 07:00:00,10.26,10.5,10.22,10.5,2333080,POW
2019-08-22 07:00:00,10.58,10.62,10.46,10.46,1289090,POW
2019-08-23 07:00:00,10.5,10.5,10.42,10.42,924650,POW
2019-08-26 07:00:00,10.26,10.42,10.18,10.18,1082960,POW
2019-08-27 07:00:00,10.22,10.38,10.18,10.38,1379470,POW
2019-08-28 07:00:00,10.38,10.42,10.18,10.18,730320,POW
2019-08-29 07:00:00,10.26,10.26,10.1,10.1,744490,POW
2019-08-30 07:00:00,10.22,10.26,10.14,10.18,309500,POW
2019-09-03 07:00:00,10.26,10.26,10.14,10.18,324860,POW
2019-09-04 07:00:00,10.26,10.22,10.1,10.18,278680,POW
2019-09-05 07:00:00,10.18,10.22,10.1,10.14,404840,POW
2019-09-06 07:00:00,10.22,10.22,10.1,10.1,230770,POW
2019-09-09 07:00:00,10.1,10.18,9.95,9.95,628570,POW
2019-09-10 07:00:00,9.95,10.07,9.71,9.71,763800,POW
2019-09-11 07:00:00,9.71,9.79,9.55,9.63,559360,POW
2019-09-12 07:00:00,9.63,9.99,9.63,9.79,720450,POW
2019-09-13 07:00:00,9.87,10.1,9.87,9.99,802520,POW
2019-09-16 07:00:00,10.18,10.22,9.99,10.03,820120,POW
2019-09-17 07:00:00,9.99,10.03,9.87,9.87,522850,POW
2019-09-18 07:00:00,9.87,10.18,9.87,10.03,713690,POW
2019-09-19 07:00:00,10.1,10.1,9.99,10.03,707480,POW
2019-09-20 07:00:00,10.07,10.07,9.91,9.91,1311040,POW
2019-09-23 07:00:00,9.91,10.07,9.91,9.91,650780,POW
2019-09-24 07:00:00,9.91,9.95,9.87,9.87,485060,POW
2019-09-25 07:00:00,9.87,9.91,9.71,9.75,979390,POW
2019-09-26 07:00:00,9.83,9.83,9.63,9.71,1515400,POW
2019-09-27 07:00:00,9.87,10.14,9.75,10.03,3040780,POW
2019-09-30 07:00:00,10.07,10.34,10.03,10.18,2611700,POW
2019-10-01 07:00:00,10.18,10.26,10.1,10.14,1071420,POW
2019-10-02 07:00:00,10.14,10.14,10.03,10.1,949780,POW
2019-10-03 07:00:00,10.03,10.07,9.87,9.95,1066530,POW
2019-10-04 07:00:00,9.99,10.26,9.99,10.14,2776940,POW
2019-10-07 07:00:00,10.14,10.34,10.14,10.26,2550910,POW
2019-10-08 07:00:00,10.34,10.42,10.14,10.22,1731410,POW
2019-10-09 07:00:00,10.22,10.26,10.14,10.14,1281030,POW
2019-10-10 07:00:00,10.18,10.26,10.1,10.18,2137300,POW
2019-10-11 07:00:00,10.22,10.22,10.03,10.07,1290330,POW
2019-10-14 07:00:00,10.1,10.18,10.03,10.14,1608460,POW
2019-10-15 07:00:00,10.1,10.14,10.07,10.1,1110460,POW
2019-10-16 07:00:00,10.14,10.46,10.1,10.38,4518750,POW
2019-10-17 07:00:00,10.46,10.5,10.34,10.42,1820970,POW
2019-10-18 07:00:00,10.46,10.66,10.46,10.5,4298110,POW
2019-10-21 07:00:00,10.5,10.5,10.34,10.38,1395670,POW
2019-10-22 07:00:00,10.38,10.38,10.22,10.3,2448870,POW
2019-10-23 07:00:00,10.3,10.42,10.18,10.26,2690170,POW
2019-10-24 07:00:00,10.34,10.42,10.3,10.34,1342400,POW
2019-10-25 07:00:00,10.42,10.5,10.34,10.42,1917280,POW
2019-10-28 07:00:00,10.46,10.5,10.34,10.34,1910680,POW
2019-10-29 07:00:00,10.3,10.42,10.18,10.18,2227560,POW
2019-10-30 07:00:00,10.18,10.3,10.14,10.22,1328290,POW
2019-10-31 07:00:00,10.34,10.54,10.26,10.3,2865390,POW
2019-11-01 07:00:00,10.38,10.7,10.26,10.7,3475030,POW
2019-11-04 07:00:00,10.74,11.01,10.62,10.86,5394180,POW
2019-11-05 07:00:00,10.9,10.93,10.82,10.82,2233670,POW
2019-11-06 07:00:00,10.82,10.93,10.74,10.74,3032590,POW
2019-11-07 07:00:00,10.86,10.86,10.7,10.74,1584190,POW
2019-11-08 07:00:00,10.82,10.82,10.66,10.66,1541280,POW
2019-11-11 07:00:00,10.7,10.7,10.54,10.58,2413190,POW
2019-11-12 07:00:00,10.58,10.62,10.5,10.58,1766020,POW
2019-11-13 07:00:00,10.58,10.74,10.58,10.58,1900110,POW
2019-11-14 07:00:00,10.58,10.66,10.54,10.58,1245380,POW
2019-11-15 07:00:00,10.62,10.66,10.54,10.62,1774620,POW
2019-11-18 07:00:00,10.74,10.82,10.66,10.78,2409180,POW
2019-11-19 07:00:00,10.82,10.9,10.78,10.86,1239810,POW
2019-11-20 07:00:00,10.9,10.93,10.78,10.82,1408400,POW
2019-11-21 07:00:00,10.82,10.82,10.66,10.82,1206600,POW
2019-11-22 07:00:00,10.78,10.82,10.5,10.5,1981770,POW
2019-11-25 07:00:00,10.54,10.58,10.38,10.5,1251490,POW
2019-11-26 07:00:00,10.5,10.62,10.46,10.58,1976450,POW
2019-11-27 07:00:00,10.54,10.62,10.42,10.46,1190110,POW
2019-11-28 07:00:00,10.46,10.46,10.14,10.18,2086560,POW
2019-11-29 07:00:00,10.18,10.22,10.03,10.1,1573450,POW
2019-12-02 07:00:00,10.1,10.38,9.87,9.95,1412320,POW
2019-12-03 07:00:00,9.87,9.95,9.71,9.79,2078100,POW
2019-12-04 07:00:00,9.71,10.03,9.71,10.03,873600,POW
2019-12-05 07:00:00,10.07,10.07,9.91,9.99,843930,POW
2019-12-06 07:00:00,9.95,9.99,9.91,9.99,462520,POW
2019-12-09 07:00:00,10.03,10.03,9.91,9.95,782040,POW
2019-12-10 07:00:00,9.91,9.95,9.75,9.75,1932240,POW
2019-12-11 07:00:00,9.79,9.87,9.75,9.87,583750,POW
2019-12-12 07:00:00,9.91,9.91,9.79,9.79,752860,POW
2019-12-13 07:00:00,9.83,9.87,9.75,9.75,994940,POW
2019-12-16 07:00:00,9.79,9.99,9.75,9.99,1470600,POW
2019-12-17 07:00:00,10.03,10.03,9.75,9.75,704870,POW
2019-12-18 07:00:00,9.75,9.83,9.71,9.75,1228730,POW
2019-12-19 07:00:00,9.79,9.91,9.75,9.83,983350,POW
2019-12-20 07:00:00,9.87,9.91,9.75,9.75,2979160,POW
2019-12-23 07:00:00,9.83,9.91,9.79,9.79,1691740,POW
2019-12-24 07:00:00,9.87,9.91,9.75,9.79,964320,POW
2019-12-25 07:00:00,9.79,9.79,9.59,9.71,2503850,POW
2019-12-26 07:00:00,9.67,9.75,9.63,9.67,818600,POW
2019-12-27 07:00:00,9.67,9.71,9.24,9.28,3954730,POW
2019-12-30 07:00:00,9.24,9.32,8.96,9.08,3067050,POW
2019-12-31 07:00:00,9.08,9.16,9.0,9.04,1263220,POW
2020-01-02 07:00:00,9.08,9.4,9.04,9.4,1569270,POW
2020-01-03 07:00:00,9.4,9.47,9.2,9.24,1245410,POW
2020-01-06 07:00:00,9.2,9.24,8.96,8.96,2064670,POW
2020-01-07 07:00:00,9.0,9.04,8.84,8.88,1893960,POW
2020-01-08 07:00:00,8.84,8.84,8.29,8.49,5339280,POW
2020-01-09 07:00:00,8.57,8.76,8.53,8.6,2226540,POW
2020-01-10 07:00:00,8.64,8.8,8.53,8.76,1461150,POW
2020-01-13 07:00:00,8.76,8.76,8.68,8.68,1298370,POW
2020-01-14 07:00:00,8.76,8.76,8.6,8.6,1438620,POW
2020-01-15 07:00:00,8.6,8.6,8.53,8.6,1119580,POW
2020-01-16 07:00:00,8.68,8.72,8.6,8.68,1479520,POW
2020-01-17 07:00:00,8.72,8.72,8.53,8.53,1629430,POW
2020-01-20 07:00:00,8.53,8.6,8.41,8.45,1136080,POW
2020-01-21 07:00:00,8.6,8.84,8.6,8.6,2980510,POW
2020-01-22 07:00:00,8.68,8.8,8.64,8.76,1844340,POW
2020-01-30 07:00:00,8.68,8.96,8.68,8.76,3263130,POW
2020-01-31 07:00:00,8.76,8.84,8.29,8.29,2556250,POW
2020-02-03 07:00:00,7.82,8.05,7.71,7.89,3839880,POW
2020-02-04 07:00:00,7.97,8.05,7.5,7.5,3640180,POW
2020-02-05 07:00:00,7.58,7.66,7.48,7.56,2301300,POW
2020-02-06 07:00:00,7.58,7.93,7.55,7.93,2202420,POW
2020-02-07 07:00:00,7.93,7.97,7.81,7.82,1520380,POW
2020-02-10 07:00:00,7.66,7.74,7.62,7.64,1441160,POW
2020-02-11 07:00:00,7.67,7.86,7.66,7.78,1775070,POW
2020-02-12 07:00:00,7.85,8.33,7.82,8.33,3050250,POW
2020-02-13 07:00:00,8.45,8.64,8.17,8.33,3076810,POW
2020-02-14 07:00:00,8.33,8.33,8.13,8.21,1156570,POW
2020-02-17 07:00:00,8.17,8.25,8.09,8.17,2084770,POW
2020-02-18 07:00:00,8.21,8.25,8.13,8.17,1786200,POW
2020-02-19 07:00:00,8.21,8.37,8.17,8.25,1982300,POW
2020-02-20 07:00:00,8.29,8.64,8.29,8.6,4728350,POW
2020-02-21 07:00:00,8.6,8.64,8.41,8.49,1762570,POW
2020-02-24 07:00:00,8.21,8.25,7.9,7.9,3312940,POW
2020-02-25 07:00:00,7.6,7.88,7.6,7.86,3369430,POW
2020-02-26 07:00:00,7.66,8.21,7.66,8.05,2278130,POW
2020-02-27 07:00:00,8.05,8.17,7.9,7.97,1045640,POW
2020-02-28 07:00:00,7.82,7.88,7.7,7.78,2284820,POW
2020-03-02 07:00:00,7.78,7.89,7.72,7.88,1786920,POW
2020-03-03 07:00:00,8.05,8.09,7.84,7.84,2539230,POW
2020-03-04 07:00:00,7.86,7.97,7.82,7.86,2680650,POW
2020-03-05 07:00:00,8.01,8.21,7.97,8.05,3579000,POW
2020-03-06 07:00:00,8.01,8.09,7.9,7.97,2292720,POW
2020-03-09 07:00:00,7.42,7.74,7.42,7.42,4943410,POW
2020-03-10 07:00:00,7.26,7.57,7.1,7.5,2871290,POW
2020-03-11 07:00:00,7.56,7.62,7.08,7.12,5177740,POW
2020-03-12 07:00:00,6.71,6.83,6.62,6.62,5361200,POW
2020-03-13 07:00:00,6.17,7.03,6.17,7.03,4570810,POW
2020-03-16 07:00:00,6.95,7.01,6.56,7.01,3241750,POW
2020-03-17 07:00:00,6.64,7.41,6.64,6.99,3061070,POW
2020-03-18 07:00:00,7.03,7.07,6.8,6.92,1935700,POW
2020-03-19 07:00:00,6.72,6.86,6.63,6.69,2633250,POW
2020-03-20 07:00:00,6.71,6.87,6.64,6.68,1980340,POW
2020-03-23 07:00:00,6.43,6.68,6.21,6.21,4628880,POW
2020-03-24 07:00:00,5.93,6.16,5.89,5.94,5979090,POW
2020-03-25 07:00:00,6.22,6.25,6.13,6.2,2458770,POW
2020-03-26 07:00:00,6.16,6.16,6.0,6.0,2129230,POW
2020-03-27 07:00:00,5.96,6.31,5.96,6.02,3296170,POW
2020-03-30 07:00:00,5.68,5.92,5.6,5.64,6321180,POW
2020-03-31 07:00:00,5.64,5.78,5.41,5.6,3326670,POW
2020-04-01 07:00:00,5.53,5.81,5.53,5.81,2786690,POW
2020-04-03 07:00:00,5.98,6.11,5.92,6.08,4559830,POW
2020-04-06 07:00:00,6.16,6.47,6.16,6.43,5085950,POW
2020-04-07 07:00:00,6.47,6.47,6.2,6.31,3974120,POW
2020-04-08 07:00:00,6.24,6.74,6.12,6.74,9412400,POW
2020-04-09 07:00:00,7.1,7.1,6.87,6.88,8939620,POW
2020-04-10 07:00:00,6.88,6.88,6.71,6.73,4340530,POW
2020-04-13 07:00:00,6.71,7.1,6.71,6.95,9334920,POW
2020-04-14 07:00:00,7.03,7.19,6.99,7.14,8810870,POW
2020-04-15 07:00:00,7.14,7.25,7.11,7.15,5992790,POW
2020-04-16 07:00:00,7.14,7.14,7.0,7.07,6101990,POW
2020-04-17 07:00:00,7.18,7.22,7.11,7.14,7226610,POW
2020-04-20 07:00:00,7.14,7.62,7.14,7.42,9313990,POW
2020-04-21 07:00:00,7.23,7.67,7.18,7.37,8218710,POW
2020-04-22 07:00:00,7.22,7.61,7.22,7.48,6720180,POW
2020-04-23 07:00:00,7.63,7.65,7.5,7.5,5040470,POW
2020-04-24 07:00:00,7.5,7.54,7.37,7.54,4195500,POW
2020-04-27 07:00:00,7.64,7.88,7.62,7.82,7551040,POW
2020-04-28 07:00:00,7.82,8.13,7.82,8.13,6732100,POW
2020-04-29 07:00:00,8.33,8.45,8.13,8.33,7596170,POW
2020-05-04 07:00:00,7.86,8.09,7.75,7.75,9813410,POW
2020-05-05 07:00:00,7.75,7.75,7.51,7.63,4936160,POW
2020-05-06 07:00:00,7.55,7.86,7.55,7.86,3990060,POW
2020-05-07 07:00:00,7.86,8.05,7.86,8.05,5567040,POW
2020-05-08 07:00:00,8.05,8.21,7.9,7.97,9446390,POW
2020-05-11 07:00:00,8.01,8.05,7.87,8.01,6886910,POW
2020-05-12 07:00:00,8.01,8.45,7.9,8.21,9616910,POW
2020-05-13 07:00:00,8.21,8.33,8.01,8.13,5437450,POW
2020-05-14 07:00:00,8.09,8.13,8.01,8.01,4737210,POW
2020-05-15 07:00:00,8.01,8.17,7.88,7.9,6774570,POW
2020-05-18 07:00:00,7.93,8.01,7.86,7.97,4182830,POW
2020-05-19 07:00:00,8.13,8.13,8.01,8.05,5691970,POW
2020-05-20 07:00:00,8.05,8.09,7.97,8.05,2829110,POW
2020-05-21 07:00:00,8.09,8.13,7.97,8.05,3418370,POW
2020-05-22 07:00:00,8.01,8.05,7.97,7.97,3427860,POW
2020-05-25 07:00:00,7.97,8.21,7.9,8.05,6129070,POW
2020-05-26 07:00:00,8.13,8.45,8.09,8.37,9494050,POW
2020-05-27 07:00:00,8.53,8.57,8.13,8.13,6554400,POW
2020-05-28 07:00:00,8.17,8.29,8.09,8.21,4370760,POW
2020-05-29 07:00:00,8.21,8.21,8.09,8.09,3266210,POW
2020-06-01 07:00:00,8.13,8.29,8.05,8.25,5895450,POW
2020-06-02 07:00:00,8.25,8.53,8.21,8.29,8399210,POW
2020-06-03 07:00:00,8.29,8.37,8.29,8.37,1852120,POW
2020-06-04 07:00:00,8.37,8.45,8.33,8.37,4422880,POW
2020-06-05 07:00:00,8.25,8.37,8.25,8.33,3629740,POW
2020-06-08 07:00:00,8.37,8.64,8.33,8.45,9229590,POW
2020-06-09 07:00:00,8.45,8.84,8.41,8.72,11287760,POW
2020-06-10 07:00:00,8.76,9.16,8.64,8.88,8462490,POW
2020-06-11 07:00:00,8.88,9.0,8.29,8.29,8025890,POW
2020-06-12 07:00:00,7.9,8.25,7.86,8.25,8061350,POW
2020-06-15 07:00:00,8.41,8.6,8.25,8.29,7993180,POW
2020-06-16 07:00:00,8.57,8.57,8.37,8.45,2829510,POW
2020-06-17 07:00:00,8.49,8.53,8.25,8.33,2289770,POW
2020-06-18 07:00:00,8.21,8.29,8.13,8.21,2110880,POW
2020-06-19 07:00:00,8.25,8.33,8.21,8.21,5510450,POW
2020-06-22 07:00:00,8.37,8.45,8.25,8.29,3155170,POW
2020-06-23 07:00:00,8.29,8.37,8.21,8.29,3121350,POW
2020-06-24 07:00:00,8.29,8.33,8.13,8.17,3628640,POW
2020-06-25 07:00:00,8.05,8.13,8.01,8.09,2011800,POW
2020-06-26 07:00:00,8.21,8.21,8.01,8.05,2136030,POW
2020-06-29 07:00:00,8.01,8.01,7.67,7.74,6871990,POW
2020-06-30 07:00:00,7.9,7.9,7.52,7.66,3469960,POW
2020-07-01 07:00:00,7.63,7.77,7.63,7.74,3392940,POW
2020-07-02 07:00:00,7.78,7.78,7.58,7.59,3584950,POW
2020-07-03 07:00:00,7.61,7.7,7.61,7.63,2215180,POW
2020-07-06 07:00:00,7.7,7.89,7.64,7.89,2493770,POW
2020-07-07 07:00:00,7.97,8.01,7.82,7.82,2967540,POW
2020-07-08 07:00:00,7.78,7.84,7.77,7.78,1789350,POW
2020-07-09 07:00:00,7.78,7.93,7.78,7.88,2363370,POW
2020-07-10 07:00:00,7.87,8.01,7.87,7.93,4168490,POW
2020-07-13 07:00:00,8.01,8.01,7.9,7.93,2304090,POW
2020-07-14 07:00:00,7.9,7.93,7.86,7.93,1668900,POW
2020-07-15 07:00:00,7.97,8.01,7.9,7.9,1994200,POW
2020-07-16 07:00:00,7.93,7.97,7.9,7.97,2230860,POW
2020-07-17 07:00:00,7.97,7.97,7.9,7.9,2046110,POW
2020-07-20 07:00:00,7.9,7.93,7.78,7.78,2396230,POW
2020-07-21 07:00:00,7.81,7.81,7.73,7.75,2969690,POW
2020-07-22 07:00:00,7.75,7.77,7.67,7.68,2040390,POW
2020-07-23 07:00:00,7.67,7.69,7.57,7.62,2756070,POW
2020-07-24 07:00:00,7.59,7.6,7.09,7.35,8622390,POW
2020-07-27 07:00:00,6.87,7.09,6.84,6.95,6562990,POW
2020-07-28 07:00:00,6.96,7.4,6.96,7.35,4564900,POW
2020-07-29 07:00:00,7.1,7.26,6.99,7.26,3664080,POW
2020-07-30 07:00:00,7.14,7.35,7.14,7.35,1905540,POW
2020-07-31 07:00:00,7.2,7.31,7.18,7.22,1251940,POW
2020-08-03 07:00:00,7.22,7.34,7.21,7.3,3426170,POW
2020-08-04 07:00:00,7.34,7.41,7.34,7.37,2082970,POW
2020-08-05 07:00:00,7.38,7.54,7.34,7.53,3235640,POW
2020-08-06 07:00:00,7.52,7.54,7.43,7.46,3196010,POW
2020-08-07 07:00:00,7.45,7.46,7.37,7.42,2093060,POW
2020-08-10 07:00:00,7.48,7.82,7.46,7.63,3089970,POW
2020-08-11 07:00:00,7.63,7.7,7.51,7.57,1769040,POW
2020-08-12 07:00:00,7.57,7.7,7.57,7.68,3841950,POW
2020-08-13 07:00:00,7.68,7.86,7.68,7.85,3688550,POW
2020-08-14 07:00:00,7.9,8.01,7.86,7.89,5822250,POW
2020-08-17 07:00:00,7.9,7.9,7.74,7.78,2572150,POW
2020-08-18 07:00:00,7.78,7.85,7.75,7.8,1150340,POW
2020-08-19 07:00:00,7.82,8.05,7.5,8.05,3988970,POW
2020-08-20 07:00:00,8.05,8.05,7.86,7.9,3244160,POW
2020-08-21 07:00:00,7.93,7.97,7.86,7.93,1750300,POW
2020-08-24 07:00:00,8.01,8.01,7.9,7.97,3766280,POW
2020-08-25 07:00:00,7.97,8.05,7.9,7.9,3296630,POW
2020-08-26 07:00:00,7.9,8.01,7.86,7.93,3805950,POW
2020-08-27 07:00:00,7.97,8.05,7.93,7.93,2666720,POW
2020-08-28 07:00:00,7.97,8.09,7.97,7.97,4044750,POW
2020-08-31 07:00:00,8.01,8.05,7.9,7.93,2433320,POW
2020-09-01 07:00:00,7.93,7.97,7.88,7.93,2752820,POW
2020-09-03 07:00:00,7.97,8.29,7.93,8.29,9666670,POW
2020-09-04 07:00:00,8.13,8.25,8.09,8.21,2306270,POW
2020-09-07 07:00:00,8.21,8.25,7.93,7.93,3614980,POW
2020-09-08 07:00:00,7.93,7.97,7.87,7.93,5113310,POW
2020-09-09 07:00:00,7.82,7.93,7.81,7.9,2351140,POW
2020-09-10 07:00:00,7.93,8.01,7.9,7.93,1980990,POW
2020-09-11 07:00:00,7.9,7.97,7.86,7.9,4063310,POW
2020-09-14 07:00:00,7.9,7.97,7.89,7.9,4308150,POW
2020-09-15 07:00:00,7.9,8.05,7.9,8.01,4040120,POW
2020-09-16 07:00:00,8.01,8.05,7.93,8.01,1159380,POW
2020-09-17 07:00:00,8.01,8.05,7.9,7.9,2820640,POW
2020-09-18 07:00:00,7.93,7.97,7.89,7.9,7011680,POW
2020-09-21 07:00:00,7.97,8.01,7.9,7.97,4680630,POW
2020-09-22 07:00:00,7.93,7.97,7.9,7.9,5109720,POW
2020-09-23 07:00:00,7.97,8.21,7.93,8.21,12209340,POW
2020-09-24 07:00:00,8.21,8.29,8.05,8.09,4775560,POW
2020-09-25 07:00:00,8.13,8.13,7.97,8.01,2824500,POW
2020-09-28 07:00:00,8.05,8.09,7.97,8.01,4881850,POW
2020-09-29 07:00:00,8.09,8.21,8.01,8.01,9799620,POW
2020-09-30 07:00:00,8.01,8.17,8.01,8.09,3394810,POW
2020-10-01 07:00:00,8.13,8.17,8.05,8.13,5052340,POW
2020-10-02 07:00:00,8.17,8.53,8.13,8.37,18218010,POW
2020-10-05 07:00:00,8.57,8.68,8.49,8.6,6133970,POW
2020-10-06 07:00:00,8.64,8.64,8.45,8.49,6445070,POW
2020-10-07 07:00:00,8.45,8.53,8.33,8.33,8011390,POW
2020-10-08 07:00:00,8.41,8.41,8.25,8.29,6586690,POW
2020-10-09 07:00:00,8.37,8.49,8.29,8.33,4068630,POW
2020-10-12 07:00:00,8.37,8.45,8.13,8.17,6611940,POW
2020-10-13 07:00:00,8.21,8.21,8.09,8.09,3308250,POW
2020-10-14 07:00:00,8.13,8.17,7.97,8.05,8209070,POW
2020-10-15 07:00:00,8.05,8.13,7.97,8.01,6120520,POW
2020-10-16 07:00:00,8.05,8.25,7.97,8.13,4795660,POW
2020-10-19 07:00:00,8.21,8.21,7.97,8.01,6144040,POW
2020-10-20 07:00:00,8.09,8.09,7.97,8.05,4923960,POW
2020-10-21 07:00:00,8.05,8.09,8.01,8.01,2587590,POW
2020-10-22 07:00:00,8.05,8.21,8.01,8.17,6070070,POW
2020-10-23 07:00:00,8.21,8.25,8.05,8.13,2577600,POW
2020-10-26 07:00:00,8.13,8.17,7.97,7.97,5099730,POW
2020-10-27 07:00:00,7.93,7.97,7.82,7.82,10985620,POW
2020-10-28 07:00:00,7.82,7.85,7.63,7.64,6636170,POW
2020-10-29 07:00:00,7.54,7.71,7.52,7.57,6089210,POW
2020-10-30 07:00:00,7.7,7.7,7.38,7.42,7354330,POW
2020-11-02 07:00:00,7.42,7.54,7.42,7.5,2665030,POW
2020-11-03 07:00:00,7.58,7.68,7.54,7.66,2808170,POW
2020-11-04 07:00:00,7.66,7.86,7.63,7.77,5480690,POW
2020-11-05 07:00:00,7.78,7.78,7.7,7.71,3329460,POW
2020-11-06 07:00:00,7.71,7.74,7.67,7.72,2033990,POW
2020-11-09 07:00:00,7.8,7.93,7.78,7.93,5254870,POW
2020-11-10 07:00:00,8.05,8.05,7.89,7.9,5592880,POW
2020-11-11 07:00:00,7.9,7.93,7.81,7.82,5392480,POW
2020-11-12 07:00:00,7.86,7.9,7.84,7.86,2591170,POW
2020-11-13 07:00:00,7.88,7.93,7.86,7.9,3946820,POW
2020-11-16 07:00:00,7.93,7.97,7.58,7.74,6044390,POW
2020-11-17 07:00:00,7.82,7.9,7.78,7.86,4452930,POW
2020-11-18 07:00:00,7.98,7.98,7.9,7.92,6919760,POW
2020-11-19 07:00:00,7.94,8.05,7.91,8.02,6105850,POW
2020-11-20 07:00:00,8.06,8.11,8.03,8.04,5255050,POW
2020-11-23 07:00:00,8.09,8.18,8.07,8.1,6737920,POW
2020-11-24 07:00:00,8.14,8.14,8.01,8.06,4645630,POW
2020-11-25 07:00:00,8.06,8.12,8.01,8.03,4487940,POW
2020-11-26 07:00:00,8.03,8.1,7.98,8.04,3336750,POW
2020-11-27 07:00:00,8.11,8.43,8.11,8.34,19544810,POW
2020-11-30 07:00:00,8.43,8.43,8.22,8.22,6046730,POW
2020-12-01 07:00:00,8.14,8.3,8.06,8.22,8243970,POW
2020-12-02 07:00:00,8.22,8.79,8.22,8.79,24761720,POW
2020-12-03 07:00:00,9.04,9.4,8.95,9.28,21963320,POW
2020-12-04 07:00:00,9.16,9.65,9.04,9.4,15525080,POW
2020-12-07 07:00:00,9.28,9.52,9.28,9.32,11900730,POW
2020-12-08 07:00:00,9.36,9.44,9.12,9.24,13862110,POW
2020-12-09 07:00:00,9.24,9.6,9.2,9.28,16813760,POW
2020-12-10 07:00:00,9.36,9.44,9.16,9.2,9616650,POW
2020-12-11 07:00:00,9.28,9.48,9.2,9.48,11348420,POW
2020-12-14 07:00:00,9.56,9.73,9.48,9.69,14781700,POW
2020-12-15 07:00:00,9.6,9.69,9.44,9.48,12485670,POW
2020-12-16 07:00:00,9.48,9.6,9.4,9.52,11036240,POW
2020-12-17 07:00:00,9.52,10.05,9.48,9.65,19076180,POW
2020-12-18 07:00:00,9.77,9.85,9.69,9.77,12964810,POW
2020-12-21 07:00:00,9.89,9.97,9.69,9.77,11351360,POW
2020-12-22 07:00:00,9.77,9.93,9.6,9.93,17743390,POW
2020-12-23 07:00:00,10.09,10.38,10.05,10.09,18064820,POW
2020-12-24 07:00:00,10.26,10.3,9.48,9.85,11334320,POW
2020-12-25 07:00:00,9.85,10.05,9.65,10.01,9386900,POW
2020-12-28 07:00:00,10.18,10.7,10.09,10.7,27388490,POW
2020-12-29 07:00:00,10.7,11.15,10.58,10.95,14995030,POW
2020-12-30 07:00:00,10.95,11.23,10.83,10.91,9297180,POW
2020-12-31 07:00:00,10.87,11.15,10.74,11.07,11085450,POW
2021-01-04 07:00:00,11.32,11.68,11.19,11.48,13808900,POW
2021-01-05 07:00:00,11.36,11.72,11.32,11.56,9595700,POW
2021-01-06 07:00:00,11.68,11.72,11.23,11.32,15814800,POW
2021-01-07 07:00:00,11.32,11.56,11.11,11.4,18878300,POW
2021-01-08 07:00:00,11.56,11.56,11.23,11.36,17665900,POW
2021-01-11 07:00:00,11.48,11.92,11.44,11.88,14990800,POW
2021-01-12 07:00:00,12.01,12.01,11.68,11.88,10218500,POW
2021-01-13 07:00:00,11.88,11.88,11.56,11.56,12927200,POW
2021-01-14 07:00:00,11.56,11.64,11.32,11.56,13572300,POW
2021-01-15 07:00:00,11.56,11.88,11.56,11.68,11154600,POW
2021-01-18 07:00:00,11.8,12.37,11.68,12.01,16600500,POW
2021-01-19 07:00:00,12.05,12.29,11.19,11.27,16957800,POW
2021-01-20 07:00:00,11.44,11.6,10.66,11.4,13429400,POW
2021-01-21 07:00:00,11.64,11.88,11.36,11.68,10056900,POW
2021-01-22 07:00:00,11.68,12.01,11.52,11.68,11368400,POW
2021-01-25 07:00:00,11.52,11.76,11.48,11.52,7333100,POW
2021-01-26 07:00:00,11.56,11.56,10.74,10.99,10346400,POW
2021-01-27 07:00:00,10.66,11.03,10.26,10.42,14521900,POW
2021-01-28 07:00:00,9.73,10.01,9.73,9.73,9377000,POW
2021-01-29 07:00:00,9.08,10.18,9.08,9.69,12247000,POW
2021-02-01 07:00:00,9.65,10.05,9.36,9.36,12195500,POW
2021-02-02 07:00:00,9.36,9.6,9.16,9.48,9166200,POW
2021-02-03 07:00:00,9.77,10.14,9.69,10.14,16931600,POW
2021-02-04 07:00:00,10.42,10.54,10.14,10.26,15551800,POW
2021-02-05 07:00:00,10.26,10.42,10.18,10.34,5998400,POW
2021-02-08 07:00:00,10.3,10.42,9.69,9.89,12156400,POW
2021-02-09 07:00:00,10.01,10.14,9.69,10.05,7941500,POW
2021-02-17 07:00:00,10.3,10.58,10.18,10.58,9935900,POW
2021-02-18 07:00:00,10.7,10.83,10.42,10.62,11708900,POW
2021-02-19 07:00:00,10.5,10.83,10.5,10.62,8101200,POW
2021-02-22 07:00:00,10.62,10.7,10.46,10.5,9439200,POW
2021-02-23 07:00:00,10.58,10.62,10.38,10.46,9370900,POW
2021-02-24 07:00:00,10.54,10.62,10.18,10.3,10513000,POW
2021-02-25 07:00:00,10.42,10.5,10.18,10.34,8492300,POW
2021-02-26 07:00:00,10.18,10.34,10.09,10.26,7515500,POW
2021-03-01 07:00:00,10.34,10.66,10.3,10.62,10267400,POW
2021-03-02 07:00:00,10.74,10.74,10.5,10.54,10191700,POW
2021-03-03 07:00:00,10.5,10.54,10.38,10.46,8794600,POW
2021-03-04 07:00:00,10.54,10.54,10.09,10.26,10157900,POW
2021-03-05 07:00:00,10.54,10.95,10.5,10.95,44357300,POW
2021-03-08 07:00:00,11.68,11.68,11.44,11.52,34227700,POW
2021-03-09 07:00:00,11.36,11.4,11.07,11.07,28684500,POW
2021-03-10 07:00:00,10.95,11.4,10.87,11.11,22201300,POW
2021-03-11 07:00:00,11.36,11.36,11.15,11.23,13652000,POW
2021-03-12 07:00:00,11.32,11.36,11.11,11.19,13528800,POW
2021-03-15 07:00:00,11.19,11.27,11.11,11.15,15883100,POW
2021-03-16 07:00:00,11.15,11.15,10.83,11.07,20292100,POW
2021-03-17 07:00:00,11.19,11.56,11.15,11.36,25717600,POW
2021-03-18 07:00:00,11.48,11.52,11.19,11.27,11404800,POW
2021-03-19 07:00:00,11.15,11.19,10.91,10.91,21629500,POW
2021-03-22 07:00:00,10.99,11.15,10.95,11.03,14660600,POW
2021-03-23 07:00:00,11.07,11.11,10.74,10.83,14109000,POW
2021-03-24 07:00:00,10.54,10.66,10.26,10.38,24200900,POW
2021-03-25 07:00:00,10.42,10.58,10.26,10.26,13389000,POW
2021-03-26 07:00:00,10.18,10.46,9.85,10.34,14529800,POW
2021-03-29 07:00:00,10.54,10.79,10.34,10.66,11148900,POW
2021-03-30 07:00:00,10.74,10.91,10.58,10.74,11588000,POW
2021-03-31 07:00:00,10.58,10.91,10.58,10.74,8988500,POW
2021-04-01 07:00:00,10.74,11.23,10.58,11.11,21872400,POW
2021-04-02 07:00:00,11.19,11.27,10.99,11.07,11785100,POW
2021-04-05 07:00:00,11.27,11.27,10.99,11.11,12615100,POW
2021-04-06 07:00:00,11.07,11.11,10.87,10.95,13868900,POW
2021-04-07 07:00:00,10.99,11.44,10.87,11.36,23912700,POW
2021-04-08 07:00:00,11.4,11.44,11.11,11.23,13369700,POW
2021-04-09 07:00:00,11.27,11.32,11.15,11.23,13053600,POW
2021-04-12 07:00:00,11.36,11.8,11.19,11.6,39387800,POW
2021-04-13 07:00:00,11.64,11.68,11.15,11.27,16991000,POW
2021-04-14 07:00:00,11.07,11.32,11.03,11.23,14854400,POW
2021-04-15 07:00:00,11.32,11.32,10.91,10.91,21610400,POW
2021-04-16 07:00:00,10.83,11.03,10.42,10.74,21614100,POW
2021-04-19 07:00:00,10.83,10.83,10.54,10.66,11302100,POW
2021-04-20 07:00:00,10.7,10.83,10.54,10.58,11344700,POW
2021-04-22 07:00:00,10.46,10.58,10.05,10.05,16952500,POW
2021-04-23 07:00:00,10.05,10.26,9.89,10.26,14126600,POW
2021-04-26 07:00:00,10.38,10.38,9.81,9.85,11207300,POW
2021-04-27 07:00:00,9.85,10.05,9.69,9.85,8043200,POW
2021-04-28 07:00:00,9.85,10.22,9.85,9.93,7027100,POW
2021-04-29 07:00:00,10.09,10.14,9.93,10.01,5736700,POW
2021-05-04 07:00:00,9.73,9.89,9.69,9.81,9725200,POW
2021-05-05 07:00:00,9.89,10.46,9.89,10.34,17327900,POW
2021-05-06 07:00:00,10.34,10.42,10.01,10.01,9399100,POW
2021-05-07 07:00:00,9.93,10.01,9.77,9.85,10335400,POW
2021-05-10 07:00:00,9.77,10.01,9.73,9.93,10027600,POW
2021-05-11 07:00:00,10.01,10.3,9.89,10.01,12029400,POW
2021-05-12 07:00:00,10.01,10.22,10.01,10.14,6957000,POW
2021-05-13 07:00:00,10.09,10.26,9.93,9.93,11655400,POW
2021-05-14 07:00:00,10.05,10.22,9.93,9.97,13201700,POW
2021-05-17 07:00:00,10.01,10.18,9.89,9.89,7355700,POW
2021-05-18 07:00:00,9.85,9.97,9.73,9.77,9919200,POW
2021-05-19 07:00:00,9.77,9.85,9.44,9.52,16967900,POW
2021-05-20 07:00:00,9.52,9.65,9.28,9.32,14892600,POW
2021-05-21 07:00:00,9.32,9.73,9.2,9.52,10073200,POW
2021-05-24 07:00:00,9.65,9.73,9.52,9.6,7144500,POW
2021-05-25 07:00:00,9.77,9.89,9.65,9.69,8904500,POW
2021-05-26 07:00:00,9.69,9.69,9.48,9.48,10227800,POW
2021-05-27 07:00:00,9.56,9.65,9.4,9.48,10007800,POW
2021-05-28 07:00:00,9.48,9.6,9.44,9.52,11050400,POW
2021-05-31 07:00:00,9.52,9.56,9.32,9.56,10786100,POW
2021-06-01 07:00:00,9.85,10.01,9.77,9.85,15276200,POW
2021-06-02 07:00:00,9.89,9.93,9.65,9.69,10585300,POW
2021-06-03 07:00:00,9.73,10.34,9.73,10.34,29463700,POW
2021-06-04 07:00:00,10.58,10.66,10.3,10.66,28089300,POW
2021-06-07 07:00:00,10.83,10.95,10.42,10.5,16365800,POW
2021-06-08 07:00:00,10.34,10.42,9.81,9.85,17997100,POW
2021-06-09 07:00:00,9.77,9.93,9.6,9.85,14736400,POW
2021-06-10 07:00:00,9.85,9.93,9.6,9.69,11510500,POW
2021-06-11 07:00:00,9.69,9.89,9.69,9.81,7187300,POW
2021-06-14 07:00:00,9.89,10.05,9.77,9.93,10929200,POW
2021-06-15 07:00:00,9.93,10.05,9.77,9.81,7093600,POW
2021-06-16 07:00:00,9.81,10.01,9.77,9.81,8674000,POW
2021-06-17 07:00:00,9.73,10.26,9.69,10.09,16648000,POW
2021-06-18 07:00:00,10.26,10.26,9.97,10.01,9572300,POW
2021-06-21 07:00:00,10.01,10.34,9.93,10.18,17757700,POW
2021-06-22 07:00:00,10.26,10.42,10.18,10.22,13555100,POW
2021-06-23 07:00:00,10.26,10.3,9.93,10.01,8212200,POW
2021-06-24 07:00:00,9.97,10.05,9.81,9.89,9627100,POW
2021-06-25 07:00:00,9.89,9.97,9.73,9.89,8387300,POW
2021-06-28 07:00:00,9.93,9.97,9.85,9.89,6854600,POW
2021-06-29 07:00:00,9.93,9.97,9.81,9.81,7940100,POW
2021-06-30 07:00:00,9.81,10.01,9.77,9.81,8039100,POW
2021-07-01 07:00:00,9.81,9.89,9.73,9.85,7807900,POW
2021-07-02 07:00:00,9.85,9.93,9.77,9.77,6398400,POW
2021-07-05 07:00:00,9.73,9.77,9.48,9.52,15564100,POW
2021-07-06 07:00:00,9.56,9.65,9.32,9.32,8870500,POW
2021-07-07 07:00:00,9.32,9.44,9.12,9.28,10777600,POW
2021-07-08 07:00:00,9.28,9.4,9.2,9.24,6718600,POW
2021-07-09 07:00:00,9.2,9.2,8.79,8.79,12818700,POW
2021-07-12 07:00:00,8.79,8.83,8.18,8.26,17743200,POW
2021-07-13 07:00:00,8.3,8.59,8.22,8.59,10774400,POW
2021-07-14 07:00:00,8.63,8.71,8.43,8.51,6468200,POW
2021-07-15 07:00:00,8.51,8.71,8.38,8.71,5825100,POW
2021-07-16 07:00:00,8.71,8.71,8.55,8.63,5733300,POW
2021-07-19 07:00:00,8.38,8.47,8.12,8.22,11011600,POW
2021-07-20 07:00:00,8.3,8.38,8.18,8.38,7529300,POW
2021-07-21 07:00:00,8.38,8.47,8.3,8.34,4317000,POW
2021-07-22 07:00:00,8.38,8.55,8.3,8.43,8910900,POW
2021-07-23 07:00:00,8.47,8.75,8.47,8.55,12222200,POW
2021-07-26 07:00:00,8.47,8.59,8.43,8.55,3884200,POW
2021-07-27 07:00:00,8.63,8.91,8.59,8.79,11297500,POW
2021-07-28 07:00:00,8.71,8.79,8.63,8.63,5322700,POW
2021-07-29 07:00:00,8.71,8.71,8.59,8.67,4549800,POW
2021-07-30 07:00:00,8.67,8.79,8.59,8.71,7996900,POW
2021-08-02 07:00:00,8.71,8.87,8.67,8.75,8168300,POW
2021-08-03 07:00:00,8.79,8.83,8.71,8.79,5277700,POW
2021-08-04 07:00:00,8.79,8.91,8.75,8.83,7259300,POW
2021-08-05 07:00:00,8.79,8.87,8.71,8.79,5149400,POW
2021-08-06 07:00:00,8.79,9.12,8.75,8.95,13384300,POW
2021-08-09 07:00:00,8.99,9.12,8.87,9.08,6608900,POW
2021-08-10 07:00:00,9.12,9.28,9.08,9.16,8710300,POW
2021-08-11 07:00:00,9.16,9.56,9.12,9.32,14088400,POW
2021-08-12 07:00:00,9.36,9.4,9.24,9.24,7889100,POW
2021-08-13 07:00:00,9.2,9.32,9.04,9.2,9936000,POW
2021-08-16 07:00:00,9.2,9.4,9.2,9.32,9434700,POW
2021-08-17 07:00:00,9.36,9.36,9.2,9.24,6582200,POW
2021-08-18 07:00:00,9.24,9.32,9.16,9.28,7345200,POW
2021-08-19 07:00:00,9.28,9.28,9.16,9.24,6789800,POW
2021-08-20 07:00:00,9.24,9.28,8.75,8.87,15373900,POW
2021-08-23 07:00:00,8.83,8.87,8.59,8.59,8650400,POW
2021-08-24 07:00:00,8.63,8.75,8.47,8.59,9744200,POW
2021-08-25 07:00:00,8.67,9.16,8.59,9.16,13848200,POW
2021-08-26 07:00:00,9.44,9.48,9.12,9.24,11872100,POW
2021-08-27 07:00:00,9.16,9.77,8.99,9.69,26372500,POW
2021-08-30 07:00:00,9.77,9.93,9.65,9.73,13098400,POW
2021-08-31 07:00:00,9.73,9.77,9.56,9.65,9509900,POW
2021-09-01 07:00:00,9.56,10.14,9.52,10.14,29625300,POW
2021-09-06 07:00:00,10.18,10.38,10.05,10.09,14454100,POW
2021-09-07 07:00:00,10.09,10.18,9.81,9.81,14859100,POW
2021-09-08 07:00:00,9.77,9.93,9.65,9.69,12086400,POW
2021-09-09 07:00:00,9.73,10.05,9.65,9.85,9601500,POW
2021-09-10 07:00:00,9.81,10.05,9.81,9.85,7819800,POW
2021-09-13 07:00:00,9.85,9.89,9.65,9.65,10403000,POW
2021-09-14 07:00:00,9.6,9.77,9.32,9.36,15831400,POW
2021-09-15 07:00:00,9.36,9.65,9.36,9.6,6169800,POW
2021-09-16 07:00:00,9.65,9.69,9.48,9.6,6024200,POW
2021-09-17 07:00:00,9.69,9.89,9.52,9.56,15584500,POW
2021-09-20 07:00:00,9.73,9.77,9.52,9.56,9918000,POW
2021-09-21 07:00:00,9.44,9.56,9.36,9.48,10082200,POW
2021-09-22 07:00:00,9.52,9.65,9.4,9.6,9702400,POW
2021-09-23 07:00:00,9.73,9.73,9.56,9.56,7630800,POW
2021-09-24 07:00:00,9.6,9.6,9.44,9.44,7779100,POW
2021-09-27 07:00:00,9.48,9.69,9.4,9.4,9429800,POW
2021-09-28 07:00:00,9.4,9.6,9.32,9.56,7279400,POW
2021-09-29 07:00:00,9.56,10.09,9.56,9.93,31387100,POW
2021-09-30 07:00:00,10.1,10.14,9.81,9.89,9275300,POW
2021-10-01 07:00:00,9.77,10.22,9.77,10.1,18134400,POW
2021-10-04 07:00:00,10.3,10.68,10.3,10.47,32008500,POW
2021-10-05 07:00:00,10.51,10.68,10.39,10.55,22312000,POW
2021-10-06 07:00:00,10.63,10.84,10.51,10.63,18554500,POW
2021-10-07 07:00:00,10.63,10.63,10.43,10.47,17101900,POW
2021-10-08 07:00:00,10.51,10.51,10.26,10.3,18392600,POW
2021-10-11 07:00:00,10.26,10.43,10.1,10.26,22294500,POW
2021-10-12 07:00:00,10.26,10.51,10.26,10.51,22139000,POW
2021-10-13 07:00:00,10.59,10.59,10.3,10.34,15189100,POW
2021-10-14 07:00:00,10.34,10.43,10.26,10.34,13130000,POW
2021-10-15 07:00:00,10.34,10.43,10.1,10.18,17266800,POW
2021-10-18 07:00:00,10.18,10.34,10.14,10.22,13404000,POW
2021-10-19 07:00:00,10.18,10.34,10.14,10.18,10371700,POW
2021-10-20 07:00:00,10.18,10.26,9.97,10.18,13467100,POW
2021-10-21 07:00:00,10.18,10.18,9.97,9.97,13105800,POW
2021-10-22 07:00:00,9.97,10.1,9.93,10.01,10268400,POW
2021-10-25 07:00:00,10.14,10.26,10.01,10.14,13687600,POW
2021-10-26 07:00:00,10.14,10.26,10.01,10.22,8647600,POW
2021-10-27 07:00:00,10.26,10.34,10.14,10.26,16021900,POW
2021-10-28 07:00:00,10.3,10.72,10.3,10.55,28317600,POW
2021-10-29 07:00:00,10.63,10.68,10.34,10.47,15528700,POW
2021-11-01 07:00:00,10.76,11.01,10.68,10.84,32971900,POW
2021-11-02 07:00:00,10.84,10.84,10.63,10.63,20217000,POW
2021-11-03 07:00:00,10.68,10.72,10.39,10.43,22282500,POW
2021-11-04 07:00:00,10.43,10.59,10.34,10.47,12984900,POW
2021-11-05 07:00:00,10.51,10.92,10.51,10.76,19544900,POW
2021-11-08 07:00:00,10.8,11.05,10.76,10.84,19732600,POW
2021-11-09 07:00:00,10.8,10.88,10.63,10.63,15214600,POW
2021-11-10 07:00:00,10.68,11.01,10.63,10.84,23014100,POW
2021-11-11 07:00:00,10.88,10.97,10.63,10.68,16964600,POW
2021-11-12 07:00:00,10.63,10.88,10.63,10.72,12660300,POW
2021-11-15 07:00:00,10.84,11.46,10.59,11.46,44892800,POW
2021-11-16 07:00:00,11.67,11.88,11.42,11.63,29708400,POW
2021-11-17 07:00:00,11.59,11.88,11.46,11.71,16772500,POW
2021-11-18 07:00:00,11.67,12.37,11.63,12.12,31056300,POW
2021-11-19 07:00:00,12.25,12.25,11.3,11.54,32141600,POW
2021-11-22 07:00:00,11.5,11.54,10.8,10.8,23654100,POW
2021-11-23 07:00:00,11.01,11.42,10.84,11.42,15381900,POW
2021-11-24 07:00:00,11.5,11.59,11.17,11.26,13961800,POW
2021-11-25 07:00:00,11.3,11.75,11.26,11.46,18694800,POW
2021-11-26 07:00:00,11.54,11.59,11.09,11.21,18721500,POW
2021-11-29 07:00:00,10.92,11.3,10.88,11.13,15010600,POW
2021-11-30 07:00:00,11.3,11.5,11.09,11.17,14880000,POW
2021-12-01 07:00:00,11.17,11.71,11.17,11.59,18972500,POW
2021-12-02 07:00:00,11.59,12.12,11.59,11.71,22710300,POW
2021-12-03 07:00:00,11.75,11.88,11.21,11.21,16516800,POW
2021-12-06 07:00:00,11.42,11.83,11.21,11.5,21543500,POW
2021-12-07 07:00:00,11.67,12.29,11.67,12.29,29798800,POW
2021-12-08 07:00:00,12.79,12.99,12.46,12.5,41633300,POW
2021-12-09 07:00:00,12.41,12.91,12.37,12.79,26075800,POW
2021-12-10 07:00:00,12.74,13.53,12.62,13.45,38820900,POW
2021-12-13 07:00:00,13.45,13.7,13.2,13.41,31156200,POW
2021-12-14 07:00:00,13.32,14.03,13.2,13.74,26937900,POW
2021-12-15 07:00:00,13.74,13.9,13.32,13.32,25358200,POW
2021-12-16 07:00:00,13.28,14.23,13.24,14.23,41619500,POW
2021-12-17 07:00:00,14.48,14.9,14.15,14.15,29536500,POW
2021-12-20 07:00:00,14.23,15.1,13.9,15.1,38415800,POW
2021-12-21 07:00:00,14.98,16.14,14.86,15.48,36657800,POW
2021-12-22 07:00:00,15.68,16.14,15.48,15.72,28317600,POW
2021-12-23 07:00:00,15.72,16.01,14.73,15.31,44616000,POW
2021-12-24 07:00:00,15.02,15.19,14.28,14.28,68470100,POW
2021-12-27 07:00:00,14.11,15.27,13.66,15.27,32864200,POW
2021-12-28 07:00:00,15.27,15.89,14.9,15.19,24942600,POW
2021-12-29 07:00:00,14.98,15.48,14.77,14.9,21429000,POW
2021-12-30 07:00:00,14.9,15.14,14.36,14.44,23769100,POW
2021-12-31 07:00:00,14.44,14.81,14.32,14.48,15771300,POW
2022-01-04 07:00:00,14.65,15.48,14.65,15.48,20441700,POW
2022-01-05 07:00:00,15.89,16.51,15.72,15.72,38787800,POW
2022-01-06 07:00:00,15.6,16.39,15.6,15.93,27000500,POW
2022-01-07 07:00:00,15.93,16.84,15.93,16.68,32879500,POW
2022-01-10 07:00:00,16.97,17.21,15.52,15.52,31601600,POW
2022-01-11 07:00:00,15.72,16.06,15.27,15.43,32266400,POW
2022-01-12 07:00:00,15.43,15.89,14.36,15.02,42975500,POW
2022-01-13 07:00:00,15.02,15.43,13.99,13.99,39286800,POW
2022-01-14 07:00:00,13.66,14.73,13.66,14.65,21841200,POW
2022-01-17 07:00:00,14.65,14.65,13.66,13.66,31333400,POW
2022-01-18 07:00:00,13.08,13.57,12.7,12.74,27316100,POW
2022-01-19 07:00:00,12.91,13.32,12.83,13.28,14804200,POW
2022-01-20 07:00:00,13.32,14.15,13.08,14.07,13110700,POW
2022-01-21 07:00:00,14.07,14.19,13.74,13.78,15083600,POW
2022-01-24 07:00:00,13.66,13.66,12.83,12.83,19100700,POW
2022-01-25 07:00:00,12.5,13.7,12.5,13.7,14575700,POW
2022-01-26 07:00:00,13.9,13.94,13.49,13.49,10704700,POW
2022-01-27 07:00:00,13.49,13.57,13.24,13.57,7877600,POW
2022-01-28 07:00:00,13.57,14.03,13.41,13.9,13677000,POW
2022-02-07 07:00:00,14.07,14.86,13.99,14.77,21663200,POW
2022-02-08 07:00:00,14.73,15.02,14.52,14.81,18412600,POW
2022-02-09 07:00:00,14.81,15.02,14.65,14.73,12505600,POW
2022-02-10 07:00:00,14.77,15.56,14.77,15.35,30747500,POW
2022-02-11 07:00:00,15.31,15.48,14.98,15.14,14833800,POW
2022-02-14 07:00:00,14.81,15.19,14.65,14.65,18913400,POW
2022-02-15 07:00:00,14.65,15.02,14.32,14.98,18577300,POW
2022-02-16 07:00:00,15.23,15.39,14.98,15.06,14321700,POW
2022-02-17 07:00:00,15.23,15.68,15.02,15.39,34267000,POW
2022-02-18 07:00:00,15.23,15.56,15.14,15.35,18704500,POW
2022-02-21 07:00:00,15.35,15.48,15.19,15.23,18521400,POW
2022-02-22 07:00:00,15.06,15.1,14.48,14.73,37116500,POW
2022-02-23 07:00:00,14.86,15.39,14.81,15.02,16988300,POW
2022-02-24 07:00:00,15.06,15.23,14.36,14.69,23983800,POW
2022-02-25 07:00:00,14.9,15.02,14.69,14.77,12072000,POW
2022-02-28 07:00:00,14.77,14.9,14.32,14.36,28351900,POW
2022-03-01 07:00:00,14.28,14.65,13.94,14.44,26541600,POW
2022-03-02 07:00:00,14.44,14.81,14.28,14.44,13376100,POW
2022-03-03 07:00:00,14.44,14.61,14.15,14.23,18767300,POW
2022-03-04 07:00:00,14.23,14.57,14.19,14.32,15772500,POW
2022-03-07 07:00:00,14.23,14.23,13.99,14.11,20154400,POW
2022-03-08 07:00:00,14.07,14.48,13.99,14.23,18365200,POW
2022-03-09 07:00:00,14.32,14.4,13.86,13.86,18666600,POW
2022-03-10 07:00:00,14.07,14.19,13.74,13.74,13857500,POW
2022-03-11 07:00:00,13.57,13.82,13.32,13.37,22346800,POW
2022-03-14 07:00:00,13.37,13.41,12.91,12.95,16927900,POW
2022-03-15 07:00:00,12.99,13.57,12.95,13.57,13518800,POW
2022-03-16 07:00:00,13.57,13.82,13.45,13.49,8458000,POW
2022-03-17 07:00:00,13.49,13.61,13.45,13.49,7348600,POW
2022-03-18 07:00:00,13.49,13.61,13.28,13.32,11552900,POW
2022-03-21 07:00:00,13.41,13.53,13.32,13.41,8155900,POW
2022-03-22 07:00:00,13.49,13.66,13.45,13.66,13207500,POW
2022-03-23 07:00:00,13.74,14.28,13.7,13.99,20680800,POW
2022-03-24 07:00:00,13.99,14.15,13.86,13.9,8315300,POW
2022-03-25 07:00:00,13.9,13.9,13.74,13.74,8554500,POW
2022-03-28 07:00:00,13.57,13.66,13.12,13.28,15665500,POW
2022-03-29 07:00:00,13.28,13.53,13.28,13.45,6043000,POW
2022-03-30 07:00:00,13.28,13.49,13.16,13.2,10562100,POW
2022-03-31 07:00:00,13.2,13.37,13.12,13.12,6965600,POW
2022-04-01 07:00:00,13.08,13.37,12.99,13.24,8096000,POW
2022-04-04 07:00:00,13.37,13.53,13.32,13.41,7392200,POW
2022-04-05 07:00:00,13.49,13.74,13.41,13.53,9487000,POW
2022-04-06 07:00:00,13.49,13.74,13.37,13.57,8752600,POW
2022-04-07 07:00:00,13.61,14.03,13.57,13.78,23066300,POW
2022-04-08 07:00:00,13.78,13.86,13.41,13.41,8847800,POW
2022-04-12 07:00:00,13.41,13.49,12.91,12.91,10488800,POW
2022-04-13 07:00:00,12.99,13.08,12.66,12.99,11796000,POW
2022-04-14 07:00:00,12.99,13.12,12.87,12.87,6184400,POW
2022-04-15 07:00:00,12.79,12.83,12.0,12.17,19545500,POW
2022-04-18 07:00:00,12.17,12.46,11.92,12.0,10908100,POW
2022-04-19 07:00:00,12.0,12.21,11.17,11.17,11657500,POW
2022-04-20 07:00:00,11.17,11.42,10.76,10.8,16671300,POW
2022-04-21 07:00:00,10.76,11.21,10.39,11.01,16254500,POW
2022-04-22 07:00:00,11.17,11.38,10.72,11.05,9010700,POW
2022-04-25 07:00:00,11.13,11.17,10.3,10.3,13769800,POW
2022-04-26 07:00:00,9.93,10.76,9.64,10.76,12858100,POW
2022-04-27 07:00:00,10.63,10.88,10.51,10.72,6915000,POW
2022-04-28 07:00:00,10.72,10.88,10.59,10.59,5831000,POW
2022-04-29 07:00:00,10.59,11.05,10.51,10.88,10360800,POW
2022-05-04 07:00:00,11.21,11.63,11.13,11.63,20394300,POW
2022-05-05 07:00:00,11.96,12.0,11.5,11.71,13093700,POW
2022-05-06 07:00:00,11.42,11.96,11.38,11.5,11543100,POW
2022-05-09 07:00:00,11.26,11.46,10.72,10.72,15383500,POW
2022-05-10 07:00:00,10.18,11.01,10.14,11.01,11050700,POW
2022-05-11 07:00:00,11.09,11.17,10.8,10.92,6896600,POW
2022-05-12 07:00:00,10.88,10.97,10.18,10.18,10599900,POW
2022-05-13 07:00:00,10.22,10.39,9.48,9.48,19896800,POW
2022-05-16 07:00:00,9.93,10.14,9.56,9.6,9065600,POW
2022-05-17 07:00:00,9.64,10.26,9.6,10.26,10158300,POW
2022-05-18 07:00:00,10.51,10.68,10.34,10.47,11226900,POW
2022-05-19 07:00:00,10.1,10.76,10.1,10.59,12282900,POW
2022-05-20 07:00:00,10.72,10.92,10.51,10.59,10580000,POW
2022-05-23 07:00:00,10.76,10.88,10.39,10.55,10742800,POW
2022-05-24 07:00:00,10.55,10.63,10.18,10.63,9545900,POW
2022-05-25 07:00:00,10.68,11.13,10.63,11.09,13931200,POW
2022-05-26 07:00:00,11.17,11.17,10.84,10.88,10022600,POW
2022-05-27 07:00:00,10.92,11.26,10.84,11.05,11357700,POW
2022-05-30 07:00:00,11.13,11.26,11.05,11.13,9576000,POW
2022-05-31 07:00:00,11.09,11.26,11.01,11.21,11418700,POW
2022-06-01 07:00:00,11.21,11.75,11.13,11.54,19270100,POW
2022-06-02 07:00:00,11.59,11.67,11.17,11.21,9044900,POW
2022-06-03 07:00:00,11.17,11.3,10.97,11.17,9783700,POW
2022-06-06 07:00:00,11.17,11.75,10.92,11.42,24932300,POW
2022-06-07 07:00:00,11.42,12.21,11.34,12.21,38045400,POW
2022-06-08 07:00:00,12.66,13.03,12.5,12.74,26255700,POW
2022-06-09 07:00:00,12.5,13.16,12.5,13.16,22633000,POW
2022-06-10 07:00:00,12.87,13.2,12.29,12.41,26983200,POW
2022-06-13 07:00:00,12.08,13.08,12.04,12.62,40895700,POW
2022-06-14 07:00:00,12.58,12.99,12.25,12.62,20958500,POW
2022-06-15 07:00:00,12.62,12.79,11.75,12.0,24843000,POW
2022-06-16 07:00:00,12.25,12.83,11.83,12.74,34414700,POW
2022-06-17 07:00:00,12.41,13.53,12.37,13.32,37946700,POW
2022-06-20 07:00:00,13.41,13.57,12.41,12.41,24827400,POW
2022-06-21 07:00:00,12.25,12.54,11.54,11.54,32210000,POW
2022-06-22 07:00:00,11.42,11.63,10.76,10.76,37401500,POW
2022-06-23 07:00:00,10.43,11.5,10.43,11.5,17533200,POW
2022-06-24 07:00:00,11.63,11.63,11.21,11.21,11086300,POW
2022-06-27 07:00:00,11.3,11.67,11.17,11.46,13339200,POW
2022-06-28 07:00:00,11.46,11.92,11.38,11.5,18126900,POW
2022-06-29 07:00:00,11.42,11.63,11.3,11.38,11340100,POW
2022-06-30 07:00:00,11.5,11.83,11.26,11.26,13179700,POW
2022-07-01 07:00:00,11.3,11.46,10.76,11.26,15651400,POW
2022-07-04 07:00:00,11.42,11.46,11.09,11.17,8954100,POW
2022-07-05 07:00:00,11.17,11.26,10.59,10.76,21074400,POW
2022-07-06 07:00:00,10.59,11.01,10.59,10.59,15064800,POW
2022-07-07 07:00:00,10.59,10.76,10.47,10.59,9939600,POW
2022-07-08 07:00:00,10.72,10.88,10.68,10.76,6824400,POW
2022-07-11 07:00:00,10.72,10.76,10.22,10.34,13694400,POW
2022-07-12 07:00:00,10.34,10.84,10.34,10.72,7991500,POW
2022-07-13 07:00:00,10.72,10.97,10.68,10.76,7670200,POW
2022-07-14 07:00:00,10.63,10.84,10.63,10.84,9878100,POW
2022-07-15 07:00:00,10.97,11.01,10.76,10.76,11003100,POW
2022-07-18 07:00:00,10.8,11.09,10.76,10.84,7615100,POW
2022-07-19 07:00:00,11.05,11.26,10.92,11.13,14638800,POW
2022-07-20 07:00:00,11.3,11.38,11.09,11.17,10633300,POW
2022-07-21 07:00:00,11.17,11.21,10.97,11.05,8963000,POW
2022-07-22 07:00:00,11.09,11.13,10.8,10.88,8481200,POW
2022-07-25 07:00:00,10.84,11.01,10.8,10.88,7707200,POW
2022-07-26 07:00:00,10.88,10.97,10.76,10.76,6413000,POW
2022-07-27 07:00:00,10.76,10.84,10.63,10.84,5630000,POW
2022-07-28 07:00:00,10.97,11.34,10.88,11.21,19451800,POW
2022-07-29 07:00:00,11.21,11.34,11.05,11.05,10431600,POW
2022-08-01 07:00:00,11.05,11.21,11.01,11.17,10610300,POW
2022-08-02 07:00:00,11.21,11.5,11.13,11.38,17850500,POW
2022-08-03 07:00:00,11.34,11.5,11.21,11.34,13621600,POW
2022-08-04 07:00:00,11.42,11.42,11.21,11.26,9854300,POW
2022-08-05 07:00:00,11.21,11.71,11.13,11.59,25259000,POW
2022-08-08 07:00:00,11.67,11.79,11.54,11.59,10276100,POW
2022-08-09 07:00:00,11.63,11.88,11.54,11.63,15230300,POW
2022-08-10 07:00:00,11.59,11.71,11.46,11.54,10909900,POW
2022-08-11 07:00:00,11.67,11.71,11.34,11.42,15627200,POW
2022-08-12 07:00:00,11.42,11.67,11.34,11.59,10031700,POW
2022-08-15 07:00:00,11.67,11.88,11.54,11.59,15095600,POW
2022-08-16 07:00:00,11.71,11.79,11.54,11.67,10116600,POW
2022-08-17 07:00:00,11.75,11.79,11.5,11.54,10690200,POW
2022-08-18 07:00:00,11.46,11.54,11.38,11.42,11639800,POW
2022-08-19 07:00:00,11.42,11.54,11.17,11.26,11859700,POW
2022-08-22 07:00:00,11.26,11.38,11.17,11.3,8338200,POW
2022-08-23 07:00:00,11.3,11.5,11.26,11.5,9776000,POW
2022-08-24 07:00:00,11.5,11.79,11.46,11.63,15170100,POW
2022-08-25 07:00:00,11.67,11.83,11.59,11.67,10613500,POW
2022-08-26 07:00:00,11.75,12.04,11.67,11.79,25202400,POW
2022-08-29 07:00:00,11.59,11.75,11.26,11.54,14427000,POW
2022-08-30 07:00:00,11.75,11.75,11.38,11.46,11044700,POW
2022-08-31 07:00:00,11.38,11.92,11.38,11.59,15219200,POW
2022-09-05 07:00:00,11.59,11.79,11.59,11.59,10861000,POW
2022-09-06 07:00:00,11.71,12.17,11.63,11.83,30632900,POW
2022-09-07 07:00:00,11.83,12.0,11.59,11.59,17775200,POW
2022-09-08 07:00:00,11.71,11.75,11.34,11.34,18270900,POW
2022-09-09 07:00:00,11.38,11.75,11.34,11.63,17780200,POW
2022-09-12 07:00:00,11.75,11.96,11.67,11.67,10724700,POW
2022-09-13 07:00:00,11.67,11.83,11.54,11.71,11687500,POW
2022-09-14 07:00:00,11.5,11.92,11.5,11.71,21305200,POW
2022-09-15 07:00:00,11.75,12.21,11.75,11.96,26860000,POW
2022-09-16 07:00:00,11.96,12.21,11.75,11.79,22946600,POW
2022-09-19 07:00:00,11.83,11.88,11.09,11.17,25475100,POW
2022-09-20 07:00:00,11.26,11.42,11.13,11.34,14242600,POW
2022-09-21 07:00:00,11.26,11.34,11.13,11.13,12076900,POW
2022-09-22 07:00:00,11.05,11.3,10.92,11.3,12987600,POW
2022-09-23 07:00:00,11.34,11.34,11.09,11.09,10415400,POW
2022-09-26 07:00:00,10.97,11.01,10.47,10.59,19015400,POW
2022-09-27 07:00:00,10.63,10.97,10.55,10.72,9469600,POW
2022-09-28 07:00:00,10.72,10.84,10.47,10.63,8809200,POW
2022-09-29 07:00:00,10.76,10.84,10.39,10.39,8388000,POW
2022-09-30 07:00:00,10.34,10.39,9.89,10.22,11444100,POW
2022-10-03 07:00:00,10.22,10.26,9.52,9.52,10768100,POW
2022-10-04 07:00:00,9.77,9.85,9.52,9.6,9867000,POW
2022-10-05 07:00:00,9.81,10.1,9.72,10.01,6458800,POW
2022-10-06 07:00:00,10.06,10.06,9.43,9.43,8614200,POW
2022-10-07 07:00:00,9.27,9.52,8.81,8.81,20536500,POW
2022-10-10 07:00:00,8.52,9.19,8.52,9.1,9891900,POW
2022-10-11 07:00:00,9.1,9.1,8.48,8.48,12471500,POW
2022-10-12 07:00:00,8.52,9.02,8.44,8.77,10734600,POW
2022-10-13 07:00:00,8.9,8.9,8.69,8.77,6737600,POW
2022-10-14 07:00:00,9.02,9.1,8.9,8.94,11401800,POW
2022-10-17 07:00:00,8.81,9.23,8.81,9.23,11090500,POW
2022-10-18 07:00:00,9.35,9.43,9.1,9.19,6344500,POW
2022-10-19 07:00:00,9.23,9.27,8.98,9.1,6868200,POW
2022-10-20 07:00:00,9.02,9.14,8.9,8.98,5221800,POW
2022-10-21 07:00:00,9.02,9.02,8.4,8.52,11890400,POW
2022-10-24 07:00:00,8.65,8.73,8.07,8.18,11413900,POW
2022-10-25 07:00:00,8.07,8.52,7.84,8.25,10167300,POW
2022-10-26 07:00:00,8.32,8.44,8.24,8.28,4822300,POW
2022-10-27 07:00:00,8.28,8.69,8.28,8.61,6281100,POW
2022-10-28 07:00:00,8.69,8.77,8.52,8.57,6174600,POW
2022-10-31 07:00:00,8.57,8.57,8.16,8.57,10293400,POW
2022-11-01 07:00:00,8.57,8.69,8.48,8.57,4933800,POW
2022-11-02 07:00:00,8.61,8.61,8.44,8.44,6146100,POW
2022-11-03 07:00:00,8.32,8.44,8.28,8.36,3667100,POW
2022-11-04 07:00:00,8.36,8.36,8.03,8.11,7710300,POW
2022-11-07 07:00:00,8.11,8.23,8.06,8.1,6363400,POW
2022-11-08 07:00:00,8.06,8.65,8.04,8.65,10855800,POW
2022-11-09 07:00:00,8.81,9.06,8.77,8.98,10436300,POW
2022-11-10 07:00:00,8.81,8.94,8.36,8.48,12467000,POW
2022-11-11 07:00:00,8.77,8.94,8.52,8.77,7777600,POW
2022-11-14 07:00:00,8.69,8.73,8.24,8.52,7140300,POW
2022-11-15 07:00:00,8.36,8.4,7.93,7.93,13382200,POW
2022-11-16 07:00:00,7.37,8.4,7.37,8.36,11312400,POW
2022-11-17 07:00:00,8.36,8.65,8.28,8.36,6965000,POW
2022-11-18 07:00:00,8.36,8.48,7.9,8.36,8219200,POW
2022-11-21 07:00:00,8.36,8.69,8.36,8.52,7636900,POW
2022-11-22 07:00:00,8.52,8.94,8.44,8.57,11403800,POW
2022-11-23 07:00:00,8.61,8.9,8.57,8.65,8055200,POW
2022-11-24 07:00:00,8.65,8.77,8.52,8.77,4923200,POW
2022-11-25 07:00:00,8.9,8.98,8.73,8.98,7832500,POW
2022-11-28 07:00:00,9.06,9.35,8.94,9.35,13539700,POW
2022-11-29 07:00:00,9.35,9.48,9.1,9.35,11265900,POW
2022-11-30 07:00:00,9.43,9.72,9.23,9.64,11924900,POW
2022-12-01 07:00:00,9.81,9.85,9.27,9.27,12492200,POW
2022-12-02 07:00:00,9.14,9.68,9.1,9.68,11549000,POW
2022-12-05 07:00:00,9.89,9.89,9.52,9.52,13745100,POW
2022-12-06 07:00:00,9.52,9.56,9.02,9.02,12336700,POW
2022-12-07 07:00:00,9.02,9.23,8.9,9.06,8784400,POW
2022-12-08 07:00:00,9.19,9.39,9.1,9.27,7987600,POW
2022-12-09 07:00:00,9.35,9.35,9.14,9.27,4895100,POW
2022-12-12 07:00:00,9.27,9.56,9.23,9.23,9549900,POW
2022-12-13 07:00:00,9.27,9.43,9.1,9.43,6695200,POW
2022-12-14 07:00:00,9.56,9.56,9.31,9.43,8051000,POW
2022-12-15 07:00:00,9.35,9.48,9.31,9.43,6406100,POW
2022-12-16 07:00:00,9.27,9.52,9.23,9.48,7569800,POW
2022-12-19 07:00:00,9.39,9.52,9.14,9.19,9353700,POW
2022-12-20 07:00:00,9.14,9.23,8.77,8.86,9038200,POW
2022-12-21 07:00:00,8.94,9.02,8.61,8.65,6046800,POW
2022-12-22 07:00:00,8.77,8.98,8.65,8.86,6755200,POW
2022-12-23 07:00:00,8.77,9.27,8.77,9.06,9759400,POW
2022-12-26 07:00:00,9.14,9.19,8.52,8.52,6534600,POW
2022-12-27 07:00:00,8.69,8.81,8.57,8.81,5246100,POW
2022-12-28 07:00:00,8.77,8.9,8.73,8.81,3577400,POW
2022-12-29 07:00:00,8.81,8.86,8.69,8.69,3098300,POW
2022-12-30 07:00:00,8.77,8.9,8.73,8.81,3547500,POW
2023-01-03 07:00:00,8.77,9.19,8.77,9.14,6100800,POW
2023-01-04 07:00:00,9.1,9.23,9.02,9.1,6123400,POW
2023-01-05 07:00:00,9.1,9.72,9.06,9.72,23637300,POW
2023-01-06 07:00:00,9.85,10.1,9.6,9.72,15097700,POW
2023-01-09 07:00:00,9.81,9.93,9.43,9.6,8656600,POW
2023-01-10 07:00:00,9.6,9.72,9.39,9.68,6062700,POW
2023-01-11 07:00:00,9.68,9.81,9.6,9.64,6157300,POW
2023-01-12 07:00:00,9.64,10.01,9.56,9.72,7404600,POW
2023-01-13 07:00:00,9.85,10.01,9.72,9.81,9287700,POW
2023-01-16 07:00:00,9.93,9.93,9.72,9.81,4540400,POW
2023-01-17 07:00:00,9.85,10.1,9.81,10.06,10913100,POW
2023-01-18 07:00:00,10.14,10.18,9.97,10.06,6386000,POW
2023-01-19 07:00:00,10.01,10.14,9.93,10.1,7463800,POW
2023-01-27 07:00:00,10.22,10.3,10.06,10.1,7247000,POW
2023-01-30 07:00:00,10.14,10.43,10.01,10.22,11216700,POW
2023-01-31 07:00:00,10.3,10.34,10.14,10.26,7521200,POW
2023-02-01 07:00:00,10.39,10.68,9.89,9.89,15662100,POW
2023-02-02 07:00:00,10.01,10.01,9.81,9.93,7694100,POW
2023-02-03 07:00:00,10.06,10.1,9.81,10.06,6477100,POW
2023-02-06 07:00:00,9.97,10.43,9.89,10.39,9136200,POW
2023-02-07 07:00:00,10.43,10.55,9.97,10.1,9291500,POW
2023-02-08 07:00:00,10.1,10.22,9.93,10.14,4580300,POW
2023-02-09 07:00:00,10.14,10.18,9.93,9.93,3869700,POW
2023-02-10 07:00:00,10.01,10.18,9.89,9.93,7572400,POW
2023-02-13 07:00:00,9.89,10.06,9.56,9.68,6202600,POW
2023-02-14 07:00:00,9.77,9.89,9.72,9.81,3555200,POW
2023-02-15 07:00:00,9.81,9.97,9.72,9.93,5005900,POW
2023-02-16 07:00:00,10.01,10.22,9.97,10.22,7976500,POW
2023-02-17 07:00:00,10.18,10.34,10.1,10.26,8017700,POW
2023-02-20 07:00:00,10.26,10.51,10.22,10.47,11234100,POW
2023-02-21 07:00:00,10.51,10.51,10.3,10.3,9962600,POW
2023-02-22 07:00:00,10.22,10.34,9.93,9.93,11102500,POW
2023-02-23 07:00:00,9.93,10.1,9.85,10.1,7552500,POW
2023-02-24 07:00:00,10.14,10.22,9.93,9.93,4372700,POW
2023-02-27 07:00:00,9.81,10.01,9.81,9.93,6322200,POW
2023-02-28 07:00:00,10.01,10.14,9.93,10.01,5103800,POW
2023-03-01 07:00:00,9.97,10.22,9.89,10.22,5404700,POW
2023-03-02 07:00:00,10.22,10.68,10.22,10.51,22744500,POW
2023-03-03 07:00:00,10.55,10.63,10.22,10.22,7251700,POW
2023-03-06 07:00:00,10.3,10.47,10.22,10.3,6097300,POW
2023-03-07 07:00:00,10.34,10.55,10.34,10.39,7923100,POW
2023-03-08 07:00:00,10.34,10.59,10.3,10.55,7743500,POW
2023-03-09 07:00:00,10.55,10.92,10.47,10.76,20902900,POW
2023-03-10 07:00:00,10.68,10.84,10.63,10.72,8921900,POW
2023-03-13 07:00:00,10.59,10.88,10.59,10.88,13893600,POW
2023-03-14 07:00:00,10.76,10.84,10.51,10.63,12245900,POW
2023-03-15 07:00:00,10.84,11.21,10.68,11.17,16381500,POW
2023-03-16 07:00:00,11.09,11.09,10.88,10.97,9365200,POW
2023-03-17 07:00:00,11.09,11.13,10.92,11.09,10682900,POW
2023-03-20 07:00:00,11.01,11.01,10.59,10.63,9784800,POW
2023-03-21 07:00:00,10.76,11.01,10.63,10.92,5582900,POW
2023-03-22 07:00:00,11.01,11.05,10.84,10.88,4001200,POW
2023-03-23 07:00:00,10.76,10.92,10.72,10.92,4558400,POW
2023-03-24 07:00:00,10.92,11.01,10.8,10.97,5338500,POW
2023-03-27 07:00:00,10.97,11.13,10.84,11.01,6391300,POW
2023-03-28 07:00:00,11.09,11.17,10.97,11.01,5289000,POW
2023-03-29 07:00:00,11.01,11.09,10.97,11.05,3577600,POW
2023-03-30 07:00:00,11.13,11.13,10.8,10.92,5762300,POW
2023-03-31 07:00:00,10.84,11.05,10.8,10.92,6202000,POW
2023-04-03 07:00:00,11.01,11.09,10.84,10.92,8998300,POW
2023-04-04 07:00:00,11.01,11.26,10.92,11.17,11687200,POW
2023-04-05 07:00:00,11.17,11.21,11.01,11.13,5962300,POW
2023-04-06 07:00:00,11.13,11.13,10.88,10.88,10191400,POW
2023-04-07 07:00:00,10.92,11.01,10.8,10.8,4738100,POW
2023-04-10 07:00:00,10.88,11.13,10.8,11.05,12230600,POW
2023-04-11 07:00:00,11.09,11.09,10.92,11.09,4908300,POW
2023-04-12 07:00:00,11.09,11.5,11.09,11.3,16953500,POW
2023-04-13 07:00:00,11.34,11.63,11.13,11.13,12100700,POW
2023-04-14 07:00:00,11.26,11.3,10.84,10.84,6677000,POW
2023-04-17 07:00:00,10.92,11.05,10.88,11.05,6057000,POW
2023-04-18 07:00:00,11.13,11.17,11.01,11.17,4644300,POW
2023-04-19 07:00:00,11.17,11.21,10.84,10.92,5670000,POW
2023-04-20 07:00:00,10.92,11.05,10.84,10.88,3095100,POW
2023-04-21 07:00:00,10.88,10.88,10.47,10.59,11791600,POW
2023-04-24 07:00:00,10.59,10.76,10.55,10.76,3169300,POW
2023-04-25 07:00:00,10.84,10.97,10.59,10.59,5455600,POW
2023-04-26 07:00:00,10.55,10.63,10.43,10.59,4308100,POW
2023-04-27 07:00:00,10.59,10.76,10.59,10.63,2966000,POW
2023-04-28 07:00:00,10.88,10.92,10.8,10.84,6130100,POW
2023-05-04 07:00:00,10.8,11.05,10.76,10.76,8153900,POW
2023-05-05 07:00:00,10.76,10.88,10.72,10.8,4654900,POW
2023-05-08 07:00:00,10.88,11.01,10.84,11.01,8132400,POW
2023-05-09 07:00:00,11.01,11.09,10.97,11.05,5495800,POW
2023-05-10 07:00:00,11.05,11.09,10.97,11.09,4861600,POW
2023-05-11 07:00:00,11.13,11.21,11.01,11.01,6393200,POW
2023-05-12 07:00:00,10.97,11.09,10.92,11.09,4864500,POW
2023-05-15 07:00:00,11.13,11.13,10.97,11.01,5494600,POW
2023-05-16 07:00:00,11.13,11.26,11.09,11.17,11136600,POW
2023-05-17 07:00:00,11.17,11.26,11.01,11.01,5134700,POW
2023-05-18 07:00:00,11.05,11.21,11.01,11.09,5726300,POW
2023-05-19 07:00:00,11.09,11.42,11.09,11.17,11078100,POW
2023-05-22 07:00:00,11.26,11.38,11.17,11.26,8670800,POW
2023-05-23 07:00:00,11.34,11.5,11.3,11.3,12734300,POW
2023-05-24 07:00:00,11.38,11.38,11.17,11.17,4872500,POW
2023-05-25 07:00:00,11.17,11.3,11.13,11.13,5753700,POW
2023-05-26 07:00:00,11.21,11.34,11.17,11.26,5886000,POW
2023-05-29 07:00:00,11.26,11.42,11.21,11.26,6272300,POW
2023-05-30 07:00:00,11.3,11.38,11.21,11.3,5709500,POW
2023-05-31 07:00:00,11.3,11.46,11.21,11.3,11996300,POW
2023-06-01 07:00:00,11.34,11.38,11.21,11.3,5145600,POW
2023-06-02 07:00:00,11.34,11.38,11.26,11.3,6661100,POW
2023-06-05 07:00:00,11.34,11.67,11.3,11.54,16792700,POW
2023-06-06 07:00:00,11.59,11.59,11.38,11.42,6038300,POW
2023-06-07 07:00:00,11.5,11.54,11.38,11.38,9267100,POW
2023-06-08 07:00:00,11.46,11.75,11.38,11.42,15149300,POW
2023-06-09 07:00:00,11.46,11.5,11.34,11.38,5123000,POW
2023-06-12 07:00:00,11.38,11.63,11.38,11.5,7899200,POW
2023-06-13 07:00:00,11.63,11.63,11.38,11.46,5754600,POW
2023-06-14 07:00:00,11.46,11.54,11.38,11.38,6980400,POW
2023-06-15 07:00:00,11.38,11.38,11.21,11.21,5863000,POW
2023-06-16 07:00:00,11.26,11.38,11.17,11.17,7348700,POW
2023-06-19 07:00:00,11.21,11.3,11.17,11.21,3465100,POW
2023-06-20 07:00:00,11.21,11.3,11.13,11.26,3980400,POW
2023-06-21 07:00:00,11.26,11.38,11.21,11.3,5540500,POW
2023-06-22 07:00:00,11.34,11.46,11.26,11.38,8545500,POW
2023-06-23 07:00:00,11.46,11.5,11.3,11.34,5242800,POW
2023-06-26 07:00:00,11.38,11.38,11.21,11.3,4815800,POW
2023-06-27 07:00:00,11.3,11.38,11.21,11.26,4676600,POW
2023-06-28 07:00:00,11.34,11.5,11.3,11.42,8794600,POW
2023-06-29 07:00:00,11.34,11.42,11.21,11.21,5218100,POW
2023-06-30 07:00:00,11.21,11.26,11.05,11.09,6924500,POW
2023-07-03 07:00:00,11.09,11.21,11.01,11.01,6065100,POW
2023-07-04 07:00:00,11.13,11.13,10.97,11.09,5540000,POW
2023-07-05 07:00:00,11.13,11.21,11.09,11.17,4851200,POW
2023-07-06 07:00:00,11.17,11.21,10.88,10.97,6733000,POW
2023-07-07 07:00:00,10.97,10.97,10.68,10.84,10147100,POW
2023-07-10 07:00:00,10.84,10.97,10.84,10.92,5453800,POW
2023-07-11 07:00:00,10.97,11.05,10.88,10.97,7512800,POW
2023-07-12 07:00:00,11.05,11.09,10.88,10.97,4831300,POW
2023-07-13 07:00:00,11.01,11.13,10.97,11.05,8294000,POW
2023-07-14 07:00:00,11.05,11.09,10.92,11.01,7549600,POW
2023-07-17 07:00:00,11.09,11.09,10.97,11.05,6167800,POW
2023-07-18 07:00:00,11.05,11.21,11.01,11.17,9685700,POW
2023-07-19 07:00:00,11.21,11.21,11.01,11.01,6085500,POW
2023-07-20 07:00:00,11.01,11.01,10.84,11.01,9016400,POW
2023-07-21 07:00:00,11.01,11.01,10.84,10.97,10103000,POW
2023-07-24 07:00:00,11.05,11.09,10.92,11.01,8856800,POW
2023-07-25 07:00:00,11.09,11.09,10.92,10.97,9175700,POW
2023-07-26 07:00:00,11.01,11.42,10.92,11.21,27135300,POW
2023-07-27 07:00:00,11.26,11.3,11.01,11.01,12300700,POW
2023-07-28 07:00:00,11.01,11.26,11.01,11.21,16812900,POW
2023-07-31 07:00:00,11.3,11.5,11.21,11.34,14505500,POW
2023-08-01 07:00:00,11.46,11.46,11.09,11.13,14528600,POW
2023-08-02 07:00:00,11.17,11.34,11.09,11.34,9705600,POW
2023-08-03 07:00:00,11.34,11.34,11.13,11.17,8300800,POW
2023-08-04 07:00:00,11.17,11.34,11.09,11.26,11430900,POW
2023-08-07 07:00:00,11.3,11.42,11.21,11.34,11572500,POW
2023-08-08 07:00:00,11.38,11.71,11.38,11.67,27973800,POW
2023-08-09 07:00:00,11.75,11.75,11.46,11.5,10276200,POW
2023-08-10 07:00:00,11.54,11.59,11.38,11.42,14455500,POW
2023-08-11 07:00:00,11.42,11.5,11.21,11.3,10604900,POW
2023-08-14 07:00:00,11.42,11.46,11.3,11.38,8760500,POW
2023-08-15 07:00:00,11.42,11.71,11.3,11.5,12487000,POW
2023-08-16 07:00:00,11.59,11.59,11.38,11.5,8360800,POW
2023-08-17 07:00:00,11.5,11.67,11.42,11.59,14962000,POW
2023-08-18 07:00:00,11.63,11.63,10.8,10.8,21143200,POW
2023-08-21 07:00:00,10.8,10.88,10.51,10.76,9020800,POW
2023-08-22 07:00:00,10.76,10.76,10.18,10.59,13991900,POW
2023-08-23 07:00:00,10.63,10.72,10.22,10.22,13194700,POW
2023-08-24 07:00:00,10.34,10.47,10.22,10.43,8288700,POW
2023-08-25 07:00:00,10.39,10.51,10.3,10.34,6763200,POW
2023-08-28 07:00:00,10.43,10.51,10.34,10.51,4816200,POW
2023-08-29 07:00:00,10.51,10.55,10.34,10.43,8648900,POW
2023-08-30 07:00:00,10.47,10.59,10.43,10.51,5476400,POW
2023-08-31 07:00:00,10.55,10.59,10.51,10.59,7255300,POW
2023-09-05 07:00:00,10.63,10.8,10.59,10.76,9229000,POW
2023-09-06 07:00:00,10.76,10.84,10.63,10.76,6737400,POW
2023-09-07 07:00:00,10.84,10.88,10.68,10.68,8434900,POW
2023-09-08 07:00:00,10.68,10.76,10.63,10.63,10413700,POW
2023-09-11 07:00:00,10.76,10.8,10.51,10.51,8195000,POW
2023-09-12 07:00:00,10.59,10.72,10.51,10.68,3267400,POW
2023-09-13 07:00:00,10.72,10.92,10.68,10.72,10777900,POW
2023-09-14 07:00:00,10.76,10.76,10.55,10.55,6690500,POW
2023-09-15 07:00:00,10.59,10.8,10.55,10.55,6491600,POW
2023-09-18 07:00:00,10.63,10.63,10.43,10.47,5672000,POW
2023-09-19 07:00:00,10.51,10.63,10.34,10.55,5469700,POW
2023-09-20 07:00:00,10.55,10.63,10.51,10.59,3626400,POW
2023-09-21 07:00:00,10.59,10.68,10.47,10.51,5685400,POW
2023-09-22 07:00:00,10.43,10.47,10.06,10.18,9838400,POW
2023-09-25 07:00:00,10.22,10.26,9.77,9.77,7935200,POW
2023-09-26 07:00:00,9.81,9.89,9.64,9.64,7568700,POW
2023-09-27 07:00:00,9.68,9.72,9.52,9.72,4547700,POW
2023-09-28 07:00:00,9.72,9.77,9.52,9.52,4856900,POW
2023-09-29 07:00:00,9.89,9.89,9.6,9.6,5495500,POW
2023-10-02 07:00:00,9.64,9.81,9.6,9.72,2863600,POW
2023-10-03 07:00:00,9.68,9.72,9.27,9.27,7906600,POW
2023-10-04 07:00:00,9.27,9.43,9.19,9.31,5552200,POW
2023-10-05 07:00:00,9.31,9.35,9.02,9.02,8237200,POW
2023-10-06 07:00:00,9.06,9.31,9.02,9.27,5141700,POW
2023-10-09 07:00:00,9.1,9.27,9.1,9.27,9548100,POW
2023-10-10 07:00:00,9.31,9.48,9.31,9.48,5117300,POW
2023-10-11 07:00:00,9.64,9.64,9.39,9.52,3941700,POW
2023-10-12 07:00:00,9.56,9.56,9.43,9.48,3238700,POW
2023-10-13 07:00:00,9.31,9.48,9.27,9.43,4775000,POW
2023-10-16 07:00:00,9.43,9.52,9.31,9.39,3084000,POW
2023-10-17 07:00:00,9.39,9.48,9.31,9.31,3317900,POW
2023-10-18 07:00:00,9.31,9.35,9.02,9.31,6950500,POW
2023-10-19 07:00:00,9.23,9.27,9.06,9.14,3038200,POW
2023-10-20 07:00:00,9.19,9.27,9.06,9.27,3866400,POW
2023-10-23 07:00:00,9.27,9.31,9.06,9.14,3287800,POW
2023-10-24 07:00:00,9.14,9.27,9.06,9.27,3876400,POW
2023-10-25 07:00:00,9.27,9.39,9.23,9.27,2846800,POW
2023-10-26 07:00:00,9.23,9.23,8.9,8.94,8779800,POW
2023-10-27 07:00:00,9.02,9.1,8.9,9.1,3606800,POW
2023-10-30 07:00:00,9.02,9.1,8.98,8.98,2475200,POW
2023-10-31 07:00:00,9.02,9.06,8.77,8.77,5343300,POW
2023-11-01 07:00:00,8.81,8.86,8.73,8.86,3328300,POW
2023-11-02 07:00:00,8.94,9.23,8.94,9.19,4834700,POW
2023-11-03 07:00:00,9.23,9.27,9.1,9.19,4794700,POW
2023-11-06 07:00:00,9.23,9.31,9.19,9.31,4854700,POW
2023-11-07 07:00:00,9.27,9.35,9.19,9.23,3184300,POW
2023-11-08 07:00:00,9.27,9.52,9.19,9.52,5094000,POW
2023-11-09 07:00:00,9.52,9.77,9.43,9.56,10908400,POW
2023-11-10 07:00:00,9.72,9.93,9.6,9.68,12128600,POW
2023-11-13 07:00:00,9.81,10.01,9.77,9.85,12245700,POW
2023-11-14 07:00:00,9.93,9.93,9.68,9.81,6806900,POW
2023-11-15 07:00:00,9.89,10.01,9.72,9.72,9811800,POW
2023-11-16 07:00:00,9.77,9.81,9.64,9.81,3788600,POW
2023-11-17 07:00:00,9.81,9.89,9.6,9.64,5791900,POW
2023-11-20 07:00:00,9.56,9.68,9.48,9.64,4704800,POW
2023-11-21 07:00:00,9.68,9.77,9.6,9.68,2911000,POW
2023-11-22 07:00:00,9.68,9.68,9.52,9.64,4812300,POW
2023-11-23 07:00:00,9.68,9.68,9.48,9.48,5684500,POW
2023-11-24 07:00:00,9.48,9.52,9.27,9.43,6311600,POW
2023-11-27 07:00:00,9.43,9.48,9.35,9.35,2236400,POW
2023-11-28 07:00:00,9.35,9.39,9.23,9.35,4291700,POW
2023-11-29 07:00:00,9.39,9.43,9.35,9.35,3554900,POW
2023-11-30 07:00:00,9.43,9.48,9.27,9.31,4393300,POW
2023-12-01 07:00:00,9.39,9.39,9.27,9.35,2525200,POW
2023-12-04 07:00:00,9.39,9.6,9.35,9.56,5672800,POW
2023-12-05 07:00:00,9.56,9.64,9.48,9.48,3692700,POW
2023-12-06 07:00:00,9.52,9.6,9.48,9.56,2318900,POW
2023-12-07 07:00:00,9.56,9.68,9.48,9.52,5040900,POW
2023-12-08 07:00:00,9.6,9.81,9.56,9.64,6565500,POW
2023-12-11 07:00:00,9.68,9.72,9.56,9.6,2423300,POW
2023-12-12 07:00:00,9.64,9.68,9.52,9.6,3002900,POW
2023-12-13 07:00:00,9.6,9.6,9.43,9.43,4452700,POW
2023-12-14 07:00:00,9.48,9.52,9.31,9.35,3182300,POW
2023-12-15 07:00:00,9.39,9.43,9.27,9.27,6925300,POW
2023-12-18 07:00:00,9.31,9.35,9.19,9.19,3359100,POW
2023-12-19 07:00:00,9.19,9.31,9.19,9.27,2564200,POW
2023-12-20 07:00:00,9.35,9.39,9.27,9.35,2902000,POW
2023-12-21 07:00:00,9.35,9.39,9.31,9.35,2088100,POW
2023-12-22 07:00:00,9.39,9.39,9.23,9.31,4125900,POW
2023-12-25 07:00:00,9.35,9.43,9.27,9.35,3859800,POW
2023-12-26 07:00:00,9.35,9.43,9.27,9.31,3913700,POW
2023-12-27 07:00:00,9.39,9.39,9.23,9.23,6907600,POW
2023-12-28 07:00:00,9.31,9.35,9.23,9.31,2966200,POW
2023-12-29 07:00:00,9.31,9.35,9.27,9.31,5571100,POW
2024-01-02 07:00:00,9.35,9.39,9.27,9.31,3502100,POW
2024-01-03 07:00:00,9.31,9.43,9.27,9.43,4520200,POW
2024-01-04 07:00:00,9.48,9.6,9.43,9.48,7748000,POW
2024-01-05 07:00:00,9.48,9.52,9.35,9.35,4310300,POW
2024-01-08 07:00:00,9.39,9.48,9.35,9.43,6005800,POW
2024-01-09 07:00:00,9.43,9.48,9.39,9.48,4060000,POW
2024-01-10 07:00:00,9.52,9.56,9.39,9.43,4321200,POW
2024-01-11 07:00:00,9.43,9.77,9.43,9.64,11453500,POW
2024-01-12 07:00:00,9.72,9.72,9.39,9.48,8294100,POW
2024-01-15 07:00:00,9.56,9.6,9.43,9.43,4254200,POW
2024-01-16 07:00:00,9.43,9.52,9.39,9.52,2788400,POW
2024-01-17 07:00:00,9.52,9.56,9.43,9.43,4245500,POW
2024-01-18 07:00:00,9.43,9.48,9.39,9.43,3571700,POW
2024-01-19 07:00:00,9.48,9.6,9.48,9.56,5917700,POW
2024-01-22 07:00:00,9.6,9.64,9.48,9.56,4024000,POW
2024-01-23 07:00:00,9.56,9.6,9.43,9.48,4086900,POW
2024-01-24 07:00:00,9.48,9.52,9.39,9.43,3625700,POW
2024-01-25 07:00:00,9.43,9.48,9.39,9.48,1763500,POW
2024-01-26 07:00:00,9.43,9.48,9.43,9.43,2315600,POW
2024-01-29 07:00:00,9.48,9.52,9.43,9.43,3347200,POW
2024-01-30 07:00:00,9.48,9.64,9.43,9.52,7274600,POW
2024-01-31 07:00:00,9.56,9.56,9.39,9.39,4573100,POW
2024-02-01 07:00:00,9.39,9.48,9.35,9.39,2541200,POW
2024-02-02 07:00:00,9.43,9.43,9.35,9.35,2618100,POW
2024-02-05 07:00:00,9.39,9.39,9.31,9.31,3680400,POW
2024-02-06 07:00:00,9.35,9.39,9.31,9.39,3944300,POW
2024-02-07 07:00:00,9.39,9.43,9.35,9.39,2857700,POW
2024-02-15 07:00:00,9.43,9.48,9.39,9.43,4291100,POW
2024-02-16 07:00:00,9.48,9.52,9.43,9.52,2896000,POW
2024-02-19 07:00:00,9.52,10.01,9.52,9.93,22515100,POW
2024-02-20 07:00:00,9.97,10.14,9.81,9.85,7675800,POW
2024-02-21 07:00:00,9.81,9.85,9.72,9.77,6651900,POW
2024-02-22 07:00:00,9.77,9.85,9.72,9.72,5355200,POW
2024-02-23 07:00:00,9.77,9.81,9.52,9.52,9330900,POW
2024-02-26 07:00:00,9.52,9.6,9.48,9.56,6812700,POW
2024-02-27 07:00:00,9.6,9.77,9.56,9.72,6554500,POW
2024-02-28 07:00:00,9.81,9.85,9.72,9.77,7057300,POW
2024-02-29 07:00:00,9.85,9.85,9.64,9.64,6477300,POW
2024-03-01 07:00:00,9.64,9.72,9.6,9.72,4801200,POW
2024-03-04 07:00:00,9.81,9.85,9.72,9.81,7086300,POW
2024-03-05 07:00:00,9.81,9.85,9.72,9.81,4589800,POW
2024-03-06 07:00:00,9.77,10.01,9.77,9.85,8874000,POW
2024-03-07 07:00:00,9.85,9.89,9.72,9.81,5715400,POW
2024-03-08 07:00:00,9.85,9.97,9.68,9.68,13571700,POW
2024-03-11 07:00:00,9.72,9.77,9.52,9.6,7002400,POW
2024-03-12 07:00:00,9.6,9.64,9.52,9.52,5968700,POW
2024-03-13 07:00:00,9.52,9.64,9.52,9.6,4092200,POW
2024-03-14 07:00:00,9.6,9.68,9.56,9.6,6975100,POW
2024-03-15 07:00:00,9.6,9.64,9.43,9.48,10619100,POW
2024-03-18 07:00:00,9.48,9.56,9.27,9.35,12759800,POW
2024-03-19 07:00:00,9.35,9.43,9.27,9.31,4143900,POW
2024-03-20 07:00:00,9.35,9.48,9.31,9.43,5377000,POW
2024-03-21 07:00:00,9.48,9.52,9.43,9.43,6407400,POW
2024-03-22 07:00:00,9.43,9.56,9.39,9.52,8793500,POW
2024-03-25 07:00:00,9.56,9.64,9.43,9.43,8064500,POW
2024-03-26 07:00:00,9.43,9.48,9.35,9.48,4588200,POW
2024-03-27 07:00:00,9.52,9.6,9.48,9.48,5911800,POW
2024-03-28 07:00:00,9.52,9.56,9.43,9.48,4069500,POW
2024-03-29 07:00:00,9.52,9.52,9.39,9.43,4807100,POW
2024-04-01 07:00:00,9.43,9.48,9.39,9.39,5405700,POW
2024-04-02 07:00:00,9.43,9.64,9.35,9.56,8867600,POW
2024-04-03 07:00:00,9.56,9.6,9.39,9.43,6917000,POW
2024-04-04 07:00:00,9.43,9.48,9.31,9.35,8110600,POW
2024-04-05 07:00:00,9.35,9.39,9.27,9.31,7430000,POW
2024-04-08 07:00:00,9.31,9.35,9.23,9.27,4047700,POW
2024-04-09 07:00:00,9.35,9.39,9.27,9.35,4974800,POW
2024-04-10 07:00:00,9.35,9.39,9.27,9.35,5032400,POW
2024-04-11 07:00:00,9.31,9.31,9.27,9.27,5510500,POW
2024-04-12 07:00:00,9.27,9.35,9.27,9.31,5365300,POW
2024-04-15 07:00:00,9.39,9.56,9.23,9.23,13277600,POW
2024-04-16 07:00:00,9.27,9.27,8.94,9.02,11229400,POW
2024-04-17 07:00:00,9.02,9.19,8.98,9.06,6553700,POW
2024-04-19 07:00:00,9.02,9.06,8.77,8.77,8536900,POW
2024-04-22 07:00:00,8.86,8.94,8.77,8.81,3804500,POW
2024-04-23 07:00:00,8.81,8.86,8.61,8.65,4953200,POW
2024-04-24 07:00:00,8.65,8.9,8.65,8.81,5505900,POW
2024-04-25 07:00:00,8.81,8.86,8.69,8.73,3360000,POW
2024-04-26 07:00:00,8.69,8.77,8.65,8.69,4967600,POW
2024-05-02 07:00:00,8.77,9.23,8.73,9.19,9025800,POW
2024-05-03 07:00:00,9.19,9.23,9.02,9.06,4833100,POW
2024-05-06 07:00:00,9.1,9.31,9.06,9.19,6152300,POW
2024-05-07 07:00:00,9.19,9.23,9.1,9.19,3262900,POW
2024-05-08 07:00:00,9.19,9.31,9.06,9.23,6351700,POW
2024-05-09 07:00:00,9.27,9.31,9.14,9.19,3679800,POW
2024-05-10 07:00:00,9.19,9.23,9.06,9.06,4900500,POW
2024-05-13 07:00:00,9.06,9.14,9.06,9.1,3019800,POW
2024-05-14 07:00:00,9.1,9.14,9.06,9.06,3290900,POW
2024-05-15 07:00:00,9.1,9.14,9.02,9.1,5216200,POW
2024-05-16 07:00:00,9.14,9.35,9.1,9.23,7817300,POW
2024-05-17 07:00:00,9.31,9.35,9.23,9.31,7171800,POW
2024-05-20 07:00:00,9.31,9.52,9.31,9.39,9756200,POW
2024-05-21 07:00:00,9.43,9.43,9.27,9.35,6114500,POW
2024-05-22 07:00:00,9.35,9.6,9.27,9.39,12534000,POW
2024-05-23 07:00:00,9.43,9.64,9.35,9.56,15051800,POW
2024-05-24 07:00:00,9.56,9.64,9.31,9.39,13365600,POW
2024-05-27 07:00:00,9.48,10.01,9.43,10.01,41236900,POW
2024-05-28 07:00:00,10.26,10.39,10.14,10.3,25331200,POW
2024-05-29 07:00:00,10.34,10.55,10.18,10.39,28087800,POW
2024-05-30 07:00:00,10.34,10.68,10.26,10.59,21581800,POW
2024-05-31 07:00:00,10.59,10.63,10.39,10.43,11256800,POW
2024-06-03 07:00:00,10.51,11.13,10.47,11.13,42917900,POW
2024-06-04 07:00:00,11.21,11.71,11.05,11.59,35930200,POW
2024-06-05 07:00:00,11.59,11.83,11.38,11.38,24882000,POW
2024-06-06 07:00:00,11.38,11.67,11.21,11.21,15882300,POW
2024-06-07 07:00:00,11.38,11.71,11.3,11.54,14504200,POW
2024-06-10 07:00:00,11.59,11.63,11.21,11.3,16971400,POW
2024-06-11 07:00:00,11.38,11.92,11.3,11.71,22388100,POW
2024-06-12 07:00:00,11.71,11.75,11.46,11.59,14075600,POW
2024-06-13 07:00:00,11.67,11.96,11.54,11.71,17230500,POW
2024-06-14 07:00:00,11.71,11.75,11.38,11.38,15722200,POW
2024-06-17 07:00:00,11.34,11.71,11.21,11.54,13789400,POW
2024-06-18 07:00:00,11.63,12.33,11.59,12.33,36627000,POW
2024-06-19 07:00:00,12.5,12.74,12.37,12.37,16186200,POW
2024-06-20 07:00:00,12.46,12.7,12.29,12.5,13031000,POW
2024-06-21 07:00:00,12.54,12.66,12.17,12.17,13689500,POW
2024-06-24 07:00:00,12.17,12.66,11.92,12.41,27286700,POW
2024-06-25 07:00:00,12.58,12.58,12.17,12.41,9122000,POW
2024-06-26 07:00:00,12.41,12.83,12.41,12.66,15892700,POW
2024-06-27 07:00:00,12.66,12.66,12.21,12.21,15074200,POW
2024-06-28 07:00:00,12.21,12.41,11.96,12.33,11438300,POW
2024-07-01 07:00:00,12.25,12.33,11.92,12.04,10115800,POW
2024-07-02 07:00:00,12.17,12.17,11.92,12.0,9441100,POW
2024-07-03 07:00:00,12.12,12.7,12.04,12.5,18086100,POW
2024-07-04 07:00:00,12.62,12.7,12.17,12.21,11047800,POW
2024-07-05 07:00:00,12.21,12.33,12.08,12.08,11273000,POW
2024-07-08 07:00:00,12.12,12.46,12.08,12.46,15956200,POW
2024-07-09 07:00:00,12.62,13.16,12.5,12.66,23997200,POW
2024-07-10 07:00:00,12.66,12.74,12.41,12.46,13690600,POW
2024-07-11 07:00:00,12.5,12.79,12.46,12.5,10985400,POW
2024-07-12 07:00:00,12.5,12.62,12.41,12.58,8413800,POW
2024-07-15 07:00:00,12.7,12.7,12.29,12.58,9147800,POW
2024-07-16 07:00:00,12.66,12.87,12.33,12.33,15018800,POW
2024-07-17 07:00:00,12.37,12.5,11.5,11.5,31977500,POW
2024-07-18 07:00:00,11.59,11.75,11.42,11.75,16764200,POW
2024-07-19 07:00:00,11.75,11.79,10.97,11.01,24764400,POW
2024-07-22 07:00:00,11.09,11.38,10.84,11.13,12605600,POW
2024-07-23 07:00:00,11.17,11.3,10.59,10.63,11634700,POW
2024-07-24 07:00:00,10.55,11.01,10.51,10.92,11351400,POW
2024-07-25 07:00:00,10.88,10.97,10.51,10.68,8560000,POW
2024-07-26 07:00:00,10.76,11.26,10.76,11.21,12849200,POW
2024-07-29 07:00:00,11.34,11.34,11.05,11.26,7094300,POW
2024-07-30 07:00:00,11.38,11.46,11.09,11.09,10095000,POW
2024-07-31 07:00:00,11.26,11.34,11.01,11.13,6437900,POW
2024-08-01 07:00:00,11.21,11.26,10.68,10.88,11728300,POW
2024-08-02 07:00:00,10.72,11.42,10.68,11.42,10746200,POW
2024-08-05 07:00:00,11.21,11.38,10.8,11.01,12036900,POW
2024-08-06 07:00:00,11.01,11.46,11.01,11.38,10088700,POW
2024-08-07 07:00:00,11.38,11.46,11.13,11.38,5898800,POW
2024-08-08 07:00:00,11.38,11.71,11.21,11.42,12626800,POW
2024-08-09 07:00:00,11.59,11.59,11.3,11.46,7389600,POW
2024-08-12 07:00:00,11.54,11.54,11.26,11.26,8115300,POW
2024-08-13 07:00:00,11.21,11.26,10.8,11.09,12008300,POW
2024-08-14 07:00:00,11.13,11.13,10.97,11.05,3128000,POW
2024-08-15 07:00:00,10.97,11.05,10.8,10.8,5342100,POW
2024-08-16 07:00:00,10.84,11.21,10.84,11.13,7606900,POW
2024-08-19 07:00:00,11.21,11.38,11.17,11.17,8438700,POW
2024-08-20 07:00:00,11.21,11.26,11.01,11.17,9152000,POW
2024-08-21 07:00:00,11.17,11.54,11.09,11.38,12635400,POW
2024-08-22 07:00:00,11.42,11.42,11.21,11.26,6038100,POW
2024-08-23 07:00:00,11.26,11.34,11.17,11.21,5784500,POW
2024-08-26 07:00:00,11.34,11.34,11.09,11.09,6596300,POW
2024-08-27 07:00:00,11.09,11.17,10.97,11.13,5942100,POW
2024-08-28 07:00:00,11.13,11.34,11.09,11.3,7769600,POW
2024-08-29 07:00:00,11.34,11.46,11.21,11.21,4854000,POW
2024-08-30 07:00:00,11.21,11.26,11.13,11.13,4119300,POW
2024-09-04 07:00:00,11.05,11.09,10.92,10.92,6585700,POW
2024-09-05 07:00:00,10.92,11.01,10.68,10.8,7870400,POW
2024-09-06 07:00:00,10.88,10.88,10.59,10.84,5592800,POW
2024-09-09 07:00:00,10.84,10.88,10.68,10.8,2527900,POW
2024-09-10 07:00:00,10.97,10.97,10.72,10.76,3367500,POW
2024-09-11 07:00:00,10.72,10.8,10.59,10.63,3784500,POW
2024-09-12 07:00:00,10.68,10.8,10.68,10.68,1649200,POW
2024-09-13 07:00:00,10.72,10.76,10.59,10.59,2316200,POW
2024-09-16 07:00:00,10.63,10.72,10.14,10.18,9058900,POW
2024-09-17 07:00:00,10.22,10.39,10.14,10.39,4649700,POW
2024-09-18 07:00:00,10.43,10.55,10.3,10.55,7347900,POW
2024-09-19 07:00:00,10.55,10.59,10.39,10.39,3166200,POW
2024-09-20 07:00:00,10.43,10.55,10.34,10.39,5232400,POW
2024-09-23 07:00:00,10.47,10.51,10.34,10.34,3154700,POW
2024-09-24 07:00:00,10.39,10.47,10.34,10.43,2322200,POW
2024-09-25 07:00:00,10.51,10.8,10.43,10.8,15412500,POW
2024-09-26 07:00:00,10.8,10.88,10.72,10.8,6034400,POW
2024-09-27 07:00:00,10.76,10.97,10.76,10.8,7500100,POW
2024-09-30 07:00:00,10.8,10.84,10.68,10.84,4604100,POW
2024-10-01 07:00:00,10.84,10.97,10.8,10.92,7410900,POW
2024-10-02 07:00:00,10.92,10.92,10.8,10.88,3963100,POW
2024-10-03 07:00:00,10.84,11.01,10.59,10.59,7901200,POW
2024-10-04 07:00:00,10.68,10.76,10.59,10.72,3379200,POW
2024-10-07 07:00:00,10.8,10.84,10.55,10.55,4623000,POW
2024-10-08 07:00:00,10.59,10.72,10.51,10.59,2874100,POW
2024-10-09 07:00:00,10.63,10.72,10.55,10.72,4342900,POW
2024-10-10 07:00:00,10.76,10.84,10.63,10.68,3054900,POW
2024-10-11 07:00:00,10.76,10.76,10.43,10.43,8909600,POW
2024-10-14 07:00:00,10.59,10.84,10.59,10.59,8349200,POW
2024-10-15 07:00:00,10.59,10.72,10.34,10.43,5122800,POW
2024-10-16 07:00:00,10.51,10.55,10.34,10.43,2941300,POW
2024-10-17 07:00:00,10.34,10.47,10.26,10.39,4008500,POW
2024-10-18 07:00:00,10.39,10.51,10.34,10.34,3456000,POW
2024-10-21 07:00:00,10.34,10.39,10.26,10.3,2880300,POW
2024-10-22 07:00:00,10.3,10.3,9.97,10.1,8762300,POW
2024-10-23 07:00:00,10.14,10.26,10.06,10.14,3239400,POW
2024-10-24 07:00:00,10.14,10.22,10.01,10.01,3452700,POW
2024-10-25 07:00:00,10.1,10.1,9.85,9.85,4369300,POW
2024-10-28 07:00:00,9.89,9.93,9.81,9.89,2600000,POW
2024-10-29 07:00:00,9.89,10.06,9.89,9.97,3469900,POW
2024-10-30 07:00:00,9.97,10.01,9.89,9.97,2282000,POW
2024-10-31 07:00:00,10.1,10.1,9.89,9.89,5657100,POW
2024-11-01 07:00:00,9.93,9.93,9.6,9.6,7503200,POW
2024-11-04 07:00:00,9.68,9.68,9.48,9.48,5064300,POW
2024-11-05 07:00:00,9.48,9.6,9.48,9.56,3472300,POW
2024-11-06 07:00:00,9.6,9.81,9.6,9.77,5947200,POW
2024-11-07 07:00:00,9.85,9.85,9.68,9.68,2648000,POW
2024-11-08 07:00:00,9.68,9.85,9.64,9.68,4359000,POW
2024-11-11 07:00:00,9.68,9.77,9.56,9.68,3695400,POW
2024-11-12 07:00:00,9.72,9.85,9.68,9.68,6230000,POW
2024-11-13 07:00:00,9.68,9.72,9.56,9.68,3429600,POW
2024-11-14 07:00:00,9.68,9.72,9.48,9.52,5168600,POW
2024-11-15 07:00:00,9.48,9.52,9.31,9.31,7686000,POW
2024-11-18 07:00:00,9.31,9.43,9.27,9.35,4207200,POW
2024-11-19 07:00:00,9.39,9.43,9.27,9.27,3538300,POW
2024-11-20 07:00:00,9.23,9.52,9.23,9.39,4157400,POW
2024-11-21 07:00:00,9.39,9.48,9.35,9.48,2166800,POW
2024-11-22 07:00:00,9.48,9.52,9.35,9.43,3114200,POW
2024-11-25 07:00:00,9.43,10.06,9.43,10.06,18614000,POW
2024-11-26 07:00:00,10.1,10.34,10.1,10.22,10904000,POW
2024-11-27 07:00:00,10.14,10.47,10.06,10.39,13053100,POW
2024-11-28 07:00:00,10.47,10.47,10.3,10.3,4779600,POW
2024-11-29 07:00:00,10.3,10.39,10.26,10.26,6650000,POW
2024-12-02 07:00:00,10.34,10.43,10.14,10.26,4981200,POW
2024-12-03 07:00:00,10.26,10.55,10.1,10.47,13626600,POW
2024-12-04 07:00:00,10.47,10.47,10.14,10.18,5774600,POW
2024-12-05 07:00:00,10.18,10.39,10.14,10.34,8789400,POW
2024-12-06 07:00:00,10.39,10.47,10.26,10.3,6590400,POW
2024-12-09 07:00:00,10.3,10.39,10.22,10.34,5185000,POW
2024-12-10 07:00:00,10.39,10.76,10.39,10.47,12759200,POW
2024-12-11 07:00:00,10.47,10.51,10.22,10.26,5617700,POW
2024-12-12 07:00:00,10.34,10.39,10.18,10.18,5484900,POW
2024-12-13 07:00:00,10.22,10.22,10.1,10.14,3419000,POW
2024-12-16 07:00:00,10.18,10.26,10.14,10.26,3610800,POW
2024-12-17 07:00:00,10.26,10.3,10.14,10.22,2391700,POW
2024-12-18 07:00:00,10.22,10.43,10.18,10.43,7025600,POW
2024-12-19 07:00:00,10.3,10.34,10.18,10.26,5092100,POW
2024-12-20 07:00:00,10.34,10.34,10.1,10.1,7568400,POW
2024-12-23 07:00:00,10.14,10.18,10.01,10.01,6143100,POW
2024-12-24 07:00:00,10.01,10.06,9.81,9.97,8756900,POW
2024-12-25 07:00:00,9.89,10.14,9.89,10.06,4582200,POW
2024-12-26 07:00:00,10.06,10.14,9.97,10.06,3522100,POW
2024-12-27 07:00:00,10.1,10.1,9.93,9.93,4154400,POW
2024-12-30 07:00:00,9.93,10.06,9.89,10.06,3269500,POW
2024-12-31 07:00:00,10.06,10.06,9.93,9.93,1844800,POW
2025-01-02 07:00:00,9.93,10.06,9.89,9.93,3025300,POW
2025-01-03 07:00:00,9.93,9.93,9.72,9.77,4994500,POW
2025-01-06 07:00:00,9.77,9.89,9.52,9.56,5442900,POW
2025-01-07 07:00:00,9.6,9.64,9.48,9.48,4024800,POW
2025-01-08 07:00:00,9.48,9.72,9.48,9.64,2851600,POW
2025-01-09 07:00:00,9.68,9.72,9.6,9.68,2021700,POW
2025-01-10 07:00:00,9.68,10.01,9.64,9.64,4739700,POW
2025-01-13 07:00:00,9.68,9.85,9.68,9.77,3323800,POW
2025-01-14 07:00:00,9.81,9.85,9.64,9.64,2465100,POW
2025-01-15 07:00:00,9.72,9.85,9.64,9.85,2611100,POW
2025-01-16 07:00:00,9.93,9.93,9.72,9.81,2709300,POW
2025-01-17 07:00:00,9.81,9.81,9.68,9.72,2601900,POW
2025-01-20 07:00:00,9.72,9.77,9.6,9.6,3735400,POW
2025-01-21 07:00:00,9.68,9.68,9.39,9.43,5406100,POW
2025-01-22 07:00:00,9.48,9.56,9.35,9.35,3798400,POW
2025-01-23 07:00:00,9.39,9.52,9.39,9.48,3587200,POW
2025-01-24 07:00:00,9.52,9.52,9.39,9.52,5915500,POW
2025-02-03 07:00:00,9.56,9.64,9.52,9.56,3584300,POW
2025-02-04 07:00:00,9.6,9.77,9.56,9.72,5117100,POW
2025-02-05 07:00:00,9.85,9.85,9.72,9.72,3443100,POW
2025-02-06 07:00:00,9.77,9.89,9.72,9.77,2868200,POW
2025-02-07 07:00:00,9.81,10.1,9.77,9.89,9583500,POW
2025-02-10 07:00:00,9.89,9.93,9.77,9.77,3341800,POW
2025-02-11 07:00:00,9.81,9.93,9.77,9.89,3703300,POW
2025-02-12 07:00:00,9.89,9.97,9.77,9.85,2947600,POW
2025-02-13 07:00:00,9.81,10.14,9.81,10.06,7204700,POW
2025-02-14 07:00:00,10.06,10.18,10.01,10.06,3849600,POW
2025-02-17 07:00:00,10.14,10.34,10.01,10.14,9982800,POW
2025-02-18 07:00:00,10.22,10.26,10.1,10.14,2380100,POW
2025-02-19 07:00:00,10.14,10.34,10.14,10.26,7539800,POW
2025-02-20 07:00:00,10.3,10.3,10.1,10.1,6509400,POW
2025-02-21 07:00:00,10.1,10.3,10.1,10.22,6170900,POW
2025-02-24 07:00:00,10.18,10.26,10.14,10.22,3680600,POW
2025-02-25 07:00:00,10.26,10.3,10.1,10.14,6294900,POW
2025-02-26 07:00:00,10.18,10.18,9.97,10.01,4522700,POW
2025-02-27 07:00:00,10.01,10.06,9.85,9.93,6221600,POW
2025-02-28 07:00:00,9.97,10.26,9.97,10.14,8478300,POW
2025-03-03 07:00:00,10.18,10.39,10.14,10.18,6075800,POW
2025-03-04 07:00:00,10.14,10.22,10.01,10.06,5233200,POW
2025-03-05 07:00:00,10.1,10.14,9.89,9.89,7218100,POW
2025-03-06 07:00:00,9.93,10.01,9.89,10.01,3485100,POW
2025-03-07 07:00:00,10.01,10.06,9.93,10.01,3976100,POW
2025-03-10 07:00:00,10.06,10.1,9.97,9.97,5285000,POW
2025-03-11 07:00:00,9.89,9.97,9.85,9.97,3274700,POW
2025-03-12 07:00:00,9.93,10.06,9.93,10.01,4648900,POW
2025-03-13 07:00:00,10.01,10.1,9.85,9.89,5811100,POW
2025-03-14 07:00:00,9.89,9.93,9.77,9.93,8341200,POW
2025-03-17 07:00:00,10.01,10.06,9.93,10.01,3997200,POW
2025-03-18 07:00:00,10.1,10.68,10.1,10.68,35501000,POW
2025-03-19 07:00:00,10.92,10.92,10.59,10.68,11084100,POW
2025-03-20 07:00:00,10.68,10.8,10.47,10.63,10714000,POW
2025-03-21 07:00:00,10.55,10.63,10.3,10.3,14341300,POW
2025-03-24 07:00:00,10.34,10.55,10.26,10.55,10267700,POW
2025-03-25 07:00:00,10.55,11.17,10.47,10.8,25255100,POW
2025-03-26 07:00:00,10.88,10.92,10.63,10.76,11214000,POW
2025-03-27 07:00:00,10.84,10.84,10.59,10.63,4892900,POW
2025-03-28 07:00:00,10.68,10.88,10.59,10.59,8955700,POW
2025-03-31 07:00:00,10.55,10.84,10.47,10.59,10118200,POW
2025-04-01 07:00:00,10.63,10.8,10.63,10.72,6550300,POW
2025-04-02 07:00:00,10.76,10.88,10.59,10.59,6889900,POW
2025-04-03 07:00:00,10.18,10.34,9.89,9.89,18059600,POW
2025-04-04 07:00:00,9.23,9.6,9.23,9.43,26892600,POW
2025-04-08 07:00:00,9.23,9.43,8.81,8.81,18663100,POW
2025-04-09 07:00:00,8.21,9.1,8.21,8.22,15901100,POW
2025-04-10 07:00:00,8.77,8.77,8.77,8.77,390200,POW
2025-04-11 07:00:00,9.35,9.35,9.1,9.35,16294600,POW
2025-04-14 07:00:00,9.56,9.81,9.48,9.72,9199200,POW
2025-04-15 07:00:00,9.72,9.85,9.48,9.77,10970500,POW
2025-04-16 07:00:00,9.77,10.06,9.68,9.85,9439700,POW
2025-04-17 07:00:00,9.77,9.93,9.72,9.93,6047200,POW
2025-04-18 07:00:00,10.01,10.01,9.89,9.93,7030100,POW
2025-04-21 07:00:00,10.18,10.18,9.93,10.01,5944000,POW
2025-04-22 07:00:00,9.97,10.14,9.35,9.81,17132900,POW
2025-04-23 07:00:00,9.93,9.93,9.77,9.89,4704600,POW
2025-04-24 07:00:00,9.93,9.97,9.81,9.93,7388200,POW
2025-04-25 07:00:00,9.97,9.97,9.77,9.85,6325700,POW
2025-04-28 07:00:00,9.89,9.89,9.68,9.72,4889700,POW
2025-04-29 07:00:00,9.72,9.93,9.68,9.81,5412800,POW
2025-05-05 07:00:00,9.93,10.18,9.77,10.18,12847200,POW
2025-05-06 07:00:00,10.22,10.26,10.06,10.1,6464700,POW
2025-05-07 07:00:00,10.1,10.8,10.1,10.51,25020700,POW
2025-05-08 07:00:00,10.59,10.68,10.47,10.59,9095900,POW
2025-05-09 07:00:00,10.68,10.72,10.47,10.55,7224800,POW
2025-05-12 07:00:00,10.88,11.05,10.59,10.72,14920700,POW
2025-05-13 07:00:00,10.76,10.76,10.59,10.59,8019900,POW
2025-05-14 07:00:00,10.63,10.84,10.55,10.68,9360400,POW
2025-05-15 07:00:00,10.72,10.76,10.51,10.63,8514600,POW
2025-05-16 07:00:00,10.63,10.92,10.59,10.68,11141600,POW
2025-05-19 07:00:00,10.68,11.05,10.63,10.68,13868600,POW
2025-05-20 07:00:00,10.76,10.92,10.63,10.8,11708900,POW
2025-05-21 07:00:00,10.8,11.01,10.76,10.88,12876500,POW
2025-05-22 07:00:00,10.88,11.38,10.88,11.26,24104900,POW
2025-05-23 07:00:00,11.42,11.42,11.01,11.05,7539900,POW
2025-05-26 07:00:00,11.09,11.17,10.72,11.17,11066300,POW
2025-05-27 07:00:00,11.26,11.46,11.09,11.17,15612400,POW
2025-05-28 07:00:00,11.26,11.3,10.97,11.17,11535000,POW
2025-05-29 07:00:00,11.17,11.17,10.97,11.01,7532000,POW
2025-05-30 07:00:00,10.97,11.13,10.84,10.84,9451400,POW
2025-06-02 07:00:00,10.84,11.21,10.8,11.13,10457400,POW
2025-06-03 07:00:00,11.17,11.3,11.05,11.13,8179500,POW
2025-06-04 07:00:00,11.21,11.59,11.17,11.21,20005200,POW
2025-06-05 07:00:00,11.3,11.34,11.05,11.34,7804500,POW
2025-06-06 07:00:00,11.34,11.46,11.09,11.09,9647200,POW
2025-06-09 07:00:00,11.13,11.21,10.84,10.84,10443500,POW
2025-06-10 07:00:00,10.84,10.97,10.8,10.8,6344500,POW
2025-06-11 07:00:00,10.84,10.88,10.68,10.72,6848400,POW
2025-06-12 07:00:00,10.76,10.84,10.72,10.8,4930300,POW
2025-06-13 07:00:00,10.72,10.76,10.47,10.59,11592400,POW
2025-06-16 07:00:00,10.63,10.88,10.63,10.8,7311100,POW
2025-06-17 07:00:00,10.76,10.92,10.68,10.92,6644400,POW
2025-06-18 07:00:00,11.01,11.01,10.76,10.84,6147500,POW
2025-06-19 07:00:00,10.8,10.84,10.63,10.76,5355500,POW
2025-06-20 07:00:00,10.76,10.8,10.68,10.8,5060000,POW
2025-06-23 07:00:00,10.84,10.97,10.76,10.8,7195000,POW
2025-06-24 07:00:00,10.84,10.92,10.76,10.84,5070700,POW
2025-06-25 07:00:00,10.88,10.92,10.72,10.76,5421900,POW
2025-06-26 07:00:00,10.72,10.8,10.68,10.72,3558900,POW
2025-06-27 07:00:00,10.76,10.8,10.63,10.72,4369900,POW
2025-06-30 07:00:00,10.76,10.84,10.72,10.76,5041000,POW
2025-07-01 07:00:00,10.76,10.8,10.63,10.76,5075500,POW
2025-07-02 07:00:00,10.72,10.76,10.63,10.68,4450000,POW
2025-07-03 07:00:00,10.76,11.09,10.76,10.97,20442300,POW
2025-07-04 07:00:00,11.01,11.26,10.92,11.13,16602500,POW
2025-07-07 07:00:00,11.17,11.3,11.05,11.13,11470400,POW
2025-07-08 07:00:00,11.13,11.21,11.01,11.13,10418700,POW
2025-07-09 07:00:00,11.17,11.42,11.09,11.21,20496700,POW
2025-07-10 07:00:00,11.21,11.3,11.13,11.17,10785300,POW
2025-07-11 07:00:00,11.21,11.3,11.05,11.13,11405300,POW
2025-07-14 07:00:00,11.38,11.71,11.34,11.54,24373000,POW
2025-07-15 07:00:00,11.59,11.59,11.34,11.34,12664400,POW
2025-07-16 07:00:00,11.34,11.5,11.3,11.38,10428300,POW
2025-07-17 07:00:00,11.46,11.63,11.3,11.38,11335200,POW
2025-07-18 07:00:00,11.5,11.83,11.3,11.59,22903200,POW
2025-07-21 07:00:00,11.71,11.83,11.54,11.54,16266800,POW
2025-07-22 07:00:00,11.54,11.59,11.38,11.54,12534700,POW
2025-07-23 07:00:00,11.67,11.79,11.5,11.59,15756100,POW
2025-07-24 07:00:00,11.67,11.71,11.46,11.59,9095800,POW
2025-07-25 07:00:00,11.63,12.0,11.63,11.79,21347500,POW
2025-07-28 07:00:00,12.0,12.33,11.79,12.25,24106100,POW
2025-07-29 07:00:00,12.5,12.62,12.0,12.04,30682200,POW
2025-07-30 07:00:00,12.21,12.29,11.79,12.0,17773400,POW
2025-07-31 07:00:00,12.33,12.37,11.92,11.92,15584600,POW
2025-08-01 07:00:00,11.92,12.21,11.71,11.79,13451600,POW
2025-08-04 07:00:00,11.88,12.29,11.75,12.21,13371900,POW
2025-08-05 07:00:00,12.33,12.46,11.59,12.0,27611400,POW
2025-08-06 07:00:00,12.17,12.33,11.96,12.21,11321900,POW
2025-08-07 07:00:00,12.33,12.37,12.04,12.33,11382000,POW
2025-08-08 07:00:00,12.54,12.91,12.37,12.54,23215000,POW
2025-08-11 07:00:00,12.7,12.74,12.46,12.5,10666800,POW
2025-08-12 07:00:00,12.62,13.37,12.41,13.37,39614500,POW
2025-08-13 07:00:00,13.7,13.86,13.37,13.7,21049200,POW
2025-08-14 07:00:00,13.82,13.86,13.32,13.57,16760100,POW
2025-08-15 07:00:00,13.53,13.53,13.12,13.12,23808000,POW
2025-08-18 07:00:00,13.41,13.7,13.16,13.53,15966100,POW
2025-08-19 07:00:00,13.74,13.86,13.41,13.41,16199800,POW
2025-08-20 07:00:00,13.57,13.57,12.62,13.2,21386000,POW
2025-08-21 07:00:00,13.37,13.66,13.12,13.32,13612700,POW
2025-08-22 07:00:00,13.2,14.07,12.91,13.66,32099900,POW
2025-08-25 07:00:00,13.82,13.82,12.87,13.16,12171400,POW
2025-08-26 07:00:00,12.99,13.37,12.91,13.37,12638000,POW
2025-08-27 07:00:00,13.41,13.94,13.12,13.57,22258500,POW
2025-08-28 07:00:00,13.66,13.74,13.45,13.61,10978000,POW
2025-08-29 07:00:00,13.74,13.94,13.53,13.61,13998300,POW
2025-09-03 07:00:00,13.74,13.9,13.57,13.7,8962600,POW
2025-09-04 07:00:00,13.9,14.44,13.78,13.86,26151100,POW
2025-09-05 07:00:00,13.99,14.11,13.37,13.37,16827800,POW
2025-09-08 07:00:00,13.41,13.49,12.58,12.58,21941300,POW
2025-09-09 07:00:00,12.7,12.87,12.37,12.58,12456900,POW
2025-09-10 07:00:00,12.62,12.62,12.41,12.5,6136700,POW
2025-09-11 07:00:00,12.46,12.62,12.17,12.54,9929600,POW
2025-09-12 07:00:00,12.66,12.87,12.58,12.79,16847400,POW
2025-09-15 07:00:00,12.83,13.03,12.74,12.95,26475400,POW
2025-09-16 07:00:00,13.03,13.12,12.66,12.79,18703900,POW
2025-09-17 07:00:00,12.79,12.87,12.58,12.62,9472900,POW
2025-09-18 07:00:00,12.7,12.79,12.54,12.7,6208500,POW
2025-09-19 07:00:00,12.74,13.03,12.62,12.66,12810800,POW
2025-09-22 07:00:00,12.66,12.7,12.33,12.46,11592900,POW
2025-09-23 07:00:00,12.5,12.58,12.37,12.37,5778200,POW
2025-09-24 07:00:00,12.46,12.5,12.21,12.5,7221500,POW
2025-09-25 07:00:00,12.58,12.74,12.54,12.58,7909100,POW
2025-09-26 07:00:00,12.62,12.66,12.37,12.37,8998500,POW
2025-09-29 07:00:00,12.41,12.5,12.17,12.21,6885100,POW
2025-09-30 07:00:00,12.25,12.33,11.79,11.88,11431900,POW
2025-10-01 07:00:00,11.92,12.04,11.88,11.92,5112300,POW
2025-10-02 07:00:00,11.96,12.04,11.75,11.75,4621000,POW
2025-10-03 07:00:00,11.79,11.79,11.54,11.63,7181300,POW
2025-10-06 07:00:00,11.67,11.96,11.67,11.96,5924100,POW
2025-10-07 07:00:00,12.12,12.12,11.83,11.83,5732300,POW
2025-10-08 07:00:00,12.0,12.04,11.79,11.88,5082900,POW
2025-10-09 07:00:00,11.92,12.08,11.75,12.08,6528500,POW
2025-10-10 07:00:00,12.17,12.17,12.04,12.08,5419000,POW
2025-10-13 07:00:00,11.92,11.96,11.75,11.88,6032900,POW
2025-10-14 07:00:00,11.96,12.12,11.83,11.88,7384000,POW
2025-10-15 07:00:00,12.0,12.04,11.79,11.83,6032300,POW
2025-10-16 07:00:00,11.83,11.96,11.79,11.88,6417600,POW
2025-10-17 07:00:00,11.92,12.0,11.71,11.71,7242900,POW
2025-10-20 07:00:00,11.71,11.79,10.92,10.92,14891800,POW
2025-10-21 07:00:00,10.88,11.09,10.68,11.05,10150100,POW
2025-10-22 07:00:00,11.17,11.3,11.05,11.21,5135900,POW
2025-10-23 07:00:00,11.26,11.3,11.13,11.21,3036300,POW
2025-10-24 07:00:00,11.21,11.26,10.88,11.09,6220200,POW
2025-10-27 07:00:00,11.13,11.46,11.13,11.46,8312700,POW
2025-10-28 07:00:00,11.5,11.5,11.17,11.46,4519700,POW
2025-10-29 07:00:00,11.5,11.92,11.42,11.83,11214600,POW
2025-10-30 07:00:00,11.88,11.88,11.59,11.75,4839800,POW
2025-10-31 07:00:00,11.88,12.12,11.88,11.88,10117100,POW
2025-11-03 07:00:00,11.96,12.08,11.79,11.79,5334200,POW
2025-11-04 07:00:00,11.83,11.88,11.34,11.79,6586300,POW
2025-11-05 07:00:00,11.75,12.33,11.67,12.17,12731600,POW
2025-11-06 07:00:00,12.21,12.25,12.0,12.04,4125400,POW
2025-11-07 07:00:00,12.08,12.12,11.63,11.75,6818400,POW
2025-11-10 07:00:00,11.67,11.92,11.59,11.67,4369800,POW
2025-11-11 07:00:00,11.71,11.83,11.59,11.63,3352400,POW
2025-11-12 07:00:00,11.67,11.79,11.63,11.79,4910800,POW
2025-11-13 07:00:00,11.83,12.29,11.79,12.17,12099700,POW
2025-11-14 07:00:00,12.12,12.46,12.12,12.33,9687100,POW
2025-11-17 07:00:00,12.46,12.74,12.33,12.66,10595800,POW
2025-11-18 07:00:00,12.58,12.66,12.37,12.5,6155000,POW
2025-11-19 07:00:00,12.46,12.54,12.29,12.33,4885800,POW
2025-11-20 07:00:00,12.37,12.46,12.25,12.37,4134300,POW
2025-11-21 07:00:00,12.41,12.58,12.25,12.37,8454000,POW
2025-11-24 07:00:00,12.41,12.74,12.37,12.5,9268600,POW
2025-11-25 07:00:00,12.62,12.62,12.25,12.25,7901900,POW
2025-11-26 07:00:00,12.37,12.58,12.33,12.58,8180100,POW
2025-11-27 07:00:00,12.7,12.74,12.54,12.62,7491700,POW
2025-11-28 07:00:00,12.79,13.08,12.62,12.62,12370000,POW
2025-12-01 07:00:00,12.66,12.7,12.33,12.33,7348700,POW
2025-12-02 07:00:00,12.37,12.58,12.17,12.33,9647400,POW
2025-12-03 07:00:00,12.46,12.46,12.29,12.29,5478600,POW
2025-12-04 07:00:00,12.33,12.66,12.33,12.46,9212900,POW
2025-12-05 07:00:00,12.5,12.66,12.41,12.46,8142400,POW
2025-12-08 07:00:00,12.54,12.58,12.25,12.25,8508300,POW
2025-12-09 07:00:00,12.29,12.37,12.0,12.0,14788000,POW
2025-12-10 07:00:00,12.3,12.55,12.2,12.3,8521300,POW
2025-12-11 07:00:00,12.35,12.35,12.05,12.1,3715500,POW
2025-12-12 07:00:00,12.1,12.15,11.5,11.55,8617100,POW
2025-12-15 07:00:00,11.6,12.0,11.6,12.0,5197900,POW
2025-12-16 07:00:00,12.05,12.4,11.85,12.4,7467400,POW
2025-12-17 07:00:00,12.35,12.4,12.15,12.3,3601800,POW
2025-12-18 07:00:00,12.3,12.35,12.15,12.3,2107200,POW
2025-12-19 07:00:00,12.35,12.35,12.2,12.2,2731700,POW
2025-12-22 07:00:00,12.25,12.75,12.2,12.7,14589100,POW
2025-12-23 07:00:00,12.7,12.9,12.55,12.8,8467300,POW
2025-12-24 07:00:00,12.85,12.85,12.6,12.75,5859900,POW
2025-12-25 07:00:00,12.7,12.9,12.6,12.6,7055800,POW
2025-12-26 07:00:00,12.5,12.85,12.45,12.8,9882400,POW
2025-12-29 07:00:00,12.85,13.15,12.85,13.0,14981100,POW
2025-12-30 07:00:00,13.05,13.1,12.75,12.8,4526600,POW
2025-12-31 07:00:00,12.8,12.9,12.7,12.7,6650400,POW
2026-01-05 07:00:00,12.75,12.9,12.5,12.65,8719400,POW
2026-01-06 07:00:00,12.65,13.15,12.65,12.75,16439400,POW
2026-01-07 07:00:00,12.85,13.6,12.85,13.6,24435000,POW
2026-01-08 07:00:00,14.1,14.55,13.85,14.0,41937800,POW
2026-01-09 07:00:00,14.05,14.8,14.05,14.4,24392800,POW
2026-01-12 07:00:00,14.55,14.75,13.8,14.15,27214700,POW
2026-01-13 07:00:00,14.15,14.95,13.9,14.6,26788100,POW
2026-01-14 07:00:00,14.9,15.2,14.4,14.6,30743400,POW
2026-01-15 07:00:00,14.6,14.65,14.1,14.25,16912800,POW
2026-01-16 07:00:00,14.45,14.85,14.2,14.25,19219400,POW
2026-01-19 07:00:00,14.35,14.5,14.15,14.25,9798300,POW
2026-01-20 07:00:00,14.45,14.8,14.25,14.3,16837400,POW
2026-01-21 07:00:00,14.25,14.65,14.1,14.65,17983100,POW
2026-01-22 07:00:00,15.0,15.2,14.65,14.8,24156000,POW
2026-01-23 07:00:00,14.8,14.8,13.9,13.9,18342700,POW
2026-01-26 07:00:00,13.95,14.3,13.75,14.0,17346500,POW
2026-01-27 07:00:00,13.9,14.2,13.6,14.0,15959100,POW
2026-01-28 07:00:00,14.2,14.3,13.8,13.8,17763300,POW
2026-01-29 07:00:00,13.85,13.95,13.35,13.4,16579300,POW
2026-01-30 07:00:00,13.55,13.85,13.5,13.75,13390500,POW
2026-02-02 07:00:00,13.95,14.35,13.7,14.35,20015100,POW
2026-02-03 07:00:00,14.5,14.65,14.3,14.3,21236600,POW
2026-02-04 07:00:00,14.4,14.75,14.25,14.45,27814500,POW
2026-02-05 07:00:00,14.5,14.7,14.2,14.2,13901600,POW
2026-02-06 07:00:00,14.05,14.15,13.5,13.5,21388700,POW
2026-02-09 07:00:00,13.7,13.8,13.4,13.45,8185700,POW
2026-02-10 07:00:00,13.5,13.55,12.8,12.95,18560100,POW
2026-02-11 07:00:00,13.0,13.35,13.0,13.2,7311600,POW
2026-02-12 07:00:00,13.25,13.45,13.2,13.3,3920800,POW
2026-02-13 07:00:00,13.3,13.45,13.2,13.4,4231000,POW
2026-02-23 07:00:00,13.6,13.9,13.55,13.85,10127000,POW
2026-02-24 07:00:00,13.85,14.0,13.7,13.9,8912800,POW
2026-02-25 07:00:00,14.0,14.4,13.95,14.3,17945000,POW
2026-02-26 07:00:00,14.3,14.35,13.95,14.1,10419200,POW
2026-02-27 07:00:00,14.3,14.95,14.3,14.5,24747100,POW
2026-03-02 07:00:00,14.9,15.5,14.6,15.5,70786000,POW
2026-03-03 07:00:00,16.25,16.55,15.45,16.55,72190400,POW
2026-03-04 07:00:00,16.8,16.85,15.4,15.45,73310900,POW
2026-03-05 07:00:00,15.65,15.9,15.0,15.15,36127200,POW
2026-03-06 07:00:00,15.05,15.35,14.5,14.55,32295600,POW
2026-03-09 07:00:00,13.9,13.95,13.55,13.55,16329400,POW
2026-03-10 07:00:00,13.55,13.75,12.75,13.1,47237500,POW
2026-03-11 07:00:00,13.1,13.65,13.0,13.55,14643700,POW
2026-03-12 07:00:00,13.6,13.75,13.2,13.4,14291100,POW
2026-03-13 07:00:00,13.45,13.85,13.2,13.3,25916300,POW
2026-03-16 07:00:00,13.3,13.35,12.95,13.2,17592300,POW
2026-03-17 07:00:00,13.25,13.4,13.1,13.1,9690000,POW
2026-03-18 07:00:00,13.1,13.45,13.0,13.3,10649700,POW
2026-03-19 07:00:00,13.2,13.2,12.9,12.95,11885900,POW
2026-03-20 07:00:00,13.0,13.55,12.8,13.15,17241200,POW
2026-03-23 07:00:00,13.05,13.2,12.4,12.7,14234000,POW
2026-03-24 07:00:00,13.0,13.0,12.45,12.7,12573000,POW
2026-03-25 07:00:00,12.85,13.4,12.8,13.35,17316000,POW
2026-03-26 07:00:00,13.35,13.35,13.05,13.1,7804900,POW
2026-03-27 07:00:00,13.05,13.15,12.9,13.05,12089900,POW
2026-03-30 07:00:00,12.95,13.25,12.85,13.05,13360300,POW
2026-03-31 07:00:00,13.15,13.15,12.95,13.0,8543100,POW
2026-04-01 07:00:00,13.1,13.15,12.95,13.05,10934900,POW
2026-04-02 07:00:00,13.05,13.1,12.75,12.85,11135300,POW
2026-04-03 07:00:00,12.9,12.95,12.6,12.65,11310100,POW
2026-04-06 07:00:00,12.65,12.75,12.4,12.4,8428500,POW
2026-04-07 07:00:00,12.45,12.65,12.35,12.5,5744100,POW
2026-04-08 07:00:00,12.8,13.0,12.65,13.0,11313600,POW
2026-04-09 07:00:00,12.9,13.1,12.75,13.0,8734400,POW
2026-04-10 07:00:00,13.05,13.2,13.0,13.0,13155900,POW
2026-04-13 07:00:00,13.0,13.3,12.95,13.1,10297600,POW
2026-04-14 07:00:00,13.25,13.3,13.0,13.15,9614400,POW
2026-04-15 07:00:00,13.2,13.25,13.05,13.05,10253100,POW
2026-04-16 07:00:00,13.25,13.6,13.2,13.35,24624300,POW
2026-04-17 07:00:00,13.4,13.4,13.2,13.25,6797200,POW
2026-04-20 07:00:00,13.3,13.35,13.1,13.15,7217800,POW
2026-04-21 07:00:00,13.15,13.3,13.1,13.1,7674300,POW
2026-04-22 07:00:00,13.1,13.15,13.0,13.0,6087200,POW
2026-04-23 07:00:00,13.05,13.1,12.55,12.75,21685400,POW
2026-04-24 07:00:00,12.8,12.85,12.65,12.8,4944700,POW
2026-04-28 07:00:00,12.8,12.85,12.55,12.65,7007100,POW
2026-04-29 07:00:00,12.6,12.75,12.55,12.65,4984200,POW
2026-05-04 07:00:00,12.9,13.3,12.85,13.3,19912100,POW
2026-05-05 07:00:00,13.35,13.65,13.15,13.65,28262300,POW
2026-05-06 07:00:00,13.75,14.35,13.55,14.35,38449000,POW
2026-05-07 07:00:00,14.35,14.45,14.1,14.35,23409200,POW
2026-05-08 07:00:00,14.3,14.45,13.85,14.0,22764900,POW
2026-05-11 07:00:00,14.0,14.25,13.9,13.95,10484700,POW
2026-05-12 07:00:00,14.0,14.3,13.95,14.05,10575500,POW
2026-05-13 07:00:00,14.05,14.4,14.0,14.2,13043000,POW
2026-05-14 07:00:00,14.25,14.4,13.9,14.0,14677800,POW
2026-05-15 07:00:00,14.1,14.1,13.85,14.1,8428800,POW
2026-05-18 07:00:00,14.1,14.6,13.95,14.3,24632600,POW
2026-05-19 07:00:00,14.35,14.4,13.85,14.0,14155300,POW
2026-05-20 07:00:00,14.05,14.05,13.2,13.85,17494300,POW
2026-05-21 07:00:00,13.85,13.85,13.5,13.5,7084200,POW
2026-05-22 07:00:00,13.5,13.65,13.3,13.6,6882400,POW
2026-05-25 07:00:00,13.65,13.85,13.6,13.65,6804000,POW
2026-05-26 07:00:00,13.65,13.8,13.55,13.65,5213600,POW
2026-05-27 07:00:00,13.8,14.15,13.75,14.05,14098600,POW
2026-05-28 07:00:00,14.05,14.3,13.85,13.85,7060500,POW
2026-05-29 07:00:00,13.85,13.9,13.7,13.7,7171800,POW
2026-06-01 07:00:00,13.8,13.8,13.65,13.8,4991200,POW
2026-06-02 07:00:00,13.85,13.85,13.5,13.55,6375900,POW
2026-06-03 07:00:00,13.55,13.65,13.4,13.55,5639500,POW
2026-06-04 07:00:00,13.6,13.85,13.5,13.7,5839800,POW
2026-06-05 07:00:00,13.7,13.7,13.45,13.45,4857300,POW
2026-06-08 07:00:00,13.5,13.7,13.4,13.45,7032400,POW
2026-06-09 07:00:00,13.5,13.65,13.3,13.65,4517400,POW
2026-06-10 07:00:00,13.65,13.7,13.5,13.65,3650400,POW
2026-06-11 07:00:00,13.55,13.6,13.5,13.6,3151200,POW
2026-06-12 07:00:00,13.65,13.7,13.4,13.5,4267900,POW
2026-06-15 07:00:00,13.55,14.0,13.5,13.9,9857800,POW
2026-06-16 07:00:00,13.95,14.35,13.9,14.15,18398500,POW
2026-06-17 07:00:00,14.25,14.3,14.05,14.15,7934500,POW
2026-06-18 07:00:00,14.15,14.35,14.1,14.2,8125800,POW
2026-06-19 07:00:00,14.2,14.2,13.85,13.9,11331600,POW
2026-06-22 07:00:00,14.0,14.55,13.8,14.5,15925700,POW
2026-06-23 07:00:00,14.5,14.6,14.1,14.3,9039400,POW
2026-06-24 07:00:00,14.25,14.3,14.0,14.1,5901100,POW
2026-06-25 07:00:00,14.15,14.6,14.1,14.5,22141900,POW
2026-06-26 07:00:00,14.5,14.9,14.45,14.8,20921500,POW
2026-06-29 07:00:00,14.85,15.1,14.65,14.8,14886200,POW
2026-06-30 07:00:00,14.8,14.95,14.65,14.7,11078700,POW
2026-07-01 07:00:00,14.65,14.85,14.6,14.6,14016400,POW
2026-07-02 07:00:00,14.65,14.9,14.5,14.9,11845400,POW
2026-07-03 07:00:00,14.95,15.0,14.65,14.9,11048900,POW
2026-07-06 07:00:00,14.8,15.15,14.5,14.8,20318900,POW
2026-07-07 07:00:00,14.85,14.85,14.5,14.7,8122400,POW
2026-07-08 07:00:00,14.75,14.85,14.5,14.7,7698900,POW
2026-07-09 07:00:00,14.65,14.65,14.2,14.2,13803500,POW
2026-07-10 07:00:00,14.25,14.35,14.1,14.1,8203900,POW
2026-07-13 07:00:00,14.15,14.15,13.65,13.8,13253100,POW
2026-07-14 07:00:00,13.8,14.1,13.65,14.1,6043800,POW
2026-07-15 07:00:00,14.0,14.05,13.8,13.9,5103300,POW
2026-07-16 07:00:00,13.9,14.1,13.4,14.1,11243100,POW
2026-07-17 07:00:00,14.05,14.05,13.7,13.9,4744700,POW
2026-07-20 07:00:00,13.8,13.8,13.05,13.55,11487700,POW
2026-07-21 07:00:00,13.6,13.75,13.35,13.55,8528600,POW
2026-07-22 07:00:00,13.55,13.7,13.1,13.2,9145300,POW
2026-07-23 07:00:00,13.25,13.55,13.0,13.55,8813800,POW
2026-07-24 07:00:00,13.4,13.45,13.2,13.35,4531800,POW
2026-07-27 07:00:00,13.35,13.45,13.2,13.2,3746500,POW
2026-07-28 07:00:00,13.1,13.3,12.9,13.3,6764100,POW
2026-07-29 07:00:00,13.35,13.35,13.05,13.35,5026300,POW
2026-07-30 07:00:00,13.35,13.7,13.35,13.7,8490000,POW
2026-07-31 07:00:00,13.95,14.1,13.6,13.6,12026900,POW
2026-08-03 07:00:00,13.85,13.95,13.65,13.95,6454800,POW
2026-08-04 07:00:00,14.0,14.0,13.75,13.9,5010300,POW
2026-08-05 07:00:00,14.05,14.05,13.65,13.8,9235600,POW
2026-08-06 07:00:00,13.8,13.8,13.4,13.4,8307700,POW
2026-08-07 07:00:00,13.45,13.8,13.45,13.6,6926700,POW
2026-08-10 07:00:00,13.7,13.9,13.6,13.85,6669700,POW
2026-08-11 07:00:00,13.8,13.9,13.7,13.75,5547300,POW
2026-08-12 07:00:00,13.8,13.8,13.6,13.75,6056700,POW
2026-08-13 07:00:00,13.75,13.75,13.5,13.5,7029400,POW
2026-08-14 07:00:00,13.5,13.5,13.2,13.25,8659900,POW
2026-08-17 07:00:00,13.3,13.35,13.2,13.35,2538900,POW
2026-08-18 07:00:00,13.35,13.6,13.3,13.35,4558700,POW
2026-08-19 07:00:00,13.3,13.4,13.25,13.35,2859700,POW
2026-08-20 07:00:00,13.4,13.55,13.3,13.4,2793400,POW
2026-08-21 07:00:00,13.4,13.6,13.3,13.6,6388700,POW
2026-08-24 07:00:00,13.65,13.7,13.5,13.55,8007800,POW
2026-08-25 07:00:00,13.55,13.65,13.3,13.3,7283800,POW
2026-08-26 07:00:00,13.3,13.45,13.2,13.3,8595700,POW
2026-08-27 07:00:00,13.35,13.4,13.1,13.15,8441100,POW
2026-08-28 07:00:00,13.2,13.25,13.05,13.1,8511300,POW
2026-09-03 07:00:00,13.25,13.25,12.95,12.95,9924400,POW
2026-09-04 07:00:00,13.0,13.05,12.8,12.85,8962800,POW
2026-09-07 07:00:00,12.85,13.0,12.8,12.85,4799000,POW
2026-09-08 07:00:00,12.9,12.95,12.75,12.75,6161800,POW
2026-09-09 07:00:00,12.75,13.0,12.75,12.9,4907500,POW
2026-09-10 07:00:00,12.9,13.0,12.75,12.85,4291300,POW
2026-09-11 07:00:00,12.85,12.85,12.6,12.6,5061000,POW
2026-09-14 07:00:00,12.6,12.75,12.05,12.4,12345500,POW
2026-09-15 07:00:00,12.45,12.5,12.3,12.45,4470900,POW
2026-09-16 07:00:00,12.5,12.75,12.45,12.65,7388000,POW
2026-09-17 07:00:00,12.65,12.75,12.55,12.6,4317800,POW
2026-09-18 07:00:00,12.7,12.75,12.6,12.6,4205800,POW
2026-09-21 07:00:00,12.65,12.7,12.5,12.55,3252900,POW
2026-09-22 07:00:00,12.6,12.95,12.55,12.8,5789400,POW
2026-09-23 07:00:00,12.85,12.9,12.75,12.75,389700,POW
