time,open,high,low,close,volume,ticker
2019-01-02 07:00:00,5.96,6.04,5.72,5.72,1038130,PVD
2019-01-03 07:00:00,5.72,5.84,5.6,5.6,1501000,PVD
2019-01-04 07:00:00,5.6,5.84,5.58,5.76,1169010,PVD
2019-01-07 07:00:00,5.96,5.96,5.84,5.92,791640,PVD
2019-01-08 07:00:00,5.96,6.16,5.84,6.12,2801390,PVD
2019-01-09 07:00:00,6.08,6.36,6.08,6.24,2275020,PVD
2019-01-10 07:00:00,6.34,6.38,6.16,6.18,1681450,PVD
2019-01-11 07:00:00,6.24,6.24,6.1,6.12,1372650,PVD
2019-01-14 07:00:00,6.08,6.12,5.98,5.98,1115400,PVD
2019-01-15 07:00:00,5.98,6.16,5.98,6.14,877070,PVD
2019-01-16 07:00:00,6.22,6.26,6.14,6.22,1253550,PVD
2019-01-17 07:00:00,6.2,6.36,6.16,6.24,1248260,PVD
2019-01-18 07:00:00,6.3,6.3,6.1,6.1,1039310,PVD
2019-01-21 07:00:00,6.14,6.3,6.1,6.24,937260,PVD
2019-01-22 07:00:00,6.22,6.4,6.22,6.28,2749630,PVD
2019-01-23 07:00:00,6.24,6.3,6.22,6.28,1452910,PVD
2019-01-24 07:00:00,6.32,6.47,6.28,6.38,1572170,PVD
2019-01-25 07:00:00,6.4,6.44,6.32,6.36,942870,PVD
2019-01-28 07:00:00,6.47,6.61,6.4,6.55,2543110,PVD
2019-01-29 07:00:00,6.47,6.53,6.44,6.53,1084650,PVD
2019-01-30 07:00:00,6.53,6.67,6.53,6.57,1250170,PVD
2019-01-31 07:00:00,6.81,6.81,6.57,6.57,1736690,PVD
2019-02-01 07:00:00,6.51,6.63,6.49,6.57,1090940,PVD
2019-02-11 07:00:00,6.65,6.75,6.61,6.71,1945730,PVD
2019-02-12 07:00:00,6.73,6.81,6.57,6.61,3419290,PVD
2019-02-13 07:00:00,6.69,6.93,6.69,6.91,3401270,PVD
2019-02-14 07:00:00,6.91,6.93,6.79,6.79,1126440,PVD
2019-02-15 07:00:00,6.81,6.97,6.77,6.87,3361310,PVD
2019-02-18 07:00:00,7.05,7.23,6.99,7.19,3531110,PVD
2019-02-19 07:00:00,7.19,7.27,6.99,6.99,2933790,PVD
2019-02-20 07:00:00,7.03,7.13,6.97,7.01,1567600,PVD
2019-02-21 07:00:00,7.11,7.19,7.01,7.09,2514020,PVD
2019-02-22 07:00:00,7.01,7.25,6.99,7.11,1856080,PVD
2019-02-25 07:00:00,7.21,7.23,7.09,7.09,1976420,PVD
2019-02-26 07:00:00,6.97,7.03,6.85,6.97,5210570,PVD
2019-02-27 07:00:00,7.05,7.13,6.93,6.93,2179110,PVD
2019-02-28 07:00:00,7.03,7.11,6.85,6.85,3276110,PVD
2019-03-01 07:00:00,7.05,7.05,6.91,7.03,2312530,PVD
2019-03-04 07:00:00,7.21,7.43,7.17,7.41,5259700,PVD
2019-03-05 07:00:00,7.29,7.53,7.29,7.37,4250240,PVD
2019-03-06 07:00:00,7.35,7.74,7.25,7.74,3728800,PVD
2019-03-07 07:00:00,7.74,7.78,7.61,7.61,2663760,PVD
2019-03-08 07:00:00,7.57,7.57,7.37,7.45,2962910,PVD
2019-03-11 07:00:00,7.45,7.47,7.23,7.41,2543440,PVD
2019-03-12 07:00:00,7.57,7.61,7.45,7.57,2244540,PVD
2019-03-13 07:00:00,7.61,7.63,7.43,7.45,1607990,PVD
2019-03-14 07:00:00,7.57,7.57,7.43,7.43,1772540,PVD
2019-03-15 07:00:00,7.45,7.55,7.37,7.51,1726070,PVD
2019-03-18 07:00:00,7.57,7.67,7.55,7.59,1921530,PVD
2019-03-19 07:00:00,7.69,7.82,7.59,7.61,2877300,PVD
2019-03-20 07:00:00,7.55,7.61,7.31,7.49,2220530,PVD
2019-03-21 07:00:00,7.57,7.63,6.97,6.97,3771070,PVD
2019-03-22 07:00:00,7.09,7.17,6.97,7.09,3818910,PVD
2019-03-25 07:00:00,6.77,6.85,6.73,6.81,5047310,PVD
2019-03-26 07:00:00,6.91,7.09,6.77,7.07,2244530,PVD
2019-03-27 07:00:00,7.17,7.19,7.07,7.07,1516180,PVD
2019-03-28 07:00:00,7.03,7.15,6.97,7.13,1855930,PVD
2019-03-29 07:00:00,7.25,7.37,7.19,7.21,2789710,PVD
2019-04-01 07:00:00,7.35,7.41,7.29,7.41,2116610,PVD
2019-04-02 07:00:00,7.61,7.61,7.43,7.49,3548500,PVD
2019-04-03 07:00:00,7.55,7.74,7.45,7.74,6347630,PVD
2019-04-04 07:00:00,7.78,7.94,7.71,7.74,3757750,PVD
2019-04-05 07:00:00,7.76,7.9,7.67,7.86,2937510,PVD
2019-04-08 07:00:00,8.04,8.2,8.0,8.18,5698410,PVD
2019-04-09 07:00:00,8.18,8.24,7.94,7.94,6109170,PVD
2019-04-10 07:00:00,7.9,8.1,7.8,7.94,5296730,PVD
2019-04-11 07:00:00,7.98,8.04,7.71,7.71,2906370,PVD
2019-04-12 07:00:00,7.65,7.9,7.49,7.8,2292210,PVD
2019-04-16 07:00:00,7.61,7.8,7.51,7.8,2255280,PVD
2019-04-17 07:00:00,7.9,8.02,7.74,7.74,3633580,PVD
2019-04-18 07:00:00,7.67,7.8,7.43,7.57,3120360,PVD
2019-04-19 07:00:00,7.63,7.67,7.49,7.57,1193740,PVD
2019-04-22 07:00:00,7.63,7.82,7.57,7.69,2822490,PVD
2019-04-23 07:00:00,7.82,7.84,7.69,7.69,2892680,PVD
2019-04-24 07:00:00,7.74,7.82,7.59,7.65,3208920,PVD
2019-04-25 07:00:00,7.57,7.69,7.51,7.67,2031600,PVD
2019-04-26 07:00:00,7.57,7.67,7.57,7.63,2231960,PVD
2019-05-02 07:00:00,7.69,7.88,7.57,7.86,4904560,PVD
2019-05-03 07:00:00,7.76,7.86,7.69,7.74,2124300,PVD
2019-05-06 07:00:00,7.53,7.57,7.41,7.47,2703870,PVD
2019-05-07 07:00:00,7.55,7.76,7.45,7.76,3505550,PVD
2019-05-08 07:00:00,7.61,8.12,7.59,8.0,6918830,PVD
2019-05-09 07:00:00,8.02,8.1,7.94,7.98,4265430,PVD
2019-05-10 07:00:00,8.04,8.26,7.94,8.16,6464550,PVD
2019-05-13 07:00:00,8.14,8.3,8.1,8.1,3584830,PVD
2019-05-14 07:00:00,8.06,8.54,8.06,8.54,6336840,PVD
2019-05-15 07:00:00,8.54,8.62,8.34,8.34,5577380,PVD
2019-05-16 07:00:00,8.44,8.5,8.32,8.32,3542970,PVD
2019-05-17 07:00:00,8.44,8.48,8.3,8.4,6112600,PVD
2019-05-20 07:00:00,8.54,8.7,8.44,8.62,6456480,PVD
2019-05-21 07:00:00,8.62,8.62,8.48,8.54,2580650,PVD
2019-05-22 07:00:00,8.38,8.6,8.34,8.38,5292890,PVD
2019-05-23 07:00:00,8.3,8.36,8.02,8.3,10717190,PVD
2019-05-24 07:00:00,8.1,8.28,7.9,7.92,6721800,PVD
2019-05-27 07:00:00,7.92,7.96,7.84,7.88,3194430,PVD
2019-05-28 07:00:00,7.94,8.18,7.94,8.18,3290680,PVD
2019-05-29 07:00:00,8.12,8.16,7.94,7.94,2502740,PVD
2019-05-30 07:00:00,8.0,8.1,7.9,7.94,2287190,PVD
2019-05-31 07:00:00,7.76,7.82,7.47,7.53,7582050,PVD
2019-06-03 07:00:00,7.25,7.41,7.11,7.15,6551290,PVD
2019-06-04 07:00:00,7.25,7.37,7.21,7.31,2672550,PVD
2019-06-05 07:00:00,7.43,7.49,7.33,7.33,3179460,PVD
2019-06-06 07:00:00,7.25,7.41,7.21,7.41,3101390,PVD
2019-06-07 07:00:00,7.51,7.59,7.49,7.59,3066500,PVD
2019-06-10 07:00:00,7.74,7.74,7.57,7.59,1821810,PVD
2019-06-11 07:00:00,7.55,7.63,7.49,7.55,1269490,PVD
2019-06-12 07:00:00,7.51,7.51,7.31,7.33,2673900,PVD
2019-06-13 07:00:00,7.21,7.45,7.21,7.37,2126320,PVD
2019-06-14 07:00:00,7.45,7.45,7.27,7.29,1363870,PVD
2019-06-17 07:00:00,7.29,7.39,7.21,7.25,1741580,PVD
2019-06-18 07:00:00,7.25,7.29,7.11,7.13,2898730,PVD
2019-06-19 07:00:00,7.31,7.41,7.27,7.31,3142410,PVD
2019-06-20 07:00:00,7.37,7.53,7.31,7.51,3465940,PVD
2019-06-21 07:00:00,7.57,7.69,7.55,7.57,3047710,PVD
2019-06-24 07:00:00,7.61,7.69,7.53,7.63,3074600,PVD
2019-06-25 07:00:00,7.57,7.67,7.57,7.59,2581840,PVD
2019-06-26 07:00:00,7.59,7.82,7.59,7.74,3709050,PVD
2019-06-27 07:00:00,7.74,7.78,7.49,7.49,3884290,PVD
2019-06-28 07:00:00,7.55,7.57,7.35,7.51,3226350,PVD
2019-07-01 07:00:00,7.67,7.71,7.61,7.65,2012310,PVD
2019-07-02 07:00:00,7.65,7.65,7.57,7.61,1547040,PVD
2019-07-03 07:00:00,7.53,7.55,7.49,7.49,2900160,PVD
2019-07-04 07:00:00,7.55,7.59,7.51,7.51,2135930,PVD
2019-07-05 07:00:00,7.51,7.61,7.51,7.51,1679490,PVD
2019-07-08 07:00:00,7.57,7.61,7.45,7.45,3162500,PVD
2019-07-09 07:00:00,7.45,7.47,7.33,7.43,2349570,PVD
2019-07-10 07:00:00,7.53,7.57,7.49,7.57,2302310,PVD
2019-07-11 07:00:00,7.65,7.71,7.63,7.65,3283970,PVD
2019-07-12 07:00:00,7.65,7.71,7.57,7.59,2505080,PVD
2019-07-15 07:00:00,7.65,7.61,7.53,7.57,2010670,PVD
2019-07-16 07:00:00,7.57,7.57,7.47,7.51,2414760,PVD
2019-07-17 07:00:00,7.47,7.63,7.43,7.55,2366760,PVD
2019-07-18 07:00:00,7.53,7.61,7.47,7.51,1915330,PVD
2019-07-19 07:00:00,7.53,7.55,7.39,7.45,2256240,PVD
2019-07-22 07:00:00,7.41,7.47,7.33,7.37,2003140,PVD
2019-07-23 07:00:00,7.37,7.43,7.27,7.27,2315560,PVD
2019-07-24 07:00:00,7.31,7.41,7.29,7.39,2788710,PVD
2019-07-25 07:00:00,7.41,7.41,7.29,7.33,1995330,PVD
2019-07-26 07:00:00,7.45,7.53,7.41,7.43,3992140,PVD
2019-07-29 07:00:00,7.63,7.63,7.48,7.5,2840140,PVD
2019-07-30 07:00:00,7.54,7.59,7.48,7.48,1971030,PVD
2019-07-31 07:00:00,7.59,7.59,7.43,7.48,1633350,PVD
2019-08-01 07:00:00,7.48,7.5,7.34,7.37,1217710,PVD
2019-08-02 07:00:00,7.19,7.23,7.12,7.19,3307180,PVD
2019-08-05 07:00:00,7.19,7.26,7.14,7.14,1922930,PVD
2019-08-06 07:00:00,6.97,7.03,6.88,6.88,2872430,PVD
2019-08-07 07:00:00,6.97,6.97,6.86,6.86,1904010,PVD
2019-08-08 07:00:00,6.9,7.23,6.83,7.19,2385880,PVD
2019-08-09 07:00:00,7.19,7.23,7.14,7.14,1238370,PVD
2019-08-12 07:00:00,7.17,7.21,7.1,7.14,1328600,PVD
2019-08-13 07:00:00,7.06,7.08,6.99,6.99,1487930,PVD
2019-08-14 07:00:00,7.17,7.19,6.97,6.97,882910,PVD
2019-08-15 07:00:00,6.77,6.94,6.77,6.94,1120150,PVD
2019-08-16 07:00:00,6.97,7.19,6.88,7.12,2603160,PVD
2019-08-19 07:00:00,7.21,7.23,7.1,7.1,1111730,PVD
2019-08-20 07:00:00,7.1,7.28,7.1,7.26,1998440,PVD
2019-08-21 07:00:00,7.41,7.74,7.41,7.74,6991130,PVD
2019-08-22 07:00:00,8.12,8.14,7.9,7.94,6366150,PVD
2019-08-23 07:00:00,7.85,8.12,7.85,8.03,3042180,PVD
2019-08-26 07:00:00,7.85,7.96,7.81,7.96,4244090,PVD
2019-08-27 07:00:00,8.03,8.36,7.96,8.16,5857900,PVD
2019-08-28 07:00:00,8.25,8.34,8.14,8.21,3853180,PVD
2019-08-29 07:00:00,8.3,8.34,8.21,8.23,3194140,PVD
2019-08-30 07:00:00,8.25,8.41,8.19,8.28,3141470,PVD
2019-09-03 07:00:00,8.28,8.28,7.85,7.85,2736830,PVD
2019-09-04 07:00:00,8.28,8.08,7.72,7.96,2490920,PVD
2019-09-05 07:00:00,8.08,8.08,7.85,7.92,1574010,PVD
2019-09-06 07:00:00,7.92,7.99,7.88,7.92,591240,PVD
2019-09-09 07:00:00,7.92,8.1,7.88,7.9,2957290,PVD
2019-09-10 07:00:00,7.94,7.99,7.54,7.59,4081420,PVD
2019-09-11 07:00:00,7.59,7.7,7.57,7.65,1309470,PVD
2019-09-12 07:00:00,7.76,7.9,7.65,7.85,1333820,PVD
2019-09-13 07:00:00,7.81,7.9,7.76,7.81,1471910,PVD
2019-09-16 07:00:00,8.16,8.16,8.01,8.01,3864860,PVD
2019-09-17 07:00:00,8.1,8.3,8.05,8.21,4680080,PVD
2019-09-18 07:00:00,8.12,8.19,8.1,8.1,1671500,PVD
2019-09-19 07:00:00,8.03,8.12,8.03,8.03,1428640,PVD
2019-09-20 07:00:00,8.1,8.19,8.03,8.08,2268270,PVD
2019-09-23 07:00:00,8.12,8.16,8.03,8.03,1786760,PVD
2019-09-24 07:00:00,8.05,8.08,7.85,7.88,2464880,PVD
2019-09-25 07:00:00,7.88,8.03,7.81,7.99,1116430,PVD
2019-09-26 07:00:00,7.99,8.01,7.88,7.9,1342110,PVD
2019-09-27 07:00:00,7.9,8.08,7.9,8.08,1906710,PVD
2019-09-30 07:00:00,8.21,8.25,8.05,8.05,2991650,PVD
2019-10-01 07:00:00,8.12,8.14,7.85,7.9,4410930,PVD
2019-10-02 07:00:00,7.9,7.9,7.72,7.72,2443030,PVD
2019-10-03 07:00:00,7.59,7.81,7.57,7.76,2152370,PVD
2019-10-04 07:00:00,7.76,7.76,7.52,7.54,3184790,PVD
2019-10-07 07:00:00,7.57,7.61,7.46,7.46,1441940,PVD
2019-10-08 07:00:00,7.46,7.52,7.26,7.37,2746390,PVD
2019-10-09 07:00:00,7.34,7.46,7.34,7.46,1202170,PVD
2019-10-10 07:00:00,7.52,7.63,7.48,7.5,1283930,PVD
2019-10-11 07:00:00,7.59,7.61,7.41,7.57,1863330,PVD
2019-10-14 07:00:00,7.63,7.65,7.43,7.43,1598960,PVD
2019-10-15 07:00:00,7.43,7.5,7.39,7.41,957860,PVD
2019-10-16 07:00:00,7.41,7.5,7.39,7.43,708910,PVD
2019-10-17 07:00:00,7.43,7.46,7.39,7.39,559690,PVD
2019-10-18 07:00:00,7.39,7.43,7.34,7.34,701650,PVD
2019-10-21 07:00:00,7.39,7.39,7.26,7.26,1156700,PVD
2019-10-22 07:00:00,7.28,7.32,7.06,7.23,2409850,PVD
2019-10-23 07:00:00,7.23,7.26,7.06,7.06,2550530,PVD
2019-10-24 07:00:00,7.14,7.23,7.14,7.19,1153700,PVD
2019-10-25 07:00:00,7.28,7.32,7.21,7.28,1171730,PVD
2019-10-28 07:00:00,7.28,7.32,7.23,7.28,1098380,PVD
2019-10-29 07:00:00,7.26,7.28,7.19,7.26,919290,PVD
2019-10-30 07:00:00,7.26,7.41,7.17,7.34,2056620,PVD
2019-10-31 07:00:00,7.39,7.41,7.21,7.28,1238190,PVD
2019-11-01 07:00:00,7.23,7.32,7.19,7.28,1437510,PVD
2019-11-04 07:00:00,7.37,7.41,7.23,7.26,2051090,PVD
2019-11-05 07:00:00,7.32,7.57,7.26,7.52,3888050,PVD
2019-11-06 07:00:00,7.54,7.54,7.46,7.46,1255880,PVD
2019-11-07 07:00:00,7.43,7.5,7.39,7.43,1293640,PVD
2019-11-08 07:00:00,7.52,7.52,7.37,7.37,1675560,PVD
2019-11-11 07:00:00,7.37,7.41,7.3,7.32,1031040,PVD
2019-11-12 07:00:00,7.32,7.39,7.3,7.37,749900,PVD
2019-11-13 07:00:00,7.37,7.39,7.21,7.21,2355420,PVD
2019-11-14 07:00:00,7.32,7.32,7.21,7.23,1425550,PVD
2019-11-15 07:00:00,7.26,7.34,7.23,7.28,1051900,PVD
2019-11-18 07:00:00,7.41,7.43,7.28,7.3,1121660,PVD
2019-11-19 07:00:00,7.3,7.37,7.28,7.28,639800,PVD
2019-11-20 07:00:00,7.26,7.28,7.17,7.17,1419060,PVD
2019-11-21 07:00:00,7.17,7.23,7.12,7.12,1734800,PVD
2019-11-22 07:00:00,7.12,7.21,6.79,6.94,3311770,PVD
2019-11-25 07:00:00,6.94,7.03,6.88,6.88,1261410,PVD
2019-11-26 07:00:00,6.94,6.94,6.86,6.88,1762440,PVD
2019-11-27 07:00:00,6.92,6.94,6.88,6.88,1119170,PVD
2019-11-28 07:00:00,6.83,6.88,6.79,6.86,1312700,PVD
2019-11-29 07:00:00,6.83,6.97,6.83,6.86,1052860,PVD
2019-12-02 07:00:00,6.88,6.88,6.59,6.68,1863960,PVD
2019-12-03 07:00:00,6.61,6.74,6.52,6.59,1934620,PVD
2019-12-04 07:00:00,6.59,6.74,6.52,6.74,1797740,PVD
2019-12-05 07:00:00,6.83,6.92,6.66,6.66,1793470,PVD
2019-12-06 07:00:00,6.72,6.74,6.63,6.66,682630,PVD
2019-12-09 07:00:00,6.66,6.74,6.59,6.61,1379500,PVD
2019-12-10 07:00:00,6.59,6.61,6.43,6.5,2255400,PVD
2019-12-11 07:00:00,6.52,6.52,6.26,6.41,2589570,PVD
2019-12-12 07:00:00,6.41,6.61,6.34,6.5,2027220,PVD
2019-12-13 07:00:00,6.57,6.61,6.52,6.59,1739690,PVD
2019-12-16 07:00:00,6.59,6.77,6.57,6.68,2236660,PVD
2019-12-17 07:00:00,6.7,6.72,6.59,6.61,1727180,PVD
2019-12-18 07:00:00,6.63,6.86,6.59,6.72,2721060,PVD
2019-12-19 07:00:00,6.74,6.86,6.7,6.74,1364830,PVD
2019-12-20 07:00:00,6.79,6.86,6.7,6.72,1288680,PVD
2019-12-23 07:00:00,6.74,6.74,6.57,6.61,2042440,PVD
2019-12-24 07:00:00,6.57,6.61,6.54,6.61,1102050,PVD
2019-12-25 07:00:00,6.61,6.68,6.59,6.59,863390,PVD
2019-12-26 07:00:00,6.63,6.72,6.59,6.61,1526360,PVD
2019-12-27 07:00:00,6.63,6.68,6.61,6.66,1068270,PVD
2019-12-30 07:00:00,6.7,6.83,6.66,6.74,2702300,PVD
2019-12-31 07:00:00,6.74,6.77,6.66,6.68,1229970,PVD
2020-01-02 07:00:00,6.68,6.7,6.63,6.68,1184670,PVD
2020-01-03 07:00:00,6.79,6.92,6.74,6.74,4776940,PVD
2020-01-06 07:00:00,6.99,7.1,6.94,7.03,6008080,PVD
2020-01-07 07:00:00,6.97,7.01,6.9,6.94,1697580,PVD
2020-01-08 07:00:00,7.1,7.19,6.92,6.94,4315660,PVD
2020-01-09 07:00:00,6.77,6.83,6.72,6.74,3150280,PVD
2020-01-10 07:00:00,6.77,6.79,6.63,6.72,2240000,PVD
2020-01-13 07:00:00,6.68,6.68,6.61,6.63,2762860,PVD
2020-01-14 07:00:00,6.61,6.61,6.48,6.52,3108720,PVD
2020-01-15 07:00:00,6.61,6.61,6.46,6.48,1379250,PVD
2020-01-16 07:00:00,6.46,6.63,6.39,6.52,3924160,PVD
2020-01-17 07:00:00,6.57,6.59,6.5,6.5,1366970,PVD
2020-01-20 07:00:00,6.52,6.52,6.39,6.43,1878050,PVD
2020-01-21 07:00:00,6.48,6.66,6.39,6.57,2648330,PVD
2020-01-22 07:00:00,6.57,6.7,6.54,6.63,2436380,PVD
2020-01-30 07:00:00,6.46,6.46,6.26,6.32,4054680,PVD
2020-01-31 07:00:00,6.3,6.34,5.9,5.9,4474300,PVD
2020-02-03 07:00:00,5.5,5.66,5.5,5.55,6494050,PVD
2020-02-04 07:00:00,5.64,5.66,5.39,5.41,3087330,PVD
2020-02-05 07:00:00,5.48,5.7,5.39,5.55,4838490,PVD
2020-02-06 07:00:00,5.61,5.92,5.61,5.92,4844650,PVD
2020-02-07 07:00:00,5.95,6.01,5.88,5.88,3196760,PVD
2020-02-10 07:00:00,5.72,5.92,5.68,5.77,2609730,PVD
2020-02-11 07:00:00,5.79,5.99,5.77,5.92,3431520,PVD
2020-02-12 07:00:00,5.92,6.08,5.92,6.01,3214200,PVD
2020-02-13 07:00:00,6.04,6.08,5.97,5.99,2123630,PVD
2020-02-14 07:00:00,5.95,6.01,5.88,5.92,2601780,PVD
2020-02-17 07:00:00,5.92,6.04,5.92,5.97,2732630,PVD
2020-02-18 07:00:00,5.99,6.01,5.92,5.92,1791080,PVD
2020-02-19 07:00:00,5.92,5.97,5.88,5.9,1981480,PVD
2020-02-20 07:00:00,6.04,6.06,5.9,5.92,3491190,PVD
2020-02-21 07:00:00,5.97,5.99,5.86,5.86,2973540,PVD
2020-02-24 07:00:00,5.59,5.64,5.46,5.46,6759290,PVD
2020-02-25 07:00:00,5.37,5.61,5.37,5.57,2792780,PVD
2020-02-26 07:00:00,5.41,5.61,5.37,5.41,1986760,PVD
2020-02-27 07:00:00,5.44,5.5,5.39,5.5,1446710,PVD
2020-02-28 07:00:00,5.32,5.39,5.17,5.21,4896390,PVD
2020-03-02 07:00:00,5.28,5.32,5.21,5.26,3063000,PVD
2020-03-03 07:00:00,5.48,5.48,5.32,5.37,2095870,PVD
2020-03-04 07:00:00,5.32,5.64,5.32,5.57,4791830,PVD
2020-03-05 07:00:00,5.64,5.7,5.5,5.5,3050390,PVD
2020-03-06 07:00:00,5.44,5.5,5.37,5.44,1783630,PVD
2020-03-09 07:00:00,5.06,5.06,5.06,5.06,977950,PVD
2020-03-10 07:00:00,4.73,4.9,4.73,4.79,7706030,PVD
2020-03-11 07:00:00,4.92,4.92,4.46,4.46,8164930,PVD
2020-03-12 07:00:00,4.22,4.35,4.15,4.15,5177370,PVD
2020-03-13 07:00:00,3.86,4.13,3.86,4.13,5893460,PVD
2020-03-16 07:00:00,4.08,4.22,3.95,4.09,4036890,PVD
2020-03-17 07:00:00,3.87,4.13,3.87,4.13,3458490,PVD
2020-03-18 07:00:00,4.13,4.15,3.86,3.86,5532080,PVD
2020-03-19 07:00:00,3.77,3.84,3.61,3.64,6030340,PVD
2020-03-20 07:00:00,3.77,3.89,3.73,3.89,3792870,PVD
2020-03-23 07:00:00,3.63,3.77,3.62,3.62,7464240,PVD
2020-03-24 07:00:00,3.62,3.72,3.55,3.63,4381080,PVD
2020-03-25 07:00:00,3.82,3.87,3.7,3.75,3704500,PVD
2020-03-26 07:00:00,3.68,3.75,3.62,3.62,2795430,PVD
2020-03-27 07:00:00,3.62,3.62,3.42,3.44,3495910,PVD
2020-03-30 07:00:00,3.21,3.22,3.2,3.2,2812810,PVD
2020-03-31 07:00:00,3.24,3.28,2.98,3.0,7211710,PVD
2020-04-01 07:00:00,3.0,3.2,3.0,3.13,3630560,PVD
2020-04-03 07:00:00,3.35,3.35,3.35,3.35,1178380,PVD
2020-04-06 07:00:00,3.58,3.58,3.58,3.58,1337280,PVD
2020-04-07 07:00:00,3.82,3.82,3.66,3.82,14124290,PVD
2020-04-08 07:00:00,3.77,4.08,3.73,4.06,5859970,PVD
2020-04-09 07:00:00,4.13,4.34,4.1,4.25,8974900,PVD
2020-04-10 07:00:00,4.13,4.18,3.99,4.14,7279340,PVD
2020-04-13 07:00:00,4.3,4.42,4.24,4.39,7208840,PVD
2020-04-14 07:00:00,4.39,4.4,4.13,4.3,5252310,PVD
2020-04-15 07:00:00,4.15,4.3,4.15,4.2,5227150,PVD
2020-04-16 07:00:00,4.15,4.34,4.07,4.26,5462140,PVD
2020-04-17 07:00:00,4.38,4.38,4.3,4.35,8510590,PVD
2020-04-20 07:00:00,4.37,4.64,4.3,4.64,12178830,PVD
2020-04-21 07:00:00,4.31,4.57,4.31,4.31,10487880,PVD
2020-04-22 07:00:00,4.01,4.22,4.01,4.17,7479040,PVD
2020-04-23 07:00:00,4.26,4.3,4.17,4.26,4500870,PVD
2020-04-24 07:00:00,4.29,4.3,4.12,4.17,4040570,PVD
2020-04-27 07:00:00,4.17,4.19,3.99,4.0,6192430,PVD
2020-04-28 07:00:00,3.9,3.95,3.79,3.89,5527860,PVD
2020-04-29 07:00:00,4.06,4.1,3.95,4.06,2947270,PVD
2020-05-04 07:00:00,4.3,4.3,4.08,4.1,4855470,PVD
2020-05-05 07:00:00,4.19,4.26,4.11,4.22,3631780,PVD
2020-05-06 07:00:00,4.3,4.35,4.26,4.31,4959750,PVD
2020-05-07 07:00:00,4.28,4.28,4.22,4.25,4082290,PVD
2020-05-08 07:00:00,4.28,4.37,4.27,4.3,7301050,PVD
2020-05-11 07:00:00,4.59,4.59,4.32,4.59,13475920,PVD
2020-05-12 07:00:00,4.59,4.77,4.46,4.66,7489770,PVD
2020-05-13 07:00:00,4.62,4.79,4.53,4.73,7672280,PVD
2020-05-14 07:00:00,4.66,4.7,4.59,4.59,6783660,PVD
2020-05-15 07:00:00,4.7,4.77,4.57,4.64,7270410,PVD
2020-05-18 07:00:00,4.7,4.86,4.7,4.84,7832680,PVD
2020-05-19 07:00:00,5.01,5.06,4.88,4.95,7719890,PVD
2020-05-20 07:00:00,4.88,4.95,4.84,4.86,4449950,PVD
2020-05-21 07:00:00,4.92,4.95,4.79,4.79,6474140,PVD
2020-05-22 07:00:00,4.79,4.97,4.75,4.77,7404370,PVD
2020-05-25 07:00:00,4.79,4.88,4.73,4.86,3854050,PVD
2020-05-26 07:00:00,4.92,4.97,4.86,4.95,7062640,PVD
2020-05-27 07:00:00,4.97,5.01,4.79,4.79,7257150,PVD
2020-05-28 07:00:00,4.79,4.86,4.75,4.75,4303140,PVD
2020-05-29 07:00:00,4.75,4.79,4.68,4.7,4663800,PVD
2020-06-01 07:00:00,4.79,4.88,4.79,4.84,3785940,PVD
2020-06-02 07:00:00,4.88,5.15,4.79,4.97,12785380,PVD
2020-06-03 07:00:00,5.1,5.1,5.01,5.06,6078900,PVD
2020-06-04 07:00:00,5.06,5.15,4.97,4.97,5664430,PVD
2020-06-05 07:00:00,4.92,5.04,4.88,5.04,6133140,PVD
2020-06-08 07:00:00,5.24,5.37,5.15,5.32,12619130,PVD
2020-06-09 07:00:00,5.32,5.32,5.19,5.21,6511690,PVD
2020-06-10 07:00:00,5.17,5.26,5.1,5.19,5912570,PVD
2020-06-11 07:00:00,5.24,5.26,4.84,4.84,11099440,PVD
2020-06-12 07:00:00,4.53,4.77,4.53,4.77,8957840,PVD
2020-06-15 07:00:00,4.75,4.77,4.44,4.5,7499440,PVD
2020-06-16 07:00:00,4.62,4.73,4.59,4.7,3090220,PVD
2020-06-17 07:00:00,4.73,4.75,4.62,4.68,2515280,PVD
2020-06-18 07:00:00,4.62,4.66,4.55,4.64,1807130,PVD
2020-06-19 07:00:00,4.73,4.75,4.66,4.75,3099330,PVD
2020-06-22 07:00:00,4.79,4.84,4.7,4.75,2974240,PVD
2020-06-23 07:00:00,4.81,4.88,4.73,4.84,4944590,PVD
2020-06-24 07:00:00,4.86,4.86,4.73,4.73,2769460,PVD
2020-06-25 07:00:00,4.62,4.68,4.57,4.64,2861890,PVD
2020-06-26 07:00:00,4.7,4.73,4.62,4.64,1997590,PVD
2020-06-29 07:00:00,4.62,4.64,4.42,4.48,4470720,PVD
2020-06-30 07:00:00,4.55,4.59,4.37,4.43,2972340,PVD
2020-07-01 07:00:00,4.43,4.59,4.42,4.57,2278720,PVD
2020-07-02 07:00:00,4.57,4.59,4.48,4.53,1172410,PVD
2020-07-03 07:00:00,4.59,4.59,4.5,4.53,2036500,PVD
2020-07-06 07:00:00,4.57,4.59,4.5,4.53,2244240,PVD
2020-07-07 07:00:00,4.59,4.68,4.57,4.59,2706180,PVD
2020-07-08 07:00:00,4.59,4.59,4.53,4.57,1445750,PVD
2020-07-09 07:00:00,4.62,4.75,4.57,4.7,4490760,PVD
2020-07-10 07:00:00,4.66,4.68,4.59,4.62,2506480,PVD
2020-07-13 07:00:00,4.68,4.75,4.64,4.68,2810710,PVD
2020-07-14 07:00:00,4.64,4.68,4.62,4.66,1729280,PVD
2020-07-15 07:00:00,4.73,4.73,4.64,4.66,1661980,PVD
2020-07-16 07:00:00,4.79,4.81,4.68,4.7,4941870,PVD
2020-07-17 07:00:00,4.68,4.7,4.66,4.66,1950220,PVD
2020-07-20 07:00:00,4.66,4.66,4.55,4.57,2583900,PVD
2020-07-21 07:00:00,4.59,4.62,4.55,4.59,1941400,PVD
2020-07-22 07:00:00,4.68,4.7,4.57,4.57,2185400,PVD
2020-07-23 07:00:00,4.55,4.64,4.5,4.62,2425000,PVD
2020-07-24 07:00:00,4.55,4.59,4.3,4.3,6046130,PVD
2020-07-27 07:00:00,4.04,4.17,4.01,4.01,5769240,PVD
2020-07-28 07:00:00,4.04,4.19,3.99,4.17,4007570,PVD
2020-07-29 07:00:00,4.06,4.06,3.88,3.95,4866170,PVD
2020-07-30 07:00:00,3.99,4.11,3.99,4.03,1498810,PVD
2020-07-31 07:00:00,3.99,4.03,3.9,3.99,1754160,PVD
2020-08-03 07:00:00,4.01,4.22,4.01,4.18,3843050,PVD
2020-08-04 07:00:00,4.26,4.29,4.18,4.2,2877150,PVD
2020-08-05 07:00:00,4.2,4.39,4.18,4.35,4144460,PVD
2020-08-06 07:00:00,4.44,4.57,4.38,4.53,8811190,PVD
2020-08-07 07:00:00,4.57,4.57,4.44,4.48,3135450,PVD
2020-08-10 07:00:00,4.53,4.64,4.53,4.59,5031810,PVD
2020-08-11 07:00:00,4.62,4.62,4.53,4.57,2817890,PVD
2020-08-12 07:00:00,4.57,4.79,4.55,4.75,6723930,PVD
2020-08-13 07:00:00,4.79,4.84,4.73,4.75,4513510,PVD
2020-08-14 07:00:00,4.73,4.73,4.57,4.59,5022780,PVD
2020-08-17 07:00:00,4.62,4.84,4.59,4.81,9480710,PVD
2020-08-18 07:00:00,4.81,4.84,4.7,4.75,3383710,PVD
2020-08-19 07:00:00,4.73,4.77,4.7,4.75,2832170,PVD
2020-08-20 07:00:00,4.7,4.75,4.62,4.64,5061100,PVD
2020-08-21 07:00:00,4.66,4.7,4.62,4.64,3602810,PVD
2020-08-24 07:00:00,4.7,4.86,4.68,4.77,8189030,PVD
2020-08-25 07:00:00,4.84,4.84,4.73,4.75,4740580,PVD
2020-08-26 07:00:00,4.79,5.06,4.77,5.06,17339630,PVD
2020-08-27 07:00:00,5.04,5.1,4.99,5.04,5901140,PVD
2020-08-28 07:00:00,5.04,5.06,4.95,4.95,5591500,PVD
2020-08-31 07:00:00,4.97,5.08,4.92,4.99,8765070,PVD
2020-09-01 07:00:00,5.01,5.17,4.97,5.08,6537210,PVD
2020-09-03 07:00:00,5.08,5.12,4.99,5.01,5648980,PVD
2020-09-04 07:00:00,4.9,4.99,4.88,4.97,5662820,PVD
2020-09-07 07:00:00,4.9,4.95,4.79,4.79,9095550,PVD
2020-09-08 07:00:00,4.84,4.88,4.77,4.88,3704600,PVD
2020-09-09 07:00:00,4.77,4.84,4.75,4.84,4924570,PVD
2020-09-10 07:00:00,4.88,4.9,4.81,4.81,2085970,PVD
2020-09-11 07:00:00,4.81,4.84,4.77,4.84,2119750,PVD
2020-09-14 07:00:00,4.86,4.95,4.81,4.95,4765480,PVD
2020-09-15 07:00:00,4.95,4.99,4.88,4.92,4413630,PVD
2020-09-16 07:00:00,4.97,5.1,4.95,5.04,9262100,PVD
2020-09-17 07:00:00,5.08,5.08,4.95,4.97,5153810,PVD
2020-09-18 07:00:00,5.01,5.01,4.97,4.99,2512120,PVD
2020-09-21 07:00:00,5.01,5.1,4.99,4.99,6336790,PVD
2020-09-22 07:00:00,4.97,5.12,4.95,5.08,8662870,PVD
2020-09-23 07:00:00,5.12,5.21,5.1,5.1,7910200,PVD
2020-09-24 07:00:00,5.08,5.12,5.06,5.06,4949450,PVD
2020-09-25 07:00:00,5.08,5.21,5.04,5.15,10216640,PVD
2020-09-28 07:00:00,5.24,5.26,5.15,5.21,6966880,PVD
2020-09-29 07:00:00,5.26,5.35,5.1,5.1,9663240,PVD
2020-09-30 07:00:00,5.1,5.12,5.04,5.12,5418030,PVD
2020-10-01 07:00:00,5.17,5.21,5.12,5.17,4809220,PVD
2020-10-02 07:00:00,5.15,5.19,4.99,5.12,11211910,PVD
2020-10-05 07:00:00,5.17,5.46,5.15,5.46,15719190,PVD
2020-10-06 07:00:00,5.52,5.57,5.37,5.44,7132070,PVD
2020-10-07 07:00:00,5.37,5.44,5.32,5.32,9045000,PVD
2020-10-08 07:00:00,5.37,5.41,5.28,5.37,9054770,PVD
2020-10-09 07:00:00,5.41,5.5,5.37,5.37,3826640,PVD
2020-10-12 07:00:00,5.37,5.39,5.15,5.17,11312100,PVD
2020-10-13 07:00:00,5.15,5.19,5.12,5.12,4272690,PVD
2020-10-14 07:00:00,5.17,5.19,5.1,5.1,5311850,PVD
2020-10-15 07:00:00,5.15,5.19,5.08,5.12,4978240,PVD
2020-10-16 07:00:00,5.15,5.19,5.1,5.12,4508880,PVD
2020-10-19 07:00:00,5.15,5.17,5.06,5.06,4658100,PVD
2020-10-20 07:00:00,5.1,5.17,5.08,5.12,4810270,PVD
2020-10-21 07:00:00,5.15,5.15,5.06,5.06,4354930,PVD
2020-10-22 07:00:00,5.04,5.06,4.99,5.06,3220510,PVD
2020-10-23 07:00:00,5.1,5.12,5.04,5.06,2361150,PVD
2020-10-26 07:00:00,5.06,5.06,4.88,4.88,7698480,PVD
2020-10-27 07:00:00,4.9,4.92,4.77,4.79,5581180,PVD
2020-10-28 07:00:00,4.75,4.88,4.75,4.77,4310880,PVD
2020-10-29 07:00:00,4.77,4.79,4.68,4.77,2415310,PVD
2020-10-30 07:00:00,4.88,4.88,4.73,4.81,2715390,PVD
2020-11-02 07:00:00,4.81,4.84,4.75,4.77,1347920,PVD
2020-11-03 07:00:00,4.88,4.88,4.79,4.84,2222420,PVD
2020-11-04 07:00:00,4.86,5.01,4.84,4.97,3828560,PVD
2020-11-05 07:00:00,4.99,4.99,4.88,4.88,1948250,PVD
2020-11-06 07:00:00,4.88,4.92,4.81,4.88,1490380,PVD
2020-11-09 07:00:00,4.9,5.04,4.88,5.04,3946670,PVD
2020-11-10 07:00:00,5.24,5.26,5.15,5.17,9522940,PVD
2020-11-11 07:00:00,5.21,5.41,5.21,5.35,13230970,PVD
2020-11-12 07:00:00,5.35,5.37,5.26,5.28,5132230,PVD
2020-11-13 07:00:00,5.26,5.32,5.21,5.26,4994540,PVD
2020-11-16 07:00:00,5.32,5.32,5.15,5.17,8188280,PVD
2020-11-17 07:00:00,5.24,5.46,5.19,5.46,17234050,PVD
2020-11-18 07:00:00,5.46,5.61,5.39,5.57,12700880,PVD
2020-11-19 07:00:00,5.59,5.77,5.55,5.64,10842550,PVD
2020-11-20 07:00:00,5.59,5.66,5.48,5.61,8957510,PVD
2020-11-23 07:00:00,5.66,5.66,5.55,5.59,7010980,PVD
2020-11-24 07:00:00,5.61,5.81,5.59,5.77,14601780,PVD
2020-11-25 07:00:00,5.95,5.99,5.86,5.88,11258080,PVD
2020-11-26 07:00:00,5.86,5.97,5.84,5.88,6444880,PVD
2020-11-27 07:00:00,5.88,5.88,5.77,5.86,7194340,PVD
2020-11-30 07:00:00,5.81,5.86,5.72,5.75,9146560,PVD
2020-12-01 07:00:00,5.64,5.84,5.61,5.84,9046590,PVD
2020-12-02 07:00:00,5.81,5.9,5.75,5.77,7988630,PVD
2020-12-03 07:00:00,5.81,5.95,5.79,5.88,7597870,PVD
2020-12-04 07:00:00,5.95,6.1,5.92,5.99,11141900,PVD
2020-12-07 07:00:00,6.06,6.06,5.97,6.01,5727180,PVD
2020-12-08 07:00:00,5.99,6.04,5.95,5.95,6710250,PVD
2020-12-09 07:00:00,5.95,6.1,5.95,5.99,8089420,PVD
2020-12-10 07:00:00,6.06,6.06,5.81,5.84,7926400,PVD
2020-12-11 07:00:00,5.99,6.01,5.9,6.01,5411950,PVD
2020-12-14 07:00:00,6.04,6.19,6.01,6.12,11710020,PVD
2020-12-15 07:00:00,6.08,6.15,6.01,6.06,6986460,PVD
2020-12-16 07:00:00,6.12,6.32,6.1,6.3,11871390,PVD
2020-12-17 07:00:00,6.3,6.46,6.23,6.3,11049360,PVD
2020-12-18 07:00:00,6.34,6.39,6.3,6.37,5508190,PVD
2020-12-21 07:00:00,6.43,6.63,6.34,6.52,14160130,PVD
2020-12-22 07:00:00,6.46,6.57,6.41,6.5,10035240,PVD
2020-12-23 07:00:00,6.46,6.5,6.39,6.43,7322350,PVD
2020-12-24 07:00:00,6.5,6.54,6.08,6.34,8218310,PVD
2020-12-25 07:00:00,6.34,6.41,6.17,6.39,5806120,PVD
2020-12-28 07:00:00,6.48,6.83,6.41,6.83,19667390,PVD
2020-12-29 07:00:00,6.92,7.14,6.83,7.01,12156560,PVD
2020-12-30 07:00:00,7.01,7.14,6.94,7.06,6998440,PVD
2020-12-31 07:00:00,7.06,7.28,6.94,7.19,12039840,PVD
2021-01-04 07:00:00,7.46,7.68,7.28,7.68,10631200,PVD
2021-01-05 07:00:00,7.54,7.99,7.54,7.72,10011200,PVD
2021-01-06 07:00:00,7.99,8.1,7.74,7.79,12709900,PVD
2021-01-07 07:00:00,7.9,8.32,7.79,8.32,14500900,PVD
2021-01-08 07:00:00,8.43,8.9,8.43,8.72,12165800,PVD
2021-01-11 07:00:00,9.07,9.32,8.96,9.32,10506700,PVD
2021-01-12 07:00:00,9.3,9.76,9.1,9.5,11307900,PVD
2021-01-13 07:00:00,9.67,9.72,9.16,9.32,13054100,PVD
2021-01-14 07:00:00,9.23,9.52,9.14,9.47,13235300,PVD
2021-01-15 07:00:00,9.72,10.12,9.52,10.12,9774600,PVD
2021-01-18 07:00:00,10.12,10.6,9.98,10.27,9677500,PVD
2021-01-19 07:00:00,10.21,10.38,9.56,9.56,13831500,PVD
2021-01-20 07:00:00,9.59,9.74,8.9,9.47,18361300,PVD
2021-01-21 07:00:00,9.67,9.92,9.3,9.85,11931500,PVD
2021-01-22 07:00:00,9.85,9.9,9.43,9.45,11595800,PVD
2021-01-25 07:00:00,9.18,9.54,9.1,9.23,11094600,PVD
2021-01-26 07:00:00,9.32,9.38,8.59,8.59,15063500,PVD
2021-01-27 07:00:00,8.45,8.83,8.01,8.1,13499800,PVD
2021-01-28 07:00:00,7.54,7.81,7.54,7.54,10022200,PVD
2021-01-29 07:00:00,7.12,7.99,7.12,7.85,10623600,PVD
2021-02-01 07:00:00,7.68,7.94,7.32,7.32,9358800,PVD
2021-02-02 07:00:00,7.46,7.76,7.19,7.76,9162900,PVD
2021-02-03 07:00:00,8.08,8.3,8.01,8.3,7709400,PVD
2021-02-04 07:00:00,8.56,8.88,8.52,8.7,11717300,PVD
2021-02-05 07:00:00,8.88,9.07,8.79,8.85,9395300,PVD
2021-02-08 07:00:00,8.9,9.45,8.65,9.01,14838700,PVD
2021-02-09 07:00:00,9.41,9.54,9.05,9.41,11796300,PVD
2021-02-17 07:00:00,10.05,10.05,9.98,10.05,9538200,PVD
2021-02-18 07:00:00,10.74,10.74,10.12,10.38,28385400,PVD
2021-02-19 07:00:00,10.1,10.45,9.9,10.05,19485300,PVD
2021-02-22 07:00:00,10.12,10.43,10.01,10.34,12368100,PVD
2021-02-23 07:00:00,10.74,10.83,10.52,10.52,11740100,PVD
2021-02-24 07:00:00,10.43,10.49,9.94,10.16,14005300,PVD
2021-02-25 07:00:00,10.43,10.56,10.21,10.4,12003900,PVD
2021-02-26 07:00:00,10.12,10.4,10.1,10.38,11418100,PVD
2021-03-01 07:00:00,10.56,10.92,10.4,10.83,14566500,PVD
2021-03-02 07:00:00,10.65,10.8,10.56,10.63,11601500,PVD
2021-03-03 07:00:00,10.47,10.54,10.38,10.45,8640700,PVD
2021-03-04 07:00:00,10.65,10.74,9.94,10.74,13326600,PVD
2021-03-05 07:00:00,11.09,11.23,10.83,11.2,15886900,PVD
2021-03-08 07:00:00,11.67,11.67,11.16,11.4,13616700,PVD
2021-03-09 07:00:00,11.09,11.14,10.87,10.87,9631700,PVD
2021-03-10 07:00:00,10.74,10.78,10.47,10.58,11687600,PVD
2021-03-11 07:00:00,10.74,10.87,10.65,10.72,5304900,PVD
2021-03-12 07:00:00,10.87,10.92,10.6,10.65,6453800,PVD
2021-03-15 07:00:00,10.65,10.78,10.6,10.63,7051400,PVD
2021-03-16 07:00:00,10.58,10.6,10.38,10.45,9810000,PVD
2021-03-17 07:00:00,10.43,10.83,10.34,10.74,8267900,PVD
2021-03-18 07:00:00,10.74,10.85,10.58,10.6,4605200,PVD
2021-03-19 07:00:00,10.21,10.43,10.16,10.34,13928100,PVD
2021-03-22 07:00:00,10.49,10.54,10.32,10.4,4760000,PVD
2021-03-23 07:00:00,10.4,10.43,10.16,10.25,5058100,PVD
2021-03-24 07:00:00,9.96,10.07,9.56,9.7,12655500,PVD
2021-03-25 07:00:00,9.94,9.94,9.63,9.63,6904600,PVD
2021-03-26 07:00:00,9.54,9.76,8.96,9.67,8520900,PVD
2021-03-29 07:00:00,9.85,9.94,9.63,9.74,5646700,PVD
2021-03-30 07:00:00,9.85,10.07,9.72,10.01,6061200,PVD
2021-03-31 07:00:00,9.98,10.14,9.87,10.03,4798300,PVD
2021-04-01 07:00:00,10.03,10.36,9.96,10.29,6850500,PVD
2021-04-02 07:00:00,10.43,10.43,10.21,10.23,5746200,PVD
2021-04-05 07:00:00,10.23,10.36,10.05,10.16,5250900,PVD
2021-04-06 07:00:00,10.07,10.21,9.92,10.21,7885100,PVD
2021-04-07 07:00:00,10.29,10.29,10.16,10.21,5774900,PVD
2021-04-08 07:00:00,10.23,10.25,10.1,10.16,3709900,PVD
2021-04-09 07:00:00,10.03,10.16,10.03,10.03,9827700,PVD
2021-04-12 07:00:00,9.98,9.98,9.83,9.87,8762000,PVD
2021-04-13 07:00:00,9.96,10.01,9.63,9.72,5155600,PVD
2021-04-14 07:00:00,9.67,10.01,9.56,9.94,5563400,PVD
2021-04-15 07:00:00,10.16,10.21,9.87,9.9,5705100,PVD
2021-04-16 07:00:00,9.87,9.92,9.59,9.7,5043800,PVD
2021-04-19 07:00:00,9.7,9.78,9.52,9.7,4577400,PVD
2021-04-20 07:00:00,9.76,9.94,9.59,9.7,5981600,PVD
2021-04-22 07:00:00,9.67,9.7,9.03,9.03,6100500,PVD
2021-04-23 07:00:00,9.05,9.21,8.74,9.1,5803400,PVD
2021-04-26 07:00:00,9.07,9.07,8.48,8.5,8415700,PVD
2021-04-27 07:00:00,8.52,8.65,8.3,8.3,4319400,PVD
2021-04-28 07:00:00,8.34,8.65,8.34,8.5,3756300,PVD
2021-04-29 07:00:00,8.65,8.72,8.5,8.5,3599900,PVD
2021-05-04 07:00:00,8.08,8.43,7.99,8.23,5181200,PVD
2021-05-05 07:00:00,8.61,8.79,8.48,8.79,4768500,PVD
2021-05-06 07:00:00,8.94,9.23,8.88,8.92,7384200,PVD
2021-05-07 07:00:00,8.88,9.01,8.63,8.65,4821800,PVD
2021-05-10 07:00:00,8.65,9.05,8.61,8.96,5214600,PVD
2021-05-11 07:00:00,8.96,9.41,8.83,9.12,7589900,PVD
2021-05-12 07:00:00,9.18,9.45,9.18,9.36,5138400,PVD
2021-05-13 07:00:00,9.5,9.56,9.18,9.18,5633600,PVD
2021-05-14 07:00:00,9.18,9.18,8.9,8.92,5903500,PVD
2021-05-17 07:00:00,9.1,9.18,8.79,8.79,4437800,PVD
2021-05-18 07:00:00,8.88,9.23,8.72,9.23,5793600,PVD
2021-05-19 07:00:00,9.1,9.1,8.88,8.88,3378100,PVD
2021-05-20 07:00:00,8.74,8.81,8.52,8.59,4730700,PVD
2021-05-21 07:00:00,8.34,8.88,8.32,8.65,5188200,PVD
2021-05-24 07:00:00,8.92,9.05,8.79,8.92,5544300,PVD
2021-05-25 07:00:00,9.18,9.3,9.1,9.14,6790900,PVD
2021-05-26 07:00:00,9.1,9.12,8.94,9.01,4688000,PVD
2021-05-27 07:00:00,9.01,9.07,8.65,8.74,4780000,PVD
2021-05-28 07:00:00,8.96,9.27,8.74,9.16,9585300,PVD
2021-05-31 07:00:00,9.32,9.67,9.07,9.67,9836300,PVD
2021-06-01 07:00:00,10.07,10.25,9.9,9.94,9863100,PVD
2021-06-02 07:00:00,9.94,10.21,9.9,10.03,13375700,PVD
2021-06-03 07:00:00,10.25,10.32,10.03,10.07,12216000,PVD
2021-06-04 07:00:00,10.07,10.76,9.92,10.76,24263200,PVD
2021-06-07 07:00:00,11.32,11.49,10.87,11.27,16290000,PVD
2021-06-08 07:00:00,10.96,11.27,10.49,10.49,14257700,PVD
2021-06-09 07:00:00,10.52,10.83,10.03,10.58,16095600,PVD
2021-06-10 07:00:00,10.4,10.52,9.85,9.85,18618200,PVD
2021-06-11 07:00:00,9.85,10.1,9.56,9.98,14332600,PVD
2021-06-14 07:00:00,10.12,10.4,10.07,10.16,7902800,PVD
2021-06-15 07:00:00,10.16,10.25,9.9,9.96,7383300,PVD
2021-06-16 07:00:00,10.21,10.45,10.12,10.16,14067100,PVD
2021-06-17 07:00:00,10.03,10.63,9.81,10.47,11981600,PVD
2021-06-18 07:00:00,10.47,10.47,10.27,10.27,7450200,PVD
2021-06-21 07:00:00,10.34,10.56,10.25,10.32,7219800,PVD
2021-06-22 07:00:00,10.58,10.96,10.49,10.58,13799000,PVD
2021-06-23 07:00:00,10.6,10.6,10.25,10.4,6649200,PVD
2021-06-24 07:00:00,10.43,10.49,10.12,10.21,7532700,PVD
2021-06-25 07:00:00,10.29,10.38,10.01,10.21,9040500,PVD
2021-06-28 07:00:00,10.43,10.47,10.21,10.21,5250000,PVD
2021-06-29 07:00:00,10.12,10.14,9.76,9.83,11343000,PVD
2021-06-30 07:00:00,9.81,9.96,9.74,9.76,5952700,PVD
2021-07-01 07:00:00,10.12,10.12,9.54,9.87,6490500,PVD
2021-07-02 07:00:00,10.07,10.12,9.87,9.87,5211000,PVD
2021-07-05 07:00:00,9.85,9.85,9.32,9.56,8282800,PVD
2021-07-06 07:00:00,9.72,9.81,8.9,8.9,5135100,PVD
2021-07-07 07:00:00,8.83,8.92,8.43,8.7,7505700,PVD
2021-07-08 07:00:00,8.74,8.88,8.56,8.59,3949500,PVD
2021-07-09 07:00:00,8.59,8.72,8.12,8.21,6777800,PVD
2021-07-12 07:00:00,8.19,8.52,7.99,8.43,9088500,PVD
2021-07-13 07:00:00,8.56,8.68,8.41,8.59,4539200,PVD
2021-07-14 07:00:00,8.7,8.85,8.5,8.61,4276700,PVD
2021-07-15 07:00:00,8.45,8.65,8.34,8.61,4455000,PVD
2021-07-16 07:00:00,8.56,8.76,8.43,8.5,3567500,PVD
2021-07-19 07:00:00,8.12,8.3,7.92,7.92,9874400,PVD
2021-07-20 07:00:00,7.76,7.88,7.39,7.85,6922200,PVD
2021-07-21 07:00:00,7.85,8.08,7.76,7.76,3682500,PVD
2021-07-22 07:00:00,7.94,8.12,7.85,7.94,5347000,PVD
2021-07-23 07:00:00,7.94,8.1,7.63,7.63,4213900,PVD
2021-07-26 07:00:00,7.63,7.81,7.57,7.72,3188500,PVD
2021-07-27 07:00:00,7.9,8.19,7.76,7.99,5388600,PVD
2021-07-28 07:00:00,7.99,8.14,7.92,7.92,2444200,PVD
2021-07-29 07:00:00,8.03,8.12,7.9,8.12,5156600,PVD
2021-07-30 07:00:00,8.14,8.16,8.05,8.05,4802900,PVD
2021-08-02 07:00:00,8.05,8.34,8.01,8.14,5426500,PVD
2021-08-03 07:00:00,8.14,8.14,7.9,8.1,6011200,PVD
2021-08-04 07:00:00,8.12,8.5,8.08,8.39,9394900,PVD
2021-08-05 07:00:00,8.3,8.39,8.21,8.32,5049100,PVD
2021-08-06 07:00:00,8.41,8.45,8.23,8.25,6123800,PVD
2021-08-09 07:00:00,8.05,8.21,8.01,8.16,7631000,PVD
2021-08-10 07:00:00,8.16,8.7,8.12,8.7,12170000,PVD
2021-08-11 07:00:00,8.83,9.01,8.72,8.72,8197300,PVD
2021-08-12 07:00:00,8.68,8.96,8.63,8.72,5569900,PVD
2021-08-13 07:00:00,8.59,8.65,8.36,8.65,8210100,PVD
2021-08-16 07:00:00,8.65,8.79,8.52,8.61,6702700,PVD
2021-08-17 07:00:00,8.61,8.9,8.56,8.79,7918100,PVD
2021-08-18 07:00:00,8.7,9.01,8.68,8.88,6763900,PVD
2021-08-19 07:00:00,8.76,8.79,8.65,8.65,5890600,PVD
2021-08-20 07:00:00,8.59,8.65,8.05,8.12,11024500,PVD
2021-08-23 07:00:00,8.03,8.16,7.63,7.63,6922300,PVD
2021-08-24 07:00:00,7.76,7.96,7.63,7.81,5614900,PVD
2021-08-25 07:00:00,7.9,7.99,7.81,7.99,2415800,PVD
2021-08-26 07:00:00,8.01,8.12,7.81,7.9,2543100,PVD
2021-08-27 07:00:00,7.79,8.12,7.79,8.1,3672000,PVD
2021-08-30 07:00:00,8.3,8.34,8.23,8.34,4095400,PVD
2021-08-31 07:00:00,8.52,8.79,8.36,8.63,8979600,PVD
2021-09-01 07:00:00,8.56,8.7,8.48,8.52,5035400,PVD
2021-09-06 07:00:00,8.39,8.76,8.28,8.54,11763400,PVD
2021-09-07 07:00:00,8.54,8.54,8.21,8.21,5477700,PVD
2021-09-08 07:00:00,8.16,8.28,8.05,8.14,4196600,PVD
2021-09-09 07:00:00,8.1,8.25,8.03,8.12,3170800,PVD
2021-09-10 07:00:00,8.16,8.21,8.03,8.08,3537900,PVD
2021-09-13 07:00:00,8.21,8.34,8.14,8.14,4777800,PVD
2021-09-14 07:00:00,8.32,8.32,8.12,8.12,2783400,PVD
2021-09-15 07:00:00,8.14,8.68,8.14,8.68,10251300,PVD
2021-09-16 07:00:00,8.96,9.1,8.83,8.85,10116400,PVD
2021-09-17 07:00:00,8.92,9.23,8.85,9.03,9393800,PVD
2021-09-20 07:00:00,9.03,9.41,9.03,9.05,15774000,PVD
2021-09-21 07:00:00,8.88,9.63,8.88,9.63,15456000,PVD
2021-09-22 07:00:00,9.74,9.9,9.67,9.67,7734500,PVD
2021-09-23 07:00:00,9.72,9.98,9.59,9.65,9107300,PVD
2021-09-24 07:00:00,9.76,9.87,9.32,9.45,9574600,PVD
2021-09-27 07:00:00,9.67,9.85,9.23,9.23,9126400,PVD
2021-09-28 07:00:00,9.38,9.87,9.27,9.87,9081800,PVD
2021-09-29 07:00:00,9.98,10.25,9.63,9.85,10894300,PVD
2021-09-30 07:00:00,9.87,10.27,9.83,10.12,10232700,PVD
2021-10-01 07:00:00,10.12,10.65,9.98,10.47,12976500,PVD
2021-10-04 07:00:00,10.6,10.76,10.21,10.21,15013400,PVD
2021-10-05 07:00:00,10.47,10.72,10.23,10.65,10636400,PVD
2021-10-06 07:00:00,10.8,10.87,10.56,10.67,7818600,PVD
2021-10-07 07:00:00,10.56,10.69,10.47,10.54,9518600,PVD
2021-10-08 07:00:00,10.63,10.76,10.47,10.47,8340300,PVD
2021-10-11 07:00:00,10.69,10.83,10.56,10.58,8728700,PVD
2021-10-12 07:00:00,10.67,11.14,10.58,10.98,14397000,PVD
2021-10-13 07:00:00,11.0,11.05,10.87,10.92,4278600,PVD
2021-10-14 07:00:00,10.96,11.27,10.96,11.0,8177500,PVD
2021-10-15 07:00:00,11.09,11.23,10.92,11.03,6997700,PVD
2021-10-18 07:00:00,11.14,11.69,11.09,11.49,12642300,PVD
2021-10-19 07:00:00,11.45,11.52,11.29,11.4,5811400,PVD
2021-10-20 07:00:00,11.58,11.65,11.14,11.45,7235400,PVD
2021-10-21 07:00:00,11.54,11.94,11.4,11.85,9154500,PVD
2021-10-22 07:00:00,11.78,12.27,11.71,12.14,7724900,PVD
2021-10-25 07:00:00,12.49,12.62,11.94,12.07,10757700,PVD
2021-10-26 07:00:00,12.07,12.38,11.98,12.38,9075600,PVD
2021-10-27 07:00:00,12.65,12.78,12.4,12.62,8523300,PVD
2021-10-28 07:00:00,12.45,12.62,12.34,12.42,10808900,PVD
2021-10-29 07:00:00,12.42,12.65,12.38,12.45,7335900,PVD
2021-11-01 07:00:00,12.54,12.65,12.07,12.2,10888100,PVD
2021-11-02 07:00:00,12.2,12.74,11.98,12.51,13201900,PVD
2021-11-03 07:00:00,12.51,12.85,12.38,12.47,10860200,PVD
2021-11-04 07:00:00,12.34,12.51,12.11,12.45,7219200,PVD
2021-11-05 07:00:00,12.51,13.24,12.49,13.09,13794100,PVD
2021-11-08 07:00:00,13.29,13.64,13.11,13.49,6305400,PVD
2021-11-09 07:00:00,13.62,13.98,13.33,13.84,6878200,PVD
2021-11-10 07:00:00,13.93,14.24,13.76,14.07,6072100,PVD
2021-11-11 07:00:00,14.07,14.16,13.71,13.91,7182000,PVD
2021-11-12 07:00:00,13.89,13.98,13.31,13.62,9639300,PVD
2021-11-15 07:00:00,13.47,14.11,13.27,13.78,9936300,PVD
2021-11-16 07:00:00,13.71,14.36,13.69,14.24,6676100,PVD
2021-11-17 07:00:00,14.27,14.51,14.16,14.2,3986700,PVD
2021-11-18 07:00:00,14.11,14.16,13.58,13.58,10781800,PVD
2021-11-19 07:00:00,13.62,13.69,12.65,12.65,22088900,PVD
2021-11-22 07:00:00,12.25,12.38,11.78,11.78,11827800,PVD
2021-11-23 07:00:00,11.94,12.38,11.89,12.25,6195400,PVD
2021-11-24 07:00:00,12.65,12.65,12.2,12.31,4514800,PVD
2021-11-25 07:00:00,12.34,12.6,12.2,12.31,4159700,PVD
2021-11-26 07:00:00,12.2,12.25,11.54,11.67,10377700,PVD
2021-11-29 07:00:00,11.0,11.49,11.0,11.4,8683000,PVD
2021-11-30 07:00:00,11.67,12.18,11.63,12.07,6699200,PVD
2021-12-01 07:00:00,11.98,12.51,11.85,12.31,5260800,PVD
2021-12-02 07:00:00,12.16,12.49,12.02,12.29,3598600,PVD
2021-12-03 07:00:00,12.42,12.42,11.54,11.54,5458000,PVD
2021-12-06 07:00:00,11.85,11.89,11.45,11.74,4888800,PVD
2021-12-07 07:00:00,12.11,12.56,11.89,12.56,7660900,PVD
2021-12-08 07:00:00,12.82,12.98,12.65,12.65,5827000,PVD
2021-12-09 07:00:00,12.65,13.02,12.65,12.96,4623900,PVD
2021-12-10 07:00:00,12.78,12.98,12.69,12.82,6350400,PVD
2021-12-13 07:00:00,12.91,13.13,12.82,12.87,4795300,PVD
2021-12-14 07:00:00,12.74,12.96,12.62,12.74,4767300,PVD
2021-12-15 07:00:00,12.65,12.8,12.34,12.38,5559800,PVD
2021-12-16 07:00:00,12.6,12.65,12.4,12.51,3029700,PVD
2021-12-17 07:00:00,12.78,12.82,12.34,12.34,5286800,PVD
2021-12-20 07:00:00,12.07,12.2,11.76,11.87,8479300,PVD
2021-12-21 07:00:00,11.94,12.29,11.89,12.16,3454900,PVD
2021-12-22 07:00:00,12.34,12.47,11.85,11.85,4171100,PVD
2021-12-23 07:00:00,11.98,12.67,11.76,12.67,8375700,PVD
2021-12-24 07:00:00,13.0,13.4,12.74,12.82,7505200,PVD
2021-12-27 07:00:00,12.98,13.29,12.67,13.16,5645100,PVD
2021-12-28 07:00:00,13.36,13.6,13.13,13.16,7841600,PVD
2021-12-29 07:00:00,13.22,13.62,13.05,13.36,5922100,PVD
2021-12-30 07:00:00,13.53,13.73,13.36,13.38,4624200,PVD
2021-12-31 07:00:00,13.49,13.6,12.91,13.16,4654400,PVD
2022-01-04 07:00:00,13.36,13.98,13.2,13.8,8257000,PVD
2022-01-05 07:00:00,14.02,14.09,13.76,13.78,6118700,PVD
2022-01-06 07:00:00,13.8,14.02,13.6,13.76,6041800,PVD
2022-01-07 07:00:00,14.2,14.4,13.93,14.0,9806500,PVD
2022-01-10 07:00:00,13.84,14.11,13.05,13.05,13807400,PVD
2022-01-11 07:00:00,13.18,13.29,12.87,13.09,5553500,PVD
2022-01-12 07:00:00,13.44,14.0,13.36,14.0,13690200,PVD
2022-01-13 07:00:00,14.42,14.78,13.8,13.8,11288600,PVD
2022-01-14 07:00:00,13.71,14.13,13.53,13.93,5987200,PVD
2022-01-17 07:00:00,14.42,14.78,14.11,14.2,15883200,PVD
2022-01-18 07:00:00,14.29,15.06,14.18,15.0,11121400,PVD
2022-01-19 07:00:00,15.49,15.49,14.29,14.55,11425400,PVD
2022-01-20 07:00:00,14.47,14.86,14.18,14.75,7255000,PVD
2022-01-21 07:00:00,14.55,15.42,14.38,15.02,13395500,PVD
2022-01-24 07:00:00,15.11,15.31,14.24,14.44,8929800,PVD
2022-01-25 07:00:00,14.42,14.64,14.02,14.6,7997500,PVD
2022-01-26 07:00:00,14.73,14.82,14.42,14.42,5472900,PVD
2022-01-27 07:00:00,14.62,14.86,14.42,14.53,5118200,PVD
2022-01-28 07:00:00,14.44,14.69,13.53,13.53,16192300,PVD
2022-02-07 07:00:00,13.98,14.33,13.84,13.84,6349300,PVD
2022-02-08 07:00:00,13.76,13.96,13.56,13.62,6413000,PVD
2022-02-09 07:00:00,13.49,13.73,13.22,13.24,10728400,PVD
2022-02-10 07:00:00,13.4,13.69,13.36,13.62,5912000,PVD
2022-02-11 07:00:00,13.76,14.07,13.62,13.69,5200100,PVD
2022-02-14 07:00:00,13.98,14.22,13.76,13.76,7719400,PVD
2022-02-15 07:00:00,13.76,13.89,13.51,13.58,4176800,PVD
2022-02-16 07:00:00,13.44,13.98,13.24,13.8,8691700,PVD
2022-02-17 07:00:00,13.8,14.02,13.71,13.78,3891500,PVD
2022-02-18 07:00:00,13.71,13.84,13.58,13.69,4226500,PVD
2022-02-21 07:00:00,13.76,14.11,13.76,13.84,7024000,PVD
2022-02-22 07:00:00,14.11,14.38,14.04,14.22,9530000,PVD
2022-02-23 07:00:00,14.4,15.2,14.38,14.86,20563300,PVD
2022-02-24 07:00:00,15.04,15.88,14.86,15.8,17415100,PVD
2022-02-25 07:00:00,15.53,15.88,15.18,15.18,12708500,PVD
2022-02-28 07:00:00,15.46,15.71,15.13,15.49,9155100,PVD
2022-03-01 07:00:00,15.53,15.66,15.22,15.49,8055200,PVD
2022-03-02 07:00:00,16.42,16.42,15.84,16.11,10234200,PVD
2022-03-03 07:00:00,16.26,16.42,15.86,15.97,9285300,PVD
2022-03-04 07:00:00,15.8,15.97,15.58,15.58,9997500,PVD
2022-03-07 07:00:00,16.24,16.66,16.02,16.66,9678800,PVD
2022-03-08 07:00:00,16.64,17.08,16.42,16.73,11395500,PVD
2022-03-09 07:00:00,17.17,17.88,16.77,17.73,16938900,PVD
2022-03-10 07:00:00,17.13,17.5,16.8,17.22,12725300,PVD
2022-03-11 07:00:00,16.86,16.97,16.13,16.46,20216800,PVD
2022-03-14 07:00:00,16.17,16.46,15.75,15.82,12596100,PVD
2022-03-15 07:00:00,15.18,16.04,15.15,15.97,10029200,PVD
2022-03-16 07:00:00,15.75,16.02,15.6,15.73,4186700,PVD
2022-03-17 07:00:00,15.71,15.71,15.24,15.26,6573300,PVD
2022-03-18 07:00:00,15.75,15.91,15.62,15.75,6608900,PVD
2022-03-21 07:00:00,15.93,16.11,15.62,16.11,5945600,PVD
2022-03-22 07:00:00,16.51,16.55,16.22,16.22,6367100,PVD
2022-03-23 07:00:00,16.15,16.33,15.86,15.93,5198900,PVD
2022-03-24 07:00:00,16.24,16.35,15.84,15.84,4824300,PVD
2022-03-25 07:00:00,15.75,15.95,15.58,15.64,4886700,PVD
2022-03-28 07:00:00,15.49,16.04,15.46,15.93,6340900,PVD
2022-03-29 07:00:00,15.8,16.51,15.64,16.22,8521000,PVD
2022-03-30 07:00:00,16.06,16.33,15.55,15.66,5263800,PVD
2022-03-31 07:00:00,15.62,15.86,15.15,15.18,5459100,PVD
2022-04-01 07:00:00,15.0,15.0,14.42,14.78,9852800,PVD
2022-04-04 07:00:00,14.91,15.06,14.64,15.0,4359100,PVD
2022-04-05 07:00:00,15.13,15.31,15.11,15.11,2388900,PVD
2022-04-06 07:00:00,14.86,15.18,14.8,15.02,3094700,PVD
2022-04-07 07:00:00,14.86,15.06,14.55,14.73,5741100,PVD
2022-04-08 07:00:00,14.8,14.8,13.8,13.8,5460700,PVD
2022-04-12 07:00:00,13.82,13.98,12.85,12.85,9207400,PVD
2022-04-13 07:00:00,13.22,13.24,12.65,13.22,4218300,PVD
2022-04-14 07:00:00,13.36,13.71,13.27,13.44,3187500,PVD
2022-04-15 07:00:00,13.64,13.84,13.18,13.42,4643300,PVD
2022-04-18 07:00:00,13.44,13.53,12.74,12.74,5205900,PVD
2022-04-19 07:00:00,12.91,13.44,12.78,12.85,5884100,PVD
2022-04-20 07:00:00,12.87,13.05,11.96,11.96,7143900,PVD
2022-04-21 07:00:00,11.63,11.94,11.14,11.14,9871300,PVD
2022-04-22 07:00:00,11.09,11.12,10.36,10.36,15646300,PVD
2022-04-25 07:00:00,10.65,10.65,9.65,9.65,9802200,PVD
2022-04-26 07:00:00,9.05,10.32,8.98,10.32,10968200,PVD
2022-04-27 07:00:00,10.21,10.54,10.03,10.32,5601100,PVD
2022-04-28 07:00:00,10.61,10.8,10.37,10.37,6285700,PVD
2022-04-29 07:00:00,10.48,10.85,10.48,10.8,4992900,PVD
2022-05-04 07:00:00,10.8,11.22,10.45,10.9,6623900,PVD
2022-05-05 07:00:00,11.17,11.38,10.77,10.9,5208900,PVD
2022-05-06 07:00:00,10.8,10.85,10.16,10.16,5885400,PVD
2022-05-09 07:00:00,10.05,10.1,9.47,9.47,5873100,PVD
2022-05-10 07:00:00,8.91,10.1,8.91,10.1,7967200,PVD
2022-05-11 07:00:00,10.37,10.45,10.1,10.1,2940700,PVD
2022-05-12 07:00:00,10.16,10.24,9.41,9.41,5450600,PVD
2022-05-13 07:00:00,9.62,9.62,8.77,8.77,9070800,PVD
2022-05-16 07:00:00,9.39,9.39,9.12,9.2,5857300,PVD
2022-05-17 07:00:00,9.23,9.84,9.23,9.84,4011100,PVD
2022-05-18 07:00:00,10.1,10.48,10.0,10.02,7553200,PVD
2022-05-19 07:00:00,9.73,10.72,9.7,10.72,10230200,PVD
2022-05-20 07:00:00,10.9,11.22,10.69,10.72,7316800,PVD
2022-05-23 07:00:00,10.8,11.38,10.64,11.04,7572200,PVD
2022-05-24 07:00:00,10.85,11.04,10.37,10.96,8160400,PVD
2022-05-25 07:00:00,11.19,11.7,11.09,11.7,11275500,PVD
2022-05-26 07:00:00,11.86,12.02,11.54,11.65,7903800,PVD
2022-05-27 07:00:00,11.86,11.99,11.51,11.75,6011000,PVD
2022-05-30 07:00:00,12.02,12.44,11.81,11.81,10652800,PVD
2022-05-31 07:00:00,11.83,12.34,11.81,12.18,10372300,PVD
2022-06-01 07:00:00,12.18,12.76,11.86,12.6,10045200,PVD
2022-06-02 07:00:00,12.34,12.66,12.12,12.23,10915700,PVD
2022-06-03 07:00:00,12.02,12.39,12.02,12.23,6902400,PVD
2022-06-06 07:00:00,12.63,12.71,11.99,12.02,10003300,PVD
2022-06-07 07:00:00,11.99,12.5,11.59,12.5,9524300,PVD
2022-06-08 07:00:00,12.76,13.3,12.55,12.84,19013700,PVD
2022-06-09 07:00:00,13.03,13.16,12.82,12.84,5992700,PVD
2022-06-10 07:00:00,12.66,12.79,12.12,12.12,12170600,PVD
2022-06-13 07:00:00,11.49,11.91,11.3,11.3,13161300,PVD
2022-06-14 07:00:00,11.38,11.81,11.3,11.81,9452200,PVD
2022-06-15 07:00:00,11.78,11.86,11.04,11.14,6295600,PVD
2022-06-16 07:00:00,11.25,11.67,11.01,11.17,9369200,PVD
2022-06-17 07:00:00,10.74,11.11,10.4,10.64,14598400,PVD
2022-06-20 07:00:00,10.18,10.37,9.89,9.89,9781000,PVD
2022-06-21 07:00:00,9.41,9.84,9.2,9.2,9360700,PVD
2022-06-22 07:00:00,8.91,9.15,8.56,8.56,13129600,PVD
2022-06-23 07:00:00,8.3,9.15,8.3,9.15,6284300,PVD
2022-06-24 07:00:00,9.47,9.47,9.04,9.04,5292300,PVD
2022-06-27 07:00:00,9.15,9.39,9.01,9.25,4244800,PVD
2022-06-28 07:00:00,9.52,9.73,9.39,9.41,5292800,PVD
2022-06-29 07:00:00,9.41,9.49,9.17,9.25,4466800,PVD
2022-06-30 07:00:00,9.28,9.36,8.83,8.83,4342600,PVD
2022-07-01 07:00:00,8.72,9.12,8.35,8.93,6003800,PVD
2022-07-04 07:00:00,9.2,9.2,8.99,9.09,2774000,PVD
2022-07-05 07:00:00,9.2,9.25,8.83,8.83,3638600,PVD
2022-07-06 07:00:00,8.46,8.67,8.22,8.22,7525900,PVD
2022-07-07 07:00:00,8.14,8.38,7.82,7.98,5082800,PVD
2022-07-08 07:00:00,8.24,8.4,8.19,8.24,2879200,PVD
2022-07-11 07:00:00,8.19,8.48,8.08,8.27,4062700,PVD
2022-07-12 07:00:00,8.27,8.83,8.27,8.83,4947900,PVD
2022-07-13 07:00:00,8.72,8.99,8.62,8.88,4759700,PVD
2022-07-14 07:00:00,8.91,9.36,8.91,9.09,5359100,PVD
2022-07-15 07:00:00,9.04,9.15,8.88,8.99,4987400,PVD
2022-07-18 07:00:00,9.04,9.2,8.99,9.07,2847400,PVD
2022-07-19 07:00:00,9.31,9.41,9.07,9.15,6050300,PVD
2022-07-20 07:00:00,9.28,9.49,9.17,9.2,4947700,PVD
2022-07-21 07:00:00,9.23,9.25,8.99,9.07,3944200,PVD
2022-07-22 07:00:00,9.04,9.31,9.04,9.04,4870900,PVD
2022-07-25 07:00:00,8.93,8.99,8.62,8.64,4610100,PVD
2022-07-26 07:00:00,8.88,8.91,8.64,8.83,3162300,PVD
2022-07-27 07:00:00,8.77,8.83,8.46,8.83,2187900,PVD
2022-07-28 07:00:00,9.01,9.17,8.93,9.09,4684900,PVD
2022-07-29 07:00:00,9.15,9.25,8.93,8.96,4916200,PVD
2022-08-01 07:00:00,9.01,9.41,8.99,9.31,6256400,PVD
2022-08-02 07:00:00,9.17,9.68,9.12,9.47,10361800,PVD
2022-08-03 07:00:00,9.47,9.68,9.39,9.47,5971800,PVD
2022-08-04 07:00:00,9.41,9.49,9.2,9.23,8647300,PVD
2022-08-05 07:00:00,9.37,9.87,9.26,9.87,9509600,PVD
2022-08-08 07:00:00,9.96,10.54,9.96,10.54,9277800,PVD
2022-08-09 07:00:00,10.54,10.6,10.25,10.4,8512300,PVD
2022-08-10 07:00:00,10.28,11.01,10.22,11.01,16091100,PVD
2022-08-11 07:00:00,11.13,11.31,10.84,10.96,11182600,PVD
2022-08-12 07:00:00,10.98,11.25,10.84,11.07,7363300,PVD
2022-08-15 07:00:00,11.07,11.48,10.92,11.25,8015000,PVD
2022-08-16 07:00:00,10.98,11.54,10.98,11.28,8722000,PVD
2022-08-17 07:00:00,11.25,11.48,10.96,11.19,10873000,PVD
2022-08-18 07:00:00,11.31,11.54,11.13,11.13,8249100,PVD
2022-08-19 07:00:00,11.25,11.78,11.25,11.6,12597400,PVD
2022-08-22 07:00:00,11.57,12.07,11.48,11.92,10775700,PVD
2022-08-23 07:00:00,11.89,12.36,11.86,12.1,10329200,PVD
2022-08-24 07:00:00,12.24,12.57,11.95,12.48,11453700,PVD
2022-08-25 07:00:00,12.6,12.68,12.3,12.3,8947700,PVD
2022-08-26 07:00:00,12.21,12.33,11.74,11.78,12893500,PVD
2022-08-29 07:00:00,11.57,12.6,11.57,12.6,18585400,PVD
2022-08-30 07:00:00,12.89,13.06,12.6,12.65,11955500,PVD
2022-08-31 07:00:00,12.45,12.65,12.13,12.13,13962900,PVD
2022-09-05 07:00:00,11.95,12.71,11.8,12.6,14561000,PVD
2022-09-06 07:00:00,12.62,12.77,12.42,12.42,9562700,PVD
2022-09-07 07:00:00,12.18,12.3,11.57,11.57,12538600,PVD
2022-09-08 07:00:00,11.66,11.78,11.01,11.25,11227500,PVD
2022-09-09 07:00:00,11.34,12.01,11.13,12.01,8323000,PVD
2022-09-12 07:00:00,12.18,12.83,12.13,12.36,13371400,PVD
2022-09-13 07:00:00,12.48,13.0,12.3,12.98,15211300,PVD
2022-09-14 07:00:00,12.89,13.68,12.83,13.65,17149000,PVD
2022-09-15 07:00:00,13.71,13.91,13.3,13.3,10618900,PVD
2022-09-16 07:00:00,13.18,13.62,13.03,13.47,13199400,PVD
2022-09-19 07:00:00,13.33,13.33,12.54,12.54,13468800,PVD
2022-09-20 07:00:00,12.71,12.74,11.89,12.74,10026800,PVD
2022-09-21 07:00:00,12.51,13.09,12.3,13.09,8875900,PVD
2022-09-22 07:00:00,12.89,13.27,12.77,13.0,8264900,PVD
2022-09-23 07:00:00,13.06,13.39,12.89,13.0,10043700,PVD
2022-09-26 07:00:00,12.6,12.83,12.1,12.1,14877100,PVD
2022-09-27 07:00:00,12.13,12.33,11.28,11.31,10684100,PVD
2022-09-28 07:00:00,11.31,11.86,11.01,11.45,11057400,PVD
2022-09-29 07:00:00,11.86,11.89,10.98,11.01,5671100,PVD
2022-09-30 07:00:00,10.84,11.78,10.49,11.6,12072300,PVD
2022-10-03 07:00:00,11.51,11.6,10.81,10.81,6263300,PVD
2022-10-04 07:00:00,11.19,11.31,10.84,10.96,8259100,PVD
2022-10-05 07:00:00,11.31,11.72,11.28,11.72,9745700,PVD
2022-10-06 07:00:00,11.83,12.13,11.42,11.48,9713500,PVD
2022-10-07 07:00:00,11.13,12.07,10.84,11.72,15266800,PVD
2022-10-10 07:00:00,11.95,12.42,11.92,12.07,8695100,PVD
2022-10-11 07:00:00,12.04,12.18,11.25,11.25,12542000,PVD
2022-10-12 07:00:00,11.31,12.01,11.01,11.63,8015600,PVD
2022-10-13 07:00:00,11.6,11.72,11.25,11.48,5035900,PVD
2022-10-14 07:00:00,11.74,12.07,11.57,11.78,8013500,PVD
2022-10-17 07:00:00,11.63,12.6,11.45,12.6,13489800,PVD
2022-10-18 07:00:00,12.83,12.92,12.24,12.36,9649400,PVD
2022-10-19 07:00:00,12.42,12.89,12.24,12.54,8740200,PVD
2022-10-20 07:00:00,12.62,12.77,12.42,12.57,6195000,PVD
2022-10-21 07:00:00,12.6,13.0,11.69,11.69,23900900,PVD
2022-10-24 07:00:00,11.72,11.89,10.9,10.9,10596300,PVD
2022-10-25 07:00:00,11.01,11.6,10.22,11.1,8605400,PVD
2022-10-26 07:00:00,11.13,11.25,10.34,10.34,6479900,PVD
2022-10-27 07:00:00,10.49,11.04,10.28,11.04,10049600,PVD
2022-10-28 07:00:00,11.07,11.19,10.72,10.81,5606500,PVD
2022-10-31 07:00:00,10.43,10.69,10.08,10.08,15515600,PVD
2022-11-01 07:00:00,10.22,10.31,9.37,9.49,9305500,PVD
2022-11-02 07:00:00,9.78,10.14,9.55,10.14,6167000,PVD
2022-11-03 07:00:00,10.22,10.43,9.9,10.16,5707000,PVD
2022-11-04 07:00:00,10.14,10.14,9.49,9.93,5878200,PVD
2022-11-07 07:00:00,10.14,10.14,9.49,9.58,5727000,PVD
2022-11-08 07:00:00,9.49,10.02,9.49,9.96,4527900,PVD
2022-11-09 07:00:00,9.99,10.1,9.61,9.93,5643400,PVD
2022-11-10 07:00:00,9.78,9.9,9.26,9.26,5728000,PVD
2022-11-11 07:00:00,9.31,9.46,8.61,8.61,8817100,PVD
2022-11-14 07:00:00,8.11,8.49,8.03,8.03,5027700,PVD
2022-11-15 07:00:00,7.47,7.47,7.47,7.47,782700,PVD
2022-11-16 07:00:00,6.97,7.97,6.97,7.97,17590000,PVD
2022-11-17 07:00:00,7.97,8.23,7.67,8.14,5580900,PVD
2022-11-18 07:00:00,7.91,8.03,7.59,7.59,11163700,PVD
2022-11-21 07:00:00,7.62,7.88,7.44,7.82,4859700,PVD
2022-11-22 07:00:00,7.88,8.35,7.73,8.32,11845100,PVD
2022-11-23 07:00:00,8.38,8.49,7.91,7.97,4794400,PVD
2022-11-24 07:00:00,7.85,8.0,7.41,7.62,7244100,PVD
2022-11-25 07:00:00,7.82,7.91,7.56,7.91,4463700,PVD
2022-11-28 07:00:00,7.97,8.44,7.91,8.38,8532900,PVD
2022-11-29 07:00:00,8.38,8.96,8.2,8.96,11314900,PVD
2022-11-30 07:00:00,9.28,9.43,8.96,9.26,9330400,PVD
2022-12-01 07:00:00,9.46,9.61,8.73,8.96,11651500,PVD
2022-12-02 07:00:00,9.08,9.58,8.99,9.58,8676700,PVD
2022-12-05 07:00:00,10.22,10.22,9.75,9.84,8493000,PVD
2022-12-06 07:00:00,9.7,10.19,9.55,9.67,12148400,PVD
2022-12-07 07:00:00,9.67,10.02,9.55,9.72,6249000,PVD
2022-12-08 07:00:00,9.84,10.1,9.49,9.96,7152900,PVD
2022-12-09 07:00:00,9.96,9.99,9.72,9.87,4371400,PVD
2022-12-12 07:00:00,9.96,10.37,9.67,9.67,8601700,PVD
2022-12-13 07:00:00,9.78,9.96,9.52,9.96,4715200,PVD
2022-12-14 07:00:00,10.22,10.52,9.99,10.37,8231200,PVD
2022-12-15 07:00:00,10.54,10.6,10.19,10.37,4669300,PVD
2022-12-16 07:00:00,10.19,10.69,10.1,10.4,6014300,PVD
2022-12-19 07:00:00,10.4,10.52,9.96,9.96,5235200,PVD
2022-12-20 07:00:00,9.96,10.25,9.55,10.25,8767200,PVD
2022-12-21 07:00:00,10.31,10.63,9.93,10.31,5944300,PVD
2022-12-22 07:00:00,10.6,10.6,10.19,10.37,3601400,PVD
2022-12-23 07:00:00,10.37,10.6,10.14,10.49,5202600,PVD
2022-12-26 07:00:00,10.63,10.81,10.22,10.31,7246200,PVD
2022-12-27 07:00:00,10.37,10.52,9.67,10.52,6454900,PVD
2022-12-28 07:00:00,10.52,10.78,10.34,10.72,4835100,PVD
2022-12-29 07:00:00,10.63,10.69,10.28,10.49,3229800,PVD
2022-12-30 07:00:00,10.54,10.6,10.37,10.46,3083700,PVD
2023-01-03 07:00:00,10.6,11.07,10.54,10.87,7108700,PVD
2023-01-04 07:00:00,10.87,11.39,10.72,11.22,6221500,PVD
2023-01-05 07:00:00,11.19,11.25,10.98,11.13,3673400,PVD
2023-01-06 07:00:00,11.13,11.36,10.78,10.78,4907500,PVD
2023-01-09 07:00:00,10.9,11.13,10.72,10.92,3552900,PVD
2023-01-10 07:00:00,11.01,11.25,10.92,11.04,3952300,PVD
2023-01-11 07:00:00,11.19,11.25,11.01,11.07,3276100,PVD
2023-01-12 07:00:00,11.25,11.83,11.19,11.83,10071900,PVD
2023-01-13 07:00:00,11.86,11.95,11.57,11.69,3045500,PVD
2023-01-16 07:00:00,11.78,11.92,11.66,11.72,3276300,PVD
2023-01-17 07:00:00,11.72,12.3,11.69,12.27,4802000,PVD
2023-01-18 07:00:00,12.57,12.6,12.18,12.21,3086200,PVD
2023-01-19 07:00:00,12.18,12.36,12.07,12.3,3185800,PVD
2023-01-27 07:00:00,12.65,12.83,12.24,12.24,3788600,PVD
2023-01-30 07:00:00,12.24,12.51,11.98,12.04,3625500,PVD
2023-01-31 07:00:00,12.07,12.3,11.98,12.3,4179100,PVD
2023-02-01 07:00:00,12.3,12.42,11.54,11.54,6665500,PVD
2023-02-02 07:00:00,11.66,11.72,11.34,11.51,4769900,PVD
2023-02-03 07:00:00,11.63,11.66,11.25,11.31,2524700,PVD
2023-02-06 07:00:00,11.19,11.42,10.98,11.34,3088500,PVD
2023-02-07 07:00:00,11.54,11.54,11.22,11.34,2588100,PVD
2023-02-08 07:00:00,11.39,11.6,11.13,11.42,3300300,PVD
2023-02-09 07:00:00,11.51,12.21,11.45,12.21,6237800,PVD
2023-02-10 07:00:00,12.21,12.21,11.78,11.89,2889700,PVD
2023-02-13 07:00:00,11.83,12.27,11.6,12.07,7262600,PVD
2023-02-14 07:00:00,12.21,12.3,12.01,12.07,3033000,PVD
2023-02-15 07:00:00,12.16,12.6,12.07,12.39,5022800,PVD
2023-02-16 07:00:00,12.54,13.06,12.42,12.95,6707900,PVD
2023-02-17 07:00:00,12.95,13.0,12.77,12.92,3873700,PVD
2023-02-20 07:00:00,12.86,13.24,12.83,13.18,4600000,PVD
2023-02-21 07:00:00,13.24,13.42,13.0,13.0,6085900,PVD
2023-02-22 07:00:00,12.71,13.44,12.48,12.48,8975500,PVD
2023-02-23 07:00:00,12.48,12.77,11.83,12.77,6745100,PVD
2023-02-24 07:00:00,12.8,13.06,12.18,12.18,3611300,PVD
2023-02-27 07:00:00,12.1,12.48,11.86,12.3,4274100,PVD
2023-02-28 07:00:00,12.54,12.57,12.27,12.42,2184200,PVD
2023-03-01 07:00:00,12.42,12.95,12.36,12.89,5697000,PVD
2023-03-02 07:00:00,12.89,13.0,12.51,12.71,4602100,PVD
2023-03-03 07:00:00,12.77,13.03,12.6,12.68,3953200,PVD
2023-03-06 07:00:00,12.86,12.89,12.51,12.65,2872600,PVD
2023-03-07 07:00:00,12.77,12.95,12.57,12.83,2623700,PVD
2023-03-08 07:00:00,12.71,13.3,12.65,13.27,6672900,PVD
2023-03-09 07:00:00,13.18,13.33,13.06,13.12,3817600,PVD
2023-03-10 07:00:00,12.95,13.12,12.65,12.83,5396100,PVD
2023-03-13 07:00:00,12.68,12.86,12.62,12.83,2883300,PVD
2023-03-14 07:00:00,12.8,12.8,12.07,12.07,6809300,PVD
2023-03-15 07:00:00,12.3,12.6,12.16,12.57,3258500,PVD
2023-03-16 07:00:00,12.1,12.3,11.98,12.07,4911400,PVD
2023-03-17 07:00:00,12.3,12.3,12.13,12.18,2475400,PVD
2023-03-20 07:00:00,11.86,12.01,11.42,11.45,6616500,PVD
2023-03-21 07:00:00,11.63,11.63,11.34,11.54,2575300,PVD
2023-03-22 07:00:00,11.72,11.8,11.57,11.57,2157400,PVD
2023-03-23 07:00:00,11.45,11.83,11.45,11.72,2383100,PVD
2023-03-24 07:00:00,11.83,11.86,11.72,11.74,2944800,PVD
2023-03-27 07:00:00,11.74,11.83,11.63,11.83,3185700,PVD
2023-03-28 07:00:00,12.07,12.16,11.83,11.86,2567700,PVD
2023-03-29 07:00:00,11.92,12.07,11.8,11.86,1752700,PVD
2023-03-30 07:00:00,11.92,12.01,11.78,11.78,2742400,PVD
2023-03-31 07:00:00,11.89,11.95,11.69,11.89,3106300,PVD
2023-04-03 07:00:00,12.42,12.42,12.21,12.39,6941200,PVD
2023-04-04 07:00:00,12.48,12.51,12.36,12.36,3261300,PVD
2023-04-05 07:00:00,12.39,12.74,12.39,12.54,3285100,PVD
2023-04-06 07:00:00,12.54,12.57,12.3,12.3,4417700,PVD
2023-04-07 07:00:00,12.24,12.33,12.13,12.18,3539200,PVD
2023-04-10 07:00:00,12.42,12.45,12.13,12.18,2632200,PVD
2023-04-11 07:00:00,12.18,12.6,12.18,12.39,5889700,PVD
2023-04-12 07:00:00,12.54,12.68,12.3,12.39,3709600,PVD
2023-04-13 07:00:00,12.57,12.8,12.3,12.3,7702600,PVD
2023-04-14 07:00:00,12.42,12.51,12.01,12.01,6248800,PVD
2023-04-17 07:00:00,12.01,12.1,11.89,11.92,2578100,PVD
2023-04-18 07:00:00,11.98,12.07,11.95,12.07,2232100,PVD
2023-04-19 07:00:00,12.1,12.18,11.98,12.07,1940400,PVD
2023-04-20 07:00:00,12.07,12.07,11.89,12.01,2045000,PVD
2023-04-21 07:00:00,12.01,12.1,11.89,11.89,2446800,PVD
2023-04-24 07:00:00,11.89,11.95,11.8,11.95,1121800,PVD
2023-04-25 07:00:00,12.04,12.13,11.89,12.01,1660300,PVD
2023-04-26 07:00:00,12.07,12.13,11.83,12.13,1788000,PVD
2023-04-27 07:00:00,12.24,12.48,12.16,12.16,3845800,PVD
2023-04-28 07:00:00,12.18,12.39,12.16,12.27,2351100,PVD
2023-05-04 07:00:00,12.07,12.13,11.89,11.89,3019500,PVD
2023-05-05 07:00:00,11.92,12.04,11.92,12.04,1607100,PVD
2023-05-08 07:00:00,12.21,12.57,12.13,12.42,5215300,PVD
2023-05-09 07:00:00,12.42,13.12,12.42,12.83,11280100,PVD
2023-05-10 07:00:00,12.83,12.95,12.77,12.8,3567000,PVD
2023-05-11 07:00:00,12.86,13.47,12.86,13.06,8778900,PVD
2023-05-12 07:00:00,13.06,13.24,12.92,13.15,3952600,PVD
2023-05-15 07:00:00,13.21,13.24,12.8,12.8,7367900,PVD
2023-05-16 07:00:00,13.0,13.33,12.92,13.09,5483700,PVD
2023-05-17 07:00:00,13.12,13.24,12.83,12.86,4404000,PVD
2023-05-18 07:00:00,12.95,13.3,12.86,13.12,5799800,PVD
2023-05-19 07:00:00,13.3,13.88,13.3,13.74,11780300,PVD
2023-05-22 07:00:00,14.0,14.06,13.77,13.82,4309800,PVD
2023-05-23 07:00:00,13.88,14.12,13.62,13.94,6584100,PVD
2023-05-24 07:00:00,14.06,14.06,13.71,13.71,4210900,PVD
2023-05-25 07:00:00,13.71,14.24,13.39,14.03,10037900,PVD
2023-05-26 07:00:00,14.12,14.12,13.91,13.97,4041200,PVD
2023-05-29 07:00:00,14.09,14.18,13.82,13.88,5465600,PVD
2023-05-30 07:00:00,13.91,14.12,13.85,14.09,5376600,PVD
2023-05-31 07:00:00,14.06,14.29,13.94,14.18,6583800,PVD
2023-06-01 07:00:00,14.06,14.09,13.85,14.0,4033900,PVD
2023-06-02 07:00:00,14.12,14.29,13.94,14.24,5935000,PVD
2023-06-05 07:00:00,14.59,14.59,14.15,14.18,5161800,PVD
2023-06-06 07:00:00,14.18,14.44,14.03,14.18,3724200,PVD
2023-06-07 07:00:00,14.24,14.35,14.12,14.32,3697400,PVD
2023-06-08 07:00:00,14.59,14.62,13.85,13.85,6266200,PVD
2023-06-09 07:00:00,13.85,13.91,13.5,13.82,5399900,PVD
2023-06-12 07:00:00,13.8,13.82,13.47,13.71,4827800,PVD
2023-06-13 07:00:00,13.71,13.97,13.65,13.97,3982300,PVD
2023-06-14 07:00:00,14.06,14.15,13.71,13.71,3419700,PVD
2023-06-15 07:00:00,13.65,14.29,13.65,14.29,7133000,PVD
2023-06-16 07:00:00,14.44,14.44,13.97,13.97,5866200,PVD
2023-06-19 07:00:00,14.0,14.29,13.94,14.06,4907300,PVD
2023-06-20 07:00:00,14.18,14.41,14.0,14.32,3748500,PVD
2023-06-21 07:00:00,14.41,14.82,14.32,14.59,8034600,PVD
2023-06-22 07:00:00,14.68,14.94,14.5,14.64,6771000,PVD
2023-06-23 07:00:00,14.59,14.64,14.06,14.15,13808600,PVD
2023-06-26 07:00:00,14.18,14.35,13.94,14.35,5567900,PVD
2023-06-27 07:00:00,14.47,14.82,14.35,14.5,4162200,PVD
2023-06-28 07:00:00,14.59,14.62,14.29,14.41,3330900,PVD
2023-06-29 07:00:00,14.53,14.59,14.35,14.35,5794400,PVD
2023-06-30 07:00:00,14.35,14.41,14.24,14.35,2740900,PVD
2023-07-03 07:00:00,14.44,14.62,14.32,14.56,3060500,PVD
2023-07-04 07:00:00,14.59,15.2,14.5,15.14,10151900,PVD
2023-07-05 07:00:00,15.11,15.17,14.94,14.94,3884600,PVD
2023-07-06 07:00:00,14.94,15.03,14.41,14.64,6605000,PVD
2023-07-07 07:00:00,14.53,14.68,14.41,14.56,3910900,PVD
2023-07-10 07:00:00,14.82,14.91,14.56,14.59,6552800,PVD
2023-07-11 07:00:00,14.64,14.76,14.53,14.56,4751200,PVD
2023-07-12 07:00:00,14.68,14.91,14.64,14.79,4254300,PVD
2023-07-13 07:00:00,14.91,15.03,14.7,14.82,3774800,PVD
2023-07-14 07:00:00,14.82,14.97,14.56,14.73,5145500,PVD
2023-07-17 07:00:00,14.76,15.06,14.64,14.91,5517600,PVD
2023-07-18 07:00:00,15.0,15.17,14.82,14.85,3225900,PVD
2023-07-19 07:00:00,14.91,14.91,14.53,14.62,5832800,PVD
2023-07-20 07:00:00,14.64,14.64,14.38,14.53,3243700,PVD
2023-07-21 07:00:00,14.59,14.73,14.53,14.7,2389600,PVD
2023-07-24 07:00:00,14.82,15.23,14.73,15.06,6756900,PVD
2023-07-25 07:00:00,15.17,15.17,14.88,15.06,3926700,PVD
2023-07-26 07:00:00,15.06,15.29,14.94,15.17,5113900,PVD
2023-07-27 07:00:00,15.26,15.38,14.91,15.11,5196700,PVD
2023-07-28 07:00:00,15.14,15.64,15.08,15.5,8425800,PVD
2023-07-31 07:00:00,15.73,15.73,15.35,15.35,5281500,PVD
2023-08-01 07:00:00,15.38,15.46,14.94,14.94,6487300,PVD
2023-08-02 07:00:00,14.97,15.26,14.82,15.17,5480700,PVD
2023-08-03 07:00:00,15.14,15.14,14.76,14.76,5286700,PVD
2023-08-04 07:00:00,14.91,15.29,14.73,15.14,5324600,PVD
2023-08-07 07:00:00,15.26,15.26,15.06,15.17,3598200,PVD
2023-08-08 07:00:00,15.38,15.58,15.23,15.29,7492100,PVD
2023-08-09 07:00:00,15.29,15.32,15.03,15.11,3559600,PVD
2023-08-10 07:00:00,15.26,15.44,14.97,15.03,3940700,PVD
2023-08-11 07:00:00,15.14,15.14,14.73,14.94,4384800,PVD
2023-08-14 07:00:00,15.03,15.08,14.88,15.03,3988100,PVD
2023-08-15 07:00:00,15.14,15.14,14.97,14.97,3106600,PVD
2023-08-16 07:00:00,15.11,15.44,15.0,15.08,6296300,PVD
2023-08-17 07:00:00,15.06,15.17,14.94,14.94,4703100,PVD
2023-08-18 07:00:00,14.91,15.0,13.91,13.91,7333100,PVD
2023-08-21 07:00:00,13.8,14.38,13.77,14.06,4262900,PVD
2023-08-22 07:00:00,14.12,14.21,13.39,14.06,3224800,PVD
2023-08-23 07:00:00,14.06,14.26,13.82,14.24,2302300,PVD
2023-08-24 07:00:00,14.12,14.35,14.06,14.35,2345600,PVD
2023-08-25 07:00:00,14.32,14.5,14.15,14.44,2659100,PVD
2023-08-28 07:00:00,14.56,14.56,14.35,14.41,2072500,PVD
2023-08-29 07:00:00,14.59,14.76,14.44,14.7,4240300,PVD
2023-08-30 07:00:00,14.7,14.76,14.53,14.7,1501100,PVD
2023-08-31 07:00:00,14.76,14.94,14.64,14.94,4280100,PVD
2023-09-05 07:00:00,15.29,15.38,15.11,15.17,5413300,PVD
2023-09-06 07:00:00,15.32,15.41,15.14,15.26,4262200,PVD
2023-09-07 07:00:00,15.29,15.58,15.08,15.52,8389300,PVD
2023-09-08 07:00:00,15.52,15.58,15.38,15.5,4069900,PVD
2023-09-11 07:00:00,15.58,15.93,15.23,15.23,8476500,PVD
2023-09-12 07:00:00,15.26,15.5,15.14,15.5,3616500,PVD
2023-09-13 07:00:00,15.64,15.9,15.38,15.52,6796700,PVD
2023-09-14 07:00:00,15.41,15.88,15.38,15.7,6526800,PVD
2023-09-15 07:00:00,15.88,16.52,15.82,15.93,6368900,PVD
2023-09-18 07:00:00,15.82,16.11,15.55,15.61,3910700,PVD
2023-09-19 07:00:00,15.7,15.82,15.29,15.61,3895600,PVD
2023-09-20 07:00:00,15.67,15.85,15.67,15.82,3095000,PVD
2023-09-21 07:00:00,15.93,15.93,15.52,15.52,3447600,PVD
2023-09-22 07:00:00,15.26,15.32,14.59,14.91,7738200,PVD
2023-09-25 07:00:00,14.91,15.26,14.06,14.06,3626000,PVD
2023-09-26 07:00:00,14.15,14.62,13.88,14.06,3500800,PVD
2023-09-27 07:00:00,14.21,14.76,14.03,14.76,3114700,PVD
2023-09-28 07:00:00,14.94,15.32,14.7,15.32,4507300,PVD
2023-09-29 07:00:00,15.35,15.41,15.0,15.11,2401000,PVD
2023-10-02 07:00:00,15.11,15.52,14.88,15.23,2759800,PVD
2023-10-03 07:00:00,14.97,14.97,14.35,14.38,3544800,PVD
2023-10-04 07:00:00,14.29,15.08,14.18,14.91,3612200,PVD
2023-10-05 07:00:00,14.82,15.41,14.79,15.14,5525000,PVD
2023-10-06 07:00:00,15.2,15.2,14.76,15.11,2152700,PVD
2023-10-09 07:00:00,15.52,15.76,15.44,15.52,5719100,PVD
2023-10-10 07:00:00,15.58,15.67,15.29,15.35,5478500,PVD
2023-10-11 07:00:00,15.29,16.4,15.29,16.29,15292100,PVD
2023-10-12 07:00:00,16.17,16.75,16.17,16.4,9743200,PVD
2023-10-13 07:00:00,16.29,16.81,16.23,16.67,8014000,PVD
2023-10-16 07:00:00,16.96,17.52,16.64,16.81,11817500,PVD
2023-10-17 07:00:00,16.87,16.9,15.82,15.82,7673400,PVD
2023-10-18 07:00:00,16.05,16.52,15.44,16.29,13617300,PVD
2023-10-19 07:00:00,16.23,16.58,16.11,16.29,7221800,PVD
2023-10-20 07:00:00,16.4,16.58,15.61,16.58,8846500,PVD
2023-10-23 07:00:00,16.55,16.55,15.82,16.34,6585600,PVD
2023-10-24 07:00:00,16.29,16.34,15.85,16.17,4362900,PVD
2023-10-25 07:00:00,16.17,16.29,15.82,15.82,4797900,PVD
2023-10-26 07:00:00,15.32,15.41,14.73,14.73,13804400,PVD
2023-10-27 07:00:00,14.76,15.29,14.56,15.11,7641800,PVD
2023-10-30 07:00:00,15.23,15.58,14.35,14.35,3226000,PVD
2023-10-31 07:00:00,14.47,14.53,13.36,13.8,10709100,PVD
2023-11-01 07:00:00,13.8,14.47,13.53,14.47,3897300,PVD
2023-11-02 07:00:00,14.59,15.17,14.53,15.03,4679100,PVD
2023-11-03 07:00:00,15.14,15.14,14.73,15.08,4243900,PVD
2023-11-06 07:00:00,15.08,15.2,14.85,15.14,3041200,PVD
2023-11-07 07:00:00,15.14,15.73,14.91,15.41,5312400,PVD
2023-11-08 07:00:00,15.23,16.02,15.14,16.02,5016700,PVD
2023-11-09 07:00:00,15.85,16.08,15.7,15.9,7637100,PVD
2023-11-10 07:00:00,15.82,16.11,15.7,15.7,5559700,PVD
2023-11-13 07:00:00,15.76,16.08,15.67,16.02,4844400,PVD
2023-11-14 07:00:00,16.29,16.29,15.88,16.05,3746100,PVD
2023-11-15 07:00:00,16.23,16.29,15.79,15.79,5037000,PVD
2023-11-16 07:00:00,15.7,15.99,15.67,15.99,2519200,PVD
2023-11-17 07:00:00,15.93,15.96,15.23,15.46,8466800,PVD
2023-11-20 07:00:00,15.29,15.79,15.29,15.64,2804700,PVD
2023-11-21 07:00:00,15.88,16.29,15.7,16.29,7375600,PVD
2023-11-22 07:00:00,16.29,16.29,16.02,16.23,3895600,PVD
2023-11-23 07:00:00,16.23,16.58,15.58,15.58,6999100,PVD
2023-11-24 07:00:00,15.7,15.82,15.26,15.82,4064500,PVD
2023-11-27 07:00:00,15.9,16.14,15.64,16.02,4919300,PVD
2023-11-28 07:00:00,16.02,16.08,15.64,15.99,2460100,PVD
2023-11-29 07:00:00,16.23,16.78,16.05,16.73,10971600,PVD
2023-11-30 07:00:00,16.75,16.9,16.4,16.4,5420200,PVD
2023-12-01 07:00:00,16.52,16.78,16.32,16.61,3944500,PVD
2023-12-04 07:00:00,16.78,16.99,16.64,16.87,6103400,PVD
2023-12-05 07:00:00,16.87,17.46,16.81,16.84,7871100,PVD
2023-12-06 07:00:00,16.87,17.08,16.58,17.05,5331400,PVD
2023-12-07 07:00:00,16.75,16.93,16.23,16.55,7681300,PVD
2023-12-08 07:00:00,16.61,16.7,16.29,16.7,3989900,PVD
2023-12-11 07:00:00,16.93,16.93,16.58,16.67,2235800,PVD
2023-12-12 07:00:00,16.67,16.75,16.52,16.73,2041000,PVD
2023-12-13 07:00:00,16.73,16.75,15.85,16.11,6997400,PVD
2023-12-14 07:00:00,16.32,16.32,15.93,15.93,2620500,PVD
2023-12-15 07:00:00,16.05,16.17,15.82,15.82,2754200,PVD
2023-12-18 07:00:00,15.85,16.02,15.7,15.82,1635100,PVD
2023-12-19 07:00:00,15.82,16.11,15.82,16.11,2665100,PVD
2023-12-20 07:00:00,16.17,16.4,16.05,16.4,2421600,PVD
2023-12-21 07:00:00,16.23,16.46,16.17,16.43,2161300,PVD
2023-12-22 07:00:00,16.46,16.49,16.23,16.29,1788600,PVD
2023-12-25 07:00:00,16.34,16.58,16.29,16.58,2634000,PVD
2023-12-26 07:00:00,16.64,16.78,16.46,16.46,1947600,PVD
2023-12-27 07:00:00,16.64,16.64,16.43,16.58,2028000,PVD
2023-12-28 07:00:00,16.55,16.58,16.29,16.4,2937400,PVD
2023-12-29 07:00:00,16.34,16.58,16.32,16.58,3265400,PVD
2024-01-02 07:00:00,16.7,16.7,16.4,16.4,2793300,PVD
2024-01-03 07:00:00,16.37,16.52,16.32,16.52,2960600,PVD
2024-01-04 07:00:00,16.61,16.73,16.46,16.46,4302700,PVD
2024-01-05 07:00:00,16.52,16.52,16.29,16.29,2793300,PVD
2024-01-08 07:00:00,16.32,16.4,15.99,16.02,5211800,PVD
2024-01-09 07:00:00,15.96,16.02,15.52,15.67,9948800,PVD
2024-01-10 07:00:00,15.76,15.85,15.64,15.79,4480600,PVD
2024-01-11 07:00:00,15.88,15.88,15.58,15.82,3921700,PVD
2024-01-12 07:00:00,15.9,15.93,15.61,15.76,5376400,PVD
2024-01-15 07:00:00,15.82,16.08,15.82,15.99,6363700,PVD
2024-01-16 07:00:00,15.99,16.11,15.9,16.11,2419600,PVD
2024-01-17 07:00:00,16.17,16.34,16.08,16.14,4607900,PVD
2024-01-18 07:00:00,16.11,16.2,15.9,16.02,3449700,PVD
2024-01-19 07:00:00,16.11,16.17,15.96,16.02,2119800,PVD
2024-01-22 07:00:00,16.05,16.11,15.85,15.96,2448100,PVD
2024-01-23 07:00:00,15.99,16.4,15.99,16.34,6998000,PVD
2024-01-24 07:00:00,16.34,16.37,16.17,16.23,1718900,PVD
2024-01-25 07:00:00,16.2,16.29,16.02,16.14,2061900,PVD
2024-01-26 07:00:00,16.29,16.34,16.2,16.2,2422800,PVD
2024-01-29 07:00:00,16.29,16.34,16.14,16.17,1617300,PVD
2024-01-30 07:00:00,16.46,16.58,16.37,16.37,5454700,PVD
2024-01-31 07:00:00,16.43,16.43,16.02,16.14,3896400,PVD
2024-02-01 07:00:00,16.2,16.34,16.05,16.14,2252900,PVD
2024-02-02 07:00:00,16.17,16.32,16.08,16.29,3316000,PVD
2024-02-05 07:00:00,16.29,16.67,16.23,16.55,6723300,PVD
2024-02-06 07:00:00,16.61,16.87,16.58,16.84,4908500,PVD
2024-02-07 07:00:00,16.84,16.99,16.75,16.84,3086600,PVD
2024-02-15 07:00:00,16.9,16.96,16.64,16.75,4521300,PVD
2024-02-16 07:00:00,16.81,16.9,16.64,16.7,4167100,PVD
2024-02-19 07:00:00,16.7,17.14,16.7,16.84,7262000,PVD
2024-02-20 07:00:00,16.96,17.05,16.75,16.81,3268200,PVD
2024-02-21 07:00:00,16.81,16.96,16.64,16.7,3493800,PVD
2024-02-22 07:00:00,16.73,17.49,16.73,17.16,10433600,PVD
2024-02-23 07:00:00,17.22,17.25,16.46,16.61,6007700,PVD
2024-02-26 07:00:00,16.64,16.67,16.17,16.46,6084300,PVD
2024-02-27 07:00:00,16.58,16.9,16.4,16.87,6459000,PVD
2024-02-28 07:00:00,17.08,18.04,17.05,18.04,22282100,PVD
2024-02-29 07:00:00,18.1,18.28,17.78,18.1,6362800,PVD
2024-03-01 07:00:00,18.1,18.69,17.93,18.63,7434600,PVD
2024-03-04 07:00:00,18.75,18.86,18.25,18.45,8859100,PVD
2024-03-05 07:00:00,18.36,18.75,18.25,18.6,5327700,PVD
2024-03-06 07:00:00,18.57,18.69,17.87,18.28,7314000,PVD
2024-03-07 07:00:00,18.45,18.86,18.28,18.51,6192500,PVD
2024-03-08 07:00:00,18.57,18.75,18.04,18.04,6983400,PVD
2024-03-11 07:00:00,18.04,18.04,17.52,17.6,8490400,PVD
2024-03-12 07:00:00,17.69,17.95,17.6,17.75,5784300,PVD
2024-03-13 07:00:00,17.87,18.39,17.72,18.36,7366400,PVD
2024-03-14 07:00:00,18.63,19.62,18.57,19.27,16354900,PVD
2024-03-15 07:00:00,19.51,19.68,18.89,19.22,5093000,PVD
2024-03-18 07:00:00,19.33,19.48,18.01,18.31,14286900,PVD
2024-03-19 07:00:00,18.45,18.98,18.13,18.42,7495100,PVD
2024-03-20 07:00:00,18.6,18.89,18.45,18.89,4752400,PVD
2024-03-21 07:00:00,18.98,19.1,18.6,18.95,8497400,PVD
2024-03-22 07:00:00,18.95,19.04,18.66,18.72,7423300,PVD
2024-03-25 07:00:00,18.95,19.27,18.51,18.6,7721300,PVD
2024-03-26 07:00:00,18.63,19.16,18.6,19.16,4067100,PVD
2024-03-27 07:00:00,19.57,19.57,18.95,19.04,5074200,PVD
2024-03-28 07:00:00,19.1,19.1,18.83,18.86,3869800,PVD
2024-03-29 07:00:00,19.1,19.51,18.92,18.95,6651700,PVD
2024-04-01 07:00:00,18.98,19.45,18.92,19.24,6560400,PVD
2024-04-02 07:00:00,19.27,20.44,18.92,20.44,15201400,PVD
2024-04-03 07:00:00,20.44,20.44,19.86,19.86,5738400,PVD
2024-04-04 07:00:00,19.95,20.18,19.65,19.65,7512600,PVD
2024-04-05 07:00:00,19.65,20.09,19.22,19.27,11495900,PVD
2024-04-08 07:00:00,19.33,19.62,19.1,19.27,5207500,PVD
2024-04-09 07:00:00,19.33,19.57,19.16,19.45,4375900,PVD
2024-04-10 07:00:00,19.48,19.51,18.63,18.63,10029200,PVD
2024-04-11 07:00:00,18.51,18.89,18.39,18.72,5663500,PVD
2024-04-12 07:00:00,18.8,19.22,18.66,19.22,3333100,PVD
2024-04-15 07:00:00,19.48,19.6,17.9,17.9,13390100,PVD
2024-04-16 07:00:00,17.95,18.1,17.31,18.04,9195100,PVD
2024-04-17 07:00:00,18.16,18.16,17.19,17.19,4591700,PVD
2024-04-19 07:00:00,17.05,17.75,16.87,17.16,7167600,PVD
2024-04-22 07:00:00,17.31,17.43,17.08,17.34,3089200,PVD
2024-04-23 07:00:00,17.4,17.4,16.73,17.05,5208000,PVD
2024-04-24 07:00:00,17.11,17.72,17.08,17.69,4396500,PVD
2024-04-25 07:00:00,17.57,17.72,17.31,17.52,2602300,PVD
2024-04-26 07:00:00,17.28,17.66,17.28,17.43,3120200,PVD
2024-05-02 07:00:00,17.43,17.52,17.02,17.31,2762300,PVD
2024-05-03 07:00:00,17.4,17.69,17.34,17.46,3730000,PVD
2024-05-06 07:00:00,17.69,18.01,17.52,17.93,4149600,PVD
2024-05-07 07:00:00,18.04,18.04,17.81,17.9,2860500,PVD
2024-05-08 07:00:00,17.9,18.98,17.69,18.51,9617700,PVD
2024-05-09 07:00:00,18.54,18.63,18.22,18.57,3498700,PVD
2024-05-10 07:00:00,18.45,19.07,18.22,18.83,7192200,PVD
2024-05-13 07:00:00,18.92,18.98,18.57,18.8,4038700,PVD
2024-05-14 07:00:00,18.83,18.86,18.51,18.69,2490900,PVD
2024-05-15 07:00:00,18.72,18.98,18.6,18.69,4134600,PVD
2024-05-16 07:00:00,18.83,19.3,18.72,19.1,10103000,PVD
2024-05-17 07:00:00,19.22,19.51,19.07,19.1,6441000,PVD
2024-05-20 07:00:00,19.22,19.33,18.92,18.95,5790400,PVD
2024-05-21 07:00:00,18.95,19.27,18.83,19.27,5570600,PVD
2024-05-22 07:00:00,19.45,19.6,18.98,19.04,6518300,PVD
2024-05-23 07:00:00,19.1,19.48,18.92,19.33,5996900,PVD
2024-05-24 07:00:00,19.16,19.86,18.22,18.57,11273600,PVD
2024-05-27 07:00:00,18.75,18.75,18.39,18.72,3728300,PVD
2024-05-28 07:00:00,18.86,18.95,18.6,18.8,4676100,PVD
2024-05-29 07:00:00,18.86,18.95,18.34,18.54,5738800,PVD
2024-05-30 07:00:00,18.39,18.75,18.04,18.75,6355400,PVD
2024-05-31 07:00:00,18.72,18.75,18.45,18.54,2664300,PVD
2024-06-03 07:00:00,18.69,18.92,18.57,18.92,5585400,PVD
2024-06-04 07:00:00,18.98,19.22,18.86,18.89,7653800,PVD
2024-06-05 07:00:00,18.89,19.1,18.57,18.57,4915000,PVD
2024-06-06 07:00:00,18.66,18.83,18.39,18.63,3585400,PVD
2024-06-07 07:00:00,18.69,18.83,18.54,18.57,3210200,PVD
2024-06-10 07:00:00,18.63,18.98,18.54,18.63,4982700,PVD
2024-06-11 07:00:00,18.86,18.92,18.66,18.8,4732800,PVD
2024-06-12 07:00:00,18.95,19.22,18.92,19.01,4996700,PVD
2024-06-13 07:00:00,19.22,19.22,18.86,18.86,3620800,PVD
2024-06-14 07:00:00,18.95,19.01,18.28,18.28,6359700,PVD
2024-06-17 07:00:00,18.42,18.45,18.16,18.19,4326700,PVD
2024-06-18 07:00:00,18.51,18.51,18.31,18.39,2455700,PVD
2024-06-19 07:00:00,18.51,18.51,18.28,18.42,2338100,PVD
2024-06-20 07:00:00,18.48,18.6,18.25,18.36,2079600,PVD
2024-06-21 07:00:00,18.51,18.54,18.22,18.42,2965100,PVD
2024-06-24 07:00:00,18.39,18.39,17.34,17.34,6942600,PVD
2024-06-25 07:00:00,17.4,17.57,17.28,17.52,2857400,PVD
2024-06-26 07:00:00,17.46,17.52,17.11,17.43,2898800,PVD
2024-06-27 07:00:00,17.46,17.46,17.28,17.43,1257800,PVD
2024-06-28 07:00:00,17.46,17.52,16.87,16.87,4460600,PVD
2024-07-01 07:00:00,16.96,17.22,16.84,17.22,1770100,PVD
2024-07-02 07:00:00,17.31,17.49,17.19,17.43,2334100,PVD
2024-07-03 07:00:00,17.46,17.63,17.34,17.57,1750100,PVD
2024-07-04 07:00:00,17.55,17.72,17.37,17.52,1826000,PVD
2024-07-05 07:00:00,17.52,17.6,17.34,17.52,1484200,PVD
2024-07-08 07:00:00,17.57,17.95,17.52,17.75,4669600,PVD
2024-07-09 07:00:00,17.81,18.01,17.66,17.9,2909600,PVD
2024-07-10 07:00:00,17.98,17.98,17.57,17.6,2580500,PVD
2024-07-11 07:00:00,17.66,17.75,17.46,17.46,1899100,PVD
2024-07-12 07:00:00,17.57,17.6,17.4,17.49,1797300,PVD
2024-07-15 07:00:00,17.52,17.57,17.34,17.43,2358000,PVD
2024-07-16 07:00:00,17.49,17.52,17.31,17.4,2326600,PVD
2024-07-17 07:00:00,17.4,17.4,16.34,16.7,5150800,PVD
2024-07-18 07:00:00,16.87,16.9,16.34,16.84,3569300,PVD
2024-07-19 07:00:00,16.84,16.87,16.4,16.43,2604100,PVD
2024-07-22 07:00:00,16.43,16.43,15.9,15.99,4951500,PVD
2024-07-23 07:00:00,16.05,16.4,16.05,16.08,3265600,PVD
2024-07-24 07:00:00,16.08,16.34,15.82,16.17,3613400,PVD
2024-07-25 07:00:00,16.11,16.26,15.93,16.23,1355300,PVD
2024-07-26 07:00:00,16.34,16.4,16.2,16.37,2440600,PVD
2024-07-29 07:00:00,16.46,16.49,16.08,16.26,2071400,PVD
2024-07-30 07:00:00,16.23,16.32,15.99,16.05,1799300,PVD
2024-07-31 07:00:00,16.11,16.52,16.08,16.23,2273200,PVD
2024-08-01 07:00:00,16.34,16.75,16.05,16.32,6717300,PVD
2024-08-02 07:00:00,16.23,16.93,15.79,16.34,3881200,PVD
2024-08-05 07:00:00,16.11,16.23,15.2,15.2,7587600,PVD
2024-08-06 07:00:00,15.46,15.5,14.76,15.44,4473700,PVD
2024-08-07 07:00:00,15.46,15.55,15.11,15.55,3229700,PVD
2024-08-08 07:00:00,15.52,15.52,15.11,15.32,3527400,PVD
2024-08-09 07:00:00,15.44,15.58,15.2,15.58,3706100,PVD
2024-08-12 07:00:00,15.7,15.76,15.52,15.73,1810500,PVD
2024-08-13 07:00:00,15.76,15.99,15.58,15.67,2574800,PVD
2024-08-14 07:00:00,15.79,15.79,15.32,15.64,2942200,PVD
2024-08-15 07:00:00,15.58,15.58,15.29,15.46,2648200,PVD
2024-08-16 07:00:00,15.58,15.99,15.5,15.93,4909200,PVD
2024-08-19 07:00:00,15.99,16.17,15.96,16.05,3404000,PVD
2024-08-20 07:00:00,15.99,16.23,15.88,16.2,4395700,PVD
2024-08-21 07:00:00,16.32,16.55,16.29,16.4,4878900,PVD
2024-08-22 07:00:00,16.49,16.49,16.17,16.29,4174000,PVD
2024-08-23 07:00:00,16.14,16.34,16.14,16.34,2481000,PVD
2024-08-26 07:00:00,16.67,16.67,16.08,16.17,5283600,PVD
2024-08-27 07:00:00,16.23,16.26,16.05,16.05,2891500,PVD
2024-08-28 07:00:00,16.11,16.26,16.02,16.17,2568900,PVD
2024-08-29 07:00:00,16.17,16.23,15.96,15.99,2919600,PVD
2024-08-30 07:00:00,16.11,16.11,15.96,16.08,1761700,PVD
2024-09-04 07:00:00,15.79,15.88,15.61,15.64,4934600,PVD
2024-09-05 07:00:00,15.67,15.79,15.29,15.38,2901900,PVD
2024-09-06 07:00:00,15.46,15.67,15.29,15.58,3236900,PVD
2024-09-09 07:00:00,15.52,15.88,15.5,15.7,2385600,PVD
2024-09-10 07:00:00,15.82,15.82,15.41,15.61,2353200,PVD
2024-09-11 07:00:00,15.38,15.52,15.29,15.46,2888200,PVD
2024-09-12 07:00:00,15.64,15.64,15.32,15.46,1598000,PVD
2024-09-13 07:00:00,15.55,15.55,15.17,15.23,3328900,PVD
2024-09-16 07:00:00,15.23,15.41,14.7,14.88,3597500,PVD
2024-09-17 07:00:00,14.97,14.97,14.68,14.88,3697600,PVD
2024-09-18 07:00:00,15.0,15.26,15.0,15.0,3050000,PVD
2024-09-19 07:00:00,15.08,15.2,15.0,15.08,2155700,PVD
2024-09-20 07:00:00,15.17,15.88,15.17,15.85,11017100,PVD
2024-09-23 07:00:00,15.9,15.93,15.7,15.73,2838300,PVD
2024-09-24 07:00:00,15.76,16.14,15.7,16.14,6765900,PVD
2024-09-25 07:00:00,16.23,16.23,16.05,16.17,4968300,PVD
2024-09-26 07:00:00,16.17,16.4,15.9,16.23,5720100,PVD
2024-09-27 07:00:00,16.08,16.11,15.9,15.96,3876100,PVD
2024-09-30 07:00:00,16.08,16.26,15.93,16.23,4697100,PVD
2024-10-01 07:00:00,16.26,16.32,16.05,16.05,4242900,PVD
2024-10-02 07:00:00,16.26,16.32,16.14,16.14,3877700,PVD
2024-10-03 07:00:00,16.23,16.29,15.76,15.96,4894500,PVD
2024-10-04 07:00:00,16.05,16.46,15.99,16.23,9041100,PVD
2024-10-07 07:00:00,16.4,16.52,16.23,16.37,2876900,PVD
2024-10-08 07:00:00,16.52,16.73,16.29,16.43,6923000,PVD
2024-10-09 07:00:00,16.4,16.4,16.08,16.23,4810900,PVD
2024-10-10 07:00:00,16.23,16.29,15.99,16.02,4092700,PVD
2024-10-11 07:00:00,16.17,16.26,16.02,16.14,2490400,PVD
2024-10-14 07:00:00,16.14,16.17,15.88,15.88,3957600,PVD
2024-10-15 07:00:00,15.85,15.9,15.29,15.58,7649300,PVD
2024-10-16 07:00:00,15.55,15.61,15.38,15.41,1705000,PVD
2024-10-17 07:00:00,15.46,15.55,15.14,15.55,3417100,PVD
2024-10-18 07:00:00,15.58,15.61,15.38,15.38,2185600,PVD
2024-10-21 07:00:00,15.32,15.38,15.11,15.11,3072500,PVD
2024-10-22 07:00:00,15.14,15.2,14.94,15.0,2652300,PVD
2024-10-23 07:00:00,15.17,15.23,14.97,15.14,1866600,PVD
2024-10-24 07:00:00,15.2,15.41,15.17,15.17,2752200,PVD
2024-10-25 07:00:00,15.32,15.32,15.0,15.03,2771800,PVD
2024-10-28 07:00:00,14.88,15.32,14.88,15.11,2076400,PVD
2024-10-29 07:00:00,15.17,15.23,15.06,15.08,1947600,PVD
2024-10-30 07:00:00,15.11,15.23,15.0,15.0,3256700,PVD
2024-10-31 07:00:00,15.14,15.17,15.0,15.03,1937300,PVD
2024-11-01 07:00:00,15.06,15.32,14.97,15.08,2817100,PVD
2024-11-04 07:00:00,15.17,15.17,14.7,14.76,3248000,PVD
2024-11-05 07:00:00,14.82,14.88,14.7,14.73,1978600,PVD
2024-11-06 07:00:00,14.94,14.94,14.7,14.85,2881100,PVD
2024-11-07 07:00:00,14.91,15.08,14.88,14.94,2454600,PVD
2024-11-08 07:00:00,15.06,15.2,14.88,14.94,3602600,PVD
2024-11-11 07:00:00,14.97,15.03,14.7,14.85,2404600,PVD
2024-11-12 07:00:00,14.88,14.91,14.12,14.18,9291000,PVD
2024-11-13 07:00:00,14.18,14.18,13.59,13.94,8253400,PVD
2024-11-14 07:00:00,13.88,13.91,13.59,13.59,2559800,PVD
2024-11-15 07:00:00,13.53,13.8,13.47,13.59,4622500,PVD
2024-11-18 07:00:00,13.59,13.8,13.47,13.71,2171800,PVD
2024-11-19 07:00:00,13.85,13.88,13.53,13.53,2323700,PVD
2024-11-20 07:00:00,13.59,13.77,13.21,13.59,3635000,PVD
2024-11-21 07:00:00,13.65,13.91,13.56,13.82,3000000,PVD
2024-11-22 07:00:00,13.77,14.03,13.77,13.8,2749600,PVD
2024-11-25 07:00:00,13.88,14.03,13.77,14.0,2507000,PVD
2024-11-26 07:00:00,13.85,14.03,13.77,13.97,2525300,PVD
2024-11-27 07:00:00,13.91,13.94,13.77,13.77,2135700,PVD
2024-11-28 07:00:00,13.88,14.06,13.74,13.82,2898100,PVD
2024-11-29 07:00:00,13.91,13.91,13.77,13.88,2020800,PVD
2024-12-02 07:00:00,13.94,13.94,13.71,13.8,2601800,PVD
2024-12-03 07:00:00,13.82,13.82,13.62,13.62,2670700,PVD
2024-12-04 07:00:00,13.71,13.82,13.53,13.56,2536100,PVD
2024-12-05 07:00:00,13.56,13.94,13.47,13.94,3564600,PVD
2024-12-06 07:00:00,14.03,14.24,13.97,14.06,3628700,PVD
2024-12-09 07:00:00,14.06,14.18,14.06,14.12,1810000,PVD
2024-12-10 07:00:00,14.18,14.18,13.94,14.0,2622900,PVD
2024-12-11 07:00:00,14.0,14.09,13.88,13.91,1796300,PVD
2024-12-12 07:00:00,13.97,14.12,13.94,14.03,2114800,PVD
2024-12-13 07:00:00,13.65,14.0,13.65,13.82,1570900,PVD
2024-12-16 07:00:00,13.82,14.06,13.82,14.0,2224600,PVD
2024-12-17 07:00:00,14.0,14.03,13.68,13.74,3156800,PVD
2024-12-18 07:00:00,13.74,14.26,13.71,14.15,3391600,PVD
2024-12-19 07:00:00,13.94,14.29,13.85,14.18,4597500,PVD
2024-12-20 07:00:00,14.18,14.18,13.97,14.0,2328700,PVD
2024-12-23 07:00:00,14.06,14.18,13.88,13.88,2342600,PVD
2024-12-24 07:00:00,13.88,13.94,13.74,13.82,2630000,PVD
2024-12-25 07:00:00,13.91,14.18,13.91,14.03,3549400,PVD
2024-12-26 07:00:00,14.12,14.35,14.09,14.09,3791000,PVD
2024-12-27 07:00:00,14.15,14.18,13.85,14.12,3087900,PVD
2024-12-30 07:00:00,14.12,14.12,13.82,13.88,2306200,PVD
2024-12-31 07:00:00,13.91,14.0,13.71,13.71,2082600,PVD
2025-01-02 07:00:00,13.77,13.85,13.71,13.74,1618100,PVD
2025-01-03 07:00:00,13.85,14.0,13.71,13.77,3512100,PVD
2025-01-06 07:00:00,13.85,13.94,13.42,13.44,3178300,PVD
2025-01-07 07:00:00,13.47,13.56,12.86,12.98,5499300,PVD
2025-01-08 07:00:00,12.98,13.12,12.71,12.98,3840400,PVD
2025-01-09 07:00:00,13.0,13.15,12.98,12.98,2175200,PVD
2025-01-10 07:00:00,13.0,13.36,12.95,12.98,3918200,PVD
2025-01-13 07:00:00,13.15,13.39,13.15,13.33,2567300,PVD
2025-01-14 07:00:00,13.39,13.42,13.09,13.12,1912900,PVD
2025-01-15 07:00:00,13.12,13.21,12.95,13.12,2454600,PVD
2025-01-16 07:00:00,13.3,13.42,13.09,13.21,2036700,PVD
2025-01-17 07:00:00,13.27,13.65,13.15,13.65,4046100,PVD
2025-01-20 07:00:00,13.65,13.82,13.59,13.74,2718000,PVD
2025-01-21 07:00:00,13.74,13.88,13.56,13.77,4150400,PVD
2025-01-22 07:00:00,13.77,13.82,13.53,13.56,2401200,PVD
2025-01-23 07:00:00,13.53,13.82,13.53,13.8,2008400,PVD
2025-01-24 07:00:00,13.8,13.82,13.62,13.82,2188800,PVD
2025-02-03 07:00:00,13.77,13.77,13.44,13.71,3914700,PVD
2025-02-04 07:00:00,13.71,13.82,13.62,13.82,2540300,PVD
2025-02-05 07:00:00,13.91,14.12,13.85,13.85,4008000,PVD
2025-02-06 07:00:00,13.85,14.06,13.82,13.91,3263400,PVD
2025-02-07 07:00:00,13.91,13.97,13.74,13.85,2017400,PVD
2025-02-10 07:00:00,13.85,13.88,13.65,13.71,2437000,PVD
2025-02-11 07:00:00,13.8,13.82,13.56,13.62,2310100,PVD
2025-02-12 07:00:00,13.74,13.82,13.62,13.74,2311600,PVD
2025-02-13 07:00:00,13.74,13.8,13.62,13.77,1799700,PVD
2025-02-14 07:00:00,13.82,14.44,13.8,14.21,11694600,PVD
2025-02-17 07:00:00,14.21,14.41,14.09,14.26,5677000,PVD
2025-02-18 07:00:00,14.32,14.41,14.24,14.29,3736300,PVD
2025-02-19 07:00:00,14.38,14.38,14.24,14.35,4571800,PVD
2025-02-20 07:00:00,14.38,14.53,14.21,14.26,4492300,PVD
2025-02-21 07:00:00,14.26,14.29,14.09,14.12,3416600,PVD
2025-02-24 07:00:00,14.12,14.41,14.06,14.41,4061300,PVD
2025-02-25 07:00:00,14.5,14.59,14.35,14.41,4015000,PVD
2025-02-26 07:00:00,14.44,14.44,14.21,14.21,3150000,PVD
2025-02-27 07:00:00,14.21,14.38,14.06,14.38,4265900,PVD
2025-02-28 07:00:00,14.59,14.76,14.47,14.5,7419600,PVD
2025-03-03 07:00:00,14.5,14.62,14.41,14.41,4120700,PVD
2025-03-04 07:00:00,14.38,14.5,14.21,14.26,3335600,PVD
2025-03-05 07:00:00,14.32,14.32,13.97,13.97,4501000,PVD
2025-03-06 07:00:00,13.97,14.0,13.77,13.88,5255200,PVD
2025-03-07 07:00:00,14.0,14.06,13.88,13.88,2771900,PVD
2025-03-10 07:00:00,13.88,14.06,13.85,13.97,3689700,PVD
2025-03-11 07:00:00,13.88,13.97,13.68,13.85,2907900,PVD
2025-03-12 07:00:00,13.88,14.09,13.8,13.88,4267800,PVD
2025-03-13 07:00:00,13.94,13.94,13.71,13.77,3317700,PVD
2025-03-14 07:00:00,13.71,13.77,13.47,13.5,6444500,PVD
2025-03-17 07:00:00,13.56,13.77,13.47,13.5,3668100,PVD
2025-03-18 07:00:00,13.59,13.94,13.53,13.74,5765100,PVD
2025-03-19 07:00:00,13.74,13.74,13.56,13.59,2463600,PVD
2025-03-20 07:00:00,13.59,13.74,13.47,13.62,2637100,PVD
2025-03-21 07:00:00,13.71,13.85,13.53,13.62,2601200,PVD
2025-03-24 07:00:00,13.59,13.62,13.3,13.36,5211000,PVD
2025-03-25 07:00:00,13.47,13.47,13.36,13.39,2602000,PVD
2025-03-26 07:00:00,13.47,13.68,13.39,13.44,3926000,PVD
2025-03-27 07:00:00,13.44,13.56,13.33,13.36,1737000,PVD
2025-03-28 07:00:00,13.42,13.5,13.18,13.18,3419200,PVD
2025-03-31 07:00:00,12.95,13.12,12.8,12.89,4898800,PVD
2025-04-01 07:00:00,13.0,13.24,12.89,13.0,2567700,PVD
2025-04-02 07:00:00,13.06,13.18,12.92,12.95,1803700,PVD
2025-04-03 07:00:00,12.48,12.48,12.07,12.07,5336800,PVD
2025-04-04 07:00:00,11.25,11.36,11.25,11.25,9631900,PVD
2025-04-08 07:00:00,10.49,10.72,10.49,10.49,3052800,PVD
2025-04-09 07:00:00,9.75,10.16,9.75,9.75,6222900,PVD
2025-04-10 07:00:00,10.43,10.43,10.43,10.43,1286000,PVD
2025-04-11 07:00:00,10.43,10.57,10.05,10.54,9241300,PVD
2025-04-14 07:00:00,10.6,11.13,10.54,11.07,5893800,PVD
2025-04-15 07:00:00,11.04,11.04,10.31,10.31,7232100,PVD
2025-04-16 07:00:00,10.31,10.6,9.96,10.4,5525100,PVD
2025-04-17 07:00:00,10.25,10.46,10.14,10.43,3175000,PVD
2025-04-18 07:00:00,10.63,10.69,10.49,10.52,4213200,PVD
2025-04-21 07:00:00,10.9,10.9,10.31,10.43,4246900,PVD
2025-04-22 07:00:00,10.4,10.4,9.72,9.9,10032600,PVD
2025-04-23 07:00:00,10.14,10.28,9.99,10.25,3625500,PVD
2025-04-24 07:00:00,10.31,10.66,10.28,10.43,5198500,PVD
2025-04-25 07:00:00,10.49,10.6,10.34,10.4,4633300,PVD
2025-04-28 07:00:00,10.49,10.6,10.37,10.4,2774600,PVD
2025-04-29 07:00:00,10.43,10.43,10.22,10.25,2850400,PVD
2025-05-05 07:00:00,10.25,10.34,9.84,10.34,5047100,PVD
2025-05-06 07:00:00,10.4,10.84,10.4,10.57,7367300,PVD
2025-05-07 07:00:00,10.66,10.9,10.57,10.69,6375600,PVD
2025-05-08 07:00:00,10.75,11.07,10.57,10.81,8213000,PVD
2025-05-09 07:00:00,10.96,10.96,10.69,10.72,4038200,PVD
2025-05-12 07:00:00,10.81,11.01,10.72,11.01,5592700,PVD
2025-05-13 07:00:00,11.31,11.31,10.96,10.98,5713200,PVD
2025-05-14 07:00:00,11.04,11.16,10.96,11.04,5059300,PVD
2025-05-15 07:00:00,11.13,11.16,10.9,11.1,4858900,PVD
2025-05-16 07:00:00,11.07,11.19,10.96,10.96,3477500,PVD
2025-05-19 07:00:00,10.92,11.04,10.78,10.81,4217900,PVD
2025-05-20 07:00:00,10.81,10.9,10.72,10.81,3149400,PVD
2025-05-21 07:00:00,10.87,10.9,10.63,10.75,4940800,PVD
2025-05-22 07:00:00,10.43,10.69,10.43,10.6,8981300,PVD
2025-05-23 07:00:00,10.63,10.66,10.52,10.54,2225400,PVD
2025-05-26 07:00:00,10.6,10.9,10.37,10.87,6291200,PVD
2025-05-27 07:00:00,10.9,11.07,10.87,11.07,7407200,PVD
2025-05-28 07:00:00,11.25,11.54,11.16,11.19,11254400,PVD
2025-05-29 07:00:00,11.31,11.36,11.01,11.01,5073600,PVD
2025-05-30 07:00:00,11.01,11.01,10.75,10.75,7022000,PVD
2025-06-02 07:00:00,10.92,11.31,10.72,11.22,8343100,PVD
2025-06-03 07:00:00,11.36,11.45,11.16,11.19,9065100,PVD
2025-06-04 07:00:00,11.28,11.57,11.25,11.36,12801300,PVD
2025-06-05 07:00:00,11.39,11.54,11.16,11.36,6217200,PVD
2025-06-06 07:00:00,11.36,11.83,11.36,11.42,14087000,PVD
2025-06-09 07:00:00,11.48,11.51,11.19,11.22,6073300,PVD
2025-06-10 07:00:00,11.34,11.34,11.07,11.13,5599800,PVD
2025-06-11 07:00:00,11.22,11.22,11.01,11.13,3961900,PVD
2025-06-12 07:00:00,11.42,11.6,11.31,11.34,11124800,PVD
2025-06-13 07:00:00,11.8,12.01,11.72,11.98,22474000,PVD
2025-06-16 07:00:00,12.6,12.8,12.51,12.8,20379100,PVD
2025-06-17 07:00:00,12.8,12.8,12.24,12.48,16905700,PVD
2025-06-18 07:00:00,12.74,12.8,12.45,12.51,10287900,PVD
2025-06-19 07:00:00,12.54,12.6,12.21,12.48,7840600,PVD
2025-06-20 07:00:00,12.6,12.65,12.24,12.33,6759000,PVD
2025-06-23 07:00:00,13.0,13.0,12.71,12.71,13361100,PVD
2025-06-24 07:00:00,12.01,12.21,11.89,11.98,16768200,PVD
2025-06-25 07:00:00,11.95,12.04,11.74,11.8,6713800,PVD
2025-06-26 07:00:00,11.8,11.86,11.63,11.72,5722100,PVD
2025-06-27 07:00:00,11.74,11.8,11.57,11.6,4635900,PVD
2025-06-30 07:00:00,11.69,11.83,11.51,11.74,5355000,PVD
2025-07-01 07:00:00,11.83,11.83,11.57,11.57,4925700,PVD
2025-07-02 07:00:00,11.6,11.66,11.54,11.57,4165500,PVD
2025-07-03 07:00:00,11.69,11.8,11.57,11.66,4220000,PVD
2025-07-04 07:00:00,11.72,11.86,11.69,11.8,4980100,PVD
2025-07-07 07:00:00,11.83,11.86,11.72,11.72,5089100,PVD
2025-07-08 07:00:00,11.8,11.92,11.78,11.92,6773800,PVD
2025-07-09 07:00:00,11.95,12.07,11.86,11.95,7313600,PVD
2025-07-10 07:00:00,12.01,12.24,11.86,12.13,8529700,PVD
2025-07-11 07:00:00,12.13,12.16,11.89,11.95,5693100,PVD
2025-07-14 07:00:00,12.07,12.1,11.89,12.01,4660600,PVD
2025-07-15 07:00:00,12.01,12.24,11.95,11.95,7967600,PVD
2025-07-16 07:00:00,11.92,11.98,11.89,11.95,4852100,PVD
2025-07-17 07:00:00,12.01,12.16,11.92,11.95,8881500,PVD
2025-07-18 07:00:00,12.1,12.36,11.98,12.21,14312900,PVD
2025-07-21 07:00:00,12.36,12.42,12.04,12.07,6056700,PVD
2025-07-22 07:00:00,12.04,12.13,11.95,12.01,5557400,PVD
2025-07-23 07:00:00,12.13,12.36,12.01,12.24,11777200,PVD
2025-07-24 07:00:00,12.3,12.48,12.3,12.45,9939400,PVD
2025-07-25 07:00:00,12.54,12.65,12.36,12.36,8947200,PVD
2025-07-28 07:00:00,12.54,12.57,12.33,12.57,10030800,PVD
2025-07-29 07:00:00,12.83,13.0,12.42,12.42,20015800,PVD
2025-07-30 07:00:00,12.74,12.74,12.36,12.39,6530300,PVD
2025-07-31 07:00:00,12.71,12.74,12.33,12.39,9117500,PVD
2025-08-01 07:00:00,12.45,12.71,12.45,12.48,7837600,PVD
2025-08-04 07:00:00,12.42,12.54,12.3,12.36,6901800,PVD
2025-08-05 07:00:00,12.45,12.6,12.18,12.27,12625200,PVD
2025-08-06 07:00:00,12.24,12.77,12.24,12.6,10741400,PVD
2025-08-07 07:00:00,12.68,12.77,12.51,12.6,6320300,PVD
2025-08-08 07:00:00,12.68,13.47,12.68,13.47,31358600,PVD
2025-08-11 07:00:00,13.77,13.94,13.42,13.47,11632500,PVD
2025-08-12 07:00:00,13.56,13.71,13.27,13.47,13624100,PVD
2025-08-13 07:00:00,13.5,13.53,13.03,13.33,15983900,PVD
2025-08-14 07:00:00,13.36,13.44,13.15,13.42,9514400,PVD
2025-08-15 07:00:00,13.53,13.91,13.33,13.33,15637700,PVD
2025-08-18 07:00:00,13.47,13.65,13.3,13.39,6766200,PVD
2025-08-19 07:00:00,13.56,13.85,13.44,13.44,8925000,PVD
2025-08-20 07:00:00,13.47,13.47,12.65,13.0,12728300,PVD
2025-08-21 07:00:00,13.18,13.18,12.8,12.8,7886400,PVD
2025-08-22 07:00:00,12.68,13.12,12.42,12.45,8883400,PVD
2025-08-25 07:00:00,12.54,12.62,12.13,12.16,5730200,PVD
2025-08-26 07:00:00,12.3,12.57,12.21,12.54,3205400,PVD
2025-08-27 07:00:00,12.6,12.77,12.42,12.54,6101100,PVD
2025-08-28 07:00:00,12.6,12.65,12.45,12.6,2185000,PVD
2025-08-29 07:00:00,12.65,12.71,12.48,12.48,4274900,PVD
2025-09-03 07:00:00,12.65,13.03,12.62,12.89,6582700,PVD
2025-09-04 07:00:00,13.06,13.3,12.98,13.15,8385700,PVD
2025-09-05 07:00:00,13.24,13.77,13.12,13.27,16992300,PVD
2025-09-08 07:00:00,13.3,13.65,13.0,13.0,10013400,PVD
2025-09-09 07:00:00,13.21,13.24,12.77,12.98,4467400,PVD
2025-09-10 07:00:00,13.09,13.42,13.03,13.3,6347200,PVD
2025-09-11 07:00:00,13.36,13.71,13.24,13.39,11681300,PVD
2025-09-12 07:00:00,13.44,14.18,13.27,14.0,21699100,PVD
2025-09-15 07:00:00,14.26,14.26,13.88,13.97,8797600,PVD
2025-09-16 07:00:00,14.06,14.35,13.85,13.97,12722600,PVD
2025-09-17 07:00:00,14.12,14.18,13.77,13.77,8722500,PVD
2025-09-18 07:00:00,13.71,13.8,13.39,13.47,7739600,PVD
2025-09-19 07:00:00,13.53,13.68,13.33,13.33,3918800,PVD
2025-09-22 07:00:00,13.3,13.39,12.92,12.92,9586300,PVD
2025-09-23 07:00:00,13.09,13.24,13.0,13.18,3192600,PVD
2025-09-24 07:00:00,13.21,13.39,13.15,13.33,3815400,PVD
2025-09-25 07:00:00,13.44,13.59,13.42,13.47,4782600,PVD
2025-09-26 07:00:00,13.53,13.59,13.24,13.27,4849400,PVD
2025-09-29 07:00:00,13.36,13.5,13.18,13.27,3724800,PVD
2025-09-30 07:00:00,13.45,13.45,12.94,13.21,4406400,PVD
2025-10-01 07:00:00,13.24,13.24,12.97,13.03,3364400,PVD
2025-10-02 07:00:00,13.06,13.09,12.79,12.85,3448600,PVD
2025-10-03 07:00:00,12.7,12.82,12.4,12.46,4952000,PVD
2025-10-06 07:00:00,12.58,12.82,12.49,12.82,2802500,PVD
2025-10-07 07:00:00,12.91,12.97,12.58,12.61,3020400,PVD
2025-10-08 07:00:00,12.85,12.88,12.58,12.79,2885700,PVD
2025-10-09 07:00:00,12.82,13.24,12.73,13.09,3997700,PVD
2025-10-10 07:00:00,13.09,13.15,12.91,12.94,3537900,PVD
2025-10-13 07:00:00,12.64,12.76,12.46,12.64,5828900,PVD
2025-10-14 07:00:00,13.06,13.06,12.46,12.46,4372600,PVD
2025-10-15 07:00:00,12.49,12.58,12.25,12.28,4688100,PVD
2025-10-16 07:00:00,12.34,12.49,12.22,12.28,4585100,PVD
2025-10-17 07:00:00,12.22,12.37,11.98,11.98,5699800,PVD
2025-10-20 07:00:00,12.04,12.19,11.26,11.32,5925100,PVD
2025-10-21 07:00:00,11.38,12.1,11.38,11.8,5771000,PVD
2025-10-22 07:00:00,11.86,12.07,11.77,11.86,3192100,PVD
2025-10-23 07:00:00,12.22,12.25,12.01,12.04,2232200,PVD
2025-10-24 07:00:00,12.37,12.46,12.01,12.07,4276500,PVD
2025-10-27 07:00:00,12.16,12.22,11.92,12.01,2371400,PVD
2025-10-28 07:00:00,12.01,12.13,11.86,12.07,2503300,PVD
2025-10-29 07:00:00,12.16,12.4,12.1,12.25,3295500,PVD
2025-10-30 07:00:00,12.28,12.4,12.1,12.13,2621000,PVD
2025-10-31 07:00:00,12.4,12.97,12.22,12.97,12775900,PVD
2025-11-03 07:00:00,13.51,13.69,13.12,13.27,15946200,PVD
2025-11-04 07:00:00,13.24,13.96,12.76,13.72,17022000,PVD
2025-11-05 07:00:00,13.72,14.68,13.6,14.53,32482600,PVD
2025-11-06 07:00:00,14.53,14.98,14.26,14.8,12743300,PVD
2025-11-07 07:00:00,14.77,15.4,14.53,14.8,19956500,PVD
2025-11-10 07:00:00,15.24,15.28,14.56,14.8,17161700,PVD
2025-11-11 07:00:00,14.86,14.92,14.2,14.68,8490400,PVD
2025-11-12 07:00:00,14.68,14.92,14.44,14.65,6848000,PVD
2025-11-13 07:00:00,14.65,15.66,14.38,15.66,31041700,PVD
2025-11-14 07:00:00,15.76,16.35,15.72,15.99,14954500,PVD
2025-11-17 07:00:00,15.87,16.35,15.76,15.99,7465300,PVD
2025-11-18 07:00:00,15.96,16.14,15.64,15.66,7405100,PVD
2025-11-19 07:00:00,15.66,16.11,15.58,15.6,7369300,PVD
2025-11-20 07:00:00,15.6,15.87,15.42,15.6,5273100,PVD
2025-11-21 07:00:00,15.46,15.64,14.83,15.42,10963200,PVD
2025-11-24 07:00:00,15.4,15.54,15.13,15.42,4303100,PVD
2025-11-25 07:00:00,15.36,15.99,15.07,15.4,9447500,PVD
2025-11-26 07:00:00,15.46,15.78,15.3,15.66,5148800,PVD
2025-11-27 07:00:00,15.81,16.11,15.48,15.52,10261600,PVD
2025-11-28 07:00:00,15.54,16.35,15.54,15.99,11724600,PVD
2025-12-01 07:00:00,16.17,16.17,15.58,15.58,5314400,PVD
2025-12-02 07:00:00,15.52,15.84,15.42,15.81,4833800,PVD
2025-12-03 07:00:00,16.05,16.11,15.58,15.6,4107800,PVD
2025-12-04 07:00:00,15.64,16.17,15.6,15.9,6656600,PVD
2025-12-05 07:00:00,15.87,15.9,15.6,15.6,4721700,PVD
2025-12-08 07:00:00,15.6,15.66,15.1,15.48,7863500,PVD
2025-12-09 07:00:00,15.42,15.42,14.62,14.65,10040700,PVD
2025-12-10 07:00:00,14.65,14.98,14.38,14.77,5114200,PVD
2025-12-11 07:00:00,14.95,15.04,14.77,14.8,3487000,PVD
2025-12-12 07:00:00,14.8,14.95,14.14,14.14,6824800,PVD
2025-12-15 07:00:00,14.14,14.5,14.11,14.5,4572400,PVD
2025-12-16 07:00:00,14.56,15.48,14.23,15.48,9197500,PVD
2025-12-17 07:00:00,15.52,16.56,15.4,16.17,20099900,PVD
2025-12-18 07:00:00,16.14,16.38,15.84,16.23,5658400,PVD
2025-12-19 07:00:00,16.17,16.71,16.17,16.53,10514800,PVD
2025-12-22 07:00:00,16.59,16.77,16.2,16.71,7418300,PVD
2025-12-23 07:00:00,16.71,17.04,16.35,16.44,8067200,PVD
2025-12-24 07:00:00,16.44,16.65,16.23,16.56,5739400,PVD
2025-12-25 07:00:00,16.53,16.74,15.87,15.87,5158900,PVD
2025-12-26 07:00:00,15.84,16.5,15.84,16.38,8528900,PVD
2025-12-29 07:00:00,16.62,17.19,16.44,17.07,10738900,PVD
2025-12-30 07:00:00,17.07,17.13,16.56,17.04,7041900,PVD
2025-12-31 07:00:00,17.01,17.22,16.65,16.98,7985900,PVD
2026-01-05 07:00:00,17.37,17.85,16.89,17.43,12825500,PVD
2026-01-06 07:00:00,17.37,18.09,17.31,17.73,9400200,PVD
2026-01-07 07:00:00,17.58,18.03,17.4,17.97,9708800,PVD
2026-01-08 07:00:00,18.09,18.54,17.64,18.21,17076400,PVD
2026-01-09 07:00:00,18.21,18.69,17.67,17.67,7788200,PVD
2026-01-12 07:00:00,17.67,17.82,16.68,17.01,14566900,PVD
2026-01-13 07:00:00,17.07,18.18,17.04,18.18,13447300,PVD
2026-01-14 07:00:00,18.51,18.87,17.64,17.79,11872800,PVD
2026-01-15 07:00:00,17.64,17.88,17.13,17.4,9502400,PVD
2026-01-16 07:00:00,17.67,17.73,17.31,17.31,7201500,PVD
2026-01-19 07:00:00,17.37,17.79,17.16,17.55,5055100,PVD
2026-01-20 07:00:00,17.64,17.64,17.07,17.07,6388200,PVD
2026-01-21 07:00:00,17.07,17.85,16.89,17.82,7161500,PVD
2026-01-22 07:00:00,17.97,18.09,17.13,17.43,6790800,PVD
2026-01-23 07:00:00,17.55,17.55,16.35,16.53,8017500,PVD
2026-01-26 07:00:00,16.77,17.07,16.14,16.41,10634600,PVD
2026-01-27 07:00:00,16.65,17.55,16.41,17.55,14281000,PVD
2026-01-28 07:00:00,18.18,18.78,17.73,18.27,17317200,PVD
2026-01-29 07:00:00,18.57,18.6,17.7,17.97,6735800,PVD
2026-01-30 07:00:00,18.3,18.99,18.09,18.57,13853100,PVD
2026-02-02 07:00:00,18.54,19.86,18.21,19.86,21425600,PVD
2026-02-03 07:00:00,20.13,20.31,19.77,19.77,11275700,PVD
2026-02-04 07:00:00,19.56,20.16,19.47,20.07,10564900,PVD
2026-02-05 07:00:00,20.16,20.58,19.65,20.1,11011500,PVD
2026-02-06 07:00:00,19.65,20.43,18.75,19.68,14503300,PVD
2026-02-09 07:00:00,19.86,20.37,19.65,20.37,6444700,PVD
2026-02-10 07:00:00,20.4,20.91,18.96,19.44,12323400,PVD
2026-02-11 07:00:00,19.47,19.53,18.96,19.53,7620000,PVD
2026-02-12 07:00:00,19.86,20.31,19.68,19.86,6104400,PVD
2026-02-13 07:00:00,19.8,20.46,19.71,20.46,5603400,PVD
2026-02-23 07:00:00,21.21,21.86,21.0,21.86,10959500,PVD
2026-02-24 07:00:00,22.07,22.37,21.86,22.16,7759800,PVD
2026-02-25 07:00:00,22.28,22.73,21.68,21.92,8069000,PVD
2026-02-26 07:00:00,21.98,22.4,21.39,22.4,9986000,PVD
2026-02-27 07:00:00,22.49,23.66,22.34,23.12,8039300,PVD
2026-03-02 07:00:00,24.74,24.74,24.65,24.74,10585300,PVD
2026-03-03 07:00:00,26.45,26.45,24.26,26.45,19742300,PVD
2026-03-04 07:00:00,26.96,27.26,24.95,26.96,15683700,PVD
2026-03-05 07:00:00,26.54,26.84,25.16,25.31,15787800,PVD
2026-03-06 07:00:00,25.46,25.82,24.86,25.34,10125600,PVD
2026-03-09 07:00:00,27.11,27.11,23.57,23.66,20058300,PVD
2026-03-10 07:00:00,22.58,24.56,22.04,23.69,10656200,PVD
2026-03-11 07:00:00,23.54,24.68,22.76,24.68,5064600,PVD
2026-03-12 07:00:00,25.13,25.13,24.26,24.71,3541900,PVD
2026-03-13 07:00:00,24.56,25.34,23.0,23.96,11034200,PVD
2026-03-16 07:00:00,24.02,24.02,22.28,22.28,9615900,PVD
2026-03-17 07:00:00,21.96,22.4,20.73,20.79,11514800,PVD
2026-03-18 07:00:00,20.58,22.22,20.55,22.22,6348700,PVD
2026-03-19 07:00:00,22.49,22.67,21.27,22.04,4156100,PVD
2026-03-20 07:00:00,21.98,22.04,20.52,20.52,8628300,PVD
2026-03-23 07:00:00,19.53,20.73,19.53,20.55,5832700,PVD
2026-03-24 07:00:00,20.58,20.7,19.41,20.07,5069600,PVD
2026-03-25 07:00:00,20.07,21.09,20.07,20.82,3336600,PVD
2026-03-26 07:00:00,20.79,20.82,19.95,20.79,4219300,PVD
2026-03-27 07:00:00,20.85,21.6,20.82,21.42,5186400,PVD
2026-03-30 07:00:00,22.1,22.13,21.56,21.68,4041300,PVD
2026-03-31 07:00:00,21.84,21.86,20.61,20.85,5738900,PVD
2026-04-01 07:00:00,20.91,21.42,20.55,20.85,4610200,PVD
2026-04-02 07:00:00,20.97,21.39,20.37,20.64,2618800,PVD
2026-04-03 07:00:00,20.97,20.97,20.13,20.13,3726800,PVD
2026-04-06 07:00:00,19.89,20.07,19.29,19.38,4552900,PVD
2026-04-07 07:00:00,19.53,19.65,18.99,19.32,3222100,PVD
2026-04-08 07:00:00,19.62,19.77,19.2,19.74,4670200,PVD
2026-04-09 07:00:00,19.77,19.83,18.9,19.41,4507200,PVD
2026-04-10 07:00:00,19.32,20.64,19.26,20.31,5162900,PVD
2026-04-13 07:00:00,20.4,20.85,20.13,20.43,2748300,PVD
2026-04-14 07:00:00,20.46,20.55,19.89,19.92,2677900,PVD
2026-04-15 07:00:00,19.86,20.07,19.53,19.68,3170500,PVD
2026-04-16 07:00:00,19.68,20.13,19.62,19.71,5827300,PVD
2026-04-17 07:00:00,19.77,20.04,19.68,19.95,2332500,PVD
2026-04-20 07:00:00,20.01,20.13,19.68,19.68,1833000,PVD
2026-04-21 07:00:00,19.68,19.95,19.35,19.47,2838400,PVD
2026-04-22 07:00:00,19.53,19.62,19.08,19.11,2633300,PVD
2026-04-23 07:00:00,19.11,19.32,18.0,18.96,4320600,PVD
2026-04-24 07:00:00,19.11,19.59,18.78,18.81,2700700,PVD
2026-04-28 07:00:00,18.84,18.84,17.67,18.27,5690300,PVD
2026-04-29 07:00:00,17.97,18.72,17.91,18.57,2151900,PVD
2026-05-04 07:00:00,19.17,19.65,18.84,19.02,2965800,PVD
2026-05-05 07:00:00,19.02,19.77,18.6,19.77,5127700,PVD
2026-05-06 07:00:00,19.86,19.95,19.41,19.47,4061600,PVD
2026-05-07 07:00:00,19.44,19.77,18.81,18.93,4438000,PVD
2026-05-08 07:00:00,18.99,19.11,18.39,18.45,3297300,PVD
2026-05-11 07:00:00,18.57,18.9,18.27,18.78,2751000,PVD
2026-05-12 07:00:00,19.11,19.11,18.54,19.08,3195200,PVD
2026-05-13 07:00:00,19.17,20.4,18.93,20.31,10681300,PVD
2026-05-14 07:00:00,20.37,20.49,19.71,19.92,4091200,PVD
2026-05-15 07:00:00,19.68,20.46,19.65,20.19,4020300,PVD
2026-05-18 07:00:00,20.49,21.6,20.46,21.44,12001200,PVD
2026-05-19 07:00:00,21.56,21.6,19.95,19.95,11497100,PVD
2026-05-20 07:00:00,19.65,20.25,18.57,20.01,6675700,PVD
2026-05-21 07:00:00,19.89,19.95,19.05,19.62,4159200,PVD
2026-05-22 07:00:00,19.56,19.56,18.84,18.9,4005400,PVD
2026-05-25 07:00:00,18.57,18.6,17.88,17.97,6027300,PVD
2026-05-26 07:00:00,18.27,18.42,17.97,18.06,2219300,PVD
2026-05-27 07:00:00,18.15,18.36,18.0,18.06,1344100,PVD
2026-05-28 07:00:00,18.09,18.36,17.85,17.97,2752500,PVD
2026-05-29 07:00:00,17.97,18.36,17.76,18.27,2560200,PVD
2026-06-01 07:00:00,18.3,18.48,17.97,17.97,1211400,PVD
2026-06-02 07:00:00,18.15,18.15,17.37,17.52,2088500,PVD
2026-06-03 07:00:00,17.55,17.97,17.49,17.97,1622000,PVD
2026-06-04 07:00:00,18.12,18.84,17.97,18.42,2489200,PVD
2026-06-05 07:00:00,18.42,18.69,18.09,18.39,1714300,PVD
2026-06-08 07:00:00,18.27,18.57,18.21,18.21,1400500,PVD
2026-06-09 07:00:00,18.33,18.33,18.06,18.18,1325300,PVD
2026-06-10 07:00:00,18.18,18.24,18.03,18.03,976500,PVD
2026-06-11 07:00:00,18.21,18.48,18.06,18.06,1186200,PVD
2026-06-12 07:00:00,17.97,18.18,17.82,17.97,1216100,PVD
2026-06-15 07:00:00,17.67,17.7,17.25,17.52,2697600,PVD
2026-06-16 07:00:00,17.55,18.06,17.49,18.06,2057700,PVD
2026-06-17 07:00:00,18.06,18.24,17.67,18.12,1774300,PVD
2026-06-18 07:00:00,18.12,18.78,18.12,18.6,4924400,PVD
2026-06-19 07:00:00,18.57,18.6,18.39,18.6,1375800,PVD
2026-06-22 07:00:00,18.57,19.62,18.57,19.26,5400900,PVD
2026-06-23 07:00:00,19.14,19.26,18.45,18.54,3102200,PVD
2026-06-24 07:00:00,18.81,19.17,18.51,19.14,3712900,PVD
2026-06-25 07:00:00,19.35,19.44,18.9,18.93,2390000,PVD
2026-06-26 07:00:00,19.17,19.35,18.93,18.93,2842600,PVD
2026-06-29 07:00:00,19.14,19.95,19.08,19.56,4536500,PVD
2026-06-30 07:00:00,19.59,19.77,19.29,19.65,3044500,PVD
2026-07-01 07:00:00,19.86,20.19,19.77,20.04,3958800,PVD
2026-07-02 07:00:00,19.98,20.04,19.59,19.62,2771100,PVD
2026-07-03 07:00:00,19.65,19.77,19.5,19.5,1979500,PVD
2026-07-06 07:00:00,19.53,19.56,18.57,18.9,2910600,PVD
2026-07-07 07:00:00,18.9,19.65,18.9,19.53,3181500,PVD
2026-07-08 07:00:00,19.86,20.01,19.5,19.5,2289900,PVD
2026-07-09 07:00:00,19.59,20.25,19.59,19.95,7235100,PVD
2026-07-10 07:00:00,19.95,19.95,19.47,19.47,3077100,PVD
2026-07-13 07:00:00,19.47,19.77,18.6,18.6,4260000,PVD
2026-07-14 07:00:00,19.9,19.9,19.35,19.9,6788100,PVD
2026-07-15 07:00:00,20.15,20.7,19.45,19.65,6621400,PVD
2026-07-16 07:00:00,19.65,19.9,18.3,19.9,5220100,PVD
2026-07-17 07:00:00,19.7,19.7,19.0,19.55,3040500,PVD
2026-07-20 07:00:00,19.7,19.8,18.8,19.3,2848300,PVD
2026-07-21 07:00:00,18.7,19.2,17.95,18.5,8027200,PVD
2026-07-22 07:00:00,18.5,18.55,17.35,17.5,3319500,PVD
2026-07-23 07:00:00,18.45,18.5,17.5,18.5,3872300,PVD
2026-07-24 07:00:00,18.5,19.4,18.2,19.0,4292500,PVD
2026-07-27 07:00:00,18.5,19.0,18.3,18.3,1733600,PVD
2026-07-28 07:00:00,18.3,18.4,18.05,18.35,1369800,PVD
2026-07-29 07:00:00,18.4,18.6,18.25,18.4,1568800,PVD
2026-07-30 07:00:00,18.5,18.9,18.5,18.9,2052900,PVD
2026-07-31 07:00:00,18.8,18.8,18.0,18.15,5655400,PVD
2026-08-03 07:00:00,18.0,18.3,17.9,18.1,3733400,PVD
2026-08-04 07:00:00,18.3,18.3,18.05,18.1,1673300,PVD
2026-08-05 07:00:00,18.1,18.1,17.7,17.9,3215300,PVD
2026-08-06 07:00:00,18.05,18.2,17.75,17.75,1830500,PVD
2026-08-07 07:00:00,17.85,18.55,17.85,18.05,5506200,PVD
2026-08-10 07:00:00,18.5,18.5,18.05,18.25,2529500,PVD
2026-08-11 07:00:00,18.3,18.5,18.2,18.2,2509600,PVD
2026-08-12 07:00:00,18.3,18.9,18.1,18.7,5156100,PVD
2026-08-13 07:00:00,18.7,18.75,18.3,18.3,1972800,PVD
2026-08-14 07:00:00,18.55,18.55,17.9,17.95,2975200,PVD
2026-08-17 07:00:00,18.1,18.25,17.65,18.15,1377300,PVD
2026-08-18 07:00:00,18.35,19.0,18.2,18.5,4274600,PVD
2026-08-19 07:00:00,18.6,18.65,18.25,18.4,1528900,PVD
2026-08-20 07:00:00,18.45,18.55,18.15,18.35,1865100,PVD
2026-08-21 07:00:00,18.4,18.8,18.3,18.6,2938800,PVD
2026-08-24 07:00:00,18.9,19.75,18.75,19.35,7193600,PVD
2026-08-25 07:00:00,19.4,19.4,18.95,19.2,3881700,PVD
2026-08-26 07:00:00,19.1,19.65,19.1,19.6,6021400,PVD
2026-08-27 07:00:00,19.6,19.65,19.2,19.2,2436600,PVD
2026-08-28 07:00:00,19.2,19.4,19.15,19.15,3928800,PVD
2026-09-03 07:00:00,19.45,19.9,19.3,19.35,5069800,PVD
2026-09-04 07:00:00,19.35,19.5,19.1,19.2,2075800,PVD
2026-09-07 07:00:00,19.1,19.15,18.5,18.5,6227700,PVD
2026-09-08 07:00:00,18.5,18.95,18.2,18.65,5784200,PVD
2026-09-09 07:00:00,18.85,19.2,18.6,18.65,3488900,PVD
2026-09-10 07:00:00,18.8,18.95,18.45,18.5,4406600,PVD
2026-09-11 07:00:00,18.8,19.35,18.55,18.55,10322000,PVD
2026-09-14 07:00:00,18.55,19.1,18.4,18.95,5875300,PVD
2026-09-15 07:00:00,18.95,19.95,18.8,19.65,12989700,PVD
2026-09-16 07:00:00,19.85,20.4,19.65,19.7,11482600,PVD
2026-09-17 07:00:00,19.4,19.8,19.05,19.25,9521800,PVD
2026-09-18 07:00:00,19.25,19.4,19.0,19.2,6763900,PVD
2026-09-21 07:00:00,19.2,19.5,19.0,19.35,4883000,PVD
2026-09-22 07:00:00,19.3,19.4,19.05,19.15,3561000,PVD
2026-09-23 07:00:00,19.15,19.2,19.1,19.1,536600,PVD
