time,open,high,low,close,volume,ticker
2019-01-02 07:00:00,2.36,2.36,2.3,2.33,2033485,SHB
2019-01-03 07:00:00,2.33,2.36,2.23,2.27,6882054,SHB
2019-01-04 07:00:00,2.27,2.3,2.23,2.27,3820522,SHB
2019-01-07 07:00:00,2.3,2.33,2.27,2.33,2727864,SHB
2019-01-08 07:00:00,2.33,2.33,2.27,2.27,1689051,SHB
2019-01-09 07:00:00,2.3,2.33,2.27,2.33,3395083,SHB
2019-01-10 07:00:00,2.33,2.33,2.27,2.27,3572910,SHB
2019-01-11 07:00:00,2.27,2.3,2.27,2.27,2306683,SHB
2019-01-14 07:00:00,2.3,2.33,2.27,2.27,5212044,SHB
2019-01-15 07:00:00,2.27,2.33,2.23,2.3,3934698,SHB
2019-01-16 07:00:00,2.3,2.33,2.27,2.27,1316558,SHB
2019-01-17 07:00:00,2.3,2.3,2.27,2.27,2192409,SHB
2019-01-18 07:00:00,2.3,2.3,2.27,2.27,2322572,SHB
2019-01-21 07:00:00,2.27,2.36,2.27,2.33,7800814,SHB
2019-01-22 07:00:00,2.33,2.36,2.27,2.27,2980253,SHB
2019-01-23 07:00:00,2.27,2.33,2.27,2.3,986585,SHB
2019-01-24 07:00:00,2.3,2.33,2.27,2.3,3546651,SHB
2019-01-25 07:00:00,2.33,2.33,2.27,2.3,2046634,SHB
2019-01-28 07:00:00,2.33,2.33,2.27,2.3,4082476,SHB
2019-01-29 07:00:00,2.3,2.3,2.27,2.3,1784661,SHB
2019-01-30 07:00:00,2.3,2.33,2.27,2.33,3354788,SHB
2019-01-31 07:00:00,2.3,2.36,2.3,2.33,3127875,SHB
2019-02-01 07:00:00,2.3,2.33,2.3,2.33,1495350,SHB
2019-02-11 07:00:00,2.3,2.49,2.3,2.46,9468726,SHB
2019-02-12 07:00:00,2.43,2.49,2.43,2.49,7180566,SHB
2019-02-13 07:00:00,2.49,2.52,2.46,2.49,6728714,SHB
2019-02-14 07:00:00,2.49,2.56,2.46,2.56,9152025,SHB
2019-02-15 07:00:00,2.56,2.56,2.49,2.49,6955297,SHB
2019-02-18 07:00:00,2.49,2.52,2.46,2.49,5593251,SHB
2019-02-19 07:00:00,2.49,2.52,2.43,2.43,7813159,SHB
2019-02-20 07:00:00,2.43,2.49,2.43,2.43,4970891,SHB
2019-02-21 07:00:00,2.43,2.49,2.43,2.43,2822196,SHB
2019-02-22 07:00:00,2.46,2.52,2.43,2.46,5760463,SHB
2019-02-25 07:00:00,2.46,2.52,2.46,2.46,4821870,SHB
2019-02-26 07:00:00,2.49,2.49,2.43,2.46,4584332,SHB
2019-02-27 07:00:00,2.43,2.49,2.43,2.46,4203700,SHB
2019-02-28 07:00:00,2.46,2.46,2.4,2.4,4771835,SHB
2019-03-01 07:00:00,2.4,2.46,2.4,2.46,3959591,SHB
2019-03-04 07:00:00,2.43,2.49,2.43,2.46,4671322,SHB
2019-03-05 07:00:00,2.46,2.49,2.43,2.43,4242228,SHB
2019-03-06 07:00:00,2.43,2.49,2.43,2.46,4924862,SHB
2019-03-07 07:00:00,2.46,2.59,2.46,2.56,18895406,SHB
2019-03-08 07:00:00,2.56,2.56,2.49,2.52,5751186,SHB
2019-03-11 07:00:00,2.52,2.56,2.49,2.52,2760603,SHB
2019-03-12 07:00:00,2.52,2.62,2.49,2.62,12186115,SHB
2019-03-13 07:00:00,2.62,2.69,2.56,2.56,15340168,SHB
2019-03-14 07:00:00,2.56,2.62,2.56,2.56,4877970,SHB
2019-03-15 07:00:00,2.56,2.62,2.56,2.59,6504595,SHB
2019-03-18 07:00:00,2.59,2.62,2.56,2.59,4357444,SHB
2019-03-19 07:00:00,2.59,2.62,2.56,2.56,9026975,SHB
2019-03-20 07:00:00,2.56,2.56,2.49,2.52,6551630,SHB
2019-03-21 07:00:00,2.56,2.56,2.49,2.49,6578268,SHB
2019-03-22 07:00:00,2.49,2.49,2.46,2.49,4204525,SHB
2019-03-25 07:00:00,2.46,2.46,2.4,2.4,8605126,SHB
2019-03-26 07:00:00,2.4,2.46,2.4,2.4,4178627,SHB
2019-03-27 07:00:00,2.43,2.49,2.43,2.46,5114273,SHB
2019-03-28 07:00:00,2.49,2.49,2.43,2.46,2475298,SHB
2019-03-29 07:00:00,2.46,2.49,2.43,2.43,1433927,SHB
2019-04-01 07:00:00,2.46,2.49,2.43,2.49,1837471,SHB
2019-04-02 07:00:00,2.49,2.52,2.43,2.46,1895038,SHB
2019-04-03 07:00:00,2.46,2.49,2.43,2.46,701166,SHB
2019-04-04 07:00:00,2.46,2.46,2.43,2.46,4877249,SHB
2019-04-05 07:00:00,2.46,2.46,2.43,2.43,698791,SHB
2019-04-08 07:00:00,2.43,2.49,2.43,2.49,2864982,SHB
2019-04-09 07:00:00,2.49,2.49,2.43,2.43,2670693,SHB
2019-04-10 07:00:00,2.46,2.46,2.4,2.43,2464239,SHB
2019-04-11 07:00:00,2.43,2.46,2.43,2.46,1650873,SHB
2019-04-12 07:00:00,2.43,2.46,2.4,2.43,1590806,SHB
2019-04-16 07:00:00,2.43,2.46,2.36,2.46,5268355,SHB
2019-04-17 07:00:00,2.46,2.46,2.4,2.4,1125252,SHB
2019-04-18 07:00:00,2.43,2.46,2.4,2.4,2975338,SHB
2019-04-19 07:00:00,2.43,2.46,2.4,2.43,2359687,SHB
2019-04-22 07:00:00,2.46,2.46,2.4,2.43,2006486,SHB
2019-04-23 07:00:00,2.43,2.46,2.4,2.43,2541541,SHB
2019-04-24 07:00:00,2.43,2.49,2.43,2.43,7729553,SHB
2019-04-25 07:00:00,2.43,2.49,2.43,2.43,2022765,SHB
2019-04-26 07:00:00,2.2,2.46,2.2,2.43,2091608,SHB
2019-05-02 07:00:00,2.46,2.46,2.4,2.43,3938332,SHB
2019-05-03 07:00:00,2.43,2.46,2.4,2.4,2207117,SHB
2019-05-06 07:00:00,2.4,2.43,2.33,2.36,8405734,SHB
2019-05-07 07:00:00,2.4,2.43,2.36,2.36,2319566,SHB
2019-05-08 07:00:00,2.36,2.4,2.33,2.4,2678366,SHB
2019-05-09 07:00:00,2.4,2.4,2.36,2.4,1431012,SHB
2019-05-10 07:00:00,2.4,2.4,2.36,2.4,931795,SHB
2019-05-13 07:00:00,2.4,2.43,2.36,2.4,5498529,SHB
2019-05-14 07:00:00,2.4,2.4,2.36,2.36,1391348,SHB
2019-05-15 07:00:00,2.4,2.43,2.36,2.4,3929938,SHB
2019-05-16 07:00:00,2.4,2.43,2.36,2.4,3043754,SHB
2019-05-17 07:00:00,2.4,2.43,2.36,2.36,7641525,SHB
2019-05-20 07:00:00,2.4,2.4,2.36,2.36,2016565,SHB
2019-05-21 07:00:00,2.36,2.4,2.33,2.33,3331288,SHB
2019-05-22 07:00:00,2.33,2.4,2.3,2.33,9419235,SHB
2019-05-23 07:00:00,2.33,2.36,2.33,2.36,1146944,SHB
2019-05-24 07:00:00,2.36,2.36,2.3,2.3,2495230,SHB
2019-05-27 07:00:00,2.3,2.33,2.3,2.3,2308990,SHB
2019-05-28 07:00:00,2.3,2.33,2.27,2.3,2751465,SHB
2019-05-29 07:00:00,2.3,2.33,2.27,2.3,3669477,SHB
2019-05-30 07:00:00,2.3,2.33,2.27,2.33,3612109,SHB
2019-05-31 07:00:00,2.33,2.33,2.27,2.27,1627897,SHB
2019-06-03 07:00:00,2.3,2.3,2.23,2.27,4977725,SHB
2019-06-04 07:00:00,2.27,2.3,2.23,2.27,2015189,SHB
2019-06-05 07:00:00,2.27,2.3,2.23,2.27,1871717,SHB
2019-06-06 07:00:00,2.27,2.27,2.23,2.27,795858,SHB
2019-06-07 07:00:00,2.27,2.3,2.23,2.3,2192184,SHB
2019-06-10 07:00:00,2.27,2.3,2.27,2.27,889916,SHB
2019-06-11 07:00:00,2.27,2.3,2.23,2.27,2168461,SHB
2019-06-12 07:00:00,2.27,2.27,2.23,2.27,914748,SHB
2019-06-13 07:00:00,2.27,2.3,2.23,2.27,2616757,SHB
2019-06-14 07:00:00,2.23,2.3,2.23,2.27,3137283,SHB
2019-06-17 07:00:00,2.27,2.3,2.23,2.27,1781275,SHB
2019-06-18 07:00:00,2.27,2.27,2.23,2.27,1269770,SHB
2019-06-19 07:00:00,2.27,2.3,2.23,2.27,2515936,SHB
2019-06-20 07:00:00,2.23,2.3,2.23,2.3,1892082,SHB
2019-06-21 07:00:00,2.3,2.3,2.27,2.27,2650738,SHB
2019-06-24 07:00:00,2.3,2.3,2.23,2.27,2293837,SHB
2019-06-25 07:00:00,2.27,2.27,2.23,2.27,946565,SHB
2019-06-26 07:00:00,2.23,2.27,2.23,2.23,1977082,SHB
2019-06-27 07:00:00,2.23,2.27,2.17,2.2,7044771,SHB
2019-06-28 07:00:00,2.2,2.23,2.17,2.2,3873888,SHB
2019-07-01 07:00:00,2.2,2.23,2.2,2.2,4059470,SHB
2019-07-02 07:00:00,2.23,2.23,2.17,2.17,5349350,SHB
2019-07-03 07:00:00,2.17,2.2,2.17,2.17,923914,SHB
2019-07-04 07:00:00,2.2,2.23,2.17,2.2,3851297,SHB
2019-07-05 07:00:00,2.2,2.23,2.17,2.2,2319169,SHB
2019-07-08 07:00:00,2.2,2.23,2.17,2.17,767395,SHB
2019-07-09 07:00:00,2.2,2.2,2.17,2.17,1201769,SHB
2019-07-10 07:00:00,2.17,2.2,2.17,2.17,1145355,SHB
2019-07-11 07:00:00,2.17,2.23,2.17,2.2,3212091,SHB
2019-07-12 07:00:00,2.23,2.23,2.17,2.17,2234725,SHB
2019-07-15 07:00:00,2.2,2.2,2.17,2.17,698259,SHB
2019-07-16 07:00:00,2.2,2.2,2.17,2.17,2837140,SHB
2019-07-17 07:00:00,2.2,2.23,2.17,2.2,7431226,SHB
2019-07-18 07:00:00,2.2,2.23,2.17,2.2,3502537,SHB
2019-07-19 07:00:00,2.2,2.23,2.17,2.23,3296284,SHB
2019-07-22 07:00:00,2.23,2.23,2.17,2.2,3553148,SHB
2019-07-23 07:00:00,2.2,2.23,2.17,2.2,3123309,SHB
2019-07-24 07:00:00,2.2,2.27,2.2,2.2,6613100,SHB
2019-07-25 07:00:00,2.2,2.23,2.2,2.23,1368419,SHB
2019-07-26 07:00:00,2.23,2.23,2.2,2.23,4236831,SHB
2019-07-29 07:00:00,2.2,2.23,2.17,2.2,1478717,SHB
2019-07-30 07:00:00,2.2,2.2,2.14,2.14,3580677,SHB
2019-07-31 07:00:00,2.14,2.17,2.07,2.14,9593717,SHB
2019-08-01 07:00:00,2.14,2.17,2.1,2.14,2954962,SHB
2019-08-02 07:00:00,2.14,2.14,2.1,2.14,1128787,SHB
2019-08-05 07:00:00,2.14,2.14,2.07,2.1,4611097,SHB
2019-08-06 07:00:00,2.07,2.1,2.04,2.07,3949015,SHB
2019-08-07 07:00:00,2.07,2.1,2.04,2.07,2091815,SHB
2019-08-08 07:00:00,2.07,2.1,2.04,2.07,2085509,SHB
2019-08-09 07:00:00,2.07,2.1,2.07,2.07,2219241,SHB
2019-08-12 07:00:00,2.07,2.1,2.07,2.07,1033448,SHB
2019-08-13 07:00:00,2.07,2.1,2.04,2.07,1780796,SHB
2019-08-14 07:00:00,2.07,2.1,2.04,2.07,1961389,SHB
2019-08-15 07:00:00,2.07,2.07,2.01,2.04,2775767,SHB
2019-08-16 07:00:00,2.04,2.07,2.01,2.04,3378952,SHB
2019-08-19 07:00:00,2.04,2.07,2.01,2.04,2151786,SHB
2019-08-20 07:00:00,2.04,2.07,2.01,2.01,6238858,SHB
2019-08-21 07:00:00,2.01,2.01,1.98,1.98,5226753,SHB
2019-08-22 07:00:00,1.94,2.01,1.94,1.98,2565008,SHB
2019-08-23 07:00:00,1.98,2.04,1.98,2.04,5467301,SHB
2019-08-26 07:00:00,2.04,2.04,1.98,2.04,2997472,SHB
2019-08-27 07:00:00,2.04,2.07,2.01,2.04,3619470,SHB
2019-08-28 07:00:00,2.04,2.07,2.01,2.04,2363726,SHB
2019-08-29 07:00:00,2.04,2.07,2.04,2.04,1196348,SHB
2019-08-30 07:00:00,2.04,2.07,2.01,2.04,2124956,SHB
2019-09-03 07:00:00,2.07,2.07,2.01,2.01,2415703,SHB
2019-09-04 07:00:00,2.04,2.04,1.98,2.04,2036434,SHB
2019-09-05 07:00:00,2.04,2.04,2.01,2.01,1230525,SHB
2019-09-06 07:00:00,2.04,2.04,1.84,2.01,1402399,SHB
2019-09-09 07:00:00,2.01,2.01,1.98,2.01,610473,SHB
2019-09-10 07:00:00,2.01,2.04,1.98,2.01,1472328,SHB
2019-09-11 07:00:00,1.98,2.14,1.98,2.01,1086359,SHB
2019-09-12 07:00:00,1.98,2.17,1.98,2.01,1793992,SHB
2019-09-13 07:00:00,2.01,2.07,2.01,2.04,3719112,SHB
2019-09-16 07:00:00,2.04,2.07,2.01,2.07,2609455,SHB
2019-09-17 07:00:00,2.07,2.07,2.04,2.04,2114474,SHB
2019-09-18 07:00:00,2.07,2.07,2.04,2.04,1225628,SHB
2019-09-19 07:00:00,2.04,2.14,2.04,2.14,5689809,SHB
2019-09-20 07:00:00,2.14,2.17,2.1,2.1,2834949,SHB
2019-09-23 07:00:00,2.1,2.17,2.1,2.14,3423276,SHB
2019-09-24 07:00:00,2.14,2.27,2.1,2.1,2874692,SHB
2019-09-25 07:00:00,2.1,2.14,2.07,2.1,1466360,SHB
2019-09-26 07:00:00,2.1,2.17,2.1,2.17,3054876,SHB
2019-09-27 07:00:00,2.14,2.27,2.14,2.14,1976014,SHB
2019-09-30 07:00:00,2.14,2.2,2.14,2.14,2659011,SHB
2019-10-01 07:00:00,2.14,2.17,2.1,2.14,1957804,SHB
2019-10-02 07:00:00,2.14,2.17,2.1,2.1,1373693,SHB
2019-10-03 07:00:00,2.1,2.3,2.07,2.14,1753704,SHB
2019-10-04 07:00:00,2.14,2.14,2.1,2.1,692012,SHB
2019-10-07 07:00:00,2.14,2.14,2.07,2.1,1861380,SHB
2019-10-08 07:00:00,2.1,2.28,2.1,2.1,1642425,SHB
2019-10-09 07:00:00,2.1,2.17,2.1,2.1,2772198,SHB
2019-10-10 07:00:00,2.14,2.14,2.1,2.1,998113,SHB
2019-10-11 07:00:00,2.14,2.17,2.1,2.14,1798906,SHB
2019-10-14 07:00:00,2.14,2.2,2.14,2.17,5452508,SHB
2019-10-15 07:00:00,2.17,2.2,2.14,2.17,1850797,SHB
2019-10-16 07:00:00,2.17,2.2,2.17,2.17,2215770,SHB
2019-10-17 07:00:00,2.17,2.2,2.14,2.17,1327624,SHB
2019-10-18 07:00:00,2.17,2.2,2.1,2.14,2705778,SHB
2019-10-21 07:00:00,2.14,2.14,2.07,2.1,4536917,SHB
2019-10-22 07:00:00,2.1,2.14,2.1,2.14,1433960,SHB
2019-10-23 07:00:00,2.14,2.2,2.1,2.1,2654492,SHB
2019-10-24 07:00:00,2.1,2.14,2.1,2.14,501837,SHB
2019-10-25 07:00:00,2.1,2.17,2.1,2.1,2135660,SHB
2019-10-28 07:00:00,2.14,2.2,2.1,2.17,4877805,SHB
2019-10-29 07:00:00,2.2,2.23,2.14,2.14,1318977,SHB
2019-10-30 07:00:00,2.14,2.17,2.14,2.14,1477074,SHB
2019-10-31 07:00:00,2.17,2.2,2.14,2.14,4408265,SHB
2019-11-01 07:00:00,2.14,2.17,2.14,2.14,1985704,SHB
2019-11-04 07:00:00,2.14,2.23,2.14,2.17,5626319,SHB
2019-11-05 07:00:00,2.17,2.2,2.14,2.17,2862740,SHB
2019-11-06 07:00:00,2.17,2.2,2.17,2.17,2399849,SHB
2019-11-07 07:00:00,2.17,2.36,2.17,2.2,1742118,SHB
2019-11-08 07:00:00,2.2,2.23,2.07,2.2,3735401,SHB
2019-11-11 07:00:00,2.2,2.2,2.17,2.17,2486069,SHB
2019-11-12 07:00:00,2.17,2.2,2.17,2.17,1114075,SHB
2019-11-13 07:00:00,2.17,2.2,2.14,2.17,3882309,SHB
2019-11-14 07:00:00,2.17,2.2,2.14,2.14,1009919,SHB
2019-11-15 07:00:00,2.14,2.17,2.1,2.14,2830430,SHB
2019-11-18 07:00:00,2.17,2.17,2.1,2.1,2177965,SHB
2019-11-19 07:00:00,2.1,2.14,2.1,2.1,1034709,SHB
2019-11-20 07:00:00,2.14,2.14,2.1,2.14,2163539,SHB
2019-11-21 07:00:00,2.14,2.14,2.07,2.1,2113433,SHB
2019-11-22 07:00:00,2.1,2.1,2.07,2.07,2266356,SHB
2019-11-25 07:00:00,2.07,2.1,2.04,2.07,2104471,SHB
2019-11-26 07:00:00,2.07,2.1,2.07,2.07,2027069,SHB
2019-11-27 07:00:00,2.1,2.23,2.04,2.04,1641829,SHB
2019-11-28 07:00:00,2.04,2.07,2.01,2.01,1903109,SHB
2019-11-29 07:00:00,2.01,2.07,1.94,1.94,4491797,SHB
2019-12-02 07:00:00,1.94,2.14,1.91,1.91,3284751,SHB
2019-12-03 07:00:00,1.91,1.98,1.91,1.94,1961490,SHB
2019-12-04 07:00:00,1.94,2.04,1.94,1.98,1357587,SHB
2019-12-05 07:00:00,1.98,2.04,1.78,1.98,1714885,SHB
2019-12-06 07:00:00,1.98,2.01,1.94,1.98,1706660,SHB
2019-12-09 07:00:00,2.01,2.05,1.94,1.98,1229267,SHB
2019-12-10 07:00:00,1.98,2.05,1.94,1.94,1101616,SHB
2019-12-11 07:00:00,1.98,1.98,1.91,1.98,1188911,SHB
2019-12-12 07:00:00,1.98,1.99,1.94,1.94,859454,SHB
2019-12-13 07:00:00,1.94,2.14,1.94,1.94,1287829,SHB
2019-12-16 07:00:00,1.98,2.14,1.98,2.07,8212423,SHB
2019-12-17 07:00:00,2.07,2.1,2.01,2.04,3629055,SHB
2019-12-18 07:00:00,2.04,2.23,1.84,2.01,1234769,SHB
2019-12-19 07:00:00,2.01,2.04,1.98,2.01,2917570,SHB
2019-12-20 07:00:00,2.01,2.04,1.98,2.01,1645382,SHB
2019-12-23 07:00:00,2.01,2.2,1.91,2.01,2001002,SHB
2019-12-24 07:00:00,2.01,2.2,1.81,2.01,1083863,SHB
2019-12-25 07:00:00,2.01,2.04,1.98,2.01,1527551,SHB
2019-12-26 07:00:00,2.01,2.2,1.81,1.98,1602485,SHB
2019-12-27 07:00:00,1.98,2.07,1.78,2.07,3477811,SHB
2019-12-30 07:00:00,2.07,2.14,2.04,2.07,6453871,SHB
2019-12-31 07:00:00,2.1,2.14,1.88,2.1,3941407,SHB
2020-01-02 07:00:00,2.1,2.17,2.1,2.17,5266138,SHB
2020-01-03 07:00:00,2.17,2.17,2.1,2.1,2756634,SHB
2020-01-06 07:00:00,2.1,2.14,2.07,2.07,2225405,SHB
2020-01-07 07:00:00,2.07,2.14,2.07,2.07,1900049,SHB
2020-01-08 07:00:00,2.07,2.14,2.04,2.07,4952178,SHB
2020-01-09 07:00:00,2.1,2.17,2.07,2.1,4564607,SHB
2020-01-10 07:00:00,2.14,2.3,2.14,2.3,12074293,SHB
2020-01-13 07:00:00,2.3,2.36,2.27,2.33,6713670,SHB
2020-01-14 07:00:00,2.33,2.36,2.3,2.33,4214729,SHB
2020-01-15 07:00:00,2.33,2.4,2.3,2.4,5862093,SHB
2020-01-16 07:00:00,2.4,2.49,2.32,2.43,5813973,SHB
2020-01-17 07:00:00,2.43,2.49,2.36,2.36,5603239,SHB
2020-01-20 07:00:00,2.36,2.4,2.32,2.33,5686173,SHB
2020-01-21 07:00:00,2.3,2.46,2.3,2.4,3921607,SHB
2020-01-22 07:00:00,2.4,2.49,2.4,2.49,5596112,SHB
2020-01-30 07:00:00,2.46,2.56,2.4,2.43,9105370,SHB
2020-01-31 07:00:00,2.43,2.56,2.4,2.43,18935757,SHB
2020-02-03 07:00:00,2.36,2.56,2.36,2.56,27397994,SHB
2020-02-04 07:00:00,2.64,2.68,2.6,2.68,7888715,SHB
2020-02-05 07:00:00,2.68,2.91,2.53,2.91,13147005,SHB
2020-02-06 07:00:00,2.91,3.07,2.91,2.99,9104379,SHB
2020-02-07 07:00:00,2.99,3.03,2.79,2.79,10890679,SHB
2020-02-10 07:00:00,2.79,2.83,2.68,2.68,10748016,SHB
2020-02-11 07:00:00,2.72,2.83,2.68,2.83,9393306,SHB
2020-02-12 07:00:00,2.83,2.91,2.83,2.87,8981890,SHB
2020-02-13 07:00:00,2.87,2.87,2.75,2.83,11588530,SHB
2020-02-14 07:00:00,2.83,2.91,2.82,2.87,5467484,SHB
2020-02-17 07:00:00,2.87,2.95,2.83,2.91,6810878,SHB
2020-02-18 07:00:00,2.87,2.99,2.83,2.87,4349999,SHB
2020-02-19 07:00:00,2.87,2.87,2.75,2.75,6807758,SHB
2020-02-20 07:00:00,2.75,2.83,2.72,2.72,9524499,SHB
2020-02-21 07:00:00,2.75,2.79,2.68,2.72,4420990,SHB
2020-02-24 07:00:00,2.72,2.83,2.64,2.79,20882603,SHB
2020-02-25 07:00:00,2.75,2.91,2.72,2.87,14034831,SHB
2020-02-26 07:00:00,2.87,3.15,2.83,3.15,30512712,SHB
2020-02-27 07:00:00,3.15,3.46,3.15,3.46,18183092,SHB
2020-02-28 07:00:00,3.46,3.78,3.38,3.78,34257491,SHB
2020-03-02 07:00:00,3.74,4.13,3.58,4.13,54625808,SHB
2020-03-03 07:00:00,4.13,4.52,4.05,4.45,42647821,SHB
2020-03-04 07:00:00,4.37,4.72,4.25,4.72,50027154,SHB
2020-03-05 07:00:00,4.68,5.19,4.64,5.08,65589848,SHB
2020-03-06 07:00:00,5.08,5.12,4.72,4.88,22246933,SHB
2020-03-09 07:00:00,4.45,4.76,4.41,4.41,4400928,SHB
2020-03-10 07:00:00,3.97,4.41,3.97,3.97,14000432,SHB
2020-03-11 07:00:00,3.78,4.37,3.74,4.37,28794377,SHB
2020-03-12 07:00:00,4.37,4.52,4.25,4.41,16970413,SHB
2020-03-13 07:00:00,4.21,4.45,3.97,4.33,28882992,SHB
2020-03-16 07:00:00,4.29,4.76,4.13,4.33,8688136,SHB
2020-03-17 07:00:00,4.21,4.45,4.09,4.45,12201261,SHB
2020-03-18 07:00:00,4.33,4.72,4.33,4.68,7407963,SHB
2020-03-19 07:00:00,4.68,4.68,4.52,4.64,4986718,SHB
2020-03-20 07:00:00,4.6,4.72,4.49,4.72,6011812,SHB
2020-03-23 07:00:00,4.56,4.72,4.56,4.64,13749681,SHB
2020-03-24 07:00:00,4.6,4.72,4.56,4.68,8322806,SHB
2020-03-25 07:00:00,4.68,5.0,4.68,5.0,4967554,SHB
2020-03-26 07:00:00,5.0,5.04,4.68,4.92,4013630,SHB
2020-03-27 07:00:00,4.92,4.96,4.76,4.88,3671541,SHB
2020-03-30 07:00:00,4.8,4.88,4.41,4.68,4326720,SHB
2020-03-31 07:00:00,4.68,4.88,4.25,4.8,3548092,SHB
2020-04-01 07:00:00,4.72,5.12,4.33,5.08,3776573,SHB
2020-04-03 07:00:00,5.08,5.23,4.6,5.23,4185700,SHB
2020-04-06 07:00:00,5.12,5.74,4.72,5.74,9067705,SHB
2020-04-07 07:00:00,5.74,5.86,5.59,5.86,5730224,SHB
2020-04-08 07:00:00,5.82,6.1,5.74,6.1,6052955,SHB
2020-04-09 07:00:00,6.06,6.49,5.98,6.45,3893860,SHB
2020-04-10 07:00:00,6.41,7.08,5.9,6.88,4915216,SHB
2020-04-13 07:00:00,6.92,7.16,6.22,7.0,3262672,SHB
2020-04-14 07:00:00,7.0,7.0,6.33,7.0,5084359,SHB
2020-04-15 07:00:00,6.96,7.08,6.92,7.08,5145129,SHB
2020-04-16 07:00:00,7.08,7.08,6.88,7.04,2606662,SHB
2020-04-17 07:00:00,6.88,7.16,6.88,7.08,4932621,SHB
2020-04-20 07:00:00,7.08,7.08,6.77,6.85,4937658,SHB
2020-04-21 07:00:00,6.69,6.85,6.18,6.18,5584359,SHB
2020-04-22 07:00:00,6.1,6.61,5.7,6.37,3305313,SHB
2020-04-23 07:00:00,6.37,6.61,6.33,6.45,1785925,SHB
2020-04-24 07:00:00,6.3,6.45,6.3,6.45,1236565,SHB
2020-04-27 07:00:00,6.41,6.45,6.26,6.33,1674463,SHB
2020-04-28 07:00:00,6.33,6.33,5.74,6.3,1814591,SHB
2020-04-29 07:00:00,6.3,6.3,6.18,6.26,1362714,SHB
2020-05-04 07:00:00,6.22,6.22,6.1,6.14,1922976,SHB
2020-05-05 07:00:00,6.1,6.22,5.94,5.98,2449848,SHB
2020-05-06 07:00:00,5.98,6.1,5.82,6.1,2734983,SHB
2020-05-07 07:00:00,6.1,6.33,6.1,6.33,2012928,SHB
2020-05-08 07:00:00,6.33,6.69,6.1,6.69,3808903,SHB
2020-05-11 07:00:00,6.69,6.88,6.65,6.88,2107280,SHB
2020-05-12 07:00:00,6.88,6.88,6.73,6.81,1544029,SHB
2020-05-13 07:00:00,6.73,6.85,6.65,6.81,1176130,SHB
2020-05-14 07:00:00,6.77,6.85,6.65,6.77,2680578,SHB
2020-05-15 07:00:00,6.77,6.77,6.1,6.1,4373756,SHB
2020-05-18 07:00:00,6.1,6.1,5.51,5.86,6367453,SHB
2020-05-19 07:00:00,5.86,6.06,5.66,5.7,4170990,SHB
2020-05-20 07:00:00,5.7,5.7,5.15,5.15,6287217,SHB
2020-05-21 07:00:00,4.64,4.92,4.64,4.72,26292100,SHB
2020-05-22 07:00:00,4.72,5.19,4.52,5.19,13863233,SHB
2020-05-25 07:00:00,5.35,5.7,5.15,5.55,8898341,SHB
2020-05-26 07:00:00,5.43,5.63,5.15,5.51,9933431,SHB
2020-05-27 07:00:00,5.47,5.59,5.27,5.35,9628207,SHB
2020-05-28 07:00:00,5.35,5.63,5.27,5.55,9248948,SHB
2020-05-29 07:00:00,5.55,5.55,5.39,5.51,6773051,SHB
2020-06-01 07:00:00,5.51,5.59,5.39,5.55,9478349,SHB
2020-06-02 07:00:00,5.51,5.63,5.43,5.51,4778747,SHB
2020-06-03 07:00:00,5.51,5.98,5.43,5.98,12214182,SHB
2020-06-04 07:00:00,5.98,6.3,5.98,6.26,6320457,SHB
2020-06-05 07:00:00,6.26,6.3,6.14,6.3,5735946,SHB
2020-06-08 07:00:00,6.3,6.53,6.26,6.45,7691861,SHB
2020-06-09 07:00:00,6.37,6.49,6.33,6.33,4048463,SHB
2020-06-10 07:00:00,6.33,6.45,6.22,6.37,4871557,SHB
2020-06-11 07:00:00,6.45,6.65,6.1,6.1,11068056,SHB
2020-06-12 07:00:00,5.9,6.3,5.51,6.3,3997346,SHB
2020-06-15 07:00:00,6.3,6.45,6.1,6.22,7107827,SHB
2020-06-16 07:00:00,6.41,6.45,6.18,6.33,8303243,SHB
2020-06-17 07:00:00,6.3,6.33,5.7,5.7,5295572,SHB
2020-06-18 07:00:00,5.7,5.78,5.43,5.51,4087187,SHB
2020-06-19 07:00:00,5.51,5.78,5.51,5.78,1899304,SHB
2020-06-22 07:00:00,5.78,5.94,5.7,5.7,1547627,SHB
2020-06-23 07:00:00,5.7,5.74,5.51,5.59,3125484,SHB
2020-06-24 07:00:00,5.59,5.74,5.47,5.47,3058217,SHB
2020-06-25 07:00:00,5.47,5.63,5.35,5.63,1218440,SHB
2020-06-26 07:00:00,5.63,5.74,5.51,5.51,1661000,SHB
2020-06-29 07:00:00,5.47,5.47,5.12,5.15,1810313,SHB
2020-06-30 07:00:00,5.19,5.31,4.8,5.12,3048688,SHB
2020-07-01 07:00:00,5.12,5.27,4.84,5.19,1490369,SHB
2020-07-02 07:00:00,5.19,5.23,5.12,5.12,1258750,SHB
2020-07-03 07:00:00,5.12,5.15,5.04,5.04,1079047,SHB
2020-07-06 07:00:00,5.0,5.15,4.96,5.08,1669494,SHB
2020-07-07 07:00:00,5.08,5.27,4.72,5.15,2588555,SHB
2020-07-08 07:00:00,4.88,5.23,4.88,5.15,1322431,SHB
2020-07-09 07:00:00,5.19,5.27,5.12,5.23,2207065,SHB
2020-07-10 07:00:00,5.23,5.27,5.15,5.15,1245647,SHB
2020-07-13 07:00:00,5.19,5.19,5.08,5.12,1939520,SHB
2020-07-14 07:00:00,5.12,5.12,5.04,5.12,2109415,SHB
2020-07-15 07:00:00,5.15,5.15,5.04,5.04,2220375,SHB
2020-07-16 07:00:00,5.04,5.12,5.0,5.08,1813339,SHB
2020-07-17 07:00:00,5.08,5.19,5.0,5.12,2633880,SHB
2020-07-20 07:00:00,5.12,5.15,5.04,5.08,2219626,SHB
2020-07-21 07:00:00,5.08,5.12,5.0,5.08,2286887,SHB
2020-07-22 07:00:00,5.08,5.08,4.96,5.0,2032985,SHB
2020-07-23 07:00:00,5.0,5.0,4.8,4.8,2364132,SHB
2020-07-24 07:00:00,4.84,4.88,4.33,4.45,3027363,SHB
2020-07-27 07:00:00,4.33,4.37,4.01,4.01,5271344,SHB
2020-07-28 07:00:00,3.93,4.41,3.9,4.41,1999471,SHB
2020-07-29 07:00:00,4.45,4.84,4.05,4.68,3203580,SHB
2020-07-30 07:00:00,4.64,4.88,4.56,4.68,2219651,SHB
2020-07-31 07:00:00,4.56,4.68,4.41,4.64,2249182,SHB
2020-08-03 07:00:00,4.56,4.8,4.52,4.76,2448825,SHB
2020-08-04 07:00:00,4.84,4.96,4.76,4.96,4077299,SHB
2020-08-05 07:00:00,4.96,5.08,4.88,5.08,2609136,SHB
2020-08-06 07:00:00,5.08,5.08,4.92,5.04,2234716,SHB
2020-08-07 07:00:00,5.0,5.08,4.92,4.92,2302905,SHB
2020-08-10 07:00:00,4.92,5.04,4.92,5.0,2303126,SHB
2020-08-11 07:00:00,4.96,5.0,4.64,4.96,1533420,SHB
2020-08-12 07:00:00,4.92,5.0,4.88,4.96,1479341,SHB
2020-08-13 07:00:00,5.0,5.0,4.88,5.0,2493483,SHB
2020-08-14 07:00:00,5.0,5.0,4.76,4.92,3428998,SHB
2020-08-17 07:00:00,4.88,4.92,4.8,4.92,1279175,SHB
2020-08-18 07:00:00,4.88,4.92,4.8,4.88,1662460,SHB
2020-08-19 07:00:00,4.88,5.35,4.84,5.35,8288650,SHB
2020-08-20 07:00:00,5.31,5.47,5.23,5.27,1569654,SHB
2020-08-21 07:00:00,5.27,5.31,5.23,5.27,2665504,SHB
2020-08-24 07:00:00,5.15,5.51,5.15,5.39,3605438,SHB
2020-08-25 07:00:00,5.39,5.51,5.31,5.35,3263808,SHB
2020-08-26 07:00:00,5.35,5.39,5.27,5.27,2974127,SHB
2020-08-27 07:00:00,5.27,5.35,5.23,5.35,2860231,SHB
2020-08-28 07:00:00,5.35,5.63,5.35,5.51,7182491,SHB
2020-08-31 07:00:00,5.51,5.63,5.47,5.47,3840833,SHB
2020-09-01 07:00:00,5.59,5.59,5.43,5.55,2901069,SHB
2020-09-03 07:00:00,5.55,5.66,5.47,5.55,3325319,SHB
2020-09-04 07:00:00,5.55,5.55,5.31,5.51,2911562,SHB
2020-09-07 07:00:00,5.51,5.59,5.39,5.43,4914333,SHB
2020-09-08 07:00:00,5.43,5.47,5.35,5.43,2420180,SHB
2020-09-09 07:00:00,5.39,5.47,5.31,5.47,2020868,SHB
2020-09-10 07:00:00,5.47,5.55,5.47,5.47,2441284,SHB
2020-09-11 07:00:00,5.47,5.82,5.47,5.74,7119274,SHB
2020-09-14 07:00:00,5.74,5.82,5.63,5.7,3928684,SHB
2020-09-15 07:00:00,5.74,5.74,5.66,5.7,3327918,SHB
2020-09-16 07:00:00,5.7,5.74,5.63,5.63,2044800,SHB
2020-09-17 07:00:00,5.63,5.78,5.63,5.66,3230366,SHB
2020-09-18 07:00:00,5.66,5.74,5.66,5.7,2645106,SHB
2020-09-21 07:00:00,5.74,6.06,5.74,5.9,6373333,SHB
2020-09-22 07:00:00,5.9,6.14,5.86,6.06,6059487,SHB
2020-09-23 07:00:00,6.1,6.14,6.02,6.1,3871713,SHB
2020-09-24 07:00:00,6.1,6.14,6.02,6.06,3043715,SHB
2020-09-25 07:00:00,6.06,6.1,5.94,6.06,4512426,SHB
2020-09-28 07:00:00,6.1,6.26,6.02,6.14,2913564,SHB
2020-09-29 07:00:00,6.14,6.22,5.98,5.98,3785398,SHB
2020-09-30 07:00:00,5.98,6.06,5.94,6.06,2039515,SHB
2020-10-01 07:00:00,6.06,6.1,6.02,6.06,2220008,SHB
2020-10-02 07:00:00,6.06,6.18,5.94,6.06,5375873,SHB
2020-10-05 07:00:00,6.06,6.26,6.06,6.14,2327247,SHB
2020-10-06 07:00:00,6.18,6.18,6.06,6.06,2906371,SHB
2020-10-07 07:00:00,6.06,6.18,6.02,6.06,3642188,SHB
2020-10-08 07:00:00,6.1,6.1,5.98,6.06,2374324,SHB
2020-10-09 07:00:00,6.06,6.18,6.06,6.14,3679946,SHB
2020-10-12 07:00:00,6.14,6.26,6.06,6.1,2901515,SHB
2020-10-13 07:00:00,6.14,6.14,6.02,6.06,2182126,SHB
2020-10-14 07:00:00,6.06,6.18,6.02,6.14,3878529,SHB
2020-10-15 07:00:00,6.14,6.49,6.14,6.41,7867141,SHB
2020-10-16 07:00:00,6.41,6.53,6.33,6.37,2619180,SHB
2020-10-19 07:00:00,6.37,6.37,6.26,6.3,3040412,SHB
2020-10-20 07:00:00,6.3,6.3,6.18,6.22,2970848,SHB
2020-10-21 07:00:00,6.22,6.33,6.22,6.22,2207565,SHB
2020-10-22 07:00:00,6.26,6.26,6.14,6.18,1747171,SHB
2020-10-23 07:00:00,6.22,6.41,6.18,6.33,5922666,SHB
2020-10-26 07:00:00,6.37,6.45,6.26,6.26,3341535,SHB
2020-10-27 07:00:00,6.26,6.3,6.18,6.18,2653094,SHB
2020-10-28 07:00:00,6.14,6.18,5.9,5.9,4077089,SHB
2020-10-29 07:00:00,5.9,6.06,5.82,5.94,2798096,SHB
2020-10-30 07:00:00,5.98,6.1,5.9,6.06,1458723,SHB
2020-11-02 07:00:00,6.1,6.14,6.02,6.14,1636433,SHB
2020-11-03 07:00:00,6.18,6.22,6.14,6.22,2058712,SHB
2020-11-04 07:00:00,6.22,6.3,6.18,6.3,2195894,SHB
2020-11-05 07:00:00,6.26,6.3,6.18,6.22,2194902,SHB
2020-11-06 07:00:00,6.22,6.33,6.18,6.33,3304476,SHB
2020-11-09 07:00:00,6.33,6.69,6.3,6.69,7667962,SHB
2020-11-10 07:00:00,6.69,6.88,6.65,6.69,3548253,SHB
2020-11-11 07:00:00,6.65,6.73,6.57,6.69,2426740,SHB
2020-11-12 07:00:00,6.69,6.88,6.61,6.88,3560797,SHB
2020-11-13 07:00:00,6.88,6.88,6.73,6.81,3705768,SHB
2020-11-16 07:00:00,6.81,6.85,6.65,6.69,2902673,SHB
2020-11-17 07:00:00,6.69,6.81,6.65,6.81,3653250,SHB
2020-11-18 07:00:00,6.81,6.81,6.69,6.81,3217101,SHB
2020-11-19 07:00:00,6.81,6.81,6.65,6.73,3476660,SHB
2020-11-20 07:00:00,6.77,6.81,6.69,6.73,2413135,SHB
2020-11-23 07:00:00,6.73,6.73,6.65,6.69,2739689,SHB
2020-11-24 07:00:00,6.69,6.69,6.49,6.65,4970441,SHB
2020-11-25 07:00:00,6.65,6.81,6.53,6.73,8716895,SHB
2020-11-26 07:00:00,6.73,6.81,6.65,6.73,3815440,SHB
2020-11-27 07:00:00,6.73,6.73,6.65,6.69,2582349,SHB
2020-11-30 07:00:00,6.69,6.73,6.61,6.69,3500455,SHB
2020-12-01 07:00:00,6.61,6.92,6.53,6.81,20348126,SHB
2020-12-02 07:00:00,6.81,6.92,6.77,6.85,9787558,SHB
2020-12-03 07:00:00,6.88,6.88,6.77,6.81,4729010,SHB
2020-12-04 07:00:00,6.81,6.81,6.69,6.69,7673945,SHB
2020-12-07 07:00:00,6.69,6.77,6.65,6.73,7557828,SHB
2020-12-08 07:00:00,6.73,7.0,6.73,6.88,18041591,SHB
2020-12-09 07:00:00,6.92,6.96,6.85,6.85,6355602,SHB
2020-12-10 07:00:00,6.85,6.88,6.73,6.73,5319840,SHB
2020-12-11 07:00:00,6.73,6.85,6.69,6.81,6168645,SHB
2020-12-14 07:00:00,6.81,6.85,6.73,6.77,9006160,SHB
2020-12-15 07:00:00,6.77,6.85,6.69,6.69,6976311,SHB
2020-12-16 07:00:00,6.69,6.81,6.69,6.73,6660662,SHB
2020-12-17 07:00:00,6.77,6.88,6.69,6.73,8406219,SHB
2020-12-18 07:00:00,6.73,6.85,6.73,6.81,5043178,SHB
2020-12-21 07:00:00,6.81,7.08,6.81,7.04,12695804,SHB
2020-12-22 07:00:00,7.0,7.28,7.0,7.16,14807237,SHB
2020-12-23 07:00:00,7.16,7.16,6.88,7.08,10941030,SHB
2020-12-24 07:00:00,7.0,7.08,6.69,6.81,9255014,SHB
2020-12-25 07:00:00,6.81,6.92,6.73,6.85,8822774,SHB
2020-12-28 07:00:00,6.85,7.08,6.77,6.85,6970712,SHB
2020-12-29 07:00:00,6.85,6.88,6.69,6.77,7765160,SHB
2020-12-30 07:00:00,6.77,6.85,6.65,6.69,10063435,SHB
2020-12-31 07:00:00,6.69,6.81,6.69,6.69,6346863,SHB
2021-01-04 07:00:00,6.73,6.81,6.69,6.77,12479042,SHB
2021-01-05 07:00:00,6.77,7.2,6.73,6.96,22063855,SHB
2021-01-06 07:00:00,6.96,7.16,6.92,7.0,19359438,SHB
2021-01-07 07:00:00,7.0,7.63,7.0,7.55,43454672,SHB
2021-01-08 07:00:00,7.51,7.67,7.44,7.51,28633638,SHB
2021-01-11 07:00:00,7.51,7.63,7.4,7.4,23357720,SHB
2021-01-12 07:00:00,7.44,7.48,7.2,7.4,34680454,SHB
2021-01-13 07:00:00,7.48,7.79,7.28,7.51,65766878,SHB
2021-01-14 07:00:00,7.55,7.67,7.44,7.51,24754125,SHB
2021-01-15 07:00:00,7.55,7.71,7.48,7.55,59202831,SHB
2021-01-18 07:00:00,7.67,7.67,7.28,7.32,37508242,SHB
2021-01-19 07:00:00,7.32,7.36,6.61,6.65,53114820,SHB
2021-01-20 07:00:00,6.69,7.0,6.06,6.96,43360480,SHB
2021-01-21 07:00:00,6.96,7.12,6.81,7.0,22062662,SHB
2021-01-22 07:00:00,7.0,7.04,6.77,6.85,22669983,SHB
2021-01-25 07:00:00,6.85,6.85,6.57,6.57,24078933,SHB
2021-01-26 07:00:00,6.57,6.61,5.98,6.45,44996014,SHB
2021-01-27 07:00:00,6.45,6.49,6.06,6.14,23195032,SHB
2021-01-28 07:00:00,6.06,6.1,5.55,5.55,24833988,SHB
2021-01-29 07:00:00,5.0,5.86,5.0,5.74,32327338,SHB
2021-02-01 07:00:00,5.7,5.82,5.31,5.31,19798552,SHB
2021-02-02 07:00:00,5.23,5.82,5.19,5.78,31635547,SHB
2021-02-03 07:00:00,5.78,6.22,5.78,6.1,26159418,SHB
2021-02-04 07:00:00,6.14,6.18,5.94,6.06,15714340,SHB
2021-02-05 07:00:00,6.06,6.33,5.98,6.33,29418304,SHB
2021-02-08 07:00:00,6.3,6.41,5.82,5.94,25766919,SHB
2021-02-09 07:00:00,5.9,6.18,5.82,6.1,12574612,SHB
2021-02-17 07:00:00,6.14,6.33,6.14,6.33,19511714,SHB
2021-02-18 07:00:00,6.41,6.41,6.18,6.22,19041857,SHB
2021-02-19 07:00:00,6.18,6.33,6.1,6.26,21635265,SHB
2021-02-22 07:00:00,6.3,6.33,6.18,6.18,16462663,SHB
2021-02-23 07:00:00,6.18,6.41,6.18,6.41,31073880,SHB
2021-02-24 07:00:00,6.41,6.49,6.18,6.3,23352954,SHB
2021-02-25 07:00:00,6.3,6.37,6.14,6.26,24986950,SHB
2021-02-26 07:00:00,6.22,6.26,6.1,6.26,28661982,SHB
2021-03-01 07:00:00,6.26,6.37,6.22,6.37,25488809,SHB
2021-03-02 07:00:00,6.41,6.49,6.3,6.33,23396396,SHB
2021-03-03 07:00:00,6.33,6.37,6.26,6.33,18926418,SHB
2021-03-04 07:00:00,6.33,6.37,6.14,6.22,26952009,SHB
2021-03-05 07:00:00,6.22,6.3,6.1,6.22,20150449,SHB
2021-03-08 07:00:00,6.26,6.33,6.22,6.22,16097297,SHB
2021-03-09 07:00:00,6.26,6.26,6.14,6.18,15176186,SHB
2021-03-10 07:00:00,6.18,6.41,6.14,6.41,28895282,SHB
2021-03-11 07:00:00,6.49,6.85,6.41,6.81,58166354,SHB
2021-03-12 07:00:00,6.81,7.04,6.73,6.96,49120093,SHB
2021-03-15 07:00:00,7.0,7.24,6.96,7.0,41315736,SHB
2021-03-16 07:00:00,7.0,7.4,6.88,7.36,63266470,SHB
2021-03-17 07:00:00,7.28,7.48,7.28,7.44,44962920,SHB
2021-03-18 07:00:00,7.4,7.91,7.4,7.67,62469485,SHB
2021-03-19 07:00:00,7.67,7.75,7.44,7.71,30978861,SHB
2021-03-22 07:00:00,7.71,7.91,7.55,7.55,24949166,SHB
2021-03-23 07:00:00,7.55,7.79,7.2,7.4,36743175,SHB
2021-03-24 07:00:00,7.36,7.4,6.88,7.08,25709476,SHB
2021-03-25 07:00:00,7.08,7.2,7.0,7.0,12543927,SHB
2021-03-26 07:00:00,7.0,7.67,6.73,7.67,79872908,SHB
2021-03-29 07:00:00,7.67,8.42,7.67,8.42,55783478,SHB
2021-03-30 07:00:00,8.38,9.24,8.38,9.24,44819732,SHB
2021-03-31 07:00:00,9.24,10.15,8.85,10.11,59684975,SHB
2021-04-01 07:00:00,10.11,10.94,9.56,10.62,30000413,SHB
2021-04-02 07:00:00,10.58,11.21,10.31,10.62,46525842,SHB
2021-04-05 07:00:00,10.5,10.58,9.56,9.56,14666101,SHB
2021-04-06 07:00:00,9.56,9.84,9.09,9.76,24993925,SHB
2021-04-07 07:00:00,9.76,9.88,9.76,9.84,12985734,SHB
2021-04-08 07:00:00,9.84,9.99,9.76,9.91,18081268,SHB
2021-04-09 07:00:00,9.91,9.99,9.72,9.95,23788408,SHB
2021-04-12 07:00:00,9.99,10.03,9.88,9.99,13120767,SHB
2021-04-13 07:00:00,9.99,10.27,9.91,9.99,28573210,SHB
2021-04-14 07:00:00,9.99,10.15,9.95,10.11,17679769,SHB
2021-04-15 07:00:00,10.19,10.39,9.99,10.23,20874981,SHB
2021-04-16 07:00:00,10.23,10.39,9.64,10.15,22365826,SHB
2021-04-19 07:00:00,10.19,10.54,10.11,10.54,29846414,SHB
2021-04-20 07:00:00,10.66,10.82,10.5,10.82,30448073,SHB
2021-04-22 07:00:00,10.82,11.1,10.7,10.9,29907134,SHB
2021-04-23 07:00:00,10.82,10.86,10.19,10.62,16729333,SHB
2021-04-26 07:00:00,10.62,10.98,10.31,10.66,21031570,SHB
2021-04-27 07:00:00,10.66,10.7,10.46,10.7,13579639,SHB
2021-04-28 07:00:00,10.74,10.86,10.54,10.78,16572098,SHB
2021-04-29 07:00:00,10.74,10.78,10.62,10.78,14636258,SHB
2021-05-04 07:00:00,10.62,10.7,10.35,10.35,14028858,SHB
2021-05-05 07:00:00,10.54,10.54,10.23,10.39,18581507,SHB
2021-05-06 07:00:00,11.42,11.42,10.56,10.6,17944423,SHB
2021-05-07 07:00:00,10.65,10.65,9.95,10.6,21936466,SHB
2021-05-10 07:00:00,10.6,10.73,10.3,10.39,14043463,SHB
2021-05-11 07:00:00,10.39,10.56,10.08,10.17,18388718,SHB
2021-05-12 07:00:00,10.17,10.3,9.95,10.26,17572312,SHB
2021-05-13 07:00:00,10.26,11.25,10.26,11.25,28471876,SHB
2021-05-14 07:00:00,11.38,12.38,11.25,12.38,42055833,SHB
2021-05-17 07:00:00,12.38,13.5,12.25,12.85,40155841,SHB
2021-05-18 07:00:00,12.72,12.85,12.16,12.68,24267707,SHB
2021-05-19 07:00:00,12.64,12.77,12.38,12.72,26023306,SHB
2021-05-20 07:00:00,12.64,12.77,12.55,12.55,14644144,SHB
2021-05-21 07:00:00,12.55,12.94,12.42,12.59,27588979,SHB
2021-05-24 07:00:00,12.77,12.77,12.29,12.64,18250774,SHB
2021-05-25 07:00:00,12.64,12.72,12.42,12.72,17544026,SHB
2021-05-26 07:00:00,12.68,13.16,12.64,12.98,39394747,SHB
2021-05-27 07:00:00,13.03,13.11,12.68,12.77,22301945,SHB
2021-05-28 07:00:00,12.9,13.42,12.64,13.07,44350395,SHB
2021-05-31 07:00:00,13.07,13.37,12.94,13.16,40919609,SHB
2021-06-01 07:00:00,14.45,14.45,13.11,13.42,30575141,SHB
2021-06-02 07:00:00,13.42,13.5,13.03,13.46,26046838,SHB
2021-06-03 07:00:00,13.46,14.15,13.46,14.02,51622880,SHB
2021-06-04 07:00:00,14.02,14.28,13.63,14.06,36472895,SHB
2021-06-07 07:00:00,14.06,14.06,12.98,12.98,36065428,SHB
2021-06-08 07:00:00,14.11,14.11,11.68,12.55,53639560,SHB
2021-06-09 07:00:00,12.42,13.59,11.9,13.55,29915625,SHB
2021-06-10 07:00:00,13.55,13.63,12.77,12.77,18315795,SHB
2021-06-11 07:00:00,12.77,14.02,12.77,12.9,23631733,SHB
2021-06-14 07:00:00,12.9,13.07,12.59,12.64,19661123,SHB
2021-06-15 07:00:00,12.77,12.77,12.12,12.12,31348272,SHB
2021-06-16 07:00:00,12.12,12.68,11.68,11.68,43589427,SHB
2021-06-17 07:00:00,11.68,11.82,11.25,11.77,30617848,SHB
2021-06-18 07:00:00,11.77,12.2,11.77,11.9,16675785,SHB
2021-06-21 07:00:00,11.9,12.03,11.51,11.64,18229102,SHB
2021-06-22 07:00:00,11.68,12.68,11.64,11.77,21162101,SHB
2021-06-23 07:00:00,11.82,11.9,11.64,11.64,15808852,SHB
2021-06-24 07:00:00,11.68,11.77,11.56,11.68,12661541,SHB
2021-06-25 07:00:00,11.68,11.73,11.56,11.73,15032564,SHB
2021-06-28 07:00:00,11.77,12.25,11.77,12.12,34958907,SHB
2021-06-29 07:00:00,12.12,12.46,12.12,12.33,35425532,SHB
2021-06-30 07:00:00,12.33,12.51,12.12,12.42,17581057,SHB
2021-07-01 07:00:00,12.33,12.46,12.16,12.29,19107488,SHB
2021-07-02 07:00:00,12.33,12.55,12.29,12.55,29496567,SHB
2021-07-05 07:00:00,12.55,12.98,12.46,12.98,35829343,SHB
2021-07-06 07:00:00,12.98,13.46,12.9,12.94,38655555,SHB
2021-07-07 07:00:00,12.77,14.06,12.38,12.85,34134483,SHB
2021-07-08 07:00:00,12.85,12.9,12.16,12.16,22746934,SHB
2021-07-09 07:00:00,12.16,12.42,11.21,11.25,21871847,SHB
2021-07-12 07:00:00,11.25,11.47,10.17,10.26,41657704,SHB
2021-07-13 07:00:00,10.3,10.78,10.08,10.52,21975443,SHB
2021-07-14 07:00:00,10.52,10.82,10.3,10.78,17245281,SHB
2021-07-15 07:00:00,10.78,11.82,10.6,11.82,27359969,SHB
2021-07-16 07:00:00,11.82,12.81,11.82,12.16,30045935,SHB
2021-07-19 07:00:00,12.07,12.12,11.08,11.08,19096136,SHB
2021-07-20 07:00:00,10.6,11.73,10.6,11.73,11754712,SHB
2021-07-21 07:00:00,11.3,12.12,11.3,11.56,7659374,SHB
2021-07-22 07:00:00,11.56,11.82,11.51,11.77,8064047,SHB
2021-07-23 07:00:00,11.77,11.86,11.42,11.42,10152868,SHB
2021-07-26 07:00:00,11.25,11.47,11.16,11.42,7750519,SHB
2021-07-27 07:00:00,11.42,11.73,11.42,11.6,7127446,SHB
2021-07-28 07:00:00,11.47,11.68,11.47,11.64,7394904,SHB
2021-07-29 07:00:00,11.6,12.03,11.6,11.73,9107536,SHB
2021-07-30 07:00:00,11.77,12.07,11.73,12.03,17474815,SHB
2021-08-02 07:00:00,12.03,12.16,11.82,11.82,10372830,SHB
2021-08-03 07:00:00,11.86,11.99,11.73,11.9,10530112,SHB
2021-08-04 07:00:00,11.94,12.03,11.82,11.86,13563611,SHB
2021-08-05 07:00:00,11.9,12.59,11.82,12.46,36913810,SHB
2021-08-06 07:00:00,12.51,12.64,12.2,12.55,23978909,SHB
2021-08-09 07:00:00,12.46,12.64,12.33,12.59,15421864,SHB
2021-08-10 07:00:00,12.59,12.85,12.51,12.77,28369994,SHB
2021-08-11 07:00:00,12.81,12.85,12.55,12.55,15469094,SHB
2021-08-12 07:00:00,12.55,12.68,12.38,12.51,15134478,SHB
2021-08-13 07:00:00,12.55,12.77,12.25,12.55,17078564,SHB
2021-08-16 07:00:00,12.55,12.72,12.46,12.68,26444419,SHB
2021-08-17 07:00:00,12.72,12.94,12.64,12.77,29771155,SHB
2021-08-18 07:00:00,12.77,12.81,12.59,12.72,11506878,SHB
2021-08-19 07:00:00,12.55,12.72,12.42,12.64,21808388,SHB
2021-08-20 07:00:00,12.64,12.68,11.68,12.29,32443981,SHB
2021-08-23 07:00:00,12.16,12.33,11.82,11.86,16069204,SHB
2021-08-24 07:00:00,11.86,12.03,11.68,11.68,11935349,SHB
2021-08-25 07:00:00,11.73,11.9,11.68,11.9,8489518,SHB
2021-08-26 07:00:00,12.29,12.68,12.03,12.2,28398581,SHB
2021-08-27 07:00:00,12.16,12.16,11.82,12.07,12124011,SHB
2021-08-30 07:00:00,12.03,12.12,11.9,11.9,12690681,SHB
2021-08-31 07:00:00,11.94,12.07,11.77,11.9,15189969,SHB
2021-09-01 07:00:00,11.86,11.9,11.64,11.64,12686408,SHB
2021-09-06 07:00:00,11.68,11.82,11.38,11.47,21444525,SHB
2021-09-07 07:00:00,11.47,11.77,11.47,11.51,15850947,SHB
2021-09-08 07:00:00,11.6,11.73,11.47,11.47,14893293,SHB
2021-09-09 07:00:00,11.47,11.56,11.38,11.42,12386792,SHB
2021-09-10 07:00:00,11.47,11.6,11.38,11.38,11746156,SHB
2021-09-13 07:00:00,11.56,11.56,11.21,11.21,13115024,SHB
2021-09-14 07:00:00,11.25,11.34,10.86,11.08,12498323,SHB
2021-09-15 07:00:00,11.08,11.12,10.86,11.08,10257783,SHB
2021-09-16 07:00:00,11.12,11.47,11.08,11.3,10266560,SHB
2021-09-17 07:00:00,11.47,11.68,11.38,11.6,14003569,SHB
2021-09-20 07:00:00,11.6,11.86,11.51,11.68,14931902,SHB
2021-09-21 07:00:00,11.68,11.68,11.47,11.47,16902251,SHB
2021-09-22 07:00:00,11.47,11.6,11.34,11.47,13740928,SHB
2021-09-23 07:00:00,11.51,11.64,11.42,11.6,11954526,SHB
2021-09-24 07:00:00,11.68,11.86,11.6,11.68,20283303,SHB
2021-09-27 07:00:00,11.9,12.07,11.42,11.6,17038511,SHB
2021-09-28 07:00:00,11.6,11.6,11.34,11.42,13641929,SHB
2021-09-29 07:00:00,11.42,11.47,11.21,11.25,12668727,SHB
2021-09-30 07:00:00,11.25,11.68,11.25,11.51,10300067,SHB
2021-10-01 07:00:00,11.6,11.64,11.25,11.3,13507049,SHB
2021-10-04 07:00:00,11.3,12.2,11.3,12.2,27101295,SHB
2021-10-05 07:00:00,12.12,12.55,11.9,12.51,44003162,SHB
2021-10-11 07:00:00,12.85,13.11,12.64,13.11,50603400,SHB
2021-10-12 07:00:00,13.11,13.18,12.66,13.07,38137700,SHB
2021-10-13 07:00:00,13.13,13.13,12.77,12.98,22517900,SHB
2021-10-14 07:00:00,12.83,12.9,12.55,12.55,22235300,SHB
2021-10-15 07:00:00,12.55,12.55,11.92,11.92,29041600,SHB
2021-10-18 07:00:00,12.1,12.12,11.88,11.94,15712800,SHB
2021-10-19 07:00:00,11.99,12.33,11.82,12.12,12887400,SHB
2021-10-20 07:00:00,12.16,12.29,12.03,12.25,13946900,SHB
2021-10-21 07:00:00,12.25,12.25,11.9,11.9,10964400,SHB
2021-10-22 07:00:00,11.94,12.07,11.82,11.94,12410400,SHB
2021-10-25 07:00:00,11.94,11.94,11.6,11.66,18192600,SHB
2021-10-26 07:00:00,11.6,11.88,11.45,11.73,19173100,SHB
2021-10-27 07:00:00,11.77,11.88,11.66,11.79,12450900,SHB
2021-10-28 07:00:00,11.86,11.92,11.71,11.82,14163600,SHB
2021-10-29 07:00:00,11.86,12.1,11.73,12.1,17139200,SHB
2021-11-01 07:00:00,12.2,12.33,12.1,12.33,18044900,SHB
2021-11-02 07:00:00,12.33,12.51,12.23,12.38,18381700,SHB
2021-11-03 07:00:00,12.42,12.55,12.31,12.4,19643900,SHB
2021-11-04 07:00:00,12.4,13.2,12.4,13.2,44180500,SHB
2021-11-05 07:00:00,13.18,13.63,12.88,13.63,45432800,SHB
2021-11-08 07:00:00,13.37,13.52,13.22,13.42,18776700,SHB
2021-11-09 07:00:00,13.24,13.29,12.59,12.59,31609200,SHB
2021-11-10 07:00:00,12.59,12.81,12.38,12.59,45387300,SHB
2021-11-11 07:00:00,13.42,13.42,12.73,12.73,22559100,SHB
2021-11-12 07:00:00,12.73,13.0,12.67,12.67,11500300,SHB
2021-11-15 07:00:00,12.57,12.89,12.57,12.67,8563800,SHB
2021-11-16 07:00:00,12.57,12.81,12.57,12.62,8287900,SHB
2021-11-17 07:00:00,12.67,12.67,12.59,12.65,8082600,SHB
2021-11-18 07:00:00,12.65,12.67,12.35,12.35,8739700,SHB
2021-11-19 07:00:00,12.41,12.67,12.33,12.43,13161100,SHB
2021-11-22 07:00:00,12.59,13.18,12.54,12.89,11320000,SHB
2021-11-23 07:00:00,13.1,13.1,12.62,12.73,7819700,SHB
2021-11-24 07:00:00,12.83,13.37,12.7,13.34,26119100,SHB
2021-11-25 07:00:00,13.58,13.58,13.29,13.34,14796600,SHB
2021-11-26 07:00:00,13.37,13.58,13.21,13.34,13093400,SHB
2021-11-29 07:00:00,13.05,13.21,12.89,12.89,12502900,SHB
2021-11-30 07:00:00,13.1,13.13,12.57,12.57,17708900,SHB
2021-12-01 07:00:00,12.57,12.73,12.46,12.59,13484400,SHB
2021-12-02 07:00:00,12.7,12.73,12.54,12.59,11147000,SHB
2021-12-03 07:00:00,12.59,12.65,12.3,12.3,12000300,SHB
2021-12-06 07:00:00,12.25,12.35,11.5,11.79,13085500,SHB
2021-12-07 07:00:00,11.82,12.03,11.76,12.0,11061200,SHB
2021-12-08 07:00:00,11.92,12.25,11.79,12.25,15451800,SHB
2021-12-09 07:00:00,12.19,12.3,12.11,12.27,8167400,SHB
2021-12-10 07:00:00,12.3,12.38,12.14,12.27,8233700,SHB
2021-12-13 07:00:00,12.25,12.3,12.08,12.08,10769600,SHB
2021-12-14 07:00:00,12.11,12.17,11.87,11.87,12892000,SHB
2021-12-15 07:00:00,11.95,12.06,11.87,11.92,8265700,SHB
2021-12-16 07:00:00,12.08,12.08,11.84,11.84,7452400,SHB
2021-12-17 07:00:00,11.92,11.92,11.79,11.87,11440100,SHB
2021-12-20 07:00:00,11.82,11.95,11.68,11.68,8405800,SHB
2021-12-21 07:00:00,11.68,11.76,11.5,11.5,8089500,SHB
2021-12-22 07:00:00,11.52,11.58,11.12,11.12,15727300,SHB
2021-12-23 07:00:00,11.12,11.2,10.7,10.75,12232100,SHB
2021-12-24 07:00:00,10.8,11.5,10.8,11.5,10433200,SHB
2021-12-27 07:00:00,11.76,11.95,11.5,11.5,9167500,SHB
2021-12-28 07:00:00,11.55,11.63,11.44,11.5,10031000,SHB
2021-12-29 07:00:00,11.63,11.68,11.5,11.5,6901500,SHB
2021-12-30 07:00:00,11.55,11.58,11.44,11.44,8897000,SHB
2021-12-31 07:00:00,11.55,11.92,11.52,11.92,11470000,SHB
2022-01-04 07:00:00,12.03,12.19,11.95,12.03,12284800,SHB
2022-01-05 07:00:00,12.08,12.11,11.76,11.76,9735600,SHB
2022-01-06 07:00:00,11.76,12.03,11.6,12.03,17611400,SHB
2022-01-07 07:00:00,12.0,12.03,11.74,11.82,10968100,SHB
2022-01-10 07:00:00,11.87,12.0,11.39,11.39,8808000,SHB
2022-01-11 07:00:00,11.5,11.6,11.26,11.26,10186100,SHB
2022-01-12 07:00:00,11.28,11.87,11.12,11.87,20379700,SHB
2022-01-13 07:00:00,11.87,12.25,11.74,11.9,18076100,SHB
2022-01-14 07:00:00,11.55,12.03,11.55,12.03,13045700,SHB
2022-01-17 07:00:00,12.0,12.06,11.52,11.76,13097300,SHB
2022-01-18 07:00:00,11.44,11.71,11.02,11.02,8178700,SHB
2022-01-19 07:00:00,11.23,11.39,10.35,10.35,7557900,SHB
2022-01-20 07:00:00,10.59,11.02,10.45,10.96,10012700,SHB
2022-01-21 07:00:00,11.2,11.39,11.02,11.02,7067000,SHB
2022-01-24 07:00:00,11.02,11.34,10.99,11.02,10341700,SHB
2022-01-25 07:00:00,11.04,11.44,10.96,11.44,10558300,SHB
2022-01-26 07:00:00,11.55,11.9,11.5,11.87,15516500,SHB
2022-01-27 07:00:00,11.92,12.25,11.71,11.71,8719100,SHB
2022-01-28 07:00:00,11.71,12.03,11.71,12.03,10430600,SHB
2022-02-07 07:00:00,12.19,12.41,12.03,12.35,12971600,SHB
2022-02-08 07:00:00,12.25,12.43,12.19,12.41,11047800,SHB
2022-02-09 07:00:00,12.41,12.94,12.27,12.89,29219200,SHB
2022-02-10 07:00:00,12.75,12.86,12.62,12.62,13070400,SHB
2022-02-11 07:00:00,12.57,12.67,12.51,12.62,9905100,SHB
2022-02-14 07:00:00,12.3,12.46,11.76,11.76,19137600,SHB
2022-02-15 07:00:00,11.82,12.19,11.79,12.06,12320200,SHB
2022-02-16 07:00:00,12.11,12.22,12.0,12.08,9397700,SHB
2022-02-17 07:00:00,12.03,12.22,12.03,12.03,4697000,SHB
2022-02-18 07:00:00,12.0,12.06,11.92,11.92,9016600,SHB
2022-02-21 07:00:00,11.87,12.03,11.79,11.92,10414500,SHB
2022-02-22 07:00:00,11.76,11.98,11.66,11.79,9531900,SHB
2022-02-23 07:00:00,11.87,12.06,11.82,11.82,10010300,SHB
2022-02-24 07:00:00,11.82,11.92,11.39,11.6,12071800,SHB
2022-02-25 07:00:00,11.76,11.87,11.66,11.66,7373200,SHB
2022-02-28 07:00:00,11.68,11.71,11.58,11.58,5275500,SHB
2022-03-01 07:00:00,11.58,11.63,11.47,11.5,9618000,SHB
2022-03-02 07:00:00,11.42,11.47,11.18,11.23,14650200,SHB
2022-03-03 07:00:00,11.31,11.42,11.23,11.28,6319000,SHB
2022-03-04 07:00:00,11.39,11.63,11.34,11.42,6219500,SHB
2022-03-07 07:00:00,11.26,11.36,11.23,11.26,11834200,SHB
2022-03-08 07:00:00,11.12,11.47,11.1,11.2,13867200,SHB
2022-03-09 07:00:00,11.31,11.31,11.07,11.23,9773200,SHB
2022-03-10 07:00:00,11.39,11.5,11.26,11.26,6180400,SHB
2022-03-11 07:00:00,11.31,11.42,11.2,11.26,8088200,SHB
2022-03-14 07:00:00,11.34,11.74,11.23,11.68,21650700,SHB
2022-03-15 07:00:00,11.79,11.87,11.6,11.6,10352500,SHB
2022-03-16 07:00:00,11.63,11.74,11.52,11.63,5092100,SHB
2022-03-17 07:00:00,11.6,11.82,11.6,11.82,11222400,SHB
2022-03-18 07:00:00,11.82,11.95,11.58,11.58,10855600,SHB
2022-03-21 07:00:00,11.6,11.84,11.58,11.84,9584100,SHB
2022-03-22 07:00:00,11.82,11.9,11.76,11.79,14178100,SHB
2022-03-23 07:00:00,11.82,12.03,11.74,11.74,8460700,SHB
2022-03-24 07:00:00,11.74,11.87,11.68,11.76,5256700,SHB
2022-03-25 07:00:00,11.82,11.84,11.68,11.76,4405000,SHB
2022-03-28 07:00:00,11.76,11.76,11.42,11.44,8568600,SHB
2022-03-29 07:00:00,11.5,11.76,11.44,11.58,6999800,SHB
2022-03-30 07:00:00,11.5,11.74,11.36,11.63,7597100,SHB
2022-03-31 07:00:00,11.6,11.66,11.36,11.44,5595600,SHB
2022-04-01 07:00:00,11.28,11.87,11.28,11.82,10566600,SHB
2022-04-04 07:00:00,11.76,11.92,11.6,11.6,13831400,SHB
2022-04-05 07:00:00,11.5,11.6,11.39,11.39,8153300,SHB
2022-04-06 07:00:00,11.23,11.5,10.91,11.42,17364200,SHB
2022-04-07 07:00:00,11.28,11.42,11.02,11.04,11287000,SHB
2022-04-08 07:00:00,10.96,11.1,10.7,10.7,18300100,SHB
2022-04-12 07:00:00,10.72,10.8,10.16,10.16,9283100,SHB
2022-04-13 07:00:00,10.24,10.48,10.13,10.48,6053500,SHB
2022-04-14 07:00:00,10.59,10.78,10.51,10.51,6332900,SHB
2022-04-15 07:00:00,10.54,10.67,10.4,10.4,5247600,SHB
2022-04-18 07:00:00,10.37,10.48,9.89,10.4,9371500,SHB
2022-04-19 07:00:00,10.32,10.4,9.71,9.71,8090000,SHB
2022-04-20 07:00:00,9.63,9.87,9.04,9.04,8241200,SHB
2022-04-21 07:00:00,8.82,9.25,8.42,8.66,19085000,SHB
2022-04-22 07:00:00,8.85,9.01,8.58,8.77,10898300,SHB
2022-04-25 07:00:00,8.88,9.04,8.26,8.26,9262200,SHB
2022-04-26 07:00:00,8.07,8.5,7.89,8.45,12450900,SHB
2022-04-27 07:00:00,8.56,8.74,8.4,8.66,7815200,SHB
2022-04-28 07:00:00,8.74,8.9,8.64,8.66,4084700,SHB
2022-04-29 07:00:00,8.72,8.88,8.64,8.72,7934600,SHB
2022-05-04 07:00:00,8.85,9.14,8.77,8.93,8614400,SHB
2022-05-05 07:00:00,9.14,9.14,8.74,8.82,5086600,SHB
2022-05-06 07:00:00,8.64,8.77,8.29,8.29,5803400,SHB
2022-05-09 07:00:00,8.34,8.34,7.73,7.75,15576800,SHB
2022-05-10 07:00:00,7.49,7.89,7.43,7.86,10894600,SHB
2022-05-11 07:00:00,7.94,8.02,7.78,7.83,5278600,SHB
2022-05-12 07:00:00,7.75,7.83,7.3,7.33,11900700,SHB
2022-05-13 07:00:00,7.33,7.33,6.82,6.84,16984900,SHB
2022-05-16 07:00:00,6.95,7.22,6.5,6.5,13082500,SHB
2022-05-17 07:00:00,6.31,6.95,6.31,6.95,11063300,SHB
2022-05-18 07:00:00,7.19,7.43,7.06,7.43,6464200,SHB
2022-05-19 07:00:00,7.43,7.86,7.33,7.73,18992600,SHB
2022-05-20 07:00:00,7.75,7.91,7.65,7.89,12657800,SHB
2022-05-23 07:00:00,7.97,8.15,7.49,7.75,10002600,SHB
2022-05-24 07:00:00,7.65,7.83,7.38,7.7,11817800,SHB
2022-05-25 07:00:00,7.73,8.15,7.73,8.13,12425500,SHB
2022-05-26 07:00:00,8.24,8.29,8.05,8.07,7210100,SHB
2022-05-27 07:00:00,8.1,8.18,8.02,8.13,8113500,SHB
2022-05-30 07:00:00,8.18,8.21,8.07,8.1,9099700,SHB
2022-05-31 07:00:00,8.05,8.1,7.91,7.91,8480500,SHB
2022-06-01 07:00:00,7.94,8.13,7.91,7.94,4711500,SHB
2022-06-02 07:00:00,7.97,8.05,7.81,7.81,5684300,SHB
2022-06-03 07:00:00,7.81,7.86,7.65,7.73,4566700,SHB
2022-06-06 07:00:00,7.65,7.75,7.51,7.51,6839700,SHB
2022-06-07 07:00:00,7.51,7.51,7.17,7.3,9427800,SHB
2022-06-08 07:00:00,7.41,7.81,7.35,7.81,8126100,SHB
2022-06-09 07:00:00,7.86,7.97,7.78,7.83,3911900,SHB
2022-06-10 07:00:00,7.73,7.91,7.65,7.65,6049400,SHB
2022-06-13 07:00:00,7.38,7.54,7.22,7.22,9650800,SHB
2022-06-14 07:00:00,7.11,7.43,7.06,7.27,5758900,SHB
2022-06-15 07:00:00,7.3,7.38,6.87,7.09,5420200,SHB
2022-06-16 07:00:00,7.22,7.27,7.11,7.11,3930400,SHB
2022-06-17 07:00:00,6.95,7.0,6.63,6.92,12971900,SHB
2022-06-20 07:00:00,6.84,7.25,6.84,7.14,14402600,SHB
2022-06-21 07:00:00,7.03,7.17,6.87,6.9,3529600,SHB
2022-06-22 07:00:00,7.11,7.3,6.92,7.06,5018600,SHB
2022-06-23 07:00:00,7.09,7.27,7.06,7.25,3189200,SHB
2022-06-24 07:00:00,7.27,7.38,7.22,7.22,3883200,SHB
2022-06-27 07:00:00,7.27,7.38,7.25,7.3,3735300,SHB
2022-06-28 07:00:00,7.3,7.7,7.25,7.57,8319300,SHB
2022-06-29 07:00:00,7.46,7.62,7.43,7.49,5259600,SHB
2022-06-30 07:00:00,7.49,7.57,7.22,7.22,5105900,SHB
2022-07-01 07:00:00,7.22,7.27,6.92,7.19,6059200,SHB
2022-07-04 07:00:00,7.27,7.38,7.22,7.27,4560200,SHB
2022-07-05 07:00:00,7.27,7.57,7.27,7.38,8623000,SHB
2022-07-06 07:00:00,7.33,7.43,7.14,7.14,5692500,SHB
2022-07-07 07:00:00,7.22,7.33,7.11,7.19,3100700,SHB
2022-07-08 07:00:00,7.33,7.33,7.22,7.27,3333500,SHB
2022-07-11 07:00:00,7.25,7.27,7.03,7.14,4293000,SHB
2022-07-12 07:00:00,7.19,7.3,7.11,7.3,3989600,SHB
2022-07-13 07:00:00,7.3,7.81,7.3,7.81,36088400,SHB
2022-07-14 07:00:00,7.86,8.07,7.78,7.78,11649800,SHB
2022-07-15 07:00:00,7.83,8.15,7.78,7.83,12997800,SHB
2022-07-18 07:00:00,7.89,7.97,7.7,7.7,15924100,SHB
2022-07-19 07:00:00,7.73,7.83,7.59,7.78,9304100,SHB
2022-07-20 07:00:00,7.89,8.05,7.83,7.91,17291700,SHB
2022-07-21 07:00:00,7.86,8.0,7.81,7.83,11236500,SHB
2022-07-22 07:00:00,7.86,8.0,7.67,7.67,14386200,SHB
2022-07-25 07:00:00,7.67,7.73,7.51,7.57,8551900,SHB
2022-07-26 07:00:00,7.59,7.65,7.54,7.54,6259700,SHB
2022-07-27 07:00:00,7.51,7.73,7.51,7.65,6067200,SHB
2022-07-28 07:00:00,7.81,7.94,7.75,7.86,15772000,SHB
2022-07-29 07:00:00,7.94,7.97,7.81,7.83,11215900,SHB
2022-08-01 07:00:00,7.89,8.1,7.83,8.05,21057000,SHB
2022-08-02 07:00:00,8.07,8.26,8.02,8.07,16272900,SHB
2022-08-03 07:00:00,8.05,8.26,8.02,8.15,15289900,SHB
2022-08-04 07:00:00,8.29,8.34,8.1,8.13,15277400,SHB
2022-08-05 07:00:00,8.07,8.15,8.0,8.1,12959500,SHB
2022-08-08 07:00:00,8.13,8.24,8.05,8.1,11527500,SHB
2022-08-09 07:00:00,8.15,8.18,8.05,8.13,14138800,SHB
2022-08-10 07:00:00,8.1,8.13,8.02,8.02,8625200,SHB
2022-08-11 07:00:00,8.1,8.13,7.89,7.91,13812200,SHB
2022-08-12 07:00:00,7.89,8.0,7.86,7.97,7233900,SHB
2022-08-15 07:00:00,8.0,8.5,7.97,8.5,46250900,SHB
2022-08-16 07:00:00,8.56,8.69,8.42,8.45,12612400,SHB
2022-08-17 07:00:00,8.45,8.53,8.34,8.34,12712500,SHB
2022-08-18 07:00:00,8.29,8.42,8.26,8.29,13770400,SHB
2022-08-19 07:00:00,8.29,8.37,8.24,8.26,10229100,SHB
2022-08-22 07:00:00,8.24,8.4,8.18,8.32,11640000,SHB
2022-08-23 07:00:00,8.26,8.42,8.24,8.4,10067700,SHB
2022-08-24 07:00:00,8.4,8.48,8.37,8.37,13081600,SHB
2022-08-25 07:00:00,8.42,8.53,8.37,8.53,14522100,SHB
2022-08-26 07:00:00,8.58,8.64,8.37,8.4,13321900,SHB
2022-08-29 07:00:00,8.21,8.32,8.07,8.26,19244800,SHB
2022-08-30 07:00:00,8.32,8.42,8.24,8.24,7713600,SHB
2022-08-31 07:00:00,8.21,8.34,8.21,8.34,9715900,SHB
2022-09-05 07:00:00,8.34,8.34,8.26,8.26,5291800,SHB
2022-09-06 07:00:00,8.29,8.4,8.24,8.29,9125500,SHB
2022-09-07 07:00:00,8.32,8.32,7.83,7.83,17594300,SHB
2022-09-08 07:00:00,7.91,7.97,7.49,7.49,15133300,SHB
2022-09-09 07:00:00,7.62,7.65,7.43,7.65,8023800,SHB
2022-09-12 07:00:00,7.7,7.78,7.62,7.62,5490400,SHB
2022-09-13 07:00:00,7.62,7.7,7.59,7.7,6135800,SHB
2022-09-14 07:00:00,7.49,7.62,7.49,7.57,8398700,SHB
2022-09-15 07:00:00,7.62,7.65,7.54,7.54,5055800,SHB
2022-09-16 07:00:00,7.54,7.59,7.27,7.33,8206300,SHB
2022-09-19 07:00:00,7.33,7.38,6.95,6.95,11693800,SHB
2022-09-20 07:00:00,7.09,7.19,6.95,7.17,7566200,SHB
2022-09-21 07:00:00,7.11,7.17,7.06,7.11,4196900,SHB
2022-09-22 07:00:00,7.0,7.19,7.0,7.14,6574500,SHB
2022-09-23 07:00:00,7.14,7.19,7.0,7.0,6004000,SHB
2022-09-26 07:00:00,6.9,6.9,6.55,6.63,12156200,SHB
2022-09-27 07:00:00,6.66,6.87,6.6,6.82,7972000,SHB
2022-09-28 07:00:00,6.74,6.84,6.63,6.68,5241200,SHB
2022-09-29 07:00:00,6.79,6.84,6.63,6.63,5441100,SHB
2022-09-30 07:00:00,6.66,6.71,6.5,6.66,6963700,SHB
2022-10-03 07:00:00,6.66,6.71,6.36,6.36,8923400,SHB
2022-10-04 07:00:00,6.52,6.52,6.15,6.15,6492400,SHB
2022-10-05 07:00:00,6.26,6.36,6.23,6.26,6745700,SHB
2022-10-06 07:00:00,6.28,6.31,5.86,5.88,6647600,SHB
2022-10-07 07:00:00,5.64,5.78,5.51,5.54,15297700,SHB
2022-10-10 07:00:00,5.37,5.56,5.2,5.4,12949100,SHB
2022-10-11 07:00:00,5.29,5.37,5.03,5.03,14325600,SHB
2022-10-12 07:00:00,4.89,5.37,4.89,5.37,19543100,SHB
2022-10-13 07:00:00,5.46,5.59,5.4,5.51,10303200,SHB
2022-10-14 07:00:00,5.7,5.88,5.67,5.88,14546400,SHB
2022-10-17 07:00:00,5.88,6.2,5.8,6.15,14466400,SHB
2022-10-18 07:00:00,6.31,6.36,5.99,6.02,9331000,SHB
2022-10-19 07:00:00,6.12,6.12,5.91,5.96,6804900,SHB
2022-10-20 07:00:00,5.91,6.02,5.8,5.8,7302300,SHB
2022-10-21 07:00:00,5.83,5.94,5.43,5.48,12312500,SHB
2022-10-24 07:00:00,5.56,5.72,5.27,5.29,11779800,SHB
2022-10-25 07:00:00,5.35,5.64,5.16,5.64,14197100,SHB
2022-10-26 07:00:00,5.72,5.8,5.51,5.59,5840800,SHB
2022-10-27 07:00:00,5.59,5.96,5.59,5.96,12665000,SHB
2022-10-28 07:00:00,6.1,6.15,5.83,5.88,10813500,SHB
2022-10-31 07:00:00,5.99,6.18,5.88,6.12,12022200,SHB
2022-11-01 07:00:00,6.2,6.39,6.18,6.2,12823500,SHB
2022-11-02 07:00:00,6.2,6.26,6.02,6.04,9205800,SHB
2022-11-03 07:00:00,5.88,6.1,5.88,5.94,10527400,SHB
2022-11-04 07:00:00,5.94,6.15,5.72,6.02,16288600,SHB
2022-11-07 07:00:00,6.1,6.1,5.72,5.72,9617100,SHB
2022-11-08 07:00:00,5.72,6.02,5.7,5.96,10182200,SHB
2022-11-09 07:00:00,6.07,6.07,5.88,5.88,7941000,SHB
2022-11-10 07:00:00,5.83,5.88,5.48,5.48,14382800,SHB
2022-11-11 07:00:00,5.62,5.7,5.35,5.35,7229400,SHB
2022-11-14 07:00:00,5.35,5.37,5.02,5.09,12225200,SHB
2022-11-15 07:00:00,4.99,5.26,4.74,4.74,14542300,SHB
2022-11-16 07:00:00,4.44,5.07,4.41,5.07,19573100,SHB
2022-11-17 07:00:00,5.24,5.35,5.19,5.35,10122400,SHB
2022-11-18 07:00:00,5.37,5.46,5.16,5.4,14928000,SHB
2022-11-21 07:00:00,5.48,5.62,5.4,5.56,11613300,SHB
2022-11-22 07:00:00,5.56,5.75,5.46,5.56,15178300,SHB
2022-11-23 07:00:00,5.72,5.78,5.54,5.54,9593600,SHB
2022-11-24 07:00:00,5.54,5.56,5.33,5.46,8071000,SHB
2022-11-25 07:00:00,5.6,5.72,5.51,5.72,8582800,SHB
2022-11-28 07:00:00,5.83,6.12,5.83,6.12,14842500,SHB
2022-11-29 07:00:00,6.15,6.31,6.08,6.24,18841800,SHB
2022-11-30 07:00:00,6.24,6.31,6.15,6.21,24228300,SHB
2022-12-01 07:00:00,6.28,6.64,6.24,6.55,54015600,SHB
2022-12-02 07:00:00,6.52,6.89,6.43,6.89,27208700,SHB
2022-12-05 07:00:00,7.11,7.26,6.68,6.92,52088700,SHB
2022-12-06 07:00:00,6.95,7.08,6.46,6.46,44839100,SHB
2022-12-07 07:00:00,6.4,6.68,6.34,6.43,23958800,SHB
2022-12-08 07:00:00,6.61,6.83,6.55,6.64,24590500,SHB
2022-12-09 07:00:00,6.64,6.77,6.49,6.52,20269000,SHB
2022-12-12 07:00:00,6.58,6.89,6.46,6.46,33161800,SHB
2022-12-13 07:00:00,6.64,6.71,6.46,6.71,21200200,SHB
2022-12-14 07:00:00,6.77,6.83,6.61,6.61,21525300,SHB
2022-12-15 07:00:00,6.61,6.77,6.58,6.71,20481300,SHB
2022-12-16 07:00:00,6.61,6.92,6.58,6.68,30794900,SHB
2022-12-19 07:00:00,6.71,6.98,6.71,6.71,35923300,SHB
2022-12-20 07:00:00,6.71,6.74,6.31,6.49,30996400,SHB
2022-12-21 07:00:00,6.61,6.61,6.21,6.43,19529300,SHB
2022-12-22 07:00:00,6.52,6.64,6.4,6.46,12398300,SHB
2022-12-23 07:00:00,6.49,6.52,6.34,6.37,8580000,SHB
2022-12-26 07:00:00,6.37,6.37,5.92,5.92,21548900,SHB
2022-12-27 07:00:00,5.92,6.28,5.88,6.28,12936000,SHB
2022-12-28 07:00:00,6.34,6.34,6.15,6.21,8899500,SHB
2022-12-29 07:00:00,6.18,6.28,6.09,6.09,8182100,SHB
2022-12-30 07:00:00,6.18,6.21,6.09,6.12,5531200,SHB
2023-01-03 07:00:00,6.13,6.43,6.12,6.4,14685300,SHB
2023-01-04 07:00:00,6.4,6.52,6.34,6.34,10146900,SHB
2023-01-05 07:00:00,6.4,6.43,6.28,6.37,8999100,SHB
2023-01-06 07:00:00,6.4,6.77,6.34,6.49,33967000,SHB
2023-01-09 07:00:00,6.58,6.64,6.46,6.46,12621500,SHB
2023-01-10 07:00:00,6.49,6.55,6.4,6.46,11619000,SHB
2023-01-11 07:00:00,6.52,6.64,6.46,6.49,13230100,SHB
2023-01-12 07:00:00,6.55,6.55,6.46,6.46,12488700,SHB
2023-01-13 07:00:00,6.52,6.77,6.52,6.58,22142300,SHB
2023-01-16 07:00:00,6.61,6.64,6.55,6.58,11133400,SHB
2023-01-17 07:00:00,6.64,6.86,6.64,6.83,30800100,SHB
2023-01-18 07:00:00,6.86,6.92,6.8,6.83,16363600,SHB
2023-01-19 07:00:00,6.83,6.98,6.77,6.86,22832200,SHB
2023-01-27 07:00:00,6.98,7.01,6.86,6.89,19046100,SHB
2023-01-30 07:00:00,6.89,6.92,6.71,6.71,28975300,SHB
2023-01-31 07:00:00,6.64,6.77,6.58,6.77,24929700,SHB
2023-02-01 07:00:00,6.83,6.89,6.49,6.52,24695300,SHB
2023-02-02 07:00:00,6.52,6.58,6.4,6.43,17532800,SHB
2023-02-03 07:00:00,6.46,6.55,6.4,6.43,10096500,SHB
2023-02-06 07:00:00,6.43,6.49,6.37,6.43,7036000,SHB
2023-02-07 07:00:00,6.46,6.49,6.21,6.24,15619200,SHB
2023-02-08 07:00:00,6.28,6.34,6.15,6.24,10445500,SHB
2023-02-09 07:00:00,6.28,6.31,6.21,6.24,5341900,SHB
2023-02-10 07:00:00,6.24,6.34,6.18,6.21,7295300,SHB
2023-02-13 07:00:00,6.18,6.18,5.98,6.03,16373000,SHB
2023-02-14 07:00:00,6.08,6.12,6.04,6.05,5816000,SHB
2023-02-15 07:00:00,6.08,6.24,6.06,6.15,8905200,SHB
2023-02-16 07:00:00,6.21,6.24,6.13,6.21,6448000,SHB
2023-02-17 07:00:00,6.21,6.31,6.15,6.21,10178200,SHB
2023-02-20 07:00:00,6.21,6.49,6.21,6.46,14633500,SHB
2023-02-21 07:00:00,6.52,6.55,6.37,6.37,12474000,SHB
2023-02-22 07:00:00,6.28,6.34,6.21,6.21,13266300,SHB
2023-02-23 07:00:00,6.18,6.21,6.1,6.21,13939500,SHB
2023-02-24 07:00:00,6.24,6.28,6.12,6.13,5692700,SHB
2023-02-27 07:00:00,6.03,6.09,6.02,6.02,9317200,SHB
2023-02-28 07:00:00,6.07,6.11,6.01,6.02,5847000,SHB
2023-03-01 07:00:00,6.03,6.15,5.96,6.15,13440000,SHB
2023-03-02 07:00:00,6.18,6.21,6.09,6.09,3511100,SHB
2023-03-03 07:00:00,6.14,6.15,6.02,6.02,5558700,SHB
2023-03-06 07:00:00,6.1,6.18,6.1,6.1,6356700,SHB
2023-03-07 07:00:00,6.15,6.15,6.1,6.13,5403200,SHB
2023-03-08 07:00:00,6.05,6.21,6.05,6.18,8004400,SHB
2023-03-09 07:00:00,6.21,6.37,6.18,6.34,18258600,SHB
2023-03-10 07:00:00,6.28,6.31,6.21,6.21,7313400,SHB
2023-03-13 07:00:00,6.12,6.21,6.09,6.12,15609400,SHB
2023-03-14 07:00:00,6.12,6.28,6.1,6.14,12686700,SHB
2023-03-15 07:00:00,6.28,6.34,6.21,6.31,15448500,SHB
2023-03-16 07:00:00,6.24,6.28,6.21,6.21,10741700,SHB
2023-03-17 07:00:00,6.28,6.34,6.21,6.31,30922100,SHB
2023-03-20 07:00:00,6.28,6.28,6.1,6.15,18176100,SHB
2023-03-21 07:00:00,6.21,6.28,6.13,6.24,9337400,SHB
2023-03-22 07:00:00,6.28,6.34,6.21,6.28,12458800,SHB
2023-03-23 07:00:00,6.18,6.52,6.15,6.46,36742600,SHB
2023-03-24 07:00:00,6.52,6.55,6.4,6.46,16194900,SHB
2023-03-27 07:00:00,6.46,6.58,6.4,6.55,36925000,SHB
2023-03-28 07:00:00,6.58,6.68,6.52,6.68,30381600,SHB
2023-03-29 07:00:00,6.68,6.68,6.55,6.64,21930300,SHB
2023-03-30 07:00:00,6.68,6.68,6.52,6.52,18665900,SHB
2023-03-31 07:00:00,6.52,6.61,6.49,6.61,12188400,SHB
2023-04-03 07:00:00,6.68,6.89,6.58,6.89,63711100,SHB
2023-04-04 07:00:00,6.89,7.08,6.8,7.08,40560900,SHB
2023-04-05 07:00:00,7.01,7.17,6.95,7.11,44055200,SHB
2023-04-06 07:00:00,7.17,7.2,6.92,6.98,34122800,SHB
2023-04-07 07:00:00,6.98,7.14,6.74,7.14,30148000,SHB
2023-04-10 07:00:00,7.14,7.38,7.08,7.38,52954000,SHB
2023-04-11 07:00:00,7.32,7.48,7.17,7.23,29552100,SHB
2023-04-12 07:00:00,7.41,7.57,7.38,7.51,41548200,SHB
2023-04-13 07:00:00,7.54,7.57,7.38,7.41,19611700,SHB
2023-04-14 07:00:00,7.48,7.57,7.23,7.29,50047700,SHB
2023-04-17 07:00:00,7.23,7.32,7.11,7.26,26215700,SHB
2023-04-18 07:00:00,7.26,7.29,7.04,7.08,28185000,SHB
2023-04-19 07:00:00,7.11,7.2,6.98,6.98,34136900,SHB
2023-04-20 07:00:00,6.98,7.04,6.92,6.98,20751300,SHB
2023-04-21 07:00:00,7.01,7.08,6.83,6.83,21717100,SHB
2023-04-24 07:00:00,6.83,6.89,6.71,6.77,17914200,SHB
2023-04-25 07:00:00,6.83,6.89,6.71,6.71,11971300,SHB
2023-04-26 07:00:00,6.71,6.8,6.61,6.8,14540700,SHB
2023-04-27 07:00:00,6.92,6.95,6.8,6.8,13736700,SHB
2023-04-28 07:00:00,6.89,6.89,6.8,6.89,10152200,SHB
2023-05-04 07:00:00,6.92,6.95,6.77,6.8,12629500,SHB
2023-05-05 07:00:00,6.8,6.83,6.74,6.74,10767500,SHB
2023-05-08 07:00:00,6.8,6.92,6.77,6.89,11705900,SHB
2023-05-09 07:00:00,6.95,6.95,6.86,6.89,9545300,SHB
2023-05-10 07:00:00,6.92,7.17,6.89,7.14,23806100,SHB
2023-05-11 07:00:00,7.2,7.2,7.08,7.08,12872400,SHB
2023-05-12 07:00:00,7.08,7.14,7.01,7.14,12573700,SHB
2023-05-15 07:00:00,7.2,7.26,7.08,7.08,17658500,SHB
2023-05-16 07:00:00,7.11,7.17,7.01,7.14,20975300,SHB
2023-05-17 07:00:00,7.14,7.2,6.98,7.2,30171800,SHB
2023-05-18 07:00:00,7.2,7.2,7.08,7.14,16313600,SHB
2023-05-19 07:00:00,7.14,7.29,7.04,7.26,35423200,SHB
2023-05-22 07:00:00,7.26,7.38,7.2,7.38,32463400,SHB
2023-05-23 07:00:00,7.38,7.44,7.2,7.35,23591700,SHB
2023-05-24 07:00:00,7.38,7.38,7.23,7.29,25117600,SHB
2023-05-25 07:00:00,7.26,7.26,7.08,7.23,31823800,SHB
2023-05-26 07:00:00,7.23,7.23,7.11,7.11,20266500,SHB
2023-05-29 07:00:00,7.17,7.26,7.14,7.2,18598300,SHB
2023-05-30 07:00:00,7.2,7.26,7.17,7.23,12309000,SHB
2023-05-31 07:00:00,7.26,7.29,7.2,7.23,27507000,SHB
2023-06-01 07:00:00,7.23,7.26,7.17,7.23,20001400,SHB
2023-06-02 07:00:00,7.35,7.51,7.32,7.41,46106300,SHB
2023-06-05 07:00:00,7.54,7.63,7.44,7.6,44911100,SHB
2023-06-06 07:00:00,7.51,7.69,7.51,7.69,30953000,SHB
2023-06-07 07:00:00,7.69,7.75,7.54,7.57,40764600,SHB
2023-06-08 07:00:00,7.57,7.6,7.41,7.51,45928500,SHB
2023-06-09 07:00:00,7.54,7.54,7.35,7.48,24689500,SHB
2023-06-12 07:00:00,7.54,7.57,7.41,7.51,14184100,SHB
2023-06-13 07:00:00,7.57,7.63,7.51,7.54,20571800,SHB
2023-06-14 07:00:00,7.57,7.72,7.54,7.72,49010700,SHB
2023-06-15 07:00:00,7.69,7.75,7.57,7.66,21630700,SHB
2023-06-16 07:00:00,7.69,7.88,7.63,7.75,42911900,SHB
2023-06-19 07:00:00,7.75,7.9,7.69,7.88,39105500,SHB
2023-06-20 07:00:00,7.94,7.94,7.75,7.81,18451100,SHB
2023-06-21 07:00:00,7.84,7.88,7.75,7.81,24787400,SHB
2023-06-22 07:00:00,7.84,7.9,7.81,7.81,20290400,SHB
2023-06-23 07:00:00,7.88,8.0,7.81,7.88,21561700,SHB
2023-06-26 07:00:00,7.9,7.97,7.78,7.84,22108100,SHB
2023-06-27 07:00:00,7.84,7.9,7.78,7.81,11679200,SHB
2023-06-28 07:00:00,7.84,7.94,7.81,7.9,16756900,SHB
2023-06-29 07:00:00,7.94,7.97,7.75,7.75,16040200,SHB
2023-06-30 07:00:00,7.75,7.78,7.69,7.69,11530000,SHB
2023-07-03 07:00:00,7.72,8.06,7.72,7.97,34880800,SHB
2023-07-04 07:00:00,8.06,8.21,8.0,8.15,29818700,SHB
2023-07-05 07:00:00,8.24,8.24,8.09,8.09,16471900,SHB
2023-07-06 07:00:00,8.09,8.15,7.9,8.03,26816000,SHB
2023-07-07 07:00:00,8.09,8.34,8.03,8.3,25163700,SHB
2023-07-10 07:00:00,8.37,8.4,8.28,8.3,21295600,SHB
2023-07-11 07:00:00,8.37,8.46,8.3,8.37,20698000,SHB
2023-07-12 07:00:00,8.37,8.46,8.28,8.46,20320400,SHB
2023-07-13 07:00:00,8.46,8.52,8.4,8.49,15370000,SHB
2023-07-14 07:00:00,8.55,8.55,8.3,8.43,17825300,SHB
2023-07-17 07:00:00,8.49,8.49,8.4,8.43,12225400,SHB
2023-07-18 07:00:00,8.55,8.74,8.49,8.7,24216300,SHB
2023-07-19 07:00:00,8.77,8.8,8.67,8.67,14338100,SHB
2023-07-20 07:00:00,8.67,8.89,8.64,8.83,25642800,SHB
2023-07-21 07:00:00,8.83,8.98,8.83,8.86,37116300,SHB
2023-07-24 07:00:00,9.15,9.22,9.08,9.15,23603900,SHB
2023-07-25 07:00:00,9.22,9.37,9.11,9.15,19097700,SHB
2023-07-26 07:00:00,9.19,9.19,9.08,9.15,14670100,SHB
2023-07-27 07:00:00,9.15,9.15,8.97,9.08,20487700,SHB
2023-07-28 07:00:00,9.04,9.19,8.97,9.15,15324900,SHB
2023-07-31 07:00:00,9.15,9.22,9.08,9.15,19314300,SHB
2023-08-01 07:00:00,9.15,9.26,9.11,9.11,21059400,SHB
2023-08-02 07:00:00,9.11,9.19,9.08,9.19,19386700,SHB
2023-08-03 07:00:00,9.22,9.22,9.11,9.19,15685300,SHB
2023-08-04 07:00:00,9.22,9.66,9.19,9.66,42082400,SHB
2023-08-07 07:00:00,9.66,9.88,9.66,9.77,26413300,SHB
2023-08-08 07:00:00,9.84,9.84,9.62,9.62,23779300,SHB
2023-08-09 07:00:00,9.59,9.73,9.51,9.55,18462400,SHB
2023-08-10 07:00:00,9.55,9.62,9.37,9.4,20079800,SHB
2023-08-11 07:00:00,9.4,9.51,9.22,9.4,20189600,SHB
2023-08-14 07:00:00,9.44,9.48,9.33,9.4,21803200,SHB
2023-08-15 07:00:00,9.4,9.51,9.37,9.4,14745000,SHB
2023-08-16 07:00:00,9.4,9.51,9.33,9.37,16732100,SHB
2023-08-17 07:00:00,9.4,9.44,9.33,9.33,17716400,SHB
2023-08-18 07:00:00,9.33,9.33,8.71,8.71,37958200,SHB
2023-08-21 07:00:00,8.64,8.93,8.53,8.82,26208600,SHB
2023-08-22 07:00:00,8.86,8.9,8.53,8.79,17962900,SHB
2023-08-23 07:00:00,8.86,8.9,8.64,8.71,16809600,SHB
2023-08-24 07:00:00,8.71,8.79,8.64,8.79,14319400,SHB
2023-08-25 07:00:00,8.79,8.79,8.68,8.68,13010600,SHB
2023-08-28 07:00:00,8.71,8.82,8.68,8.79,16026400,SHB
2023-08-29 07:00:00,8.82,9.0,8.79,8.9,19938200,SHB
2023-08-30 07:00:00,8.9,8.97,8.86,8.9,14692100,SHB
2023-08-31 07:00:00,8.97,9.04,8.9,9.04,18939200,SHB
2023-09-05 07:00:00,9.08,9.37,9.08,9.19,35375400,SHB
2023-09-06 07:00:00,9.19,9.3,9.15,9.19,21253400,SHB
2023-09-07 07:00:00,9.22,9.4,9.22,9.26,35277000,SHB
2023-09-08 07:00:00,9.3,9.33,9.22,9.22,20588000,SHB
2023-09-11 07:00:00,9.3,9.3,8.93,8.93,33796000,SHB
2023-09-12 07:00:00,9.0,9.11,8.86,9.11,22481000,SHB
2023-09-13 07:00:00,9.15,9.19,8.93,8.97,20550400,SHB
2023-09-14 07:00:00,9.0,9.19,8.93,8.93,28077200,SHB
2023-09-15 07:00:00,9.0,9.08,8.86,8.86,24922900,SHB
2023-09-18 07:00:00,8.9,8.97,8.75,8.79,18750500,SHB
2023-09-19 07:00:00,8.79,8.82,8.68,8.75,25801200,SHB
2023-09-20 07:00:00,8.75,8.9,8.75,8.86,15624200,SHB
2023-09-21 07:00:00,8.86,8.9,8.71,8.75,17850800,SHB
2023-09-22 07:00:00,8.64,8.68,8.35,8.57,35085800,SHB
2023-09-25 07:00:00,8.57,8.6,7.99,7.99,25602400,SHB
2023-09-26 07:00:00,7.99,8.2,7.84,7.84,21999300,SHB
2023-09-27 07:00:00,7.88,8.06,7.7,8.06,17665700,SHB
2023-09-28 07:00:00,8.06,8.1,7.88,7.95,13798000,SHB
2023-09-29 07:00:00,8.02,8.2,7.99,8.06,9411500,SHB
2023-10-02 07:00:00,8.06,8.13,7.99,8.02,9452300,SHB
2023-10-03 07:00:00,7.99,7.99,7.55,7.66,22388900,SHB
2023-10-04 07:00:00,7.59,7.81,7.55,7.73,10565200,SHB
2023-10-05 07:00:00,7.77,7.84,7.62,7.62,9199400,SHB
2023-10-06 07:00:00,7.62,7.84,7.62,7.77,10540400,SHB
2023-10-09 07:00:00,7.77,7.84,7.73,7.81,8030100,SHB
2023-10-10 07:00:00,7.84,7.99,7.84,7.88,9836600,SHB
2023-10-11 07:00:00,7.92,7.95,7.84,7.92,5611200,SHB
2023-10-12 07:00:00,7.92,8.02,7.88,7.88,9658800,SHB
2023-10-13 07:00:00,7.88,7.88,7.77,7.84,10665600,SHB
2023-10-16 07:00:00,7.81,7.88,7.7,7.7,8104700,SHB
2023-10-17 07:00:00,7.73,7.81,7.7,7.7,6011600,SHB
2023-10-18 07:00:00,7.7,7.73,7.44,7.55,16578300,SHB
2023-10-19 07:00:00,7.55,7.7,7.44,7.48,12093800,SHB
2023-10-20 07:00:00,7.48,7.62,7.37,7.59,12147300,SHB
2023-10-23 07:00:00,7.59,7.62,7.44,7.48,10820700,SHB
2023-10-24 07:00:00,7.52,7.77,7.52,7.7,12194300,SHB
2023-10-25 07:00:00,7.73,7.77,7.62,7.66,7658400,SHB
2023-10-26 07:00:00,7.55,7.59,7.25,7.3,29068200,SHB
2023-10-27 07:00:00,7.37,7.48,7.3,7.48,11621700,SHB
2023-10-30 07:00:00,7.44,7.48,7.37,7.37,5736800,SHB
2023-10-31 07:00:00,7.41,7.48,7.33,7.33,11478500,SHB
2023-11-01 07:00:00,7.41,7.55,7.33,7.52,13699300,SHB
2023-11-02 07:00:00,7.59,7.92,7.52,7.92,19000100,SHB
2023-11-03 07:00:00,7.95,7.95,7.77,7.77,14074100,SHB
2023-11-06 07:00:00,7.84,8.02,7.77,7.99,17260100,SHB
2023-11-07 07:00:00,7.99,8.02,7.88,7.88,13519700,SHB
2023-11-08 07:00:00,7.92,8.24,7.81,8.24,24198400,SHB
2023-11-09 07:00:00,8.28,8.35,8.13,8.17,20231400,SHB
2023-11-10 07:00:00,8.13,8.2,8.02,8.1,18138000,SHB
2023-11-13 07:00:00,8.1,8.2,7.95,8.02,12017700,SHB
2023-11-14 07:00:00,8.13,8.53,8.06,8.31,32216100,SHB
2023-11-15 07:00:00,8.46,8.6,8.31,8.39,31704700,SHB
2023-11-16 07:00:00,8.35,8.42,8.28,8.42,11150500,SHB
2023-11-17 07:00:00,8.42,8.5,8.06,8.13,26957600,SHB
2023-11-20 07:00:00,7.92,8.24,7.92,8.13,17133900,SHB
2023-11-21 07:00:00,8.2,8.24,8.1,8.17,8852800,SHB
2023-11-22 07:00:00,8.13,8.2,8.1,8.2,11997300,SHB
2023-11-23 07:00:00,8.2,8.28,7.95,7.95,15369400,SHB
2023-11-24 07:00:00,8.02,8.02,7.73,7.95,17194500,SHB
2023-11-27 07:00:00,7.95,7.99,7.77,7.81,11091400,SHB
2023-11-28 07:00:00,7.84,7.92,7.7,7.88,9993900,SHB
2023-11-29 07:00:00,7.92,7.95,7.84,7.88,7753300,SHB
2023-11-30 07:00:00,7.92,7.99,7.84,7.84,10150600,SHB
2023-12-01 07:00:00,7.88,7.92,7.77,7.88,8201500,SHB
2023-12-04 07:00:00,7.92,8.13,7.88,8.06,28183300,SHB
2023-12-05 07:00:00,8.1,8.13,7.95,7.95,14941800,SHB
2023-12-06 07:00:00,7.99,8.02,7.95,7.99,14120300,SHB
2023-12-07 07:00:00,8.02,8.2,7.95,8.02,35304300,SHB
2023-12-08 07:00:00,8.02,8.13,7.95,7.99,18858900,SHB
2023-12-11 07:00:00,8.02,8.13,7.99,8.1,21548500,SHB
2023-12-12 07:00:00,8.1,8.17,8.06,8.06,20437000,SHB
2023-12-13 07:00:00,8.1,8.13,7.92,7.92,20473000,SHB
2023-12-14 07:00:00,7.95,7.99,7.84,7.84,20159300,SHB
2023-12-15 07:00:00,7.88,7.95,7.81,7.84,18982500,SHB
2023-12-18 07:00:00,7.88,7.88,7.73,7.77,13536500,SHB
2023-12-19 07:00:00,7.73,7.81,7.7,7.77,14404500,SHB
2023-12-20 07:00:00,7.81,7.84,7.73,7.77,6805400,SHB
2023-12-21 07:00:00,7.73,7.81,7.73,7.73,9622900,SHB
2023-12-22 07:00:00,7.77,7.84,7.73,7.77,10060700,SHB
2023-12-25 07:00:00,7.77,7.88,7.77,7.81,8682700,SHB
2023-12-26 07:00:00,7.84,7.88,7.77,7.77,14659900,SHB
2023-12-27 07:00:00,7.81,7.84,7.77,7.81,7825600,SHB
2023-12-28 07:00:00,7.84,7.88,7.77,7.84,9635700,SHB
2023-12-29 07:00:00,7.88,7.95,7.84,7.84,11755200,SHB
2024-01-02 07:00:00,7.92,8.06,7.88,7.95,24644400,SHB
2024-01-03 07:00:00,7.95,8.17,7.95,8.17,30250300,SHB
2024-01-04 07:00:00,8.2,8.53,8.17,8.31,61540800,SHB
2024-01-05 07:00:00,8.35,8.42,8.24,8.39,39860300,SHB
2024-01-08 07:00:00,8.46,8.53,8.39,8.5,38345000,SHB
2024-01-09 07:00:00,8.5,8.53,8.39,8.5,29818900,SHB
2024-01-10 07:00:00,8.5,8.86,8.42,8.71,94309700,SHB
2024-01-11 07:00:00,8.79,9.0,8.71,8.79,46145100,SHB
2024-01-12 07:00:00,8.64,9.04,8.6,8.93,64609000,SHB
2024-01-15 07:00:00,9.0,9.08,8.82,8.82,37220600,SHB
2024-01-16 07:00:00,8.75,8.86,8.68,8.86,34299500,SHB
2024-01-17 07:00:00,8.86,8.97,8.71,8.71,37162700,SHB
2024-01-18 07:00:00,8.71,8.79,8.68,8.75,25144200,SHB
2024-01-19 07:00:00,8.82,8.86,8.75,8.82,23405300,SHB
2024-01-22 07:00:00,8.93,8.93,8.79,8.82,31809400,SHB
2024-01-23 07:00:00,8.82,8.9,8.75,8.79,31040200,SHB
2024-01-24 07:00:00,8.79,9.0,8.75,8.86,50211100,SHB
2024-01-25 07:00:00,8.9,8.97,8.86,8.9,27265300,SHB
2024-01-26 07:00:00,8.93,8.97,8.9,8.97,21716100,SHB
2024-01-29 07:00:00,9.0,9.08,8.93,8.93,21319800,SHB
2024-01-30 07:00:00,8.93,8.97,8.86,8.93,17116200,SHB
2024-01-31 07:00:00,8.86,8.9,8.35,8.42,127103200,SHB
2024-02-01 07:00:00,8.42,8.53,8.35,8.42,20166700,SHB
2024-02-02 07:00:00,8.46,8.5,8.24,8.31,37979500,SHB
2024-02-05 07:00:00,8.28,8.6,8.28,8.53,38726900,SHB
2024-02-06 07:00:00,8.6,8.6,8.39,8.39,17876400,SHB
2024-02-07 07:00:00,8.42,8.53,8.39,8.46,22741700,SHB
2024-02-15 07:00:00,8.53,8.82,8.5,8.64,44486100,SHB
2024-02-16 07:00:00,8.71,8.79,8.6,8.64,21019400,SHB
2024-02-19 07:00:00,8.71,8.79,8.6,8.71,24126700,SHB
2024-02-20 07:00:00,8.71,8.79,8.57,8.6,23238900,SHB
2024-02-21 07:00:00,8.64,8.71,8.57,8.64,21821800,SHB
2024-02-22 07:00:00,8.71,8.97,8.68,8.79,44912900,SHB
2024-02-23 07:00:00,8.79,8.93,8.6,8.6,50663100,SHB
2024-02-26 07:00:00,8.6,8.64,8.5,8.53,29265300,SHB
2024-02-27 07:00:00,8.57,8.64,8.5,8.64,26092000,SHB
2024-02-28 07:00:00,8.68,8.68,8.57,8.64,20482500,SHB
2024-02-29 07:00:00,8.71,8.75,8.53,8.57,30596500,SHB
2024-03-01 07:00:00,8.6,8.64,8.53,8.64,27245500,SHB
2024-03-04 07:00:00,8.68,8.71,8.57,8.6,24834600,SHB
2024-03-05 07:00:00,8.6,8.64,8.5,8.6,22722100,SHB
2024-03-06 07:00:00,8.57,8.75,8.53,8.57,32546300,SHB
2024-03-07 07:00:00,8.6,8.68,8.53,8.64,20274600,SHB
2024-03-08 07:00:00,8.68,8.71,8.5,8.5,26197800,SHB
2024-03-11 07:00:00,8.5,8.5,8.24,8.28,30059500,SHB
2024-03-12 07:00:00,8.24,8.31,8.17,8.2,22463200,SHB
2024-03-13 07:00:00,8.2,8.42,8.2,8.39,14856700,SHB
2024-03-14 07:00:00,8.42,8.42,8.28,8.31,17674100,SHB
2024-03-15 07:00:00,8.31,8.35,8.24,8.28,17712000,SHB
2024-03-18 07:00:00,8.28,8.35,7.99,8.1,32002900,SHB
2024-03-19 07:00:00,8.13,8.2,8.1,8.13,11493200,SHB
2024-03-20 07:00:00,8.13,8.31,8.06,8.24,23446700,SHB
2024-03-21 07:00:00,8.31,8.39,8.24,8.31,21466000,SHB
2024-03-22 07:00:00,8.39,8.5,8.31,8.39,26765800,SHB
2024-03-25 07:00:00,8.39,8.42,8.31,8.31,20815200,SHB
2024-03-26 07:00:00,8.31,8.39,8.28,8.35,15216500,SHB
2024-03-27 07:00:00,8.35,8.42,8.31,8.35,12277600,SHB
2024-03-28 07:00:00,8.39,8.46,8.35,8.42,14016400,SHB
2024-03-29 07:00:00,8.42,8.42,8.28,8.28,18015800,SHB
2024-04-01 07:00:00,8.31,8.35,8.24,8.31,13432900,SHB
2024-04-02 07:00:00,8.28,8.28,8.17,8.28,21361600,SHB
2024-04-03 07:00:00,8.28,8.28,8.13,8.17,21717300,SHB
2024-04-04 07:00:00,8.2,8.2,8.13,8.13,14842200,SHB
2024-04-05 07:00:00,8.1,8.13,8.06,8.1,13620200,SHB
2024-04-08 07:00:00,8.1,8.13,8.02,8.06,12703600,SHB
2024-04-09 07:00:00,8.1,8.17,8.02,8.13,11963700,SHB
2024-04-10 07:00:00,8.17,8.24,8.13,8.13,9097700,SHB
2024-04-11 07:00:00,8.1,8.17,8.06,8.06,12380200,SHB
2024-04-12 07:00:00,8.13,8.2,8.06,8.2,25354700,SHB
2024-04-15 07:00:00,8.31,8.75,8.17,8.24,98763600,SHB
2024-04-16 07:00:00,8.35,8.46,8.17,8.35,33215700,SHB
2024-04-17 07:00:00,8.46,8.46,8.06,8.06,32443000,SHB
2024-04-19 07:00:00,8.13,8.24,8.06,8.1,38197000,SHB
2024-04-22 07:00:00,8.2,8.28,8.1,8.17,17333300,SHB
2024-04-23 07:00:00,8.17,8.2,7.88,7.95,31267100,SHB
2024-04-24 07:00:00,8.02,8.2,8.02,8.13,15691500,SHB
2024-04-25 07:00:00,8.13,8.17,8.06,8.06,13148000,SHB
2024-04-26 07:00:00,8.1,8.42,8.1,8.31,33004200,SHB
2024-05-02 07:00:00,8.35,8.57,8.31,8.5,31406100,SHB
2024-05-03 07:00:00,8.57,8.6,8.39,8.42,21211100,SHB
2024-05-06 07:00:00,8.46,8.53,8.42,8.53,27188100,SHB
2024-05-07 07:00:00,8.57,8.57,8.42,8.46,18188200,SHB
2024-05-08 07:00:00,8.42,8.79,8.35,8.64,59796500,SHB
2024-05-09 07:00:00,8.68,8.79,8.53,8.53,24163300,SHB
2024-05-10 07:00:00,8.57,8.6,8.42,8.42,18443900,SHB
2024-05-13 07:00:00,8.46,8.53,8.42,8.46,21834800,SHB
2024-05-14 07:00:00,8.5,8.57,8.39,8.42,16888200,SHB
2024-05-15 07:00:00,8.46,8.5,8.39,8.42,21585100,SHB
2024-05-16 07:00:00,8.5,8.6,8.46,8.6,36799200,SHB
2024-05-17 07:00:00,8.64,8.93,8.6,8.71,67025200,SHB
2024-05-20 07:00:00,8.82,8.86,8.57,8.6,36329900,SHB
2024-05-21 07:00:00,8.6,8.64,8.5,8.6,36868000,SHB
2024-05-22 07:00:00,8.64,8.64,8.46,8.46,38630600,SHB
2024-05-23 07:00:00,8.46,8.53,8.39,8.53,26704200,SHB
2024-05-24 07:00:00,8.46,8.57,8.35,8.39,39082500,SHB
2024-05-27 07:00:00,8.42,8.46,8.35,8.42,12436200,SHB
2024-05-28 07:00:00,8.42,8.5,8.39,8.5,14796200,SHB
2024-05-29 07:00:00,8.5,8.53,8.35,8.39,24388500,SHB
2024-05-30 07:00:00,8.35,8.39,8.24,8.28,25838100,SHB
2024-05-31 07:00:00,8.31,8.35,8.28,8.28,14564200,SHB
2024-06-03 07:00:00,8.35,8.53,8.31,8.46,20648900,SHB
2024-06-04 07:00:00,8.5,8.5,8.39,8.39,16264000,SHB
2024-06-05 07:00:00,8.42,8.46,8.35,8.39,19415000,SHB
2024-06-06 07:00:00,8.42,8.79,8.35,8.6,69364500,SHB
2024-06-07 07:00:00,8.64,8.71,8.53,8.57,17165700,SHB
2024-06-10 07:00:00,8.64,8.68,8.46,8.53,28894500,SHB
2024-06-11 07:00:00,8.53,8.57,8.42,8.46,22669000,SHB
2024-06-12 07:00:00,8.46,8.6,8.42,8.57,19872100,SHB
2024-06-13 07:00:00,8.64,8.79,8.53,8.71,48447200,SHB
2024-06-14 07:00:00,8.79,8.79,8.5,8.5,26575500,SHB
2024-06-17 07:00:00,8.5,8.53,8.39,8.46,22364100,SHB
2024-06-18 07:00:00,8.5,8.53,8.42,8.42,13221600,SHB
2024-06-19 07:00:00,8.46,8.5,8.35,8.42,20544800,SHB
2024-06-20 07:00:00,8.46,8.5,8.35,8.42,15674900,SHB
2024-06-21 07:00:00,8.42,8.5,8.39,8.39,11762600,SHB
2024-06-24 07:00:00,8.42,8.42,8.2,8.2,37129000,SHB
2024-06-25 07:00:00,8.28,8.31,8.24,8.28,12997500,SHB
2024-06-26 07:00:00,8.28,8.31,8.2,8.24,10792500,SHB
2024-06-27 07:00:00,8.24,8.31,8.2,8.2,11461200,SHB
2024-06-28 07:00:00,8.28,8.42,8.2,8.28,19711000,SHB
2024-07-01 07:00:00,8.28,8.46,8.28,8.42,16115700,SHB
2024-07-02 07:00:00,8.5,8.64,8.5,8.53,25258500,SHB
2024-07-03 07:00:00,8.6,8.6,8.5,8.53,11765700,SHB
2024-07-04 07:00:00,8.53,8.57,8.46,8.5,10471100,SHB
2024-07-05 07:00:00,8.5,8.57,8.46,8.53,13613000,SHB
2024-07-08 07:00:00,8.57,8.57,8.46,8.5,12797400,SHB
2024-07-09 07:00:00,8.5,8.64,8.5,8.57,18636200,SHB
2024-07-10 07:00:00,8.57,8.68,8.57,8.6,18888900,SHB
2024-07-11 07:00:00,8.64,8.68,8.57,8.6,15981400,SHB
2024-07-12 07:00:00,8.57,8.68,8.57,8.6,14695100,SHB
2024-07-15 07:00:00,8.64,8.71,8.6,8.68,23875700,SHB
2024-07-16 07:00:00,8.71,8.75,8.6,8.64,24489300,SHB
2024-07-17 07:00:00,8.64,8.82,8.57,8.6,47939600,SHB
2024-07-18 07:00:00,8.72,8.72,8.57,8.68,21384300,SHB
2024-07-19 07:00:00,8.64,8.72,8.49,8.57,23862600,SHB
2024-07-22 07:00:00,8.57,8.6,8.41,8.49,21589300,SHB
2024-07-23 07:00:00,8.49,8.53,8.34,8.34,21581200,SHB
2024-07-24 07:00:00,8.38,8.41,8.3,8.41,16962200,SHB
2024-07-25 07:00:00,8.41,8.41,8.34,8.38,8500300,SHB
2024-07-26 07:00:00,8.38,8.41,8.34,8.41,8538200,SHB
2024-07-29 07:00:00,8.41,8.45,8.34,8.38,7447000,SHB
2024-07-30 07:00:00,8.34,8.53,8.34,8.41,17592400,SHB
2024-07-31 07:00:00,8.45,8.49,8.38,8.45,11129100,SHB
2024-08-01 07:00:00,8.45,8.49,8.23,8.26,28793000,SHB
2024-08-02 07:00:00,8.26,8.26,8.07,8.23,24435500,SHB
2024-08-05 07:00:00,8.15,8.15,7.77,7.81,30022700,SHB
2024-08-06 07:00:00,7.88,8.0,7.81,7.96,19137900,SHB
2024-08-07 07:00:00,8.0,8.04,7.92,7.96,9209600,SHB
2024-08-08 07:00:00,7.96,8.0,7.85,7.88,13153800,SHB
2024-08-09 07:00:00,7.92,8.0,7.88,7.96,9878000,SHB
2024-08-12 07:00:00,7.96,8.0,7.88,7.96,7976300,SHB
2024-08-13 07:00:00,7.96,8.0,7.92,7.96,6489400,SHB
2024-08-14 07:00:00,7.96,8.0,7.92,7.92,5789500,SHB
2024-08-15 07:00:00,7.92,7.96,7.81,7.88,11415400,SHB
2024-08-16 07:00:00,7.92,8.07,7.88,8.04,15104000,SHB
2024-08-19 07:00:00,8.04,8.11,8.0,8.04,12402700,SHB
2024-08-20 07:00:00,8.04,8.11,8.04,8.07,12037500,SHB
2024-08-21 07:00:00,8.07,8.15,8.04,8.11,13271900,SHB
2024-08-22 07:00:00,8.15,8.19,8.07,8.07,9821600,SHB
2024-08-23 07:00:00,8.07,8.11,8.04,8.07,9030000,SHB
2024-08-26 07:00:00,8.15,8.19,8.04,8.04,12248900,SHB
2024-08-27 07:00:00,8.07,8.07,8.0,8.04,12522200,SHB
2024-08-28 07:00:00,8.04,8.07,8.0,8.04,8457300,SHB
2024-08-29 07:00:00,8.04,8.11,8.0,8.0,14114000,SHB
2024-08-30 07:00:00,8.0,8.04,8.0,8.0,7779100,SHB
2024-09-04 07:00:00,8.0,8.0,7.85,7.88,16231000,SHB
2024-09-05 07:00:00,7.92,7.96,7.85,7.88,11360200,SHB
2024-09-06 07:00:00,7.88,7.92,7.81,7.85,12272400,SHB
2024-09-09 07:00:00,7.85,7.88,7.81,7.85,9611100,SHB
2024-09-10 07:00:00,7.88,7.92,7.77,7.81,12423700,SHB
2024-09-11 07:00:00,7.81,7.85,7.77,7.81,8874300,SHB
2024-09-12 07:00:00,7.85,7.88,7.81,7.85,5349100,SHB
2024-09-13 07:00:00,7.85,7.88,7.81,7.81,3782700,SHB
2024-09-16 07:00:00,7.81,7.85,7.77,7.77,7831800,SHB
2024-09-17 07:00:00,7.77,7.88,7.73,7.88,11334200,SHB
2024-09-18 07:00:00,7.88,7.88,7.81,7.85,9897800,SHB
2024-09-19 07:00:00,7.88,7.88,7.81,7.85,7193600,SHB
2024-09-20 07:00:00,7.88,7.96,7.85,7.92,17901400,SHB
2024-09-23 07:00:00,7.92,7.96,7.85,7.85,7551200,SHB
2024-09-24 07:00:00,7.85,7.92,7.85,7.92,9959200,SHB
2024-09-25 07:00:00,7.96,8.04,7.92,8.0,19411900,SHB
2024-09-26 07:00:00,8.0,8.26,8.0,8.15,38977600,SHB
2024-09-27 07:00:00,8.23,8.53,8.23,8.34,49209100,SHB
2024-09-30 07:00:00,8.34,8.41,8.26,8.34,24494700,SHB
2024-10-01 07:00:00,8.38,8.49,8.34,8.38,27370600,SHB
2024-10-02 07:00:00,8.34,8.34,8.23,8.26,21227700,SHB
2024-10-03 07:00:00,8.26,8.57,8.23,8.3,46181500,SHB
2024-10-04 07:00:00,8.3,8.34,8.23,8.23,16306500,SHB
2024-10-07 07:00:00,8.26,8.34,8.15,8.23,15377900,SHB
2024-10-08 07:00:00,8.19,8.26,8.11,8.15,20413100,SHB
2024-10-09 07:00:00,8.15,8.23,8.15,8.19,11119000,SHB
2024-10-10 07:00:00,8.26,8.3,8.15,8.15,12852800,SHB
2024-10-11 07:00:00,8.19,8.23,8.11,8.19,9670200,SHB
2024-10-14 07:00:00,8.23,8.26,8.15,8.19,14629400,SHB
2024-10-15 07:00:00,8.23,8.3,8.15,8.19,17904800,SHB
2024-10-16 07:00:00,8.19,8.23,8.11,8.15,9057200,SHB
2024-10-17 07:00:00,8.19,8.23,8.11,8.19,15741100,SHB
2024-10-18 07:00:00,8.26,8.3,8.23,8.23,19545400,SHB
2024-10-21 07:00:00,8.26,8.26,8.15,8.19,11402300,SHB
2024-10-22 07:00:00,8.15,8.19,8.07,8.11,19810200,SHB
2024-10-23 07:00:00,8.11,8.15,8.04,8.07,12082400,SHB
2024-10-24 07:00:00,8.07,8.15,8.0,8.0,13641400,SHB
2024-10-25 07:00:00,8.0,8.04,7.88,7.88,12071100,SHB
2024-10-28 07:00:00,7.92,7.96,7.88,7.92,6932800,SHB
2024-10-29 07:00:00,8.0,8.0,7.92,7.96,7127100,SHB
2024-10-30 07:00:00,7.96,8.0,7.92,7.96,7094200,SHB
2024-10-31 07:00:00,7.96,8.11,7.92,8.04,12638300,SHB
2024-11-01 07:00:00,8.04,8.07,7.96,8.0,6609800,SHB
2024-11-04 07:00:00,8.0,8.0,7.88,7.92,9520000,SHB
2024-11-05 07:00:00,7.92,8.0,7.88,8.0,5928500,SHB
2024-11-06 07:00:00,8.04,8.07,8.0,8.07,6772500,SHB
2024-11-07 07:00:00,8.11,8.15,8.0,8.04,9014000,SHB
2024-11-08 07:00:00,8.07,8.07,7.96,8.0,6324500,SHB
2024-11-11 07:00:00,8.0,8.0,7.88,7.96,12675100,SHB
2024-11-12 07:00:00,7.96,8.04,7.92,7.92,8800400,SHB
2024-11-13 07:00:00,7.92,7.96,7.88,7.92,7479100,SHB
2024-11-14 07:00:00,7.92,7.96,7.81,7.85,9471300,SHB
2024-11-15 07:00:00,7.81,7.85,7.73,7.73,15429400,SHB
2024-11-18 07:00:00,7.73,7.81,7.66,7.73,13042200,SHB
2024-11-19 07:00:00,7.73,7.77,7.66,7.66,8847600,SHB
2024-11-20 07:00:00,7.66,7.81,7.66,7.73,9064600,SHB
2024-11-21 07:00:00,7.77,7.77,7.7,7.77,7646300,SHB
2024-11-22 07:00:00,7.77,7.81,7.73,7.77,5395100,SHB
2024-11-25 07:00:00,7.81,7.81,7.77,7.81,6714600,SHB
2024-11-26 07:00:00,7.81,7.88,7.81,7.85,7056800,SHB
2024-11-27 07:00:00,7.85,7.88,7.81,7.81,3412500,SHB
2024-11-28 07:00:00,7.85,7.85,7.77,7.77,7444400,SHB
2024-11-29 07:00:00,7.81,7.81,7.77,7.81,4768200,SHB
2024-12-02 07:00:00,7.85,7.85,7.77,7.81,6315100,SHB
2024-12-03 07:00:00,7.81,7.85,7.73,7.81,7219700,SHB
2024-12-04 07:00:00,7.77,7.81,7.73,7.73,6399900,SHB
2024-12-05 07:00:00,7.73,7.96,7.7,7.96,14896000,SHB
2024-12-06 07:00:00,7.96,7.96,7.81,7.85,11005800,SHB
2024-12-09 07:00:00,7.85,7.88,7.81,7.85,8369000,SHB
2024-12-10 07:00:00,7.85,7.92,7.85,7.85,7616000,SHB
2024-12-11 07:00:00,7.88,8.15,7.88,8.04,31681000,SHB
2024-12-12 07:00:00,8.07,8.11,7.96,7.96,14783300,SHB
2024-12-13 07:00:00,7.92,8.0,7.88,7.88,7682100,SHB
2024-12-16 07:00:00,7.88,7.92,7.81,7.88,6695600,SHB
2024-12-17 07:00:00,7.85,7.88,7.81,7.85,5356100,SHB
2024-12-18 07:00:00,7.85,7.88,7.81,7.85,3927800,SHB
2024-12-19 07:00:00,7.81,7.85,7.7,7.73,22186000,SHB
2024-12-20 07:00:00,7.73,7.77,7.7,7.7,13996400,SHB
2024-12-23 07:00:00,7.7,7.81,7.7,7.77,6546400,SHB
2024-12-24 07:00:00,7.73,7.81,7.7,7.77,7121100,SHB
2024-12-25 07:00:00,7.77,7.92,7.73,7.81,11196700,SHB
2024-12-26 07:00:00,7.85,7.88,7.77,7.81,8690200,SHB
2024-12-27 07:00:00,7.81,7.88,7.81,7.81,8483800,SHB
2024-12-30 07:00:00,7.81,7.85,7.77,7.77,6303900,SHB
2024-12-31 07:00:00,7.77,7.81,7.73,7.77,7209300,SHB
2025-01-02 07:00:00,7.81,7.85,7.77,7.77,6487300,SHB
2025-01-03 07:00:00,7.77,7.81,7.73,7.77,11358700,SHB
2025-01-06 07:00:00,7.81,7.92,7.77,7.81,9696200,SHB
2025-01-07 07:00:00,7.81,7.85,7.77,7.77,7884900,SHB
2025-01-08 07:00:00,7.77,7.81,7.73,7.81,3780900,SHB
2025-01-09 07:00:00,7.81,7.85,7.73,7.77,6104500,SHB
2025-01-10 07:00:00,7.77,7.81,7.7,7.7,10955800,SHB
2025-01-13 07:00:00,7.7,7.73,7.62,7.7,10598200,SHB
2025-01-14 07:00:00,7.7,7.73,7.66,7.66,9053800,SHB
2025-01-15 07:00:00,7.7,7.73,7.66,7.7,5030800,SHB
2025-01-16 07:00:00,7.73,7.81,7.66,7.7,6942000,SHB
2025-01-17 07:00:00,7.7,7.77,7.7,7.73,6909000,SHB
2025-01-20 07:00:00,7.73,7.77,7.7,7.73,5468300,SHB
2025-01-21 07:00:00,7.77,7.81,7.73,7.73,9734200,SHB
2025-01-22 07:00:00,7.77,7.77,7.7,7.7,7149100,SHB
2025-01-23 07:00:00,7.73,7.85,7.7,7.77,9939100,SHB
2025-01-24 07:00:00,7.81,7.85,7.77,7.81,8913100,SHB
2025-02-03 07:00:00,7.88,8.0,7.85,7.92,18128100,SHB
2025-02-04 07:00:00,8.0,8.04,7.92,8.0,13520900,SHB
2025-02-05 07:00:00,8.04,8.07,7.92,7.92,11056600,SHB
2025-02-06 07:00:00,7.96,8.04,7.92,7.96,11598200,SHB
2025-02-07 07:00:00,8.0,8.07,7.96,8.0,13523800,SHB
2025-02-10 07:00:00,8.0,8.04,7.96,8.0,14521400,SHB
2025-02-11 07:00:00,8.0,8.26,8.0,8.15,29836400,SHB
2025-02-12 07:00:00,8.19,8.19,8.07,8.07,7492400,SHB
2025-02-13 07:00:00,8.07,8.15,8.04,8.15,12119100,SHB
2025-02-14 07:00:00,8.23,8.3,8.19,8.19,19441500,SHB
2025-02-17 07:00:00,8.23,8.41,8.19,8.34,29565000,SHB
2025-02-18 07:00:00,8.34,8.38,8.3,8.3,14557400,SHB
2025-02-19 07:00:00,8.3,8.38,8.26,8.34,12377300,SHB
2025-02-20 07:00:00,8.34,8.41,8.3,8.3,16505800,SHB
2025-02-21 07:00:00,8.34,8.41,8.3,8.34,23021300,SHB
2025-02-24 07:00:00,8.34,8.49,8.34,8.45,22491500,SHB
2025-02-25 07:00:00,8.49,8.49,8.34,8.45,30132300,SHB
2025-02-26 07:00:00,8.54,8.62,8.45,8.49,28383600,SHB
2025-02-27 07:00:00,8.49,8.54,8.4,8.45,19443100,SHB
2025-02-28 07:00:00,8.45,8.45,8.39,8.41,16586200,SHB
2025-03-03 07:00:00,8.45,8.45,8.34,8.34,23290200,SHB
2025-03-04 07:00:00,8.34,8.41,8.29,8.39,20526500,SHB
2025-03-05 07:00:00,8.4,8.49,8.39,8.4,16619800,SHB
2025-03-06 07:00:00,8.45,8.45,8.39,8.41,15899300,SHB
2025-03-07 07:00:00,8.41,8.49,8.39,8.41,18712800,SHB
2025-03-10 07:00:00,8.45,8.49,8.4,8.41,19179900,SHB
2025-03-11 07:00:00,8.36,8.41,8.34,8.4,16056800,SHB
2025-03-12 07:00:00,8.4,8.45,8.39,8.39,12846700,SHB
2025-03-13 07:00:00,8.41,8.41,8.36,8.41,22768900,SHB
2025-03-14 07:00:00,8.45,9.0,8.45,9.0,132319500,SHB
2025-03-17 07:00:00,9.21,9.59,9.17,9.46,94585500,SHB
2025-03-18 07:00:00,9.46,9.84,9.34,9.76,71982900,SHB
2025-03-19 07:00:00,9.67,9.93,9.59,9.8,68781700,SHB
2025-03-20 07:00:00,9.8,10.01,9.67,9.88,79891400,SHB
2025-03-21 07:00:00,9.97,10.14,9.8,9.88,74606600,SHB
2025-03-24 07:00:00,9.88,10.51,9.76,10.43,84692300,SHB
2025-03-25 07:00:00,10.51,10.6,10.14,10.43,77626700,SHB
2025-03-26 07:00:00,10.43,10.47,10.22,10.3,43763800,SHB
2025-03-27 07:00:00,10.3,10.72,10.3,10.68,65759600,SHB
2025-03-28 07:00:00,10.77,10.77,10.51,10.68,32388300,SHB
2025-03-31 07:00:00,10.6,10.6,10.26,10.47,56642800,SHB
2025-04-01 07:00:00,10.47,10.51,10.22,10.47,36192500,SHB
2025-04-02 07:00:00,10.51,10.68,10.43,10.56,47059100,SHB
2025-04-03 07:00:00,10.09,10.26,9.84,9.84,74320400,SHB
2025-04-04 07:00:00,9.21,10.14,9.17,10.14,138064300,SHB
2025-04-08 07:00:00,9.88,9.88,9.46,9.46,68958700,SHB
2025-04-09 07:00:00,8.92,9.63,8.92,9.21,62991200,SHB
2025-04-10 07:00:00,9.84,9.84,9.84,9.84,18928700,SHB
2025-04-11 07:00:00,10.01,10.22,9.67,10.22,103440900,SHB
2025-04-14 07:00:00,10.22,10.26,10.05,10.22,47312300,SHB
2025-04-15 07:00:00,10.14,10.18,9.84,10.01,58398700,SHB
2025-04-16 07:00:00,10.01,10.18,9.88,10.09,44580900,SHB
2025-04-17 07:00:00,9.97,10.22,9.93,10.14,45595600,SHB
2025-04-18 07:00:00,10.22,10.81,10.22,10.81,156329700,SHB
2025-04-21 07:00:00,11.02,11.14,10.81,11.1,82480800,SHB
2025-04-22 07:00:00,10.98,11.23,10.35,11.1,222722800,SHB
2025-04-23 07:00:00,11.27,11.27,10.77,10.93,101204700,SHB
2025-04-24 07:00:00,10.85,10.93,10.56,10.85,87203400,SHB
2025-04-25 07:00:00,10.85,10.89,10.56,10.77,71720900,SHB
2025-04-28 07:00:00,10.77,10.77,10.43,10.68,54229900,SHB
2025-04-29 07:00:00,10.68,10.89,10.47,10.6,53420500,SHB
2025-05-05 07:00:00,10.72,10.72,10.39,10.68,59601000,SHB
2025-05-06 07:00:00,10.68,10.81,10.51,10.51,54119300,SHB
2025-05-07 07:00:00,10.47,10.6,10.39,10.6,55814000,SHB
2025-05-08 07:00:00,10.68,11.02,10.51,10.85,89234400,SHB
2025-05-09 07:00:00,10.68,10.93,10.64,10.85,70367000,SHB
2025-05-12 07:00:00,10.85,11.06,10.72,11.06,84700800,SHB
2025-05-13 07:00:00,11.1,11.23,10.93,11.02,75244700,SHB
2025-05-14 07:00:00,10.93,11.02,10.85,10.93,52912000,SHB
2025-05-15 07:00:00,10.89,11.69,10.81,11.52,167912500,SHB
2025-05-16 07:00:00,11.36,11.48,11.23,11.31,47485100,SHB
2025-05-19 07:00:00,11.23,11.31,11.1,11.23,59670700,SHB
2025-05-20 07:00:00,11.27,11.44,11.14,11.23,90886200,SHB
2025-05-21 07:00:00,11.27,11.44,11.1,11.36,78342700,SHB
2025-05-22 07:00:00,11.36,11.44,11.14,11.31,76307600,SHB
2025-05-23 07:00:00,11.36,11.36,11.19,11.36,44765900,SHB
2025-05-26 07:00:00,11.36,11.65,11.19,11.44,91609200,SHB
2025-05-27 07:00:00,11.44,11.82,11.27,11.61,104817100,SHB
2025-05-28 07:00:00,11.61,11.61,11.4,11.61,52642000,SHB
2025-05-29 07:00:00,11.52,11.9,11.44,11.44,76820600,SHB
2025-05-30 07:00:00,11.44,11.52,11.19,11.4,87199800,SHB
2025-06-02 07:00:00,11.27,11.52,11.23,11.52,56189900,SHB
2025-06-03 07:00:00,11.52,11.82,11.44,11.69,95228600,SHB
2025-06-04 07:00:00,11.69,11.86,11.61,11.61,53770800,SHB
2025-06-05 07:00:00,11.56,11.61,11.48,11.52,33522900,SHB
2025-06-06 07:00:00,11.52,11.61,11.4,11.52,42661600,SHB
2025-06-09 07:00:00,11.52,11.57,11.26,11.39,50885100,SHB
2025-06-10 07:00:00,11.35,11.52,11.3,11.48,53433300,SHB
2025-06-11 07:00:00,11.48,11.65,11.35,11.61,49394100,SHB
2025-06-12 07:00:00,11.57,11.92,11.48,11.61,115563700,SHB
2025-06-13 07:00:00,11.48,11.48,11.17,11.26,66942100,SHB
2025-06-16 07:00:00,11.26,11.44,11.22,11.44,36540400,SHB
2025-06-17 07:00:00,11.44,11.52,11.39,11.52,38600500,SHB
2025-06-18 07:00:00,11.48,11.52,11.39,11.48,49657700,SHB
2025-06-19 07:00:00,11.44,11.65,11.35,11.35,51346200,SHB
2025-06-20 07:00:00,11.35,11.44,11.3,11.44,59502700,SHB
2025-06-23 07:00:00,11.35,11.39,11.26,11.35,42284200,SHB
2025-06-24 07:00:00,11.39,11.44,11.3,11.35,38105400,SHB
2025-06-25 07:00:00,11.35,11.39,11.22,11.39,64567200,SHB
2025-06-26 07:00:00,11.39,11.44,11.26,11.44,42889100,SHB
2025-06-27 07:00:00,11.44,11.61,11.26,11.3,88859200,SHB
2025-06-30 07:00:00,11.3,11.35,11.26,11.26,32595900,SHB
2025-07-01 07:00:00,11.26,11.3,11.13,11.22,47361400,SHB
2025-07-02 07:00:00,11.22,11.35,11.17,11.3,38438500,SHB
2025-07-03 07:00:00,11.3,11.44,11.22,11.35,52328600,SHB
2025-07-04 07:00:00,11.3,11.39,11.26,11.35,28615900,SHB
2025-07-07 07:00:00,11.35,12.13,11.35,12.13,249681700,SHB
2025-07-08 07:00:00,12.31,12.48,12.18,12.35,62936000,SHB
2025-07-09 07:00:00,12.4,12.57,12.18,12.22,111615300,SHB
2025-07-10 07:00:00,12.26,12.57,12.18,12.53,77622200,SHB
2025-07-11 07:00:00,12.57,12.57,12.31,12.4,68513300,SHB
2025-07-14 07:00:00,12.44,12.48,12.18,12.35,45614600,SHB
2025-07-15 07:00:00,12.35,12.66,12.31,12.31,77807300,SHB
2025-07-16 07:00:00,12.31,12.53,12.26,12.44,51787700,SHB
2025-07-17 07:00:00,12.48,12.61,12.35,12.48,66954100,SHB
2025-07-18 07:00:00,12.53,12.66,12.31,12.4,78343400,SHB
2025-07-21 07:00:00,12.48,12.88,12.44,12.74,101954800,SHB
2025-07-22 07:00:00,12.74,12.79,12.57,12.74,63416800,SHB
2025-07-23 07:00:00,12.83,13.01,12.66,12.79,80136000,SHB
2025-07-24 07:00:00,12.79,13.49,12.74,13.14,93426700,SHB
2025-07-25 07:00:00,13.27,13.31,13.1,13.14,59211800,SHB
2025-07-28 07:00:00,13.23,14.06,13.23,14.06,137745500,SHB
2025-07-29 07:00:00,14.4,14.54,13.14,13.14,152873400,SHB
2025-07-30 07:00:00,13.84,14.06,13.44,14.06,142533300,SHB
2025-07-31 07:00:00,14.97,15.02,14.49,15.02,181312600,SHB
2025-08-01 07:00:00,15.28,15.41,14.88,15.19,120276600,SHB
2025-08-04 07:00:00,15.19,16.24,15.19,16.24,91138400,SHB
2025-08-05 07:00:00,17.11,17.2,15.28,16.02,176220400,SHB
2025-08-06 07:00:00,16.24,16.67,16.02,16.37,92287300,SHB
2025-08-07 07:00:00,16.59,16.94,16.11,16.46,92391700,SHB
2025-08-08 07:00:00,16.59,16.89,16.15,16.28,94649800,SHB
2025-08-11 07:00:00,16.41,16.94,16.24,16.67,113985100,SHB
2025-08-12 07:00:00,16.85,16.85,16.41,16.5,66086100,SHB
2025-08-13 07:00:00,16.63,17.11,16.5,16.89,115023600,SHB
2025-08-14 07:00:00,17.07,18.03,17.02,17.81,119253100,SHB
2025-08-15 07:00:00,18.24,18.77,17.63,18.2,120150100,SHB
2025-08-18 07:00:00,19.04,19.19,18.55,18.6,103905200,SHB
2025-08-19 07:00:00,18.25,18.84,18.15,18.25,134077200,SHB
2025-08-20 07:00:00,18.15,18.25,17.26,18.05,162557300,SHB
2025-08-21 07:00:00,18.15,18.6,18.05,18.25,85261700,SHB
2025-08-22 07:00:00,18.05,18.25,17.02,17.02,166243400,SHB
2025-08-25 07:00:00,17.22,17.26,16.03,16.08,113188300,SHB
2025-08-26 07:00:00,15.98,17.17,15.98,17.17,86340400,SHB
2025-08-27 07:00:00,17.56,17.86,17.31,17.41,103800500,SHB
2025-08-28 07:00:00,17.46,18.3,17.22,18.15,152824000,SHB
2025-08-29 07:00:00,18.4,18.55,17.81,18.55,124638900,SHB
2025-09-03 07:00:00,18.7,18.84,18.25,18.79,95659800,SHB
2025-09-04 07:00:00,18.84,18.94,18.55,18.6,89129600,SHB
2025-09-05 07:00:00,18.79,18.84,17.66,17.76,131953500,SHB
2025-09-08 07:00:00,17.56,17.71,16.97,17.02,124526200,SHB
2025-09-09 07:00:00,17.07,17.46,16.97,17.36,70080800,SHB
2025-09-10 07:00:00,17.46,17.56,17.12,17.56,52450900,SHB
2025-09-11 07:00:00,17.36,17.56,16.92,17.56,88707100,SHB
2025-09-12 07:00:00,17.61,17.61,17.22,17.31,51664500,SHB
2025-09-15 07:00:00,17.31,17.71,17.07,17.56,93174400,SHB
2025-09-16 07:00:00,17.56,18.0,17.51,17.95,87193100,SHB
2025-09-17 07:00:00,17.76,17.91,17.61,17.81,64713500,SHB
2025-09-18 07:00:00,17.76,17.95,17.41,17.61,59508100,SHB
2025-09-19 07:00:00,17.61,17.71,17.36,17.51,82717900,SHB
2025-09-22 07:00:00,17.51,17.51,16.92,17.17,78597200,SHB
2025-09-23 07:00:00,17.07,17.31,16.72,16.77,142502100,SHB
2025-09-24 07:00:00,16.87,17.26,16.13,17.12,191797400,SHB
2025-09-25 07:00:00,17.12,17.22,16.67,17.12,61984100,SHB
2025-09-26 07:00:00,17.07,17.12,16.67,16.97,66856500,SHB
2025-09-29 07:00:00,16.82,17.26,16.57,16.57,78599700,SHB
2025-09-30 07:00:00,16.62,16.77,16.18,16.67,102650400,SHB
2025-10-01 07:00:00,16.67,16.87,16.52,16.72,47501700,SHB
2025-10-02 07:00:00,16.77,16.92,16.48,16.77,63664700,SHB
2025-10-03 07:00:00,16.67,16.82,16.48,16.48,64643400,SHB
2025-10-06 07:00:00,16.52,17.26,16.48,17.17,114772800,SHB
2025-10-07 07:00:00,17.22,17.22,16.82,17.02,85643500,SHB
2025-10-08 07:00:00,17.22,17.31,16.87,17.07,92523300,SHB
2025-10-09 07:00:00,17.12,18.2,17.07,17.66,189712900,SHB
2025-10-10 07:00:00,17.71,17.91,17.51,17.76,77920000,SHB
2025-10-13 07:00:00,17.46,17.95,17.41,17.86,118930300,SHB
2025-10-14 07:00:00,17.86,18.0,17.46,17.76,124387300,SHB
2025-10-15 07:00:00,17.71,18.2,17.66,17.95,135329400,SHB
2025-10-16 07:00:00,18.1,18.15,17.71,17.91,89585600,SHB
2025-10-17 07:00:00,17.91,18.0,17.51,17.86,115962400,SHB
2025-10-20 07:00:00,17.66,17.76,16.62,16.62,157036500,SHB
2025-10-21 07:00:00,16.62,17.02,15.88,16.77,144384000,SHB
2025-10-22 07:00:00,16.77,16.77,16.18,16.43,81491700,SHB
2025-10-23 07:00:00,16.43,16.77,16.38,16.48,80037000,SHB
2025-10-24 07:00:00,16.48,16.48,15.88,16.08,83830400,SHB
2025-10-27 07:00:00,16.18,16.23,15.78,15.93,95564800,SHB
2025-10-28 07:00:00,15.98,16.13,15.69,16.13,67544000,SHB
2025-10-29 07:00:00,16.08,16.82,16.03,16.57,117844300,SHB
2025-10-30 07:00:00,16.57,16.72,16.33,16.67,71843700,SHB
2025-10-31 07:00:00,16.62,16.62,16.23,16.23,47405000,SHB
2025-11-03 07:00:00,16.13,16.18,15.74,15.74,71719600,SHB
2025-11-04 07:00:00,15.69,16.18,15.14,16.08,96499600,SHB
2025-11-05 07:00:00,16.08,16.13,15.88,15.98,39403600,SHB
2025-11-06 07:00:00,15.83,16.03,15.64,15.64,54472700,SHB
2025-11-07 07:00:00,15.54,15.64,15.0,15.09,84767600,SHB
2025-11-10 07:00:00,15.04,15.39,14.9,15.09,48856900,SHB
2025-11-11 07:00:00,15.19,15.59,14.95,15.59,67711900,SHB
2025-11-12 07:00:00,15.59,16.08,15.34,16.08,83505400,SHB
2025-11-13 07:00:00,16.08,16.13,15.83,16.13,56710100,SHB
2025-11-14 07:00:00,15.98,16.13,15.88,16.13,62828700,SHB
2025-11-17 07:00:00,16.03,16.38,15.88,16.38,65266800,SHB
2025-11-18 07:00:00,16.28,16.38,16.08,16.28,44005400,SHB
2025-11-19 07:00:00,16.23,16.38,16.13,16.23,59460500,SHB
2025-11-20 07:00:00,16.18,16.43,16.03,16.43,83370900,SHB
2025-11-21 07:00:00,16.28,16.43,16.13,16.43,58408100,SHB
2025-11-24 07:00:00,16.33,16.48,16.23,16.33,50474000,SHB
2025-11-25 07:00:00,16.33,16.48,16.13,16.18,77663400,SHB
2025-11-26 07:00:00,16.13,16.52,16.13,16.48,87211400,SHB
2025-11-27 07:00:00,16.43,16.67,16.38,16.52,49403500,SHB
2025-11-28 07:00:00,16.48,16.57,16.38,16.57,56614300,SHB
2025-12-01 07:00:00,16.52,16.82,16.48,16.77,57719700,SHB
2025-12-02 07:00:00,16.67,16.77,16.57,16.77,63698600,SHB
2025-12-03 07:00:00,16.67,17.12,16.67,17.12,81797500,SHB
2025-12-04 07:00:00,17.07,17.17,16.97,17.07,48195600,SHB
2025-12-05 07:00:00,17.02,17.12,16.52,16.52,58168300,SHB
2025-12-08 07:00:00,16.52,16.62,16.33,16.38,55435100,SHB
2025-12-09 07:00:00,16.33,16.38,15.88,16.28,88519600,SHB
2025-12-10 07:00:00,16.28,16.28,16.03,16.23,38890500,SHB
2025-12-11 07:00:00,16.18,16.23,15.88,16.13,55345200,SHB
2025-12-12 07:00:00,16.03,16.08,15.78,15.78,65585600,SHB
2025-12-15 07:00:00,15.78,15.88,15.44,15.69,49057500,SHB
2025-12-16 07:00:00,15.59,16.13,15.44,15.69,56757200,SHB
2025-12-17 07:00:00,15.74,15.78,15.49,15.49,48835400,SHB
2025-12-18 07:00:00,15.64,16.03,15.44,15.88,72289300,SHB
2025-12-19 07:00:00,15.98,15.98,15.69,15.93,47537900,SHB
2025-12-22 07:00:00,15.98,16.28,15.88,16.08,66430700,SHB
2025-12-23 07:00:00,16.13,16.23,15.93,16.08,59829000,SHB
2025-12-24 07:00:00,16.08,16.92,16.08,16.67,112666600,SHB
2025-12-25 07:00:00,16.67,16.77,16.28,16.28,56912300,SHB
2025-12-26 07:00:00,16.13,16.28,15.69,16.13,108127100,SHB
2025-12-29 07:00:00,16.13,16.13,15.98,15.98,44770600,SHB
2025-12-30 07:00:00,15.93,16.18,15.93,16.13,65877000,SHB
2025-12-31 07:00:00,16.13,16.18,15.98,16.13,52638000,SHB
2026-01-05 07:00:00,16.08,16.18,15.69,15.88,64342300,SHB
2026-01-06 07:00:00,15.78,15.98,15.59,15.98,77500200,SHB
2026-01-07 07:00:00,16.03,16.33,15.98,16.28,81138200,SHB
2026-01-08 07:00:00,16.33,16.82,16.18,16.38,135955100,SHB
2026-01-09 07:00:00,16.48,16.57,16.28,16.28,68480400,SHB
2026-01-12 07:00:00,16.23,16.97,16.18,16.77,107621400,SHB
2026-01-13 07:00:00,16.97,16.97,16.43,16.48,88823200,SHB
2026-01-14 07:00:00,16.48,16.62,16.33,16.48,81592100,SHB
2026-01-15 07:00:00,16.43,16.48,16.03,16.28,83216100,SHB
2026-01-16 07:00:00,16.38,16.57,16.13,16.13,58807900,SHB
2026-01-19 07:00:00,16.18,16.43,16.08,16.28,59592800,SHB
2026-01-20 07:00:00,16.33,16.48,16.13,16.33,54106900,SHB
2026-01-21 07:00:00,16.18,16.28,16.03,16.23,65842200,SHB
2026-01-22 07:00:00,16.23,16.33,16.08,16.08,58903900,SHB
2026-01-23 07:00:00,16.13,16.18,16.03,16.08,49017900,SHB
2026-01-26 07:00:00,16.03,16.13,15.44,15.54,75374500,SHB
2026-01-27 07:00:00,15.59,15.83,15.44,15.83,51904700,SHB
2026-01-28 07:00:00,15.74,15.83,15.59,15.78,42882400,SHB
2026-01-29 07:00:00,15.69,15.78,15.59,15.74,41935000,SHB
2026-01-30 07:00:00,15.69,15.98,15.59,15.78,53345400,SHB
2026-02-02 07:00:00,15.78,15.83,15.49,15.54,49881000,SHB
2026-02-03 07:00:00,15.69,15.74,15.49,15.59,53252800,SHB
2026-02-04 07:00:00,15.59,15.69,15.44,15.59,47046700,SHB
2026-02-05 07:00:00,15.59,15.64,15.44,15.44,46304700,SHB
2026-02-06 07:00:00,15.34,15.64,15.14,15.14,62805800,SHB
2026-02-09 07:00:00,15.24,15.24,14.85,15.04,53793600,SHB
2026-02-10 07:00:00,15.0,15.19,14.75,15.04,45414500,SHB
2026-02-11 07:00:00,15.04,15.49,14.95,15.29,59290200,SHB
2026-02-12 07:00:00,15.29,15.44,15.04,15.14,37459600,SHB
2026-02-13 07:00:00,15.14,15.24,15.04,15.24,37753700,SHB
2026-02-23 07:00:00,15.34,15.59,15.19,15.59,54597400,SHB
2026-02-24 07:00:00,15.54,15.64,15.34,15.34,49627800,SHB
2026-02-25 07:00:00,15.39,15.98,15.29,15.98,106131300,SHB
2026-02-26 07:00:00,16.08,16.08,15.78,15.93,45204400,SHB
2026-02-27 07:00:00,15.93,15.93,15.64,15.74,38821900,SHB
2026-03-02 07:00:00,15.09,15.64,15.0,15.44,88122000,SHB
2026-03-03 07:00:00,15.44,15.49,15.14,15.29,53183400,SHB
2026-03-04 07:00:00,15.24,15.34,14.8,15.29,87559100,SHB
2026-03-05 07:00:00,15.44,15.49,14.95,15.04,67258100,SHB
2026-03-06 07:00:00,15.0,15.39,14.75,15.19,73881300,SHB
2026-03-09 07:00:00,14.35,14.7,14.16,14.16,123396700,SHB
2026-03-10 07:00:00,14.35,14.55,13.96,14.3,79944700,SHB
2026-03-11 07:00:00,14.35,14.65,14.21,14.55,52147100,SHB
2026-03-12 07:00:00,14.4,14.9,14.26,14.75,83295200,SHB
2026-03-13 07:00:00,14.45,14.75,14.4,14.75,57514000,SHB
2026-03-16 07:00:00,14.65,15.09,14.5,15.0,84195400,SHB
2026-03-17 07:00:00,15.04,15.09,14.85,14.85,48614400,SHB
2026-03-18 07:00:00,14.85,15.0,14.7,14.9,46241800,SHB
2026-03-19 07:00:00,14.75,14.95,14.55,14.8,65431900,SHB
2026-03-20 07:00:00,14.7,14.9,14.6,14.7,35688500,SHB
2026-03-23 07:00:00,14.55,14.6,14.11,14.21,85660000,SHB
2026-03-24 07:00:00,14.5,14.55,14.21,14.26,34929600,SHB
2026-03-25 07:00:00,14.4,14.8,14.3,14.8,76541900,SHB
2026-03-26 07:00:00,14.75,15.04,14.55,14.95,67867100,SHB
2026-03-27 07:00:00,14.95,15.24,14.85,15.19,69844300,SHB
2026-03-30 07:00:00,15.0,15.24,14.8,15.24,85561300,SHB
2026-03-31 07:00:00,15.09,15.34,15.04,15.34,96443300,SHB
2026-04-01 07:00:00,15.39,15.44,15.0,15.0,79845400,SHB
2026-04-02 07:00:00,14.95,14.95,14.55,14.65,110127300,SHB
2026-04-03 07:00:00,14.85,14.9,14.4,14.9,52368000,SHB
2026-04-06 07:00:00,14.8,14.8,14.5,14.5,35893400,SHB
2026-04-07 07:00:00,14.7,14.7,14.45,14.7,51817400,SHB
2026-04-08 07:00:00,15.0,15.35,14.85,15.3,80529600,SHB
2026-04-09 07:00:00,15.2,15.5,15.05,15.5,85696800,SHB
2026-04-10 07:00:00,15.55,15.55,15.2,15.4,105591400,SHB
2026-04-13 07:00:00,15.2,15.25,14.95,15.0,115190900,SHB
2026-04-14 07:00:00,15.1,15.15,14.8,15.1,98761800,SHB
2026-04-15 07:00:00,15.1,15.4,14.95,15.4,71780700,SHB
2026-04-16 07:00:00,15.15,15.55,15.1,15.55,137811200,SHB
2026-04-17 07:00:00,15.4,15.5,15.25,15.3,65583800,SHB
2026-04-20 07:00:00,15.2,15.3,15.15,15.3,47390400,SHB
2026-04-21 07:00:00,15.3,15.4,15.15,15.15,48986600,SHB
2026-04-22 07:00:00,15.15,15.25,15.05,15.2,47506900,SHB
2026-04-23 07:00:00,15.15,15.2,14.8,14.8,97117400,SHB
2026-04-24 07:00:00,14.8,14.85,14.6,14.75,44854800,SHB
2026-04-28 07:00:00,14.75,14.75,14.45,14.45,51564900,SHB
2026-04-29 07:00:00,14.55,14.6,14.35,14.55,41650500,SHB
2026-05-04 07:00:00,14.65,14.65,14.35,14.35,62363300,SHB
2026-05-05 07:00:00,14.4,14.4,14.0,14.0,79172900,SHB
2026-05-06 07:00:00,14.1,14.2,14.0,14.1,38754800,SHB
2026-05-07 07:00:00,14.25,14.3,14.05,14.1,40214900,SHB
2026-05-08 07:00:00,14.1,14.25,14.0,14.25,65804100,SHB
2026-05-11 07:00:00,14.25,14.25,14.0,14.15,39403900,SHB
2026-05-12 07:00:00,14.1,14.15,13.95,14.0,45001700,SHB
2026-05-13 07:00:00,14.05,14.05,13.9,14.0,39752300,SHB
2026-05-14 07:00:00,14.0,14.1,13.9,14.0,38039000,SHB
2026-05-15 07:00:00,14.0,14.05,13.9,13.9,39435600,SHB
2026-05-18 07:00:00,13.85,13.9,13.7,13.8,44049800,SHB
2026-05-19 07:00:00,13.8,13.9,13.6,13.65,46256500,SHB
2026-05-20 07:00:00,13.65,13.65,13.1,13.55,105588900,SHB
2026-05-21 07:00:00,13.6,13.6,13.35,13.6,37560900,SHB
2026-05-22 07:00:00,13.5,13.55,13.35,13.55,41369900,SHB
2026-05-25 07:00:00,13.45,13.75,13.45,13.7,47404600,SHB
2026-05-26 07:00:00,13.7,13.9,13.6,13.8,47154600,SHB
2026-05-27 07:00:00,13.75,14.05,13.65,14.0,65737500,SHB
2026-05-28 07:00:00,14.0,14.05,13.7,13.8,50474100,SHB
2026-05-29 07:00:00,13.75,13.8,13.65,13.8,47509600,SHB
2026-06-01 07:00:00,13.7,13.8,13.6,13.75,43742100,SHB
2026-06-02 07:00:00,13.65,13.7,13.55,13.6,70057300,SHB
2026-06-03 07:00:00,13.55,13.8,13.5,13.8,52279700,SHB
2026-06-04 07:00:00,13.75,13.8,13.65,13.8,42763300,SHB
2026-06-05 07:00:00,13.9,14.15,13.85,14.0,55973700,SHB
2026-06-08 07:00:00,13.85,13.9,13.6,13.7,45816900,SHB
2026-06-09 07:00:00,13.6,13.8,13.6,13.8,42321800,SHB
2026-06-10 07:00:00,13.75,13.85,13.7,13.8,42373200,SHB
2026-06-11 07:00:00,13.65,13.75,13.6,13.65,37995600,SHB
2026-06-12 07:00:00,13.75,13.85,13.65,13.8,58486500,SHB
2026-06-15 07:00:00,13.9,14.0,13.8,13.9,48683600,SHB
2026-06-16 07:00:00,14.0,14.05,13.85,13.9,47856000,SHB
2026-06-17 07:00:00,13.8,14.05,13.8,14.0,55469700,SHB
2026-06-18 07:00:00,14.05,14.1,13.9,13.9,46859900,SHB
2026-06-19 07:00:00,13.85,13.9,13.75,13.75,40246300,SHB
2026-06-22 07:00:00,13.75,13.8,13.6,13.7,43863500,SHB
2026-06-23 07:00:00,13.7,13.85,13.6,13.7,63395600,SHB
2026-06-24 07:00:00,13.8,13.8,13.55,13.65,38938800,SHB
2026-06-25 07:00:00,13.65,13.7,13.55,13.65,36595800,SHB
2026-06-26 07:00:00,13.6,13.65,13.5,13.65,39538000,SHB
2026-06-29 07:00:00,13.7,13.7,13.6,13.6,32752100,SHB
2026-06-30 07:00:00,13.65,13.7,13.45,13.55,57826800,SHB
2026-07-01 07:00:00,13.55,13.75,13.5,13.7,46147200,SHB
2026-07-02 07:00:00,13.7,13.95,13.65,13.7,61258300,SHB
2026-07-03 07:00:00,13.75,13.8,13.55,13.65,26499500,SHB
2026-07-06 07:00:00,13.65,13.7,13.3,13.35,68677300,SHB
2026-07-07 07:00:00,13.4,13.45,13.2,13.4,47938800,SHB
2026-07-08 07:00:00,13.4,13.4,13.3,13.4,40178400,SHB
2026-07-09 07:00:00,13.35,13.4,13.2,13.35,34925900,SHB
2026-07-10 07:00:00,13.35,13.35,13.15,13.15,36761600,SHB
2026-07-13 07:00:00,13.15,13.2,12.6,12.6,75701800,SHB
2026-07-14 07:00:00,12.6,12.8,12.5,12.8,43115600,SHB
2026-07-15 07:00:00,12.9,12.9,12.55,12.6,29951400,SHB
2026-07-16 07:00:00,12.5,12.7,12.45,12.7,44944200,SHB
2026-07-17 07:00:00,12.7,12.75,12.55,12.65,26369700,SHB
2026-07-20 07:00:00,12.55,12.6,11.8,11.8,73724500,SHB
2026-07-21 07:00:00,11.8,11.95,11.7,11.8,66753500,SHB
2026-07-22 07:00:00,11.8,11.85,11.55,11.7,58752400,SHB
2026-07-23 07:00:00,11.55,12.0,11.4,12.0,92228500,SHB
2026-07-24 07:00:00,11.95,11.95,11.7,11.8,45368400,SHB
2026-07-27 07:00:00,11.75,11.8,11.45,11.45,45029000,SHB
2026-07-28 07:00:00,11.2,11.55,11.1,11.4,79774400,SHB
2026-07-29 07:00:00,11.4,11.4,11.2,11.2,46995100,SHB
2026-07-30 07:00:00,11.25,11.8,11.2,11.75,73125800,SHB
2026-07-31 07:00:00,11.75,11.8,11.5,11.5,36640700,SHB
2026-08-03 07:00:00,11.55,11.9,11.5,11.9,58669800,SHB
2026-08-04 07:00:00,11.85,11.95,11.7,11.8,53016500,SHB
2026-08-05 07:00:00,11.8,11.9,11.65,11.8,50594900,SHB
2026-08-06 07:00:00,11.85,11.85,11.6,11.8,36443100,SHB
2026-08-07 07:00:00,11.75,11.75,11.65,11.7,51362900,SHB
2026-08-10 07:00:00,11.75,12.1,11.65,12.0,78433800,SHB
2026-08-11 07:00:00,12.05,12.15,11.9,11.9,34503300,SHB
2026-08-12 07:00:00,11.85,11.95,11.75,11.85,40962600,SHB
2026-08-13 07:00:00,11.85,11.95,11.65,11.8,60136300,SHB
2026-08-14 07:00:00,11.7,11.75,11.45,11.75,47476900,SHB
2026-08-17 07:00:00,11.65,11.8,11.55,11.65,40078500,SHB
2026-08-18 07:00:00,11.65,11.7,11.4,11.6,51274900,SHB
2026-08-19 07:00:00,11.6,11.6,11.4,11.5,49190900,SHB
2026-08-20 07:00:00,11.55,11.6,11.45,11.6,23431500,SHB
2026-08-21 07:00:00,11.55,11.95,11.5,11.9,69615500,SHB
2026-08-24 07:00:00,12.05,12.2,11.9,12.1,50586300,SHB
2026-08-25 07:00:00,12.05,12.1,11.9,12.05,50895000,SHB
2026-08-26 07:00:00,12.0,12.1,11.85,12.05,50182500,SHB
2026-08-27 07:00:00,12.05,12.1,11.9,11.9,28163100,SHB
2026-08-28 07:00:00,11.9,12.25,11.85,12.2,77694300,SHB
2026-09-03 07:00:00,12.05,12.15,11.95,11.95,29902700,SHB
2026-09-04 07:00:00,11.95,12.1,11.9,12.05,61718100,SHB
2026-09-07 07:00:00,12.15,12.15,11.85,11.9,32308100,SHB
2026-09-08 07:00:00,11.85,11.9,11.8,11.85,26743200,SHB
2026-09-09 07:00:00,11.85,11.95,11.7,11.75,52583100,SHB
2026-09-10 07:00:00,11.75,11.8,11.6,11.75,35366100,SHB
2026-09-11 07:00:00,11.7,11.75,11.5,11.55,53980000,SHB
2026-09-14 07:00:00,11.55,11.6,11.3,11.4,52587200,SHB
2026-09-15 07:00:00,11.45,11.55,11.35,11.55,56436700,SHB
2026-09-16 07:00:00,11.5,11.55,11.35,11.5,34650000,SHB
2026-09-17 07:00:00,11.4,11.6,11.35,11.6,47410400,SHB
2026-09-18 07:00:00,11.6,11.8,11.5,11.8,51778900,SHB
2026-09-21 07:00:00,11.75,11.8,11.5,11.6,47347800,SHB
2026-09-22 07:00:00,11.6,11.65,11.5,11.65,15475500,SHB
2026-09-23 07:00:00,11.65,11.7,11.6,11.6,1179900,SHB
