time,open,high,low,close,volume,ticker
2019-01-02 07:00:00,12.0,12.05,11.6,11.6,3858970,STB
2019-01-03 07:00:00,11.5,11.65,11.1,11.1,6284880,STB
2019-01-04 07:00:00,11.0,11.35,10.9,11.15,3828780,STB
2019-01-07 07:00:00,11.4,11.6,11.35,11.5,3702750,STB
2019-01-08 07:00:00,11.5,11.5,11.3,11.35,1572220,STB
2019-01-09 07:00:00,11.4,11.55,11.4,11.4,2633920,STB
2019-01-10 07:00:00,11.5,11.5,11.35,11.4,2073630,STB
2019-01-11 07:00:00,11.45,11.5,11.3,11.4,2169340,STB
2019-01-14 07:00:00,11.4,11.45,11.2,11.2,1929220,STB
2019-01-15 07:00:00,11.25,11.35,11.2,11.3,2159900,STB
2019-01-16 07:00:00,11.4,11.45,11.3,11.3,2682420,STB
2019-01-17 07:00:00,11.2,11.4,11.15,11.2,1740540,STB
2019-01-18 07:00:00,11.25,11.3,11.05,11.25,2620140,STB
2019-01-21 07:00:00,11.35,11.85,11.25,11.7,6690440,STB
2019-01-22 07:00:00,11.85,11.85,11.7,11.75,4051900,STB
2019-01-23 07:00:00,11.75,12.25,11.7,12.15,7824620,STB
2019-01-24 07:00:00,12.1,12.2,12.0,12.2,3754610,STB
2019-01-25 07:00:00,12.2,12.4,12.15,12.3,6422920,STB
2019-01-28 07:00:00,12.35,12.35,12.1,12.25,2703010,STB
2019-01-29 07:00:00,12.2,12.2,12.05,12.15,2870480,STB
2019-01-30 07:00:00,12.15,12.2,12.0,12.0,2487300,STB
2019-01-31 07:00:00,12.1,12.4,12.0,12.3,5064350,STB
2019-02-01 07:00:00,12.3,12.4,12.2,12.4,3351230,STB
2019-02-11 07:00:00,12.6,12.95,12.45,12.95,6861770,STB
2019-02-12 07:00:00,12.85,13.1,12.8,13.0,6462030,STB
2019-02-13 07:00:00,13.0,13.1,12.95,13.0,6887720,STB
2019-02-14 07:00:00,12.9,13.05,12.9,12.95,4821990,STB
2019-02-15 07:00:00,12.9,13.05,12.75,13.0,4507890,STB
2019-02-18 07:00:00,13.05,13.2,12.95,13.1,3713540,STB
2019-02-19 07:00:00,13.15,13.15,12.8,12.8,5247880,STB
2019-02-20 07:00:00,12.85,13.05,12.7,12.9,5454950,STB
2019-02-21 07:00:00,12.95,13.0,12.8,13.0,4116800,STB
2019-02-22 07:00:00,12.8,13.15,12.8,13.05,5726470,STB
2019-02-25 07:00:00,13.1,13.15,12.9,12.9,6896200,STB
2019-02-26 07:00:00,12.9,12.95,12.7,12.8,3764680,STB
2019-02-27 07:00:00,12.8,12.9,12.7,12.7,2409880,STB
2019-02-28 07:00:00,12.75,12.85,12.3,12.3,8437060,STB
2019-03-01 07:00:00,12.5,12.65,12.45,12.65,2599200,STB
2019-03-04 07:00:00,12.75,12.8,12.65,12.75,3063000,STB
2019-03-05 07:00:00,12.75,12.9,12.65,12.7,4727110,STB
2019-03-06 07:00:00,12.7,12.75,12.6,12.65,2020170,STB
2019-03-07 07:00:00,12.65,12.9,12.65,12.8,3504640,STB
2019-03-08 07:00:00,12.7,12.75,12.55,12.6,2904210,STB
2019-03-11 07:00:00,12.6,12.65,12.45,12.55,2106880,STB
2019-03-12 07:00:00,12.65,12.7,12.5,12.7,3782210,STB
2019-03-13 07:00:00,12.75,12.95,12.75,12.8,6154040,STB
2019-03-14 07:00:00,12.85,13.15,12.75,13.0,8475690,STB
2019-03-15 07:00:00,13.0,13.05,12.85,12.95,4399800,STB
2019-03-18 07:00:00,12.95,13.05,12.85,12.85,3314010,STB
2019-03-19 07:00:00,12.8,12.9,12.7,12.7,4335960,STB
2019-03-20 07:00:00,12.65,12.85,12.65,12.8,4222210,STB
2019-03-21 07:00:00,12.8,12.9,12.5,12.5,4744360,STB
2019-03-22 07:00:00,12.6,12.65,12.45,12.55,3001570,STB
2019-03-25 07:00:00,12.3,12.45,12.15,12.25,3929770,STB
2019-03-26 07:00:00,12.3,12.45,12.3,12.3,1684920,STB
2019-03-27 07:00:00,12.35,12.4,12.3,12.35,1242070,STB
2019-03-28 07:00:00,12.3,12.3,12.15,12.15,4031920,STB
2019-03-29 07:00:00,12.2,12.35,12.15,12.2,3432790,STB
2019-04-01 07:00:00,12.2,12.4,12.2,12.4,1685150,STB
2019-04-02 07:00:00,12.45,12.5,12.2,12.2,1825870,STB
2019-04-03 07:00:00,12.2,12.3,12.15,12.25,1428070,STB
2019-04-04 07:00:00,12.3,12.3,12.2,12.3,1093530,STB
2019-04-05 07:00:00,12.3,12.3,12.2,12.25,1143430,STB
2019-04-08 07:00:00,12.25,12.3,12.15,12.25,1881280,STB
2019-04-09 07:00:00,12.3,12.35,12.2,12.25,2722310,STB
2019-04-10 07:00:00,12.2,12.25,12.05,12.1,1969270,STB
2019-04-11 07:00:00,12.2,12.2,12.05,12.05,788760,STB
2019-04-12 07:00:00,12.05,12.15,12.05,12.1,1541760,STB
2019-04-16 07:00:00,12.0,12.15,11.85,12.05,3054010,STB
2019-04-17 07:00:00,12.15,12.2,11.9,11.9,1712260,STB
2019-04-18 07:00:00,12.0,12.0,11.75,11.75,2439170,STB
2019-04-19 07:00:00,11.8,11.9,11.75,11.75,1650400,STB
2019-04-22 07:00:00,11.8,11.8,11.55,11.55,2430560,STB
2019-04-23 07:00:00,11.6,12.2,11.55,12.05,4444940,STB
2019-04-24 07:00:00,12.15,12.2,12.05,12.05,2009830,STB
2019-04-25 07:00:00,12.05,12.05,11.8,11.85,2901000,STB
2019-04-26 07:00:00,11.85,12.0,11.85,11.95,1503470,STB
2019-05-02 07:00:00,12.1,12.1,11.85,11.9,2096650,STB
2019-05-03 07:00:00,11.9,12.4,11.9,12.35,8683660,STB
2019-05-06 07:00:00,12.2,12.2,12.05,12.05,2757880,STB
2019-05-07 07:00:00,12.15,12.2,12.05,12.1,3868150,STB
2019-05-08 07:00:00,11.95,12.25,11.95,12.15,4254250,STB
2019-05-09 07:00:00,12.15,12.2,11.85,11.9,6642650,STB
2019-05-10 07:00:00,12.0,12.05,11.9,12.0,1969450,STB
2019-05-13 07:00:00,11.95,12.05,11.85,11.95,1962990,STB
2019-05-14 07:00:00,11.85,11.95,11.8,11.9,2992760,STB
2019-05-15 07:00:00,12.0,12.15,11.95,12.05,3044590,STB
2019-05-16 07:00:00,12.15,12.15,11.95,12.0,1844380,STB
2019-05-17 07:00:00,11.95,12.05,11.95,11.95,1816710,STB
2019-05-20 07:00:00,12.0,12.05,11.9,11.95,2869040,STB
2019-05-21 07:00:00,12.0,12.2,11.95,12.05,5450380,STB
2019-05-22 07:00:00,12.05,12.2,12.0,12.05,4453110,STB
2019-05-23 07:00:00,12.05,12.15,11.95,12.0,1873810,STB
2019-05-24 07:00:00,11.9,11.95,11.75,11.8,6040540,STB
2019-05-27 07:00:00,11.8,11.9,11.75,11.8,1256990,STB
2019-05-28 07:00:00,11.85,11.95,11.75,11.8,2307740,STB
2019-05-29 07:00:00,11.85,11.85,11.75,11.75,1765170,STB
2019-05-30 07:00:00,11.75,11.9,11.7,11.8,2100560,STB
2019-05-31 07:00:00,11.75,11.9,11.7,11.75,1928870,STB
2019-06-03 07:00:00,11.7,11.75,11.5,11.6,3847140,STB
2019-06-04 07:00:00,11.65,11.7,11.55,11.6,2440450,STB
2019-06-05 07:00:00,11.7,11.8,11.65,11.65,2401360,STB
2019-06-06 07:00:00,11.65,11.7,11.55,11.55,1900010,STB
2019-06-07 07:00:00,11.6,11.75,11.6,11.75,1429480,STB
2019-06-10 07:00:00,11.75,11.85,11.75,11.8,3030830,STB
2019-06-11 07:00:00,11.85,11.85,11.7,11.7,1201010,STB
2019-06-12 07:00:00,11.7,11.8,11.65,11.65,556040,STB
2019-06-13 07:00:00,11.65,11.7,11.6,11.6,1308500,STB
2019-06-14 07:00:00,11.65,11.75,11.6,11.65,1135670,STB
2019-06-17 07:00:00,11.65,11.7,11.45,11.45,2865290,STB
2019-06-18 07:00:00,11.45,11.5,11.2,11.2,3530280,STB
2019-06-19 07:00:00,11.3,11.4,11.25,11.3,1284560,STB
2019-06-20 07:00:00,11.3,11.55,11.3,11.5,2744170,STB
2019-06-21 07:00:00,11.45,11.6,11.4,11.45,15020810,STB
2019-06-24 07:00:00,11.5,11.7,11.5,11.7,3159730,STB
2019-06-25 07:00:00,11.7,11.8,11.6,11.65,2499830,STB
2019-06-26 07:00:00,11.6,11.65,11.5,11.5,2815950,STB
2019-06-27 07:00:00,11.55,11.55,11.3,11.3,3913270,STB
2019-06-28 07:00:00,11.35,11.4,11.25,11.35,3056690,STB
2019-07-01 07:00:00,11.45,11.6,11.45,11.55,4227550,STB
2019-07-02 07:00:00,11.55,11.55,11.4,11.45,2530270,STB
2019-07-03 07:00:00,11.5,11.5,11.35,11.35,2342120,STB
2019-07-04 07:00:00,11.4,11.55,11.35,11.45,2407380,STB
2019-07-05 07:00:00,11.45,11.5,11.4,11.4,2275820,STB
2019-07-08 07:00:00,11.45,11.5,11.3,11.4,2468730,STB
2019-07-09 07:00:00,11.4,11.45,11.3,11.35,1626810,STB
2019-07-10 07:00:00,11.4,11.55,11.35,11.45,3207160,STB
2019-07-11 07:00:00,11.55,11.55,11.4,11.5,2599710,STB
2019-07-12 07:00:00,11.5,11.55,11.4,11.4,2599730,STB
2019-07-15 07:00:00,11.5,11.5,11.3,11.35,3388570,STB
2019-07-16 07:00:00,11.4,11.5,11.3,11.4,3238030,STB
2019-07-17 07:00:00,11.45,11.65,11.4,11.55,7842600,STB
2019-07-18 07:00:00,11.55,11.65,11.5,11.55,3647500,STB
2019-07-19 07:00:00,11.55,11.75,11.55,11.7,4763810,STB
2019-07-22 07:00:00,11.65,11.75,11.5,11.5,2825190,STB
2019-07-23 07:00:00,11.55,11.6,11.5,11.5,1904960,STB
2019-07-24 07:00:00,11.5,11.55,11.35,11.35,4401900,STB
2019-07-25 07:00:00,11.35,11.35,11.2,11.2,5858050,STB
2019-07-26 07:00:00,11.2,11.3,11.15,11.15,2702500,STB
2019-07-29 07:00:00,11.2,11.2,10.9,10.95,6831730,STB
2019-07-30 07:00:00,10.95,11.05,10.85,10.85,2008890,STB
2019-07-31 07:00:00,10.9,10.9,10.6,10.7,3284590,STB
2019-08-01 07:00:00,10.7,10.75,10.5,10.5,5005510,STB
2019-08-02 07:00:00,10.4,10.8,10.35,10.6,3080950,STB
2019-08-05 07:00:00,10.55,10.6,10.4,10.45,2081320,STB
2019-08-06 07:00:00,10.35,10.5,10.2,10.45,3117750,STB
2019-08-07 07:00:00,10.35,10.6,10.4,10.4,1977070,STB
2019-08-08 07:00:00,10.4,10.45,10.35,10.45,1509710,STB
2019-08-09 07:00:00,10.45,10.5,10.35,10.35,2443760,STB
2019-08-12 07:00:00,10.4,10.45,10.3,10.35,1447220,STB
2019-08-13 07:00:00,10.3,10.35,10.15,10.2,4097420,STB
2019-08-14 07:00:00,10.35,10.35,10.15,10.15,3673350,STB
2019-08-15 07:00:00,10.05,10.35,10.0,10.35,3229580,STB
2019-08-16 07:00:00,10.3,10.45,10.15,10.3,1934150,STB
2019-08-19 07:00:00,10.35,10.4,10.2,10.25,1298090,STB
2019-08-20 07:00:00,10.3,10.3,10.2,10.3,1236150,STB
2019-08-21 07:00:00,10.3,10.3,10.2,10.25,2443720,STB
2019-08-22 07:00:00,10.25,10.4,10.25,10.3,2733650,STB
2019-08-23 07:00:00,10.4,10.75,10.3,10.7,6009530,STB
2019-08-26 07:00:00,10.5,10.65,10.45,10.55,3639220,STB
2019-08-27 07:00:00,10.55,10.65,10.45,10.45,3932380,STB
2019-08-28 07:00:00,10.5,10.5,10.35,10.35,2132130,STB
2019-08-29 07:00:00,10.4,10.45,10.3,10.35,1731710,STB
2019-08-30 07:00:00,10.35,10.4,10.3,10.4,1448930,STB
2019-09-03 07:00:00,10.4,10.4,10.2,10.2,3237800,STB
2019-09-04 07:00:00,10.2,10.25,10.05,10.15,2860970,STB
2019-09-05 07:00:00,10.15,10.3,10.1,10.15,2863620,STB
2019-09-06 07:00:00,10.2,10.2,10.1,10.15,1276330,STB
2019-09-09 07:00:00,10.25,10.25,10.1,10.1,1396010,STB
2019-09-10 07:00:00,10.15,10.15,10.0,10.05,5125250,STB
2019-09-11 07:00:00,10.0,10.1,10.0,10.05,1463100,STB
2019-09-12 07:00:00,10.1,10.15,10.05,10.15,2176840,STB
2019-09-13 07:00:00,10.15,10.35,10.1,10.35,4211290,STB
2019-09-16 07:00:00,10.35,10.4,10.25,10.35,2484340,STB
2019-09-17 07:00:00,10.25,10.35,10.15,10.2,3517780,STB
2019-09-18 07:00:00,10.2,10.3,10.15,10.2,3453760,STB
2019-09-19 07:00:00,10.2,10.55,10.15,10.55,8105240,STB
2019-09-20 07:00:00,10.6,10.6,10.35,10.35,3594730,STB
2019-09-23 07:00:00,10.35,10.75,10.35,10.55,10246570,STB
2019-09-24 07:00:00,10.55,10.65,10.5,10.5,2859850,STB
2019-09-25 07:00:00,10.45,10.65,10.45,10.6,2613640,STB
2019-09-26 07:00:00,10.6,10.7,10.55,10.7,3308980,STB
2019-09-27 07:00:00,10.7,10.75,10.6,10.65,4205060,STB
2019-09-30 07:00:00,10.7,10.75,10.55,10.55,3901750,STB
2019-10-01 07:00:00,10.55,10.6,10.45,10.5,3586610,STB
2019-10-02 07:00:00,10.5,10.6,10.4,10.4,3177060,STB
2019-10-03 07:00:00,10.35,10.5,10.3,10.5,2364630,STB
2019-10-04 07:00:00,10.5,10.6,10.4,10.4,1576130,STB
2019-10-07 07:00:00,10.45,10.6,10.4,10.5,2965990,STB
2019-10-08 07:00:00,10.6,11.0,10.55,11.0,11682970,STB
2019-10-09 07:00:00,11.0,11.1,10.85,10.9,5653080,STB
2019-10-10 07:00:00,10.9,10.95,10.8,10.8,3374460,STB
2019-10-11 07:00:00,10.8,11.25,10.8,11.0,8083600,STB
2019-10-14 07:00:00,11.1,11.3,11.1,11.1,6856600,STB
2019-10-15 07:00:00,11.1,11.2,11.0,11.05,2781510,STB
2019-10-16 07:00:00,11.1,11.2,11.0,11.05,2388980,STB
2019-10-17 07:00:00,11.05,11.05,10.9,10.9,3904920,STB
2019-10-18 07:00:00,10.95,11.05,10.8,10.8,3235350,STB
2019-10-21 07:00:00,10.85,10.95,10.7,10.95,2982590,STB
2019-10-22 07:00:00,10.9,11.1,10.9,11.0,3812730,STB
2019-10-23 07:00:00,11.0,11.1,10.95,11.0,1855200,STB
2019-10-24 07:00:00,11.0,11.05,10.9,10.95,2084420,STB
2019-10-25 07:00:00,10.95,11.0,10.85,10.9,1939620,STB
2019-10-28 07:00:00,11.0,11.0,10.75,10.85,5437940,STB
2019-10-29 07:00:00,10.8,10.9,10.65,10.65,4553070,STB
2019-10-30 07:00:00,10.7,10.8,10.65,10.7,2781010,STB
2019-10-31 07:00:00,10.8,10.85,10.65,10.8,3127620,STB
2019-11-01 07:00:00,10.8,10.95,10.7,10.9,3145580,STB
2019-11-04 07:00:00,10.9,11.1,10.85,10.9,6499460,STB
2019-11-05 07:00:00,10.95,10.95,10.85,10.95,4411700,STB
2019-11-06 07:00:00,10.95,11.05,10.9,11.0,4062650,STB
2019-11-07 07:00:00,11.0,11.0,10.85,10.9,3848980,STB
2019-11-08 07:00:00,10.9,11.0,10.85,10.85,2863990,STB
2019-11-11 07:00:00,10.85,10.9,10.75,10.8,3088540,STB
2019-11-12 07:00:00,10.85,10.85,10.75,10.75,1447030,STB
2019-11-13 07:00:00,10.8,10.9,10.75,10.8,2249060,STB
2019-11-14 07:00:00,10.8,10.85,10.65,10.7,2044260,STB
2019-11-15 07:00:00,10.8,10.8,10.65,10.7,1610810,STB
2019-11-18 07:00:00,10.75,10.8,10.6,10.6,2213290,STB
2019-11-19 07:00:00,10.55,10.65,10.55,10.6,2332900,STB
2019-11-20 07:00:00,10.6,10.6,10.35,10.4,4829400,STB
2019-11-21 07:00:00,10.35,10.45,10.2,10.2,4304070,STB
2019-11-22 07:00:00,10.3,10.4,10.1,10.25,3604040,STB
2019-11-25 07:00:00,10.3,10.3,10.1,10.15,2010840,STB
2019-11-26 07:00:00,10.2,10.25,10.1,10.15,3956940,STB
2019-11-27 07:00:00,10.2,10.25,10.1,10.1,2201930,STB
2019-11-28 07:00:00,10.1,10.2,10.05,10.1,2397650,STB
2019-11-29 07:00:00,10.15,10.2,10.05,10.1,2157840,STB
2019-12-02 07:00:00,10.1,10.15,10.0,10.0,3128820,STB
2019-12-03 07:00:00,10.0,10.05,9.75,9.75,3603780,STB
2019-12-04 07:00:00,9.8,10.1,9.8,10.1,2851860,STB
2019-12-05 07:00:00,10.1,10.15,9.99,10.05,958220,STB
2019-12-06 07:00:00,10.0,10.1,9.99,10.0,1579960,STB
2019-12-09 07:00:00,10.0,10.05,9.92,9.95,1893020,STB
2019-12-10 07:00:00,9.9,10.05,9.9,10.05,2040130,STB
2019-12-11 07:00:00,10.05,10.1,9.95,10.05,1047810,STB
2019-12-12 07:00:00,10.05,10.1,10.0,10.1,1650790,STB
2019-12-13 07:00:00,10.15,10.2,10.05,10.05,1361390,STB
2019-12-16 07:00:00,10.05,10.1,10.0,10.05,1601000,STB
2019-12-17 07:00:00,10.1,10.1,9.99,10.05,2119490,STB
2019-12-18 07:00:00,10.0,10.05,9.9,9.94,2113420,STB
2019-12-19 07:00:00,10.05,10.05,9.9,9.93,2703230,STB
2019-12-20 07:00:00,9.98,10.05,9.95,10.0,1537200,STB
2019-12-23 07:00:00,10.1,10.3,10.1,10.2,3414120,STB
2019-12-24 07:00:00,10.2,10.25,10.1,10.1,1559130,STB
2019-12-25 07:00:00,10.2,10.25,10.1,10.1,1263440,STB
2019-12-26 07:00:00,10.1,10.15,10.0,10.1,2335560,STB
2019-12-27 07:00:00,10.1,10.2,10.0,10.15,2014010,STB
2019-12-30 07:00:00,10.1,10.25,10.1,10.1,1960860,STB
2019-12-31 07:00:00,10.1,10.2,10.05,10.05,1831670,STB
2020-01-02 07:00:00,10.1,10.3,10.0,10.2,2914530,STB
2020-01-03 07:00:00,10.25,10.3,10.15,10.2,1975250,STB
2020-01-06 07:00:00,10.1,10.15,10.0,10.05,2302490,STB
2020-01-07 07:00:00,10.05,10.15,10.0,10.15,2154970,STB
2020-01-08 07:00:00,10.05,10.1,9.97,9.98,4490220,STB
2020-01-09 07:00:00,10.1,10.2,10.05,10.15,2443480,STB
2020-01-10 07:00:00,10.15,10.5,10.15,10.5,10754160,STB
2020-01-13 07:00:00,10.5,10.55,10.3,10.4,3390120,STB
2020-01-14 07:00:00,10.4,10.45,10.3,10.3,1811340,STB
2020-01-15 07:00:00,10.3,10.35,10.2,10.25,2479650,STB
2020-01-16 07:00:00,10.3,10.55,10.3,10.4,9556920,STB
2020-01-17 07:00:00,10.45,10.7,10.4,10.6,6094750,STB
2020-01-20 07:00:00,10.5,10.75,10.5,10.7,4135740,STB
2020-01-21 07:00:00,10.7,11.05,10.7,10.9,7604200,STB
2020-01-22 07:00:00,10.9,10.95,10.75,10.9,7030700,STB
2020-01-30 07:00:00,10.8,10.8,10.2,10.35,8264520,STB
2020-01-31 07:00:00,10.3,10.5,10.2,10.2,6261030,STB
2020-02-03 07:00:00,10.0,10.4,9.82,10.25,7105100,STB
2020-02-04 07:00:00,10.25,10.4,10.1,10.2,5433400,STB
2020-02-05 07:00:00,10.35,10.45,10.25,10.25,3967950,STB
2020-02-06 07:00:00,10.3,10.95,10.3,10.95,22697950,STB
2020-02-07 07:00:00,11.0,11.45,10.95,11.15,14963660,STB
2020-02-10 07:00:00,10.9,11.1,10.8,10.95,5335400,STB
2020-02-11 07:00:00,10.95,11.45,10.9,11.35,14652800,STB
2020-02-12 07:00:00,11.4,11.8,11.4,11.55,14679180,STB
2020-02-13 07:00:00,11.5,11.6,11.3,11.5,7807880,STB
2020-02-14 07:00:00,11.55,11.9,11.45,11.6,17826750,STB
2020-02-17 07:00:00,11.65,11.85,11.5,11.65,8914870,STB
2020-02-18 07:00:00,11.65,11.75,11.35,11.55,8502440,STB
2020-02-19 07:00:00,11.4,11.55,11.3,11.4,6823570,STB
2020-02-20 07:00:00,11.5,11.55,11.2,11.3,7140210,STB
2020-02-21 07:00:00,11.25,11.5,11.2,11.3,7650810,STB
2020-02-24 07:00:00,11.0,11.1,10.75,10.85,11765040,STB
2020-02-25 07:00:00,10.7,11.15,10.7,11.15,5669010,STB
2020-02-26 07:00:00,11.0,11.4,10.95,11.2,8381260,STB
2020-02-27 07:00:00,11.3,11.7,11.15,11.65,13069630,STB
2020-02-28 07:00:00,11.35,11.75,11.35,11.6,11942990,STB
2020-03-02 07:00:00,11.8,12.4,11.75,12.35,27550640,STB
2020-03-03 07:00:00,12.6,12.7,12.15,12.25,15552620,STB
2020-03-04 07:00:00,12.2,12.6,12.1,12.5,12163500,STB
2020-03-05 07:00:00,12.65,12.7,12.2,12.2,17517480,STB
2020-03-06 07:00:00,12.1,12.4,12.1,12.25,12062750,STB
2020-03-09 07:00:00,11.5,11.7,11.4,11.4,17015340,STB
2020-03-10 07:00:00,11.0,11.5,10.85,11.4,15319250,STB
2020-03-11 07:00:00,11.45,11.5,10.65,10.65,18789590,STB
2020-03-12 07:00:00,10.0,10.25,9.93,9.95,21362410,STB
2020-03-13 07:00:00,9.3,10.55,9.28,10.4,16337900,STB
2020-03-16 07:00:00,10.4,10.5,9.8,9.99,9159620,STB
2020-03-17 07:00:00,9.9,10.2,9.56,10.2,8611390,STB
2020-03-18 07:00:00,10.4,10.4,10.0,10.0,8306390,STB
2020-03-19 07:00:00,9.9,9.96,9.6,9.75,7516500,STB
2020-03-20 07:00:00,9.81,9.92,9.74,9.8,4889230,STB
2020-03-23 07:00:00,9.3,9.5,9.12,9.12,10633200,STB
2020-03-24 07:00:00,9.12,9.17,8.8,8.8,7815200,STB
2020-03-25 07:00:00,9.15,9.26,8.9,9.11,9894240,STB
2020-03-26 07:00:00,9.11,9.11,8.7,8.7,7221630,STB
2020-03-27 07:00:00,8.75,8.75,8.21,8.21,11651840,STB
2020-03-30 07:00:00,7.7,7.99,7.64,7.64,16130350,STB
2020-03-31 07:00:00,7.86,7.86,7.12,7.3,12191270,STB
2020-04-01 07:00:00,7.2,7.81,7.2,7.81,8807420,STB
2020-04-03 07:00:00,7.99,8.35,7.9,8.35,10672810,STB
2020-04-06 07:00:00,8.9,8.93,8.61,8.93,12901110,STB
2020-04-07 07:00:00,9.4,9.4,9.01,9.18,17284520,STB
2020-04-08 07:00:00,9.0,9.29,8.8,9.28,8761230,STB
2020-04-09 07:00:00,9.4,9.49,9.18,9.19,9821780,STB
2020-04-10 07:00:00,9.15,9.23,8.95,9.01,10709980,STB
2020-04-13 07:00:00,9.01,9.24,9.01,9.04,7684370,STB
2020-04-14 07:00:00,9.1,9.16,8.94,9.16,8530630,STB
2020-04-15 07:00:00,9.2,9.8,9.18,9.7,14857170,STB
2020-04-16 07:00:00,9.5,9.95,9.5,9.72,7634020,STB
2020-04-17 07:00:00,9.9,9.94,9.72,9.73,8375490,STB
2020-04-20 07:00:00,9.7,9.85,9.54,9.55,11284390,STB
2020-04-21 07:00:00,9.35,9.45,8.97,8.99,16193310,STB
2020-04-22 07:00:00,8.73,9.29,8.73,9.17,8168410,STB
2020-04-23 07:00:00,9.35,9.38,9.15,9.15,5414960,STB
2020-04-24 07:00:00,9.15,9.2,9.04,9.1,4794810,STB
2020-04-27 07:00:00,9.18,9.23,8.99,8.99,8059440,STB
2020-04-28 07:00:00,9.08,9.12,8.94,8.98,7077710,STB
2020-04-29 07:00:00,9.1,9.25,9.0,9.1,3844890,STB
2020-05-04 07:00:00,9.1,9.1,8.98,8.98,4402500,STB
2020-05-05 07:00:00,8.98,9.09,8.93,8.97,4803310,STB
2020-05-06 07:00:00,9.0,9.14,8.93,9.14,8419490,STB
2020-05-07 07:00:00,9.18,9.38,9.17,9.34,12175430,STB
2020-05-08 07:00:00,9.4,9.77,9.4,9.52,15592700,STB
2020-05-11 07:00:00,9.69,9.75,9.54,9.69,10595020,STB
2020-05-12 07:00:00,9.69,9.75,9.46,9.7,11311610,STB
2020-05-13 07:00:00,9.7,10.15,9.55,9.96,19002960,STB
2020-05-14 07:00:00,9.88,10.3,9.79,10.05,12577730,STB
2020-05-15 07:00:00,10.2,10.2,9.8,9.8,9211120,STB
2020-05-18 07:00:00,9.78,9.85,9.68,9.73,9965320,STB
2020-05-19 07:00:00,9.92,10.15,9.86,9.9,15436660,STB
2020-05-20 07:00:00,9.9,10.55,9.86,10.4,24361810,STB
2020-05-21 07:00:00,10.5,10.55,10.25,10.5,10196270,STB
2020-05-22 07:00:00,10.3,10.6,10.2,10.2,14870140,STB
2020-05-25 07:00:00,10.25,10.4,10.1,10.25,9448390,STB
2020-05-26 07:00:00,10.3,10.45,10.3,10.4,9396730,STB
2020-05-27 07:00:00,10.45,10.55,10.0,10.1,15368550,STB
2020-05-28 07:00:00,10.1,10.6,10.05,10.3,16769210,STB
2020-05-29 07:00:00,10.2,10.45,10.2,10.3,6856490,STB
2020-06-01 07:00:00,10.4,10.75,10.35,10.75,18020090,STB
2020-06-02 07:00:00,10.85,10.9,10.5,10.5,13896530,STB
2020-06-03 07:00:00,10.6,10.7,10.5,10.65,8714660,STB
2020-06-04 07:00:00,10.75,10.9,10.6,10.6,13972710,STB
2020-06-05 07:00:00,10.7,10.75,10.45,10.55,16799980,STB
2020-06-08 07:00:00,10.7,10.85,10.65,10.7,17094920,STB
2020-06-09 07:00:00,10.75,10.9,10.65,10.75,14170310,STB
2020-06-10 07:00:00,10.75,11.5,10.6,11.5,30775990,STB
2020-06-11 07:00:00,12.15,12.3,11.05,11.05,38094150,STB
2020-06-12 07:00:00,11.2,11.8,11.0,11.8,31670570,STB
2020-06-15 07:00:00,12.1,12.6,11.75,12.05,31268310,STB
2020-06-16 07:00:00,12.5,12.5,11.9,11.9,18761140,STB
2020-06-17 07:00:00,11.85,11.95,11.55,11.6,15663170,STB
2020-06-18 07:00:00,11.4,11.75,11.35,11.4,13243590,STB
2020-06-19 07:00:00,11.55,11.95,11.4,11.9,15350170,STB
2020-06-22 07:00:00,12.0,12.0,11.65,11.7,10790120,STB
2020-06-23 07:00:00,11.65,11.8,11.4,11.55,12607230,STB
2020-06-24 07:00:00,11.6,11.65,11.2,11.2,11843150,STB
2020-06-25 07:00:00,11.15,11.5,10.95,11.45,10662480,STB
2020-06-26 07:00:00,11.6,11.65,11.2,11.3,6481490,STB
2020-06-29 07:00:00,11.3,11.3,10.9,10.95,13159470,STB
2020-06-30 07:00:00,11.1,11.2,10.6,10.75,10862380,STB
2020-07-01 07:00:00,10.8,11.35,10.75,11.2,9138780,STB
2020-07-02 07:00:00,11.2,11.3,11.0,11.05,4903810,STB
2020-07-03 07:00:00,11.15,11.2,11.0,11.0,3885370,STB
2020-07-06 07:00:00,11.05,11.6,11.05,11.55,16285280,STB
2020-07-07 07:00:00,11.6,11.7,11.4,11.45,8914970,STB
2020-07-08 07:00:00,11.4,11.7,11.35,11.5,9193690,STB
2020-07-09 07:00:00,11.7,11.85,11.5,11.8,14045940,STB
2020-07-10 07:00:00,11.7,11.8,11.5,11.55,8382730,STB
2020-07-13 07:00:00,11.65,11.7,11.45,11.45,6095670,STB
2020-07-14 07:00:00,11.4,11.65,11.35,11.55,6750550,STB
2020-07-15 07:00:00,11.65,11.7,11.55,11.55,5535210,STB
2020-07-16 07:00:00,11.55,11.6,11.45,11.6,5104280,STB
2020-07-17 07:00:00,11.6,11.75,11.5,11.6,9198320,STB
2020-07-20 07:00:00,11.65,11.7,11.45,11.45,8089560,STB
2020-07-21 07:00:00,11.45,11.6,11.4,11.5,7047320,STB
2020-07-22 07:00:00,11.55,11.6,11.25,11.3,8504960,STB
2020-07-23 07:00:00,11.35,11.4,11.1,11.25,8264440,STB
2020-07-24 07:00:00,11.15,11.25,10.6,10.9,20162440,STB
2020-07-27 07:00:00,10.4,10.65,10.15,10.15,26014460,STB
2020-07-28 07:00:00,10.2,10.6,10.1,10.55,13933220,STB
2020-07-29 07:00:00,10.25,10.35,9.95,10.15,14831390,STB
2020-07-30 07:00:00,10.2,10.35,10.15,10.2,6312810,STB
2020-07-31 07:00:00,9.9,10.25,9.9,10.1,5740090,STB
2020-08-03 07:00:00,10.15,10.45,10.05,10.35,9792690,STB
2020-08-04 07:00:00,10.5,10.5,10.35,10.5,6786090,STB
2020-08-05 07:00:00,10.5,10.7,10.4,10.65,8289610,STB
2020-08-06 07:00:00,10.6,10.7,10.5,10.5,5678190,STB
2020-08-07 07:00:00,10.55,10.55,10.4,10.45,7123120,STB
2020-08-10 07:00:00,10.55,10.8,10.55,10.6,11949300,STB
2020-08-11 07:00:00,10.7,10.75,10.5,10.65,7719420,STB
2020-08-12 07:00:00,10.65,10.8,10.6,10.75,8772530,STB
2020-08-13 07:00:00,10.75,10.9,10.75,10.85,6495400,STB
2020-08-14 07:00:00,10.85,10.85,10.65,10.7,8807480,STB
2020-08-17 07:00:00,10.7,10.75,10.55,10.65,5192680,STB
2020-08-18 07:00:00,10.65,10.8,10.6,10.75,5212200,STB
2020-08-19 07:00:00,10.8,10.8,10.7,10.8,4210320,STB
2020-08-20 07:00:00,10.75,10.85,10.65,10.65,6059540,STB
2020-08-21 07:00:00,10.7,11.05,10.65,11.05,12934020,STB
2020-08-24 07:00:00,11.1,11.4,11.1,11.3,14295580,STB
2020-08-25 07:00:00,11.3,11.4,11.2,11.25,9624650,STB
2020-08-26 07:00:00,11.25,11.3,11.1,11.2,9988740,STB
2020-08-27 07:00:00,11.25,11.35,11.15,11.3,6803050,STB
2020-08-28 07:00:00,11.4,11.45,11.3,11.35,10087760,STB
2020-08-31 07:00:00,11.5,11.55,11.2,11.2,8672820,STB
2020-09-01 07:00:00,11.2,11.35,11.15,11.3,4572030,STB
2020-09-03 07:00:00,11.4,11.45,11.3,11.4,11143030,STB
2020-09-04 07:00:00,11.25,11.35,11.2,11.3,9881990,STB
2020-09-07 07:00:00,11.4,11.4,11.2,11.2,6937040,STB
2020-09-08 07:00:00,11.25,11.25,11.1,11.25,6011590,STB
2020-09-09 07:00:00,11.15,11.3,11.05,11.3,8875270,STB
2020-09-10 07:00:00,11.35,11.4,11.2,11.2,5248510,STB
2020-09-11 07:00:00,11.15,11.25,11.1,11.15,5393090,STB
2020-09-14 07:00:00,11.2,11.35,11.2,11.3,6799070,STB
2020-09-15 07:00:00,11.35,11.8,11.25,11.6,24122170,STB
2020-09-16 07:00:00,11.65,11.7,11.55,11.55,10179630,STB
2020-09-17 07:00:00,11.55,11.7,11.45,11.45,11363380,STB
2020-09-18 07:00:00,11.45,11.65,11.45,11.65,8721320,STB
2020-09-21 07:00:00,11.8,12.05,11.75,11.75,17853730,STB
2020-09-22 07:00:00,11.75,12.55,11.65,12.55,45707880,STB
2020-09-23 07:00:00,12.7,13.25,12.5,12.65,24791380,STB
2020-09-24 07:00:00,12.6,12.7,12.4,12.45,17728750,STB
2020-09-25 07:00:00,12.45,13.3,12.4,13.3,39321600,STB
2020-09-28 07:00:00,13.7,14.05,13.6,13.8,28883470,STB
2020-09-29 07:00:00,13.8,13.95,13.3,13.3,22791400,STB
2020-09-30 07:00:00,13.3,13.9,12.95,13.8,28314430,STB
2020-10-01 07:00:00,14.0,14.2,13.65,13.75,13285440,STB
2020-10-02 07:00:00,13.75,13.9,13.15,13.45,23206500,STB
2020-10-05 07:00:00,13.65,13.8,13.4,13.7,22603020,STB
2020-10-06 07:00:00,13.75,14.4,13.7,14.2,27112100,STB
2020-10-07 07:00:00,14.05,14.3,13.7,13.7,19465920,STB
2020-10-08 07:00:00,13.8,13.85,13.45,13.55,21328780,STB
2020-10-09 07:00:00,13.6,13.8,13.45,13.55,12474800,STB
2020-10-12 07:00:00,13.7,13.8,13.3,13.3,17962060,STB
2020-10-13 07:00:00,13.3,13.6,13.2,13.45,12669050,STB
2020-10-14 07:00:00,13.5,13.75,13.35,13.5,12364650,STB
2020-10-15 07:00:00,13.6,14.0,13.45,13.85,20799860,STB
2020-10-16 07:00:00,13.85,13.95,13.7,13.75,13048220,STB
2020-10-19 07:00:00,13.8,14.3,13.75,14.1,20547610,STB
2020-10-20 07:00:00,14.0,14.35,13.95,14.2,17698150,STB
2020-10-21 07:00:00,14.35,14.75,14.3,14.4,25828950,STB
2020-10-22 07:00:00,14.35,14.7,14.2,14.6,18152400,STB
2020-10-23 07:00:00,14.8,14.8,14.5,14.55,13634620,STB
2020-10-26 07:00:00,14.5,14.65,14.1,14.1,26821200,STB
2020-10-27 07:00:00,14.1,14.2,13.3,13.3,37138550,STB
2020-10-28 07:00:00,13.3,13.65,13.1,13.1,22628960,STB
2020-10-29 07:00:00,13.0,13.5,13.0,13.5,13046030,STB
2020-10-30 07:00:00,13.5,13.55,13.05,13.3,8184700,STB
2020-11-02 07:00:00,13.4,13.45,13.25,13.45,5463810,STB
2020-11-03 07:00:00,13.5,13.7,13.45,13.6,12021500,STB
2020-11-04 07:00:00,13.7,13.9,13.5,13.65,9734960,STB
2020-11-05 07:00:00,13.65,13.7,13.35,13.35,8295550,STB
2020-11-06 07:00:00,13.5,13.5,13.25,13.35,6207220,STB
2020-11-09 07:00:00,13.5,13.7,13.4,13.7,7874430,STB
2020-11-10 07:00:00,13.95,14.0,13.6,13.6,9473760,STB
2020-11-11 07:00:00,13.7,13.7,13.45,13.6,7954210,STB
2020-11-12 07:00:00,13.6,13.75,13.6,13.7,6757380,STB
2020-11-13 07:00:00,13.7,13.95,13.7,13.9,15076240,STB
2020-11-16 07:00:00,14.05,14.1,13.65,13.65,12294300,STB
2020-11-17 07:00:00,13.7,13.9,13.6,13.85,9076100,STB
2020-11-18 07:00:00,13.85,14.4,13.8,14.2,22974320,STB
2020-11-19 07:00:00,14.2,14.4,14.05,14.2,12623080,STB
2020-11-20 07:00:00,14.25,14.25,14.05,14.15,9539770,STB
2020-11-23 07:00:00,14.25,14.7,14.05,14.6,27268530,STB
2020-11-24 07:00:00,14.6,14.65,14.2,14.5,16805930,STB
2020-11-25 07:00:00,14.55,14.6,14.35,14.35,12055730,STB
2020-11-26 07:00:00,14.35,14.65,14.35,14.5,21860890,STB
2020-11-27 07:00:00,14.6,14.6,14.35,14.5,11455070,STB
2020-11-30 07:00:00,14.55,15.0,14.5,14.65,18682960,STB
2020-12-01 07:00:00,14.45,15.5,14.4,15.45,37839250,STB
2020-12-02 07:00:00,15.45,15.8,15.15,15.4,21124570,STB
2020-12-03 07:00:00,15.55,15.9,15.45,15.65,20877740,STB
2020-12-04 07:00:00,15.7,16.1,15.5,15.6,24514030,STB
2020-12-07 07:00:00,15.6,15.75,15.55,15.55,14994850,STB
2020-12-08 07:00:00,15.65,15.9,15.5,15.85,19849710,STB
2020-12-09 07:00:00,15.9,16.2,15.9,15.9,18897260,STB
2020-12-10 07:00:00,15.95,16.05,15.45,15.55,21848500,STB
2020-12-11 07:00:00,15.7,15.9,15.5,15.8,15443500,STB
2020-12-14 07:00:00,15.95,16.1,15.8,15.95,15678170,STB
2020-12-15 07:00:00,15.85,16.05,15.8,15.95,17651510,STB
2020-12-16 07:00:00,16.3,16.8,16.25,16.6,23929920,STB
2020-12-17 07:00:00,16.5,16.95,16.4,16.6,23515290,STB
2020-12-18 07:00:00,16.8,17.15,16.65,17.0,25115670,STB
2020-12-21 07:00:00,17.2,17.3,16.9,17.0,25779000,STB
2020-12-22 07:00:00,17.0,17.35,16.9,17.15,34461030,STB
2020-12-23 07:00:00,17.2,17.3,16.7,16.7,26091720,STB
2020-12-24 07:00:00,16.8,16.85,15.8,16.5,29370800,STB
2020-12-25 07:00:00,16.5,16.95,16.25,16.95,20824680,STB
2020-12-28 07:00:00,17.05,17.1,16.55,16.75,23669440,STB
2020-12-29 07:00:00,16.75,16.9,16.6,16.7,13078710,STB
2020-12-30 07:00:00,17.0,17.25,16.8,16.8,35805500,STB
2020-12-31 07:00:00,17.0,17.0,16.75,16.9,14969830,STB
2021-01-04 07:00:00,17.05,17.7,16.9,17.55,46809600,STB
2021-01-05 07:00:00,17.55,17.95,17.45,17.7,23399500,STB
2021-01-06 07:00:00,17.9,18.35,17.7,18.0,31193600,STB
2021-01-07 07:00:00,18.05,18.45,17.85,18.45,39683500,STB
2021-01-08 07:00:00,18.8,19.5,18.65,19.4,34889200,STB
2021-01-11 07:00:00,20.0,20.4,19.8,20.1,33493100,STB
2021-01-12 07:00:00,19.9,20.05,19.5,19.8,27236800,STB
2021-01-13 07:00:00,19.8,20.05,19.4,19.5,26650000,STB
2021-01-14 07:00:00,19.65,20.25,19.0,20.1,27462300,STB
2021-01-15 07:00:00,20.5,21.5,20.5,21.1,51692600,STB
2021-01-18 07:00:00,21.7,21.7,20.25,20.6,59659200,STB
2021-01-19 07:00:00,20.35,20.45,19.2,19.2,45045700,STB
2021-01-20 07:00:00,19.4,19.6,17.95,19.0,34426700,STB
2021-01-21 07:00:00,19.4,20.0,18.85,20.0,34477100,STB
2021-01-22 07:00:00,20.0,20.2,19.7,19.95,29967400,STB
2021-01-25 07:00:00,19.7,19.9,19.35,19.35,28071700,STB
2021-01-26 07:00:00,19.3,19.3,18.05,18.1,32302200,STB
2021-01-27 07:00:00,17.8,18.65,17.0,17.25,32158500,STB
2021-01-28 07:00:00,16.15,16.95,16.05,16.05,45050900,STB
2021-01-29 07:00:00,15.5,17.15,15.5,16.9,31230400,STB
2021-02-01 07:00:00,17.0,17.45,16.1,16.1,23123900,STB
2021-02-02 07:00:00,16.4,17.2,16.0,17.15,20756400,STB
2021-02-03 07:00:00,17.35,18.2,17.15,18.0,27109800,STB
2021-02-04 07:00:00,17.9,18.15,17.55,17.6,18651000,STB
2021-02-05 07:00:00,17.65,18.3,17.6,18.3,18060300,STB
2021-02-08 07:00:00,18.3,18.45,17.1,17.4,24037300,STB
2021-02-09 07:00:00,17.5,18.2,17.1,18.15,18229600,STB
2021-02-17 07:00:00,18.3,18.8,18.2,18.75,21031200,STB
2021-02-18 07:00:00,18.7,18.8,18.45,18.6,22503900,STB
2021-02-19 07:00:00,18.4,19.0,18.25,18.7,22590900,STB
2021-02-22 07:00:00,18.8,19.2,18.55,18.6,25991000,STB
2021-02-23 07:00:00,18.65,19.0,18.5,18.8,24897200,STB
2021-02-24 07:00:00,18.95,19.15,18.3,18.35,24698800,STB
2021-02-25 07:00:00,18.6,18.65,18.2,18.5,18339100,STB
2021-02-26 07:00:00,18.25,18.55,18.2,18.35,17421100,STB
2021-03-01 07:00:00,18.6,19.15,18.5,19.1,35781100,STB
2021-03-02 07:00:00,19.6,19.6,19.05,19.15,21137900,STB
2021-03-03 07:00:00,19.15,19.3,19.0,19.0,16624600,STB
2021-03-04 07:00:00,19.05,19.15,18.3,18.35,23543500,STB
2021-03-05 07:00:00,18.35,18.85,18.15,18.7,24861800,STB
2021-03-08 07:00:00,19.0,19.15,18.5,18.6,13653100,STB
2021-03-09 07:00:00,18.5,18.7,18.3,18.55,14770300,STB
2021-03-10 07:00:00,18.65,18.9,18.4,18.7,18970000,STB
2021-03-11 07:00:00,19.0,19.35,18.85,19.3,34594300,STB
2021-03-12 07:00:00,19.4,19.5,19.0,19.2,19941500,STB
2021-03-15 07:00:00,19.2,19.35,18.9,18.9,22954100,STB
2021-03-16 07:00:00,18.95,19.15,18.75,18.9,23799400,STB
2021-03-17 07:00:00,19.0,19.75,19.0,19.6,38324900,STB
2021-03-18 07:00:00,19.85,19.95,19.6,19.7,19877400,STB
2021-03-19 07:00:00,19.6,19.9,19.55,19.6,24328900,STB
2021-03-22 07:00:00,19.7,19.7,19.15,19.2,32816300,STB
2021-03-23 07:00:00,19.2,19.2,18.75,18.8,25297500,STB
2021-03-24 07:00:00,18.55,18.85,18.3,18.4,22973200,STB
2021-03-25 07:00:00,18.6,19.05,18.45,18.75,28724300,STB
2021-03-26 07:00:00,18.75,19.1,18.3,18.95,23365100,STB
2021-03-29 07:00:00,19.05,19.25,18.9,19.2,36995400,STB
2021-03-30 07:00:00,19.25,20.5,19.0,20.5,99978500,STB
2021-03-31 07:00:00,21.45,21.9,21.25,21.45,56674000,STB
2021-04-01 07:00:00,21.4,21.65,21.1,21.6,33202800,STB
2021-04-02 07:00:00,21.9,22.95,21.8,22.6,56039200,STB
2021-04-05 07:00:00,23.0,23.3,22.6,23.15,46163800,STB
2021-04-06 07:00:00,22.6,23.2,22.6,22.75,42374000,STB
2021-04-07 07:00:00,22.3,22.6,22.1,22.3,51625800,STB
2021-04-08 07:00:00,22.5,22.6,22.0,22.2,26665400,STB
2021-04-09 07:00:00,22.2,22.9,22.2,22.7,25317200,STB
2021-04-12 07:00:00,23.0,23.85,22.75,23.45,49313400,STB
2021-04-13 07:00:00,23.45,23.55,22.6,22.7,46627800,STB
2021-04-14 07:00:00,22.5,22.95,22.2,22.9,35105800,STB
2021-04-15 07:00:00,23.0,23.0,22.2,22.35,36947400,STB
2021-04-16 07:00:00,22.2,22.8,21.8,22.1,41485000,STB
2021-04-19 07:00:00,22.3,22.9,22.0,22.9,29032100,STB
2021-04-20 07:00:00,23.0,23.15,22.3,22.5,29744900,STB
2021-04-22 07:00:00,22.5,22.6,21.0,21.0,35450900,STB
2021-04-23 07:00:00,21.3,22.45,20.9,22.45,45227000,STB
2021-04-26 07:00:00,22.9,23.2,22.45,22.55,41629500,STB
2021-04-27 07:00:00,22.55,23.25,22.3,23.1,47546500,STB
2021-04-28 07:00:00,23.1,24.35,22.9,24.2,71125700,STB
2021-04-29 07:00:00,24.25,24.6,23.85,23.9,38893400,STB
2021-05-04 07:00:00,23.3,24.2,23.15,24.1,54307900,STB
2021-05-05 07:00:00,24.15,25.1,24.05,24.7,51677300,STB
2021-05-06 07:00:00,24.55,24.9,24.3,24.4,34269000,STB
2021-05-07 07:00:00,24.25,24.55,23.8,24.0,48458300,STB
2021-05-10 07:00:00,23.8,24.5,23.7,24.3,41488900,STB
2021-05-11 07:00:00,24.45,25.45,24.45,24.65,58012000,STB
2021-05-12 07:00:00,24.85,26.35,24.8,26.35,59475300,STB
2021-05-13 07:00:00,26.05,27.15,26.05,26.3,47105300,STB
2021-05-14 07:00:00,26.6,26.85,26.15,26.4,32742600,STB
2021-05-17 07:00:00,26.5,26.7,25.85,25.95,39752100,STB
2021-05-18 07:00:00,25.9,27.4,25.65,27.3,44745200,STB
2021-05-19 07:00:00,27.3,28.7,27.3,28.5,46484200,STB
2021-05-20 07:00:00,28.45,29.55,28.1,29.4,57268100,STB
2021-05-21 07:00:00,29.25,29.8,28.8,28.85,45792800,STB
2021-05-24 07:00:00,28.85,29.25,28.8,28.9,31595200,STB
2021-05-25 07:00:00,28.95,29.75,28.9,29.35,24123100,STB
2021-05-26 07:00:00,29.6,29.8,29.35,29.5,31489600,STB
2021-05-27 07:00:00,29.55,30.3,29.0,29.8,46751500,STB
2021-05-28 07:00:00,30.4,31.85,30.0,31.85,73839900,STB
2021-05-31 07:00:00,32.15,33.9,31.9,33.8,42128800,STB
2021-06-01 07:00:00,33.5,33.55,32.35,32.4,47063500,STB
2021-06-02 07:00:00,31.6,32.4,31.2,32.2,51657300,STB
2021-06-03 07:00:00,33.2,33.2,32.2,32.75,30950700,STB
2021-06-04 07:00:00,32.2,33.0,31.8,32.15,37481900,STB
2021-06-07 07:00:00,31.8,32.0,30.0,30.7,38824700,STB
2021-06-08 07:00:00,30.2,31.3,28.6,28.6,47297600,STB
2021-06-09 07:00:00,28.5,30.35,28.0,29.6,37519500,STB
2021-06-10 07:00:00,29.6,30.05,28.8,28.9,23976800,STB
2021-06-11 07:00:00,29.1,30.8,28.8,30.5,36442200,STB
2021-06-14 07:00:00,30.7,31.3,30.4,30.8,26889200,STB
2021-06-15 07:00:00,30.8,30.8,29.8,30.1,29659500,STB
2021-06-16 07:00:00,29.6,30.2,29.0,29.2,30686500,STB
2021-06-17 07:00:00,28.55,29.65,28.55,29.4,19581100,STB
2021-06-18 07:00:00,29.9,30.1,29.5,29.65,16991300,STB
2021-06-21 07:00:00,29.5,30.3,29.35,29.85,24072800,STB
2021-06-22 07:00:00,30.15,30.75,29.85,30.2,25185700,STB
2021-06-23 07:00:00,30.2,30.35,29.75,29.75,24112800,STB
2021-06-24 07:00:00,29.75,29.9,28.85,29.0,21749700,STB
2021-06-25 07:00:00,29.0,29.5,28.9,29.5,15572700,STB
2021-06-28 07:00:00,29.8,30.4,29.45,30.2,19303900,STB
2021-06-29 07:00:00,30.5,31.5,30.4,31.0,36074600,STB
2021-06-30 07:00:00,30.95,31.4,30.5,30.6,16495700,STB
2021-07-01 07:00:00,30.6,31.25,30.45,31.0,29589500,STB
2021-07-02 07:00:00,31.1,31.95,31.1,31.5,41478500,STB
2021-07-05 07:00:00,31.6,32.6,30.9,32.6,53687900,STB
2021-07-06 07:00:00,32.8,33.1,30.35,30.35,33661900,STB
2021-07-07 07:00:00,30.65,31.15,30.0,31.05,41481100,STB
2021-07-08 07:00:00,31.0,31.3,30.1,30.2,32240500,STB
2021-07-09 07:00:00,30.0,30.5,29.0,29.1,38413800,STB
2021-07-12 07:00:00,29.15,29.2,27.1,28.4,62616700,STB
2021-07-13 07:00:00,28.8,29.0,28.05,28.7,18442600,STB
2021-07-14 07:00:00,28.7,28.7,27.0,27.4,25268600,STB
2021-07-15 07:00:00,27.1,28.8,27.1,28.8,25368800,STB
2021-07-16 07:00:00,28.9,29.1,28.4,28.45,19474900,STB
2021-07-19 07:00:00,27.5,27.95,26.7,27.5,38557500,STB
2021-07-20 07:00:00,27.8,28.1,27.2,28.1,23884800,STB
2021-07-21 07:00:00,28.3,28.4,27.8,27.85,14144600,STB
2021-07-22 07:00:00,27.85,28.15,27.65,28.0,16617400,STB
2021-07-23 07:00:00,28.3,29.95,27.9,28.7,63584600,STB
2021-07-26 07:00:00,28.9,29.3,28.35,28.7,15097600,STB
2021-07-27 07:00:00,29.0,29.75,28.7,29.1,29764400,STB
2021-07-28 07:00:00,28.9,29.45,28.7,28.9,17532900,STB
2021-07-29 07:00:00,29.1,29.4,29.0,29.3,16102300,STB
2021-07-30 07:00:00,29.4,30.35,29.25,29.9,32248600,STB
2021-08-02 07:00:00,29.8,30.4,29.3,29.3,26509200,STB
2021-08-03 07:00:00,29.4,29.8,29.25,29.8,26539400,STB
2021-08-04 07:00:00,29.8,30.8,29.65,30.65,48352900,STB
2021-08-05 07:00:00,30.6,31.25,30.3,31.05,30721500,STB
2021-08-06 07:00:00,31.0,31.15,30.3,30.3,30921200,STB
2021-08-09 07:00:00,30.3,30.8,30.1,30.7,20906000,STB
2021-08-10 07:00:00,30.85,31.0,30.3,30.6,24370800,STB
2021-08-11 07:00:00,30.5,30.85,30.35,30.4,26155800,STB
2021-08-12 07:00:00,30.3,30.5,29.6,29.6,27936600,STB
2021-08-13 07:00:00,29.6,29.8,29.15,29.7,22964600,STB
2021-08-16 07:00:00,29.85,30.4,29.4,30.3,24095900,STB
2021-08-17 07:00:00,30.3,30.6,30.0,30.15,20325100,STB
2021-08-18 07:00:00,30.0,30.15,29.55,29.95,22196200,STB
2021-08-19 07:00:00,29.8,30.05,29.6,29.95,16698400,STB
2021-08-20 07:00:00,29.8,29.9,28.0,28.3,42106300,STB
2021-08-23 07:00:00,28.2,28.5,27.0,27.0,29889700,STB
2021-08-24 07:00:00,26.9,27.85,26.65,27.25,25860800,STB
2021-08-25 07:00:00,27.35,27.55,27.1,27.35,8164000,STB
2021-08-26 07:00:00,27.5,27.55,26.85,27.1,13170400,STB
2021-08-27 07:00:00,27.0,27.3,26.55,27.3,16479200,STB
2021-08-30 07:00:00,27.35,27.95,27.2,27.9,11734700,STB
2021-08-31 07:00:00,28.0,28.0,27.3,27.35,11977600,STB
2021-09-01 07:00:00,27.2,27.5,27.2,27.2,10287300,STB
2021-09-06 07:00:00,27.2,27.85,27.1,27.55,16262200,STB
2021-09-07 07:00:00,27.75,28.35,27.55,27.9,13779100,STB
2021-09-08 07:00:00,27.9,28.1,27.3,27.3,9670400,STB
2021-09-09 07:00:00,27.15,27.5,27.1,27.35,9342700,STB
2021-09-10 07:00:00,27.5,27.6,27.15,27.2,10699600,STB
2021-09-13 07:00:00,27.25,27.3,26.8,26.9,10646300,STB
2021-09-14 07:00:00,26.9,27.2,26.65,26.65,12638800,STB
2021-09-15 07:00:00,26.65,26.9,26.55,26.6,10157900,STB
2021-09-16 07:00:00,26.9,26.95,26.6,26.75,5187000,STB
2021-09-17 07:00:00,26.9,27.1,26.7,26.8,16365100,STB
2021-09-20 07:00:00,27.0,27.5,26.9,27.1,17459500,STB
2021-09-21 07:00:00,26.85,27.05,26.5,26.8,14211800,STB
2021-09-22 07:00:00,26.8,26.85,26.55,26.7,8394800,STB
2021-09-23 07:00:00,26.75,27.0,26.6,26.6,12776800,STB
2021-09-24 07:00:00,26.7,27.2,26.6,26.75,13849400,STB
2021-09-27 07:00:00,27.0,27.1,26.5,26.5,10520000,STB
2021-09-28 07:00:00,26.35,26.6,26.2,26.55,9950300,STB
2021-09-29 07:00:00,26.5,26.55,25.7,25.8,19931200,STB
2021-09-30 07:00:00,25.85,26.15,25.7,25.7,10103000,STB
2021-10-01 07:00:00,25.65,25.65,24.5,24.7,24145000,STB
2021-10-04 07:00:00,24.5,24.8,24.05,24.3,15741600,STB
2021-10-05 07:00:00,24.4,25.75,24.4,25.75,13478800,STB
2021-10-06 07:00:00,25.8,25.8,25.45,25.5,11698400,STB
2021-10-07 07:00:00,25.5,25.75,24.9,25.5,10015400,STB
2021-10-08 07:00:00,25.6,26.0,25.3,25.7,9327300,STB
2021-10-11 07:00:00,25.9,26.6,25.9,26.5,16455900,STB
2021-10-12 07:00:00,26.75,26.8,26.35,26.6,11680000,STB
2021-10-13 07:00:00,26.7,26.75,26.2,26.25,9597600,STB
2021-10-14 07:00:00,26.2,26.7,26.2,26.4,8760700,STB
2021-10-15 07:00:00,26.5,27.2,26.4,26.85,18823000,STB
2021-10-18 07:00:00,27.0,27.2,26.85,26.9,14767900,STB
2021-10-19 07:00:00,26.9,26.95,26.2,26.2,8316500,STB
2021-10-20 07:00:00,26.4,26.75,25.65,26.3,14904000,STB
2021-10-21 07:00:00,26.5,26.6,26.0,26.1,8665200,STB
2021-10-22 07:00:00,26.4,26.4,26.0,26.2,6241800,STB
2021-10-25 07:00:00,26.0,26.25,25.6,25.6,15093200,STB
2021-10-26 07:00:00,25.6,25.75,25.2,25.6,10164000,STB
2021-10-27 07:00:00,25.75,26.65,25.65,26.5,18102100,STB
2021-10-28 07:00:00,26.6,26.7,26.0,26.7,11057400,STB
2021-10-29 07:00:00,26.6,26.7,26.2,26.6,10004300,STB
2021-11-01 07:00:00,26.6,27.05,26.2,26.6,14694700,STB
2021-11-02 07:00:00,26.7,26.8,26.5,26.65,9856900,STB
2021-11-03 07:00:00,26.8,28.45,26.5,27.9,41004200,STB
2021-11-04 07:00:00,27.9,28.15,27.45,27.45,13509500,STB
2021-11-05 07:00:00,27.5,27.75,27.35,27.65,9439300,STB
2021-11-08 07:00:00,27.65,28.0,27.3,27.85,22636800,STB
2021-11-09 07:00:00,28.05,28.8,27.3,28.1,26353000,STB
2021-11-10 07:00:00,28.2,28.75,28.15,28.45,16093600,STB
2021-11-11 07:00:00,28.55,28.6,27.7,27.7,22523900,STB
2021-11-12 07:00:00,27.45,28.45,27.3,28.1,17017200,STB
2021-11-15 07:00:00,28.4,28.4,27.65,27.95,12698200,STB
2021-11-16 07:00:00,28.0,28.8,27.7,28.05,22035100,STB
2021-11-17 07:00:00,28.1,28.3,27.6,28.0,10324800,STB
2021-11-18 07:00:00,28.15,28.15,27.55,27.65,12176100,STB
2021-11-19 07:00:00,27.7,28.45,27.0,27.9,22040300,STB
2021-11-22 07:00:00,28.0,29.5,27.9,28.8,35710300,STB
2021-11-23 07:00:00,28.95,28.95,28.3,28.5,10730300,STB
2021-11-24 07:00:00,28.5,30.45,28.35,30.45,67319900,STB
2021-11-25 07:00:00,31.0,31.25,30.35,30.65,28507400,STB
2021-11-26 07:00:00,30.7,31.45,30.5,30.85,29138700,STB
2021-11-29 07:00:00,30.1,30.6,29.8,29.9,38634400,STB
2021-11-30 07:00:00,30.25,30.3,28.65,28.9,35420000,STB
2021-12-01 07:00:00,28.8,29.9,28.75,29.9,19243000,STB
2021-12-02 07:00:00,29.9,30.05,29.3,29.3,13458600,STB
2021-12-03 07:00:00,29.4,29.55,28.0,28.0,23483000,STB
2021-12-06 07:00:00,28.0,28.4,26.4,27.0,26472000,STB
2021-12-07 07:00:00,27.3,28.1,26.9,28.05,12829200,STB
2021-12-08 07:00:00,28.05,28.8,27.8,28.6,15748100,STB
2021-12-09 07:00:00,28.5,28.9,28.4,28.85,11915400,STB
2021-12-10 07:00:00,28.85,29.05,28.4,28.6,9892400,STB
2021-12-13 07:00:00,28.6,29.0,28.35,28.65,10709100,STB
2021-12-14 07:00:00,28.55,28.8,28.1,28.1,11426600,STB
2021-12-15 07:00:00,28.1,28.9,27.7,28.35,15191400,STB
2021-12-16 07:00:00,28.7,28.7,28.0,28.6,11084400,STB
2021-12-17 07:00:00,28.65,28.7,28.0,28.3,9269300,STB
2021-12-20 07:00:00,28.25,28.7,28.15,28.65,13058500,STB
2021-12-21 07:00:00,28.65,28.8,28.2,28.2,9480400,STB
2021-12-22 07:00:00,28.45,28.6,27.2,27.65,12051600,STB
2021-12-23 07:00:00,27.6,27.8,26.9,27.4,14265800,STB
2021-12-24 07:00:00,27.4,28.25,27.4,28.2,10410800,STB
2021-12-27 07:00:00,28.45,28.45,27.85,28.1,7405300,STB
2021-12-28 07:00:00,28.25,30.05,28.05,30.05,45046600,STB
2021-12-29 07:00:00,30.5,30.8,29.5,29.5,16201800,STB
2021-12-30 07:00:00,29.6,31.05,29.6,30.5,26157300,STB
2021-12-31 07:00:00,30.7,32.3,30.5,31.5,35409200,STB
2022-01-04 07:00:00,32.0,32.85,31.7,32.1,32861600,STB
2022-01-05 07:00:00,31.9,32.8,31.7,32.55,36939600,STB
2022-01-06 07:00:00,32.5,33.9,32.4,32.7,38537500,STB
2022-01-07 07:00:00,32.7,32.95,31.95,31.95,28165900,STB
2022-01-10 07:00:00,31.95,32.95,31.15,31.6,28376500,STB
2022-01-11 07:00:00,31.8,33.3,31.7,32.45,29595900,STB
2022-01-12 07:00:00,32.5,34.7,31.65,34.7,62422400,STB
2022-01-13 07:00:00,35.4,36.2,34.3,34.3,43947500,STB
2022-01-14 07:00:00,33.8,35.45,33.75,35.0,26697800,STB
2022-01-17 07:00:00,35.5,35.6,32.6,32.6,44370800,STB
2022-01-18 07:00:00,32.6,34.5,32.55,33.9,39676700,STB
2022-01-19 07:00:00,34.3,34.4,32.7,32.9,20802100,STB
2022-01-20 07:00:00,32.6,33.9,31.8,33.8,30983900,STB
2022-01-21 07:00:00,33.6,35.25,33.35,34.6,39140700,STB
2022-01-24 07:00:00,34.4,34.95,33.0,33.3,30187300,STB
2022-01-25 07:00:00,33.1,34.8,33.0,34.7,24092400,STB
2022-01-26 07:00:00,35.0,36.5,34.8,35.55,48906400,STB
2022-01-27 07:00:00,35.3,35.95,34.75,35.4,23697100,STB
2022-01-28 07:00:00,35.2,36.2,35.2,35.55,22212200,STB
2022-02-07 07:00:00,36.0,36.3,35.45,35.6,18652400,STB
2022-02-08 07:00:00,35.35,36.2,35.35,35.85,18823800,STB
2022-02-09 07:00:00,36.0,36.7,35.0,35.05,32928900,STB
2022-02-10 07:00:00,35.0,35.25,34.2,34.75,33959900,STB
2022-02-11 07:00:00,34.75,35.35,34.45,35.3,18450500,STB
2022-02-14 07:00:00,34.85,35.0,32.85,32.85,37421900,STB
2022-02-15 07:00:00,33.1,33.9,32.7,33.5,31169300,STB
2022-02-16 07:00:00,33.75,34.1,33.1,33.6,20057100,STB
2022-02-17 07:00:00,33.6,34.25,33.45,33.9,15739300,STB
2022-02-18 07:00:00,33.6,33.8,33.2,33.35,18494900,STB
2022-02-21 07:00:00,33.35,33.55,32.8,33.2,21150600,STB
2022-02-22 07:00:00,32.9,33.7,32.8,33.7,24415700,STB
2022-02-23 07:00:00,33.9,33.95,33.6,33.6,13866100,STB
2022-02-24 07:00:00,33.4,33.7,32.0,32.9,30479000,STB
2022-02-25 07:00:00,33.1,33.55,32.9,33.0,17789600,STB
2022-02-28 07:00:00,33.0,33.35,32.8,32.85,16458800,STB
2022-03-01 07:00:00,33.0,33.0,32.65,32.65,16919600,STB
2022-03-02 07:00:00,32.5,32.55,31.1,31.25,45276000,STB
2022-03-03 07:00:00,31.55,31.9,31.1,31.85,19790900,STB
2022-03-04 07:00:00,31.85,32.55,31.5,32.0,13257500,STB
2022-03-07 07:00:00,31.2,32.0,31.2,31.5,16727500,STB
2022-03-08 07:00:00,31.05,31.65,30.65,30.85,16477900,STB
2022-03-09 07:00:00,31.0,31.3,30.5,31.1,14911000,STB
2022-03-10 07:00:00,31.75,32.0,31.55,31.55,12219700,STB
2022-03-11 07:00:00,31.4,32.45,31.3,32.05,15987700,STB
2022-03-14 07:00:00,32.05,32.6,31.85,32.5,20978200,STB
2022-03-15 07:00:00,32.5,33.15,32.35,32.7,17471800,STB
2022-03-16 07:00:00,32.8,32.95,32.55,32.9,11148500,STB
2022-03-17 07:00:00,33.0,33.15,32.65,32.8,10884800,STB
2022-03-18 07:00:00,32.8,33.25,32.55,33.1,26734000,STB
2022-03-21 07:00:00,33.1,33.45,32.8,33.1,12852100,STB
2022-03-22 07:00:00,33.35,34.2,33.35,34.05,24584000,STB
2022-03-23 07:00:00,34.0,34.3,33.65,34.0,15498400,STB
2022-03-24 07:00:00,34.0,34.05,33.6,33.65,9921600,STB
2022-03-25 07:00:00,33.6,34.0,33.6,33.65,11344100,STB
2022-03-28 07:00:00,33.5,33.55,31.8,31.85,36749100,STB
2022-03-29 07:00:00,32.1,32.35,31.75,32.3,12694700,STB
2022-03-30 07:00:00,31.95,32.65,31.5,32.25,15931800,STB
2022-03-31 07:00:00,32.1,32.45,31.7,31.7,9023400,STB
2022-04-01 07:00:00,31.65,32.25,31.55,32.2,9156000,STB
2022-04-04 07:00:00,32.5,32.7,32.15,32.2,10191000,STB
2022-04-05 07:00:00,32.05,32.3,31.8,31.8,8729900,STB
2022-04-06 07:00:00,31.8,32.6,31.55,32.35,12151500,STB
2022-04-07 07:00:00,32.4,32.9,31.75,31.9,11478600,STB
2022-04-08 07:00:00,31.9,31.95,30.9,31.0,18745300,STB
2022-04-12 07:00:00,31.15,31.45,30.5,30.8,9624800,STB
2022-04-13 07:00:00,31.0,31.5,30.7,31.35,6924200,STB
2022-04-14 07:00:00,31.35,31.5,30.75,30.8,6467600,STB
2022-04-15 07:00:00,30.7,31.0,30.1,30.1,10461600,STB
2022-04-18 07:00:00,30.1,30.2,29.0,29.0,14856200,STB
2022-04-19 07:00:00,29.1,29.4,27.5,27.5,15852000,STB
2022-04-20 07:00:00,27.8,28.2,27.45,27.55,12024300,STB
2022-04-21 07:00:00,27.4,28.35,27.1,27.65,9902300,STB
2022-04-22 07:00:00,28.1,29.0,27.8,28.8,11530600,STB
2022-04-25 07:00:00,28.8,29.0,26.8,26.8,14386300,STB
2022-04-26 07:00:00,26.6,27.5,25.65,27.4,11114800,STB
2022-04-27 07:00:00,27.0,28.2,26.45,28.2,8593800,STB
2022-04-28 07:00:00,27.85,28.2,27.4,27.7,6523900,STB
2022-04-29 07:00:00,27.55,28.15,27.4,27.7,11168500,STB
2022-05-04 07:00:00,27.7,27.7,26.7,26.75,8979400,STB
2022-05-05 07:00:00,27.0,27.05,25.9,26.9,13505600,STB
2022-05-06 07:00:00,26.0,26.6,25.4,25.5,15245000,STB
2022-05-09 07:00:00,25.1,25.1,23.75,23.75,23972900,STB
2022-05-10 07:00:00,22.55,23.9,22.55,23.9,18391700,STB
2022-05-11 07:00:00,23.9,24.0,22.8,23.55,13068000,STB
2022-05-12 07:00:00,23.45,23.45,21.95,21.95,24214900,STB
2022-05-13 07:00:00,21.5,21.95,20.45,20.45,22537200,STB
2022-05-16 07:00:00,21.1,21.3,19.05,19.05,35190100,STB
2022-05-17 07:00:00,18.7,20.35,18.6,20.35,30818300,STB
2022-05-18 07:00:00,20.95,21.75,20.7,21.75,27100600,STB
2022-05-19 07:00:00,21.3,22.4,21.25,21.75,22221600,STB
2022-05-20 07:00:00,21.75,22.05,21.5,21.6,14328800,STB
2022-05-23 07:00:00,21.75,21.75,20.15,20.35,30824100,STB
2022-05-24 07:00:00,20.35,21.75,20.1,21.75,17952200,STB
2022-05-25 07:00:00,22.0,22.85,22.0,22.75,20351500,STB
2022-05-26 07:00:00,22.6,22.75,22.3,22.4,15266200,STB
2022-05-27 07:00:00,22.5,22.7,22.1,22.25,15040300,STB
2022-05-30 07:00:00,22.45,23.0,22.25,22.8,16390500,STB
2022-05-31 07:00:00,22.6,22.8,22.35,22.35,12812300,STB
2022-06-01 07:00:00,22.3,22.6,22.0,22.25,14727100,STB
2022-06-02 07:00:00,22.35,22.4,21.45,21.55,15929800,STB
2022-06-03 07:00:00,21.5,21.7,20.95,21.15,12083400,STB
2022-06-06 07:00:00,21.15,21.4,20.5,20.5,17162600,STB
2022-06-07 07:00:00,20.5,20.55,19.8,20.2,16797600,STB
2022-06-08 07:00:00,20.4,21.6,20.3,21.6,11493800,STB
2022-06-09 07:00:00,22.25,22.35,21.7,22.3,16071100,STB
2022-06-10 07:00:00,21.8,22.7,21.75,21.9,17446000,STB
2022-06-13 07:00:00,21.05,21.6,20.5,20.6,16680200,STB
2022-06-14 07:00:00,20.35,21.25,20.35,20.9,12472300,STB
2022-06-15 07:00:00,21.0,21.05,19.95,20.7,13262200,STB
2022-06-16 07:00:00,21.1,21.25,20.8,21.0,11245300,STB
2022-06-17 07:00:00,20.5,20.5,19.8,20.25,12492500,STB
2022-06-20 07:00:00,20.3,20.55,18.85,18.85,16894800,STB
2022-06-21 07:00:00,18.85,19.6,18.7,19.2,10840400,STB
2022-06-22 07:00:00,19.7,20.5,19.6,20.5,9689900,STB
2022-06-23 07:00:00,20.15,21.7,20.15,21.3,15465200,STB
2022-06-24 07:00:00,21.3,21.8,21.05,21.2,11596900,STB
2022-06-27 07:00:00,21.4,21.75,21.15,21.5,9786600,STB
2022-06-28 07:00:00,21.5,22.8,21.35,22.55,24887500,STB
2022-06-29 07:00:00,22.1,23.3,22.1,22.6,13808600,STB
2022-06-30 07:00:00,22.55,22.75,21.5,21.5,18789800,STB
2022-07-01 07:00:00,21.4,22.05,20.7,22.0,16869800,STB
2022-07-04 07:00:00,22.3,22.95,22.1,22.35,22132700,STB
2022-07-05 07:00:00,22.4,23.6,22.35,23.05,30049300,STB
2022-07-06 07:00:00,22.6,23.4,22.45,22.5,17725300,STB
2022-07-07 07:00:00,22.5,23.15,22.1,22.6,15935900,STB
2022-07-08 07:00:00,23.0,23.05,22.35,22.5,15739700,STB
2022-07-11 07:00:00,22.25,22.45,21.65,22.05,21170600,STB
2022-07-12 07:00:00,22.15,22.8,21.95,22.6,12469100,STB
2022-07-13 07:00:00,22.6,23.4,22.6,23.05,17150700,STB
2022-07-14 07:00:00,22.9,23.35,22.8,23.3,12876400,STB
2022-07-15 07:00:00,23.4,23.75,22.95,23.0,16982600,STB
2022-07-18 07:00:00,23.05,23.4,22.55,22.55,14305700,STB
2022-07-19 07:00:00,22.55,23.15,22.45,22.95,11691000,STB
2022-07-20 07:00:00,23.25,23.5,22.95,23.05,11199600,STB
2022-07-21 07:00:00,23.05,23.6,23.0,23.1,17945400,STB
2022-07-22 07:00:00,23.3,23.5,23.0,23.0,11581700,STB
2022-07-25 07:00:00,23.0,23.3,22.8,22.85,6665200,STB
2022-07-26 07:00:00,22.95,22.95,22.7,22.95,9279700,STB
2022-07-27 07:00:00,22.85,23.05,22.75,23.05,9170900,STB
2022-07-28 07:00:00,23.35,24.65,23.25,24.45,40238200,STB
2022-07-29 07:00:00,24.65,24.9,24.3,24.7,17762000,STB
2022-08-01 07:00:00,24.5,25.6,24.5,25.2,16701100,STB
2022-08-02 07:00:00,25.0,25.5,24.85,24.95,18607500,STB
2022-08-03 07:00:00,24.85,25.65,24.75,25.45,14338500,STB
2022-08-04 07:00:00,25.65,25.7,25.1,25.2,13127200,STB
2022-08-05 07:00:00,25.1,25.25,24.85,25.25,12665800,STB
2022-08-08 07:00:00,25.25,25.65,25.1,25.3,7664100,STB
2022-08-09 07:00:00,25.3,25.5,25.0,25.25,7863800,STB
2022-08-10 07:00:00,25.2,25.3,24.9,24.9,8967800,STB
2022-08-11 07:00:00,25.2,25.6,24.8,25.2,15664300,STB
2022-08-12 07:00:00,25.05,25.65,25.05,25.65,8391200,STB
2022-08-15 07:00:00,25.9,26.35,25.65,25.65,13671000,STB
2022-08-16 07:00:00,25.8,25.8,25.35,25.55,9490900,STB
2022-08-17 07:00:00,25.55,25.6,25.3,25.4,11130300,STB
2022-08-18 07:00:00,25.2,25.65,25.0,25.2,12921000,STB
2022-08-19 07:00:00,25.25,25.5,25.05,25.1,7722200,STB
2022-08-22 07:00:00,25.0,25.2,24.7,24.7,9667900,STB
2022-08-23 07:00:00,24.6,25.0,24.3,25.0,9877300,STB
2022-08-24 07:00:00,25.1,25.55,24.8,25.4,13326500,STB
2022-08-25 07:00:00,25.55,25.65,25.4,25.65,8891300,STB
2022-08-26 07:00:00,25.7,25.8,25.1,25.1,10738200,STB
2022-08-29 07:00:00,24.7,24.85,24.05,24.85,15059400,STB
2022-08-30 07:00:00,24.9,25.1,24.65,24.65,8084200,STB
2022-08-31 07:00:00,24.55,24.9,24.4,24.8,7673100,STB
2022-09-05 07:00:00,24.7,24.85,24.6,24.7,5292400,STB
2022-09-06 07:00:00,24.7,25.05,24.65,24.7,6307900,STB
2022-09-07 07:00:00,24.7,25.45,24.35,24.35,22424200,STB
2022-09-08 07:00:00,24.7,24.7,23.9,23.9,10363500,STB
2022-09-09 07:00:00,24.0,24.05,22.65,23.75,21144800,STB
2022-09-12 07:00:00,23.75,23.9,23.1,23.1,5734900,STB
2022-09-13 07:00:00,23.0,23.45,23.0,23.05,6532800,STB
2022-09-14 07:00:00,22.65,23.05,22.5,23.05,10170600,STB
2022-09-15 07:00:00,23.25,23.35,22.8,23.05,8396500,STB
2022-09-16 07:00:00,22.95,23.0,22.45,22.45,16349600,STB
2022-09-19 07:00:00,22.6,22.65,21.6,21.6,10742400,STB
2022-09-20 07:00:00,21.9,22.3,21.65,22.15,6368400,STB
2022-09-21 07:00:00,22.05,22.1,21.75,21.75,3707700,STB
2022-09-22 07:00:00,21.45,21.95,21.45,21.95,5220700,STB
2022-09-23 07:00:00,21.8,22.0,21.45,21.45,6962300,STB
2022-09-26 07:00:00,20.95,21.0,20.25,20.5,16606500,STB
2022-09-27 07:00:00,20.8,20.8,20.4,20.5,5440900,STB
2022-09-28 07:00:00,20.2,20.6,20.15,20.3,6498700,STB
2022-09-29 07:00:00,20.6,20.7,19.7,19.7,7927300,STB
2022-09-30 07:00:00,19.6,20.8,19.5,20.6,16490500,STB
2022-10-03 07:00:00,20.3,20.4,19.2,19.2,14937100,STB
2022-10-04 07:00:00,19.75,19.75,18.6,18.75,15971100,STB
2022-10-05 07:00:00,19.35,19.5,19.0,19.25,10610300,STB
2022-10-06 07:00:00,19.35,19.35,17.95,18.0,18656100,STB
2022-10-07 07:00:00,17.6,17.6,16.75,16.75,40976500,STB
2022-10-10 07:00:00,16.2,17.25,15.75,17.0,34119100,STB
2022-10-11 07:00:00,16.95,17.0,15.85,15.85,24976900,STB
2022-10-12 07:00:00,15.95,16.95,15.9,16.95,15160800,STB
2022-10-13 07:00:00,17.05,17.7,16.95,17.65,16491000,STB
2022-10-14 07:00:00,18.1,18.1,17.45,17.65,25065100,STB
2022-10-17 07:00:00,17.45,18.15,17.3,18.15,12846000,STB
2022-10-18 07:00:00,18.5,18.65,17.5,17.7,14148300,STB
2022-10-19 07:00:00,17.75,17.85,16.9,17.3,17992600,STB
2022-10-20 07:00:00,17.25,17.75,16.9,17.15,13245100,STB
2022-10-21 07:00:00,17.1,17.25,15.95,15.95,22530300,STB
2022-10-24 07:00:00,16.05,16.35,14.85,14.85,27147400,STB
2022-10-25 07:00:00,14.9,15.85,14.05,14.9,22832700,STB
2022-10-26 07:00:00,15.15,15.4,14.8,15.0,7624800,STB
2022-10-27 07:00:00,15.0,16.05,15.0,16.05,21985200,STB
2022-10-28 07:00:00,16.45,16.85,16.1,16.15,18824600,STB
2022-10-31 07:00:00,16.2,16.5,15.6,16.15,16782900,STB
2022-11-01 07:00:00,16.5,17.25,16.35,16.9,29458400,STB
2022-11-02 07:00:00,16.9,17.3,16.75,16.9,19123400,STB
2022-11-03 07:00:00,16.8,17.45,16.8,17.25,19534000,STB
2022-11-04 07:00:00,17.05,17.25,16.05,16.6,32100600,STB
2022-11-07 07:00:00,16.35,16.7,15.5,15.5,20698900,STB
2022-11-08 07:00:00,15.5,16.55,15.3,16.45,22034700,STB
2022-11-09 07:00:00,16.8,17.05,15.8,16.25,35899100,STB
2022-11-10 07:00:00,16.0,16.25,15.15,15.15,37391500,STB
2022-11-11 07:00:00,15.6,16.2,15.45,15.6,39517200,STB
2022-11-14 07:00:00,15.45,16.1,14.85,15.85,36929800,STB
2022-11-15 07:00:00,15.75,16.0,14.85,15.1,27646400,STB
2022-11-16 07:00:00,14.8,16.15,14.45,16.15,29344400,STB
2022-11-17 07:00:00,16.9,17.25,16.6,17.2,35148700,STB
2022-11-18 07:00:00,16.95,17.65,16.45,17.1,32563700,STB
2022-11-21 07:00:00,17.3,17.4,16.7,16.7,17502900,STB
2022-11-22 07:00:00,16.6,17.85,16.6,16.9,30775500,STB
2022-11-23 07:00:00,16.9,17.9,16.9,17.5,25665600,STB
2022-11-24 07:00:00,17.3,18.2,16.9,18.2,18314400,STB
2022-11-25 07:00:00,18.5,18.95,18.0,18.9,24962000,STB
2022-11-28 07:00:00,19.1,19.75,19.05,19.7,28234200,STB
2022-11-29 07:00:00,19.5,19.95,18.9,19.75,26282100,STB
2022-11-30 07:00:00,19.55,20.2,19.15,20.0,25462700,STB
2022-12-01 07:00:00,20.2,21.1,19.5,19.5,39125200,STB
2022-12-02 07:00:00,19.8,20.85,19.5,20.85,27685300,STB
2022-12-05 07:00:00,22.3,22.3,21.85,22.3,38505100,STB
2022-12-06 07:00:00,22.25,22.65,20.75,20.75,49350900,STB
2022-12-07 07:00:00,20.55,20.9,19.7,20.3,27772200,STB
2022-12-08 07:00:00,20.75,21.7,20.75,21.7,20042500,STB
2022-12-09 07:00:00,22.5,22.6,21.9,22.4,26467900,STB
2022-12-12 07:00:00,22.5,22.6,21.3,21.3,20770500,STB
2022-12-13 07:00:00,21.35,22.6,21.05,22.55,25986500,STB
2022-12-14 07:00:00,23.0,23.5,22.7,23.25,21018800,STB
2022-12-15 07:00:00,23.1,23.65,22.65,23.25,20332000,STB
2022-12-16 07:00:00,22.85,23.2,22.55,22.8,25278700,STB
2022-12-19 07:00:00,23.0,23.4,22.4,22.4,23175600,STB
2022-12-20 07:00:00,22.0,22.45,21.25,22.45,28918700,STB
2022-12-21 07:00:00,22.75,23.8,22.3,23.55,35449400,STB
2022-12-22 07:00:00,23.75,24.15,23.1,23.4,17470200,STB
2022-12-23 07:00:00,23.45,23.7,22.9,23.5,13227800,STB
2022-12-26 07:00:00,23.45,23.55,21.9,21.9,20485300,STB
2022-12-27 07:00:00,22.0,23.0,21.85,22.5,20842100,STB
2022-12-28 07:00:00,22.6,23.0,22.05,22.9,15196800,STB
2022-12-29 07:00:00,22.7,22.95,22.35,22.35,9448000,STB
2022-12-30 07:00:00,22.6,22.7,22.2,22.5,10618600,STB
2023-01-03 07:00:00,22.5,23.6,22.5,23.5,16251000,STB
2023-01-04 07:00:00,23.6,24.1,23.3,23.3,18036600,STB
2023-01-05 07:00:00,23.4,24.25,23.4,24.2,19217000,STB
2023-01-06 07:00:00,24.25,25.1,24.1,24.3,25666300,STB
2023-01-09 07:00:00,24.6,25.0,24.2,24.65,13239000,STB
2023-01-10 07:00:00,24.65,25.3,24.15,24.95,14761200,STB
2023-01-11 07:00:00,25.25,25.4,24.7,24.7,10080600,STB
2023-01-12 07:00:00,24.9,24.95,24.55,24.95,7154600,STB
2023-01-13 07:00:00,25.15,25.45,24.95,25.3,13353500,STB
2023-01-16 07:00:00,25.4,25.55,25.0,25.5,7925000,STB
2023-01-17 07:00:00,25.5,26.55,25.5,26.55,14388000,STB
2023-01-18 07:00:00,26.55,26.85,26.55,26.8,8512500,STB
2023-01-19 07:00:00,26.55,27.0,26.5,26.8,12060500,STB
2023-01-27 07:00:00,27.1,27.4,26.65,26.65,8531800,STB
2023-01-30 07:00:00,26.5,26.65,25.85,25.85,18539200,STB
2023-01-31 07:00:00,25.85,27.1,25.15,27.1,25362500,STB
2023-02-01 07:00:00,27.1,27.3,25.4,25.65,16199300,STB
2023-02-02 07:00:00,25.7,26.35,25.4,26.15,18433700,STB
2023-02-03 07:00:00,26.35,27.15,26.05,26.05,30634000,STB
2023-02-06 07:00:00,26.1,26.4,25.6,25.7,19359900,STB
2023-02-07 07:00:00,25.9,26.3,25.55,25.75,19755100,STB
2023-02-08 07:00:00,25.9,25.95,25.0,25.0,28192600,STB
2023-02-09 07:00:00,25.2,25.7,24.2,24.45,37343600,STB
2023-02-10 07:00:00,24.5,24.8,23.65,23.65,16166300,STB
2023-02-13 07:00:00,23.8,24.5,23.35,24.5,17392800,STB
2023-02-14 07:00:00,24.5,24.85,24.05,24.4,9246400,STB
2023-02-15 07:00:00,24.1,24.6,22.95,23.35,33356400,STB
2023-02-16 07:00:00,23.75,24.25,23.45,23.9,15366000,STB
2023-02-17 07:00:00,24.6,24.9,24.35,24.4,17975900,STB
2023-02-20 07:00:00,24.3,25.7,24.2,25.7,20147300,STB
2023-02-21 07:00:00,25.95,26.1,25.35,25.35,16561800,STB
2023-02-22 07:00:00,25.1,25.5,24.7,24.7,18524900,STB
2023-02-23 07:00:00,24.6,25.0,24.05,25.0,14252800,STB
2023-02-24 07:00:00,25.05,25.05,24.3,24.3,8464100,STB
2023-02-27 07:00:00,24.0,24.2,23.6,23.6,13398600,STB
2023-02-28 07:00:00,23.95,24.0,23.6,23.75,6462100,STB
2023-03-01 07:00:00,23.6,25.4,23.6,25.4,21605400,STB
2023-03-02 07:00:00,25.4,25.7,25.2,25.6,11122900,STB
2023-03-03 07:00:00,25.65,25.75,25.0,25.0,11814300,STB
2023-03-06 07:00:00,25.25,25.6,24.7,24.9,18558000,STB
2023-03-07 07:00:00,25.05,25.3,24.85,25.0,15476600,STB
2023-03-08 07:00:00,24.85,25.35,24.85,25.35,13744200,STB
2023-03-09 07:00:00,25.5,27.1,25.45,26.5,42575200,STB
2023-03-10 07:00:00,26.5,26.85,25.95,26.0,23483500,STB
2023-03-13 07:00:00,25.6,25.75,25.0,25.0,29609000,STB
2023-03-14 07:00:00,24.9,25.05,24.1,24.4,25329600,STB
2023-03-15 07:00:00,25.1,25.5,24.9,25.35,20097700,STB
2023-03-16 07:00:00,24.8,24.95,24.5,24.6,19670500,STB
2023-03-17 07:00:00,24.75,25.05,24.55,25.05,21263500,STB
2023-03-20 07:00:00,25.0,25.05,24.2,24.2,16972100,STB
2023-03-21 07:00:00,24.5,24.65,24.15,24.6,10858100,STB
2023-03-22 07:00:00,24.75,25.25,24.6,24.8,16551000,STB
2023-03-23 07:00:00,24.55,25.15,24.5,25.0,12242200,STB
2023-03-24 07:00:00,25.25,25.55,25.05,25.05,16106400,STB
2023-03-27 07:00:00,25.05,25.7,24.95,25.5,16704000,STB
2023-03-28 07:00:00,25.9,26.0,25.3,25.4,17176400,STB
2023-03-29 07:00:00,25.5,25.65,25.15,25.35,16807400,STB
2023-03-30 07:00:00,25.7,26.45,25.4,26.0,39396200,STB
2023-03-31 07:00:00,26.0,26.35,25.85,26.2,22409800,STB
2023-04-03 07:00:00,26.6,27.05,26.5,26.75,25291900,STB
2023-04-04 07:00:00,26.75,26.95,26.5,26.9,17729100,STB
2023-04-05 07:00:00,26.9,26.9,25.9,26.25,39446300,STB
2023-04-06 07:00:00,26.25,26.4,25.65,25.65,26271200,STB
2023-04-07 07:00:00,25.75,26.0,25.5,26.0,15461800,STB
2023-04-10 07:00:00,26.1,26.5,25.85,25.95,16465400,STB
2023-04-11 07:00:00,25.9,25.95,25.6,25.95,13353600,STB
2023-04-12 07:00:00,25.95,26.4,25.8,26.1,20359600,STB
2023-04-13 07:00:00,26.2,26.55,26.05,26.45,16207400,STB
2023-04-14 07:00:00,26.7,26.75,25.7,25.7,16397700,STB
2023-04-17 07:00:00,25.8,26.05,25.65,25.9,10198100,STB
2023-04-18 07:00:00,25.9,26.1,25.8,25.9,10113700,STB
2023-04-19 07:00:00,26.0,26.0,25.5,25.5,14169900,STB
2023-04-20 07:00:00,25.6,25.8,25.5,25.7,9010300,STB
2023-04-21 07:00:00,25.7,25.8,25.5,25.6,8711200,STB
2023-04-24 07:00:00,25.65,25.9,25.45,25.55,7659200,STB
2023-04-25 07:00:00,25.75,25.9,24.9,25.05,15450700,STB
2023-04-26 07:00:00,25.05,25.4,24.65,25.4,12437000,STB
2023-04-27 07:00:00,25.4,25.5,25.15,25.15,6548900,STB
2023-04-28 07:00:00,25.25,25.45,25.15,25.3,6775000,STB
2023-05-04 07:00:00,25.05,25.3,24.95,25.15,8447400,STB
2023-05-05 07:00:00,25.05,25.25,24.85,24.95,7684600,STB
2023-05-08 07:00:00,25.0,25.7,25.0,25.65,10204600,STB
2023-05-09 07:00:00,25.65,25.9,25.6,25.75,7317100,STB
2023-05-10 07:00:00,25.8,26.45,25.75,26.35,14508700,STB
2023-05-11 07:00:00,26.4,26.75,26.3,26.4,14943800,STB
2023-05-12 07:00:00,26.55,26.85,26.35,26.8,16486600,STB
2023-05-15 07:00:00,27.0,27.6,26.9,27.0,29853900,STB
2023-05-16 07:00:00,27.0,27.55,27.0,27.4,13149900,STB
2023-05-17 07:00:00,27.4,27.5,26.9,27.0,17690100,STB
2023-05-18 07:00:00,27.15,27.5,27.0,27.2,15189700,STB
2023-05-19 07:00:00,27.35,27.95,27.2,27.85,24344500,STB
2023-05-22 07:00:00,28.0,28.5,27.8,28.15,17738400,STB
2023-05-23 07:00:00,28.2,28.3,27.7,27.95,17308100,STB
2023-05-24 07:00:00,28.0,28.05,27.3,27.4,21756500,STB
2023-05-25 07:00:00,27.2,27.5,26.85,27.0,35282200,STB
2023-05-26 07:00:00,27.25,27.25,26.85,27.2,11437800,STB
2023-05-29 07:00:00,27.4,27.7,27.3,27.7,9984100,STB
2023-05-30 07:00:00,27.95,27.95,27.4,27.7,9099700,STB
2023-05-31 07:00:00,27.7,27.9,27.55,27.7,15062400,STB
2023-06-01 07:00:00,27.65,28.0,27.65,28.0,8842400,STB
2023-06-02 07:00:00,28.2,28.8,28.15,28.3,17871000,STB
2023-06-05 07:00:00,28.55,28.65,28.05,28.05,14176900,STB
2023-06-06 07:00:00,28.05,28.3,27.75,28.3,17184500,STB
2023-06-07 07:00:00,28.7,28.8,28.15,28.35,12976500,STB
2023-06-08 07:00:00,28.3,28.4,27.6,27.6,20255700,STB
2023-06-09 07:00:00,27.7,28.1,27.25,28.1,12851200,STB
2023-06-12 07:00:00,28.15,28.2,27.5,28.2,11276200,STB
2023-06-13 07:00:00,28.2,28.4,27.95,28.2,9048400,STB
2023-06-14 07:00:00,28.25,28.45,27.8,27.8,16588600,STB
2023-06-15 07:00:00,27.8,27.9,27.6,27.8,11049600,STB
2023-06-16 07:00:00,28.05,29.6,28.0,29.0,44855200,STB
2023-06-19 07:00:00,29.15,29.15,28.75,28.75,8516000,STB
2023-06-20 07:00:00,28.9,29.25,28.7,29.25,10685100,STB
2023-06-21 07:00:00,29.25,29.55,29.1,29.4,16888300,STB
2023-06-22 07:00:00,29.7,30.2,29.5,30.0,21640300,STB
2023-06-23 07:00:00,30.2,30.65,30.0,30.3,16889100,STB
2023-06-26 07:00:00,30.2,30.25,29.25,29.6,31159200,STB
2023-06-27 07:00:00,29.55,29.75,29.45,29.6,11224400,STB
2023-06-28 07:00:00,29.7,30.0,29.55,29.9,13693600,STB
2023-06-29 07:00:00,29.95,30.05,29.3,29.55,14837600,STB
2023-06-30 07:00:00,29.55,29.8,29.3,29.8,8144800,STB
2023-07-03 07:00:00,29.8,29.95,29.45,29.7,7045400,STB
2023-07-04 07:00:00,29.7,29.85,29.3,29.85,17233800,STB
2023-07-05 07:00:00,29.85,30.25,29.65,29.9,14555700,STB
2023-07-06 07:00:00,29.85,29.9,29.1,29.1,26337200,STB
2023-07-07 07:00:00,29.1,29.6,29.0,29.6,9708200,STB
2023-07-10 07:00:00,29.8,29.95,29.5,29.85,11191900,STB
2023-07-11 07:00:00,30.05,30.35,29.85,30.0,17902700,STB
2023-07-12 07:00:00,29.8,29.9,29.3,29.8,32137800,STB
2023-07-13 07:00:00,29.65,30.0,29.65,30.0,11703900,STB
2023-07-14 07:00:00,30.2,30.2,27.9,29.0,74861900,STB
2023-07-17 07:00:00,28.85,28.9,28.0,28.0,41707400,STB
2023-07-18 07:00:00,28.0,28.45,27.9,28.45,23016500,STB
2023-07-19 07:00:00,28.45,28.6,28.2,28.25,11967700,STB
2023-07-20 07:00:00,28.25,28.3,27.6,27.85,27253400,STB
2023-07-21 07:00:00,27.95,28.75,27.8,28.75,29526800,STB
2023-07-24 07:00:00,28.75,28.9,28.45,28.7,17378100,STB
2023-07-25 07:00:00,28.6,29.15,28.4,28.5,19697700,STB
2023-07-26 07:00:00,28.5,28.5,28.2,28.3,13249800,STB
2023-07-27 07:00:00,28.3,28.45,27.9,28.1,21100800,STB
2023-07-28 07:00:00,28.1,28.75,28.1,28.65,19908800,STB
2023-07-31 07:00:00,28.9,29.1,28.5,28.95,21200800,STB
2023-08-01 07:00:00,29.1,29.7,28.9,28.95,41823000,STB
2023-08-02 07:00:00,28.9,29.3,28.8,29.1,18419000,STB
2023-08-03 07:00:00,29.15,29.2,28.6,28.6,20537400,STB
2023-08-04 07:00:00,28.6,28.95,28.5,28.95,18096200,STB
2023-08-07 07:00:00,29.05,30.25,29.05,30.05,49624600,STB
2023-08-08 07:00:00,30.35,30.4,29.75,29.8,15546300,STB
2023-08-09 07:00:00,29.85,31.2,29.65,31.2,37815900,STB
2023-08-10 07:00:00,31.15,31.3,30.55,30.55,13398600,STB
2023-08-11 07:00:00,30.75,32.1,30.55,31.85,33178800,STB
2023-08-14 07:00:00,31.9,32.0,31.5,31.9,16893000,STB
2023-08-15 07:00:00,31.9,32.0,31.45,31.5,16928700,STB
2023-08-16 07:00:00,31.5,32.9,31.2,32.9,44953500,STB
2023-08-17 07:00:00,32.6,32.8,32.25,32.35,14884100,STB
2023-08-18 07:00:00,32.1,32.45,30.3,31.3,45150600,STB
2023-08-21 07:00:00,31.6,32.7,31.3,31.8,35255100,STB
2023-08-22 07:00:00,32.0,32.15,30.5,32.15,32920900,STB
2023-08-23 07:00:00,32.1,32.2,30.75,30.9,38653900,STB
2023-08-24 07:00:00,31.1,31.7,30.9,31.55,14088400,STB
2023-08-25 07:00:00,31.3,31.5,30.95,31.1,17148500,STB
2023-08-28 07:00:00,31.15,31.9,30.95,31.65,18709800,STB
2023-08-29 07:00:00,31.8,31.9,31.35,31.75,17672400,STB
2023-08-30 07:00:00,31.8,32.5,31.8,32.5,27237000,STB
2023-08-31 07:00:00,32.5,32.65,32.35,32.65,18726700,STB
2023-09-05 07:00:00,32.7,33.15,32.4,32.7,22518900,STB
2023-09-06 07:00:00,32.6,33.05,32.15,33.05,23144500,STB
2023-09-07 07:00:00,33.0,33.25,32.65,33.0,20729300,STB
2023-09-08 07:00:00,32.8,32.95,32.5,32.5,18547100,STB
2023-09-11 07:00:00,32.7,32.7,31.55,31.6,32699500,STB
2023-09-12 07:00:00,31.8,32.35,31.35,32.35,14337200,STB
2023-09-13 07:00:00,32.5,32.55,31.85,31.95,17037500,STB
2023-09-14 07:00:00,32.0,32.45,31.8,31.8,14940900,STB
2023-09-15 07:00:00,32.3,33.15,32.1,32.5,34137000,STB
2023-09-18 07:00:00,32.3,33.05,32.3,32.6,15196000,STB
2023-09-19 07:00:00,32.7,33.6,32.65,33.3,33669800,STB
2023-09-20 07:00:00,33.3,33.55,33.2,33.25,10589700,STB
2023-09-21 07:00:00,33.2,33.7,32.35,32.35,31019800,STB
2023-09-22 07:00:00,32.0,33.0,31.35,32.9,35946000,STB
2023-09-25 07:00:00,32.8,33.15,31.4,31.65,25662800,STB
2023-09-26 07:00:00,31.95,32.2,31.35,31.35,17056300,STB
2023-09-27 07:00:00,31.5,31.8,30.55,31.8,19340500,STB
2023-09-28 07:00:00,31.7,31.7,30.45,30.75,29418900,STB
2023-09-29 07:00:00,31.0,31.25,30.65,30.65,12280500,STB
2023-10-02 07:00:00,30.75,31.1,30.6,30.85,10885000,STB
2023-10-03 07:00:00,30.65,30.65,29.05,29.2,33380900,STB
2023-10-04 07:00:00,28.9,30.6,28.85,30.2,20419400,STB
2023-10-05 07:00:00,30.1,30.35,29.85,29.9,10308800,STB
2023-10-06 07:00:00,29.85,30.95,29.65,30.95,13108100,STB
2023-10-09 07:00:00,30.95,31.3,30.6,31.2,9199800,STB
2023-10-10 07:00:00,31.35,31.65,31.25,31.25,11506300,STB
2023-10-11 07:00:00,31.25,31.8,31.15,31.75,8374300,STB
2023-10-12 07:00:00,31.95,31.95,31.3,31.6,8160500,STB
2023-10-13 07:00:00,31.2,31.6,31.0,31.5,11308800,STB
2023-10-16 07:00:00,31.4,31.45,30.2,30.2,25870900,STB
2023-10-17 07:00:00,30.45,30.7,30.0,30.0,11770400,STB
2023-10-18 07:00:00,30.1,30.3,29.35,29.7,20147600,STB
2023-10-19 07:00:00,29.5,29.9,28.95,29.0,20421700,STB
2023-10-20 07:00:00,29.0,30.3,28.85,30.1,18953900,STB
2023-10-23 07:00:00,29.8,30.1,29.4,29.7,13702000,STB
2023-10-24 07:00:00,30.0,30.2,29.75,30.0,11931200,STB
2023-10-25 07:00:00,30.0,30.2,29.55,29.55,8074600,STB
2023-10-26 07:00:00,29.0,29.2,27.7,28.1,40837400,STB
2023-10-27 07:00:00,28.55,29.25,28.15,28.7,16878600,STB
2023-10-30 07:00:00,28.75,28.8,27.0,27.0,21271700,STB
2023-10-31 07:00:00,27.1,27.55,26.55,27.0,27998300,STB
2023-11-01 07:00:00,27.5,27.7,27.1,27.65,8556100,STB
2023-11-02 07:00:00,27.95,29.05,27.9,29.0,15521400,STB
2023-11-03 07:00:00,29.2,29.2,28.4,28.5,18856700,STB
2023-11-06 07:00:00,28.65,29.5,28.6,29.45,26745600,STB
2023-11-07 07:00:00,29.15,29.3,28.9,29.0,11144900,STB
2023-11-08 07:00:00,28.9,30.1,28.75,30.0,20906400,STB
2023-11-09 07:00:00,30.05,30.3,29.65,29.65,22227400,STB
2023-11-10 07:00:00,29.4,30.0,29.25,29.5,13739800,STB
2023-11-13 07:00:00,29.5,29.6,29.0,29.25,15892800,STB
2023-11-14 07:00:00,29.6,30.45,29.5,30.0,18566200,STB
2023-11-15 07:00:00,30.6,30.7,29.8,30.0,16567100,STB
2023-11-16 07:00:00,29.9,30.2,29.75,30.2,9783300,STB
2023-11-17 07:00:00,30.25,30.4,29.05,29.35,22164800,STB
2023-11-20 07:00:00,28.7,29.45,28.7,29.2,16240800,STB
2023-11-21 07:00:00,29.55,29.6,29.1,29.3,7021500,STB
2023-11-22 07:00:00,29.3,29.45,28.75,29.1,19080700,STB
2023-11-23 07:00:00,29.15,29.3,28.2,28.2,16575800,STB
2023-11-24 07:00:00,28.4,28.4,27.5,28.3,23863000,STB
2023-11-27 07:00:00,28.2,28.2,27.4,27.4,19828300,STB
2023-11-28 07:00:00,27.5,28.15,26.85,28.15,17252700,STB
2023-11-29 07:00:00,28.05,28.25,27.8,27.8,12029500,STB
2023-11-30 07:00:00,27.8,28.1,27.5,27.5,13608300,STB
2023-12-01 07:00:00,27.5,27.65,27.05,27.5,13635000,STB
2023-12-04 07:00:00,27.6,28.35,27.55,28.2,19614700,STB
2023-12-05 07:00:00,28.15,28.3,27.8,27.8,12589600,STB
2023-12-06 07:00:00,27.7,28.1,27.7,28.1,14176100,STB
2023-12-07 07:00:00,28.3,28.95,28.05,28.55,29262200,STB
2023-12-08 07:00:00,28.7,28.85,28.2,28.2,14678400,STB
2023-12-11 07:00:00,28.3,28.4,27.85,27.85,14345000,STB
2023-12-12 07:00:00,27.95,28.1,27.8,28.0,6953400,STB
2023-12-13 07:00:00,28.0,28.2,27.45,27.45,20639100,STB
2023-12-14 07:00:00,27.7,27.75,27.1,27.1,14265300,STB
2023-12-15 07:00:00,27.1,27.45,27.05,27.1,12858200,STB
2023-12-18 07:00:00,27.1,27.2,26.3,26.3,21729000,STB
2023-12-19 07:00:00,26.3,26.6,25.85,26.6,18259600,STB
2023-12-20 07:00:00,26.7,26.95,26.45,26.95,8217200,STB
2023-12-21 07:00:00,26.75,26.85,26.5,26.6,10018700,STB
2023-12-22 07:00:00,26.6,27.45,26.3,27.2,22251300,STB
2023-12-25 07:00:00,27.25,27.8,27.25,27.5,12751000,STB
2023-12-26 07:00:00,27.6,27.6,27.15,27.5,13847000,STB
2023-12-27 07:00:00,27.5,27.65,27.35,27.4,10685200,STB
2023-12-28 07:00:00,27.45,27.8,27.35,27.6,10407400,STB
2023-12-29 07:00:00,27.65,28.1,27.6,27.95,16014900,STB
2024-01-02 07:00:00,28.0,28.15,27.75,27.75,14813300,STB
2024-01-03 07:00:00,27.75,28.5,27.6,28.5,19990700,STB
2024-01-04 07:00:00,28.6,29.55,28.5,28.6,31414000,STB
2024-01-05 07:00:00,29.0,29.45,28.85,29.3,31291500,STB
2024-01-08 07:00:00,29.6,29.65,29.0,29.2,15853600,STB
2024-01-09 07:00:00,29.2,29.5,29.1,29.2,16760900,STB
2024-01-10 07:00:00,29.1,29.8,29.1,29.45,25102500,STB
2024-01-11 07:00:00,29.7,29.95,29.2,29.5,24449200,STB
2024-01-12 07:00:00,29.3,30.15,29.1,29.9,41145100,STB
2024-01-15 07:00:00,30.1,30.25,29.7,29.8,13057500,STB
2024-01-16 07:00:00,29.75,29.9,29.6,29.9,13163500,STB
2024-01-17 07:00:00,29.9,30.05,29.7,29.7,15239500,STB
2024-01-18 07:00:00,29.75,30.25,29.65,29.8,14262500,STB
2024-01-19 07:00:00,30.0,30.3,29.95,30.3,19382800,STB
2024-01-22 07:00:00,30.5,30.6,30.15,30.25,13400000,STB
2024-01-23 07:00:00,30.35,30.7,30.25,30.5,17926900,STB
2024-01-24 07:00:00,30.45,31.25,30.4,30.75,24678500,STB
2024-01-25 07:00:00,31.0,31.0,30.3,30.5,17446300,STB
2024-01-26 07:00:00,30.7,30.7,30.2,30.3,15139100,STB
2024-01-29 07:00:00,30.3,30.65,30.3,30.35,8935200,STB
2024-01-30 07:00:00,30.35,30.7,30.3,30.7,11432400,STB
2024-01-31 07:00:00,30.75,30.9,29.8,29.9,34436400,STB
2024-02-01 07:00:00,29.9,30.15,29.7,29.8,10674100,STB
2024-02-02 07:00:00,29.95,30.15,29.75,29.9,10080500,STB
2024-02-05 07:00:00,30.0,30.85,29.85,30.6,20315900,STB
2024-02-06 07:00:00,30.8,31.1,30.7,30.8,13437900,STB
2024-02-07 07:00:00,30.75,31.2,30.75,31.1,12202200,STB
2024-02-15 07:00:00,31.2,31.7,31.0,31.25,17188200,STB
2024-02-16 07:00:00,31.3,31.4,30.75,30.8,20794300,STB
2024-02-19 07:00:00,30.95,30.95,30.45,30.7,15780500,STB
2024-02-20 07:00:00,30.7,31.05,30.55,30.7,16158900,STB
2024-02-21 07:00:00,31.0,32.0,30.85,31.5,44463100,STB
2024-02-22 07:00:00,31.4,31.5,31.0,31.05,15526000,STB
2024-02-23 07:00:00,31.15,31.55,30.65,30.65,33551000,STB
2024-02-26 07:00:00,30.65,30.75,30.15,30.5,24763200,STB
2024-02-27 07:00:00,30.6,30.85,30.35,30.75,15451600,STB
2024-02-28 07:00:00,30.85,31.5,30.75,31.4,28484800,STB
2024-02-29 07:00:00,31.6,31.8,31.1,31.55,23713600,STB
2024-03-01 07:00:00,31.75,32.2,31.7,31.95,27190200,STB
2024-03-04 07:00:00,32.1,32.2,31.65,31.75,17157800,STB
2024-03-05 07:00:00,31.75,31.95,31.55,31.9,12352400,STB
2024-03-06 07:00:00,31.8,32.15,31.35,31.55,18418500,STB
2024-03-07 07:00:00,31.55,31.6,31.15,31.3,17422800,STB
2024-03-08 07:00:00,31.35,31.5,30.6,30.65,34885800,STB
2024-03-11 07:00:00,30.6,30.7,30.1,30.2,20137400,STB
2024-03-12 07:00:00,30.1,30.55,30.1,30.25,13195300,STB
2024-03-13 07:00:00,30.3,30.85,30.15,30.85,16466100,STB
2024-03-14 07:00:00,30.9,30.95,30.4,30.45,15812300,STB
2024-03-15 07:00:00,30.45,30.75,30.2,30.5,17494500,STB
2024-03-18 07:00:00,30.5,30.7,29.7,30.25,26184800,STB
2024-03-19 07:00:00,30.3,30.55,29.9,30.4,13159300,STB
2024-03-20 07:00:00,30.4,31.25,30.15,31.15,28145900,STB
2024-03-21 07:00:00,31.25,31.5,31.1,31.5,15677800,STB
2024-03-22 07:00:00,31.65,32.4,31.55,31.65,32805000,STB
2024-03-25 07:00:00,31.6,31.7,30.8,30.85,25048000,STB
2024-03-26 07:00:00,30.8,31.0,30.75,31.0,19270400,STB
2024-03-27 07:00:00,31.0,31.2,30.65,30.9,15097000,STB
2024-03-28 07:00:00,31.2,32.0,30.8,32.0,31997700,STB
2024-03-29 07:00:00,32.25,32.6,31.6,31.6,34573900,STB
2024-04-01 07:00:00,31.5,31.7,31.05,31.4,24131300,STB
2024-04-02 07:00:00,30.5,30.95,29.6,30.2,105089800,STB
2024-04-03 07:00:00,30.5,30.8,30.1,30.1,26957600,STB
2024-04-04 07:00:00,30.1,30.2,29.65,29.7,30271800,STB
2024-04-05 07:00:00,29.5,29.85,29.15,29.6,25456900,STB
2024-04-08 07:00:00,29.3,29.45,28.95,29.0,26854100,STB
2024-04-09 07:00:00,29.0,29.25,28.7,29.15,17950600,STB
2024-04-10 07:00:00,29.3,29.45,29.1,29.1,14930400,STB
2024-04-11 07:00:00,28.9,29.1,28.75,28.85,10462800,STB
2024-04-12 07:00:00,29.1,29.4,28.9,29.1,15445100,STB
2024-04-15 07:00:00,29.0,29.4,27.5,27.5,24337900,STB
2024-04-16 07:00:00,27.65,27.8,27.2,27.3,22651800,STB
2024-04-17 07:00:00,27.6,27.6,26.8,26.8,12961400,STB
2024-04-19 07:00:00,26.4,28.0,26.15,26.8,23052500,STB
2024-04-22 07:00:00,27.4,28.15,27.1,27.65,13422600,STB
2024-04-23 07:00:00,27.55,28.15,27.55,27.8,18401000,STB
2024-04-24 07:00:00,27.9,28.6,27.8,28.6,13991900,STB
2024-04-25 07:00:00,28.6,28.65,28.2,28.45,9380100,STB
2024-04-26 07:00:00,28.25,28.95,28.1,28.2,11932400,STB
2024-05-02 07:00:00,28.35,28.35,27.5,27.6,10054400,STB
2024-05-03 07:00:00,27.8,28.05,27.5,27.55,8851200,STB
2024-05-06 07:00:00,27.95,28.15,27.65,28.1,8810000,STB
2024-05-07 07:00:00,28.15,28.35,28.1,28.3,8560700,STB
2024-05-08 07:00:00,28.3,28.35,27.85,27.95,9179100,STB
2024-05-09 07:00:00,28.0,28.15,27.8,27.8,7552300,STB
2024-05-10 07:00:00,27.9,28.0,27.6,27.6,6903400,STB
2024-05-13 07:00:00,27.7,27.7,27.2,27.25,7861600,STB
2024-05-14 07:00:00,27.3,27.55,27.2,27.25,7428600,STB
2024-05-15 07:00:00,27.35,27.9,27.3,27.8,9801400,STB
2024-05-16 07:00:00,28.1,28.65,28.1,28.4,16790800,STB
2024-05-17 07:00:00,28.5,28.55,28.3,28.5,7138700,STB
2024-05-20 07:00:00,28.75,28.75,28.2,28.3,10164400,STB
2024-05-21 07:00:00,28.3,28.45,27.85,28.3,9961400,STB
2024-05-22 07:00:00,28.3,28.4,27.95,28.0,7853200,STB
2024-05-23 07:00:00,27.9,28.55,27.7,28.55,10710600,STB
2024-05-24 07:00:00,28.45,29.25,28.3,28.7,28342000,STB
2024-05-27 07:00:00,28.8,28.95,28.35,28.7,6564000,STB
2024-05-28 07:00:00,28.8,29.0,28.6,28.85,9012300,STB
2024-05-29 07:00:00,28.9,28.9,28.25,28.25,10808900,STB
2024-05-30 07:00:00,28.0,28.25,27.6,27.85,16001700,STB
2024-05-31 07:00:00,28.05,28.2,27.8,27.85,5567800,STB
2024-06-03 07:00:00,28.1,29.75,28.1,29.75,28580200,STB
2024-06-04 07:00:00,30.5,30.6,29.85,29.95,20232100,STB
2024-06-05 07:00:00,30.0,30.4,29.6,29.6,15295100,STB
2024-06-06 07:00:00,29.95,31.1,29.65,30.7,31379700,STB
2024-06-07 07:00:00,30.7,31.1,30.7,30.75,12983500,STB
2024-06-10 07:00:00,31.2,31.7,31.05,31.1,14942300,STB
2024-06-11 07:00:00,31.2,31.35,30.7,31.2,14064100,STB
2024-06-12 07:00:00,31.25,31.35,30.9,31.35,10808500,STB
2024-06-13 07:00:00,31.5,31.9,31.25,31.65,19842400,STB
2024-06-14 07:00:00,31.65,31.9,30.55,30.55,15865800,STB
2024-06-17 07:00:00,30.4,30.8,30.25,30.5,14506900,STB
2024-06-18 07:00:00,30.55,31.15,30.55,30.55,11579400,STB
2024-06-19 07:00:00,30.6,31.2,30.45,30.9,13605100,STB
2024-06-20 07:00:00,31.1,31.1,30.0,30.75,21298600,STB
2024-06-21 07:00:00,30.7,31.35,30.45,30.65,11453900,STB
2024-06-24 07:00:00,30.65,30.75,29.4,29.5,20293700,STB
2024-06-25 07:00:00,29.7,29.8,29.25,29.6,11199300,STB
2024-06-26 07:00:00,29.4,29.65,28.95,29.5,14572000,STB
2024-06-27 07:00:00,29.3,29.5,29.1,29.2,6435800,STB
2024-06-28 07:00:00,29.05,29.4,28.8,28.8,9182400,STB
2024-07-01 07:00:00,29.0,29.35,28.8,29.3,5212400,STB
2024-07-02 07:00:00,29.35,29.75,29.25,29.6,5431700,STB
2024-07-03 07:00:00,29.55,30.1,29.55,29.9,6484600,STB
2024-07-04 07:00:00,29.9,29.95,29.6,29.9,4385800,STB
2024-07-05 07:00:00,29.9,30.15,29.6,30.1,6500200,STB
2024-07-08 07:00:00,30.0,30.3,29.75,30.15,11712100,STB
2024-07-09 07:00:00,30.15,30.4,29.95,30.35,11044600,STB
2024-07-10 07:00:00,30.35,30.45,29.85,29.85,7896500,STB
2024-07-11 07:00:00,30.0,30.15,29.85,29.85,5412300,STB
2024-07-12 07:00:00,30.0,30.15,29.7,29.75,8716700,STB
2024-07-15 07:00:00,29.8,29.95,29.6,29.75,3659300,STB
2024-07-16 07:00:00,29.75,30.2,29.75,29.9,7816800,STB
2024-07-17 07:00:00,30.1,31.2,29.95,30.4,25058400,STB
2024-07-18 07:00:00,30.4,30.6,29.95,30.6,10719300,STB
2024-07-19 07:00:00,30.55,30.85,30.15,30.3,8140200,STB
2024-07-22 07:00:00,30.3,30.6,29.9,30.0,10809000,STB
2024-07-23 07:00:00,30.1,30.3,29.0,29.0,11984600,STB
2024-07-24 07:00:00,29.0,29.45,28.6,29.2,12412500,STB
2024-07-25 07:00:00,29.15,29.15,28.6,28.8,8570900,STB
2024-07-26 07:00:00,28.8,29.1,28.75,29.1,5366200,STB
2024-07-29 07:00:00,29.2,29.4,28.8,29.1,5947800,STB
2024-07-30 07:00:00,29.05,29.15,28.8,28.9,4458200,STB
2024-07-31 07:00:00,29.0,29.25,28.85,29.0,6032600,STB
2024-08-01 07:00:00,29.0,29.25,28.05,28.05,11998200,STB
2024-08-02 07:00:00,28.0,28.55,27.95,28.4,10783600,STB
2024-08-05 07:00:00,28.2,28.4,27.0,27.2,21028700,STB
2024-08-06 07:00:00,27.55,28.45,27.3,28.4,8945400,STB
2024-08-07 07:00:00,28.4,28.5,27.9,28.4,7957500,STB
2024-08-08 07:00:00,28.05,28.6,28.0,28.25,5944200,STB
2024-08-09 07:00:00,28.65,28.95,28.2,28.85,9925300,STB
2024-08-12 07:00:00,28.85,29.35,28.6,29.2,9701500,STB
2024-08-13 07:00:00,29.2,29.5,29.15,29.15,7059600,STB
2024-08-14 07:00:00,29.25,29.4,29.2,29.2,5866500,STB
2024-08-15 07:00:00,29.2,29.3,28.75,28.95,3730700,STB
2024-08-16 07:00:00,28.95,29.45,28.95,29.35,8293900,STB
2024-08-19 07:00:00,29.5,29.7,29.35,29.65,5992100,STB
2024-08-20 07:00:00,29.65,29.8,29.5,29.65,6413400,STB
2024-08-21 07:00:00,29.65,29.95,29.4,29.95,8881200,STB
2024-08-22 07:00:00,30.0,30.05,29.8,29.9,4940600,STB
2024-08-23 07:00:00,29.9,30.0,29.65,29.95,5876500,STB
2024-08-26 07:00:00,30.05,30.2,29.75,29.75,7701300,STB
2024-08-27 07:00:00,29.75,29.85,29.6,29.6,4245000,STB
2024-08-28 07:00:00,29.7,29.85,29.55,29.55,4655800,STB
2024-08-29 07:00:00,29.65,30.9,29.65,30.45,25193800,STB
2024-08-30 07:00:00,30.55,30.65,30.35,30.55,5079700,STB
2024-09-04 07:00:00,30.4,30.4,29.95,30.1,9433600,STB
2024-09-05 07:00:00,30.1,30.15,29.4,29.6,10457600,STB
2024-09-06 07:00:00,29.55,29.9,29.5,29.9,8550100,STB
2024-09-09 07:00:00,29.65,29.75,29.5,29.5,4193600,STB
2024-09-10 07:00:00,29.7,29.75,29.15,29.2,7772100,STB
2024-09-11 07:00:00,29.15,29.7,29.1,29.6,6358300,STB
2024-09-12 07:00:00,29.65,29.8,29.55,29.7,5852700,STB
2024-09-13 07:00:00,29.7,29.95,29.55,29.8,6158600,STB
2024-09-16 07:00:00,29.8,29.9,29.55,29.55,4878700,STB
2024-09-17 07:00:00,29.65,29.85,29.45,29.85,5758400,STB
2024-09-18 07:00:00,29.85,30.6,29.8,30.25,14764700,STB
2024-09-19 07:00:00,30.35,30.6,30.3,30.5,7185600,STB
2024-09-20 07:00:00,30.7,31.3,30.6,30.85,23258900,STB
2024-09-23 07:00:00,30.9,31.3,30.8,30.8,6037200,STB
2024-09-24 07:00:00,30.85,32.05,30.8,31.85,24839400,STB
2024-09-25 07:00:00,32.0,32.7,31.85,32.7,28614000,STB
2024-09-26 07:00:00,32.8,33.2,32.6,32.75,25838600,STB
2024-09-27 07:00:00,32.9,33.65,32.8,33.6,22047200,STB
2024-09-30 07:00:00,33.55,33.65,33.2,33.35,12432400,STB
2024-10-01 07:00:00,33.4,34.4,33.4,33.5,16258900,STB
2024-10-02 07:00:00,33.5,33.9,33.4,33.55,11383200,STB
2024-10-03 07:00:00,33.55,34.2,33.55,33.75,19074200,STB
2024-10-04 07:00:00,33.7,33.8,33.1,33.1,14347400,STB
2024-10-07 07:00:00,33.4,34.15,33.35,33.8,14756600,STB
2024-10-08 07:00:00,33.85,34.2,33.55,33.7,13909400,STB
2024-10-09 07:00:00,33.7,34.3,33.6,34.15,17686600,STB
2024-10-10 07:00:00,34.5,34.8,33.6,33.6,20748300,STB
2024-10-11 07:00:00,33.65,33.8,33.4,33.8,7702400,STB
2024-10-14 07:00:00,34.1,34.2,33.6,33.9,12932200,STB
2024-10-15 07:00:00,33.95,34.2,33.6,33.7,12425100,STB
2024-10-16 07:00:00,33.65,33.75,33.15,33.6,18409100,STB
2024-10-17 07:00:00,33.7,34.6,33.25,34.6,27209600,STB
2024-10-18 07:00:00,35.1,36.45,34.7,35.55,32868800,STB
2024-10-21 07:00:00,35.65,36.1,35.25,35.25,13537800,STB
2024-10-22 07:00:00,35.25,35.9,34.9,35.0,17680700,STB
2024-10-23 07:00:00,35.1,35.8,34.65,35.8,12097200,STB
2024-10-24 07:00:00,35.8,35.8,33.4,33.4,32157700,STB
2024-10-25 07:00:00,33.65,34.0,33.3,33.45,19673700,STB
2024-10-28 07:00:00,33.3,34.1,33.3,33.75,11423600,STB
2024-10-29 07:00:00,33.85,34.3,33.8,34.05,10111000,STB
2024-10-30 07:00:00,34.2,35.2,33.95,34.8,17096800,STB
2024-10-31 07:00:00,34.8,35.7,34.6,35.2,17764700,STB
2024-11-01 07:00:00,35.0,35.25,34.95,35.0,9112000,STB
2024-11-04 07:00:00,35.0,35.35,34.65,34.9,11339100,STB
2024-11-05 07:00:00,34.85,35.3,34.85,34.85,6852800,STB
2024-11-06 07:00:00,35.0,35.5,34.8,35.5,6934000,STB
2024-11-07 07:00:00,35.6,35.8,35.4,35.6,8231800,STB
2024-11-08 07:00:00,35.85,36.0,35.0,35.5,9413400,STB
2024-11-11 07:00:00,35.4,35.55,33.4,33.8,32893000,STB
2024-11-12 07:00:00,33.8,33.9,33.25,33.55,14613800,STB
2024-11-13 07:00:00,33.5,33.5,32.4,33.4,15006400,STB
2024-11-14 07:00:00,33.55,33.55,32.5,32.5,9004900,STB
2024-11-15 07:00:00,32.4,32.85,32.2,32.4,12216400,STB
2024-11-18 07:00:00,32.55,32.7,31.9,32.6,10149900,STB
2024-11-19 07:00:00,32.6,32.6,31.75,31.95,7271700,STB
2024-11-20 07:00:00,31.7,32.75,31.3,32.4,8575900,STB
2024-11-21 07:00:00,32.4,33.05,32.25,33.05,8026600,STB
2024-11-22 07:00:00,33.0,33.15,32.6,32.65,5610500,STB
2024-11-25 07:00:00,32.7,33.15,32.65,32.85,5082200,STB
2024-11-26 07:00:00,33.0,33.35,32.95,33.2,6126800,STB
2024-11-27 07:00:00,33.1,33.3,32.8,33.2,5196000,STB
2024-11-28 07:00:00,33.2,33.6,32.95,33.15,8503500,STB
2024-11-29 07:00:00,33.05,33.3,32.8,33.3,6626200,STB
2024-12-02 07:00:00,33.4,33.4,32.85,33.1,5222300,STB
2024-12-03 07:00:00,33.15,33.15,32.6,32.6,8715400,STB
2024-12-04 07:00:00,32.55,32.6,32.15,32.4,5780600,STB
2024-12-05 07:00:00,32.35,34.0,32.25,33.95,13198900,STB
2024-12-06 07:00:00,33.9,33.95,33.6,33.8,5016000,STB
2024-12-09 07:00:00,33.7,34.1,33.6,34.0,5819800,STB
2024-12-10 07:00:00,34.05,34.2,33.5,33.5,5671300,STB
2024-12-11 07:00:00,33.8,33.9,33.5,33.65,5182000,STB
2024-12-12 07:00:00,33.65,34.1,33.65,33.8,4826000,STB
2024-12-13 07:00:00,33.8,34.2,33.55,34.0,7644600,STB
2024-12-16 07:00:00,34.0,34.1,33.85,34.1,4502700,STB
2024-12-17 07:00:00,34.1,34.2,33.85,34.1,3703800,STB
2024-12-18 07:00:00,34.1,34.2,33.85,34.2,4850900,STB
2024-12-19 07:00:00,33.8,34.0,33.55,33.9,8676200,STB
2024-12-20 07:00:00,33.75,33.95,33.5,33.85,7578900,STB
2024-12-23 07:00:00,34.15,35.0,34.1,34.5,10898800,STB
2024-12-24 07:00:00,34.55,34.75,34.35,34.7,6484800,STB
2024-12-25 07:00:00,34.8,36.5,34.75,36.25,24376900,STB
2024-12-26 07:00:00,36.45,37.4,36.35,37.1,16442000,STB
2024-12-27 07:00:00,37.2,37.4,36.9,37.4,11145700,STB
2024-12-30 07:00:00,37.35,37.85,36.8,37.85,10631900,STB
2024-12-31 07:00:00,37.55,37.55,36.9,36.9,9388400,STB
2025-01-02 07:00:00,36.95,37.2,36.6,37.0,5957100,STB
2025-01-03 07:00:00,36.95,36.95,36.1,36.1,8642600,STB
2025-01-06 07:00:00,36.1,36.6,36.05,36.25,9584000,STB
2025-01-07 07:00:00,36.45,37.05,36.35,36.9,7377300,STB
2025-01-08 07:00:00,36.7,36.9,36.5,36.7,6074100,STB
2025-01-09 07:00:00,36.8,36.9,36.4,36.4,5593400,STB
2025-01-10 07:00:00,36.4,36.55,35.2,35.2,15560200,STB
2025-01-13 07:00:00,35.0,35.35,34.7,35.3,8382600,STB
2025-01-14 07:00:00,35.3,35.4,34.9,35.4,4412700,STB
2025-01-15 07:00:00,35.4,35.45,35.1,35.1,6977700,STB
2025-01-16 07:00:00,35.4,35.8,35.05,35.45,9548300,STB
2025-01-17 07:00:00,35.4,35.8,35.15,35.75,5715900,STB
2025-01-20 07:00:00,35.85,36.35,35.75,35.95,6359200,STB
2025-01-21 07:00:00,36.45,36.45,35.9,36.05,5396100,STB
2025-01-22 07:00:00,36.2,36.65,36.15,36.35,7602200,STB
2025-01-23 07:00:00,36.65,37.55,36.45,37.0,10155400,STB
2025-01-24 07:00:00,37.3,37.35,36.9,37.0,4818200,STB
2025-02-03 07:00:00,36.8,36.9,36.3,36.55,9000500,STB
2025-02-04 07:00:00,36.7,37.8,36.65,37.3,12650000,STB
2025-02-05 07:00:00,37.45,37.5,37.0,37.25,5279300,STB
2025-02-06 07:00:00,37.5,37.85,37.3,37.35,8268500,STB
2025-02-07 07:00:00,37.35,38.1,37.2,37.45,11948300,STB
2025-02-10 07:00:00,37.4,38.85,37.2,38.45,21128100,STB
2025-02-11 07:00:00,38.4,38.7,38.15,38.5,5513100,STB
2025-02-12 07:00:00,38.5,38.85,38.3,38.65,8553900,STB
2025-02-13 07:00:00,38.5,38.8,38.4,38.8,4741600,STB
2025-02-14 07:00:00,39.3,39.3,38.25,38.25,8007000,STB
2025-02-17 07:00:00,38.25,38.5,38.1,38.3,6088300,STB
2025-02-18 07:00:00,38.3,39.15,38.15,38.65,8042000,STB
2025-02-19 07:00:00,38.65,39.1,38.5,38.75,7478000,STB
2025-02-20 07:00:00,38.9,39.05,38.55,38.75,7041600,STB
2025-02-21 07:00:00,38.75,38.95,38.3,38.85,8170200,STB
2025-02-24 07:00:00,38.85,39.6,38.7,39.4,7261100,STB
2025-02-25 07:00:00,39.5,39.7,39.25,39.25,6148600,STB
2025-02-26 07:00:00,39.25,39.35,38.55,38.55,15149500,STB
2025-02-27 07:00:00,38.55,38.65,38.1,38.3,12864400,STB
2025-02-28 07:00:00,38.25,38.7,38.25,38.25,5601900,STB
2025-03-03 07:00:00,38.35,38.85,38.35,38.85,5444600,STB
2025-03-04 07:00:00,38.65,39.4,38.5,39.2,9150800,STB
2025-03-05 07:00:00,39.3,39.7,38.8,38.8,9606400,STB
2025-03-06 07:00:00,38.85,39.55,38.75,39.5,7514100,STB
2025-03-07 07:00:00,39.65,39.9,39.4,39.75,11663800,STB
2025-03-10 07:00:00,40.0,40.3,39.2,40.0,15036900,STB
2025-03-11 07:00:00,39.4,39.9,39.4,39.9,5687100,STB
2025-03-12 07:00:00,40.0,40.05,39.3,39.75,10908500,STB
2025-03-13 07:00:00,39.65,39.7,38.95,39.0,16107200,STB
2025-03-14 07:00:00,38.8,39.05,38.35,38.85,12595200,STB
2025-03-17 07:00:00,39.0,39.2,38.5,38.85,5677600,STB
2025-03-18 07:00:00,38.95,39.1,38.4,38.4,6627800,STB
2025-03-19 07:00:00,38.4,38.6,37.9,38.4,12163700,STB
2025-03-20 07:00:00,38.4,39.0,38.1,38.9,8974900,STB
2025-03-21 07:00:00,38.95,39.0,38.35,38.65,6529400,STB
2025-03-24 07:00:00,38.7,38.7,37.9,38.6,9208700,STB
2025-03-25 07:00:00,38.75,38.8,38.35,38.65,5559800,STB
2025-03-26 07:00:00,38.65,39.2,38.45,38.6,10412200,STB
2025-03-27 07:00:00,38.4,38.6,38.15,38.25,5286900,STB
2025-03-28 07:00:00,38.25,38.7,37.95,38.25,6500900,STB
2025-03-31 07:00:00,38.0,38.75,37.95,38.3,7858700,STB
2025-04-01 07:00:00,38.65,39.7,38.3,39.7,12024400,STB
2025-04-02 07:00:00,39.65,39.75,39.25,39.25,8155200,STB
2025-04-03 07:00:00,38.1,38.5,36.55,36.55,90990400,STB
2025-04-04 07:00:00,34.1,37.5,34.1,37.4,38581000,STB
2025-04-08 07:00:00,36.0,36.9,34.8,34.8,50377200,STB
2025-04-09 07:00:00,33.0,36.0,32.4,33.1,30887500,STB
2025-04-10 07:00:00,35.4,35.4,35.4,35.4,231100,STB
2025-04-11 07:00:00,35.4,37.85,35.4,37.85,45803600,STB
2025-04-14 07:00:00,37.95,38.5,37.55,37.8,12950500,STB
2025-04-15 07:00:00,37.45,38.45,37.1,38.45,16839800,STB
2025-04-16 07:00:00,38.6,38.85,38.05,38.15,9915900,STB
2025-04-17 07:00:00,38.0,38.5,37.95,38.3,12994500,STB
2025-04-18 07:00:00,38.6,39.15,38.5,38.55,14439400,STB
2025-04-21 07:00:00,38.55,41.2,37.85,40.45,34146600,STB
2025-04-22 07:00:00,40.45,40.65,37.65,40.65,32019500,STB
2025-04-23 07:00:00,41.05,41.2,40.15,40.2,13621800,STB
2025-04-24 07:00:00,40.2,40.45,39.5,40.2,13836900,STB
2025-04-25 07:00:00,40.2,40.5,39.15,39.15,23650700,STB
2025-04-28 07:00:00,39.25,39.3,38.75,39.25,9043800,STB
2025-04-29 07:00:00,39.2,39.4,38.9,39.1,4551800,STB
2025-05-05 07:00:00,39.2,39.65,38.95,39.5,5167000,STB
2025-05-06 07:00:00,39.4,39.7,38.85,38.85,8137000,STB
2025-05-07 07:00:00,38.95,39.15,38.55,38.85,9004500,STB
2025-05-08 07:00:00,38.85,39.6,38.75,39.5,9549200,STB
2025-05-09 07:00:00,39.4,40.15,39.3,39.75,15287300,STB
2025-05-12 07:00:00,39.8,40.05,39.75,40.0,17745900,STB
2025-05-13 07:00:00,40.35,40.4,39.6,40.1,13378200,STB
2025-05-14 07:00:00,40.2,40.3,39.7,40.0,11857000,STB
2025-05-15 07:00:00,40.2,41.1,40.05,40.7,18297100,STB
2025-05-16 07:00:00,40.7,40.75,39.8,39.8,8322100,STB
2025-05-19 07:00:00,39.5,39.65,38.95,39.0,15035800,STB
2025-05-20 07:00:00,39.0,39.65,39.0,39.5,10361100,STB
2025-05-21 07:00:00,39.5,42.25,39.5,41.8,39103400,STB
2025-05-22 07:00:00,41.75,42.0,41.0,41.1,9149500,STB
2025-05-23 07:00:00,41.1,41.8,40.8,41.8,10650200,STB
2025-05-26 07:00:00,41.5,41.75,40.3,41.55,10359000,STB
2025-05-27 07:00:00,41.55,42.1,41.1,41.5,8067700,STB
2025-05-28 07:00:00,41.7,41.7,41.05,41.05,7824600,STB
2025-05-29 07:00:00,41.15,41.4,40.75,41.3,7364400,STB
2025-05-30 07:00:00,41.35,41.35,40.55,40.7,8819800,STB
2025-06-02 07:00:00,40.7,42.2,40.5,41.8,11981200,STB
2025-06-03 07:00:00,41.9,42.0,41.55,41.6,5967100,STB
2025-06-04 07:00:00,41.7,41.75,41.0,41.0,7724000,STB
2025-06-05 07:00:00,41.0,41.9,41.0,41.35,10652000,STB
2025-06-06 07:00:00,41.3,42.45,41.1,41.75,15985000,STB
2025-06-09 07:00:00,41.95,42.2,41.6,41.95,7225300,STB
2025-06-10 07:00:00,42.1,44.0,42.0,42.9,15151600,STB
2025-06-11 07:00:00,43.15,43.3,42.6,42.85,6729600,STB
2025-06-12 07:00:00,43.2,45.75,43.2,45.0,20238200,STB
2025-06-13 07:00:00,44.7,45.2,44.25,44.9,13819300,STB
2025-06-16 07:00:00,44.6,45.5,44.55,45.5,8042500,STB
2025-06-17 07:00:00,45.55,46.4,45.5,46.0,8798900,STB
2025-06-18 07:00:00,46.0,47.8,45.7,47.2,12882100,STB
2025-06-19 07:00:00,47.2,47.45,46.7,47.15,8489700,STB
2025-06-20 07:00:00,47.3,47.5,46.15,46.6,10921500,STB
2025-06-23 07:00:00,46.25,47.2,46.15,46.45,6599000,STB
2025-06-24 07:00:00,46.85,47.2,46.15,46.5,10511600,STB
2025-06-25 07:00:00,46.5,47.35,46.45,46.8,6595600,STB
2025-06-26 07:00:00,47.0,47.2,46.2,46.8,9648600,STB
2025-06-27 07:00:00,47.05,47.1,46.35,46.35,5470600,STB
2025-06-30 07:00:00,46.6,47.05,46.35,46.7,6019100,STB
2025-07-01 07:00:00,46.8,46.95,46.45,46.95,6104200,STB
2025-07-02 07:00:00,47.3,48.1,47.0,47.55,9449300,STB
2025-07-03 07:00:00,47.4,47.7,46.4,46.65,14989200,STB
2025-07-04 07:00:00,46.7,47.2,46.2,47.05,9440800,STB
2025-07-07 07:00:00,47.1,48.5,47.1,47.55,8252600,STB
2025-07-08 07:00:00,47.7,48.05,47.2,47.65,6020400,STB
2025-07-09 07:00:00,48.0,48.1,47.35,47.8,9776500,STB
2025-07-10 07:00:00,47.9,47.9,47.25,47.65,8376100,STB
2025-07-11 07:00:00,47.8,48.5,47.35,47.65,10780900,STB
2025-07-14 07:00:00,47.75,48.1,47.2,47.95,8661400,STB
2025-07-15 07:00:00,48.2,49.2,47.7,47.7,9831600,STB
2025-07-16 07:00:00,47.8,48.15,47.25,47.8,9529800,STB
2025-07-17 07:00:00,48.05,48.4,47.6,47.7,9050500,STB
2025-07-18 07:00:00,48.0,50.5,47.4,50.2,26073200,STB
2025-07-21 07:00:00,50.7,50.8,49.15,49.5,10525200,STB
2025-07-22 07:00:00,49.2,49.5,48.7,49.5,9543900,STB
2025-07-23 07:00:00,49.7,49.7,48.5,48.7,15205900,STB
2025-07-24 07:00:00,48.8,49.5,48.5,49.0,10168300,STB
2025-07-25 07:00:00,49.45,49.5,48.8,48.8,7947800,STB
2025-07-28 07:00:00,48.8,49.3,48.35,49.1,15097200,STB
2025-07-29 07:00:00,49.1,50.8,48.0,48.0,24137000,STB
2025-07-30 07:00:00,48.85,50.3,48.1,49.3,17249500,STB
2025-07-31 07:00:00,49.9,50.7,49.25,49.95,18161500,STB
2025-08-01 07:00:00,50.3,50.8,49.1,49.4,13980500,STB
2025-08-04 07:00:00,48.9,50.0,48.5,50.0,10261900,STB
2025-08-05 07:00:00,50.4,53.5,49.65,51.7,34970000,STB
2025-08-06 07:00:00,52.6,54.1,52.2,54.1,12203200,STB
2025-08-07 07:00:00,54.8,55.2,52.9,54.6,14247000,STB
2025-08-08 07:00:00,54.4,54.4,52.5,54.0,15418000,STB
2025-08-11 07:00:00,53.6,53.8,52.7,53.7,11099300,STB
2025-08-12 07:00:00,53.6,54.8,53.0,54.0,7085300,STB
2025-08-13 07:00:00,54.4,54.4,52.9,53.9,8805500,STB
2025-08-14 07:00:00,54.3,56.3,53.7,55.4,16179400,STB
2025-08-15 07:00:00,55.9,56.0,53.0,53.9,13248000,STB
2025-08-18 07:00:00,53.9,53.9,52.2,52.8,12871600,STB
2025-08-19 07:00:00,52.7,53.9,52.3,53.2,10619300,STB
2025-08-20 07:00:00,53.4,54.4,51.7,54.1,25005100,STB
2025-08-21 07:00:00,54.8,57.8,54.7,57.8,26950700,STB
2025-08-22 07:00:00,57.4,59.1,54.6,55.5,21576300,STB
2025-08-25 07:00:00,56.2,56.5,51.7,53.0,22715200,STB
2025-08-26 07:00:00,52.5,55.0,52.4,55.0,12289300,STB
2025-08-27 07:00:00,55.3,56.4,54.1,55.6,15918500,STB
2025-08-28 07:00:00,55.9,56.2,54.4,54.8,8394200,STB
2025-08-29 07:00:00,55.2,55.8,54.3,55.6,13870300,STB
2025-09-03 07:00:00,56.0,56.3,55.2,56.3,7512300,STB
2025-09-04 07:00:00,56.7,56.8,55.7,56.4,7720900,STB
2025-09-05 07:00:00,56.9,57.1,54.8,56.0,11299600,STB
2025-09-08 07:00:00,55.7,56.2,53.9,54.0,11396400,STB
2025-09-09 07:00:00,53.9,54.3,53.1,54.2,6237400,STB
2025-09-10 07:00:00,54.5,54.9,53.4,53.9,7469300,STB
2025-09-11 07:00:00,54.2,55.7,52.6,55.4,12854900,STB
2025-09-12 07:00:00,55.9,55.9,55.1,55.4,6397200,STB
2025-09-15 07:00:00,55.2,56.0,54.5,56.0,8931100,STB
2025-09-16 07:00:00,56.4,56.9,55.9,56.1,6628000,STB
2025-09-17 07:00:00,56.3,56.6,55.5,56.2,8281600,STB
2025-09-18 07:00:00,56.5,57.3,55.8,57.0,8193300,STB
2025-09-19 07:00:00,57.4,57.5,55.2,55.2,14993400,STB
2025-09-22 07:00:00,55.5,55.7,53.6,54.8,8456900,STB
2025-09-23 07:00:00,55.2,55.7,54.5,55.4,5215300,STB
2025-09-24 07:00:00,55.4,57.0,54.5,57.0,6866400,STB
2025-09-25 07:00:00,57.2,57.2,56.0,56.9,6594300,STB
2025-09-26 07:00:00,56.9,56.9,55.9,56.5,6010100,STB
2025-09-29 07:00:00,56.5,56.6,55.4,56.6,5361700,STB
2025-09-30 07:00:00,56.6,57.1,56.0,56.9,8892800,STB
2025-10-01 07:00:00,57.1,59.8,56.7,59.8,18440100,STB
2025-10-02 07:00:00,60.0,60.3,58.0,58.7,8412100,STB
2025-10-03 07:00:00,58.6,58.6,57.0,57.0,9437900,STB
2025-10-06 07:00:00,58.0,59.8,57.1,59.8,10349900,STB
2025-10-07 07:00:00,60.0,60.4,58.5,58.5,7496400,STB
2025-10-08 07:00:00,58.6,60.0,58.5,59.9,10390300,STB
2025-10-09 07:00:00,60.3,61.0,59.7,60.0,9593000,STB
2025-10-10 07:00:00,60.2,60.4,59.2,60.4,8202400,STB
2025-10-13 07:00:00,59.9,61.0,59.3,61.0,7743200,STB
2025-10-14 07:00:00,61.1,61.3,60.1,60.6,7039200,STB
2025-10-15 07:00:00,60.2,60.8,60.0,60.0,3805800,STB
2025-10-16 07:00:00,60.1,60.4,58.5,59.5,10235300,STB
2025-10-17 07:00:00,59.0,59.3,58.1,59.0,6674400,STB
2025-10-20 07:00:00,58.6,58.8,54.9,54.9,13295700,STB
2025-10-21 07:00:00,55.5,55.6,53.0,55.6,11955700,STB
2025-10-22 07:00:00,55.7,55.7,53.5,55.4,5680600,STB
2025-10-23 07:00:00,55.4,55.9,54.7,55.6,5822500,STB
2025-10-24 07:00:00,55.2,55.5,53.6,54.5,7394000,STB
2025-10-27 07:00:00,54.5,55.3,53.5,54.6,4852600,STB
2025-10-28 07:00:00,54.4,56.8,53.6,56.8,6598200,STB
2025-10-29 07:00:00,56.8,58.1,56.5,57.2,5986100,STB
2025-10-30 07:00:00,57.2,57.3,56.4,56.9,3281900,STB
2025-10-31 07:00:00,56.7,57.2,55.5,55.5,3469600,STB
2025-11-03 07:00:00,55.4,55.8,52.3,52.3,6619800,STB
2025-11-04 07:00:00,52.0,54.8,51.7,53.9,11567100,STB
2025-11-05 07:00:00,53.5,54.5,53.2,53.5,4422600,STB
2025-11-06 07:00:00,53.5,53.8,51.9,51.9,7748900,STB
2025-11-07 07:00:00,51.7,51.9,48.35,48.35,20318100,STB
2025-11-10 07:00:00,48.5,49.4,48.35,48.5,8290900,STB
2025-11-11 07:00:00,48.7,49.65,47.45,49.65,8621000,STB
2025-11-12 07:00:00,49.7,50.6,48.85,50.6,8640000,STB
2025-11-13 07:00:00,50.5,50.5,48.55,48.7,17041000,STB
2025-11-14 07:00:00,48.6,48.65,47.4,48.05,14304600,STB
2025-11-17 07:00:00,48.1,49.05,47.9,48.9,10169700,STB
2025-11-18 07:00:00,48.9,49.65,48.5,49.5,8541600,STB
2025-11-19 07:00:00,49.45,50.3,49.05,49.5,9515600,STB
2025-11-20 07:00:00,49.5,49.8,49.1,49.5,5896100,STB
2025-11-21 07:00:00,49.05,51.3,48.9,51.3,10132900,STB
2025-11-24 07:00:00,51.5,51.5,50.0,50.0,6116900,STB
2025-11-25 07:00:00,50.0,51.0,49.75,50.0,5219100,STB
2025-11-26 07:00:00,50.1,51.2,49.95,49.95,7616300,STB
2025-11-27 07:00:00,49.8,50.6,49.3,49.3,3672600,STB
2025-11-28 07:00:00,49.0,49.55,48.6,48.6,4671200,STB
2025-12-01 07:00:00,48.7,49.6,48.65,49.0,3344100,STB
2025-12-02 07:00:00,49.0,49.65,49.0,49.4,5477800,STB
2025-12-03 07:00:00,49.2,50.9,49.2,49.7,7311300,STB
2025-12-04 07:00:00,50.0,51.0,49.95,50.2,7179800,STB
2025-12-05 07:00:00,50.6,50.6,49.2,49.2,6092100,STB
2025-12-08 07:00:00,49.2,49.25,48.7,48.7,4224200,STB
2025-12-09 07:00:00,48.35,49.25,48.05,48.55,10646500,STB
2025-12-10 07:00:00,48.45,48.65,48.4,48.6,5984100,STB
2025-12-11 07:00:00,48.4,48.6,47.7,47.7,6162200,STB
2025-12-12 07:00:00,47.7,48.5,46.0,46.0,8811500,STB
2025-12-15 07:00:00,46.05,47.2,45.95,46.8,6054400,STB
2025-12-16 07:00:00,46.5,48.2,46.5,47.05,5417200,STB
2025-12-17 07:00:00,47.2,47.8,47.1,47.2,4055200,STB
2025-12-18 07:00:00,47.0,48.0,46.9,48.0,5520600,STB
2025-12-19 07:00:00,47.7,49.0,47.7,49.0,7229300,STB
2025-12-22 07:00:00,49.3,52.4,48.6,52.4,13019000,STB
2025-12-23 07:00:00,54.7,56.0,54.2,56.0,8408800,STB
2025-12-24 07:00:00,58.8,58.8,56.6,58.7,19984100,STB
2025-12-25 07:00:00,58.3,58.6,55.9,55.9,15350700,STB
2025-12-26 07:00:00,55.5,57.5,53.1,57.5,17485500,STB
2025-12-29 07:00:00,58.2,60.4,58.1,59.9,22403400,STB
2025-12-30 07:00:00,60.3,60.8,58.5,60.0,19183500,STB
2025-12-31 07:00:00,59.6,60.2,58.0,58.0,14589500,STB
2026-01-05 07:00:00,58.2,58.3,56.0,57.9,18337600,STB
2026-01-06 07:00:00,57.5,58.7,56.7,56.7,12705700,STB
2026-01-07 07:00:00,55.6,55.9,52.8,53.4,53941300,STB
2026-01-08 07:00:00,53.7,55.2,53.1,53.5,16488100,STB
2026-01-09 07:00:00,53.6,54.3,51.5,51.8,21551500,STB
2026-01-12 07:00:00,51.5,54.3,51.1,53.8,21181100,STB
2026-01-13 07:00:00,53.8,55.2,53.7,54.1,18230000,STB
2026-01-14 07:00:00,53.9,55.1,53.8,54.1,14857600,STB
2026-01-15 07:00:00,53.8,57.8,53.7,57.8,23196000,STB
2026-01-16 07:00:00,59.4,60.6,57.9,58.4,18237000,STB
2026-01-19 07:00:00,58.0,58.7,57.6,58.3,8938300,STB
2026-01-20 07:00:00,58.2,60.9,58.1,58.1,16114900,STB
2026-01-21 07:00:00,57.6,62.1,57.2,62.1,25967900,STB
2026-01-22 07:00:00,63.0,66.4,63.0,63.5,17206700,STB
2026-01-23 07:00:00,63.2,66.1,62.6,62.6,16451000,STB
2026-01-26 07:00:00,63.0,63.8,61.6,62.0,14884400,STB
2026-01-27 07:00:00,62.0,63.3,61.0,61.9,12496700,STB
2026-01-28 07:00:00,62.0,65.6,61.9,63.2,12810300,STB
2026-01-29 07:00:00,64.0,64.4,62.6,62.8,7052500,STB
2026-01-30 07:00:00,62.8,65.0,62.7,63.0,9372100,STB
2026-02-02 07:00:00,63.0,64.0,62.0,63.5,12216000,STB
2026-02-03 07:00:00,64.0,64.5,62.7,63.0,10152200,STB
2026-02-04 07:00:00,62.8,64.6,62.6,63.8,11683400,STB
2026-02-05 07:00:00,63.8,65.0,62.3,62.3,10907100,STB
2026-02-06 07:00:00,61.8,62.4,60.8,61.5,14979600,STB
2026-02-09 07:00:00,61.6,62.1,60.3,60.3,5613100,STB
2026-02-10 07:00:00,60.3,60.7,59.0,59.5,15767700,STB
2026-02-11 07:00:00,59.3,62.9,59.3,61.1,8440100,STB
2026-02-12 07:00:00,61.2,62.7,61.1,61.1,4636600,STB
2026-02-13 07:00:00,61.2,62.6,61.1,62.6,8998200,STB
2026-02-23 07:00:00,62.5,63.7,62.5,62.9,5818900,STB
2026-02-24 07:00:00,63.2,64.2,63.0,63.4,7967200,STB
2026-02-25 07:00:00,63.4,67.8,63.4,66.7,20065800,STB
2026-02-26 07:00:00,66.8,67.3,65.6,67.0,8140000,STB
2026-02-27 07:00:00,66.9,67.2,65.5,65.5,7079500,STB
2026-03-02 07:00:00,65.1,70.0,64.1,67.0,22266500,STB
2026-03-03 07:00:00,67.0,70.2,67.0,67.8,10142700,STB
2026-03-04 07:00:00,67.6,68.1,65.3,66.7,15992100,STB
2026-03-05 07:00:00,67.6,68.7,64.9,64.9,11705000,STB
2026-03-06 07:00:00,64.9,65.4,62.6,63.8,9695500,STB
2026-03-09 07:00:00,59.4,64.1,59.4,60.8,34718500,STB
2026-03-10 07:00:00,63.0,65.0,62.6,65.0,21117100,STB
2026-03-11 07:00:00,65.1,67.4,64.5,66.3,9254700,STB
2026-03-12 07:00:00,65.6,67.1,65.1,65.7,6081700,STB
2026-03-13 07:00:00,65.0,67.0,64.9,65.8,6921900,STB
2026-03-16 07:00:00,65.7,68.9,65.6,66.6,10881400,STB
2026-03-17 07:00:00,67.0,69.2,67.0,67.6,8825000,STB
2026-03-18 07:00:00,67.7,68.8,62.9,63.3,33645200,STB
2026-03-19 07:00:00,63.3,64.7,62.1,63.4,11631900,STB
2026-03-20 07:00:00,63.1,64.0,62.7,63.4,9388100,STB
2026-03-23 07:00:00,62.4,62.9,60.0,60.0,8986900,STB
2026-03-24 07:00:00,61.1,62.0,60.5,60.8,6025600,STB
2026-03-25 07:00:00,61.3,62.7,61.1,62.2,5688900,STB
2026-03-26 07:00:00,62.0,62.1,60.3,60.6,5034300,STB
2026-03-27 07:00:00,60.5,60.7,59.7,59.9,9368300,STB
2026-03-30 07:00:00,58.9,63.4,58.1,61.2,7574900,STB
2026-03-31 07:00:00,61.2,62.7,61.2,62.2,5233600,STB
2026-04-01 07:00:00,62.8,63.7,62.2,62.2,3187200,STB
2026-04-02 07:00:00,61.6,62.1,60.7,61.1,6494800,STB
2026-04-03 07:00:00,60.8,62.3,60.6,60.8,4610800,STB
2026-04-06 07:00:00,60.8,62.1,59.6,61.2,4204600,STB
2026-04-07 07:00:00,61.5,62.0,61.0,61.7,2931800,STB
2026-04-08 07:00:00,63.5,66.0,63.1,66.0,9822700,STB
2026-04-09 07:00:00,65.9,68.8,65.5,66.3,11522600,STB
2026-04-10 07:00:00,66.3,68.7,66.1,66.9,10148800,STB
2026-04-13 07:00:00,66.3,68.7,66.0,67.3,5230900,STB
2026-04-14 07:00:00,67.9,68.2,66.1,66.1,4179900,STB
2026-04-15 07:00:00,66.4,66.5,64.3,64.3,6883400,STB
2026-04-16 07:00:00,64.5,65.5,63.5,63.8,4595200,STB
2026-04-17 07:00:00,64.0,65.2,63.9,64.0,3714500,STB
2026-04-20 07:00:00,64.5,65.2,64.1,64.2,2566400,STB
2026-04-21 07:00:00,68.0,68.6,66.9,67.7,14144000,STB
2026-04-22 07:00:00,68.4,69.2,66.5,66.5,8519100,STB
2026-04-23 07:00:00,66.7,67.0,65.2,65.4,7987700,STB
2026-04-24 07:00:00,65.4,65.5,64.8,64.9,2756500,STB
2026-04-28 07:00:00,65.9,69.3,65.1,68.1,8214800,STB
2026-04-29 07:00:00,67.8,68.9,67.3,67.5,4951500,STB
2026-05-04 07:00:00,67.6,68.1,66.2,66.2,4121200,STB
2026-05-05 07:00:00,66.2,67.0,65.8,66.6,3623900,STB
2026-05-06 07:00:00,66.6,69.8,66.6,68.9,7606000,STB
2026-05-07 07:00:00,69.0,73.7,68.4,73.7,18877100,STB
2026-05-08 07:00:00,74.0,74.8,72.3,73.5,4750300,STB
2026-05-11 07:00:00,73.0,73.3,71.9,72.2,3266700,STB
2026-05-12 07:00:00,72.3,76.8,71.9,76.8,6934600,STB
2026-05-13 07:00:00,76.0,76.6,73.5,73.5,10029200,STB
2026-05-14 07:00:00,73.0,75.1,72.8,73.6,4387600,STB
2026-05-15 07:00:00,73.9,74.4,72.8,72.9,3743400,STB
2026-05-18 07:00:00,72.9,74.0,71.6,72.1,5605300,STB
2026-05-19 07:00:00,72.1,73.3,71.6,72.3,4823500,STB
2026-05-20 07:00:00,71.7,72.4,70.1,71.6,5903700,STB
2026-05-21 07:00:00,71.8,72.8,70.7,70.8,5478500,STB
2026-05-22 07:00:00,71.1,71.8,70.5,71.2,4564100,STB
2026-05-25 07:00:00,71.2,72.0,70.0,70.0,4541800,STB
2026-05-26 07:00:00,70.3,70.9,69.3,69.6,5384000,STB
2026-05-27 07:00:00,70.0,70.5,68.3,68.3,5709900,STB
2026-05-28 07:00:00,68.4,69.4,68.0,68.0,7107900,STB
2026-05-29 07:00:00,68.0,68.8,68.0,68.0,2629200,STB
2026-06-01 07:00:00,68.4,69.6,67.0,67.0,5044700,STB
2026-06-02 07:00:00,67.2,67.6,66.3,66.6,6788500,STB
2026-06-03 07:00:00,66.5,67.6,66.1,66.1,5310300,STB
2026-06-04 07:00:00,66.3,70.5,66.2,70.4,10815200,STB
2026-06-05 07:00:00,70.5,70.5,69.2,69.8,3820900,STB
2026-06-08 07:00:00,69.2,71.0,68.6,69.8,4880800,STB
2026-06-09 07:00:00,70.0,73.5,69.2,72.0,8269000,STB
2026-06-10 07:00:00,72.1,72.3,70.6,70.6,3159300,STB
2026-06-11 07:00:00,70.7,72.5,70.0,71.3,4074600,STB
2026-06-12 07:00:00,71.5,73.0,70.9,70.9,5420000,STB
2026-06-15 07:00:00,71.1,73.0,71.1,71.8,4486600,STB
2026-06-16 07:00:00,72.1,73.0,71.3,71.3,2756600,STB
2026-06-17 07:00:00,71.3,73.5,71.2,72.1,6158700,STB
2026-06-18 07:00:00,72.5,72.5,70.9,70.9,3321200,STB
2026-06-19 07:00:00,71.2,72.3,70.7,72.3,7599400,STB
2026-06-22 07:00:00,72.2,72.8,71.2,71.2,1971200,STB
2026-06-23 07:00:00,71.4,75.5,70.9,71.7,8901600,STB
2026-06-24 07:00:00,71.8,73.6,71.2,71.2,3739700,STB
2026-06-25 07:00:00,71.2,73.3,71.2,72.2,6085200,STB
2026-06-26 07:00:00,72.0,75.0,72.0,73.7,6865100,STB
2026-06-29 07:00:00,73.9,76.2,73.7,74.9,8809100,STB
2026-06-30 07:00:00,74.9,75.6,73.7,73.8,2833300,STB
2026-07-01 07:00:00,73.8,74.0,73.2,73.2,3050100,STB
2026-07-02 07:00:00,73.0,74.1,72.6,72.6,2656100,STB
2026-07-03 07:00:00,72.9,72.9,72.0,72.0,2644200,STB
2026-07-06 07:00:00,72.3,72.6,70.8,70.8,3503000,STB
2026-07-07 07:00:00,70.7,72.0,70.6,70.8,2796900,STB
2026-07-08 07:00:00,71.4,72.0,70.9,70.9,2344200,STB
2026-07-09 07:00:00,71.1,71.6,71.0,71.0,1550100,STB
2026-07-10 07:00:00,71.2,71.8,70.1,70.1,2145300,STB
2026-07-13 07:00:00,70.3,70.3,68.5,68.5,4346600,STB
2026-07-14 07:00:00,68.3,71.1,68.3,70.4,4375100,STB
2026-07-15 07:00:00,70.6,71.6,69.8,69.8,3008400,STB
2026-07-16 07:00:00,69.5,72.5,69.5,71.8,7250100,STB
2026-07-17 07:00:00,72.0,74.2,71.6,73.5,7097200,STB
2026-07-20 07:00:00,72.7,73.8,69.0,73.0,5188900,STB
2026-07-21 07:00:00,73.0,73.9,72.2,72.7,4771800,STB
2026-07-22 07:00:00,72.9,73.7,71.0,71.0,8575100,STB
2026-07-23 07:00:00,71.2,73.9,70.6,72.0,6397700,STB
2026-07-24 07:00:00,73.0,74.0,71.7,73.5,6106500,STB
2026-07-27 07:00:00,73.5,75.0,72.5,72.5,2395500,STB
2026-07-28 07:00:00,72.4,73.6,71.8,72.5,1780100,STB
2026-07-29 07:00:00,72.9,72.9,71.5,71.5,2832200,STB
2026-07-30 07:00:00,71.7,73.0,71.0,71.6,2420000,STB
2026-07-31 07:00:00,71.5,72.3,71.1,71.3,2789200,STB
2026-08-03 07:00:00,71.8,72.5,71.3,71.5,3070900,STB
2026-08-04 07:00:00,72.1,74.1,71.9,74.1,4940100,STB
2026-08-05 07:00:00,74.5,74.9,73.2,73.2,2746300,STB
2026-08-06 07:00:00,73.2,73.6,72.2,72.2,1486200,STB
2026-08-07 07:00:00,72.5,76.1,72.4,74.6,6083800,STB
2026-08-10 07:00:00,75.0,76.1,74.3,74.6,2084300,STB
2026-08-11 07:00:00,74.9,75.3,74.2,74.3,1542200,STB
2026-08-12 07:00:00,74.3,75.4,74.1,74.1,1566500,STB
2026-08-13 07:00:00,74.7,74.8,73.1,73.1,2354000,STB
2026-08-14 07:00:00,73.1,73.5,72.3,72.3,2386900,STB
2026-08-17 07:00:00,72.5,75.0,72.5,74.2,3942200,STB
2026-08-18 07:00:00,74.4,76.0,73.7,75.2,4725400,STB
2026-08-19 07:00:00,75.3,76.0,74.1,74.8,4934700,STB
2026-08-20 07:00:00,75.0,75.8,73.6,74.5,2238300,STB
2026-08-21 07:00:00,74.6,75.4,74.1,74.7,1953800,STB
2026-08-24 07:00:00,75.2,75.4,74.8,74.9,1338500,STB
2026-08-25 07:00:00,75.2,75.4,74.1,74.2,3352700,STB
2026-08-26 07:00:00,74.5,75.2,73.8,74.6,3360400,STB
2026-08-27 07:00:00,74.3,75.5,73.5,73.5,2707500,STB
2026-08-28 07:00:00,74.0,76.6,74.0,75.5,9129600,STB
2026-09-03 07:00:00,75.2,75.9,74.3,74.5,2405800,STB
2026-09-04 07:00:00,74.5,77.4,74.5,77.3,5480800,STB
2026-09-07 07:00:00,77.5,77.7,76.5,76.6,2140500,STB
2026-09-08 07:00:00,76.5,77.0,75.9,76.1,1868400,STB
2026-09-09 07:00:00,76.2,78.0,76.2,76.7,4406100,STB
2026-09-10 07:00:00,76.7,79.0,76.7,78.0,3168900,STB
2026-09-11 07:00:00,78.2,79.0,77.2,77.3,8252800,STB
2026-09-14 07:00:00,77.3,77.9,75.8,76.4,2531100,STB
2026-09-15 07:00:00,76.7,77.0,75.8,76.0,2216700,STB
2026-09-16 07:00:00,76.3,76.9,75.6,75.8,2318100,STB
2026-09-17 07:00:00,75.8,77.1,75.7,76.2,2555400,STB
2026-09-18 07:00:00,76.5,78.2,76.2,78.2,5077900,STB
2026-09-21 07:00:00,78.0,78.2,76.7,76.7,1907900,STB
2026-09-22 07:00:00,76.7,77.9,76.6,76.7,1778400,STB
2026-09-23 07:00:00,76.9,77.3,76.7,77.0,148500,STB
