time,open,high,low,close,volume,ticker
2019-01-02 07:00:00,12.03,12.05,11.84,11.84,1329030,TCB
2019-01-03 07:00:00,11.89,11.91,11.57,11.57,1811430,TCB
2019-01-04 07:00:00,11.57,11.57,10.76,11.54,2970830,TCB
2019-01-07 07:00:00,11.64,11.8,11.61,11.61,1436930,TCB
2019-01-08 07:00:00,11.64,11.66,11.59,11.61,843170,TCB
2019-01-09 07:00:00,11.66,12.03,11.61,11.94,3192180,TCB
2019-01-10 07:00:00,11.94,12.01,11.91,11.94,1644380,TCB
2019-01-11 07:00:00,11.96,12.17,11.96,12.03,1623150,TCB
2019-01-14 07:00:00,11.98,12.05,11.91,11.96,2002420,TCB
2019-01-15 07:00:00,11.96,12.26,11.96,12.26,1853220,TCB
2019-01-16 07:00:00,12.31,12.38,12.24,12.26,1782580,TCB
2019-01-17 07:00:00,12.26,12.42,12.21,12.33,1858980,TCB
2019-01-18 07:00:00,12.4,12.47,12.26,12.38,1598890,TCB
2019-01-21 07:00:00,12.45,12.72,12.45,12.68,1951730,TCB
2019-01-22 07:00:00,12.77,12.77,12.4,12.4,2368670,TCB
2019-01-23 07:00:00,12.45,12.45,12.28,12.28,2092730,TCB
2019-01-24 07:00:00,12.35,12.42,12.24,12.33,1537670,TCB
2019-01-25 07:00:00,12.47,12.61,12.33,12.33,1710030,TCB
2019-01-28 07:00:00,12.38,12.4,12.05,12.12,1864000,TCB
2019-01-29 07:00:00,12.12,12.26,11.98,12.26,2058540,TCB
2019-01-30 07:00:00,12.26,12.35,12.17,12.31,1017170,TCB
2019-01-31 07:00:00,12.31,12.31,12.17,12.26,2606420,TCB
2019-02-01 07:00:00,12.26,12.58,12.17,12.58,7859690,TCB
2019-02-11 07:00:00,12.49,12.63,12.4,12.52,2504660,TCB
2019-02-12 07:00:00,12.56,12.79,12.47,12.7,4957590,TCB
2019-02-13 07:00:00,12.7,12.84,12.68,12.75,2519920,TCB
2019-02-14 07:00:00,12.72,12.77,12.61,12.63,2290940,TCB
2019-02-15 07:00:00,12.58,12.79,12.54,12.61,3355310,TCB
2019-02-18 07:00:00,12.63,12.75,12.61,12.65,2160450,TCB
2019-02-19 07:00:00,12.68,13.05,12.68,12.75,7850600,TCB
2019-02-20 07:00:00,12.79,12.86,12.7,12.75,2760520,TCB
2019-02-21 07:00:00,12.77,12.82,12.63,12.72,2102120,TCB
2019-02-22 07:00:00,12.72,12.96,12.68,12.82,6443060,TCB
2019-02-25 07:00:00,12.91,12.96,12.82,12.84,3849680,TCB
2019-02-26 07:00:00,12.82,12.88,12.61,12.7,3078620,TCB
2019-02-27 07:00:00,12.7,12.72,12.52,12.58,4709200,TCB
2019-02-28 07:00:00,12.58,12.58,12.21,12.26,4845650,TCB
2019-03-01 07:00:00,12.31,12.42,12.21,12.31,2342280,TCB
2019-03-04 07:00:00,12.35,12.54,12.35,12.49,2834780,TCB
2019-03-05 07:00:00,12.42,12.58,12.35,12.4,3227790,TCB
2019-03-06 07:00:00,12.4,12.45,12.33,12.4,1004950,TCB
2019-03-07 07:00:00,12.45,12.52,12.38,12.38,1428410,TCB
2019-03-08 07:00:00,12.28,12.33,12.14,12.14,2892590,TCB
2019-03-11 07:00:00,12.17,12.26,12.14,12.17,894870,TCB
2019-03-12 07:00:00,12.31,12.4,12.14,12.4,1884510,TCB
2019-03-13 07:00:00,12.49,12.75,12.45,12.56,4603520,TCB
2019-03-14 07:00:00,12.58,12.61,12.45,12.45,1525640,TCB
2019-03-15 07:00:00,12.45,12.58,12.38,12.42,1750100,TCB
2019-03-18 07:00:00,12.47,12.61,12.4,12.52,3348820,TCB
2019-03-19 07:00:00,12.54,12.58,12.35,12.38,2078600,TCB
2019-03-20 07:00:00,12.38,12.38,12.21,12.31,1701020,TCB
2019-03-21 07:00:00,12.38,12.38,12.08,12.08,2858380,TCB
2019-03-22 07:00:00,12.1,12.17,12.01,12.08,2631920,TCB
2019-03-25 07:00:00,11.8,11.98,11.78,11.84,2295560,TCB
2019-03-26 07:00:00,11.84,11.98,11.75,11.8,2041810,TCB
2019-03-27 07:00:00,11.89,11.94,11.78,11.91,1426910,TCB
2019-03-28 07:00:00,11.87,11.94,11.82,11.82,798820,TCB
2019-03-29 07:00:00,11.82,11.94,11.82,11.84,1656270,TCB
2019-04-01 07:00:00,11.89,11.89,11.8,11.82,1213000,TCB
2019-04-02 07:00:00,11.89,11.96,11.78,11.8,1197560,TCB
2019-04-03 07:00:00,11.8,11.84,11.75,11.78,883080,TCB
2019-04-04 07:00:00,11.78,11.82,11.71,11.78,1084530,TCB
2019-04-05 07:00:00,11.8,11.8,11.75,11.75,790380,TCB
2019-04-08 07:00:00,11.75,11.75,11.61,11.68,1689220,TCB
2019-04-09 07:00:00,11.75,11.87,11.68,11.73,1526530,TCB
2019-04-10 07:00:00,11.71,11.8,11.57,11.61,1488230,TCB
2019-04-11 07:00:00,11.59,11.66,11.57,11.61,837020,TCB
2019-04-12 07:00:00,11.57,11.61,11.5,11.52,1318580,TCB
2019-04-16 07:00:00,11.4,11.45,11.29,11.36,2097030,TCB
2019-04-17 07:00:00,11.45,11.59,11.4,11.45,1022100,TCB
2019-04-18 07:00:00,11.45,11.47,11.22,11.22,1478350,TCB
2019-04-19 07:00:00,11.34,11.34,11.2,11.2,1116030,TCB
2019-04-22 07:00:00,11.2,11.24,10.94,10.99,1544290,TCB
2019-04-23 07:00:00,10.92,11.04,10.9,10.92,1850200,TCB
2019-04-24 07:00:00,10.96,11.27,10.96,11.27,1995110,TCB
2019-04-25 07:00:00,11.29,11.29,11.17,11.17,681910,TCB
2019-04-26 07:00:00,11.13,11.2,11.1,11.17,898530,TCB
2019-05-02 07:00:00,11.15,11.2,11.01,11.04,891770,TCB
2019-05-03 07:00:00,11.04,11.1,10.94,11.1,1727710,TCB
2019-05-06 07:00:00,10.94,11.06,10.69,10.78,1903780,TCB
2019-05-07 07:00:00,10.96,10.96,10.69,10.73,1294740,TCB
2019-05-08 07:00:00,10.64,10.64,10.48,10.62,1748140,TCB
2019-05-09 07:00:00,10.6,10.73,10.55,10.55,1330990,TCB
2019-05-10 07:00:00,10.64,10.71,10.55,10.71,1679270,TCB
2019-05-13 07:00:00,10.76,10.78,10.69,10.73,1130890,TCB
2019-05-14 07:00:00,10.64,10.73,10.57,10.64,1432870,TCB
2019-05-15 07:00:00,10.69,11.13,10.64,11.08,3260220,TCB
2019-05-16 07:00:00,11.15,11.15,10.94,10.99,2139740,TCB
2019-05-17 07:00:00,10.96,11.01,10.9,10.92,1740280,TCB
2019-05-20 07:00:00,10.9,11.06,10.83,11.04,2117630,TCB
2019-05-21 07:00:00,11.04,11.24,11.04,11.13,3217110,TCB
2019-05-22 07:00:00,10.96,11.2,10.96,10.96,1706530,TCB
2019-05-23 07:00:00,10.94,11.04,10.9,10.94,1377230,TCB
2019-05-24 07:00:00,10.9,10.96,10.73,10.73,2380690,TCB
2019-05-27 07:00:00,10.73,10.8,10.69,10.71,888140,TCB
2019-05-28 07:00:00,10.69,10.83,10.6,10.69,1428370,TCB
2019-05-29 07:00:00,10.66,10.69,10.53,10.53,2073420,TCB
2019-05-30 07:00:00,10.53,10.66,10.41,10.62,1454130,TCB
2019-05-31 07:00:00,10.62,10.64,10.46,10.46,1452700,TCB
2019-06-03 07:00:00,10.36,10.41,9.95,9.95,2710010,TCB
2019-06-04 07:00:00,10.06,10.09,9.76,9.81,2334950,TCB
2019-06-05 07:00:00,9.99,10.09,9.86,9.86,1078360,TCB
2019-06-06 07:00:00,9.86,9.95,9.67,9.88,1377350,TCB
2019-06-07 07:00:00,9.88,9.99,9.88,9.99,1426730,TCB
2019-06-10 07:00:00,10.09,10.13,9.86,9.95,1692190,TCB
2019-06-11 07:00:00,9.95,10.04,9.92,9.95,907130,TCB
2019-06-12 07:00:00,9.95,9.99,9.86,9.86,672440,TCB
2019-06-13 07:00:00,9.86,9.86,9.76,9.78,845890,TCB
2019-06-14 07:00:00,9.81,9.92,9.81,9.81,1082100,TCB
2019-06-17 07:00:00,9.86,9.88,9.62,9.62,2217430,TCB
2019-06-18 07:00:00,9.67,9.69,9.3,9.39,3167100,TCB
2019-06-19 07:00:00,9.3,9.55,9.25,9.3,2057320,TCB
2019-06-20 07:00:00,9.35,9.62,9.32,9.53,3519910,TCB
2019-06-21 07:00:00,9.62,9.76,9.58,9.62,1724400,TCB
2019-06-24 07:00:00,9.58,9.74,9.55,9.67,1664740,TCB
2019-06-25 07:00:00,9.55,9.67,9.55,9.6,1564890,TCB
2019-06-26 07:00:00,9.51,9.58,9.39,9.44,1838710,TCB
2019-06-27 07:00:00,9.44,9.48,9.35,9.35,1584550,TCB
2019-06-28 07:00:00,9.41,9.44,9.23,9.41,2795060,TCB
2019-07-01 07:00:00,9.51,9.76,9.51,9.72,4072480,TCB
2019-07-02 07:00:00,9.76,9.83,9.6,9.67,2795670,TCB
2019-07-03 07:00:00,9.6,9.72,9.55,9.62,1983500,TCB
2019-07-04 07:00:00,9.65,9.95,9.62,9.9,3900680,TCB
2019-07-05 07:00:00,9.92,9.99,9.81,9.88,1549360,TCB
2019-07-08 07:00:00,9.86,9.88,9.51,9.67,3362170,TCB
2019-07-09 07:00:00,9.58,9.67,9.53,9.58,1946360,TCB
2019-07-10 07:00:00,9.65,9.72,9.58,9.58,906800,TCB
2019-07-11 07:00:00,9.67,9.76,9.62,9.72,1912930,TCB
2019-07-12 07:00:00,9.76,9.81,9.58,9.58,2769760,TCB
2019-07-15 07:00:00,9.76,9.83,9.6,9.78,2857380,TCB
2019-07-16 07:00:00,9.78,9.9,9.76,9.81,2278750,TCB
2019-07-17 07:00:00,9.86,9.86,9.72,9.76,2701360,TCB
2019-07-18 07:00:00,9.86,9.76,9.62,9.67,2824630,TCB
2019-07-19 07:00:00,9.86,9.86,9.72,9.81,3346840,TCB
2019-07-22 07:00:00,9.78,9.86,9.69,9.74,2774500,TCB
2019-07-23 07:00:00,9.74,9.78,9.72,9.74,1565740,TCB
2019-07-24 07:00:00,9.76,9.81,9.67,9.69,2120730,TCB
2019-07-25 07:00:00,9.69,9.72,9.67,9.67,1729230,TCB
2019-07-26 07:00:00,9.65,9.69,9.6,9.62,1245510,TCB
2019-07-29 07:00:00,9.72,9.74,9.6,9.62,2419230,TCB
2019-07-30 07:00:00,9.67,9.67,9.55,9.58,1551320,TCB
2019-07-31 07:00:00,9.58,9.58,9.51,9.51,1219550,TCB
2019-08-01 07:00:00,9.53,9.58,9.48,9.58,1192180,TCB
2019-08-02 07:00:00,9.44,9.58,9.41,9.51,3516660,TCB
2019-08-05 07:00:00,9.44,9.51,9.39,9.44,2653940,TCB
2019-08-06 07:00:00,9.35,9.39,9.21,9.37,1970250,TCB
2019-08-07 07:00:00,9.35,9.44,9.28,9.3,1212000,TCB
2019-08-08 07:00:00,9.3,9.37,9.25,9.35,1798980,TCB
2019-08-09 07:00:00,9.35,9.39,9.3,9.35,875180,TCB
2019-08-12 07:00:00,9.35,9.41,9.35,9.37,840220,TCB
2019-08-13 07:00:00,9.35,9.58,9.32,9.55,2100020,TCB
2019-08-14 07:00:00,9.65,9.69,9.58,9.65,1250150,TCB
2019-08-15 07:00:00,9.44,9.72,9.44,9.72,2105150,TCB
2019-08-16 07:00:00,9.72,10.18,9.67,10.13,6269250,TCB
2019-08-19 07:00:00,10.13,10.13,9.95,9.97,1938330,TCB
2019-08-20 07:00:00,9.99,10.04,9.88,9.97,1342680,TCB
2019-08-21 07:00:00,10.02,10.09,9.9,10.02,2062850,TCB
2019-08-22 07:00:00,10.02,10.11,9.99,10.02,1593030,TCB
2019-08-23 07:00:00,9.99,10.02,9.92,10.02,1304670,TCB
2019-08-26 07:00:00,9.81,9.88,9.69,9.83,3277300,TCB
2019-08-27 07:00:00,9.88,9.97,9.86,9.92,1805340,TCB
2019-08-28 07:00:00,9.9,9.95,9.88,9.9,736990,TCB
2019-08-29 07:00:00,9.9,9.9,9.76,9.88,948710,TCB
2019-08-30 07:00:00,9.9,9.95,9.83,9.95,1236390,TCB
2019-09-03 07:00:00,9.99,10.02,9.9,9.9,1136630,TCB
2019-09-04 07:00:00,9.99,10.09,9.83,10.04,1989740,TCB
2019-09-05 07:00:00,10.04,10.39,10.04,10.27,4417320,TCB
2019-09-06 07:00:00,10.34,10.39,10.22,10.27,1189570,TCB
2019-09-09 07:00:00,10.27,10.27,10.02,10.04,2274060,TCB
2019-09-10 07:00:00,9.99,10.13,9.92,9.92,2538930,TCB
2019-09-11 07:00:00,9.95,10.06,9.9,10.06,1009440,TCB
2019-09-12 07:00:00,10.06,10.18,10.04,10.16,1835330,TCB
2019-09-13 07:00:00,10.13,10.48,10.13,10.48,5546230,TCB
2019-09-16 07:00:00,10.48,10.53,10.39,10.46,1846340,TCB
2019-09-17 07:00:00,10.41,10.5,10.39,10.46,1689630,TCB
2019-09-18 07:00:00,10.41,10.53,10.36,10.46,2613940,TCB
2019-09-19 07:00:00,10.46,10.62,10.41,10.62,3116360,TCB
2019-09-20 07:00:00,10.64,10.73,10.62,10.71,2046450,TCB
2019-09-23 07:00:00,10.73,10.76,10.48,10.48,2643620,TCB
2019-09-24 07:00:00,10.48,10.55,10.43,10.46,2698720,TCB
2019-09-25 07:00:00,10.46,10.53,10.36,10.48,1603250,TCB
2019-09-26 07:00:00,10.48,10.71,10.48,10.69,2315980,TCB
2019-09-27 07:00:00,10.69,10.8,10.64,10.73,2199880,TCB
2019-09-30 07:00:00,10.78,10.87,10.71,10.8,2640100,TCB
2019-10-01 07:00:00,10.8,10.99,10.71,10.99,2328320,TCB
2019-10-02 07:00:00,10.96,11.08,10.92,10.99,2720060,TCB
2019-10-03 07:00:00,10.87,11.01,10.8,11.01,2152040,TCB
2019-10-04 07:00:00,11.04,11.08,10.87,10.92,2380040,TCB
2019-10-07 07:00:00,10.94,10.94,10.71,10.71,2959530,TCB
2019-10-08 07:00:00,10.71,10.9,10.71,10.9,1939340,TCB
2019-10-09 07:00:00,10.92,10.94,10.85,10.94,1287970,TCB
2019-10-10 07:00:00,10.9,10.99,10.9,10.94,721560,TCB
2019-10-11 07:00:00,10.92,10.96,10.9,10.92,859400,TCB
2019-10-14 07:00:00,10.96,11.2,10.92,11.06,5147390,TCB
2019-10-15 07:00:00,11.04,11.22,10.92,11.22,2505730,TCB
2019-10-16 07:00:00,11.24,11.36,11.24,11.31,2027890,TCB
2019-10-17 07:00:00,11.29,11.29,11.17,11.29,2372790,TCB
2019-10-18 07:00:00,11.29,11.38,11.24,11.29,1217000,TCB
2019-10-21 07:00:00,11.29,11.29,10.92,11.06,1602090,TCB
2019-10-22 07:00:00,11.06,11.1,10.99,11.1,1259780,TCB
2019-10-23 07:00:00,11.1,11.1,11.01,11.08,1210010,TCB
2019-10-24 07:00:00,11.1,11.1,10.99,11.04,1437210,TCB
2019-10-25 07:00:00,11.06,11.06,10.96,11.04,1383270,TCB
2019-10-28 07:00:00,11.08,11.1,10.99,11.01,1637090,TCB
2019-10-29 07:00:00,11.01,11.01,10.9,10.96,1432590,TCB
2019-10-30 07:00:00,10.96,11.1,10.92,11.01,1505720,TCB
2019-10-31 07:00:00,11.01,11.08,10.96,10.96,1249530,TCB
2019-11-01 07:00:00,10.96,11.04,10.92,10.99,1276580,TCB
2019-11-04 07:00:00,11.06,11.29,10.99,11.27,3950490,TCB
2019-11-05 07:00:00,11.34,11.52,11.29,11.45,2664570,TCB
2019-11-06 07:00:00,11.5,11.5,11.4,11.45,1670500,TCB
2019-11-07 07:00:00,11.47,11.47,11.4,11.47,1200940,TCB
2019-11-08 07:00:00,11.47,11.64,11.47,11.61,4107220,TCB
2019-11-11 07:00:00,11.66,11.8,11.59,11.64,3594060,TCB
2019-11-12 07:00:00,11.59,11.66,11.57,11.64,1410930,TCB
2019-11-13 07:00:00,11.71,11.71,11.45,11.45,3308350,TCB
2019-11-14 07:00:00,11.43,11.45,11.31,11.43,1789980,TCB
2019-11-15 07:00:00,11.43,11.54,11.29,11.52,1355990,TCB
2019-11-18 07:00:00,11.52,11.54,11.31,11.31,1327810,TCB
2019-11-19 07:00:00,11.31,11.47,11.31,11.45,986340,TCB
2019-11-20 07:00:00,11.47,11.52,11.24,11.29,1185900,TCB
2019-11-21 07:00:00,11.27,11.29,10.87,10.87,4049470,TCB
2019-11-22 07:00:00,10.66,11.1,10.55,10.66,2348690,TCB
2019-11-25 07:00:00,10.69,10.78,10.57,10.78,1110080,TCB
2019-11-26 07:00:00,10.83,10.87,10.78,10.85,995420,TCB
2019-11-27 07:00:00,10.87,10.92,10.8,10.8,816030,TCB
2019-11-28 07:00:00,10.8,10.8,10.6,10.6,1133640,TCB
2019-11-29 07:00:00,10.64,10.69,10.53,10.6,754400,TCB
2019-12-02 07:00:00,10.62,10.66,10.46,10.5,1156110,TCB
2019-12-03 07:00:00,10.5,10.53,10.34,10.43,1530470,TCB
2019-12-04 07:00:00,10.43,10.85,10.43,10.85,1112220,TCB
2019-12-05 07:00:00,10.85,10.9,10.69,10.76,588750,TCB
2019-12-06 07:00:00,10.76,10.83,10.69,10.71,509280,TCB
2019-12-09 07:00:00,10.71,10.76,10.5,10.55,799820,TCB
2019-12-10 07:00:00,10.53,10.55,10.32,10.36,1281250,TCB
2019-12-11 07:00:00,10.41,10.53,10.41,10.5,795470,TCB
2019-12-12 07:00:00,10.48,10.78,10.48,10.71,1024340,TCB
2019-12-13 07:00:00,10.73,10.76,10.64,10.71,903570,TCB
2019-12-16 07:00:00,10.64,10.71,10.6,10.71,837370,TCB
2019-12-17 07:00:00,10.69,10.71,10.53,10.53,797100,TCB
2019-12-18 07:00:00,10.5,10.55,10.46,10.5,681130,TCB
2019-12-19 07:00:00,10.46,10.53,10.32,10.34,1746590,TCB
2019-12-20 07:00:00,10.36,10.55,10.36,10.55,653220,TCB
2019-12-23 07:00:00,10.64,10.76,10.6,10.69,2394730,TCB
2019-12-24 07:00:00,10.71,10.71,10.57,10.64,419130,TCB
2019-12-25 07:00:00,10.64,10.71,10.62,10.64,598950,TCB
2019-12-26 07:00:00,10.64,10.66,10.6,10.66,855750,TCB
2019-12-27 07:00:00,10.66,10.73,10.62,10.73,819850,TCB
2019-12-30 07:00:00,10.87,11.08,10.8,10.85,2452800,TCB
2019-12-31 07:00:00,10.85,10.99,10.85,10.9,731740,TCB
2020-01-02 07:00:00,10.9,11.04,10.87,11.01,1387610,TCB
2020-01-03 07:00:00,11.06,11.08,10.94,10.94,756700,TCB
2020-01-06 07:00:00,10.83,10.83,10.66,10.66,1162990,TCB
2020-01-07 07:00:00,10.66,10.73,10.64,10.73,1043300,TCB
2020-01-08 07:00:00,10.55,10.66,10.46,10.53,1710390,TCB
2020-01-09 07:00:00,10.64,10.69,10.57,10.66,2009840,TCB
2020-01-10 07:00:00,10.64,10.87,10.64,10.71,3679110,TCB
2020-01-13 07:00:00,10.64,10.71,10.53,10.62,892360,TCB
2020-01-14 07:00:00,10.62,10.66,10.6,10.6,1804950,TCB
2020-01-15 07:00:00,10.6,10.64,10.55,10.6,1929280,TCB
2020-01-16 07:00:00,10.6,10.8,10.6,10.78,4383720,TCB
2020-01-17 07:00:00,10.83,10.92,10.78,10.83,1875160,TCB
2020-01-20 07:00:00,10.78,10.85,10.73,10.8,2019730,TCB
2020-01-21 07:00:00,10.85,11.13,10.83,11.13,7458340,TCB
2020-01-22 07:00:00,11.22,11.22,11.08,11.2,2309150,TCB
2020-01-30 07:00:00,10.87,11.01,10.53,10.6,4013510,TCB
2020-01-31 07:00:00,10.48,10.6,9.99,9.99,6118460,TCB
2020-02-03 07:00:00,9.48,10.22,9.41,9.92,4258750,TCB
2020-02-04 07:00:00,9.95,10.13,9.81,10.06,2196570,TCB
2020-02-05 07:00:00,10.18,10.25,9.97,10.06,2433210,TCB
2020-02-06 07:00:00,10.34,10.39,9.95,10.34,2677150,TCB
2020-02-07 07:00:00,10.34,10.34,10.13,10.25,1965440,TCB
2020-02-10 07:00:00,10.13,10.18,10.02,10.11,1304360,TCB
2020-02-11 07:00:00,10.11,10.32,10.11,10.25,1353360,TCB
2020-02-12 07:00:00,10.32,10.62,10.27,10.48,3157240,TCB
2020-02-13 07:00:00,10.43,10.48,10.36,10.46,1823230,TCB
2020-02-14 07:00:00,10.69,10.83,10.6,10.78,4375740,TCB
2020-02-17 07:00:00,10.83,11.06,10.76,11.01,6393370,TCB
2020-02-18 07:00:00,11.01,11.15,10.9,10.96,4268770,TCB
2020-02-19 07:00:00,10.92,10.96,10.85,10.94,1980690,TCB
2020-02-20 07:00:00,10.96,11.06,10.78,10.87,2950950,TCB
2020-02-21 07:00:00,10.83,10.96,10.69,10.69,2959980,TCB
2020-02-24 07:00:00,10.53,10.53,9.95,9.95,7508070,TCB
2020-02-25 07:00:00,9.72,10.29,9.62,10.27,3236900,TCB
2020-02-26 07:00:00,10.06,10.41,9.99,10.34,2243500,TCB
2020-02-27 07:00:00,10.34,10.53,10.27,10.53,2324050,TCB
2020-02-28 07:00:00,10.18,10.36,10.11,10.29,2433150,TCB
2020-03-02 07:00:00,10.36,10.48,10.22,10.41,2567350,TCB
2020-03-03 07:00:00,10.57,10.64,10.41,10.41,2162150,TCB
2020-03-04 07:00:00,10.34,10.46,10.27,10.43,1936620,TCB
2020-03-05 07:00:00,10.43,10.57,10.32,10.32,2022250,TCB
2020-03-06 07:00:00,10.27,10.27,10.09,10.2,2247920,TCB
2020-03-09 07:00:00,9.55,9.72,9.51,9.51,4584600,TCB
2020-03-10 07:00:00,9.44,9.72,9.3,9.58,3161970,TCB
2020-03-11 07:00:00,9.62,9.69,8.93,8.93,5626550,TCB
2020-03-12 07:00:00,8.33,8.56,8.3,8.3,4054760,TCB
2020-03-13 07:00:00,7.73,8.58,7.73,8.44,4332700,TCB
2020-03-16 07:00:00,8.44,8.44,7.96,8.07,3645430,TCB
2020-03-17 07:00:00,7.86,8.3,7.8,8.3,3112070,TCB
2020-03-18 07:00:00,8.37,8.42,8.19,8.3,1908520,TCB
2020-03-19 07:00:00,8.14,8.24,7.94,7.98,2214980,TCB
2020-03-20 07:00:00,8.07,8.1,7.94,8.03,1878140,TCB
2020-03-23 07:00:00,7.5,7.86,7.47,7.47,3265510,TCB
2020-03-24 07:00:00,7.63,7.63,7.4,7.45,3209920,TCB
2020-03-25 07:00:00,7.63,7.73,7.54,7.68,2952270,TCB
2020-03-26 07:00:00,7.68,7.68,7.45,7.45,1487540,TCB
2020-03-27 07:00:00,7.47,7.5,7.22,7.4,2746330,TCB
2020-03-30 07:00:00,6.99,7.17,6.89,6.89,3360230,TCB
2020-03-31 07:00:00,6.94,7.17,6.48,6.94,1578850,TCB
2020-04-01 07:00:00,6.94,7.22,6.64,7.17,1316380,TCB
2020-04-03 07:00:00,7.17,7.38,7.17,7.33,1433510,TCB
2020-04-06 07:00:00,7.5,7.84,7.45,7.84,2966040,TCB
2020-04-07 07:00:00,7.86,7.96,7.77,7.84,2424610,TCB
2020-04-08 07:00:00,7.77,7.77,7.54,7.73,1408000,TCB
2020-04-09 07:00:00,7.91,7.94,7.8,7.82,2199830,TCB
2020-04-10 07:00:00,7.73,7.84,7.7,7.75,1495400,TCB
2020-04-13 07:00:00,7.75,8.14,7.75,7.96,2564400,TCB
2020-04-14 07:00:00,8.03,8.03,7.82,7.94,1446850,TCB
2020-04-15 07:00:00,8.0,8.12,7.96,8.12,2536130,TCB
2020-04-16 07:00:00,8.1,8.12,7.96,8.12,1858330,TCB
2020-04-17 07:00:00,8.24,8.26,8.1,8.21,2252420,TCB
2020-04-20 07:00:00,8.28,8.3,8.1,8.19,1847520,TCB
2020-04-21 07:00:00,8.0,8.05,7.73,7.8,3045020,TCB
2020-04-22 07:00:00,7.52,7.96,7.52,7.82,1742290,TCB
2020-04-23 07:00:00,7.96,8.0,7.84,7.84,1401680,TCB
2020-04-24 07:00:00,7.91,7.94,7.82,7.91,851770,TCB
2020-04-27 07:00:00,7.91,7.98,7.86,7.89,962880,TCB
2020-04-28 07:00:00,7.94,7.94,7.8,7.91,921180,TCB
2020-04-29 07:00:00,7.96,8.12,7.86,7.96,2860010,TCB
2020-05-04 07:00:00,7.96,8.19,7.94,8.05,2018840,TCB
2020-05-05 07:00:00,8.1,8.14,8.03,8.05,546010,TCB
2020-05-06 07:00:00,8.12,8.12,7.98,8.12,1175100,TCB
2020-05-07 07:00:00,8.12,8.19,8.07,8.19,2409540,TCB
2020-05-08 07:00:00,8.19,8.74,8.19,8.74,7260470,TCB
2020-05-11 07:00:00,9.35,9.35,8.95,9.35,4765680,TCB
2020-05-12 07:00:00,9.3,9.6,9.07,9.53,3555810,TCB
2020-05-13 07:00:00,9.39,9.58,9.16,9.53,4746350,TCB
2020-05-14 07:00:00,9.44,9.53,9.3,9.48,3351270,TCB
2020-05-15 07:00:00,9.53,9.53,9.25,9.37,2995800,TCB
2020-05-18 07:00:00,9.28,9.6,9.21,9.55,3017660,TCB
2020-05-19 07:00:00,9.88,9.9,9.69,9.86,4135900,TCB
2020-05-20 07:00:00,9.72,9.81,9.69,9.74,1911850,TCB
2020-05-21 07:00:00,9.74,10.18,9.65,10.18,3539410,TCB
2020-05-22 07:00:00,9.99,9.99,9.74,9.74,3322040,TCB
2020-05-25 07:00:00,9.76,9.86,9.69,9.74,1962970,TCB
2020-05-26 07:00:00,9.76,9.86,9.72,9.78,2220450,TCB
2020-05-27 07:00:00,9.81,9.9,9.67,9.67,2673490,TCB
2020-05-28 07:00:00,9.67,9.81,9.62,9.67,1584390,TCB
2020-05-29 07:00:00,9.65,9.69,9.58,9.58,1101170,TCB
2020-06-01 07:00:00,9.62,9.86,9.62,9.86,2341100,TCB
2020-06-02 07:00:00,9.95,9.95,9.76,9.78,2469400,TCB
2020-06-03 07:00:00,9.78,9.92,9.78,9.88,2064360,TCB
2020-06-04 07:00:00,9.9,9.92,9.81,9.81,2216760,TCB
2020-06-05 07:00:00,9.83,9.92,9.76,9.92,2251740,TCB
2020-06-08 07:00:00,9.97,10.13,9.97,10.04,3484860,TCB
2020-06-09 07:00:00,10.04,10.09,9.95,9.97,1702620,TCB
2020-06-10 07:00:00,9.88,10.16,9.83,10.11,2295880,TCB
2020-06-11 07:00:00,10.13,10.13,9.67,9.67,3478310,TCB
2020-06-12 07:00:00,9.53,9.83,9.48,9.78,3715000,TCB
2020-06-15 07:00:00,9.76,9.76,9.28,9.3,2302220,TCB
2020-06-16 07:00:00,9.48,9.53,9.39,9.53,1487150,TCB
2020-06-17 07:00:00,9.53,9.53,9.37,9.39,1416900,TCB
2020-06-18 07:00:00,9.39,9.46,9.35,9.35,625890,TCB
2020-06-19 07:00:00,9.35,9.48,9.35,9.48,632650,TCB
2020-06-22 07:00:00,9.69,9.69,9.48,9.6,1166650,TCB
2020-06-23 07:00:00,9.6,9.62,9.53,9.55,1173850,TCB
2020-06-24 07:00:00,9.58,9.6,9.44,9.48,860730,TCB
2020-06-25 07:00:00,9.35,9.44,9.3,9.35,1162400,TCB
2020-06-26 07:00:00,9.48,9.48,9.32,9.41,668030,TCB
2020-06-29 07:00:00,9.25,9.3,9.07,9.09,1752070,TCB
2020-06-30 07:00:00,9.14,9.21,8.84,9.04,1290510,TCB
2020-07-01 07:00:00,9.02,9.21,9.0,9.16,751460,TCB
2020-07-02 07:00:00,9.23,9.23,9.02,9.14,820250,TCB
2020-07-03 07:00:00,9.14,9.16,9.04,9.16,593390,TCB
2020-07-06 07:00:00,9.16,9.37,9.16,9.37,1220550,TCB
2020-07-07 07:00:00,9.39,9.44,9.35,9.37,895150,TCB
2020-07-08 07:00:00,9.35,9.37,9.3,9.3,676840,TCB
2020-07-09 07:00:00,9.37,9.69,9.3,9.69,3146430,TCB
2020-07-10 07:00:00,9.65,9.69,9.46,9.46,1398740,TCB
2020-07-13 07:00:00,9.62,9.62,9.25,9.39,1725580,TCB
2020-07-14 07:00:00,9.35,9.39,9.25,9.3,1809120,TCB
2020-07-15 07:00:00,9.39,9.6,9.39,9.53,1697190,TCB
2020-07-16 07:00:00,9.53,9.72,9.44,9.72,1662150,TCB
2020-07-17 07:00:00,9.58,9.62,9.51,9.53,1180670,TCB
2020-07-20 07:00:00,9.48,9.55,9.46,9.48,1164560,TCB
2020-07-21 07:00:00,9.48,9.51,9.39,9.48,818210,TCB
2020-07-22 07:00:00,9.53,9.53,9.37,9.37,1224170,TCB
2020-07-23 07:00:00,9.35,9.39,9.3,9.39,861140,TCB
2020-07-24 07:00:00,9.39,9.39,8.79,9.02,2951240,TCB
2020-07-27 07:00:00,8.84,8.88,8.4,8.4,2677650,TCB
2020-07-28 07:00:00,8.42,8.7,8.33,8.68,2883870,TCB
2020-07-29 07:00:00,8.47,8.51,8.1,8.4,1841250,TCB
2020-07-30 07:00:00,8.42,8.79,8.1,8.61,974910,TCB
2020-07-31 07:00:00,8.42,8.63,8.4,8.4,2304460,TCB
2020-08-03 07:00:00,8.44,8.61,8.4,8.61,1247760,TCB
2020-08-04 07:00:00,8.74,8.84,8.68,8.72,1210770,TCB
2020-08-05 07:00:00,8.74,9.0,8.65,9.0,1917290,TCB
2020-08-06 07:00:00,8.98,9.02,8.84,8.88,1860660,TCB
2020-08-07 07:00:00,8.93,8.95,8.81,8.86,951190,TCB
2020-08-10 07:00:00,8.93,9.12,8.93,8.98,2743500,TCB
2020-08-11 07:00:00,9.04,9.04,8.93,9.0,1334060,TCB
2020-08-12 07:00:00,9.0,9.12,9.0,9.09,1634530,TCB
2020-08-13 07:00:00,9.14,9.18,9.07,9.16,1584180,TCB
2020-08-14 07:00:00,9.16,9.35,9.09,9.16,2588850,TCB
2020-08-17 07:00:00,9.14,9.32,9.14,9.3,2732690,TCB
2020-08-18 07:00:00,9.3,9.35,9.25,9.28,1410740,TCB
2020-08-19 07:00:00,9.3,9.37,9.25,9.35,1132620,TCB
2020-08-20 07:00:00,9.35,9.37,9.18,9.25,3659990,TCB
2020-08-21 07:00:00,9.3,9.44,9.3,9.41,2817550,TCB
2020-08-24 07:00:00,9.6,9.72,9.48,9.69,2749740,TCB
2020-08-25 07:00:00,9.72,9.9,9.72,9.86,3775640,TCB
2020-08-26 07:00:00,9.81,9.86,9.72,9.76,2116830,TCB
2020-08-27 07:00:00,9.76,9.81,9.72,9.78,1792750,TCB
2020-08-28 07:00:00,9.86,10.11,9.83,9.99,5154230,TCB
2020-08-31 07:00:00,9.99,10.09,9.83,9.86,1793790,TCB
2020-09-01 07:00:00,9.86,10.04,9.76,10.04,2171350,TCB
2020-09-03 07:00:00,10.06,10.22,10.04,10.18,3326470,TCB
2020-09-04 07:00:00,10.04,10.13,10.04,10.11,2276910,TCB
2020-09-07 07:00:00,10.11,10.16,9.81,9.81,2350940,TCB
2020-09-08 07:00:00,9.88,9.95,9.74,9.95,1935300,TCB
2020-09-09 07:00:00,9.76,9.95,9.69,9.81,2762390,TCB
2020-09-10 07:00:00,9.86,9.99,9.86,9.92,1524900,TCB
2020-09-11 07:00:00,9.83,9.92,9.76,9.86,1236940,TCB
2020-09-14 07:00:00,9.86,9.97,9.86,9.95,1578270,TCB
2020-09-15 07:00:00,9.95,9.97,9.88,9.88,1835310,TCB
2020-09-16 07:00:00,9.88,9.92,9.83,9.9,1258880,TCB
2020-09-17 07:00:00,9.9,9.99,9.83,9.86,3654030,TCB
2020-09-18 07:00:00,9.9,10.09,9.88,10.09,5334940,TCB
2020-09-21 07:00:00,10.18,10.32,10.18,10.32,5874890,TCB
2020-09-22 07:00:00,10.27,10.39,10.2,10.34,3669840,TCB
2020-09-23 07:00:00,10.34,10.41,10.29,10.32,2941250,TCB
2020-09-24 07:00:00,10.29,10.39,10.22,10.39,3988170,TCB
2020-09-25 07:00:00,10.39,10.41,10.29,10.36,3497970,TCB
2020-09-28 07:00:00,10.34,10.64,10.29,10.57,2811640,TCB
2020-09-29 07:00:00,10.6,10.64,10.43,10.43,2973020,TCB
2020-09-30 07:00:00,10.43,10.46,10.32,10.46,2357980,TCB
2020-10-01 07:00:00,10.48,10.6,10.46,10.55,3497290,TCB
2020-10-02 07:00:00,10.6,10.64,10.34,10.43,4381810,TCB
2020-10-05 07:00:00,10.43,10.53,10.29,10.43,5363760,TCB
2020-10-06 07:00:00,10.5,10.53,10.27,10.36,6850730,TCB
2020-10-07 07:00:00,10.32,10.34,10.09,10.09,12159210,TCB
2020-10-08 07:00:00,10.13,10.18,9.88,9.88,14366760,TCB
2020-10-09 07:00:00,9.95,10.16,9.86,9.88,13523760,TCB
2020-10-12 07:00:00,10.04,10.11,9.81,9.81,14203730,TCB
2020-10-13 07:00:00,9.83,10.02,9.81,9.9,14215200,TCB
2020-10-14 07:00:00,9.99,10.57,9.99,10.57,48630920,TCB
2020-10-15 07:00:00,10.85,11.01,10.55,10.57,25323170,TCB
2020-10-16 07:00:00,10.6,10.78,10.46,10.48,27075400,TCB
2020-10-19 07:00:00,10.62,10.8,10.57,10.64,28506770,TCB
2020-10-20 07:00:00,10.64,11.17,10.64,11.06,34662420,TCB
2020-10-21 07:00:00,11.2,11.29,10.96,10.99,20951070,TCB
2020-10-22 07:00:00,10.96,11.1,10.87,11.08,24408740,TCB
2020-10-23 07:00:00,11.15,11.2,11.04,11.1,28288440,TCB
2020-10-26 07:00:00,11.29,11.54,10.8,10.8,24707670,TCB
2020-10-27 07:00:00,11.01,11.08,10.78,10.78,30805330,TCB
2020-10-28 07:00:00,10.78,10.85,10.36,10.36,32092220,TCB
2020-10-29 07:00:00,10.22,10.5,10.09,10.09,36149460,TCB
2020-10-30 07:00:00,10.22,10.29,9.88,9.88,28887760,TCB
2020-11-02 07:00:00,9.99,10.11,9.9,9.9,22943680,TCB
2020-11-03 07:00:00,10.09,10.39,10.02,10.18,27962010,TCB
2020-11-04 07:00:00,10.34,10.46,10.25,10.25,21927670,TCB
2020-11-05 07:00:00,10.25,10.34,10.09,10.09,19766660,TCB
2020-11-06 07:00:00,10.13,10.18,9.95,9.99,15368880,TCB
2020-11-09 07:00:00,10.11,10.27,10.09,10.2,17624180,TCB
2020-11-10 07:00:00,10.41,10.43,10.2,10.22,21221910,TCB
2020-11-11 07:00:00,10.27,10.36,10.18,10.18,14433190,TCB
2020-11-12 07:00:00,10.22,10.32,10.18,10.32,10771120,TCB
2020-11-13 07:00:00,10.36,10.71,10.36,10.64,22376970,TCB
2020-11-16 07:00:00,10.83,10.83,10.55,10.6,25236270,TCB
2020-11-17 07:00:00,10.64,10.8,10.57,10.8,17457030,TCB
2020-11-18 07:00:00,10.78,10.92,10.69,10.8,22760740,TCB
2020-11-19 07:00:00,10.8,10.92,10.73,10.83,16935520,TCB
2020-11-20 07:00:00,10.87,10.87,10.78,10.83,13546080,TCB
2020-11-23 07:00:00,10.83,10.94,10.69,10.92,17857230,TCB
2020-11-24 07:00:00,10.96,11.1,10.83,10.94,22530770,TCB
2020-11-25 07:00:00,11.08,11.08,10.9,10.92,13655890,TCB
2020-11-26 07:00:00,10.94,10.96,10.83,10.92,13091570,TCB
2020-11-27 07:00:00,10.92,11.06,10.9,10.96,12261190,TCB
2020-11-30 07:00:00,11.08,11.29,10.96,11.15,24645230,TCB
2020-12-01 07:00:00,11.01,11.34,10.94,11.34,22797760,TCB
2020-12-02 07:00:00,11.38,11.71,11.38,11.61,27463650,TCB
2020-12-03 07:00:00,11.61,11.8,11.57,11.57,17490250,TCB
2020-12-04 07:00:00,11.5,11.57,11.45,11.47,16507860,TCB
2020-12-07 07:00:00,11.47,11.66,11.47,11.59,13044510,TCB
2020-12-08 07:00:00,11.66,11.66,11.52,11.57,14341140,TCB
2020-12-09 07:00:00,11.61,11.98,11.59,11.91,19001670,TCB
2020-12-10 07:00:00,12.03,12.03,11.71,11.71,18133060,TCB
2020-12-11 07:00:00,11.71,11.87,11.59,11.87,14116670,TCB
2020-12-14 07:00:00,11.98,12.17,11.89,12.12,15694300,TCB
2020-12-15 07:00:00,12.08,12.19,12.01,12.1,13700860,TCB
2020-12-16 07:00:00,12.24,12.93,12.21,12.93,29092450,TCB
2020-12-17 07:00:00,12.96,13.58,12.93,13.12,29802380,TCB
2020-12-18 07:00:00,13.19,13.53,13.19,13.51,15252570,TCB
2020-12-21 07:00:00,13.65,13.83,13.46,13.6,22777010,TCB
2020-12-22 07:00:00,13.49,13.65,13.44,13.51,17109090,TCB
2020-12-23 07:00:00,13.51,13.53,13.19,13.28,19453550,TCB
2020-12-24 07:00:00,13.37,13.37,12.45,12.93,26106600,TCB
2020-12-25 07:00:00,12.93,13.7,12.82,13.67,17113750,TCB
2020-12-28 07:00:00,13.83,14.02,13.65,13.74,14471300,TCB
2020-12-29 07:00:00,13.72,13.83,13.65,13.76,12909770,TCB
2020-12-30 07:00:00,13.79,14.14,13.74,13.83,16579440,TCB
2020-12-31 07:00:00,13.86,14.69,13.83,14.57,16486510,TCB
2021-01-04 07:00:00,14.8,15.45,14.76,15.27,18607800,TCB
2021-01-05 07:00:00,15.15,15.43,15.06,15.29,14280100,TCB
2021-01-06 07:00:00,15.36,15.78,15.24,15.36,20222300,TCB
2021-01-07 07:00:00,15.62,16.01,15.45,16.01,16387200,TCB
2021-01-08 07:00:00,16.19,16.77,16.15,16.52,16947900,TCB
2021-01-11 07:00:00,16.54,16.77,16.29,16.31,13980300,TCB
2021-01-12 07:00:00,16.19,16.42,15.96,16.24,16418200,TCB
2021-01-13 07:00:00,16.4,16.66,16.24,16.26,11399600,TCB
2021-01-14 07:00:00,16.36,16.56,16.12,16.54,11995200,TCB
2021-01-15 07:00:00,16.8,17.37,16.77,17.05,17357400,TCB
2021-01-18 07:00:00,17.21,17.21,16.61,16.75,13377400,TCB
2021-01-19 07:00:00,16.61,16.84,15.59,15.68,22796500,TCB
2021-01-20 07:00:00,15.82,16.08,14.8,15.96,25772300,TCB
2021-01-21 07:00:00,16.31,16.75,15.96,16.75,14253300,TCB
2021-01-22 07:00:00,16.86,17.07,16.56,16.8,12347400,TCB
2021-01-25 07:00:00,16.54,16.82,16.47,16.56,15639600,TCB
2021-01-26 07:00:00,16.42,16.56,15.5,16.19,18111400,TCB
2021-01-27 07:00:00,15.85,16.31,15.11,15.5,18775400,TCB
2021-01-28 07:00:00,14.57,15.27,14.44,14.44,27121100,TCB
2021-01-29 07:00:00,13.7,15.43,13.7,14.8,27420900,TCB
2021-02-01 07:00:00,14.8,15.5,14.6,14.9,15146700,TCB
2021-02-02 07:00:00,14.9,15.78,14.78,15.73,13498900,TCB
2021-02-03 07:00:00,15.96,16.42,15.73,16.19,18238700,TCB
2021-02-04 07:00:00,16.19,16.47,16.01,16.19,14141400,TCB
2021-02-05 07:00:00,16.33,16.8,16.24,16.8,14358200,TCB
2021-02-08 07:00:00,16.8,16.89,15.73,16.19,21272800,TCB
2021-02-09 07:00:00,16.29,16.84,16.06,16.66,16738000,TCB
2021-02-17 07:00:00,17.07,17.77,16.89,17.77,21134000,TCB
2021-02-18 07:00:00,17.81,18.14,17.58,18.0,15791300,TCB
2021-02-19 07:00:00,17.67,18.09,17.67,17.9,12801300,TCB
2021-02-22 07:00:00,17.88,17.98,17.58,17.86,14466800,TCB
2021-02-23 07:00:00,17.95,18.67,17.95,18.41,26384200,TCB
2021-02-24 07:00:00,18.6,18.6,18.0,18.09,14395400,TCB
2021-02-25 07:00:00,18.27,18.27,17.81,18.09,16440500,TCB
2021-02-26 07:00:00,17.72,18.21,17.72,18.16,15265000,TCB
2021-03-01 07:00:00,18.37,18.62,18.18,18.6,12622200,TCB
2021-03-02 07:00:00,18.83,18.85,18.51,18.65,8576800,TCB
2021-03-03 07:00:00,18.67,18.74,18.51,18.67,8441900,TCB
2021-03-04 07:00:00,18.69,18.74,17.86,18.07,16228300,TCB
2021-03-05 07:00:00,18.0,18.21,17.72,18.14,11169600,TCB
2021-03-08 07:00:00,18.27,18.37,17.81,17.98,10807100,TCB
2021-03-09 07:00:00,17.86,18.18,17.67,18.02,10594100,TCB
2021-03-10 07:00:00,18.04,18.23,17.81,18.18,9050000,TCB
2021-03-11 07:00:00,18.37,18.74,18.25,18.58,15369300,TCB
2021-03-12 07:00:00,18.69,18.74,18.39,18.53,8046800,TCB
2021-03-15 07:00:00,18.6,18.74,18.46,18.55,8638500,TCB
2021-03-16 07:00:00,18.55,18.6,18.18,18.44,11577300,TCB
2021-03-17 07:00:00,18.51,18.69,18.37,18.65,9542800,TCB
2021-03-18 07:00:00,19.06,19.41,18.83,19.41,16410100,TCB
2021-03-19 07:00:00,19.2,19.5,19.2,19.43,7413700,TCB
2021-03-22 07:00:00,19.43,19.43,19.04,19.11,10554500,TCB
2021-03-23 07:00:00,19.02,19.16,18.69,18.72,12997700,TCB
2021-03-24 07:00:00,18.41,18.72,18.18,18.18,13792100,TCB
2021-03-25 07:00:00,18.23,18.41,18.14,18.21,10420800,TCB
2021-03-26 07:00:00,18.11,18.34,17.77,18.23,10188400,TCB
2021-03-29 07:00:00,18.37,18.39,18.11,18.3,8380600,TCB
2021-03-30 07:00:00,18.37,18.69,18.25,18.53,10768300,TCB
2021-03-31 07:00:00,18.6,18.95,18.53,18.69,10304100,TCB
2021-04-01 07:00:00,18.74,18.97,18.62,18.97,11065800,TCB
2021-04-02 07:00:00,19.25,19.34,19.06,19.08,8261300,TCB
2021-04-05 07:00:00,19.29,19.34,19.04,19.2,11025600,TCB
2021-04-06 07:00:00,19.18,19.66,19.02,19.52,14957000,TCB
2021-04-07 07:00:00,19.43,19.69,19.34,19.52,7728400,TCB
2021-04-08 07:00:00,19.62,19.64,19.29,19.41,7518800,TCB
2021-04-09 07:00:00,19.29,19.43,19.2,19.25,8022500,TCB
2021-04-12 07:00:00,19.43,19.57,19.25,19.5,14990200,TCB
2021-04-13 07:00:00,19.66,19.66,19.2,19.25,15104100,TCB
2021-04-14 07:00:00,19.02,19.41,18.92,19.34,9753300,TCB
2021-04-15 07:00:00,19.41,19.41,18.92,18.92,14745100,TCB
2021-04-16 07:00:00,18.88,19.06,18.32,18.72,15488700,TCB
2021-04-19 07:00:00,18.88,19.29,18.51,19.25,11234400,TCB
2021-04-20 07:00:00,19.22,19.39,18.88,19.04,11225000,TCB
2021-04-22 07:00:00,18.83,19.02,18.37,18.37,8352800,TCB
2021-04-23 07:00:00,18.39,18.76,18.09,18.74,10600700,TCB
2021-04-26 07:00:00,18.74,18.88,18.25,18.25,12155400,TCB
2021-04-27 07:00:00,18.25,18.55,18.21,18.27,7370000,TCB
2021-04-28 07:00:00,18.27,18.69,18.27,18.48,6065200,TCB
2021-04-29 07:00:00,18.53,19.32,18.48,18.97,17966700,TCB
2021-05-04 07:00:00,18.65,20.08,18.55,20.08,31749800,TCB
2021-05-05 07:00:00,20.54,21.47,20.52,21.26,28214800,TCB
2021-05-06 07:00:00,20.87,21.95,20.84,21.79,26766000,TCB
2021-05-07 07:00:00,21.65,22.12,21.47,21.77,22027500,TCB
2021-05-10 07:00:00,21.61,22.39,21.61,22.25,19611400,TCB
2021-05-11 07:00:00,22.25,22.32,21.74,21.74,16021800,TCB
2021-05-12 07:00:00,21.61,22.79,21.61,22.79,23553400,TCB
2021-05-13 07:00:00,22.65,23.06,22.21,22.21,18045200,TCB
2021-05-14 07:00:00,22.62,22.65,22.28,22.51,13905300,TCB
2021-05-17 07:00:00,22.56,22.72,22.02,22.14,17123600,TCB
2021-05-18 07:00:00,22.07,22.62,22.0,22.37,16910000,TCB
2021-05-19 07:00:00,22.39,23.23,22.39,23.18,17467900,TCB
2021-05-20 07:00:00,23.46,23.5,23.09,23.23,13171300,TCB
2021-05-21 07:00:00,23.13,23.92,23.06,23.5,18850300,TCB
2021-05-24 07:00:00,23.46,23.69,23.32,23.55,14666700,TCB
2021-05-25 07:00:00,23.69,24.1,23.69,23.87,10560300,TCB
2021-05-26 07:00:00,23.87,24.52,23.69,24.43,16505900,TCB
2021-05-27 07:00:00,24.61,24.75,23.5,23.78,15941600,TCB
2021-05-28 07:00:00,23.92,24.66,23.69,24.52,20002700,TCB
2021-05-31 07:00:00,24.61,24.84,24.15,24.84,17054600,TCB
2021-06-01 07:00:00,25.03,25.12,24.52,24.57,12358200,TCB
2021-06-02 07:00:00,24.48,24.66,23.97,24.43,24560900,TCB
2021-06-03 07:00:00,24.66,25.49,24.43,25.35,23735700,TCB
2021-06-04 07:00:00,25.35,25.54,24.98,25.26,13371600,TCB
2021-06-07 07:00:00,24.52,25.17,23.6,24.24,20392100,TCB
2021-06-08 07:00:00,24.2,24.48,22.67,22.9,25295000,TCB
2021-06-09 07:00:00,23.0,23.64,22.67,23.5,22397000,TCB
2021-06-10 07:00:00,23.5,23.69,23.13,23.18,10935100,TCB
2021-06-11 07:00:00,23.36,24.61,23.18,24.34,29600800,TCB
2021-06-14 07:00:00,24.38,24.66,24.06,24.38,16827800,TCB
2021-06-15 07:00:00,24.34,24.61,24.06,24.2,19611800,TCB
2021-06-16 07:00:00,23.83,24.15,23.36,23.46,20575900,TCB
2021-06-17 07:00:00,22.9,23.5,22.9,23.23,18677800,TCB
2021-06-18 07:00:00,23.6,23.78,23.41,23.6,9956600,TCB
2021-06-21 07:00:00,23.36,23.6,23.13,23.32,14920700,TCB
2021-06-22 07:00:00,23.5,23.74,23.27,23.55,17224200,TCB
2021-06-23 07:00:00,23.55,24.1,23.41,23.64,13102300,TCB
2021-06-24 07:00:00,23.74,23.92,23.41,23.55,10692100,TCB
2021-06-25 07:00:00,23.6,23.87,23.32,23.87,10947700,TCB
2021-06-28 07:00:00,24.29,24.98,24.15,24.8,25721100,TCB
2021-06-29 07:00:00,24.8,24.89,24.43,24.75,16059200,TCB
2021-06-30 07:00:00,24.71,24.89,24.34,24.38,11461700,TCB
2021-07-01 07:00:00,24.48,24.75,24.1,24.66,19326700,TCB
2021-07-02 07:00:00,25.08,25.4,24.8,25.12,29377200,TCB
2021-07-05 07:00:00,25.35,26.88,24.89,26.84,47547200,TCB
2021-07-06 07:00:00,26.74,27.11,24.98,24.98,17904900,TCB
2021-07-07 07:00:00,25.45,26.19,24.8,26.19,37766000,TCB
2021-07-08 07:00:00,25.82,26.56,25.72,26.19,27362400,TCB
2021-07-09 07:00:00,25.96,27.07,25.72,26.19,38234300,TCB
2021-07-12 07:00:00,25.68,26.14,24.38,24.75,58235500,TCB
2021-07-13 07:00:00,25.03,25.12,24.43,24.94,20072400,TCB
2021-07-14 07:00:00,24.84,24.89,23.41,23.6,33443400,TCB
2021-07-15 07:00:00,23.6,24.61,23.5,24.1,20322400,TCB
2021-07-16 07:00:00,24.34,24.48,23.87,23.87,13987500,TCB
2021-07-19 07:00:00,23.13,23.55,22.21,22.21,39327900,TCB
2021-07-20 07:00:00,22.35,22.95,21.74,22.9,23861200,TCB
2021-07-21 07:00:00,23.41,23.78,22.95,23.27,18598700,TCB
2021-07-22 07:00:00,23.18,23.83,23.04,23.64,13886900,TCB
2021-07-23 07:00:00,23.41,23.64,22.9,22.9,20067800,TCB
2021-07-26 07:00:00,22.67,22.97,22.53,22.67,14424400,TCB
2021-07-27 07:00:00,23.13,23.27,22.92,23.02,13266100,TCB
2021-07-28 07:00:00,23.02,23.27,22.9,23.0,7468600,TCB
2021-07-29 07:00:00,23.18,23.5,23.13,23.41,12542100,TCB
2021-07-30 07:00:00,23.46,23.87,23.36,23.64,16932500,TCB
2021-08-02 07:00:00,23.6,23.78,23.41,23.5,14030000,TCB
2021-08-03 07:00:00,23.5,24.06,23.5,23.97,22927700,TCB
2021-08-04 07:00:00,24.29,24.34,23.97,24.06,19177300,TCB
2021-08-05 07:00:00,24.01,24.38,23.92,24.29,12021200,TCB
2021-08-06 07:00:00,24.29,24.61,23.97,23.97,16084300,TCB
2021-08-09 07:00:00,23.83,24.38,23.74,24.29,15208100,TCB
2021-08-10 07:00:00,24.52,24.52,24.01,24.2,12265300,TCB
2021-08-11 07:00:00,24.2,24.75,24.01,24.2,20471000,TCB
2021-08-12 07:00:00,24.24,24.52,24.06,24.06,11779000,TCB
2021-08-13 07:00:00,24.06,24.15,23.64,24.15,15402000,TCB
2021-08-16 07:00:00,24.2,25.17,24.1,24.98,30299500,TCB
2021-08-17 07:00:00,25.12,25.31,24.43,24.66,16002700,TCB
2021-08-18 07:00:00,24.52,24.75,24.29,24.43,12905800,TCB
2021-08-19 07:00:00,24.29,24.66,24.1,24.52,18765300,TCB
2021-08-20 07:00:00,24.43,24.52,23.04,23.36,31461200,TCB
2021-08-23 07:00:00,23.27,23.5,22.56,22.56,26003500,TCB
2021-08-24 07:00:00,22.56,22.76,22.39,22.67,16213400,TCB
2021-08-25 07:00:00,22.62,22.76,22.44,22.74,9431100,TCB
2021-08-26 07:00:00,22.81,22.83,22.3,22.35,10111900,TCB
2021-08-27 07:00:00,22.12,22.28,21.74,22.23,19689500,TCB
2021-08-30 07:00:00,22.49,22.86,22.25,22.76,12298900,TCB
2021-08-31 07:00:00,22.9,22.9,21.74,22.44,7773900,TCB
2021-09-01 07:00:00,22.3,22.65,22.3,22.35,8530000,TCB
2021-09-06 07:00:00,22.51,22.65,22.16,22.65,12880500,TCB
2021-09-07 07:00:00,22.69,23.32,22.69,22.97,11611100,TCB
2021-09-08 07:00:00,22.95,22.97,22.49,22.58,7150900,TCB
2021-09-09 07:00:00,22.44,22.9,22.44,22.81,7854400,TCB
2021-09-10 07:00:00,23.04,23.04,22.67,22.81,7222000,TCB
2021-09-13 07:00:00,22.74,22.88,22.62,22.65,6802200,TCB
2021-09-14 07:00:00,22.65,22.72,22.44,22.44,6142500,TCB
2021-09-15 07:00:00,22.3,22.58,22.25,22.39,5037600,TCB
2021-09-16 07:00:00,22.62,22.74,22.49,22.72,5523500,TCB
2021-09-17 07:00:00,22.76,23.09,22.76,23.02,8274500,TCB
2021-09-20 07:00:00,23.36,23.87,23.18,23.46,13074700,TCB
2021-09-21 07:00:00,23.18,23.55,23.02,23.32,10058100,TCB
2021-09-22 07:00:00,23.55,23.55,23.09,23.36,4960100,TCB
2021-09-23 07:00:00,23.41,23.74,23.13,23.23,8627900,TCB
2021-09-24 07:00:00,23.46,23.83,23.27,23.41,7364700,TCB
2021-09-27 07:00:00,23.46,23.64,22.9,22.9,6850300,TCB
2021-09-28 07:00:00,22.81,23.06,22.58,23.04,5568700,TCB
2021-09-29 07:00:00,22.76,23.02,22.62,22.86,5676700,TCB
2021-09-30 07:00:00,23.0,23.32,22.95,22.95,5275100,TCB
2021-10-01 07:00:00,22.95,23.04,22.62,22.67,6502800,TCB
2021-10-04 07:00:00,22.58,22.65,22.35,22.37,9510600,TCB
2021-10-05 07:00:00,22.49,22.76,22.49,22.72,5889900,TCB
2021-10-06 07:00:00,22.88,23.36,22.76,23.27,8579800,TCB
2021-10-07 07:00:00,23.41,23.5,23.13,23.13,5414900,TCB
2021-10-08 07:00:00,23.18,23.55,23.13,23.46,7634900,TCB
2021-10-11 07:00:00,23.6,24.52,23.6,24.52,23096400,TCB
2021-10-12 07:00:00,24.71,24.71,24.34,24.52,14216500,TCB
2021-10-13 07:00:00,24.52,24.61,24.2,24.24,14188100,TCB
2021-10-14 07:00:00,24.29,24.52,24.15,24.29,19788700,TCB
2021-10-15 07:00:00,24.48,24.48,24.2,24.34,11950400,TCB
2021-10-18 07:00:00,24.61,24.8,24.38,24.48,15018000,TCB
2021-10-19 07:00:00,24.48,24.52,24.06,24.38,14167300,TCB
2021-10-20 07:00:00,24.43,24.94,24.29,24.61,22695300,TCB
2021-10-21 07:00:00,24.98,24.98,24.48,24.48,15317400,TCB
2021-10-22 07:00:00,24.48,24.52,24.15,24.2,11640600,TCB
2021-10-25 07:00:00,24.1,24.1,23.5,23.55,28527000,TCB
2021-10-26 07:00:00,23.32,23.6,23.11,23.6,20157800,TCB
2021-10-27 07:00:00,23.69,23.97,23.55,23.83,16750100,TCB
2021-10-28 07:00:00,24.06,24.1,23.83,23.97,13859600,TCB
2021-10-29 07:00:00,24.01,24.06,23.74,23.87,12744400,TCB
2021-11-01 07:00:00,23.92,24.29,23.83,23.87,25398000,TCB
2021-11-02 07:00:00,23.97,23.97,23.83,23.87,15468300,TCB
2021-11-03 07:00:00,24.2,25.08,24.06,24.84,39738000,TCB
2021-11-04 07:00:00,24.84,25.08,24.43,24.66,18683600,TCB
2021-11-05 07:00:00,24.75,24.75,24.38,24.52,13453700,TCB
2021-11-08 07:00:00,24.43,24.66,24.2,24.34,21189500,TCB
2021-11-09 07:00:00,24.52,24.66,24.2,24.2,21533900,TCB
2021-11-10 07:00:00,24.34,24.38,23.87,23.92,19484600,TCB
2021-11-11 07:00:00,23.92,24.24,23.46,23.83,21838500,TCB
2021-11-12 07:00:00,23.78,24.38,23.64,24.29,12719800,TCB
2021-11-15 07:00:00,24.43,24.52,24.01,24.06,11079700,TCB
2021-11-16 07:00:00,24.06,24.48,23.87,24.06,12519700,TCB
2021-11-17 07:00:00,24.06,24.24,23.92,24.15,12113200,TCB
2021-11-18 07:00:00,24.06,24.15,23.78,23.83,12833900,TCB
2021-11-19 07:00:00,23.97,24.71,23.69,24.2,29907300,TCB
2021-11-22 07:00:00,24.2,25.35,24.2,24.57,23613400,TCB
2021-11-23 07:00:00,24.71,24.75,24.24,24.34,10596400,TCB
2021-11-24 07:00:00,24.34,25.77,24.2,25.68,52375300,TCB
2021-11-25 07:00:00,25.91,25.91,25.31,25.4,17981000,TCB
2021-11-26 07:00:00,25.49,25.68,24.94,24.98,21915600,TCB
2021-11-29 07:00:00,24.52,24.71,24.1,24.2,28236300,TCB
2021-11-30 07:00:00,24.57,24.57,23.83,23.97,24494700,TCB
2021-12-01 07:00:00,23.87,24.24,23.83,24.24,11339500,TCB
2021-12-02 07:00:00,24.24,24.34,23.92,23.92,8970600,TCB
2021-12-03 07:00:00,24.06,24.15,23.23,23.23,15571600,TCB
2021-12-06 07:00:00,23.27,23.6,22.51,22.67,22907100,TCB
2021-12-07 07:00:00,22.95,23.27,22.83,23.13,8982100,TCB
2021-12-08 07:00:00,23.23,23.5,23.09,23.13,7649900,TCB
2021-12-09 07:00:00,23.13,23.32,23.06,23.32,5203500,TCB
2021-12-10 07:00:00,23.36,23.55,23.18,23.23,7507300,TCB
2021-12-13 07:00:00,23.27,23.32,23.11,23.13,7440600,TCB
2021-12-14 07:00:00,23.13,23.5,23.06,23.18,7138200,TCB
2021-12-15 07:00:00,23.27,23.5,23.11,23.23,6818200,TCB
2021-12-16 07:00:00,23.36,23.36,23.06,23.06,6325600,TCB
2021-12-17 07:00:00,23.13,23.18,23.04,23.06,7903900,TCB
2021-12-20 07:00:00,23.06,23.13,22.83,22.9,7689900,TCB
2021-12-21 07:00:00,22.9,23.0,22.76,22.79,7255100,TCB
2021-12-22 07:00:00,22.81,22.9,22.35,22.62,12625100,TCB
2021-12-23 07:00:00,22.6,22.6,21.88,21.91,13503100,TCB
2021-12-24 07:00:00,21.95,22.74,21.95,22.62,6139300,TCB
2021-12-27 07:00:00,22.86,22.86,22.44,22.6,4727500,TCB
2021-12-28 07:00:00,22.79,22.83,22.53,22.74,7473500,TCB
2021-12-29 07:00:00,22.74,22.97,22.67,22.72,6141700,TCB
2021-12-30 07:00:00,22.76,23.02,22.67,22.81,5321600,TCB
2021-12-31 07:00:00,22.9,23.36,22.88,23.13,9547100,TCB
2022-01-04 07:00:00,23.36,23.69,23.27,23.55,11334600,TCB
2022-01-05 07:00:00,23.55,23.69,23.27,23.36,9569600,TCB
2022-01-06 07:00:00,23.23,23.32,22.95,23.09,10716700,TCB
2022-01-07 07:00:00,23.09,23.18,22.86,22.88,7832200,TCB
2022-01-10 07:00:00,22.9,22.95,22.51,22.51,8771400,TCB
2022-01-11 07:00:00,22.62,22.72,22.39,22.42,7296500,TCB
2022-01-12 07:00:00,22.42,23.32,22.39,23.32,12044200,TCB
2022-01-13 07:00:00,23.55,23.97,23.23,23.36,14417100,TCB
2022-01-14 07:00:00,23.13,23.32,22.9,23.02,5187100,TCB
2022-01-17 07:00:00,23.0,23.36,22.49,22.49,10990600,TCB
2022-01-18 07:00:00,22.49,22.88,22.44,22.56,7885200,TCB
2022-01-19 07:00:00,22.67,22.86,22.58,22.6,4221900,TCB
2022-01-20 07:00:00,22.51,22.86,22.49,22.6,6430300,TCB
2022-01-21 07:00:00,22.67,23.5,22.62,23.04,10321600,TCB
2022-01-24 07:00:00,23.11,23.78,23.04,23.27,16269200,TCB
2022-01-25 07:00:00,23.69,24.1,23.6,24.01,14466300,TCB
2022-01-26 07:00:00,24.24,24.66,24.06,24.24,15042300,TCB
2022-01-27 07:00:00,24.06,24.38,23.83,24.01,8044000,TCB
2022-01-28 07:00:00,24.01,24.52,23.87,24.43,10292900,TCB
2022-02-07 07:00:00,24.84,24.89,24.43,24.43,9809900,TCB
2022-02-08 07:00:00,24.43,25.12,24.43,24.89,16481000,TCB
2022-02-09 07:00:00,24.98,25.4,24.8,24.8,17391000,TCB
2022-02-10 07:00:00,24.8,25.08,24.57,24.8,11224900,TCB
2022-02-11 07:00:00,24.75,24.89,24.52,24.84,7847800,TCB
2022-02-14 07:00:00,24.61,24.61,23.83,23.83,18771500,TCB
2022-02-15 07:00:00,23.87,24.1,23.74,23.97,8584300,TCB
2022-02-16 07:00:00,24.15,24.15,23.83,23.87,6174400,TCB
2022-02-17 07:00:00,23.87,24.29,23.87,24.15,7301000,TCB
2022-02-18 07:00:00,23.92,24.06,23.83,23.87,6543700,TCB
2022-02-21 07:00:00,23.87,23.92,23.5,23.83,8654200,TCB
2022-02-22 07:00:00,23.6,23.92,23.41,23.78,10561000,TCB
2022-02-23 07:00:00,23.92,24.15,23.78,23.92,6188300,TCB
2022-02-24 07:00:00,23.83,24.01,23.04,23.36,15534300,TCB
2022-02-25 07:00:00,23.6,23.74,23.36,23.46,6665900,TCB
2022-02-28 07:00:00,23.36,23.55,23.23,23.32,7106100,TCB
2022-03-01 07:00:00,23.46,23.46,23.18,23.27,6945900,TCB
2022-03-02 07:00:00,23.18,23.18,22.76,22.76,17893700,TCB
2022-03-03 07:00:00,22.9,23.09,22.74,22.97,7391900,TCB
2022-03-04 07:00:00,23.02,23.32,22.9,23.11,7022700,TCB
2022-03-07 07:00:00,22.9,22.95,22.72,22.79,8122400,TCB
2022-03-08 07:00:00,22.67,22.9,22.58,22.67,8766400,TCB
2022-03-09 07:00:00,22.67,22.83,22.62,22.72,6957800,TCB
2022-03-10 07:00:00,23.04,23.04,22.79,22.79,4387100,TCB
2022-03-11 07:00:00,22.76,22.76,22.53,22.62,6422600,TCB
2022-03-14 07:00:00,22.58,22.62,22.35,22.44,5161200,TCB
2022-03-15 07:00:00,22.49,22.67,22.44,22.49,3829700,TCB
2022-03-16 07:00:00,22.58,22.88,22.58,22.69,4542000,TCB
2022-03-17 07:00:00,22.88,22.9,22.67,22.67,3249200,TCB
2022-03-18 07:00:00,22.74,22.86,22.72,22.76,2909700,TCB
2022-03-21 07:00:00,22.79,22.92,22.72,22.88,3921900,TCB
2022-03-22 07:00:00,22.92,23.27,22.9,23.09,5953800,TCB
2022-03-23 07:00:00,23.09,23.23,22.95,22.95,3409900,TCB
2022-03-24 07:00:00,22.95,23.04,22.81,22.81,3214000,TCB
2022-03-25 07:00:00,22.86,22.88,22.74,22.79,3175400,TCB
2022-03-28 07:00:00,22.74,22.74,22.37,22.58,6597500,TCB
2022-03-29 07:00:00,22.62,22.74,22.51,22.62,4272400,TCB
2022-03-30 07:00:00,22.62,23.09,22.62,22.74,5598900,TCB
2022-03-31 07:00:00,22.9,23.0,22.81,22.92,5248700,TCB
2022-04-01 07:00:00,22.92,23.32,22.86,23.27,9575500,TCB
2022-04-04 07:00:00,23.32,23.41,22.97,22.97,9775600,TCB
2022-04-05 07:00:00,22.86,22.9,22.69,22.69,5803000,TCB
2022-04-06 07:00:00,22.62,23.09,22.53,23.09,9012200,TCB
2022-04-07 07:00:00,23.09,23.27,22.81,22.81,5971000,TCB
2022-04-08 07:00:00,22.86,22.86,22.58,22.6,7030100,TCB
2022-04-12 07:00:00,22.53,22.62,22.16,22.21,8278800,TCB
2022-04-13 07:00:00,22.39,22.42,22.16,22.21,6722300,TCB
2022-04-14 07:00:00,22.23,22.37,21.82,21.88,8324100,TCB
2022-04-15 07:00:00,21.88,21.88,21.1,21.1,18618800,TCB
2022-04-18 07:00:00,21.28,21.4,20.73,20.75,11505300,TCB
2022-04-19 07:00:00,20.82,21.03,20.13,20.22,7232900,TCB
2022-04-20 07:00:00,20.22,20.45,19.92,19.92,7909800,TCB
2022-04-21 07:00:00,19.9,20.36,19.85,20.17,10019500,TCB
2022-04-22 07:00:00,20.36,20.7,20.15,20.4,6684800,TCB
2022-04-25 07:00:00,20.45,20.5,18.99,18.99,12317000,TCB
2022-04-26 07:00:00,18.78,19.43,17.98,19.2,11120700,TCB
2022-04-27 07:00:00,19.2,19.52,18.92,19.25,6154800,TCB
2022-04-28 07:00:00,19.27,19.8,19.27,19.57,4729300,TCB
2022-04-29 07:00:00,19.57,20.36,19.52,20.36,9795500,TCB
2022-05-04 07:00:00,20.13,20.2,19.43,19.43,6384600,TCB
2022-05-05 07:00:00,19.82,19.82,19.16,19.71,4804200,TCB
2022-05-06 07:00:00,19.29,19.57,19.2,19.2,4889500,TCB
2022-05-09 07:00:00,19.06,19.16,17.86,17.86,12361700,TCB
2022-05-10 07:00:00,17.33,17.98,17.33,17.9,10236300,TCB
2022-05-11 07:00:00,18.04,18.25,17.79,18.04,4071500,TCB
2022-05-12 07:00:00,18.04,18.04,16.8,16.8,7306300,TCB
2022-05-13 07:00:00,16.8,17.03,15.64,15.64,15203300,TCB
2022-05-16 07:00:00,16.24,16.56,15.08,15.08,11689600,TCB
2022-05-17 07:00:00,15.08,16.12,15.06,16.12,9447600,TCB
2022-05-18 07:00:00,16.52,17.07,16.36,16.68,8689300,TCB
2022-05-19 07:00:00,16.38,16.84,16.29,16.56,5692200,TCB
2022-05-20 07:00:00,16.56,16.86,16.36,16.52,5443200,TCB
2022-05-23 07:00:00,16.56,16.75,16.12,16.12,5290600,TCB
2022-05-24 07:00:00,16.1,16.31,15.92,16.31,4270100,TCB
2022-05-25 07:00:00,16.59,16.96,16.42,16.89,6709700,TCB
2022-05-26 07:00:00,16.98,17.23,16.91,16.98,4687800,TCB
2022-05-27 07:00:00,17.07,17.33,17.05,17.33,5777300,TCB
2022-05-30 07:00:00,17.58,17.58,17.33,17.47,4224300,TCB
2022-05-31 07:00:00,17.33,17.4,17.19,17.19,5119800,TCB
2022-06-01 07:00:00,17.12,17.44,16.96,17.05,3829000,TCB
2022-06-02 07:00:00,17.07,17.12,16.66,16.84,3533700,TCB
2022-06-03 07:00:00,16.82,17.05,16.68,16.86,3040200,TCB
2022-06-06 07:00:00,16.86,17.03,16.66,16.68,3845100,TCB
2022-06-07 07:00:00,16.66,16.75,16.19,16.75,4640800,TCB
2022-06-08 07:00:00,16.8,17.33,16.73,17.23,6456800,TCB
2022-06-09 07:00:00,17.23,17.37,17.14,17.3,5776000,TCB
2022-06-10 07:00:00,17.12,18.0,17.1,17.56,8194200,TCB
2022-06-13 07:00:00,17.12,17.23,16.63,16.66,6673500,TCB
2022-06-14 07:00:00,16.33,16.8,16.29,16.54,3740800,TCB
2022-06-15 07:00:00,16.52,16.73,16.22,16.52,5449100,TCB
2022-06-16 07:00:00,16.61,16.89,16.47,16.68,5916100,TCB
2022-06-17 07:00:00,16.22,16.38,15.66,15.96,4994900,TCB
2022-06-20 07:00:00,15.96,16.29,15.27,15.27,4004000,TCB
2022-06-21 07:00:00,15.31,15.64,15.18,15.27,4900200,TCB
2022-06-22 07:00:00,15.62,16.33,15.48,16.1,6208200,TCB
2022-06-23 07:00:00,16.1,16.84,15.98,16.63,4708100,TCB
2022-06-24 07:00:00,16.63,16.7,16.42,16.42,2969100,TCB
2022-06-27 07:00:00,16.45,16.63,16.42,16.45,4282300,TCB
2022-06-28 07:00:00,16.42,17.1,16.36,16.98,5342500,TCB
2022-06-29 07:00:00,16.75,17.19,16.75,17.0,3048300,TCB
2022-06-30 07:00:00,16.91,17.16,16.45,16.45,3566500,TCB
2022-07-01 07:00:00,16.47,16.77,16.12,16.66,3473300,TCB
2022-07-04 07:00:00,16.77,16.98,16.68,16.82,3148000,TCB
2022-07-05 07:00:00,16.93,17.7,16.82,17.47,10888900,TCB
2022-07-06 07:00:00,17.35,17.77,17.21,17.4,6055300,TCB
2022-07-07 07:00:00,17.33,17.58,17.12,17.49,3567400,TCB
2022-07-08 07:00:00,17.56,17.58,17.28,17.37,4058400,TCB
2022-07-11 07:00:00,17.14,17.26,16.42,16.47,8452700,TCB
2022-07-12 07:00:00,16.56,16.7,16.49,16.7,3916500,TCB
2022-07-13 07:00:00,16.73,17.03,16.66,16.7,3156800,TCB
2022-07-14 07:00:00,16.61,16.8,16.59,16.63,2902000,TCB
2022-07-15 07:00:00,16.7,16.91,16.7,16.7,4094300,TCB
2022-07-18 07:00:00,16.8,17.05,16.7,16.8,2990600,TCB
2022-07-19 07:00:00,16.77,16.8,16.54,16.7,2566900,TCB
2022-07-20 07:00:00,16.89,16.93,16.75,16.8,4923800,TCB
2022-07-21 07:00:00,16.93,17.07,16.8,17.05,5488700,TCB
2022-07-22 07:00:00,17.26,17.54,17.14,17.16,4424700,TCB
2022-07-25 07:00:00,17.05,17.16,17.0,17.03,2340300,TCB
2022-07-26 07:00:00,17.03,17.14,16.91,16.93,2794900,TCB
2022-07-27 07:00:00,16.84,16.93,16.84,16.93,1654100,TCB
2022-07-28 07:00:00,17.07,17.35,17.03,17.26,5604300,TCB
2022-07-29 07:00:00,17.35,17.54,17.19,17.54,5486300,TCB
2022-08-01 07:00:00,17.51,17.95,17.4,17.86,6875400,TCB
2022-08-02 07:00:00,17.77,17.86,17.6,17.72,4609900,TCB
2022-08-03 07:00:00,17.72,17.77,17.51,17.65,4944700,TCB
2022-08-04 07:00:00,17.7,17.98,17.67,17.77,4630800,TCB
2022-08-05 07:00:00,17.77,17.95,17.72,17.77,3914900,TCB
2022-08-08 07:00:00,17.81,18.34,17.81,18.14,7998700,TCB
2022-08-09 07:00:00,18.23,18.34,18.04,18.11,4306400,TCB
2022-08-10 07:00:00,17.98,18.07,17.9,17.95,3001500,TCB
2022-08-11 07:00:00,18.09,18.18,17.74,17.81,4920200,TCB
2022-08-12 07:00:00,17.81,17.95,17.7,17.95,2817400,TCB
2022-08-15 07:00:00,18.04,18.21,17.98,18.09,4366600,TCB
2022-08-16 07:00:00,18.07,18.14,18.02,18.04,3042300,TCB
2022-08-17 07:00:00,18.07,18.21,18.04,18.18,4459300,TCB
2022-08-18 07:00:00,18.09,18.27,18.02,18.09,5337200,TCB
2022-08-19 07:00:00,18.07,18.14,18.02,18.04,2566900,TCB
2022-08-22 07:00:00,17.98,18.09,17.84,17.9,3086100,TCB
2022-08-23 07:00:00,17.88,17.95,17.74,17.95,3339900,TCB
2022-08-24 07:00:00,17.95,18.39,17.95,18.16,3993200,TCB
2022-08-25 07:00:00,18.18,18.37,18.18,18.3,3706900,TCB
2022-08-26 07:00:00,18.32,18.48,18.27,18.27,4353000,TCB
2022-08-29 07:00:00,17.95,18.09,17.81,17.93,4474600,TCB
2022-08-30 07:00:00,17.95,18.11,17.93,17.93,3807500,TCB
2022-08-31 07:00:00,17.93,18.11,17.88,18.02,2265500,TCB
2022-09-05 07:00:00,17.98,18.0,17.84,17.86,2788600,TCB
2022-09-06 07:00:00,17.84,18.04,17.84,17.88,2340700,TCB
2022-09-07 07:00:00,17.88,17.9,17.37,17.37,4269000,TCB
2022-09-08 07:00:00,17.47,17.54,17.28,17.3,2473200,TCB
2022-09-09 07:00:00,17.44,17.44,17.12,17.42,2951100,TCB
2022-09-12 07:00:00,17.42,17.49,17.33,17.35,1289900,TCB
2022-09-13 07:00:00,17.3,17.4,17.26,17.26,1687000,TCB
2022-09-14 07:00:00,16.89,17.12,16.89,17.03,2794500,TCB
2022-09-15 07:00:00,17.12,17.14,16.93,16.93,1611900,TCB
2022-09-16 07:00:00,16.84,16.96,16.66,16.66,2188200,TCB
2022-09-19 07:00:00,16.66,16.66,16.12,16.22,3777300,TCB
2022-09-20 07:00:00,16.45,16.45,16.15,16.22,1989200,TCB
2022-09-21 07:00:00,16.19,16.24,15.96,15.96,2073000,TCB
2022-09-22 07:00:00,15.87,16.03,15.78,15.98,2922800,TCB
2022-09-23 07:00:00,15.94,16.01,15.75,15.82,2265200,TCB
2022-09-26 07:00:00,15.66,15.66,15.24,15.38,5217000,TCB
2022-09-27 07:00:00,15.52,15.68,15.36,15.5,2336300,TCB
2022-09-28 07:00:00,15.43,15.59,15.36,15.38,2069900,TCB
2022-09-29 07:00:00,15.59,15.59,15.27,15.27,2640300,TCB
2022-09-30 07:00:00,15.27,15.36,14.9,15.04,5240200,TCB
2022-10-03 07:00:00,15.04,15.08,14.0,14.0,6076000,TCB
2022-10-04 07:00:00,14.25,14.34,13.88,14.02,5966900,TCB
2022-10-05 07:00:00,14.34,14.37,14.11,14.11,3986800,TCB
2022-10-06 07:00:00,14.11,14.25,13.56,13.56,5573700,TCB
2022-10-07 07:00:00,13.37,13.37,12.61,12.61,14349900,TCB
2022-10-10 07:00:00,11.94,12.47,11.73,11.94,18275400,TCB
2022-10-11 07:00:00,11.94,11.94,11.1,11.1,21188700,TCB
2022-10-12 07:00:00,11.1,11.75,10.9,11.47,9605400,TCB
2022-10-13 07:00:00,11.47,11.71,11.15,11.71,9386700,TCB
2022-10-14 07:00:00,12.26,12.26,11.8,11.89,6333400,TCB
2022-10-17 07:00:00,11.8,11.8,11.27,11.61,7760900,TCB
2022-10-18 07:00:00,11.84,11.98,11.64,11.71,5030200,TCB
2022-10-19 07:00:00,11.71,11.8,11.38,11.66,4571000,TCB
2022-10-20 07:00:00,11.61,11.61,11.36,11.38,5210100,TCB
2022-10-21 07:00:00,11.5,11.5,10.6,10.6,9633400,TCB
2022-10-24 07:00:00,10.66,10.8,9.86,9.86,11800600,TCB
2022-10-25 07:00:00,9.86,10.39,9.25,9.86,9593300,TCB
2022-10-26 07:00:00,10.04,10.09,9.74,9.9,3153400,TCB
2022-10-27 07:00:00,9.95,10.57,9.95,10.57,5222800,TCB
2022-10-28 07:00:00,10.92,11.29,10.87,11.29,12484200,TCB
2022-10-31 07:00:00,11.38,11.47,10.87,11.38,7284700,TCB
2022-11-01 07:00:00,11.57,12.03,11.57,11.87,8603400,TCB
2022-11-02 07:00:00,11.89,11.94,11.59,11.66,5442300,TCB
2022-11-03 07:00:00,11.4,11.96,11.4,11.96,6663000,TCB
2022-11-04 07:00:00,11.57,11.8,11.13,11.8,12626400,TCB
2022-11-07 07:00:00,11.78,11.94,10.99,10.99,6326200,TCB
2022-11-08 07:00:00,10.99,11.52,10.64,11.17,5353800,TCB
2022-11-09 07:00:00,11.34,11.61,11.2,11.27,3645200,TCB
2022-11-10 07:00:00,11.1,11.15,10.48,10.53,7580100,TCB
2022-11-11 07:00:00,10.87,11.08,10.55,10.55,5479500,TCB
2022-11-14 07:00:00,10.27,10.36,9.86,10.27,5828500,TCB
2022-11-15 07:00:00,10.2,10.2,9.55,9.58,10943000,TCB
2022-11-16 07:00:00,8.93,10.22,8.93,10.22,18062800,TCB
2022-11-17 07:00:00,10.5,10.66,10.27,10.62,5977300,TCB
2022-11-18 07:00:00,10.57,10.8,10.09,10.5,6390000,TCB
2022-11-21 07:00:00,10.48,10.69,10.29,10.29,4508400,TCB
2022-11-22 07:00:00,10.2,10.66,10.11,10.11,7548800,TCB
2022-11-23 07:00:00,10.18,10.36,10.04,10.18,3771800,TCB
2022-11-24 07:00:00,10.18,10.27,9.95,10.25,3471500,TCB
2022-11-25 07:00:00,10.34,10.64,10.27,10.64,5208100,TCB
2022-11-28 07:00:00,10.78,11.38,10.76,11.38,9058600,TCB
2022-11-29 07:00:00,11.54,11.84,11.27,11.66,7876400,TCB
2022-11-30 07:00:00,11.66,11.98,11.54,11.98,8860700,TCB
2022-12-01 07:00:00,12.14,12.82,12.14,12.68,16532500,TCB
2022-12-02 07:00:00,12.49,13.42,12.42,13.32,9001200,TCB
2022-12-05 07:00:00,13.65,13.79,13.32,13.42,8445100,TCB
2022-12-06 07:00:00,13.32,13.42,12.49,12.52,14489700,TCB
2022-12-07 07:00:00,12.49,12.56,12.01,12.21,7114400,TCB
2022-12-08 07:00:00,12.4,13.05,12.26,13.05,10144300,TCB
2022-12-09 07:00:00,13.16,13.19,12.82,13.07,4407800,TCB
2022-12-12 07:00:00,13.07,13.21,12.58,12.58,6189600,TCB
2022-12-13 07:00:00,12.58,13.32,12.49,13.32,7316900,TCB
2022-12-14 07:00:00,13.65,13.74,13.32,13.32,7999600,TCB
2022-12-15 07:00:00,13.32,13.67,13.23,13.65,7681000,TCB
2022-12-16 07:00:00,13.42,13.56,13.23,13.49,6469000,TCB
2022-12-19 07:00:00,13.49,14.18,13.44,13.53,9319200,TCB
2022-12-20 07:00:00,13.42,13.53,12.61,12.82,11750600,TCB
2022-12-21 07:00:00,12.98,13.05,12.17,12.82,6560300,TCB
2022-12-22 07:00:00,12.84,13.14,12.61,12.82,3604900,TCB
2022-12-23 07:00:00,12.82,12.91,12.47,12.77,2878800,TCB
2022-12-26 07:00:00,12.61,12.68,11.89,11.89,7542600,TCB
2022-12-27 07:00:00,11.84,12.17,11.75,12.17,4426300,TCB
2022-12-28 07:00:00,12.08,12.24,11.91,12.1,3298700,TCB
2022-12-29 07:00:00,12.08,12.17,11.91,12.01,2934700,TCB
2022-12-30 07:00:00,12.01,12.08,11.96,11.96,2181900,TCB
2023-01-03 07:00:00,11.91,12.7,11.91,12.7,3786800,TCB
2023-01-04 07:00:00,12.7,12.86,12.61,12.63,3185500,TCB
2023-01-05 07:00:00,12.63,12.86,12.56,12.79,2716900,TCB
2023-01-06 07:00:00,12.7,13.14,12.63,12.82,4803900,TCB
2023-01-09 07:00:00,12.86,12.93,12.77,12.84,2387700,TCB
2023-01-10 07:00:00,12.84,12.96,12.63,12.7,2613300,TCB
2023-01-11 07:00:00,12.7,12.96,12.63,12.79,3136500,TCB
2023-01-12 07:00:00,12.79,12.93,12.77,12.88,2124100,TCB
2023-01-13 07:00:00,12.91,13.09,12.86,12.86,2810200,TCB
2023-01-16 07:00:00,12.88,13.0,12.79,13.0,2492900,TCB
2023-01-17 07:00:00,13.14,13.56,13.12,13.42,6179200,TCB
2023-01-18 07:00:00,13.46,13.49,13.37,13.46,3241200,TCB
2023-01-19 07:00:00,13.35,13.56,13.35,13.46,4742400,TCB
2023-01-27 07:00:00,13.58,13.74,13.42,13.44,5539200,TCB
2023-01-30 07:00:00,13.44,13.44,13.21,13.28,5917000,TCB
2023-01-31 07:00:00,13.26,13.6,12.98,13.6,6148400,TCB
2023-02-01 07:00:00,13.65,13.65,12.96,13.05,5944500,TCB
2023-02-02 07:00:00,13.05,13.14,12.77,12.96,3795200,TCB
2023-02-03 07:00:00,13.0,13.05,12.54,12.54,6448000,TCB
2023-02-06 07:00:00,12.54,12.96,12.52,12.93,3183300,TCB
2023-02-07 07:00:00,12.93,12.98,12.68,12.68,3288400,TCB
2023-02-08 07:00:00,12.72,12.93,12.68,12.88,2709000,TCB
2023-02-09 07:00:00,12.82,12.88,12.63,12.63,2757300,TCB
2023-02-10 07:00:00,12.65,12.72,12.45,12.47,2626000,TCB
2023-02-13 07:00:00,12.42,12.45,12.19,12.31,2897200,TCB
2023-02-14 07:00:00,12.26,12.68,12.26,12.42,2949800,TCB
2023-02-15 07:00:00,12.42,12.77,12.31,12.68,2633000,TCB
2023-02-16 07:00:00,12.77,12.91,12.58,12.91,2247700,TCB
2023-02-17 07:00:00,12.84,12.86,12.72,12.86,1784300,TCB
2023-02-20 07:00:00,12.84,13.23,12.82,13.23,2743200,TCB
2023-02-21 07:00:00,13.23,13.39,13.12,13.14,2590900,TCB
2023-02-22 07:00:00,12.98,13.02,12.72,12.72,2373000,TCB
2023-02-23 07:00:00,12.72,12.93,12.49,12.93,3597400,TCB
2023-02-24 07:00:00,12.93,12.93,12.56,12.61,1972500,TCB
2023-02-27 07:00:00,12.58,12.58,12.31,12.49,2377000,TCB
2023-02-28 07:00:00,12.49,12.58,12.26,12.26,2104000,TCB
2023-03-01 07:00:00,12.12,12.65,12.05,12.63,2204200,TCB
2023-03-02 07:00:00,12.75,12.77,12.49,12.58,1549900,TCB
2023-03-03 07:00:00,12.58,12.65,12.28,12.4,1875800,TCB
2023-03-06 07:00:00,12.49,12.7,12.35,12.58,2568900,TCB
2023-03-07 07:00:00,12.58,12.72,12.52,12.54,2340300,TCB
2023-03-08 07:00:00,12.45,12.68,12.4,12.63,1945300,TCB
2023-03-09 07:00:00,12.72,12.88,12.58,12.86,3286200,TCB
2023-03-10 07:00:00,12.72,12.77,12.49,12.56,2129800,TCB
2023-03-13 07:00:00,12.28,12.47,12.28,12.38,3114300,TCB
2023-03-14 07:00:00,12.33,12.38,12.17,12.17,2469900,TCB
2023-03-15 07:00:00,12.4,12.68,12.4,12.58,2361600,TCB
2023-03-16 07:00:00,12.45,12.47,12.19,12.38,2661700,TCB
2023-03-17 07:00:00,12.4,12.54,12.31,12.33,1199600,TCB
2023-03-20 07:00:00,12.26,12.31,12.14,12.14,2286500,TCB
2023-03-21 07:00:00,12.26,12.31,12.08,12.19,1997800,TCB
2023-03-22 07:00:00,12.24,12.31,12.12,12.12,2471700,TCB
2023-03-23 07:00:00,12.12,12.19,11.96,12.12,2369000,TCB
2023-03-24 07:00:00,12.21,12.35,12.17,12.24,1955600,TCB
2023-03-27 07:00:00,12.24,12.35,12.19,12.26,1537100,TCB
2023-03-28 07:00:00,12.35,12.82,12.35,12.75,7664400,TCB
2023-03-29 07:00:00,12.75,13.09,12.72,12.96,5720700,TCB
2023-03-30 07:00:00,13.12,13.19,12.82,12.82,4898700,TCB
2023-03-31 07:00:00,12.86,13.14,12.86,13.12,7220300,TCB
2023-04-03 07:00:00,13.42,13.58,13.28,13.56,12424400,TCB
2023-04-04 07:00:00,13.56,13.65,13.44,13.65,7303300,TCB
2023-04-05 07:00:00,13.6,13.7,13.51,13.65,4329800,TCB
2023-04-06 07:00:00,13.58,13.97,13.58,13.7,7828100,TCB
2023-04-07 07:00:00,13.72,13.74,13.6,13.67,4094900,TCB
2023-04-10 07:00:00,13.72,14.25,13.7,13.97,5660400,TCB
2023-04-11 07:00:00,13.97,14.06,13.7,14.06,5209800,TCB
2023-04-12 07:00:00,14.06,14.32,13.93,14.2,4505500,TCB
2023-04-13 07:00:00,14.16,14.32,13.97,13.97,3214600,TCB
2023-04-14 07:00:00,13.97,14.06,13.37,13.37,9435600,TCB
2023-04-17 07:00:00,13.42,13.63,13.3,13.63,3014200,TCB
2023-04-18 07:00:00,13.6,13.6,13.37,13.49,2553900,TCB
2023-04-19 07:00:00,13.51,13.6,13.42,13.42,2611900,TCB
2023-04-20 07:00:00,13.37,13.42,13.21,13.35,2314000,TCB
2023-04-21 07:00:00,13.42,13.42,13.28,13.28,2354900,TCB
2023-04-24 07:00:00,13.28,13.76,13.26,13.65,3483000,TCB
2023-04-25 07:00:00,13.72,13.81,13.42,13.42,2086300,TCB
2023-04-26 07:00:00,13.51,13.88,13.35,13.88,3239100,TCB
2023-04-27 07:00:00,13.97,13.97,13.81,13.83,2031600,TCB
2023-04-28 07:00:00,13.86,13.86,13.65,13.65,2477700,TCB
2023-05-04 07:00:00,13.65,13.65,13.37,13.44,1917900,TCB
2023-05-05 07:00:00,13.44,13.51,13.16,13.28,3437700,TCB
2023-05-08 07:00:00,13.37,13.6,13.28,13.6,2847500,TCB
2023-05-09 07:00:00,13.63,13.65,13.44,13.56,1990400,TCB
2023-05-10 07:00:00,13.58,13.6,13.46,13.56,2523100,TCB
2023-05-11 07:00:00,13.65,13.65,13.46,13.46,2514400,TCB
2023-05-12 07:00:00,13.46,13.56,13.42,13.56,2625300,TCB
2023-05-15 07:00:00,13.63,13.95,13.6,13.83,7336200,TCB
2023-05-16 07:00:00,13.93,13.93,13.76,13.79,2075700,TCB
2023-05-17 07:00:00,13.74,13.83,13.53,13.53,3659200,TCB
2023-05-18 07:00:00,13.53,13.74,13.53,13.67,3215500,TCB
2023-05-19 07:00:00,13.67,13.76,13.53,13.72,3397600,TCB
2023-05-22 07:00:00,13.74,14.16,13.74,14.11,9444100,TCB
2023-05-23 07:00:00,14.2,14.2,13.88,14.04,4205200,TCB
2023-05-24 07:00:00,14.06,14.14,13.76,13.79,4818900,TCB
2023-05-25 07:00:00,13.79,13.83,13.7,13.79,2521600,TCB
2023-05-26 07:00:00,13.83,13.86,13.72,13.83,1794600,TCB
2023-05-29 07:00:00,13.88,13.97,13.79,13.97,2765200,TCB
2023-05-30 07:00:00,14.06,14.09,13.88,13.97,2100900,TCB
2023-05-31 07:00:00,13.97,14.02,13.83,13.86,3944600,TCB
2023-06-01 07:00:00,13.88,14.02,13.76,14.02,4776200,TCB
2023-06-02 07:00:00,14.25,14.9,14.2,14.9,13798700,TCB
2023-06-05 07:00:00,15.01,15.18,14.76,14.76,5861900,TCB
2023-06-06 07:00:00,14.76,15.13,14.69,15.13,6000100,TCB
2023-06-07 07:00:00,15.06,15.15,14.9,15.08,4964100,TCB
2023-06-08 07:00:00,15.13,15.15,14.69,14.69,5741200,TCB
2023-06-09 07:00:00,14.71,15.04,14.62,14.99,5315500,TCB
2023-06-12 07:00:00,14.92,15.2,14.76,15.13,4136800,TCB
2023-06-13 07:00:00,15.13,15.22,14.99,15.18,3529000,TCB
2023-06-14 07:00:00,15.27,15.48,15.06,15.08,5374800,TCB
2023-06-15 07:00:00,15.08,15.22,14.99,15.11,3863700,TCB
2023-06-16 07:00:00,15.11,15.48,15.04,15.06,6928400,TCB
2023-06-19 07:00:00,15.06,15.06,14.78,14.85,3674300,TCB
2023-06-20 07:00:00,14.9,14.92,14.78,14.88,2084400,TCB
2023-06-21 07:00:00,14.88,15.04,14.85,15.04,2506800,TCB
2023-06-22 07:00:00,15.22,15.34,15.08,15.08,4395200,TCB
2023-06-23 07:00:00,15.11,15.38,15.06,15.22,4144400,TCB
2023-06-26 07:00:00,15.22,15.41,15.06,15.41,4044900,TCB
2023-06-27 07:00:00,15.41,15.45,15.22,15.24,3665500,TCB
2023-06-28 07:00:00,15.24,15.41,15.15,15.41,4303400,TCB
2023-06-29 07:00:00,15.41,15.45,15.11,15.11,3538900,TCB
2023-06-30 07:00:00,15.11,15.18,14.97,14.97,2448500,TCB
2023-07-03 07:00:00,15.13,15.13,14.8,14.8,3753900,TCB
2023-07-04 07:00:00,14.8,14.85,14.74,14.8,4327000,TCB
2023-07-05 07:00:00,14.88,14.99,14.78,14.78,4323800,TCB
2023-07-06 07:00:00,14.78,14.83,14.44,14.6,6311500,TCB
2023-07-07 07:00:00,14.57,14.71,14.48,14.6,3274400,TCB
2023-07-10 07:00:00,14.8,14.85,14.67,14.8,4982800,TCB
2023-07-11 07:00:00,14.9,14.97,14.78,14.78,5708100,TCB
2023-07-12 07:00:00,14.76,14.8,14.62,14.64,4341600,TCB
2023-07-13 07:00:00,14.67,14.8,14.64,14.78,4412100,TCB
2023-07-14 07:00:00,14.9,14.9,14.67,14.78,4472000,TCB
2023-07-17 07:00:00,14.85,14.85,14.71,14.76,3652700,TCB
2023-07-18 07:00:00,14.76,14.94,14.71,14.94,6508500,TCB
2023-07-19 07:00:00,15.11,15.22,14.92,14.94,5556900,TCB
2023-07-20 07:00:00,14.99,14.99,14.71,14.76,5263800,TCB
2023-07-21 07:00:00,14.74,14.94,14.74,14.94,5206200,TCB
2023-07-24 07:00:00,15.01,15.04,14.88,15.01,4832200,TCB
2023-07-25 07:00:00,15.18,15.64,15.13,15.5,13269100,TCB
2023-07-26 07:00:00,15.5,15.52,15.36,15.48,3413000,TCB
2023-07-27 07:00:00,15.43,15.48,15.13,15.31,7797000,TCB
2023-07-28 07:00:00,15.29,15.64,15.27,15.64,5630800,TCB
2023-07-31 07:00:00,15.78,16.01,15.73,15.87,7648800,TCB
2023-08-01 07:00:00,16.01,16.01,15.73,15.73,8659400,TCB
2023-08-02 07:00:00,15.68,15.78,15.62,15.68,4644300,TCB
2023-08-03 07:00:00,15.73,15.75,15.5,15.5,4171200,TCB
2023-08-04 07:00:00,15.57,15.82,15.48,15.55,12322800,TCB
2023-08-07 07:00:00,15.82,15.94,15.73,15.89,5256500,TCB
2023-08-08 07:00:00,15.92,15.96,15.71,15.73,5539100,TCB
2023-08-09 07:00:00,15.75,15.82,15.64,15.73,4668500,TCB
2023-08-10 07:00:00,15.73,15.75,15.5,15.5,6166000,TCB
2023-08-11 07:00:00,15.52,15.64,15.31,15.57,5907600,TCB
2023-08-14 07:00:00,15.62,15.64,15.48,15.64,4574500,TCB
2023-08-15 07:00:00,15.68,15.92,15.66,15.75,4610800,TCB
2023-08-16 07:00:00,15.73,16.36,15.71,16.33,13197300,TCB
2023-08-17 07:00:00,16.33,16.33,16.06,16.06,5308300,TCB
2023-08-18 07:00:00,15.98,15.98,15.01,15.04,13220000,TCB
2023-08-21 07:00:00,15.04,15.24,14.85,15.15,5356600,TCB
2023-08-22 07:00:00,15.15,15.31,14.76,15.31,6716400,TCB
2023-08-23 07:00:00,15.73,15.82,15.36,15.36,9087900,TCB
2023-08-24 07:00:00,15.5,15.71,15.45,15.64,4814900,TCB
2023-08-25 07:00:00,15.59,15.66,15.45,15.57,3638000,TCB
2023-08-28 07:00:00,15.66,15.78,15.55,15.73,4017200,TCB
2023-08-29 07:00:00,15.73,15.85,15.62,15.68,3702500,TCB
2023-08-30 07:00:00,15.73,15.87,15.68,15.73,4267500,TCB
2023-08-31 07:00:00,15.78,15.96,15.78,15.96,4121700,TCB
2023-09-05 07:00:00,16.1,16.26,16.08,16.19,7998900,TCB
2023-09-06 07:00:00,16.22,16.36,16.12,16.29,4653200,TCB
2023-09-07 07:00:00,16.31,16.73,16.24,16.54,9044800,TCB
2023-09-08 07:00:00,16.59,16.61,16.36,16.36,4602900,TCB
2023-09-11 07:00:00,16.47,16.47,15.94,15.98,10812100,TCB
2023-09-12 07:00:00,15.98,16.33,15.92,16.33,4935900,TCB
2023-09-13 07:00:00,16.38,16.4,16.12,16.19,4978100,TCB
2023-09-14 07:00:00,16.24,16.54,16.15,16.15,7642600,TCB
2023-09-15 07:00:00,16.24,16.42,16.15,16.15,4523900,TCB
2023-09-18 07:00:00,16.12,16.19,15.73,15.78,7730100,TCB
2023-09-19 07:00:00,15.87,15.89,15.64,15.68,5864300,TCB
2023-09-20 07:00:00,15.68,15.96,15.66,15.89,3426300,TCB
2023-09-21 07:00:00,15.89,15.96,15.73,15.87,3165600,TCB
2023-09-22 07:00:00,15.71,15.85,15.45,15.73,7542500,TCB
2023-09-25 07:00:00,15.73,15.82,15.15,15.18,4230500,TCB
2023-09-26 07:00:00,15.18,15.27,14.99,14.99,4755900,TCB
2023-09-27 07:00:00,14.92,15.08,14.92,15.08,3553500,TCB
2023-09-28 07:00:00,15.08,15.68,14.74,15.57,6556500,TCB
2023-09-29 07:00:00,15.5,15.59,15.31,15.57,2907800,TCB
2023-10-02 07:00:00,15.57,15.57,15.27,15.34,2138300,TCB
2023-10-03 07:00:00,15.22,15.22,14.76,15.04,4650100,TCB
2023-10-04 07:00:00,14.92,15.11,14.8,14.92,2796000,TCB
2023-10-05 07:00:00,14.97,15.08,14.71,14.71,2442600,TCB
2023-10-06 07:00:00,14.69,14.92,14.62,14.83,2551600,TCB
2023-10-09 07:00:00,14.85,14.88,14.76,14.85,2793700,TCB
2023-10-10 07:00:00,14.94,15.11,14.92,15.04,2660000,TCB
2023-10-11 07:00:00,15.11,15.11,14.94,15.08,2199600,TCB
2023-10-12 07:00:00,15.13,15.2,15.04,15.04,2464200,TCB
2023-10-13 07:00:00,14.99,15.01,14.8,14.9,1949500,TCB
2023-10-16 07:00:00,14.83,14.94,14.71,14.71,2476400,TCB
2023-10-17 07:00:00,14.78,14.9,14.69,14.69,1820000,TCB
2023-10-18 07:00:00,14.69,14.71,14.34,14.46,4719900,TCB
2023-10-19 07:00:00,14.46,14.53,14.18,14.18,2785000,TCB
2023-10-20 07:00:00,14.2,14.53,14.14,14.39,2434100,TCB
2023-10-23 07:00:00,14.39,14.57,14.11,14.3,2788400,TCB
2023-10-24 07:00:00,14.5,14.71,14.37,14.5,2173100,TCB
2023-10-25 07:00:00,14.44,14.62,14.44,14.44,2122800,TCB
2023-10-26 07:00:00,14.25,14.32,13.51,13.79,6676400,TCB
2023-10-27 07:00:00,13.88,14.06,13.46,13.67,3872700,TCB
2023-10-30 07:00:00,13.51,13.53,13.0,13.0,6594400,TCB
2023-10-31 07:00:00,13.05,13.19,12.58,12.82,6087100,TCB
2023-11-01 07:00:00,13.09,13.16,12.7,13.05,4479300,TCB
2023-11-02 07:00:00,13.32,13.7,13.19,13.58,4705900,TCB
2023-11-03 07:00:00,13.86,14.34,13.67,14.34,8102700,TCB
2023-11-06 07:00:00,14.25,14.34,14.02,14.34,3301400,TCB
2023-11-07 07:00:00,14.16,14.32,14.09,14.16,1508300,TCB
2023-11-08 07:00:00,14.16,14.76,13.97,14.71,3874600,TCB
2023-11-09 07:00:00,14.74,14.78,14.48,14.57,4253500,TCB
2023-11-10 07:00:00,14.44,14.57,14.2,14.37,4074300,TCB
2023-11-13 07:00:00,14.48,14.48,14.18,14.3,2458800,TCB
2023-11-14 07:00:00,14.41,14.69,14.3,14.57,3979700,TCB
2023-11-15 07:00:00,14.8,14.9,14.57,14.6,3671500,TCB
2023-11-16 07:00:00,14.57,14.71,14.57,14.67,2240400,TCB
2023-11-17 07:00:00,14.67,14.78,14.2,14.41,5082600,TCB
2023-11-20 07:00:00,14.11,14.46,14.09,14.34,4320400,TCB
2023-11-21 07:00:00,14.5,14.5,14.25,14.25,2243600,TCB
2023-11-22 07:00:00,14.3,14.34,14.18,14.32,1836200,TCB
2023-11-23 07:00:00,14.44,14.48,14.06,14.06,3280100,TCB
2023-11-24 07:00:00,14.04,14.16,13.63,13.9,4696800,TCB
2023-11-27 07:00:00,13.86,13.86,13.56,13.56,3048100,TCB
2023-11-28 07:00:00,13.56,13.86,13.32,13.86,3736900,TCB
2023-11-29 07:00:00,13.83,14.02,13.7,13.83,1779600,TCB
2023-11-30 07:00:00,13.76,13.9,13.65,13.65,2756300,TCB
2023-12-01 07:00:00,13.7,13.81,13.58,13.76,2696100,TCB
2023-12-04 07:00:00,13.79,14.11,13.79,13.97,4761000,TCB
2023-12-05 07:00:00,14.0,14.02,13.83,13.9,3093500,TCB
2023-12-06 07:00:00,13.88,14.11,13.88,14.06,2489700,TCB
2023-12-07 07:00:00,14.14,14.37,14.02,14.27,5844300,TCB
2023-12-08 07:00:00,14.27,14.34,14.16,14.32,2749400,TCB
2023-12-11 07:00:00,14.32,14.34,14.18,14.27,1614200,TCB
2023-12-12 07:00:00,14.27,14.37,14.23,14.37,2167900,TCB
2023-12-13 07:00:00,14.41,14.41,14.11,14.11,3108700,TCB
2023-12-14 07:00:00,14.25,14.27,14.14,14.14,2552800,TCB
2023-12-15 07:00:00,14.14,14.25,14.06,14.16,2153100,TCB
2023-12-18 07:00:00,14.16,14.18,13.9,13.9,2378300,TCB
2023-12-19 07:00:00,13.88,14.16,13.79,14.16,2109500,TCB
2023-12-20 07:00:00,14.02,14.14,13.95,14.04,1746600,TCB
2023-12-21 07:00:00,14.02,14.18,13.95,14.18,2482700,TCB
2023-12-22 07:00:00,14.11,14.25,14.09,14.16,1853900,TCB
2023-12-25 07:00:00,14.25,14.34,14.16,14.32,2572700,TCB
2023-12-26 07:00:00,14.27,14.34,14.23,14.25,1507400,TCB
2023-12-27 07:00:00,14.27,14.41,14.27,14.27,2015600,TCB
2023-12-28 07:00:00,14.3,14.64,14.3,14.57,5753400,TCB
2023-12-29 07:00:00,14.67,14.78,14.57,14.71,4231700,TCB
2024-01-02 07:00:00,14.76,14.92,14.71,14.85,3710100,TCB
2024-01-03 07:00:00,14.76,15.08,14.74,15.08,5610600,TCB
2024-01-04 07:00:00,15.08,15.57,15.06,15.31,10073900,TCB
2024-01-05 07:00:00,15.31,15.45,15.27,15.36,3569900,TCB
2024-01-08 07:00:00,15.5,15.8,15.43,15.78,6323800,TCB
2024-01-09 07:00:00,15.73,15.96,15.64,15.96,6900500,TCB
2024-01-10 07:00:00,15.98,16.06,15.85,15.92,7189800,TCB
2024-01-11 07:00:00,15.87,16.01,15.64,15.8,6731000,TCB
2024-01-12 07:00:00,15.66,16.06,15.52,16.03,10186600,TCB
2024-01-15 07:00:00,16.06,16.1,15.87,15.87,3727300,TCB
2024-01-16 07:00:00,15.78,15.82,15.64,15.8,4458700,TCB
2024-01-17 07:00:00,15.8,16.03,15.73,15.75,4420000,TCB
2024-01-18 07:00:00,15.85,16.01,15.75,15.92,4108200,TCB
2024-01-19 07:00:00,16.01,16.26,15.96,16.17,7947400,TCB
2024-01-22 07:00:00,16.33,16.33,16.06,16.17,4313700,TCB
2024-01-23 07:00:00,16.42,16.66,16.38,16.4,10075300,TCB
2024-01-24 07:00:00,16.31,16.45,16.31,16.31,3141400,TCB
2024-01-25 07:00:00,16.31,16.31,16.15,16.19,4271400,TCB
2024-01-26 07:00:00,16.22,16.42,16.19,16.38,3145200,TCB
2024-01-29 07:00:00,16.4,16.49,16.29,16.31,3145300,TCB
2024-01-30 07:00:00,16.24,16.31,16.06,16.29,5207300,TCB
2024-01-31 07:00:00,16.29,16.31,15.92,15.98,5380200,TCB
2024-02-01 07:00:00,15.94,16.03,15.73,15.8,6209900,TCB
2024-02-02 07:00:00,15.73,15.94,15.73,15.8,7864700,TCB
2024-02-05 07:00:00,15.94,16.66,15.92,16.42,9600300,TCB
2024-02-06 07:00:00,16.49,16.75,16.47,16.49,4013800,TCB
2024-02-07 07:00:00,16.56,17.26,16.56,17.26,11167100,TCB
2024-02-15 07:00:00,17.35,18.02,17.33,17.77,13071500,TCB
2024-02-16 07:00:00,17.81,17.9,17.54,17.81,7217800,TCB
2024-02-19 07:00:00,17.84,18.07,17.79,18.0,9734800,TCB
2024-02-20 07:00:00,17.95,18.04,17.81,18.0,5413200,TCB
2024-02-21 07:00:00,17.93,18.21,17.86,18.04,7674900,TCB
2024-02-22 07:00:00,18.04,18.67,18.02,18.65,9645200,TCB
2024-02-23 07:00:00,18.85,19.59,18.51,18.55,16442400,TCB
2024-02-26 07:00:00,18.6,19.2,18.6,19.06,9615100,TCB
2024-02-27 07:00:00,19.16,19.41,18.97,19.41,8413100,TCB
2024-02-28 07:00:00,19.45,19.59,19.22,19.52,7524100,TCB
2024-02-29 07:00:00,19.64,19.64,19.13,19.52,9026500,TCB
2024-03-01 07:00:00,19.29,19.36,19.08,19.36,9291100,TCB
2024-03-04 07:00:00,19.32,19.52,19.13,19.36,8435000,TCB
2024-03-05 07:00:00,19.34,19.52,19.16,19.52,6316800,TCB
2024-03-06 07:00:00,19.45,20.13,19.34,19.78,11167400,TCB
2024-03-07 07:00:00,19.82,20.03,19.62,19.71,7214000,TCB
2024-03-08 07:00:00,19.64,19.71,18.97,18.97,20127300,TCB
2024-03-11 07:00:00,18.92,19.06,18.46,18.69,11182600,TCB
2024-03-12 07:00:00,18.67,19.11,18.55,19.06,8497100,TCB
2024-03-13 07:00:00,19.06,19.43,18.95,19.43,7892700,TCB
2024-03-14 07:00:00,19.48,19.48,19.08,19.16,6636800,TCB
2024-03-15 07:00:00,19.08,19.27,18.69,19.16,7540800,TCB
2024-03-18 07:00:00,19.06,19.06,18.23,18.55,11297200,TCB
2024-03-19 07:00:00,18.6,18.69,18.32,18.65,5330900,TCB
2024-03-20 07:00:00,18.69,19.64,18.53,19.57,16882000,TCB
2024-03-21 07:00:00,19.71,20.87,19.71,20.87,16923300,TCB
2024-03-22 07:00:00,21.05,21.05,20.38,20.77,10791500,TCB
2024-03-25 07:00:00,21.1,21.47,20.43,20.73,10737400,TCB
2024-03-26 07:00:00,20.73,21.38,20.59,21.26,7755900,TCB
2024-03-27 07:00:00,21.38,21.38,20.87,21.08,4640100,TCB
2024-03-28 07:00:00,22.53,22.53,22.07,22.21,30022800,TCB
2024-03-29 07:00:00,22.18,22.28,22.0,22.0,6403800,TCB
2024-04-01 07:00:00,22.0,22.07,21.68,21.95,8561000,TCB
2024-04-02 07:00:00,22.02,22.21,21.74,22.05,13559100,TCB
2024-04-03 07:00:00,21.93,22.18,21.65,21.65,8776700,TCB
2024-04-04 07:00:00,21.51,21.63,21.26,21.28,10756900,TCB
2024-04-05 07:00:00,21.05,21.24,20.89,20.91,12129600,TCB
2024-04-08 07:00:00,20.82,21.21,20.77,21.05,9964400,TCB
2024-04-09 07:00:00,21.05,21.19,20.91,21.19,5384200,TCB
2024-04-10 07:00:00,21.28,21.65,21.1,21.12,7754300,TCB
2024-04-11 07:00:00,20.84,21.12,20.8,20.87,11371200,TCB
2024-04-12 07:00:00,21.03,21.95,20.87,21.93,13456300,TCB
2024-04-15 07:00:00,21.84,21.95,20.45,20.54,13735800,TCB
2024-04-16 07:00:00,20.8,21.05,20.45,21.05,15151800,TCB
2024-04-17 07:00:00,21.05,21.1,20.66,20.75,7454000,TCB
2024-04-19 07:00:00,20.36,20.66,20.06,20.59,14444400,TCB
2024-04-22 07:00:00,20.98,21.14,20.77,20.94,6813500,TCB
2024-04-23 07:00:00,21.05,21.98,21.05,21.38,15592800,TCB
2024-04-24 07:00:00,21.65,21.77,21.47,21.74,7532200,TCB
2024-04-25 07:00:00,21.74,21.74,21.19,21.35,7161400,TCB
2024-04-26 07:00:00,21.28,21.7,21.12,21.56,5678300,TCB
2024-05-02 07:00:00,21.65,21.72,21.44,21.68,4351500,TCB
2024-05-03 07:00:00,21.98,22.58,21.93,22.3,13660600,TCB
2024-05-06 07:00:00,22.44,22.53,22.16,22.37,7906500,TCB
2024-05-07 07:00:00,22.37,22.37,22.07,22.16,9058500,TCB
2024-05-08 07:00:00,22.16,22.76,21.88,22.3,15386300,TCB
2024-05-09 07:00:00,22.49,22.62,22.12,22.42,8705600,TCB
2024-05-10 07:00:00,22.58,22.58,22.16,22.44,7679300,TCB
2024-05-13 07:00:00,22.44,22.51,22.21,22.39,6004900,TCB
2024-05-14 07:00:00,22.42,22.42,22.14,22.16,7472800,TCB
2024-05-15 07:00:00,22.16,22.28,22.09,22.25,9678900,TCB
2024-05-16 07:00:00,22.44,23.11,22.39,23.09,20864900,TCB
2024-05-17 07:00:00,23.02,23.13,22.97,23.02,6345600,TCB
2024-05-20 07:00:00,23.11,23.36,22.92,23.0,9304700,TCB
2024-05-21 07:00:00,22.95,23.0,22.45,22.52,11258500,TCB
2024-05-22 07:00:00,22.54,22.66,22.11,22.14,14666400,TCB
2024-05-23 07:00:00,22.09,22.26,21.87,22.18,7238900,TCB
2024-05-24 07:00:00,22.02,22.54,21.85,22.14,14617600,TCB
2024-05-27 07:00:00,22.14,22.23,21.94,22.18,5007700,TCB
2024-05-28 07:00:00,22.18,22.4,22.09,22.37,6014900,TCB
2024-05-29 07:00:00,22.42,22.45,22.14,22.18,6948600,TCB
2024-05-30 07:00:00,21.97,22.33,21.87,22.33,7573700,TCB
2024-05-31 07:00:00,22.33,22.42,22.09,22.42,5677200,TCB
2024-06-03 07:00:00,22.66,22.76,22.47,22.49,10681000,TCB
2024-06-04 07:00:00,22.66,22.8,22.42,22.71,9962000,TCB
2024-06-05 07:00:00,22.76,22.78,22.52,22.66,9260100,TCB
2024-06-06 07:00:00,22.68,22.9,22.52,22.9,13114900,TCB
2024-06-07 07:00:00,23.38,23.71,23.23,23.42,15463100,TCB
2024-06-10 07:00:00,23.62,23.62,23.07,23.33,8633400,TCB
2024-06-11 07:00:00,23.62,23.78,23.45,23.54,16586900,TCB
2024-06-12 07:00:00,23.54,23.62,23.38,23.57,9157900,TCB
2024-06-13 07:00:00,23.62,23.66,23.52,23.57,8424900,TCB
2024-06-14 07:00:00,23.62,23.64,23.42,23.42,9835600,TCB
2024-06-17 07:00:00,23.4,23.4,23.14,23.19,9687200,TCB
2024-06-18 07:00:00,23.19,23.42,23.0,23.28,10243100,TCB
2024-06-19 07:00:00,23.38,23.38,22.97,23.04,17027300,TCB
2024-06-20 07:00:00,23.42,24.0,23.38,23.66,34583800,TCB
2024-06-21 07:00:00,23.81,23.81,23.09,23.38,11686300,TCB
2024-06-24 07:00:00,23.38,23.38,22.52,22.85,14021100,TCB
2024-06-25 07:00:00,22.85,22.9,22.33,22.9,12070000,TCB
2024-06-26 07:00:00,22.85,22.9,22.47,22.9,7388500,TCB
2024-06-27 07:00:00,22.56,22.61,22.28,22.38,12338200,TCB
2024-06-28 07:00:00,22.38,22.42,21.47,22.28,21090100,TCB
2024-07-01 07:00:00,22.04,22.04,21.61,21.61,9012800,TCB
2024-07-02 07:00:00,21.8,22.14,21.61,21.85,9248300,TCB
2024-07-03 07:00:00,21.9,22.47,21.85,22.42,10183800,TCB
2024-07-04 07:00:00,22.42,22.47,22.23,22.42,5683100,TCB
2024-07-05 07:00:00,22.28,22.42,22.14,22.42,8377700,TCB
2024-07-08 07:00:00,22.42,22.42,22.04,22.38,6699200,TCB
2024-07-09 07:00:00,22.23,22.42,22.18,22.28,11389200,TCB
2024-07-10 07:00:00,22.33,22.38,22.04,22.09,10290600,TCB
2024-07-11 07:00:00,22.09,22.28,21.75,21.75,15419800,TCB
2024-07-12 07:00:00,21.8,21.94,21.75,21.75,5523200,TCB
2024-07-15 07:00:00,21.8,21.85,21.56,21.61,6044600,TCB
2024-07-16 07:00:00,21.61,21.8,21.52,21.66,11029900,TCB
2024-07-17 07:00:00,21.8,23.09,21.75,22.61,27351200,TCB
2024-07-18 07:00:00,22.61,22.76,22.23,22.61,11221300,TCB
2024-07-19 07:00:00,22.66,22.66,22.04,22.33,14092100,TCB
2024-07-22 07:00:00,22.23,22.71,21.94,22.56,14480100,TCB
2024-07-23 07:00:00,22.71,22.71,21.94,21.99,12471200,TCB
2024-07-24 07:00:00,21.8,22.14,21.8,21.94,10819000,TCB
2024-07-25 07:00:00,21.8,21.85,21.52,21.71,8303700,TCB
2024-07-26 07:00:00,21.66,21.8,21.56,21.71,6322500,TCB
2024-07-29 07:00:00,21.8,21.9,21.71,21.71,5198700,TCB
2024-07-30 07:00:00,21.66,21.9,21.56,21.9,6723500,TCB
2024-07-31 07:00:00,21.94,22.28,21.9,22.18,11002900,TCB
2024-08-01 07:00:00,22.14,22.18,21.52,21.94,11637400,TCB
2024-08-02 07:00:00,21.52,22.42,21.52,22.42,13700300,TCB
2024-08-05 07:00:00,21.94,21.94,21.28,21.28,16810500,TCB
2024-08-06 07:00:00,21.37,21.56,21.04,21.28,17667600,TCB
2024-08-07 07:00:00,21.37,21.37,20.75,20.8,19624800,TCB
2024-08-08 07:00:00,20.61,20.66,19.8,19.89,41051900,TCB
2024-08-09 07:00:00,20.04,20.32,20.04,20.13,14966900,TCB
2024-08-12 07:00:00,20.23,20.27,20.04,20.27,10346600,TCB
2024-08-13 07:00:00,20.23,20.23,19.94,20.04,11492700,TCB
2024-08-14 07:00:00,20.08,20.32,19.94,20.23,11836400,TCB
2024-08-15 07:00:00,20.23,20.23,19.99,20.18,9559800,TCB
2024-08-16 07:00:00,20.18,20.56,20.08,20.47,21418700,TCB
2024-08-19 07:00:00,20.56,20.94,20.42,20.9,15706900,TCB
2024-08-20 07:00:00,20.94,21.04,20.8,20.85,12413000,TCB
2024-08-21 07:00:00,20.7,21.09,20.56,20.99,20036300,TCB
2024-08-22 07:00:00,20.99,21.61,20.99,21.32,20780600,TCB
2024-08-23 07:00:00,21.32,21.47,21.18,21.37,11973100,TCB
2024-08-26 07:00:00,21.47,21.61,21.37,21.47,16940600,TCB
2024-08-27 07:00:00,21.47,21.66,21.42,21.61,15067700,TCB
2024-08-28 07:00:00,21.66,22.09,21.56,21.94,19145000,TCB
2024-08-29 07:00:00,21.94,22.18,21.94,21.94,16097600,TCB
2024-08-30 07:00:00,21.94,22.28,21.94,22.28,13276300,TCB
2024-09-04 07:00:00,21.99,22.18,21.8,21.94,13719600,TCB
2024-09-05 07:00:00,21.85,21.99,21.66,21.75,11375000,TCB
2024-09-06 07:00:00,21.75,21.9,21.61,21.75,12161700,TCB
2024-09-09 07:00:00,21.66,21.8,21.56,21.61,12271500,TCB
2024-09-10 07:00:00,21.66,21.71,21.18,21.23,14110600,TCB
2024-09-11 07:00:00,21.13,21.23,20.94,21.09,11246200,TCB
2024-09-12 07:00:00,21.28,21.37,21.13,21.28,9122600,TCB
2024-09-13 07:00:00,21.28,21.32,21.13,21.18,10103800,TCB
2024-09-16 07:00:00,21.18,21.66,21.18,21.18,11594300,TCB
2024-09-17 07:00:00,21.13,21.71,21.13,21.71,7238500,TCB
2024-09-18 07:00:00,21.71,22.04,21.66,21.94,15057800,TCB
2024-09-19 07:00:00,22.14,22.14,21.85,22.14,13432600,TCB
2024-09-20 07:00:00,22.23,22.61,22.23,22.47,30615100,TCB
2024-09-23 07:00:00,22.47,22.66,22.28,22.28,8232000,TCB
2024-09-24 07:00:00,22.23,22.52,22.23,22.47,11039500,TCB
2024-09-25 07:00:00,22.66,22.85,22.52,22.71,23428400,TCB
2024-09-26 07:00:00,22.71,23.28,22.56,23.0,26218200,TCB
2024-09-27 07:00:00,23.09,23.23,22.95,23.09,16810100,TCB
2024-09-30 07:00:00,23.04,23.23,22.85,23.09,21491800,TCB
2024-10-01 07:00:00,23.09,23.66,23.04,23.52,40736400,TCB
2024-10-02 07:00:00,23.42,24.0,23.23,23.76,28212200,TCB
2024-10-03 07:00:00,23.81,24.04,23.23,23.23,29754600,TCB
2024-10-04 07:00:00,23.23,23.33,22.95,22.95,21424400,TCB
2024-10-07 07:00:00,23.14,23.23,22.9,23.04,12843900,TCB
2024-10-08 07:00:00,23.09,23.47,23.09,23.28,16248500,TCB
2024-10-09 07:00:00,23.28,23.62,23.19,23.52,21677200,TCB
2024-10-10 07:00:00,23.76,23.85,23.42,23.42,18247800,TCB
2024-10-11 07:00:00,23.42,23.47,23.14,23.33,13916200,TCB
2024-10-14 07:00:00,23.42,23.47,23.23,23.23,11945500,TCB
2024-10-15 07:00:00,23.23,23.47,23.04,23.14,14126800,TCB
2024-10-16 07:00:00,23.09,23.19,23.0,23.09,9019700,TCB
2024-10-17 07:00:00,23.09,23.28,23.0,23.23,9422800,TCB
2024-10-18 07:00:00,23.33,23.66,23.28,23.33,15418700,TCB
2024-10-21 07:00:00,23.33,23.38,23.0,23.04,9745000,TCB
2024-10-22 07:00:00,23.09,23.28,22.9,23.09,16879300,TCB
2024-10-23 07:00:00,23.09,23.19,22.66,23.09,16761400,TCB
2024-10-24 07:00:00,23.04,23.09,22.47,22.56,14256700,TCB
2024-10-25 07:00:00,22.66,22.76,22.33,22.42,14325400,TCB
2024-10-28 07:00:00,22.42,22.61,22.38,22.56,7020100,TCB
2024-10-29 07:00:00,22.61,22.76,22.61,22.66,6285800,TCB
2024-10-30 07:00:00,22.71,22.9,22.66,22.9,11087000,TCB
2024-10-31 07:00:00,22.9,23.0,22.76,22.8,8621600,TCB
2024-11-01 07:00:00,22.76,22.9,22.61,22.61,14550800,TCB
2024-11-04 07:00:00,22.66,22.66,22.33,22.38,13930100,TCB
2024-11-05 07:00:00,22.42,22.56,22.38,22.38,9921800,TCB
2024-11-06 07:00:00,22.52,22.95,22.52,22.8,15680200,TCB
2024-11-07 07:00:00,23.04,23.04,22.76,22.76,8601500,TCB
2024-11-08 07:00:00,22.9,22.9,22.38,22.52,13097100,TCB
2024-11-11 07:00:00,22.61,22.61,21.99,22.14,15357300,TCB
2024-11-12 07:00:00,22.33,22.33,21.85,21.99,12489700,TCB
2024-11-13 07:00:00,21.94,22.09,21.66,22.09,13323900,TCB
2024-11-14 07:00:00,21.94,21.99,21.71,21.75,7429400,TCB
2024-11-15 07:00:00,21.75,21.75,21.37,21.42,14453100,TCB
2024-11-18 07:00:00,21.37,21.66,21.18,21.42,12110400,TCB
2024-11-19 07:00:00,21.52,21.52,21.18,21.37,6936100,TCB
2024-11-20 07:00:00,21.28,21.8,21.23,21.8,10247500,TCB
2024-11-21 07:00:00,21.75,22.14,21.56,22.14,11213000,TCB
2024-11-22 07:00:00,22.14,22.47,22.09,22.42,14405800,TCB
2024-11-25 07:00:00,22.42,22.52,22.33,22.42,7187600,TCB
2024-11-26 07:00:00,22.42,22.61,22.38,22.47,6757500,TCB
2024-11-27 07:00:00,22.42,22.52,22.28,22.42,6388200,TCB
2024-11-28 07:00:00,22.56,22.61,22.33,22.52,8136900,TCB
2024-11-29 07:00:00,22.42,22.52,22.28,22.52,8447400,TCB
2024-12-02 07:00:00,22.61,22.61,22.33,22.56,6569300,TCB
2024-12-03 07:00:00,22.56,22.66,22.38,22.56,8333300,TCB
2024-12-04 07:00:00,22.38,22.52,22.33,22.38,8179300,TCB
2024-12-05 07:00:00,22.38,23.09,22.28,23.09,14188900,TCB
2024-12-06 07:00:00,23.09,23.14,22.85,23.04,10921300,TCB
2024-12-09 07:00:00,23.0,23.19,22.85,23.04,7597400,TCB
2024-12-10 07:00:00,22.95,23.09,22.9,22.95,7039400,TCB
2024-12-11 07:00:00,22.95,23.19,22.9,23.04,10341200,TCB
2024-12-12 07:00:00,23.09,23.38,23.04,23.14,18543300,TCB
2024-12-13 07:00:00,23.19,23.42,23.0,23.23,11020400,TCB
2024-12-16 07:00:00,23.19,23.28,23.0,23.19,6356400,TCB
2024-12-17 07:00:00,23.28,23.28,23.04,23.09,5387400,TCB
2024-12-18 07:00:00,23.14,23.19,23.0,23.09,5786300,TCB
2024-12-19 07:00:00,22.9,22.95,22.66,22.66,15028500,TCB
2024-12-20 07:00:00,22.76,22.85,22.71,22.71,4594100,TCB
2024-12-23 07:00:00,22.9,22.95,22.71,22.8,3208600,TCB
2024-12-24 07:00:00,22.95,22.95,22.71,22.9,5175500,TCB
2024-12-25 07:00:00,22.9,23.76,22.85,23.33,18370600,TCB
2024-12-26 07:00:00,23.38,23.42,23.19,23.23,5475600,TCB
2024-12-27 07:00:00,23.38,23.76,23.33,23.47,15395600,TCB
2024-12-30 07:00:00,23.62,23.62,23.23,23.28,10145800,TCB
2024-12-31 07:00:00,23.23,23.52,23.23,23.52,9403700,TCB
2025-01-02 07:00:00,23.52,23.57,23.19,23.23,7834500,TCB
2025-01-03 07:00:00,23.23,23.23,22.52,22.52,17426900,TCB
2025-01-06 07:00:00,22.52,22.76,22.42,22.52,8132700,TCB
2025-01-07 07:00:00,22.8,22.8,22.47,22.56,7615500,TCB
2025-01-08 07:00:00,22.71,23.19,22.56,22.85,11947100,TCB
2025-01-09 07:00:00,22.95,22.95,22.66,22.85,4709000,TCB
2025-01-10 07:00:00,22.9,22.9,22.33,22.33,6232100,TCB
2025-01-13 07:00:00,22.14,22.71,22.09,22.71,7939900,TCB
2025-01-14 07:00:00,22.47,22.66,22.42,22.52,4180100,TCB
2025-01-15 07:00:00,22.71,22.8,22.56,22.61,6720200,TCB
2025-01-16 07:00:00,22.76,22.85,22.52,22.76,8074100,TCB
2025-01-17 07:00:00,22.76,23.28,22.66,23.28,10016400,TCB
2025-01-20 07:00:00,23.28,23.38,23.14,23.28,5183100,TCB
2025-01-21 07:00:00,23.28,23.38,23.04,23.09,8127000,TCB
2025-01-22 07:00:00,23.33,23.33,23.04,23.09,7455200,TCB
2025-01-23 07:00:00,23.23,23.71,23.14,23.47,21069200,TCB
2025-01-24 07:00:00,23.66,23.71,23.52,23.62,10331500,TCB
2025-02-03 07:00:00,23.38,23.57,23.14,23.14,10885100,TCB
2025-02-04 07:00:00,23.23,23.57,23.19,23.52,12471500,TCB
2025-02-05 07:00:00,23.71,23.76,23.42,23.57,9430900,TCB
2025-02-06 07:00:00,23.76,24.33,23.66,24.04,37579600,TCB
2025-02-07 07:00:00,24.28,24.62,24.04,24.57,26585000,TCB
2025-02-10 07:00:00,24.57,25.05,24.28,24.57,22152900,TCB
2025-02-11 07:00:00,24.9,24.95,24.57,24.71,15667000,TCB
2025-02-12 07:00:00,24.81,24.81,24.52,24.52,11524500,TCB
2025-02-13 07:00:00,24.43,24.81,24.38,24.76,11953600,TCB
2025-02-14 07:00:00,24.9,25.0,24.71,24.81,10239600,TCB
2025-02-17 07:00:00,24.81,24.9,24.52,24.52,10972700,TCB
2025-02-18 07:00:00,24.52,24.9,24.47,24.66,10757000,TCB
2025-02-19 07:00:00,24.76,24.95,24.62,24.9,12938100,TCB
2025-02-20 07:00:00,25.0,25.38,24.86,25.33,21179500,TCB
2025-02-21 07:00:00,25.38,25.38,25.19,25.28,8800600,TCB
2025-02-24 07:00:00,25.19,25.43,25.09,25.28,11762200,TCB
2025-02-25 07:00:00,25.38,25.57,25.14,25.19,14496400,TCB
2025-02-26 07:00:00,25.19,25.33,25.09,25.09,9946900,TCB
2025-02-27 07:00:00,25.19,25.19,24.81,25.05,12505900,TCB
2025-02-28 07:00:00,25.05,25.09,24.86,24.9,12220900,TCB
2025-03-03 07:00:00,24.95,25.09,24.86,24.9,9359400,TCB
2025-03-04 07:00:00,24.9,26.29,24.81,26.24,40196300,TCB
2025-03-05 07:00:00,26.24,26.33,26.05,26.05,13269400,TCB
2025-03-06 07:00:00,26.19,26.43,26.1,26.43,12570100,TCB
2025-03-07 07:00:00,26.43,26.62,26.19,26.48,14922200,TCB
2025-03-10 07:00:00,26.48,27.0,26.43,26.52,13907700,TCB
2025-03-11 07:00:00,26.24,26.72,26.19,26.72,15313400,TCB
2025-03-12 07:00:00,26.81,26.95,26.52,26.57,10861400,TCB
2025-03-13 07:00:00,26.52,26.52,26.0,26.05,18991700,TCB
2025-03-14 07:00:00,25.86,26.14,25.86,26.05,10662000,TCB
2025-03-17 07:00:00,26.1,26.19,25.9,26.19,11002100,TCB
2025-03-18 07:00:00,26.24,26.33,26.05,26.14,7945400,TCB
2025-03-19 07:00:00,26.05,26.1,25.9,26.0,12083700,TCB
2025-03-20 07:00:00,26.24,26.29,25.86,26.19,14430700,TCB
2025-03-21 07:00:00,26.1,26.29,26.05,26.1,7447300,TCB
2025-03-24 07:00:00,26.1,26.91,25.95,26.72,21083700,TCB
2025-03-25 07:00:00,26.81,26.91,26.57,26.62,8130100,TCB
2025-03-26 07:00:00,26.62,27.19,26.52,26.72,24089300,TCB
2025-03-27 07:00:00,26.72,26.86,26.48,26.48,7518900,TCB
2025-03-28 07:00:00,26.48,26.52,26.19,26.29,12353600,TCB
2025-03-31 07:00:00,26.14,26.24,25.95,26.24,12983300,TCB
2025-04-01 07:00:00,26.24,26.72,26.14,26.67,9054500,TCB
2025-04-02 07:00:00,26.72,26.86,26.57,26.62,6668600,TCB
2025-04-03 07:00:00,25.71,25.95,24.76,24.76,58893200,TCB
2025-04-04 07:00:00,23.04,24.57,23.04,24.52,56795800,TCB
2025-04-08 07:00:00,23.85,23.85,22.85,22.85,33465800,TCB
2025-04-09 07:00:00,21.28,23.76,21.28,22.52,40792200,TCB
2025-04-10 07:00:00,24.09,24.09,24.09,24.09,1241800,TCB
2025-04-11 07:00:00,25.28,25.38,24.43,25.38,47940500,TCB
2025-04-14 07:00:00,25.38,25.48,24.9,25.33,19905300,TCB
2025-04-15 07:00:00,24.86,25.14,24.62,24.81,21183400,TCB
2025-04-16 07:00:00,24.95,25.24,24.57,24.62,18147100,TCB
2025-04-17 07:00:00,24.43,24.81,24.38,24.81,14259300,TCB
2025-04-18 07:00:00,25.28,25.28,24.81,24.81,16887000,TCB
2025-04-21 07:00:00,24.81,25.09,24.43,24.57,12192200,TCB
2025-04-22 07:00:00,24.09,24.47,22.85,24.0,29523500,TCB
2025-04-23 07:00:00,24.57,25.09,24.0,24.9,18232600,TCB
2025-04-24 07:00:00,24.81,24.9,24.52,24.57,8915900,TCB
2025-04-25 07:00:00,24.76,24.86,24.24,24.76,19491800,TCB
2025-04-28 07:00:00,24.81,24.9,24.62,24.81,11163200,TCB
2025-04-29 07:00:00,24.81,25.38,24.81,25.09,18134300,TCB
2025-05-05 07:00:00,25.43,25.43,24.95,25.28,9048300,TCB
2025-05-06 07:00:00,25.28,25.95,25.19,25.62,24407100,TCB
2025-05-07 07:00:00,25.62,25.86,25.38,25.76,13694100,TCB
2025-05-08 07:00:00,25.76,26.19,25.62,26.14,18382100,TCB
2025-05-09 07:00:00,26.05,26.72,26.0,26.33,18296500,TCB
2025-05-12 07:00:00,26.38,28.1,26.33,28.05,46701100,TCB
2025-05-13 07:00:00,28.15,28.34,27.81,28.05,13206500,TCB
2025-05-14 07:00:00,28.0,29.1,27.96,28.48,19728500,TCB
2025-05-15 07:00:00,28.53,28.82,28.2,28.53,17783500,TCB
2025-05-16 07:00:00,28.53,28.53,27.91,28.1,20031000,TCB
2025-05-19 07:00:00,27.86,28.58,27.76,28.15,20464800,TCB
2025-05-20 07:00:00,28.15,29.67,28.15,29.53,38192300,TCB
2025-05-21 07:00:00,29.58,29.96,29.29,29.48,19486900,TCB
2025-05-22 07:00:00,29.24,29.77,28.91,29.1,28001500,TCB
2025-05-23 07:00:00,29.15,29.2,28.43,28.77,17854600,TCB
2025-05-26 07:00:00,28.77,28.96,28.15,28.96,20226200,TCB
2025-05-27 07:00:00,29.2,29.82,28.96,29.2,23572600,TCB
2025-05-28 07:00:00,29.29,29.39,28.86,29.1,18570300,TCB
2025-05-29 07:00:00,29.1,29.39,28.91,29.39,14712100,TCB
2025-05-30 07:00:00,29.39,29.39,29.05,29.05,9979500,TCB
2025-06-02 07:00:00,29.01,29.53,28.82,29.44,13955600,TCB
2025-06-03 07:00:00,29.48,30.44,29.48,30.15,23860200,TCB
2025-06-04 07:00:00,30.25,30.25,29.77,29.91,15682100,TCB
2025-06-05 07:00:00,29.91,30.15,29.63,29.67,15787800,TCB
2025-06-06 07:00:00,29.58,29.58,28.91,28.91,28354600,TCB
2025-06-09 07:00:00,28.91,29.05,28.39,28.39,20750500,TCB
2025-06-10 07:00:00,28.58,29.1,28.48,28.67,15103700,TCB
2025-06-11 07:00:00,28.96,28.96,28.58,28.72,6090700,TCB
2025-06-12 07:00:00,28.96,29.72,28.86,29.53,24550800,TCB
2025-06-13 07:00:00,29.29,30.06,29.1,29.77,27415200,TCB
2025-06-16 07:00:00,29.58,30.87,29.53,30.82,23148300,TCB
2025-06-17 07:00:00,31.06,31.1,30.58,30.91,17962300,TCB
2025-06-18 07:00:00,30.91,31.82,30.72,31.3,17756300,TCB
2025-06-19 07:00:00,31.3,32.44,31.3,32.44,23284100,TCB
2025-06-20 07:00:00,32.63,33.25,32.34,32.44,17106000,TCB
2025-06-23 07:00:00,32.06,32.44,31.87,32.25,18895500,TCB
2025-06-24 07:00:00,32.49,33.16,32.15,32.44,25166100,TCB
2025-06-25 07:00:00,32.58,32.68,32.25,32.25,13115100,TCB
2025-06-26 07:00:00,32.44,32.87,32.25,32.49,12610700,TCB
2025-06-27 07:00:00,32.54,32.68,32.3,32.39,9837600,TCB
2025-06-30 07:00:00,32.54,33.11,32.44,32.63,13910000,TCB
2025-07-01 07:00:00,32.63,32.97,32.49,32.82,12545400,TCB
2025-07-02 07:00:00,32.92,33.49,32.87,33.4,16948700,TCB
2025-07-03 07:00:00,33.54,33.68,33.2,33.25,22273300,TCB
2025-07-04 07:00:00,33.25,33.4,33.06,33.35,12159000,TCB
2025-07-07 07:00:00,33.59,33.82,33.49,33.68,12244900,TCB
2025-07-08 07:00:00,33.68,33.92,33.49,33.68,12974100,TCB
2025-07-09 07:00:00,33.82,33.97,33.11,33.3,31885200,TCB
2025-07-10 07:00:00,33.3,33.4,33.06,33.2,14459300,TCB
2025-07-11 07:00:00,33.2,33.87,33.2,33.35,18592100,TCB
2025-07-14 07:00:00,33.35,33.49,32.73,33.49,18132100,TCB
2025-07-15 07:00:00,33.54,34.11,33.2,33.2,18005600,TCB
2025-07-16 07:00:00,33.2,33.82,33.01,33.63,15009100,TCB
2025-07-17 07:00:00,33.78,33.97,33.49,33.54,16136500,TCB
2025-07-18 07:00:00,33.54,34.83,33.44,34.59,36570000,TCB
2025-07-21 07:00:00,34.64,34.83,33.73,33.82,23119500,TCB
2025-07-22 07:00:00,33.54,33.82,33.3,33.73,26975100,TCB
2025-07-23 07:00:00,33.78,33.82,33.3,33.4,27862300,TCB
2025-07-24 07:00:00,33.44,33.97,33.35,33.44,19279700,TCB
2025-07-25 07:00:00,33.49,33.59,33.35,33.59,18898200,TCB
2025-07-28 07:00:00,33.63,34.21,33.59,33.97,30577800,TCB
2025-07-29 07:00:00,34.11,34.11,32.34,32.34,45002200,TCB
2025-07-30 07:00:00,32.58,33.01,32.15,32.92,30546900,TCB
2025-07-31 07:00:00,33.01,33.4,32.25,32.44,26760600,TCB
2025-08-01 07:00:00,32.58,33.11,32.49,32.54,20619700,TCB
2025-08-04 07:00:00,32.54,33.73,32.44,33.73,23096800,TCB
2025-08-05 07:00:00,34.16,36.07,34.16,35.3,92362100,TCB
2025-08-06 07:00:00,36.26,37.21,35.49,36.45,30371700,TCB
2025-08-07 07:00:00,36.73,37.12,36.07,36.64,30075200,TCB
2025-08-08 07:00:00,36.97,36.97,35.68,36.11,31007000,TCB
2025-08-11 07:00:00,36.21,36.69,35.88,36.02,24602200,TCB
2025-08-12 07:00:00,36.07,36.26,35.49,35.97,22622400,TCB
2025-08-13 07:00:00,36.07,36.26,35.21,35.78,27538600,TCB
2025-08-14 07:00:00,36.02,37.4,36.02,36.64,38004200,TCB
2025-08-15 07:00:00,37.12,37.16,35.88,35.88,31153200,TCB
2025-08-18 07:00:00,36.45,36.88,35.92,36.21,21688500,TCB
2025-08-19 07:00:00,36.5,37.64,36.35,37.4,37483600,TCB
2025-08-20 07:00:00,38.6,39.02,37.12,38.64,52927800,TCB
2025-08-21 07:00:00,39.41,40.55,39.12,39.64,37569600,TCB
2025-08-22 07:00:00,38.64,39.22,36.88,37.21,53106000,TCB
2025-08-25 07:00:00,37.74,37.83,35.59,35.83,39313700,TCB
2025-08-26 07:00:00,36.26,37.59,35.26,37.54,29545200,TCB
2025-08-27 07:00:00,37.69,38.83,37.12,37.16,25051600,TCB
2025-08-28 07:00:00,37.78,37.78,37.02,37.78,18621100,TCB
2025-08-29 07:00:00,38.26,38.4,37.78,37.78,23178500,TCB
2025-09-03 07:00:00,38.21,38.26,37.64,37.78,13486800,TCB
2025-09-04 07:00:00,37.78,38.12,37.59,37.78,16817900,TCB
2025-09-05 07:00:00,38.12,39.07,37.69,37.69,35382100,TCB
2025-09-08 07:00:00,37.69,37.78,36.26,36.26,31844700,TCB
2025-09-09 07:00:00,36.78,36.88,36.11,36.73,27379900,TCB
2025-09-10 07:00:00,37.45,37.98,36.83,37.21,25909000,TCB
2025-09-11 07:00:00,37.12,37.21,35.97,36.92,20441400,TCB
2025-09-12 07:00:00,37.26,37.31,36.73,36.83,18385600,TCB
2025-09-15 07:00:00,36.78,37.21,36.78,37.21,16479300,TCB
2025-09-16 07:00:00,37.83,38.26,37.45,37.54,30137900,TCB
2025-09-17 07:00:00,37.54,37.64,36.73,36.92,15622100,TCB
2025-09-18 07:00:00,36.92,37.02,36.45,37.02,13628900,TCB
2025-09-19 07:00:00,37.02,37.02,36.35,36.64,10813500,TCB
2025-09-22 07:00:00,36.54,36.64,35.59,35.78,21457800,TCB
2025-09-23 07:00:00,35.83,36.26,35.78,35.78,8090400,TCB
2025-09-24 07:00:00,35.78,37.02,35.45,37.02,14155200,TCB
2025-09-25 07:00:00,37.02,37.16,36.78,37.12,11877200,TCB
2025-09-26 07:00:00,37.12,37.16,36.64,36.92,11437300,TCB
2025-09-29 07:00:00,36.83,37.02,36.64,36.97,10121500,TCB
2025-09-30 07:00:00,37.27,37.27,36.73,37.07,11108100,TCB
2025-10-01 07:00:00,37.07,37.8,37.02,37.76,13225600,TCB
2025-10-02 07:00:00,38.05,38.39,37.61,38.05,16259200,TCB
2025-10-03 07:00:00,37.76,37.85,37.27,37.56,11272100,TCB
2025-10-06 07:00:00,38.15,38.59,37.71,38.59,23149900,TCB
2025-10-07 07:00:00,39.18,39.18,38.15,38.2,11813100,TCB
2025-10-08 07:00:00,38.44,38.59,37.66,37.8,20604100,TCB
2025-10-09 07:00:00,37.8,38.3,37.76,38.15,18770600,TCB
2025-10-10 07:00:00,38.3,39.08,38.2,38.54,20313000,TCB
2025-10-13 07:00:00,38.49,40.65,38.44,40.45,43313300,TCB
2025-10-14 07:00:00,40.89,41.14,39.72,39.96,25929200,TCB
2025-10-15 07:00:00,40.16,40.5,39.72,39.96,13321200,TCB
2025-10-16 07:00:00,40.35,40.4,39.96,40.4,20239100,TCB
2025-10-17 07:00:00,40.79,40.79,39.62,39.81,18690000,TCB
2025-10-20 07:00:00,39.81,39.81,37.07,37.07,30048800,TCB
2025-10-21 07:00:00,37.32,37.66,35.75,36.88,28577600,TCB
2025-10-22 07:00:00,37.32,37.36,35.65,37.22,15701400,TCB
2025-10-23 07:00:00,37.27,37.27,36.04,36.48,15619200,TCB
2025-10-24 07:00:00,36.24,36.24,35.31,35.36,23396700,TCB
2025-10-27 07:00:00,35.55,35.75,34.33,34.33,15906600,TCB
2025-10-28 07:00:00,34.33,35.65,33.3,35.26,26134800,TCB
2025-10-29 07:00:00,35.16,36.14,34.92,35.65,13116300,TCB
2025-10-30 07:00:00,35.75,35.85,34.87,34.97,10507900,TCB
2025-10-31 07:00:00,34.97,35.46,34.38,34.38,12256900,TCB
2025-11-03 07:00:00,34.38,34.77,32.91,32.91,16737200,TCB
2025-11-04 07:00:00,32.91,34.48,32.76,34.28,16062100,TCB
2025-11-05 07:00:00,34.18,34.18,33.35,33.4,11242500,TCB
2025-11-06 07:00:00,33.45,33.79,32.81,32.91,13684100,TCB
2025-11-07 07:00:00,32.91,33.25,32.32,32.32,16083600,TCB
2025-11-10 07:00:00,32.61,32.91,32.27,32.71,8793300,TCB
2025-11-11 07:00:00,32.76,33.3,32.66,32.96,11239700,TCB
2025-11-12 07:00:00,33.01,34.28,32.91,34.28,12025800,TCB
2025-11-13 07:00:00,33.94,34.77,33.89,34.38,12530800,TCB
2025-11-14 07:00:00,34.08,34.62,33.99,34.38,5603100,TCB
2025-11-17 07:00:00,34.38,34.52,33.99,34.43,9499500,TCB
2025-11-18 07:00:00,34.48,34.62,34.23,34.62,8594800,TCB
2025-11-19 07:00:00,34.67,34.67,34.03,34.08,6830700,TCB
2025-11-20 07:00:00,34.13,34.28,33.89,33.89,6941100,TCB
2025-11-21 07:00:00,33.79,33.79,32.81,33.54,8560200,TCB
2025-11-24 07:00:00,33.59,33.69,33.2,33.25,8275900,TCB
2025-11-25 07:00:00,33.3,33.3,32.76,32.76,9145600,TCB
2025-11-26 07:00:00,32.91,33.2,32.81,33.15,7859900,TCB
2025-11-27 07:00:00,33.25,33.5,33.01,33.06,8857300,TCB
2025-11-28 07:00:00,33.06,33.2,32.61,33.06,8390800,TCB
2025-12-01 07:00:00,33.01,33.01,32.52,32.52,7034700,TCB
2025-12-02 07:00:00,32.52,33.59,32.47,33.5,14025300,TCB
2025-12-03 07:00:00,33.54,34.28,33.54,34.18,16220500,TCB
2025-12-04 07:00:00,34.28,34.77,34.08,34.67,12020600,TCB
2025-12-05 07:00:00,34.77,34.77,33.99,33.99,7316700,TCB
2025-12-08 07:00:00,33.94,34.08,33.45,33.5,6283600,TCB
2025-12-09 07:00:00,33.5,33.5,32.81,33.1,10774500,TCB
2025-12-10 07:00:00,33.06,33.45,33.01,33.01,5381400,TCB
2025-12-11 07:00:00,33.06,33.3,32.71,32.71,6610500,TCB
2025-12-12 07:00:00,32.76,32.91,31.34,31.34,19124300,TCB
2025-12-15 07:00:00,31.34,31.64,30.85,31.34,10487300,TCB
2025-12-16 07:00:00,31.34,32.42,29.87,32.32,14017600,TCB
2025-12-17 07:00:00,32.32,32.47,31.88,31.93,6749600,TCB
2025-12-18 07:00:00,32.12,32.42,31.83,32.32,9090400,TCB
2025-12-19 07:00:00,32.52,32.96,32.42,32.91,9184900,TCB
2025-12-22 07:00:00,33.15,34.48,33.06,34.48,16562200,TCB
2025-12-23 07:00:00,34.57,34.62,34.03,34.08,12785000,TCB
2025-12-24 07:00:00,33.99,34.48,33.59,34.23,10571000,TCB
2025-12-25 07:00:00,34.23,35.06,33.3,33.3,10946100,TCB
2025-12-26 07:00:00,32.81,33.64,32.37,33.2,12160300,TCB
2025-12-29 07:00:00,33.25,33.74,33.1,33.35,6596700,TCB
2025-12-30 07:00:00,33.5,33.69,33.06,33.64,7265300,TCB
2025-12-31 07:00:00,34.08,34.18,33.54,34.18,9454000,TCB
2026-01-05 07:00:00,33.94,34.23,33.1,34.23,8187500,TCB
2026-01-06 07:00:00,34.23,35.26,33.5,35.26,25180300,TCB
2026-01-07 07:00:00,35.5,35.75,35.21,35.65,13319400,TCB
2026-01-08 07:00:00,35.75,35.9,34.77,35.26,21044200,TCB
2026-01-09 07:00:00,36.29,36.38,35.46,35.9,28290500,TCB
2026-01-12 07:00:00,35.94,37.22,35.7,37.22,23390400,TCB
2026-01-13 07:00:00,37.32,37.41,36.38,36.58,20065400,TCB
2026-01-14 07:00:00,36.43,36.53,35.26,35.75,24159300,TCB
2026-01-15 07:00:00,35.26,35.85,34.57,34.87,27274000,TCB
2026-01-16 07:00:00,34.92,35.6,34.87,35.06,9580800,TCB
2026-01-19 07:00:00,35.16,35.7,35.06,35.55,9996300,TCB
2026-01-20 07:00:00,35.6,35.85,34.92,35.21,15678200,TCB
2026-01-21 07:00:00,35.06,35.16,34.28,35.06,11159500,TCB
2026-01-22 07:00:00,35.11,35.5,34.92,35.26,8784900,TCB
2026-01-23 07:00:00,35.46,36.14,35.21,35.75,20704300,TCB
2026-01-26 07:00:00,35.94,35.94,34.92,34.92,9416700,TCB
2026-01-27 07:00:00,34.77,35.06,34.03,34.23,12126400,TCB
2026-01-28 07:00:00,34.28,34.57,33.64,33.79,11482000,TCB
2026-01-29 07:00:00,33.94,34.28,33.45,34.18,8593000,TCB
2026-01-30 07:00:00,34.13,35.16,34.08,35.16,11603200,TCB
2026-02-02 07:00:00,34.57,35.01,34.03,34.28,9657500,TCB
2026-02-03 07:00:00,34.87,34.87,33.99,33.99,14012600,TCB
2026-02-04 07:00:00,33.99,34.18,33.64,33.84,11708700,TCB
2026-02-05 07:00:00,34.23,34.38,34.03,34.13,10700200,TCB
2026-02-06 07:00:00,33.79,33.89,33.4,33.89,12492400,TCB
2026-02-09 07:00:00,34.28,34.28,33.79,34.03,7754700,TCB
2026-02-10 07:00:00,34.08,34.28,33.74,33.89,9951100,TCB
2026-02-11 07:00:00,33.99,34.62,33.89,34.57,11045000,TCB
2026-02-12 07:00:00,34.67,35.01,34.48,34.72,7542700,TCB
2026-02-13 07:00:00,34.48,34.77,34.48,34.72,6059700,TCB
2026-02-23 07:00:00,34.77,35.16,34.72,35.11,9141000,TCB
2026-02-24 07:00:00,35.11,35.16,35.01,35.06,10872100,TCB
2026-02-25 07:00:00,35.06,35.7,34.97,35.26,12384800,TCB
2026-02-26 07:00:00,35.36,35.7,35.26,35.7,9305800,TCB
2026-02-27 07:00:00,35.31,35.65,35.11,35.5,7958700,TCB
2026-03-02 07:00:00,35.06,35.06,33.94,33.94,17516400,TCB
2026-03-03 07:00:00,33.94,34.23,32.91,32.91,17273500,TCB
2026-03-04 07:00:00,32.81,33.01,31.14,31.83,30866600,TCB
2026-03-05 07:00:00,32.32,32.42,31.54,31.54,15754300,TCB
2026-03-06 07:00:00,31.44,31.44,30.7,30.8,14743000,TCB
2026-03-09 07:00:00,28.65,29.19,28.65,28.65,33386400,TCB
2026-03-10 07:00:00,30.17,30.17,29.14,29.68,18772700,TCB
2026-03-11 07:00:00,29.43,30.7,29.33,30.46,12998900,TCB
2026-03-12 07:00:00,29.92,30.36,29.28,29.38,18068400,TCB
2026-03-13 07:00:00,29.38,29.68,29.04,29.38,9833600,TCB
2026-03-16 07:00:00,29.38,29.82,29.38,29.58,8138100,TCB
2026-03-17 07:00:00,29.63,30.26,29.48,29.68,13156600,TCB
2026-03-18 07:00:00,29.87,30.17,29.53,29.68,6834600,TCB
2026-03-19 07:00:00,29.53,29.68,29.28,29.43,16386600,TCB
2026-03-20 07:00:00,29.38,29.48,29.24,29.24,7919000,TCB
2026-03-23 07:00:00,28.89,28.94,28.3,28.3,15397100,TCB
2026-03-24 07:00:00,28.7,29.24,28.55,29.24,9251700,TCB
2026-03-25 07:00:00,29.68,30.26,29.43,30.17,10014500,TCB
2026-03-26 07:00:00,30.07,30.07,29.53,29.53,7432100,TCB
2026-03-27 07:00:00,29.53,30.07,29.43,30.02,7624800,TCB
2026-03-30 07:00:00,29.43,29.87,29.14,29.87,6340300,TCB
2026-03-31 07:00:00,29.87,30.12,29.77,30.07,8861500,TCB
2026-04-01 07:00:00,30.7,30.7,30.17,30.17,8787500,TCB
2026-04-02 07:00:00,29.87,29.92,29.48,29.72,7864700,TCB
2026-04-03 07:00:00,29.77,29.87,29.14,29.14,8900100,TCB
2026-04-06 07:00:00,29.09,29.09,28.4,28.45,12541800,TCB
2026-04-07 07:00:00,28.65,28.7,27.77,28.11,15385300,TCB
2026-04-08 07:00:00,29.14,30.07,28.89,30.07,18128900,TCB
2026-04-09 07:00:00,30.31,30.95,29.97,30.26,20809500,TCB
2026-04-10 07:00:00,30.41,31.98,30.41,31.59,30690500,TCB
2026-04-13 07:00:00,30.85,31.49,30.85,31.24,10921700,TCB
2026-04-14 07:00:00,31.73,31.88,31.19,31.39,9838400,TCB
2026-04-15 07:00:00,31.73,31.88,31.19,31.19,12297700,TCB
2026-04-16 07:00:00,31.19,31.44,31.14,31.24,8572900,TCB
2026-04-17 07:00:00,31.49,31.78,31.34,31.59,12197000,TCB
2026-04-20 07:00:00,31.73,32.22,31.68,31.93,12615300,TCB
2026-04-21 07:00:00,31.98,32.17,31.83,32.03,10355500,TCB
2026-04-22 07:00:00,32.42,32.81,32.22,32.32,15089100,TCB
2026-04-23 07:00:00,32.32,33.01,32.22,32.61,12864900,TCB
2026-04-24 07:00:00,32.71,33.59,32.61,33.54,24933500,TCB
2026-04-28 07:00:00,34.28,34.28,33.79,33.89,16775400,TCB
2026-04-29 07:00:00,33.79,33.89,32.81,33.15,16456400,TCB
2026-05-04 07:00:00,33.1,33.25,32.61,32.86,11611400,TCB
2026-05-05 07:00:00,32.76,32.76,32.03,32.61,10590600,TCB
2026-05-06 07:00:00,32.76,33.2,32.52,33.2,7863100,TCB
2026-05-07 07:00:00,33.35,33.5,33.01,33.01,9746800,TCB
2026-05-08 07:00:00,32.96,33.25,32.86,33.15,10525100,TCB
2026-05-11 07:00:00,33.25,33.25,33.06,33.1,10445400,TCB
2026-05-12 07:00:00,33.1,33.15,32.96,33.1,9674900,TCB
2026-05-13 07:00:00,33.2,33.2,32.86,32.91,11500800,TCB
2026-05-14 07:00:00,32.91,33.3,32.91,33.3,10236700,TCB
2026-05-15 07:00:00,33.64,34.08,33.25,33.35,22577300,TCB
2026-05-18 07:00:00,33.3,33.5,33.06,33.3,12191600,TCB
2026-05-19 07:00:00,33.5,33.6,32.6,32.6,15755800,TCB
2026-05-20 07:00:00,32.2,32.45,31.05,32.45,19950800,TCB
2026-05-21 07:00:00,32.5,32.6,32.2,32.25,9017000,TCB
2026-05-22 07:00:00,32.4,32.4,31.65,32.2,7157000,TCB
2026-05-25 07:00:00,32.05,32.8,32.05,32.55,6800800,TCB
2026-05-26 07:00:00,32.5,33.0,32.45,32.9,5439700,TCB
2026-05-27 07:00:00,33.1,33.7,32.9,33.65,16305800,TCB
2026-05-28 07:00:00,33.6,33.6,32.6,32.6,8065900,TCB
2026-05-29 07:00:00,32.65,33.05,32.65,32.75,6878700,TCB
2026-06-01 07:00:00,32.85,32.95,32.35,32.35,5957400,TCB
2026-06-02 07:00:00,32.35,32.4,31.9,31.9,8472100,TCB
2026-06-03 07:00:00,31.9,32.0,31.45,31.55,11052800,TCB
2026-06-04 07:00:00,31.65,31.9,31.45,31.45,6761500,TCB
2026-06-05 07:00:00,31.5,32.0,31.5,31.7,5839000,TCB
2026-06-08 07:00:00,31.5,31.6,30.85,30.85,9610500,TCB
2026-06-09 07:00:00,30.9,31.2,30.8,30.9,9572400,TCB
2026-06-10 07:00:00,31.05,31.25,30.9,30.95,4691800,TCB
2026-06-11 07:00:00,30.95,31.05,30.8,30.85,6590700,TCB
2026-06-12 07:00:00,31.3,31.45,31.05,31.25,10931200,TCB
2026-06-15 07:00:00,31.7,31.95,31.25,31.7,10553500,TCB
2026-06-16 07:00:00,31.8,31.9,31.55,31.75,7120000,TCB
2026-06-17 07:00:00,31.75,31.8,31.35,31.45,16629400,TCB
2026-06-18 07:00:00,31.45,31.5,31.15,31.2,8917000,TCB
2026-06-19 07:00:00,31.25,31.3,30.9,30.95,10874100,TCB
2026-06-22 07:00:00,31.15,31.15,30.9,30.9,5678600,TCB
2026-06-23 07:00:00,31.0,33.05,31.0,32.05,28233400,TCB
2026-06-24 07:00:00,32.5,32.95,32.0,32.5,17964000,TCB
2026-06-25 07:00:00,32.7,33.5,32.45,33.4,20973800,TCB
2026-06-26 07:00:00,33.4,33.45,32.9,33.4,10271000,TCB
2026-06-29 07:00:00,33.3,33.9,33.25,33.8,14115800,TCB
2026-06-30 07:00:00,33.85,33.85,33.45,33.5,9363600,TCB
2026-07-01 07:00:00,33.55,34.5,33.5,34.3,14899400,TCB
2026-07-02 07:00:00,34.35,34.6,33.8,33.85,12377100,TCB
2026-07-03 07:00:00,33.95,33.95,33.2,33.6,15380400,TCB
2026-07-06 07:00:00,33.6,33.95,33.2,33.75,10686300,TCB
2026-07-07 07:00:00,33.75,33.85,33.35,33.85,7544400,TCB
2026-07-08 07:00:00,33.85,34.2,33.75,33.75,12585200,TCB
2026-07-09 07:00:00,33.55,33.65,33.15,33.15,11473700,TCB
2026-07-10 07:00:00,33.15,33.2,32.3,32.4,16294000,TCB
2026-07-13 07:00:00,32.25,32.35,31.5,32.35,19906700,TCB
2026-07-14 07:00:00,32.15,32.3,31.75,32.2,11243700,TCB
2026-07-15 07:00:00,32.05,32.2,31.5,31.5,8134600,TCB
2026-07-16 07:00:00,31.3,31.9,30.75,31.9,14633400,TCB
2026-07-17 07:00:00,31.9,31.9,31.45,31.45,7054000,TCB
2026-07-20 07:00:00,31.4,31.4,29.95,29.95,14287800,TCB
2026-07-21 07:00:00,30.0,30.2,29.6,29.8,10138100,TCB
2026-07-22 07:00:00,29.9,30.3,29.0,29.0,19146900,TCB
2026-07-23 07:00:00,29.05,29.95,28.35,29.25,16985100,TCB
2026-07-24 07:00:00,28.9,29.2,28.5,28.6,10695100,TCB
2026-07-27 07:00:00,28.7,29.05,28.25,28.25,10295400,TCB
2026-07-28 07:00:00,28.15,28.6,27.8,28.5,10441600,TCB
2026-07-29 07:00:00,28.15,28.55,28.15,28.4,8541800,TCB
2026-07-30 07:00:00,28.6,29.75,28.4,29.3,19699200,TCB
2026-07-31 07:00:00,29.55,29.55,28.95,28.95,11594700,TCB
2026-08-03 07:00:00,29.15,30.3,29.15,29.95,13434400,TCB
2026-08-04 07:00:00,29.9,29.95,29.55,29.65,9310400,TCB
2026-08-05 07:00:00,29.9,30.05,29.55,29.65,12029900,TCB
2026-08-06 07:00:00,29.7,29.75,29.2,29.2,11006100,TCB
2026-08-07 07:00:00,29.15,29.7,28.9,29.7,22690400,TCB
2026-08-10 07:00:00,29.7,31.35,29.5,31.35,34812900,TCB
2026-08-11 07:00:00,31.15,31.55,30.7,31.0,18021000,TCB
2026-08-12 07:00:00,31.0,31.5,30.9,31.5,15306400,TCB
2026-08-13 07:00:00,31.5,32.1,31.3,31.7,33919400,TCB
2026-08-14 07:00:00,31.7,32.15,31.45,32.0,15485400,TCB
2026-08-17 07:00:00,31.85,32.05,31.6,31.8,10961200,TCB
2026-08-18 07:00:00,31.85,31.85,30.6,30.85,14744200,TCB
2026-08-19 07:00:00,30.65,31.1,30.65,31.0,8372700,TCB
2026-08-20 07:00:00,31.2,31.3,30.85,31.0,6415500,TCB
2026-08-21 07:00:00,30.8,31.7,30.75,31.65,9772000,TCB
2026-08-24 07:00:00,31.65,31.9,31.45,31.45,10086100,TCB
2026-08-25 07:00:00,31.45,31.9,31.2,31.3,14732000,TCB
2026-08-26 07:00:00,31.25,33.45,31.0,33.45,39167000,TCB
2026-08-27 07:00:00,33.5,35.2,33.45,34.1,32608700,TCB
2026-08-28 07:00:00,33.35,33.65,32.7,33.4,27675200,TCB
2026-09-03 07:00:00,33.1,33.1,32.1,32.1,25003600,TCB
2026-09-04 07:00:00,32.2,32.8,32.0,32.6,12024400,TCB
2026-09-07 07:00:00,32.6,32.65,31.9,31.9,11450100,TCB
2026-09-08 07:00:00,31.9,32.25,31.85,31.95,7754000,TCB
2026-09-09 07:00:00,32.0,32.7,32.0,32.4,10974600,TCB
2026-09-10 07:00:00,32.2,32.5,32.15,32.4,5852200,TCB
2026-09-11 07:00:00,32.2,32.3,31.6,31.6,15192300,TCB
2026-09-14 07:00:00,31.45,32.2,31.4,31.85,11777000,TCB
2026-09-15 07:00:00,31.85,32.4,31.85,32.2,9080700,TCB
2026-09-16 07:00:00,32.4,32.45,31.9,32.45,9514400,TCB
2026-09-17 07:00:00,32.2,32.7,32.2,32.65,12488900,TCB
2026-09-18 07:00:00,32.8,33.0,31.6,31.6,15676600,TCB
2026-09-21 07:00:00,32.0,32.25,31.6,32.25,14620400,TCB
2026-09-22 07:00:00,32.2,32.7,32.05,32.3,11125400,TCB
2026-09-23 07:00:00,32.25,33.0,32.2,32.75,5538400,TCB
