time,open,high,low,close,volume,ticker
2019-01-02 07:00:00,7.96,7.96,7.65,7.65,19980,VCI
2019-01-03 07:00:00,7.89,7.89,7.12,7.55,26050,VCI
2019-01-04 07:00:00,7.12,7.46,7.06,7.29,73200,VCI
2019-01-07 07:00:00,7.31,7.31,7.06,7.06,39200,VCI
2019-01-08 07:00:00,7.14,7.14,6.6,6.63,225860,VCI
2019-01-09 07:00:00,6.63,6.77,6.61,6.61,161560,VCI
2019-01-10 07:00:00,6.61,6.63,6.48,6.5,128720,VCI
2019-01-11 07:00:00,6.63,6.66,6.55,6.56,75450,VCI
2019-01-14 07:00:00,6.48,6.61,6.48,6.49,34350,VCI
2019-01-15 07:00:00,6.49,6.72,6.49,6.72,66220,VCI
2019-01-16 07:00:00,6.78,6.78,6.7,6.75,22900,VCI
2019-01-17 07:00:00,6.75,6.77,6.7,6.7,6370,VCI
2019-01-18 07:00:00,6.7,6.73,6.6,6.63,58980,VCI
2019-01-21 07:00:00,6.5,6.72,6.5,6.61,14310,VCI
2019-01-22 07:00:00,6.63,6.75,6.6,6.7,49000,VCI
2019-01-23 07:00:00,6.63,6.7,6.63,6.68,54620,VCI
2019-01-24 07:00:00,6.68,6.72,6.63,6.72,13280,VCI
2019-01-25 07:00:00,6.77,6.77,6.61,6.61,66850,VCI
2019-01-28 07:00:00,6.68,6.68,6.32,6.33,382320,VCI
2019-01-29 07:00:00,6.34,6.44,6.28,6.44,51240,VCI
2019-01-30 07:00:00,6.44,6.44,6.4,6.4,55180,VCI
2019-01-31 07:00:00,6.37,6.4,6.25,6.25,86300,VCI
2019-02-01 07:00:00,6.28,6.28,6.02,6.02,184390,VCI
2019-02-11 07:00:00,6.02,6.14,6.02,6.13,172080,VCI
2019-02-12 07:00:00,6.21,6.51,6.16,6.38,287340,VCI
2019-02-13 07:00:00,6.38,6.73,6.38,6.63,243360,VCI
2019-02-14 07:00:00,6.63,6.66,6.56,6.63,151260,VCI
2019-02-15 07:00:00,6.58,6.58,6.41,6.47,201720,VCI
2019-02-18 07:00:00,6.46,6.68,6.44,6.6,150800,VCI
2019-02-19 07:00:00,6.58,6.7,6.58,6.62,183760,VCI
2019-02-20 07:00:00,6.66,6.82,6.63,6.78,206060,VCI
2019-02-21 07:00:00,6.81,6.84,6.7,6.81,261420,VCI
2019-02-22 07:00:00,6.78,6.99,6.73,6.92,125750,VCI
2019-02-25 07:00:00,6.92,7.18,6.92,7.17,595820,VCI
2019-02-26 07:00:00,7.25,7.28,7.11,7.22,311650,VCI
2019-02-27 07:00:00,7.22,7.37,7.18,7.37,128650,VCI
2019-02-28 07:00:00,7.27,7.62,7.23,7.62,378330,VCI
2019-03-01 07:00:00,7.62,7.67,7.44,7.62,56990,VCI
2019-03-04 07:00:00,7.62,7.63,7.53,7.53,217040,VCI
2019-03-05 07:00:00,7.53,7.62,7.5,7.5,105270,VCI
2019-03-06 07:00:00,7.41,7.5,7.41,7.46,147870,VCI
2019-03-07 07:00:00,7.46,7.53,7.36,7.53,74940,VCI
2019-03-08 07:00:00,7.46,7.53,7.37,7.41,65280,VCI
2019-03-11 07:00:00,7.41,7.43,7.22,7.22,229630,VCI
2019-03-12 07:00:00,7.27,7.36,7.13,7.27,129990,VCI
2019-03-13 07:00:00,7.36,7.53,7.27,7.3,163690,VCI
2019-03-14 07:00:00,7.3,7.34,7.25,7.25,83800,VCI
2019-03-15 07:00:00,7.2,7.24,7.08,7.1,74680,VCI
2019-03-18 07:00:00,7.25,7.25,6.99,7.01,171300,VCI
2019-03-19 07:00:00,7.01,7.1,6.98,7.1,143070,VCI
2019-03-20 07:00:00,7.1,7.1,6.94,7.01,99400,VCI
2019-03-21 07:00:00,7.01,7.1,6.98,6.98,65530,VCI
2019-03-22 07:00:00,6.99,6.99,6.84,6.89,61580,VCI
2019-03-25 07:00:00,6.75,6.75,6.53,6.53,147580,VCI
2019-03-26 07:00:00,6.66,6.66,6.56,6.58,81510,VCI
2019-03-27 07:00:00,6.61,6.7,6.61,6.66,50030,VCI
2019-03-28 07:00:00,6.66,6.66,6.61,6.63,31840,VCI
2019-03-29 07:00:00,6.63,6.63,6.54,6.54,36990,VCI
2019-04-01 07:00:00,6.53,6.58,6.4,6.58,24060,VCI
2019-04-02 07:00:00,6.78,6.78,6.51,6.58,32110,VCI
2019-04-03 07:00:00,6.54,6.58,6.49,6.57,31440,VCI
2019-04-04 07:00:00,6.58,6.61,6.47,6.58,52920,VCI
2019-04-05 07:00:00,6.51,6.58,6.49,6.52,52580,VCI
2019-04-08 07:00:00,6.53,6.73,6.52,6.73,150250,VCI
2019-04-09 07:00:00,6.73,6.77,6.58,6.7,245630,VCI
2019-04-10 07:00:00,6.52,6.65,6.51,6.51,94120,VCI
2019-04-11 07:00:00,6.51,6.56,6.39,6.4,187810,VCI
2019-04-12 07:00:00,6.44,6.44,6.28,6.28,32720,VCI
2019-04-16 07:00:00,6.23,6.23,6.06,6.18,117530,VCI
2019-04-17 07:00:00,6.21,6.21,6.08,6.12,77720,VCI
2019-04-18 07:00:00,6.08,6.37,6.08,6.16,227980,VCI
2019-04-19 07:00:00,6.16,6.35,6.13,6.23,104610,VCI
2019-04-22 07:00:00,6.35,6.35,6.15,6.18,77180,VCI
2019-04-23 07:00:00,6.33,6.33,6.14,6.18,97510,VCI
2019-04-24 07:00:00,6.34,6.34,6.11,6.11,119210,VCI
2019-04-25 07:00:00,6.13,6.14,6.06,6.11,48060,VCI
2019-04-26 07:00:00,6.1,6.18,6.06,6.11,144640,VCI
2019-05-02 07:00:00,6.25,6.25,6.06,6.09,44690,VCI
2019-05-03 07:00:00,6.11,6.11,5.9,6.02,42610,VCI
2019-05-06 07:00:00,5.97,5.97,5.76,5.76,93590,VCI
2019-05-07 07:00:00,5.77,5.83,5.44,5.45,218590,VCI
2019-05-08 07:00:00,5.45,5.45,5.12,5.14,444450,VCI
2019-05-09 07:00:00,5.14,5.37,5.14,5.34,179760,VCI
2019-05-10 07:00:00,5.34,5.63,5.34,5.61,101770,VCI
2019-05-13 07:00:00,5.55,5.55,5.49,5.52,283420,VCI
2019-05-14 07:00:00,5.42,5.54,5.42,5.53,222020,VCI
2019-05-15 07:00:00,5.53,5.63,5.5,5.52,140280,VCI
2019-05-16 07:00:00,5.65,5.65,5.45,5.46,70950,VCI
2019-05-17 07:00:00,5.49,5.53,5.46,5.47,61820,VCI
2019-05-20 07:00:00,5.49,5.59,5.43,5.59,110090,VCI
2019-05-21 07:00:00,5.59,5.66,5.59,5.59,150360,VCI
2019-05-22 07:00:00,5.54,5.59,5.53,5.54,229930,VCI
2019-05-23 07:00:00,5.5,5.59,5.5,5.59,92870,VCI
2019-05-24 07:00:00,5.53,5.64,5.49,5.5,34930,VCI
2019-05-27 07:00:00,5.5,5.61,5.4,5.4,53950,VCI
2019-05-28 07:00:00,5.4,5.46,5.33,5.4,325970,VCI
2019-05-29 07:00:00,5.42,5.42,5.38,5.38,52920,VCI
2019-05-30 07:00:00,5.38,5.39,5.33,5.38,139840,VCI
2019-05-31 07:00:00,5.39,5.4,5.36,5.36,111830,VCI
2019-06-03 07:00:00,5.31,5.42,5.31,5.4,73980,VCI
2019-06-04 07:00:00,5.4,5.4,5.33,5.39,18570,VCI
2019-06-05 07:00:00,5.43,5.54,5.38,5.46,80810,VCI
2019-06-06 07:00:00,5.49,5.49,5.36,5.4,182120,VCI
2019-06-07 07:00:00,5.42,5.5,5.34,5.42,147700,VCI
2019-06-10 07:00:00,5.49,5.68,5.49,5.68,148050,VCI
2019-06-11 07:00:00,5.75,5.86,5.73,5.75,155450,VCI
2019-06-12 07:00:00,5.66,5.68,5.63,5.63,40050,VCI
2019-06-13 07:00:00,5.58,5.8,5.58,5.77,338070,VCI
2019-06-14 07:00:00,5.77,5.84,5.77,5.77,93220,VCI
2019-06-17 07:00:00,5.77,5.88,5.7,5.8,100930,VCI
2019-06-18 07:00:00,5.82,5.88,5.75,5.82,232420,VCI
2019-06-19 07:00:00,5.82,5.88,5.75,5.82,79960,VCI
2019-06-20 07:00:00,5.77,5.79,5.75,5.79,44490,VCI
2019-06-21 07:00:00,5.79,5.84,5.73,5.79,28240,VCI
2019-06-24 07:00:00,5.7,5.77,5.68,5.75,35910,VCI
2019-06-25 07:00:00,5.72,5.75,5.61,5.66,23530,VCI
2019-06-26 07:00:00,5.72,5.72,5.43,5.43,63970,VCI
2019-06-27 07:00:00,5.34,5.56,5.34,5.45,39890,VCI
2019-06-28 07:00:00,5.43,5.47,5.34,5.34,36510,VCI
2019-07-01 07:00:00,5.34,5.59,5.34,5.39,32230,VCI
2019-07-02 07:00:00,5.45,5.52,5.42,5.45,60460,VCI
2019-07-03 07:00:00,5.45,5.56,5.43,5.45,10170,VCI
2019-07-04 07:00:00,5.46,5.55,5.45,5.55,32030,VCI
2019-07-05 07:00:00,5.65,5.65,5.55,5.61,38680,VCI
2019-07-08 07:00:00,5.66,5.72,5.61,5.72,127550,VCI
2019-07-09 07:00:00,5.72,5.72,5.58,5.66,27700,VCI
2019-07-10 07:00:00,5.67,5.67,5.5,5.61,49520,VCI
2019-07-11 07:00:00,5.7,5.73,5.51,5.72,130030,VCI
2019-07-12 07:00:00,5.75,5.96,5.73,5.89,207920,VCI
2019-07-15 07:00:00,5.75,5.96,5.84,5.88,42750,VCI
2019-07-16 07:00:00,5.88,5.96,5.88,5.93,64170,VCI
2019-07-17 07:00:00,5.93,6.04,5.91,5.96,83000,VCI
2019-07-18 07:00:00,6.07,6.07,5.88,5.93,19330,VCI
2019-07-19 07:00:00,6.07,6.07,5.84,6.0,46520,VCI
2019-07-22 07:00:00,6.0,6.05,5.93,5.98,46910,VCI
2019-07-23 07:00:00,5.95,6.0,5.84,6.0,143910,VCI
2019-07-24 07:00:00,6.0,6.02,5.93,6.0,60340,VCI
2019-07-25 07:00:00,5.93,5.98,5.91,5.96,14510,VCI
2019-07-26 07:00:00,5.93,5.96,5.88,5.93,18530,VCI
2019-07-29 07:00:00,5.91,5.93,5.82,5.93,52450,VCI
2019-07-30 07:00:00,5.91,5.93,5.68,5.93,113580,VCI
2019-07-31 07:00:00,5.72,5.95,5.72,5.95,69070,VCI
2019-08-01 07:00:00,5.88,5.95,5.88,5.89,36730,VCI
2019-08-02 07:00:00,5.89,5.89,5.79,5.88,42720,VCI
2019-08-05 07:00:00,5.77,5.93,5.77,5.88,53520,VCI
2019-08-06 07:00:00,5.66,5.84,5.66,5.79,25340,VCI
2019-08-07 07:00:00,5.93,5.93,5.77,5.88,29660,VCI
2019-08-08 07:00:00,5.91,5.95,5.79,5.95,41260,VCI
2019-08-09 07:00:00,5.89,6.34,5.89,5.95,18360,VCI
2019-08-12 07:00:00,5.88,5.93,5.84,5.93,23090,VCI
2019-08-13 07:00:00,5.95,5.98,5.93,5.95,104560,VCI
2019-08-14 07:00:00,5.93,5.96,5.75,5.93,93250,VCI
2019-08-15 07:00:00,5.93,6.09,5.84,6.09,46520,VCI
2019-08-16 07:00:00,6.18,6.43,6.09,6.37,177730,VCI
2019-08-19 07:00:00,6.58,6.58,6.35,6.39,16130,VCI
2019-08-20 07:00:00,6.18,6.34,6.16,6.26,100800,VCI
2019-08-21 07:00:00,6.26,6.35,6.12,6.19,30450,VCI
2019-08-22 07:00:00,6.12,6.34,6.12,6.28,35980,VCI
2019-08-23 07:00:00,6.14,6.19,6.05,6.05,50180,VCI
2019-08-26 07:00:00,5.93,6.02,5.84,5.94,71840,VCI
2019-08-27 07:00:00,5.91,5.96,5.57,5.79,92180,VCI
2019-08-28 07:00:00,5.77,5.84,5.72,5.73,82350,VCI
2019-08-29 07:00:00,5.73,5.82,5.68,5.8,20690,VCI
2019-08-30 07:00:00,5.73,5.82,5.58,5.8,1390,VCI
2019-09-03 07:00:00,5.79,5.8,5.53,5.53,510,VCI
2019-09-04 07:00:00,5.59,5.77,5.55,5.66,90020,VCI
2019-09-05 07:00:00,5.7,5.7,5.63,5.65,105060,VCI
2019-09-06 07:00:00,5.75,5.79,5.63,5.72,99680,VCI
2019-09-09 07:00:00,5.66,5.75,5.63,5.63,3930,VCI
2019-09-10 07:00:00,5.74,5.75,5.62,5.65,27110,VCI
2019-09-11 07:00:00,5.65,5.73,5.63,5.73,59170,VCI
2019-09-12 07:00:00,5.63,5.75,5.63,5.72,11260,VCI
2019-09-13 07:00:00,5.81,5.81,5.66,5.8,34760,VCI
2019-09-16 07:00:00,5.88,5.91,5.7,5.89,57490,VCI
2019-09-17 07:00:00,5.89,5.93,5.86,5.92,25030,VCI
2019-09-18 07:00:00,5.92,5.95,5.86,5.86,18210,VCI
2019-09-19 07:00:00,5.86,6.11,5.79,6.11,52460,VCI
2019-09-20 07:00:00,6.16,6.25,5.93,6.19,62500,VCI
2019-09-23 07:00:00,6.3,6.3,6.14,6.26,71690,VCI
2019-09-24 07:00:00,6.12,6.26,6.12,6.26,18040,VCI
2019-09-25 07:00:00,6.14,6.34,6.14,6.34,15240,VCI
2019-09-26 07:00:00,6.34,6.44,6.26,6.34,12920,VCI
2019-09-27 07:00:00,6.34,6.34,6.19,6.19,4600,VCI
2019-09-30 07:00:00,6.28,6.29,6.06,6.06,25380,VCI
2019-10-01 07:00:00,6.06,6.19,6.06,6.19,17820,VCI
2019-10-02 07:00:00,6.19,6.41,6.18,6.37,116700,VCI
2019-10-03 07:00:00,6.3,6.37,6.28,6.28,50440,VCI
2019-10-04 07:00:00,6.28,6.28,6.12,6.12,21360,VCI
2019-10-07 07:00:00,6.16,6.16,5.95,5.95,26220,VCI
2019-10-08 07:00:00,5.95,6.14,5.95,6.14,20790,VCI
2019-10-09 07:00:00,5.96,6.18,5.96,6.07,23080,VCI
2019-10-10 07:00:00,6.11,6.12,6.07,6.07,19030,VCI
2019-10-11 07:00:00,6.19,6.19,6.02,6.16,19970,VCI
2019-10-14 07:00:00,6.16,6.19,5.89,6.16,55860,VCI
2019-10-15 07:00:00,6.16,6.23,6.07,6.18,32350,VCI
2019-10-16 07:00:00,6.18,6.25,6.14,6.19,31750,VCI
2019-10-17 07:00:00,6.12,6.21,6.11,6.21,12210,VCI
2019-10-18 07:00:00,6.19,6.19,6.11,6.11,2300,VCI
2019-10-21 07:00:00,6.11,6.11,6.04,6.07,26950,VCI
2019-10-22 07:00:00,6.02,6.09,6.02,6.09,14320,VCI
2019-10-23 07:00:00,6.03,6.18,6.03,6.16,67100,VCI
2019-10-24 07:00:00,6.14,6.19,6.14,6.19,8040,VCI
2019-10-25 07:00:00,6.21,6.21,6.07,6.18,45490,VCI
2019-10-28 07:00:00,6.05,6.32,6.05,6.16,9160,VCI
2019-10-29 07:00:00,6.23,6.23,6.04,6.05,13230,VCI
2019-10-30 07:00:00,6.11,6.19,6.02,6.19,21820,VCI
2019-10-31 07:00:00,6.19,6.19,6.16,6.19,65500,VCI
2019-11-01 07:00:00,6.19,6.19,6.07,6.19,26470,VCI
2019-11-04 07:00:00,6.19,6.19,6.11,6.11,258310,VCI
2019-11-05 07:00:00,6.23,6.23,6.09,6.18,122170,VCI
2019-11-06 07:00:00,6.12,6.12,6.02,6.11,74360,VCI
2019-11-07 07:00:00,6.02,6.11,6.02,6.03,202450,VCI
2019-11-08 07:00:00,6.13,6.16,6.05,6.06,144030,VCI
2019-11-11 07:00:00,6.05,6.06,6.02,6.02,155360,VCI
2019-11-12 07:00:00,6.02,6.05,6.02,6.03,127500,VCI
2019-11-13 07:00:00,6.0,6.08,5.9,6.01,104600,VCI
2019-11-14 07:00:00,6.0,6.18,6.0,6.02,130030,VCI
2019-11-15 07:00:00,6.02,6.02,5.92,5.94,124190,VCI
2019-11-18 07:00:00,5.95,6.01,5.95,6.01,44310,VCI
2019-11-19 07:00:00,6.02,6.02,5.95,6.02,36800,VCI
2019-11-20 07:00:00,5.84,6.02,5.84,6.02,35640,VCI
2019-11-21 07:00:00,5.84,6.02,5.84,5.93,102380,VCI
2019-11-22 07:00:00,5.91,6.0,5.91,5.91,408480,VCI
2019-11-25 07:00:00,5.95,6.3,5.86,5.86,439070,VCI
2019-11-26 07:00:00,5.84,6.02,5.84,5.86,104330,VCI
2019-11-27 07:00:00,5.84,5.93,5.84,5.84,146900,VCI
2019-11-28 07:00:00,5.86,6.02,5.86,5.91,15960,VCI
2019-11-29 07:00:00,5.92,6.02,5.86,5.96,392020,VCI
2019-12-02 07:00:00,5.96,5.96,5.88,5.91,53710,VCI
2019-12-03 07:00:00,5.84,5.91,5.79,5.88,8580,VCI
2019-12-04 07:00:00,5.93,5.93,5.75,5.9,7880,VCI
2019-12-05 07:00:00,5.79,5.84,5.77,5.77,51710,VCI
2019-12-06 07:00:00,5.77,5.77,5.49,5.58,71540,VCI
2019-12-09 07:00:00,5.74,5.75,5.61,5.74,18800,VCI
2019-12-10 07:00:00,5.65,5.65,5.59,5.63,187140,VCI
2019-12-11 07:00:00,5.66,5.7,5.55,5.58,15340,VCI
2019-12-12 07:00:00,5.72,5.72,5.56,5.65,27460,VCI
2019-12-13 07:00:00,5.54,5.66,5.52,5.61,23010,VCI
2019-12-16 07:00:00,5.58,5.58,5.54,5.56,42350,VCI
2019-12-17 07:00:00,5.52,5.52,5.42,5.46,50960,VCI
2019-12-18 07:00:00,5.46,5.46,5.17,5.22,49090,VCI
2019-12-19 07:00:00,5.24,5.4,5.24,5.31,12660,VCI
2019-12-20 07:00:00,5.22,5.36,5.17,5.31,149860,VCI
2019-12-23 07:00:00,5.31,5.31,5.18,5.22,30760,VCI
2019-12-24 07:00:00,5.31,5.58,5.13,5.22,96900,VCI
2019-12-25 07:00:00,5.29,5.3,5.18,5.27,68620,VCI
2019-12-26 07:00:00,5.13,5.27,5.13,5.22,21720,VCI
2019-12-27 07:00:00,5.2,5.27,5.19,5.27,21900,VCI
2019-12-30 07:00:00,5.22,5.22,5.19,5.22,46860,VCI
2019-12-31 07:00:00,5.22,5.22,5.12,5.22,56710,VCI
2020-01-02 07:00:00,5.13,5.13,5.06,5.13,18320,VCI
2020-01-03 07:00:00,5.13,5.13,5.04,5.13,2450,VCI
2020-01-06 07:00:00,4.96,5.19,4.96,5.06,22760,VCI
2020-01-07 07:00:00,5.2,5.2,5.06,5.06,18320,VCI
2020-01-08 07:00:00,4.96,5.06,4.96,5.06,2640,VCI
2020-01-09 07:00:00,5.13,5.13,5.06,5.12,3720,VCI
2020-01-10 07:00:00,5.06,5.12,4.97,5.1,8570,VCI
2020-01-13 07:00:00,4.99,5.2,4.99,5.13,40860,VCI
2020-01-14 07:00:00,5.13,5.13,5.04,5.13,65730,VCI
2020-01-15 07:00:00,5.04,5.28,5.04,5.13,1050,VCI
2020-01-16 07:00:00,4.96,5.12,4.96,5.04,24120,VCI
2020-01-17 07:00:00,5.04,5.21,5.04,5.1,30490,VCI
2020-01-20 07:00:00,5.13,5.13,5.05,5.05,10870,VCI
2020-01-21 07:00:00,5.04,5.13,5.04,5.12,53940,VCI
2020-01-22 07:00:00,5.21,5.21,5.06,5.06,44180,VCI
2020-01-30 07:00:00,5.31,5.31,4.78,4.78,101240,VCI
2020-01-31 07:00:00,4.96,4.96,4.71,4.74,54030,VCI
2020-02-03 07:00:00,4.44,4.74,4.42,4.74,96440,VCI
2020-02-04 07:00:00,4.6,4.78,4.6,4.74,6550,VCI
2020-02-05 07:00:00,4.64,4.83,4.51,4.72,59100,VCI
2020-02-06 07:00:00,4.74,4.78,4.58,4.74,23930,VCI
2020-02-07 07:00:00,4.71,4.91,4.42,4.69,60730,VCI
2020-02-10 07:00:00,4.78,4.78,4.63,4.67,9850,VCI
2020-02-11 07:00:00,4.67,4.74,4.6,4.69,30890,VCI
2020-02-12 07:00:00,4.69,4.85,4.68,4.84,55830,VCI
2020-02-13 07:00:00,4.78,4.89,4.78,4.89,34100,VCI
2020-02-14 07:00:00,4.92,5.12,4.92,4.98,30240,VCI
2020-02-17 07:00:00,4.95,5.04,4.88,4.96,17570,VCI
2020-02-18 07:00:00,4.96,5.01,4.87,5.01,14320,VCI
2020-02-19 07:00:00,5.01,5.01,4.84,4.97,2080,VCI
2020-02-20 07:00:00,4.88,4.96,4.88,4.96,4640,VCI
2020-02-21 07:00:00,4.96,5.02,4.89,4.96,128730,VCI
2020-02-24 07:00:00,4.81,4.91,4.71,4.81,8780,VCI
2020-02-25 07:00:00,4.78,4.87,4.72,4.87,13560,VCI
2020-02-26 07:00:00,4.87,4.87,4.53,4.69,30500,VCI
2020-02-27 07:00:00,4.69,4.76,4.6,4.76,78230,VCI
2020-02-28 07:00:00,4.62,4.62,4.6,4.6,7540,VCI
2020-03-02 07:00:00,4.6,4.78,4.6,4.6,53480,VCI
2020-03-03 07:00:00,4.69,4.69,4.6,4.6,29910,VCI
2020-03-04 07:00:00,4.67,4.67,4.6,4.6,6280,VCI
2020-03-05 07:00:00,4.68,4.74,4.6,4.67,69690,VCI
2020-03-06 07:00:00,4.67,4.71,4.63,4.71,11030,VCI
2020-03-09 07:00:00,4.42,4.58,4.38,4.51,95830,VCI
2020-03-10 07:00:00,4.26,4.58,4.26,4.51,171530,VCI
2020-03-11 07:00:00,4.34,4.34,4.2,4.23,101910,VCI
2020-03-12 07:00:00,3.94,4.09,3.94,3.94,20000,VCI
2020-03-13 07:00:00,3.66,3.89,3.66,3.66,14480,VCI
2020-03-16 07:00:00,3.48,3.48,3.42,3.42,70910,VCI
2020-03-17 07:00:00,3.42,3.5,3.18,3.42,112680,VCI
2020-03-18 07:00:00,3.36,3.42,3.3,3.34,28810,VCI
2020-03-19 07:00:00,3.13,3.31,3.13,3.31,30150,VCI
2020-03-20 07:00:00,3.17,3.3,3.17,3.21,64460,VCI
2020-03-23 07:00:00,3.19,3.19,2.99,2.99,137700,VCI
2020-03-24 07:00:00,2.99,2.99,2.8,2.83,82950,VCI
2020-03-25 07:00:00,2.83,2.88,2.83,2.84,101960,VCI
2020-03-26 07:00:00,2.84,2.84,2.78,2.81,111750,VCI
2020-03-27 07:00:00,2.83,2.83,2.72,2.81,110100,VCI
2020-03-30 07:00:00,2.74,2.75,2.62,2.62,177850,VCI
2020-03-31 07:00:00,2.62,2.66,2.51,2.51,77020,VCI
2020-04-01 07:00:00,2.51,2.64,2.51,2.57,145180,VCI
2020-04-03 07:00:00,2.61,2.72,2.61,2.66,269230,VCI
2020-04-06 07:00:00,2.74,2.8,2.72,2.8,259240,VCI
2020-04-07 07:00:00,2.8,2.8,2.66,2.78,230520,VCI
2020-04-08 07:00:00,2.74,2.76,2.67,2.72,199900,VCI
2020-04-09 07:00:00,2.72,2.91,2.72,2.91,514950,VCI
2020-04-10 07:00:00,3.12,3.12,3.06,3.12,1148030,VCI
2020-04-13 07:00:00,3.19,3.31,3.15,3.19,335150,VCI
2020-04-14 07:00:00,3.19,3.19,3.02,3.1,327760,VCI
2020-04-15 07:00:00,3.15,3.31,3.15,3.24,1117240,VCI
2020-04-16 07:00:00,3.24,3.4,3.2,3.31,327780,VCI
2020-04-17 07:00:00,3.34,3.5,3.31,3.5,465210,VCI
2020-04-20 07:00:00,3.5,3.52,3.29,3.38,902790,VCI
2020-04-21 07:00:00,3.27,3.33,3.15,3.15,690330,VCI
2020-04-22 07:00:00,3.01,3.29,3.01,3.24,460820,VCI
2020-04-23 07:00:00,3.33,3.38,3.24,3.33,603730,VCI
2020-04-24 07:00:00,3.27,3.28,3.24,3.26,549750,VCI
2020-04-27 07:00:00,3.26,3.27,3.1,3.12,349740,VCI
2020-04-28 07:00:00,3.12,3.13,3.07,3.13,314120,VCI
2020-04-29 07:00:00,3.12,3.13,3.08,3.12,303380,VCI
2020-05-04 07:00:00,3.1,3.29,3.08,3.14,413270,VCI
2020-05-05 07:00:00,3.22,3.27,3.15,3.27,281980,VCI
2020-05-06 07:00:00,3.27,3.29,3.24,3.26,143670,VCI
2020-05-07 07:00:00,3.26,3.36,3.25,3.36,393280,VCI
2020-05-08 07:00:00,3.37,3.59,3.37,3.48,1299710,VCI
2020-05-11 07:00:00,3.72,3.72,3.56,3.72,725760,VCI
2020-05-12 07:00:00,3.97,3.97,3.88,3.97,1566100,VCI
2020-05-13 07:00:00,3.83,3.96,3.72,3.86,952830,VCI
2020-05-14 07:00:00,3.77,4.12,3.75,4.02,962520,VCI
2020-05-15 07:00:00,4.02,4.23,4.01,4.08,791520,VCI
2020-05-18 07:00:00,4.07,4.3,4.04,4.25,600770,VCI
2020-05-19 07:00:00,4.35,4.41,4.16,4.34,677230,VCI
2020-05-20 07:00:00,4.18,4.3,4.18,4.26,374340,VCI
2020-05-21 07:00:00,4.23,4.29,4.04,4.12,1134540,VCI
2020-05-22 07:00:00,4.14,4.22,4.04,4.11,798190,VCI
2020-05-25 07:00:00,4.11,4.19,4.05,4.14,744260,VCI
2020-05-26 07:00:00,4.14,4.34,4.14,4.25,920040,VCI
2020-05-27 07:00:00,4.3,4.33,4.07,4.07,747450,VCI
2020-05-28 07:00:00,4.12,4.16,4.04,4.13,846770,VCI
2020-05-29 07:00:00,4.1,4.14,4.01,4.04,1256510,VCI
2020-06-01 07:00:00,4.07,4.18,4.05,4.17,272620,VCI
2020-06-02 07:00:00,4.21,4.34,4.2,4.21,1134730,VCI
2020-06-03 07:00:00,4.17,4.27,4.14,4.19,387580,VCI
2020-06-04 07:00:00,4.2,4.48,4.2,4.46,2503400,VCI
2020-06-05 07:00:00,4.5,4.5,4.39,4.46,621890,VCI
2020-06-08 07:00:00,4.57,4.62,4.46,4.53,895100,VCI
2020-06-09 07:00:00,4.51,4.53,4.37,4.4,1394860,VCI
2020-06-10 07:00:00,4.37,4.5,4.31,4.47,1060000,VCI
2020-06-11 07:00:00,4.48,4.52,4.16,4.16,1309250,VCI
2020-06-12 07:00:00,3.88,4.09,3.88,4.09,1141200,VCI
2020-06-15 07:00:00,4.09,4.09,3.8,3.8,1023220,VCI
2020-06-16 07:00:00,3.93,4.01,3.88,3.94,865980,VCI
2020-06-17 07:00:00,3.95,4.0,3.84,3.93,574740,VCI
2020-06-18 07:00:00,3.93,3.94,3.84,3.87,397870,VCI
2020-06-19 07:00:00,3.88,4.04,3.88,4.04,801950,VCI
2020-06-22 07:00:00,4.07,4.15,4.04,4.05,459520,VCI
2020-06-23 07:00:00,4.12,4.29,4.07,4.22,1347280,VCI
2020-06-24 07:00:00,4.22,4.32,3.98,4.07,722350,VCI
2020-06-25 07:00:00,3.98,4.11,3.96,4.04,509950,VCI
2020-06-26 07:00:00,4.04,4.14,3.88,3.97,768440,VCI
2020-06-29 07:00:00,3.88,3.97,3.71,3.72,739540,VCI
2020-06-30 07:00:00,3.84,3.86,3.6,3.63,863550,VCI
2020-07-01 07:00:00,3.63,3.88,3.63,3.88,373730,VCI
2020-07-02 07:00:00,3.97,4.04,3.91,3.93,275590,VCI
2020-07-03 07:00:00,3.98,3.98,3.9,3.96,425360,VCI
2020-07-06 07:00:00,4.05,4.05,3.96,4.04,328790,VCI
2020-07-07 07:00:00,4.14,4.18,4.05,4.05,911110,VCI
2020-07-08 07:00:00,4.05,4.2,4.02,4.19,681070,VCI
2020-07-09 07:00:00,4.23,4.34,4.22,4.27,911920,VCI
2020-07-10 07:00:00,4.27,4.5,4.27,4.39,1770990,VCI
2020-07-13 07:00:00,4.42,4.42,4.35,4.38,647150,VCI
2020-07-14 07:00:00,4.38,4.49,4.3,4.43,780520,VCI
2020-07-15 07:00:00,4.5,4.5,4.39,4.41,661280,VCI
2020-07-16 07:00:00,4.5,4.5,4.36,4.4,497370,VCI
2020-07-17 07:00:00,4.41,4.41,4.33,4.36,318800,VCI
2020-07-20 07:00:00,4.37,4.44,4.33,4.4,599990,VCI
2020-07-21 07:00:00,4.43,4.43,4.28,4.37,481600,VCI
2020-07-22 07:00:00,4.43,4.43,4.24,4.26,604490,VCI
2020-07-23 07:00:00,4.21,4.26,4.13,4.24,672430,VCI
2020-07-24 07:00:00,4.24,4.24,3.94,4.05,1533360,VCI
2020-07-27 07:00:00,3.82,3.94,3.77,3.77,1595680,VCI
2020-07-28 07:00:00,3.77,3.96,3.75,3.96,713060,VCI
2020-07-29 07:00:00,3.82,3.92,3.72,3.85,761760,VCI
2020-07-30 07:00:00,3.92,4.0,3.85,3.85,313810,VCI
2020-07-31 07:00:00,3.75,3.9,3.75,3.78,257670,VCI
2020-08-03 07:00:00,3.85,3.94,3.78,3.94,303080,VCI
2020-08-04 07:00:00,3.99,4.1,3.99,4.03,316050,VCI
2020-08-05 07:00:00,4.05,4.09,3.96,4.06,316960,VCI
2020-08-06 07:00:00,4.07,4.11,4.0,4.02,362070,VCI
2020-08-07 07:00:00,4.02,4.05,3.99,4.03,150520,VCI
2020-08-10 07:00:00,4.03,4.08,4.02,4.03,410500,VCI
2020-08-11 07:00:00,4.07,4.22,4.01,4.14,618790,VCI
2020-08-12 07:00:00,4.14,4.23,4.11,4.2,353450,VCI
2020-08-13 07:00:00,4.2,4.29,4.18,4.22,365050,VCI
2020-08-14 07:00:00,4.23,4.26,4.11,4.15,471190,VCI
2020-08-17 07:00:00,4.12,4.17,4.04,4.09,245960,VCI
2020-08-18 07:00:00,4.09,4.13,4.02,4.07,301990,VCI
2020-08-19 07:00:00,4.04,4.2,4.03,4.19,526020,VCI
2020-08-20 07:00:00,4.15,4.23,4.12,4.17,618180,VCI
2020-08-21 07:00:00,4.17,4.38,4.17,4.35,1395340,VCI
2020-08-24 07:00:00,4.46,4.46,4.39,4.44,698810,VCI
2020-08-25 07:00:00,4.44,4.48,4.39,4.39,736340,VCI
2020-08-26 07:00:00,4.38,4.65,4.33,4.59,1740420,VCI
2020-08-27 07:00:00,4.6,4.91,4.59,4.91,2281980,VCI
2020-08-28 07:00:00,4.89,4.99,4.8,4.8,679200,VCI
2020-08-31 07:00:00,4.82,4.97,4.75,4.75,1269250,VCI
2020-09-01 07:00:00,4.76,4.96,4.76,4.89,729470,VCI
2020-09-03 07:00:00,4.92,5.04,4.89,5.03,1046200,VCI
2020-09-04 07:00:00,4.93,5.35,4.89,5.24,1926100,VCI
2020-09-07 07:00:00,5.27,5.36,4.99,4.99,1523250,VCI
2020-09-08 07:00:00,5.02,5.16,4.99,5.16,1324370,VCI
2020-09-09 07:00:00,5.08,5.28,5.07,5.28,1413500,VCI
2020-09-10 07:00:00,5.37,5.37,5.2,5.24,702560,VCI
2020-09-11 07:00:00,5.24,5.29,5.18,5.24,577610,VCI
2020-09-14 07:00:00,5.24,5.31,5.24,5.27,753650,VCI
2020-09-15 07:00:00,5.31,5.44,5.24,5.31,907220,VCI
2020-09-16 07:00:00,5.32,5.42,5.29,5.4,585860,VCI
2020-09-17 07:00:00,5.4,5.4,5.24,5.35,708300,VCI
2020-09-18 07:00:00,5.35,5.56,5.31,5.52,760340,VCI
2020-09-21 07:00:00,5.5,5.61,5.5,5.57,593370,VCI
2020-09-22 07:00:00,5.53,5.56,5.48,5.54,439670,VCI
2020-09-23 07:00:00,5.56,5.59,5.5,5.52,517710,VCI
2020-09-24 07:00:00,5.46,5.49,5.3,5.33,1058850,VCI
2020-09-25 07:00:00,5.33,5.39,5.24,5.33,754920,VCI
2020-09-28 07:00:00,5.35,5.42,5.32,5.42,761250,VCI
2020-09-29 07:00:00,5.42,5.53,5.39,5.39,783580,VCI
2020-09-30 07:00:00,5.37,5.46,5.31,5.42,390350,VCI
2020-10-01 07:00:00,5.5,5.8,5.5,5.8,2148460,VCI
2020-10-02 07:00:00,5.84,5.97,5.69,5.93,1158330,VCI
2020-10-05 07:00:00,6.18,6.18,6.01,6.06,780330,VCI
2020-10-06 07:00:00,6.06,6.11,5.9,6.03,1143460,VCI
2020-10-07 07:00:00,5.95,6.13,5.93,5.96,841750,VCI
2020-10-08 07:00:00,5.97,6.13,5.95,6.12,841930,VCI
2020-10-09 07:00:00,6.12,6.4,6.1,6.4,1385850,VCI
2020-10-12 07:00:00,6.5,6.69,6.4,6.59,1153290,VCI
2020-10-13 07:00:00,6.59,6.63,6.46,6.46,688030,VCI
2020-10-14 07:00:00,6.46,6.91,6.41,6.89,1435810,VCI
2020-10-15 07:00:00,6.95,7.37,6.91,7.37,1386260,VCI
2020-10-16 07:00:00,7.63,7.88,7.36,7.59,1534360,VCI
2020-10-19 07:00:00,7.53,7.63,7.25,7.25,1551380,VCI
2020-10-20 07:00:00,7.29,7.53,7.25,7.53,823840,VCI
2020-10-21 07:00:00,7.34,7.51,7.01,7.01,2092670,VCI
2020-10-22 07:00:00,6.98,7.25,6.7,7.25,1493090,VCI
2020-10-23 07:00:00,7.46,7.47,7.21,7.22,638890,VCI
2020-10-26 07:00:00,7.25,7.25,6.74,6.74,1140160,VCI
2020-10-27 07:00:00,6.78,6.86,6.44,6.52,1382920,VCI
2020-10-28 07:00:00,6.44,6.74,6.41,6.52,979310,VCI
2020-10-29 07:00:00,6.78,6.91,6.59,6.74,866190,VCI
2020-10-30 07:00:00,6.74,7.01,6.74,6.95,849500,VCI
2020-11-02 07:00:00,7.0,7.31,6.97,7.25,842750,VCI
2020-11-03 07:00:00,7.33,7.36,7.13,7.17,571870,VCI
2020-11-04 07:00:00,7.25,7.4,7.2,7.33,935280,VCI
2020-11-05 07:00:00,7.33,7.43,7.25,7.33,874250,VCI
2020-11-06 07:00:00,7.4,7.4,7.16,7.27,681830,VCI
2020-11-09 07:00:00,7.25,7.33,7.22,7.27,446200,VCI
2020-11-10 07:00:00,7.4,7.78,7.29,7.63,3325140,VCI
2020-11-11 07:00:00,7.72,7.91,7.7,7.8,786280,VCI
2020-11-12 07:00:00,7.78,8.1,7.78,8.0,713760,VCI
2020-11-13 07:00:00,8.02,8.04,7.87,7.93,870020,VCI
2020-11-16 07:00:00,8.0,8.17,7.91,7.97,1224250,VCI
2020-11-17 07:00:00,7.97,8.1,7.95,8.08,838030,VCI
2020-11-18 07:00:00,8.08,8.23,8.04,8.11,561710,VCI
2020-11-19 07:00:00,8.1,8.1,7.63,7.68,2263060,VCI
2020-11-20 07:00:00,7.72,7.83,7.63,7.66,1079310,VCI
2020-11-23 07:00:00,7.66,7.88,7.66,7.75,811810,VCI
2020-11-24 07:00:00,7.76,7.93,7.68,7.91,967480,VCI
2020-11-25 07:00:00,7.96,8.09,7.82,7.85,891260,VCI
2020-11-26 07:00:00,7.83,7.91,7.71,7.85,491340,VCI
2020-11-27 07:00:00,7.89,8.06,7.82,8.04,1017610,VCI
2020-11-30 07:00:00,8.04,8.06,7.85,7.85,811240,VCI
2020-12-01 07:00:00,7.78,8.0,7.69,7.97,900090,VCI
2020-12-02 07:00:00,8.0,8.48,7.97,8.32,1692930,VCI
2020-12-03 07:00:00,8.32,8.44,8.14,8.32,806490,VCI
2020-12-04 07:00:00,8.25,8.36,8.22,8.22,819320,VCI
2020-12-07 07:00:00,8.23,8.34,8.17,8.25,725010,VCI
2020-12-08 07:00:00,8.25,8.53,8.23,8.42,1584210,VCI
2020-12-09 07:00:00,8.48,8.53,8.28,8.28,1743300,VCI
2020-12-10 07:00:00,8.29,8.48,8.1,8.1,1661160,VCI
2020-12-11 07:00:00,8.1,8.23,8.05,8.21,801940,VCI
2020-12-14 07:00:00,8.21,8.64,8.21,8.57,1292050,VCI
2020-12-15 07:00:00,8.57,8.66,8.38,8.42,1256310,VCI
2020-12-16 07:00:00,8.42,8.62,8.35,8.45,1053270,VCI
2020-12-17 07:00:00,8.44,8.5,8.27,8.27,1139680,VCI
2020-12-18 07:00:00,8.46,8.84,8.29,8.84,2493590,VCI
2020-12-21 07:00:00,9.13,9.45,8.85,9.45,2151210,VCI
2020-12-22 07:00:00,9.61,9.99,9.47,9.97,1807490,VCI
2020-12-23 07:00:00,9.97,9.97,9.61,9.68,1240100,VCI
2020-12-24 07:00:00,9.63,9.9,9.13,9.86,2426070,VCI
2020-12-25 07:00:00,9.8,10.38,9.7,10.13,1405810,VCI
2020-12-28 07:00:00,10.18,10.76,10.18,10.38,2035090,VCI
2020-12-29 07:00:00,10.38,10.74,10.24,10.53,1588850,VCI
2020-12-30 07:00:00,10.43,10.82,10.4,10.72,1020290,VCI
2020-12-31 07:00:00,10.66,11.24,10.66,11.18,1188400,VCI
2021-01-04 07:00:00,11.32,11.72,11.32,11.59,1265600,VCI
2021-01-05 07:00:00,11.59,12.26,11.51,12.07,1105900,VCI
2021-01-06 07:00:00,12.38,12.38,11.62,11.72,1540700,VCI
2021-01-07 07:00:00,11.82,11.89,11.34,11.8,2686300,VCI
2021-01-08 07:00:00,11.86,12.11,11.43,11.61,845300,VCI
2021-01-11 07:00:00,11.55,11.61,11.14,11.22,1715300,VCI
2021-01-12 07:00:00,11.22,11.7,11.05,11.61,1288000,VCI
2021-01-13 07:00:00,11.61,11.68,11.26,11.34,1502300,VCI
2021-01-14 07:00:00,11.34,11.76,11.34,11.62,2664000,VCI
2021-01-15 07:00:00,11.64,11.97,11.59,11.97,2138300,VCI
2021-01-18 07:00:00,12.18,12.55,12.01,12.3,2271400,VCI
2021-01-19 07:00:00,12.14,12.28,11.45,11.62,2035900,VCI
2021-01-20 07:00:00,11.53,11.64,10.95,11.43,1419200,VCI
2021-01-21 07:00:00,11.62,11.8,11.24,11.76,869400,VCI
2021-01-22 07:00:00,11.88,11.88,11.62,11.72,1181900,VCI
2021-01-25 07:00:00,11.53,11.74,11.32,11.59,1081000,VCI
2021-01-26 07:00:00,11.49,11.49,10.78,10.88,1397600,VCI
2021-01-27 07:00:00,10.24,10.86,10.13,10.13,1894500,VCI
2021-01-28 07:00:00,9.43,9.51,9.43,9.43,1583600,VCI
2021-01-29 07:00:00,8.77,9.95,8.77,9.41,2201100,VCI
2021-02-01 07:00:00,9.41,9.7,9.15,9.15,1353100,VCI
2021-02-02 07:00:00,8.84,9.41,8.84,9.32,810300,VCI
2021-02-03 07:00:00,9.49,9.95,9.34,9.95,1070100,VCI
2021-02-04 07:00:00,10.38,10.51,9.99,10.18,1191300,VCI
2021-02-05 07:00:00,10.18,10.49,10.18,10.42,867600,VCI
2021-02-08 07:00:00,10.42,10.49,9.7,9.88,1693300,VCI
2021-02-09 07:00:00,9.88,10.22,9.55,10.16,1209800,VCI
2021-02-17 07:00:00,10.38,10.66,10.18,10.66,821000,VCI
2021-02-18 07:00:00,10.63,10.68,10.47,10.57,812100,VCI
2021-02-19 07:00:00,10.57,10.76,10.38,10.72,1013800,VCI
2021-02-22 07:00:00,10.93,10.93,10.38,10.57,1030300,VCI
2021-02-23 07:00:00,10.64,10.72,10.45,10.57,794700,VCI
2021-02-24 07:00:00,10.66,10.8,10.28,10.38,1206100,VCI
2021-02-25 07:00:00,10.38,10.53,10.24,10.38,611800,VCI
2021-02-26 07:00:00,10.18,10.43,10.18,10.34,598100,VCI
2021-03-01 07:00:00,10.43,10.64,10.34,10.57,880000,VCI
2021-03-02 07:00:00,10.76,10.76,10.47,10.47,984800,VCI
2021-03-03 07:00:00,10.47,10.63,10.43,10.47,962500,VCI
2021-03-04 07:00:00,10.47,10.53,9.99,10.28,1192700,VCI
2021-03-05 07:00:00,10.28,10.28,9.88,10.18,964400,VCI
2021-03-08 07:00:00,10.36,10.38,10.2,10.3,806300,VCI
2021-03-09 07:00:00,10.2,10.38,10.15,10.32,381100,VCI
2021-03-10 07:00:00,10.32,11.03,10.28,11.03,2099200,VCI
2021-03-11 07:00:00,11.34,11.51,11.24,11.38,1813900,VCI
2021-03-12 07:00:00,11.38,11.53,11.26,11.3,1311600,VCI
2021-03-15 07:00:00,11.34,11.78,11.16,11.72,2408600,VCI
2021-03-16 07:00:00,11.88,12.01,11.62,11.78,1611400,VCI
2021-03-17 07:00:00,11.72,11.8,11.59,11.72,1612600,VCI
2021-03-18 07:00:00,11.78,12.49,11.72,12.43,1938200,VCI
2021-03-19 07:00:00,12.49,13.16,12.49,12.95,1743900,VCI
2021-03-22 07:00:00,12.95,13.1,12.59,12.78,903700,VCI
2021-03-23 07:00:00,12.68,12.68,12.11,12.47,1661000,VCI
2021-03-24 07:00:00,12.28,12.3,11.66,11.84,1990500,VCI
2021-03-25 07:00:00,11.89,12.11,11.62,11.66,1637900,VCI
2021-03-26 07:00:00,11.72,12.28,11.45,12.28,1741400,VCI
2021-03-29 07:00:00,12.28,12.57,12.2,12.36,1533300,VCI
2021-03-30 07:00:00,12.39,12.51,12.26,12.45,1318200,VCI
2021-03-31 07:00:00,12.39,12.45,12.12,12.28,1828100,VCI
2021-04-01 07:00:00,12.3,13.03,12.2,12.93,1584600,VCI
2021-04-02 07:00:00,13.07,13.07,12.68,12.74,1079800,VCI
2021-04-05 07:00:00,12.84,13.05,12.76,12.84,1155400,VCI
2021-04-06 07:00:00,12.68,13.01,12.68,12.95,1466900,VCI
2021-04-07 07:00:00,12.95,13.24,12.87,13.18,1199800,VCI
2021-04-08 07:00:00,13.26,13.26,12.78,12.97,1503300,VCI
2021-04-09 07:00:00,12.87,13.16,12.8,13.14,1348500,VCI
2021-04-12 07:00:00,13.24,13.28,12.87,12.99,2150000,VCI
2021-04-13 07:00:00,13.01,13.05,12.59,12.64,1778700,VCI
2021-04-14 07:00:00,12.49,12.91,12.39,12.91,1489800,VCI
2021-04-15 07:00:00,12.91,12.91,12.59,12.6,1158200,VCI
2021-04-16 07:00:00,12.49,12.8,12.11,12.38,1331900,VCI
2021-04-19 07:00:00,12.38,12.59,12.05,12.39,1170700,VCI
2021-04-20 07:00:00,12.57,12.57,11.97,12.16,1283800,VCI
2021-04-22 07:00:00,12.14,12.28,11.62,11.68,2122800,VCI
2021-04-23 07:00:00,11.68,12.12,11.53,11.95,1100100,VCI
2021-04-26 07:00:00,12.07,12.11,11.68,11.72,1024700,VCI
2021-04-27 07:00:00,11.72,12.01,11.68,11.97,843500,VCI
2021-04-28 07:00:00,12.01,12.59,12.01,12.3,1834700,VCI
2021-04-29 07:00:00,12.6,12.6,12.26,12.32,694700,VCI
2021-05-04 07:00:00,11.92,12.34,11.92,12.34,717500,VCI
2021-05-05 07:00:00,12.34,12.99,12.3,12.69,3384100,VCI
2021-05-06 07:00:00,12.73,12.87,12.58,12.66,2523300,VCI
2021-05-07 07:00:00,12.52,12.77,12.44,12.66,1871200,VCI
2021-05-10 07:00:00,12.52,13.53,12.46,13.53,3746100,VCI
2021-05-11 07:00:00,13.88,14.08,13.53,13.53,2509800,VCI
2021-05-12 07:00:00,13.45,14.08,13.45,14.08,2025300,VCI
2021-05-13 07:00:00,14.0,14.24,13.77,13.77,2127300,VCI
2021-05-14 07:00:00,13.94,14.72,13.73,14.54,3217400,VCI
2021-05-17 07:00:00,14.68,14.82,14.3,14.48,2055000,VCI
2021-05-18 07:00:00,14.32,14.6,14.16,14.28,2099900,VCI
2021-05-19 07:00:00,14.2,14.64,14.04,14.48,2266600,VCI
2021-05-20 07:00:00,14.46,15.17,14.38,14.66,2603100,VCI
2021-05-21 07:00:00,14.88,15.23,14.48,14.62,2427100,VCI
2021-05-24 07:00:00,14.64,14.68,14.34,14.48,1999300,VCI
2021-05-25 07:00:00,14.46,14.78,14.4,14.74,1588200,VCI
2021-05-26 07:00:00,14.74,15.06,14.74,14.92,1789800,VCI
2021-05-27 07:00:00,14.92,14.92,14.48,14.54,1974200,VCI
2021-05-28 07:00:00,14.64,14.86,14.38,14.78,1891200,VCI
2021-05-31 07:00:00,14.94,15.79,14.94,15.77,3351600,VCI
2021-06-01 07:00:00,15.87,16.01,15.27,15.39,1517300,VCI
2021-06-02 07:00:00,15.39,15.81,15.31,15.81,2076900,VCI
2021-06-03 07:00:00,16.07,16.86,15.99,16.66,2819700,VCI
2021-06-04 07:00:00,16.78,17.02,16.56,16.86,2479300,VCI
2021-06-07 07:00:00,16.66,16.86,15.69,16.07,2642800,VCI
2021-06-08 07:00:00,16.26,16.86,15.67,15.77,4415800,VCI
2021-06-09 07:00:00,16.34,16.86,15.77,16.76,3383700,VCI
2021-06-10 07:00:00,16.96,17.93,16.86,17.93,4892700,VCI
2021-06-11 07:00:00,17.93,18.35,17.75,18.21,2444100,VCI
2021-06-14 07:00:00,18.21,19.48,18.21,19.44,3028500,VCI
2021-06-15 07:00:00,19.56,20.77,19.14,20.23,3726300,VCI
2021-06-16 07:00:00,19.84,20.03,19.14,19.54,4388000,VCI
2021-06-17 07:00:00,18.86,20.03,18.86,19.5,3005100,VCI
2021-06-18 07:00:00,20.83,20.83,20.83,20.83,2145000,VCI
2021-06-21 07:00:00,21.5,21.82,20.87,21.1,7431800,VCI
2021-06-22 07:00:00,21.42,21.42,20.83,20.83,3761600,VCI
2021-06-23 07:00:00,20.87,21.14,20.59,20.63,2706300,VCI
2021-06-24 07:00:00,20.39,20.83,20.27,20.35,1619000,VCI
2021-06-25 07:00:00,20.35,21.22,20.27,21.1,2958000,VCI
2021-06-28 07:00:00,21.26,21.38,20.95,21.06,2063800,VCI
2021-06-29 07:00:00,20.95,21.3,20.83,21.02,2075000,VCI
2021-06-30 07:00:00,20.91,20.91,20.63,20.71,2244700,VCI
2021-07-01 07:00:00,20.91,21.78,20.75,21.58,4435300,VCI
2021-07-02 07:00:00,21.9,23.09,21.78,23.09,5243700,VCI
2021-07-05 07:00:00,23.56,23.8,22.61,23.4,4506000,VCI
2021-07-06 07:00:00,23.21,23.6,21.78,21.78,3207600,VCI
2021-07-07 07:00:00,21.82,22.41,20.75,22.18,3595600,VCI
2021-07-08 07:00:00,22.22,22.41,21.34,21.54,2273200,VCI
2021-07-09 07:00:00,21.3,22.45,21.14,21.82,2738000,VCI
2021-07-12 07:00:00,21.42,21.82,20.31,20.43,4100700,VCI
2021-07-13 07:00:00,21.02,21.02,20.31,20.91,1472600,VCI
2021-07-14 07:00:00,20.63,21.1,20.19,20.23,1900400,VCI
2021-07-15 07:00:00,20.23,21.02,20.23,21.02,1478600,VCI
2021-07-16 07:00:00,21.1,21.38,20.63,20.67,1668600,VCI
2021-07-19 07:00:00,20.23,20.63,19.24,19.24,3460700,VCI
2021-07-20 07:00:00,19.24,20.03,17.93,19.99,8499600,VCI
2021-07-21 07:00:00,20.03,20.43,19.4,19.44,3506300,VCI
2021-07-22 07:00:00,19.32,19.82,19.32,19.64,2951500,VCI
2021-07-23 07:00:00,19.44,19.62,18.8,18.8,5806800,VCI
2021-07-26 07:00:00,18.43,18.72,17.85,18.25,4380200,VCI
2021-07-27 07:00:00,18.64,19.02,18.49,18.84,3575500,VCI
2021-07-28 07:00:00,18.64,19.0,18.57,18.6,1751200,VCI
2021-07-29 07:00:00,18.72,19.0,18.6,18.94,3394900,VCI
2021-07-30 07:00:00,19.04,19.91,19.04,19.76,5362300,VCI
2021-08-02 07:00:00,19.84,20.31,19.72,19.8,5223100,VCI
2021-08-03 07:00:00,19.76,20.43,19.56,20.43,7266200,VCI
2021-08-04 07:00:00,20.71,21.42,20.59,21.18,8764000,VCI
2021-08-05 07:00:00,21.02,22.14,20.91,22.14,6351200,VCI
2021-08-06 07:00:00,21.9,22.02,21.58,21.58,6862800,VCI
2021-08-09 07:00:00,21.34,22.77,21.26,22.61,8073800,VCI
2021-08-10 07:00:00,22.97,22.97,22.18,22.61,4749100,VCI
2021-08-11 07:00:00,22.61,22.69,21.86,21.86,7182700,VCI
2021-08-12 07:00:00,21.9,22.37,21.78,21.9,5002400,VCI
2021-08-13 07:00:00,21.98,22.61,21.9,22.61,6303100,VCI
2021-08-16 07:00:00,23.25,24.16,23.09,24.16,7731500,VCI
2021-08-17 07:00:00,24.16,24.99,24.04,24.56,6971800,VCI
2021-08-18 07:00:00,24.52,25.55,24.28,25.03,6286000,VCI
2021-08-19 07:00:00,25.03,25.47,24.79,25.35,4872400,VCI
2021-08-20 07:00:00,25.11,25.51,23.84,24.64,11686500,VCI
2021-08-23 07:00:00,24.64,25.35,24.04,24.68,6703800,VCI
2021-08-24 07:00:00,24.68,24.79,23.01,23.05,8679400,VCI
2021-08-25 07:00:00,23.09,23.8,22.93,23.72,3708300,VCI
2021-08-26 07:00:00,23.72,23.96,23.01,23.25,3982000,VCI
2021-08-27 07:00:00,22.97,23.76,22.73,23.72,4332900,VCI
2021-08-30 07:00:00,24.2,24.2,23.6,24.16,5027400,VCI
2021-08-31 07:00:00,24.32,24.4,23.6,23.88,5765000,VCI
2021-09-01 07:00:00,23.8,24.12,23.48,23.88,5253700,VCI
2021-09-06 07:00:00,24.2,24.36,23.72,24.32,6138100,VCI
2021-09-07 07:00:00,24.4,25.98,24.4,25.51,9923700,VCI
2021-09-08 07:00:00,25.79,25.79,24.71,25.07,5975100,VCI
2021-09-09 07:00:00,24.99,25.19,24.64,25.19,4864700,VCI
2021-09-10 07:00:00,25.19,25.9,25.15,25.39,4718900,VCI
2021-09-13 07:00:00,25.23,25.35,24.79,25.23,4723600,VCI
2021-09-14 07:00:00,25.19,25.19,24.79,24.83,2986700,VCI
2021-09-15 07:00:00,24.6,25.15,24.32,24.79,2861600,VCI
2021-09-16 07:00:00,24.79,25.15,24.75,24.91,2269600,VCI
2021-09-17 07:00:00,24.95,26.18,24.87,25.19,11472700,VCI
2021-09-20 07:00:00,25.9,25.9,25.27,25.43,5330600,VCI
2021-09-21 07:00:00,25.03,25.43,24.71,25.27,4799100,VCI
2021-09-22 07:00:00,25.11,25.23,24.83,25.15,3952200,VCI
2021-09-23 07:00:00,25.39,25.55,25.07,25.07,3882400,VCI
2021-09-24 07:00:00,25.11,25.19,24.79,24.79,2456700,VCI
2021-09-27 07:00:00,24.79,24.95,23.21,23.21,6777900,VCI
2021-09-28 07:00:00,23.09,24.0,23.05,24.0,3703000,VCI
2021-09-29 07:00:00,23.8,23.88,23.4,23.64,2258900,VCI
2021-09-30 07:00:00,23.8,23.96,23.48,23.6,1776200,VCI
2021-10-01 07:00:00,23.52,23.72,22.81,22.89,4775900,VCI
2021-10-04 07:00:00,22.65,22.81,21.86,22.1,6105700,VCI
2021-10-05 07:00:00,22.61,23.6,22.49,23.6,4807800,VCI
2021-10-06 07:00:00,23.76,23.8,23.29,23.6,2300200,VCI
2021-10-07 07:00:00,23.6,24.16,23.33,24.0,3740100,VCI
2021-10-08 07:00:00,24.16,24.52,23.92,24.4,3574600,VCI
2021-10-11 07:00:00,24.75,24.83,24.4,24.64,2472000,VCI
2021-10-12 07:00:00,24.6,24.68,24.24,24.48,3444000,VCI
2021-10-13 07:00:00,24.48,24.6,24.16,24.28,2534700,VCI
2021-10-14 07:00:00,24.32,24.79,24.28,24.56,2976900,VCI
2021-10-15 07:00:00,24.6,24.99,24.52,24.71,2857200,VCI
2021-10-18 07:00:00,24.75,25.75,24.52,25.47,7532200,VCI
2021-10-19 07:00:00,25.51,26.42,25.35,25.75,7443400,VCI
2021-10-20 07:00:00,25.98,25.98,25.07,25.35,4645200,VCI
2021-10-21 07:00:00,25.51,25.59,24.95,25.19,3704900,VCI
2021-10-22 07:00:00,25.39,25.39,24.4,24.56,7264900,VCI
2021-10-25 07:00:00,24.32,24.52,23.68,23.8,7522100,VCI
2021-10-26 07:00:00,23.64,24.48,23.44,24.32,2783700,VCI
2021-10-27 07:00:00,24.44,25.11,24.24,25.11,3081900,VCI
2021-10-28 07:00:00,25.31,26.14,25.23,25.35,7621200,VCI
2021-10-29 07:00:00,25.59,25.71,24.99,25.43,5225600,VCI
2021-11-01 07:00:00,25.67,27.13,25.63,26.98,12424300,VCI
2021-11-02 07:00:00,27.06,27.85,27.02,27.57,7007500,VCI
2021-11-03 07:00:00,27.77,27.77,26.98,27.13,7036800,VCI
2021-11-04 07:00:00,27.17,28.96,27.17,28.52,6994900,VCI
2021-11-05 07:00:00,28.64,28.8,28.28,28.44,4128700,VCI
2021-11-08 07:00:00,28.44,29.32,28.2,28.84,4056900,VCI
2021-11-09 07:00:00,28.56,28.96,28.09,28.76,6082700,VCI
2021-11-10 07:00:00,28.88,29.36,28.6,29.0,4880600,VCI
2021-11-11 07:00:00,29.0,29.28,28.13,28.32,7613600,VCI
2021-11-12 07:00:00,28.32,28.8,28.17,28.56,3523200,VCI
2021-11-15 07:00:00,29.0,29.75,28.56,28.84,4210600,VCI
2021-11-16 07:00:00,28.56,28.92,28.09,28.28,4419100,VCI
2021-11-17 07:00:00,28.56,29.87,28.36,28.8,5138100,VCI
2021-11-18 07:00:00,29.36,30.7,29.16,30.35,7314800,VCI
2021-11-19 07:00:00,30.55,30.55,28.24,29.36,6929100,VCI
2021-11-22 07:00:00,29.2,29.83,28.48,28.76,5141600,VCI
2021-11-23 07:00:00,28.6,29.83,28.32,29.83,4130700,VCI
2021-11-24 07:00:00,31.34,31.34,30.39,30.7,7249800,VCI
2021-11-25 07:00:00,30.7,32.05,30.35,31.97,5604900,VCI
2021-11-26 07:00:00,31.9,32.05,30.94,31.18,5493100,VCI
2021-11-29 07:00:00,30.35,31.5,30.35,31.22,3716300,VCI
2021-11-30 07:00:00,31.58,32.53,30.94,31.66,5704100,VCI
2021-12-01 07:00:00,31.5,31.66,30.74,31.02,2946900,VCI
2021-12-02 07:00:00,31.06,31.7,30.7,31.02,2540800,VCI
2021-12-03 07:00:00,31.34,31.42,29.08,29.08,5301500,VCI
2021-12-06 07:00:00,29.16,29.67,27.1,28.56,5826700,VCI
2021-12-07 07:00:00,28.92,29.24,28.36,28.88,3704700,VCI
2021-12-08 07:00:00,28.96,29.55,28.76,29.24,2474300,VCI
2021-12-09 07:00:00,28.96,30.15,28.96,30.15,2369500,VCI
2021-12-10 07:00:00,30.27,30.55,29.87,30.23,2280200,VCI
2021-12-13 07:00:00,30.47,30.86,29.95,30.66,2274900,VCI
2021-12-14 07:00:00,30.78,30.94,30.27,30.35,2277400,VCI
2021-12-15 07:00:00,30.35,30.47,29.75,29.87,2182000,VCI
2021-12-16 07:00:00,30.35,30.35,29.2,29.32,2949000,VCI
2021-12-17 07:00:00,29.72,30.4,29.36,30.24,3298300,VCI
2021-12-20 07:00:00,30.12,31.45,30.04,30.93,3250700,VCI
2021-12-21 07:00:00,30.65,31.13,30.36,30.36,2128100,VCI
2021-12-22 07:00:00,30.57,30.57,29.52,29.68,2984300,VCI
2021-12-23 07:00:00,29.52,29.64,27.9,28.43,4918900,VCI
2021-12-24 07:00:00,29.03,29.03,28.35,28.91,1611100,VCI
2021-12-27 07:00:00,29.4,29.4,28.67,28.87,1214000,VCI
2021-12-28 07:00:00,28.79,29.2,28.63,28.63,1892100,VCI
2021-12-29 07:00:00,28.63,29.32,28.43,28.95,1343600,VCI
2021-12-30 07:00:00,29.07,30.04,29.07,29.8,1680400,VCI
2021-12-31 07:00:00,29.96,30.0,29.24,29.36,1168200,VCI
2022-01-04 07:00:00,29.52,30.16,29.28,30.0,2614500,VCI
2022-01-05 07:00:00,30.28,30.53,29.68,29.68,2062300,VCI
2022-01-06 07:00:00,29.56,29.92,29.24,29.24,2457900,VCI
2022-01-07 07:00:00,29.07,29.48,28.83,29.07,2293700,VCI
2022-01-10 07:00:00,29.03,29.16,27.42,27.42,3317800,VCI
2022-01-11 07:00:00,27.66,28.23,25.81,25.97,5277900,VCI
2022-01-12 07:00:00,26.01,26.82,25.16,26.61,4082600,VCI
2022-01-13 07:00:00,27.02,27.02,25.4,25.4,2861300,VCI
2022-01-14 07:00:00,25.2,25.65,25.04,25.04,2309100,VCI
2022-01-17 07:00:00,25.08,25.08,23.31,23.31,7520800,VCI
2022-01-18 07:00:00,22.82,23.27,21.7,21.7,4877300,VCI
2022-01-19 07:00:00,22.46,23.19,22.26,23.19,3246000,VCI
2022-01-20 07:00:00,23.79,24.28,23.11,24.07,2513200,VCI
2022-01-21 07:00:00,24.2,24.2,23.19,23.35,2397500,VCI
2022-01-24 07:00:00,22.82,22.98,21.74,21.74,4075800,VCI
2022-01-25 07:00:00,21.29,22.1,21.29,21.98,2237500,VCI
2022-01-26 07:00:00,22.02,22.34,21.7,21.94,1419900,VCI
2022-01-27 07:00:00,21.94,22.74,21.78,22.22,1286300,VCI
2022-01-28 07:00:00,22.22,22.7,22.1,22.58,1478000,VCI
2022-02-07 07:00:00,22.94,24.16,22.9,23.63,2641100,VCI
2022-02-08 07:00:00,23.47,24.36,23.31,23.99,2560900,VCI
2022-02-09 07:00:00,24.2,24.8,23.95,24.4,2231900,VCI
2022-02-10 07:00:00,24.2,24.96,24.11,24.32,2016300,VCI
2022-02-11 07:00:00,24.28,24.92,23.99,24.64,2418800,VCI
2022-02-14 07:00:00,24.07,24.36,22.94,22.94,3309000,VCI
2022-02-15 07:00:00,23.27,23.51,22.78,23.39,2170300,VCI
2022-02-16 07:00:00,23.59,24.2,23.51,23.91,1136400,VCI
2022-02-17 07:00:00,24.11,24.11,23.63,23.83,1337700,VCI
2022-02-18 07:00:00,23.55,24.56,23.55,24.4,2963600,VCI
2022-02-21 07:00:00,24.56,25.28,24.52,25.2,2835300,VCI
2022-02-22 07:00:00,24.64,25.0,24.07,24.6,3721800,VCI
2022-02-23 07:00:00,24.72,25.12,24.6,24.72,2218200,VCI
2022-02-24 07:00:00,24.56,25.2,23.39,24.4,3898500,VCI
2022-02-25 07:00:00,24.92,25.65,24.64,25.12,4092800,VCI
2022-02-28 07:00:00,25.12,25.53,25.0,25.16,2157200,VCI
2022-03-01 07:00:00,25.32,26.01,25.0,25.61,3464200,VCI
2022-03-02 07:00:00,25.28,25.81,24.92,25.32,3559600,VCI
2022-03-03 07:00:00,25.4,25.48,25.04,25.36,1931500,VCI
2022-03-04 07:00:00,25.57,26.13,25.48,25.61,2947500,VCI
2022-03-07 07:00:00,25.16,25.61,25.04,25.24,2980600,VCI
2022-03-08 07:00:00,25.0,26.13,24.8,25.24,5363600,VCI
2022-03-09 07:00:00,25.48,25.77,25.16,25.57,2610000,VCI
2022-03-10 07:00:00,26.21,26.49,25.44,25.44,3166800,VCI
2022-03-11 07:00:00,25.44,25.44,24.84,25.0,3509700,VCI
2022-03-14 07:00:00,24.8,24.8,23.35,23.59,4849600,VCI
2022-03-15 07:00:00,23.31,23.83,23.31,23.47,1955400,VCI
2022-03-16 07:00:00,23.59,24.03,23.51,23.67,869200,VCI
2022-03-17 07:00:00,23.99,24.32,23.75,23.75,1557500,VCI
2022-03-18 07:00:00,23.79,23.95,23.59,23.59,2389900,VCI
2022-03-21 07:00:00,23.87,23.99,23.55,23.99,1269100,VCI
2022-03-22 07:00:00,24.16,24.28,23.79,24.11,1484200,VCI
2022-03-23 07:00:00,24.48,24.48,23.79,23.83,2050600,VCI
2022-03-24 07:00:00,23.83,23.95,23.39,23.59,2254500,VCI
2022-03-25 07:00:00,23.59,23.63,23.15,23.23,3561200,VCI
2022-03-28 07:00:00,22.98,23.23,22.06,22.78,4455000,VCI
2022-03-29 07:00:00,23.03,23.39,22.98,23.19,1291900,VCI
2022-03-30 07:00:00,22.98,23.59,22.98,23.07,1646100,VCI
2022-03-31 07:00:00,23.15,23.19,22.62,22.62,1747200,VCI
2022-04-01 07:00:00,22.58,23.19,22.38,23.19,1867600,VCI
2022-04-04 07:00:00,23.47,24.52,23.47,23.87,4261300,VCI
2022-04-05 07:00:00,23.99,24.28,23.59,23.59,1460700,VCI
2022-04-06 07:00:00,23.39,23.87,23.23,23.47,1842800,VCI
2022-04-07 07:00:00,23.51,23.95,23.03,23.07,2076900,VCI
2022-04-08 07:00:00,23.07,23.39,22.58,22.58,2152200,VCI
2022-04-12 07:00:00,22.58,22.7,21.53,21.53,2226500,VCI
2022-04-13 07:00:00,21.61,22.18,21.17,21.78,1922900,VCI
2022-04-14 07:00:00,22.02,22.38,21.45,21.45,1350100,VCI
2022-04-15 07:00:00,21.37,21.57,20.16,20.16,3092300,VCI
2022-04-18 07:00:00,19.68,19.68,18.75,18.75,3608400,VCI
2022-04-19 07:00:00,19.03,19.4,17.98,18.15,2395800,VCI
2022-04-20 07:00:00,18.35,18.49,17.54,17.54,2558000,VCI
2022-04-21 07:00:00,17.18,18.63,17.18,18.15,3134300,VCI
2022-04-22 07:00:00,18.39,18.67,17.38,17.98,1678200,VCI
2022-04-25 07:00:00,17.76,18.15,16.74,16.74,2407500,VCI
2022-04-26 07:00:00,16.45,17.1,15.56,16.94,3851700,VCI
2022-04-27 07:00:00,16.9,17.08,16.45,16.61,1218500,VCI
2022-04-28 07:00:00,16.57,16.92,16.13,16.13,1555100,VCI
2022-04-29 07:00:00,16.09,17.02,15.89,16.96,3116100,VCI
2022-05-04 07:00:00,16.96,17.2,16.53,16.53,1258400,VCI
2022-05-05 07:00:00,16.86,16.86,15.91,16.11,1541900,VCI
2022-05-06 07:00:00,15.65,15.81,15.0,15.0,4006700,VCI
2022-05-09 07:00:00,14.19,14.42,13.95,13.95,2973400,VCI
2022-05-10 07:00:00,13.06,14.32,13.06,14.19,3532600,VCI
2022-05-11 07:00:00,14.26,14.3,13.71,13.99,1181500,VCI
2022-05-12 07:00:00,13.75,13.91,13.02,13.02,3083200,VCI
2022-05-13 07:00:00,13.02,13.06,12.12,12.12,6020000,VCI
2022-05-16 07:00:00,12.92,12.96,12.52,12.52,3833000,VCI
2022-05-17 07:00:00,12.62,13.39,12.54,13.39,2200700,VCI
2022-05-18 07:00:00,13.91,14.32,13.83,14.32,6488500,VCI
2022-05-19 07:00:00,13.91,15.12,13.79,15.04,5370500,VCI
2022-05-20 07:00:00,15.24,15.44,14.66,14.96,3755300,VCI
2022-05-23 07:00:00,14.96,14.96,13.93,14.24,6221200,VCI
2022-05-24 07:00:00,14.03,14.82,13.35,14.82,5151200,VCI
2022-05-25 07:00:00,14.82,15.73,14.72,15.73,6219000,VCI
2022-05-26 07:00:00,15.56,16.13,15.44,15.81,5454000,VCI
2022-05-27 07:00:00,15.61,16.09,15.46,15.93,4433700,VCI
2022-05-30 07:00:00,15.97,16.21,15.69,15.83,4072200,VCI
2022-05-31 07:00:00,15.69,15.99,15.46,15.73,5333100,VCI
2022-06-01 07:00:00,15.56,16.01,15.18,15.83,4294200,VCI
2022-06-02 07:00:00,15.85,16.45,15.79,15.81,5278000,VCI
2022-06-03 07:00:00,15.81,16.13,15.48,15.79,3348800,VCI
2022-06-06 07:00:00,15.69,16.41,15.63,15.89,4794500,VCI
2022-06-07 07:00:00,15.65,15.85,15.04,15.79,4617100,VCI
2022-06-08 07:00:00,15.93,16.88,15.83,16.88,6819500,VCI
2022-06-09 07:00:00,16.94,17.26,16.67,16.74,3162800,VCI
2022-06-10 07:00:00,16.45,16.8,15.73,15.73,4725600,VCI
2022-06-13 07:00:00,14.92,15.28,14.64,14.64,6817000,VCI
2022-06-14 07:00:00,14.24,14.64,13.73,13.79,3327900,VCI
2022-06-15 07:00:00,13.79,13.95,12.84,12.98,5121900,VCI
2022-06-16 07:00:00,13.67,13.67,12.3,12.9,3201100,VCI
2022-06-17 07:00:00,12.3,12.58,12.1,12.48,4459600,VCI
2022-06-20 07:00:00,12.7,12.86,11.61,11.61,5013000,VCI
2022-06-21 07:00:00,11.41,12.42,11.39,12.38,5969200,VCI
2022-06-22 07:00:00,12.74,13.23,12.7,13.23,3425000,VCI
2022-06-23 07:00:00,13.11,13.63,12.78,13.63,3843800,VCI
2022-06-24 07:00:00,13.39,13.89,13.31,13.59,4092400,VCI
2022-06-27 07:00:00,13.77,14.52,13.73,14.52,3225100,VCI
2022-06-28 07:00:00,14.44,14.52,14.11,14.11,3137600,VCI
2022-06-29 07:00:00,13.97,14.72,13.91,14.32,3309400,VCI
2022-06-30 07:00:00,14.36,14.48,13.33,13.33,3204000,VCI
2022-07-01 07:00:00,13.39,14.26,13.11,14.26,4291000,VCI
2022-07-04 07:00:00,14.72,15.24,14.64,14.76,3838100,VCI
2022-07-05 07:00:00,14.64,15.1,14.5,14.64,3771200,VCI
2022-07-06 07:00:00,14.32,14.96,14.13,14.13,4198100,VCI
2022-07-07 07:00:00,14.15,14.4,13.97,14.4,2266900,VCI
2022-07-08 07:00:00,14.52,15.24,14.48,14.96,4204000,VCI
2022-07-11 07:00:00,14.76,15.04,13.97,14.4,4049900,VCI
2022-07-12 07:00:00,14.48,14.98,14.22,14.9,3364000,VCI
2022-07-13 07:00:00,14.94,15.24,14.64,14.66,3307800,VCI
2022-07-14 07:00:00,14.6,15.67,14.6,15.67,6008000,VCI
2022-07-15 07:00:00,15.93,15.93,15.32,15.32,3692600,VCI
2022-07-18 07:00:00,15.52,15.83,15.28,15.5,3762600,VCI
2022-07-19 07:00:00,15.44,15.65,14.92,15.32,6500400,VCI
2022-07-20 07:00:00,15.61,16.29,15.52,15.97,6277100,VCI
2022-07-21 07:00:00,15.73,16.07,15.61,15.67,3307700,VCI
2022-07-22 07:00:00,15.67,15.81,15.32,15.32,3539800,VCI
2022-07-25 07:00:00,15.12,15.91,14.96,15.56,5304600,VCI
2022-07-26 07:00:00,15.56,15.67,15.2,15.2,2133200,VCI
2022-07-27 07:00:00,15.12,15.61,15.06,15.48,2419600,VCI
2022-07-28 07:00:00,15.73,16.13,15.67,15.69,5701300,VCI
2022-07-29 07:00:00,15.77,16.45,15.77,16.33,8041100,VCI
2022-08-01 07:00:00,16.41,17.34,16.41,17.34,6370700,VCI
2022-08-02 07:00:00,17.22,17.58,17.02,17.22,5901400,VCI
2022-08-03 07:00:00,17.06,17.74,17.02,17.74,6689400,VCI
2022-08-04 07:00:00,17.74,17.86,17.36,17.58,5057100,VCI
2022-08-05 07:00:00,17.5,18.33,17.42,18.33,7298700,VCI
2022-08-08 07:00:00,18.31,18.55,18.25,18.55,4908400,VCI
2022-08-09 07:00:00,18.55,19.13,18.37,19.03,4602100,VCI
2022-08-10 07:00:00,18.83,19.4,18.81,19.24,4464900,VCI
2022-08-11 07:00:00,19.44,19.66,17.98,18.19,14334400,VCI
2022-08-12 07:00:00,18.15,19.32,18.07,19.32,5954000,VCI
2022-08-15 07:00:00,19.56,19.56,18.67,18.71,7099200,VCI
2022-08-16 07:00:00,18.55,18.93,18.55,18.87,7593000,VCI
2022-08-17 07:00:00,20.02,20.02,19.06,19.13,7479800,VCI
2022-08-18 07:00:00,19.08,19.71,18.87,19.4,4466300,VCI
2022-08-19 07:00:00,19.48,19.48,19.0,19.29,4134600,VCI
2022-08-22 07:00:00,19.16,19.32,18.66,18.82,4305300,VCI
2022-08-23 07:00:00,18.45,20.08,18.45,20.08,7160000,VCI
2022-08-24 07:00:00,20.08,20.31,19.84,20.05,3607200,VCI
2022-08-25 07:00:00,20.16,20.37,20.05,20.16,3436200,VCI
2022-08-26 07:00:00,20.18,20.18,19.5,19.61,5902400,VCI
2022-08-29 07:00:00,19.13,19.92,18.61,19.92,7971100,VCI
2022-08-30 07:00:00,20.1,20.16,19.45,19.45,4319000,VCI
2022-08-31 07:00:00,19.4,19.71,19.16,19.45,3968200,VCI
2022-09-05 07:00:00,19.45,19.95,19.24,19.61,4934700,VCI
2022-09-06 07:00:00,19.82,20.13,19.58,19.74,6406300,VCI
2022-09-07 07:00:00,19.71,20.55,19.68,19.82,11774900,VCI
2022-09-08 07:00:00,20.02,20.08,19.19,19.19,6190500,VCI
2022-09-09 07:00:00,19.34,19.45,18.14,19.4,8437000,VCI
2022-09-12 07:00:00,19.4,19.66,18.77,18.77,4540000,VCI
2022-09-13 07:00:00,18.85,19.03,18.37,18.72,4987100,VCI
2022-09-14 07:00:00,18.35,19.5,18.24,19.29,7098100,VCI
2022-09-15 07:00:00,19.29,19.4,18.9,18.9,3008900,VCI
2022-09-16 07:00:00,18.85,18.87,18.14,18.3,5047800,VCI
2022-09-19 07:00:00,18.27,18.27,17.04,17.04,7136000,VCI
2022-09-20 07:00:00,17.14,17.54,16.46,17.4,7322100,VCI
2022-09-21 07:00:00,17.2,17.43,16.93,17.04,2827000,VCI
2022-09-22 07:00:00,16.83,17.72,16.83,17.67,6443300,VCI
2022-09-23 07:00:00,17.64,17.74,17.09,17.09,3673800,VCI
2022-09-26 07:00:00,16.51,16.75,15.91,16.09,8031600,VCI
2022-09-27 07:00:00,16.25,16.64,15.99,16.15,3785500,VCI
2022-09-28 07:00:00,16.04,16.54,16.04,16.15,5342500,VCI
2022-09-29 07:00:00,16.51,16.54,15.1,15.1,4745200,VCI
2022-09-30 07:00:00,14.94,15.54,14.15,15.41,6727900,VCI
2022-10-03 07:00:00,15.2,15.23,14.34,14.34,5690900,VCI
2022-10-04 07:00:00,14.57,14.68,13.42,13.42,5296300,VCI
2022-10-05 07:00:00,13.84,14.34,13.63,14.34,4735100,VCI
2022-10-06 07:00:00,14.21,14.42,13.34,13.34,4574000,VCI
2022-10-07 07:00:00,12.84,13.21,12.42,12.74,7873900,VCI
2022-10-10 07:00:00,12.74,13.63,12.74,13.63,7597500,VCI
2022-10-11 07:00:00,13.63,13.87,12.69,12.9,6959000,VCI
2022-10-12 07:00:00,13.16,13.79,12.98,13.79,6006600,VCI
2022-10-13 07:00:00,13.68,14.05,13.6,14.05,5024600,VCI
2022-10-14 07:00:00,14.47,14.78,14.31,14.47,7642800,VCI
2022-10-17 07:00:00,14.23,14.91,13.94,14.91,7777000,VCI
2022-10-18 07:00:00,15.2,15.2,14.52,14.6,6951500,VCI
2022-10-19 07:00:00,14.65,14.81,14.5,14.52,4350000,VCI
2022-10-20 07:00:00,14.44,14.6,14.1,14.15,5043400,VCI
2022-10-21 07:00:00,14.18,14.23,13.18,13.18,8346900,VCI
2022-10-24 07:00:00,13.11,13.32,12.27,12.27,8286700,VCI
2022-10-25 07:00:00,12.53,13.11,11.53,12.42,7599800,VCI
2022-10-26 07:00:00,12.76,12.79,12.0,12.0,3312300,VCI
2022-10-27 07:00:00,12.32,12.84,12.03,12.84,5603300,VCI
2022-10-28 07:00:00,13.24,13.47,13.05,13.05,7333600,VCI
2022-10-31 07:00:00,13.05,13.81,12.74,13.74,10627600,VCI
2022-11-01 07:00:00,14.0,14.26,13.84,13.87,6010100,VCI
2022-11-02 07:00:00,13.89,14.1,13.63,13.68,6100700,VCI
2022-11-03 07:00:00,13.47,14.26,13.42,14.1,7704300,VCI
2022-11-04 07:00:00,13.89,14.05,13.13,13.13,10837400,VCI
2022-11-07 07:00:00,13.16,13.32,12.21,12.21,9200600,VCI
2022-11-08 07:00:00,11.69,12.71,11.64,12.69,7424000,VCI
2022-11-09 07:00:00,12.84,13.11,12.21,12.32,5152800,VCI
2022-11-10 07:00:00,12.06,12.19,11.48,11.48,4953400,VCI
2022-11-11 07:00:00,11.8,11.85,10.69,10.69,12097800,VCI
2022-11-14 07:00:00,10.01,10.3,9.96,9.96,4140500,VCI
2022-11-15 07:00:00,9.28,9.41,9.28,9.28,2873300,VCI
2022-11-16 07:00:00,8.65,9.91,8.65,9.91,17152000,VCI
2022-11-17 07:00:00,10.06,10.43,9.88,10.22,7310000,VCI
2022-11-18 07:00:00,10.09,10.62,9.52,10.17,10258000,VCI
2022-11-21 07:00:00,10.28,10.35,9.75,9.91,6192100,VCI
2022-11-22 07:00:00,9.72,10.59,9.72,10.59,12588100,VCI
2022-11-23 07:00:00,10.38,10.98,10.06,10.06,4951700,VCI
2022-11-24 07:00:00,10.01,10.33,9.49,10.22,5551100,VCI
2022-11-25 07:00:00,10.48,10.93,10.2,10.93,8661400,VCI
2022-11-28 07:00:00,11.45,11.69,11.38,11.69,6647900,VCI
2022-11-29 07:00:00,12.0,12.5,11.61,12.16,15160100,VCI
2022-11-30 07:00:00,12.06,13.0,11.85,12.87,9103500,VCI
2022-12-01 07:00:00,13.11,13.52,12.24,12.34,10521900,VCI
2022-12-02 07:00:00,12.32,13.18,12.08,13.18,8926300,VCI
2022-12-05 07:00:00,13.74,14.1,13.5,14.1,11375100,VCI
2022-12-06 07:00:00,13.84,14.15,13.13,13.13,15396800,VCI
2022-12-07 07:00:00,13.11,13.58,12.5,13.34,8550000,VCI
2022-12-08 07:00:00,13.74,14.26,13.66,14.26,11228900,VCI
2022-12-09 07:00:00,14.31,14.42,13.74,13.94,7896900,VCI
2022-12-12 07:00:00,13.94,14.44,12.98,12.98,13133500,VCI
2022-12-13 07:00:00,13.11,13.87,12.71,13.87,7895400,VCI
2022-12-14 07:00:00,14.15,14.31,13.74,13.81,5792800,VCI
2022-12-15 07:00:00,13.81,14.31,13.71,14.21,6996900,VCI
2022-12-16 07:00:00,14.1,14.65,14.0,14.63,9344200,VCI
2022-12-19 07:00:00,14.68,15.36,14.15,14.15,9597700,VCI
2022-12-20 07:00:00,14.15,14.31,13.26,13.58,10273400,VCI
2022-12-21 07:00:00,14.05,14.05,12.63,13.37,10296000,VCI
2022-12-22 07:00:00,13.5,13.68,12.84,13.52,4108100,VCI
2022-12-23 07:00:00,13.52,13.52,12.95,12.95,3371200,VCI
2022-12-26 07:00:00,13.08,13.08,12.06,12.06,6100300,VCI
2022-12-27 07:00:00,12.16,12.9,11.95,12.9,4716900,VCI
2022-12-28 07:00:00,12.98,13.36,12.81,13.11,3672700,VCI
2022-12-29 07:00:00,12.92,13.08,12.62,12.62,2566600,VCI
2022-12-30 07:00:00,12.73,12.9,12.57,12.57,2313200,VCI
2023-01-03 07:00:00,12.57,13.44,12.57,13.44,4584500,VCI
2023-01-04 07:00:00,13.68,13.84,13.46,13.62,4711000,VCI
2023-01-05 07:00:00,13.65,14.17,13.54,14.11,6055400,VCI
2023-01-06 07:00:00,14.17,14.38,13.79,13.84,5136300,VCI
2023-01-09 07:00:00,14.03,14.19,13.84,13.98,5044400,VCI
2023-01-10 07:00:00,13.98,14.33,13.6,14.22,4208300,VCI
2023-01-11 07:00:00,14.49,14.98,14.25,14.79,8070600,VCI
2023-01-12 07:00:00,14.87,14.87,14.41,14.52,4673200,VCI
2023-01-13 07:00:00,14.76,15.27,14.76,15.0,7797200,VCI
2023-01-16 07:00:00,15.11,15.52,14.79,15.22,4622200,VCI
2023-01-17 07:00:00,15.41,16.17,15.33,16.17,5096100,VCI
2023-01-18 07:00:00,16.0,16.22,15.73,16.06,9779900,VCI
2023-01-19 07:00:00,15.84,16.65,15.84,16.22,3833100,VCI
2023-01-27 07:00:00,16.38,16.55,15.92,15.98,5001700,VCI
2023-01-30 07:00:00,15.84,16.33,15.68,15.84,8904600,VCI
2023-01-31 07:00:00,15.84,16.17,15.49,16.17,6235700,VCI
2023-02-01 07:00:00,16.25,16.46,15.06,15.06,9829700,VCI
2023-02-02 07:00:00,15.08,15.25,14.62,14.87,4798100,VCI
2023-02-03 07:00:00,14.98,15.22,14.57,14.71,3437300,VCI
2023-02-06 07:00:00,14.71,14.76,14.33,14.73,4033700,VCI
2023-02-07 07:00:00,14.9,15.38,14.6,14.71,5811300,VCI
2023-02-08 07:00:00,14.9,15.36,14.46,15.14,4737000,VCI
2023-02-09 07:00:00,15.14,15.3,14.71,14.71,3611200,VCI
2023-02-10 07:00:00,14.71,15.0,14.38,14.38,5448100,VCI
2023-02-13 07:00:00,14.11,14.33,13.38,13.52,7917700,VCI
2023-02-14 07:00:00,13.68,14.03,13.57,13.71,2433800,VCI
2023-02-15 07:00:00,13.76,14.22,13.68,14.11,3665000,VCI
2023-02-16 07:00:00,14.33,14.6,14.14,14.6,4417000,VCI
2023-02-17 07:00:00,14.6,14.65,14.33,14.57,3789200,VCI
2023-02-20 07:00:00,14.6,15.57,14.6,15.57,6506100,VCI
2023-02-21 07:00:00,15.68,15.73,15.36,15.36,5389400,VCI
2023-02-22 07:00:00,15.06,15.49,14.6,14.6,7461100,VCI
2023-02-23 07:00:00,14.6,15.03,14.14,15.03,5032800,VCI
2023-02-24 07:00:00,15.03,15.06,14.22,14.27,3293100,VCI
2023-02-27 07:00:00,13.95,14.11,13.62,13.62,3597800,VCI
2023-02-28 07:00:00,13.95,14.06,13.73,13.9,2529400,VCI
2023-03-01 07:00:00,13.79,14.79,13.73,14.79,4991200,VCI
2023-03-02 07:00:00,14.76,14.84,14.38,14.54,1986200,VCI
2023-03-03 07:00:00,14.57,14.62,13.95,13.95,3888900,VCI
2023-03-06 07:00:00,14.3,14.57,14.06,14.08,2398400,VCI
2023-03-07 07:00:00,14.22,14.65,14.22,14.54,3598200,VCI
2023-03-08 07:00:00,14.33,15.19,14.3,15.19,5816200,VCI
2023-03-09 07:00:00,15.3,15.38,15.03,15.14,4767800,VCI
2023-03-10 07:00:00,14.98,15.19,14.79,15.06,4746700,VCI
2023-03-13 07:00:00,14.9,15.44,14.76,15.36,6733400,VCI
2023-03-14 07:00:00,15.36,15.36,14.71,14.76,6446500,VCI
2023-03-15 07:00:00,15.36,15.79,15.22,15.79,8406200,VCI
2023-03-16 07:00:00,15.84,16.11,15.71,15.73,10450100,VCI
2023-03-17 07:00:00,16.08,16.08,15.54,15.92,9954900,VCI
2023-03-20 07:00:00,15.79,15.95,15.08,15.14,7390500,VCI
2023-03-21 07:00:00,15.41,15.84,15.19,15.84,6193200,VCI
2023-03-22 07:00:00,15.92,16.41,15.87,15.92,7489100,VCI
2023-03-23 07:00:00,15.82,16.98,15.73,16.98,11235800,VCI
2023-03-24 07:00:00,17.03,17.19,16.76,16.79,6358600,VCI
2023-03-27 07:00:00,16.95,17.57,16.95,17.3,7184300,VCI
2023-03-28 07:00:00,17.36,17.46,17.08,17.14,7685200,VCI
2023-03-29 07:00:00,17.17,17.73,17.17,17.73,6230100,VCI
2023-03-30 07:00:00,17.92,18.11,17.36,17.36,6208600,VCI
2023-03-31 07:00:00,17.03,17.57,16.82,17.36,12490700,VCI
2023-04-03 07:00:00,17.73,17.73,17.49,17.65,5513000,VCI
2023-04-04 07:00:00,17.65,18.17,17.46,18.0,8343400,VCI
2023-04-05 07:00:00,17.84,17.98,17.57,17.9,4620100,VCI
2023-04-06 07:00:00,17.9,18.11,17.3,17.3,8039400,VCI
2023-04-07 07:00:00,17.3,17.95,17.19,17.82,6090400,VCI
2023-04-10 07:00:00,18.06,18.09,17.3,17.33,6184000,VCI
2023-04-11 07:00:00,17.36,17.9,17.25,17.9,6911700,VCI
2023-04-12 07:00:00,17.95,17.95,17.55,17.6,3788800,VCI
2023-04-13 07:00:00,17.6,17.63,17.14,17.14,7136700,VCI
2023-04-14 07:00:00,17.27,17.44,16.65,16.65,5917100,VCI
2023-04-17 07:00:00,16.65,17.03,16.46,16.84,3218200,VCI
2023-04-18 07:00:00,16.87,17.41,16.68,17.41,5322300,VCI
2023-04-19 07:00:00,17.41,17.57,16.84,17.0,3703000,VCI
2023-04-20 07:00:00,17.0,17.17,16.68,16.92,2604500,VCI
2023-04-21 07:00:00,16.98,17.52,16.87,17.08,5287000,VCI
2023-04-24 07:00:00,17.06,17.25,16.65,16.84,1711300,VCI
2023-04-25 07:00:00,17.08,17.08,15.98,16.22,6212800,VCI
2023-04-26 07:00:00,16.44,16.84,16.22,16.82,3233600,VCI
2023-04-27 07:00:00,16.87,16.98,16.55,16.68,2783700,VCI
2023-04-28 07:00:00,16.87,17.27,16.76,17.19,5278800,VCI
2023-05-04 07:00:00,16.98,17.79,16.98,17.57,7096600,VCI
2023-05-05 07:00:00,17.57,17.65,17.19,17.25,3856700,VCI
2023-05-08 07:00:00,17.46,17.9,17.36,17.71,5541200,VCI
2023-05-09 07:00:00,17.82,17.82,17.57,17.68,3155300,VCI
2023-05-10 07:00:00,17.84,18.0,17.63,17.65,4674300,VCI
2023-05-11 07:00:00,17.73,17.84,17.46,17.52,5041500,VCI
2023-05-12 07:00:00,17.52,17.9,17.33,17.87,6184300,VCI
2023-05-15 07:00:00,18.17,18.2,17.73,17.76,3484500,VCI
2023-05-16 07:00:00,17.76,18.06,17.7,17.79,3714300,VCI
2023-05-17 07:00:00,17.84,18.03,17.68,17.68,5916500,VCI
2023-05-18 07:00:00,17.79,18.91,17.65,18.61,12336400,VCI
2023-05-19 07:00:00,18.61,18.89,18.25,18.64,4569900,VCI
2023-05-22 07:00:00,18.66,18.89,18.53,18.77,3611200,VCI
2023-05-23 07:00:00,18.86,19.08,18.56,18.58,5623200,VCI
2023-05-24 07:00:00,18.77,19.05,18.56,18.66,5064400,VCI
2023-05-25 07:00:00,18.56,18.77,18.39,18.66,3608600,VCI
2023-05-26 07:00:00,18.72,18.89,18.61,18.66,2610200,VCI
2023-05-29 07:00:00,18.89,19.43,18.66,19.21,4156600,VCI
2023-05-30 07:00:00,19.21,19.43,18.94,19.21,4357000,VCI
2023-05-31 07:00:00,19.05,19.32,18.77,19.0,3902100,VCI
2023-06-01 07:00:00,19.0,19.16,18.72,19.13,3680700,VCI
2023-06-02 07:00:00,19.27,19.71,19.21,19.21,5177300,VCI
2023-06-05 07:00:00,19.35,19.41,18.8,18.86,4630500,VCI
2023-06-06 07:00:00,18.89,19.41,18.72,19.32,5404700,VCI
2023-06-07 07:00:00,19.49,19.54,19.21,19.35,3848700,VCI
2023-06-08 07:00:00,19.35,19.43,18.66,18.66,5574400,VCI
2023-06-09 07:00:00,18.75,19.1,18.25,19.1,6007900,VCI
2023-06-12 07:00:00,19.16,19.16,18.53,19.05,3320600,VCI
2023-06-13 07:00:00,19.19,19.19,18.77,18.83,4330100,VCI
2023-06-14 07:00:00,18.94,19.27,18.8,18.8,5103700,VCI
2023-06-15 07:00:00,18.83,19.02,18.69,18.86,2306500,VCI
2023-06-16 07:00:00,19.13,20.15,19.0,19.27,15111700,VCI
2023-06-19 07:00:00,19.43,20.2,19.32,20.12,8008100,VCI
2023-06-20 07:00:00,20.2,20.31,19.76,20.31,4684900,VCI
2023-06-21 07:00:00,20.37,21.05,20.34,20.7,5999300,VCI
2023-06-22 07:00:00,20.83,20.83,20.37,20.53,4621800,VCI
2023-06-23 07:00:00,20.56,20.7,20.23,20.59,5064900,VCI
2023-06-26 07:00:00,20.59,20.75,19.76,20.59,5359100,VCI
2023-06-27 07:00:00,20.81,20.81,20.48,20.61,3577700,VCI
2023-06-28 07:00:00,20.75,21.03,20.59,20.86,3919800,VCI
2023-06-29 07:00:00,20.86,20.86,19.93,19.93,5029200,VCI
2023-06-30 07:00:00,19.98,20.45,19.93,20.09,4509400,VCI
2023-07-03 07:00:00,20.23,20.53,20.12,20.4,3264200,VCI
2023-07-04 07:00:00,20.42,21.82,20.31,21.82,10563500,VCI
2023-07-05 07:00:00,21.85,21.88,21.44,21.55,4266600,VCI
2023-07-06 07:00:00,21.63,22.4,21.55,22.07,9893800,VCI
2023-07-07 07:00:00,22.07,22.43,21.68,22.4,4065700,VCI
2023-07-10 07:00:00,22.4,22.98,22.4,22.89,5771600,VCI
2023-07-11 07:00:00,22.84,22.92,22.48,22.73,5996700,VCI
2023-07-12 07:00:00,22.84,23.44,22.73,22.73,4473000,VCI
2023-07-13 07:00:00,22.98,23.17,22.78,22.92,2102300,VCI
2023-07-14 07:00:00,23.06,23.47,22.54,23.47,5058100,VCI
2023-07-17 07:00:00,23.61,23.61,23.2,23.22,2650000,VCI
2023-07-18 07:00:00,23.11,23.33,22.84,23.0,2592300,VCI
2023-07-19 07:00:00,23.0,23.72,22.89,23.22,3842200,VCI
2023-07-20 07:00:00,23.22,23.28,22.54,23.06,4913400,VCI
2023-07-21 07:00:00,22.81,23.52,22.67,23.33,5477700,VCI
2023-07-24 07:00:00,23.61,23.69,23.14,23.2,3895500,VCI
2023-07-25 07:00:00,23.2,23.85,23.2,23.61,5425800,VCI
2023-07-26 07:00:00,23.5,23.94,23.44,23.63,3195300,VCI
2023-07-27 07:00:00,23.61,23.91,23.22,23.44,4347300,VCI
2023-07-28 07:00:00,23.41,24.13,23.39,23.77,4092900,VCI
2023-07-31 07:00:00,23.77,24.1,23.47,23.88,3804700,VCI
2023-08-01 07:00:00,23.99,23.99,23.17,23.17,4259000,VCI
2023-08-02 07:00:00,23.08,23.52,23.08,23.39,2403200,VCI
2023-08-03 07:00:00,23.44,23.88,23.41,23.44,2934800,VCI
2023-08-04 07:00:00,23.44,24.46,23.44,24.46,4452100,VCI
2023-08-07 07:00:00,24.62,24.65,24.38,24.6,3008900,VCI
2023-08-08 07:00:00,24.7,24.7,23.99,24.21,3087400,VCI
2023-08-09 07:00:00,23.94,24.26,23.77,23.88,3410000,VCI
2023-08-10 07:00:00,23.83,23.88,23.28,23.33,4749800,VCI
2023-08-11 07:00:00,23.33,23.52,22.92,23.11,6124000,VCI
2023-08-14 07:00:00,23.39,24.4,23.11,23.99,7715600,VCI
2023-08-15 07:00:00,23.99,24.02,23.63,23.69,2735700,VCI
2023-08-16 07:00:00,23.69,23.96,23.33,23.61,3811100,VCI
2023-08-17 07:00:00,23.77,24.4,23.72,23.72,6718700,VCI
2023-08-18 07:00:00,23.55,23.8,22.07,22.07,7422300,VCI
2023-08-21 07:00:00,22.51,22.51,21.96,22.18,6751000,VCI
2023-08-22 07:00:00,22.23,23.33,21.46,23.33,7480100,VCI
2023-08-23 07:00:00,23.52,23.52,22.89,23.06,2845100,VCI
2023-08-24 07:00:00,23.06,23.83,22.95,23.8,4992400,VCI
2023-08-25 07:00:00,23.8,24.29,23.66,23.94,5984300,VCI
2023-08-28 07:00:00,24.16,24.4,23.99,24.16,4133500,VCI
2023-08-29 07:00:00,24.38,24.92,23.99,24.87,6863200,VCI
2023-08-30 07:00:00,24.92,25.8,24.65,25.75,5005600,VCI
2023-08-31 07:00:00,25.66,25.91,25.53,25.86,3796400,VCI
2023-09-05 07:00:00,25.8,25.83,25.44,25.53,7428800,VCI
2023-09-06 07:00:00,25.47,26.41,25.25,26.08,4728500,VCI
2023-09-07 07:00:00,26.24,26.24,25.61,25.64,3980400,VCI
2023-09-08 07:00:00,25.47,25.91,25.42,25.75,2811000,VCI
2023-09-11 07:00:00,26.08,26.84,25.8,26.08,7654700,VCI
2023-09-12 07:00:00,26.19,27.72,26.08,27.72,6366500,VCI
2023-09-13 07:00:00,27.83,27.83,26.79,27.06,4791800,VCI
2023-09-14 07:00:00,27.12,27.12,26.24,26.57,6311000,VCI
2023-09-15 07:00:00,26.63,26.82,26.05,26.19,4209400,VCI
2023-09-18 07:00:00,25.88,26.52,25.61,26.19,3552400,VCI
2023-09-19 07:00:00,26.19,26.49,25.61,26.08,3809700,VCI
2023-09-20 07:00:00,26.3,27.34,26.08,27.34,6186700,VCI
2023-09-21 07:00:00,27.18,27.26,25.8,25.8,6372100,VCI
2023-09-22 07:00:00,25.01,25.12,24.02,24.05,10862600,VCI
2023-09-25 07:00:00,23.91,24.35,22.37,22.37,6683500,VCI
2023-09-26 07:00:00,22.37,23.77,22.12,22.37,8018200,VCI
2023-09-27 07:00:00,23.06,23.61,21.96,23.61,7476400,VCI
2023-09-28 07:00:00,23.33,23.58,22.81,23.11,4681200,VCI
2023-09-29 07:00:00,23.5,23.5,22.34,22.65,6086200,VCI
2023-10-02 07:00:00,22.89,23.28,22.62,22.95,3014100,VCI
2023-10-03 07:00:00,22.62,22.78,21.36,21.36,9283300,VCI
2023-10-04 07:00:00,20.64,22.59,20.59,21.9,6973500,VCI
2023-10-05 07:00:00,21.96,22.23,20.81,20.81,4636500,VCI
2023-10-06 07:00:00,20.81,21.55,20.18,21.41,6300300,VCI
2023-10-09 07:00:00,21.46,22.23,21.19,22.23,3906900,VCI
2023-10-10 07:00:00,22.48,22.92,21.96,21.96,5957200,VCI
2023-10-11 07:00:00,22.23,23.03,21.9,23.03,4911800,VCI
2023-10-12 07:00:00,23.06,23.55,23.0,23.3,6555400,VCI
2023-10-13 07:00:00,22.95,23.33,22.37,23.28,6039700,VCI
2023-10-16 07:00:00,23.06,23.17,22.4,22.45,5075200,VCI
2023-10-17 07:00:00,22.62,22.89,20.89,20.89,3865700,VCI
2023-10-18 07:00:00,21.14,21.55,19.43,20.59,9095600,VCI
2023-10-19 07:00:00,20.53,20.75,19.16,19.16,7133700,VCI
2023-10-20 07:00:00,19.35,20.48,18.86,20.48,6490000,VCI
2023-10-23 07:00:00,20.53,20.59,19.65,19.76,4766500,VCI
2023-10-24 07:00:00,20.09,20.23,19.71,20.23,4344700,VCI
2023-10-25 07:00:00,20.26,20.7,19.87,20.01,3793500,VCI
2023-10-26 07:00:00,19.38,19.46,18.61,18.66,12774800,VCI
2023-10-27 07:00:00,19.02,19.68,18.66,19.54,8382800,VCI
2023-10-30 07:00:00,19.27,19.98,19.16,19.24,5228900,VCI
2023-10-31 07:00:00,19.41,19.43,17.9,17.9,7250600,VCI
2023-11-01 07:00:00,18.01,19.1,17.84,19.1,8332100,VCI
2023-11-02 07:00:00,19.43,20.42,19.3,20.42,8885200,VCI
2023-11-03 07:00:00,20.59,21.14,20.45,20.59,9389400,VCI
2023-11-06 07:00:00,20.97,21.25,20.64,21.25,7280300,VCI
2023-11-07 07:00:00,21.14,21.52,20.81,20.92,7534600,VCI
2023-11-08 07:00:00,20.86,22.37,20.78,22.37,10004300,VCI
2023-11-09 07:00:00,22.51,22.95,22.23,22.23,11078900,VCI
2023-11-10 07:00:00,21.85,22.92,21.82,21.88,10118000,VCI
2023-11-13 07:00:00,21.99,22.23,21.41,22.23,6242600,VCI
2023-11-14 07:00:00,22.84,22.86,22.01,22.23,6117800,VCI
2023-11-15 07:00:00,22.89,23.2,22.26,22.51,7984200,VCI
2023-11-16 07:00:00,22.45,22.78,22.23,22.78,4523100,VCI
2023-11-17 07:00:00,22.84,22.95,21.9,22.12,9494200,VCI
2023-11-20 07:00:00,21.74,22.84,21.74,22.65,6642000,VCI
2023-11-21 07:00:00,22.86,23.2,22.67,23.08,7523800,VCI
2023-11-22 07:00:00,23.08,23.94,23.08,23.94,11028900,VCI
2023-11-23 07:00:00,24.1,24.1,22.26,22.26,8062200,VCI
2023-11-24 07:00:00,22.45,23.06,21.68,23.06,8785600,VCI
2023-11-27 07:00:00,22.95,23.06,22.23,22.23,4355300,VCI
2023-11-28 07:00:00,22.23,22.45,21.66,22.32,6659800,VCI
2023-11-29 07:00:00,22.48,23.17,22.48,22.98,6363000,VCI
2023-11-30 07:00:00,22.98,23.33,22.78,22.78,6095000,VCI
2023-12-01 07:00:00,23.0,23.3,22.4,23.22,6035800,VCI
2023-12-04 07:00:00,23.77,24.57,23.61,24.1,10815700,VCI
2023-12-05 07:00:00,24.1,24.16,23.8,23.94,6772700,VCI
2023-12-06 07:00:00,23.96,24.21,23.8,24.16,5513100,VCI
2023-12-07 07:00:00,23.99,24.16,22.81,23.33,14873400,VCI
2023-12-08 07:00:00,23.33,23.44,22.78,22.95,4738000,VCI
2023-12-11 07:00:00,22.95,23.33,22.56,23.28,4638900,VCI
2023-12-12 07:00:00,23.39,23.39,22.95,23.03,2585000,VCI
2023-12-13 07:00:00,23.22,23.3,22.43,22.45,5249800,VCI
2023-12-14 07:00:00,22.65,22.78,22.23,22.23,5329800,VCI
2023-12-15 07:00:00,22.29,22.81,22.23,22.23,4712100,VCI
2023-12-18 07:00:00,22.48,22.76,22.29,22.48,3032100,VCI
2023-12-19 07:00:00,22.48,22.73,22.23,22.7,3598900,VCI
2023-12-20 07:00:00,22.84,23.0,22.59,22.78,3232100,VCI
2023-12-21 07:00:00,22.7,22.78,22.54,22.73,2185300,VCI
2023-12-22 07:00:00,22.84,23.03,22.29,22.51,3454600,VCI
2023-12-25 07:00:00,22.56,22.84,22.29,22.65,2968900,VCI
2023-12-26 07:00:00,22.84,23.14,22.7,23.06,5328700,VCI
2023-12-27 07:00:00,23.22,23.44,23.08,23.08,4797200,VCI
2023-12-28 07:00:00,23.25,23.61,23.06,23.44,6584800,VCI
2023-12-29 07:00:00,23.5,23.55,23.33,23.47,3832400,VCI
2024-01-02 07:00:00,23.61,23.61,23.08,23.22,7174900,VCI
2024-01-03 07:00:00,23.17,23.44,22.95,23.44,3331800,VCI
2024-01-04 07:00:00,23.5,23.96,23.3,23.3,9108900,VCI
2024-01-05 07:00:00,23.39,23.44,23.14,23.33,3824400,VCI
2024-01-08 07:00:00,23.47,23.77,23.41,23.44,4107100,VCI
2024-01-09 07:00:00,23.61,23.72,23.33,23.44,4475000,VCI
2024-01-10 07:00:00,23.41,23.44,22.89,22.95,7148500,VCI
2024-01-11 07:00:00,23.03,23.39,22.95,23.25,5938000,VCI
2024-01-12 07:00:00,23.06,23.36,22.92,23.06,4644400,VCI
2024-01-15 07:00:00,23.2,23.25,22.51,22.51,4164600,VCI
2024-01-16 07:00:00,22.51,22.89,22.4,22.89,3032100,VCI
2024-01-17 07:00:00,22.95,23.72,22.92,23.06,5977300,VCI
2024-01-18 07:00:00,23.2,23.47,23.08,23.11,2495700,VCI
2024-01-19 07:00:00,23.39,23.41,23.06,23.17,3368200,VCI
2024-01-22 07:00:00,23.39,23.39,22.89,23.22,3709600,VCI
2024-01-23 07:00:00,23.22,23.44,23.14,23.3,4223200,VCI
2024-01-24 07:00:00,23.3,23.72,23.28,23.47,7701900,VCI
2024-01-25 07:00:00,23.55,23.55,23.28,23.39,2119600,VCI
2024-01-26 07:00:00,23.36,23.55,23.33,23.33,2958800,VCI
2024-01-29 07:00:00,23.47,23.5,23.06,23.08,3372200,VCI
2024-01-30 07:00:00,23.08,23.2,22.89,23.08,3707000,VCI
2024-01-31 07:00:00,23.22,23.94,23.17,23.55,11020600,VCI
2024-02-01 07:00:00,23.61,23.74,23.5,23.74,5199700,VCI
2024-02-02 07:00:00,23.99,24.29,23.96,24.02,9589400,VCI
2024-02-05 07:00:00,24.16,24.26,23.94,24.1,5832000,VCI
2024-02-06 07:00:00,24.24,24.95,24.18,24.6,7010200,VCI
2024-02-07 07:00:00,24.7,24.95,24.57,24.76,4952100,VCI
2024-02-15 07:00:00,24.76,25.06,24.7,24.79,7328700,VCI
2024-02-16 07:00:00,24.81,24.95,24.6,24.7,5959300,VCI
2024-02-19 07:00:00,24.7,24.76,24.21,24.7,8327600,VCI
2024-02-20 07:00:00,24.9,25.23,24.65,24.7,6306700,VCI
2024-02-21 07:00:00,24.7,24.73,24.38,24.6,4971000,VCI
2024-02-22 07:00:00,24.43,24.6,24.26,24.29,4365300,VCI
2024-02-23 07:00:00,24.32,24.62,23.91,23.91,7787100,VCI
2024-02-26 07:00:00,23.88,24.92,23.77,24.81,7435300,VCI
2024-02-27 07:00:00,24.81,25.25,24.7,24.95,6491700,VCI
2024-02-28 07:00:00,25.03,25.03,24.62,24.79,5344300,VCI
2024-02-29 07:00:00,24.98,25.44,24.84,25.03,9424600,VCI
2024-03-01 07:00:00,25.31,26.16,25.25,25.72,8593000,VCI
2024-03-04 07:00:00,26.08,26.08,25.64,25.72,4882600,VCI
2024-03-05 07:00:00,25.72,26.24,25.36,26.24,10167500,VCI
2024-03-06 07:00:00,26.3,26.96,25.8,26.08,9161300,VCI
2024-03-07 07:00:00,26.05,27.61,26.05,27.01,15313000,VCI
2024-03-08 07:00:00,27.28,27.28,26.27,26.27,10127700,VCI
2024-03-11 07:00:00,26.27,26.71,26.08,26.16,8024400,VCI
2024-03-12 07:00:00,26.35,26.65,26.13,26.52,7382900,VCI
2024-03-13 07:00:00,26.74,28.33,26.54,28.33,13475100,VCI
2024-03-14 07:00:00,28.6,29.54,28.22,28.66,10358700,VCI
2024-03-15 07:00:00,28.71,30.19,28.27,29.48,10208000,VCI
2024-03-18 07:00:00,29.32,29.7,27.42,28.38,21562700,VCI
2024-03-19 07:00:00,28.66,28.82,27.83,27.83,5305200,VCI
2024-03-20 07:00:00,28.0,29.32,27.78,29.21,9866800,VCI
2024-03-21 07:00:00,29.81,30.3,29.21,29.64,8240100,VCI
2024-03-22 07:00:00,29.64,30.19,29.32,29.48,9072300,VCI
2024-03-25 07:00:00,29.48,29.64,28.49,28.55,8205100,VCI
2024-03-26 07:00:00,28.55,29.21,28.27,29.21,4698600,VCI
2024-03-27 07:00:00,29.37,29.37,28.77,28.99,4596600,VCI
2024-03-28 07:00:00,29.37,30.19,29.1,29.48,9002800,VCI
2024-03-29 07:00:00,29.54,29.92,29.32,29.54,3793300,VCI
2024-04-01 07:00:00,29.32,29.86,28.88,29.43,8169600,VCI
2024-04-02 07:00:00,29.1,29.43,28.55,29.43,12117500,VCI
2024-04-03 07:00:00,29.43,29.86,28.6,28.6,8056900,VCI
2024-04-04 07:00:00,28.55,28.99,28.38,28.55,5630600,VCI
2024-04-05 07:00:00,28.27,28.33,27.28,27.28,7670800,VCI
2024-04-08 07:00:00,27.31,27.89,27.06,27.28,7055600,VCI
2024-04-09 07:00:00,27.45,28.33,27.42,28.33,4962300,VCI
2024-04-10 07:00:00,28.38,28.38,27.83,27.89,2762700,VCI
2024-04-11 07:00:00,27.28,28.22,27.28,28.0,4484000,VCI
2024-04-12 07:00:00,28.38,28.66,27.94,28.6,4884100,VCI
2024-04-15 07:00:00,28.38,28.77,26.63,26.63,9036500,VCI
2024-04-16 07:00:00,26.63,26.63,25.47,26.24,9115300,VCI
2024-04-17 07:00:00,26.57,26.57,24.76,24.76,6900500,VCI
2024-04-19 07:00:00,24.43,25.86,24.43,24.7,10385000,VCI
2024-04-22 07:00:00,25.53,26.35,25.25,25.94,5626800,VCI
2024-04-23 07:00:00,25.8,25.97,24.7,25.01,6489800,VCI
2024-04-24 07:00:00,25.44,26.32,25.36,26.08,8141200,VCI
2024-04-25 07:00:00,26.02,26.08,25.69,25.8,3723400,VCI
2024-04-26 07:00:00,25.53,26.02,25.28,25.8,4847400,VCI
2024-05-02 07:00:00,25.8,25.83,25.09,25.44,4282300,VCI
2024-05-03 07:00:00,25.8,26.13,25.58,25.64,4295500,VCI
2024-05-06 07:00:00,25.99,26.87,25.88,26.63,5341600,VCI
2024-05-07 07:00:00,26.74,26.74,26.21,26.35,4331300,VCI
2024-05-08 07:00:00,26.02,26.87,26.02,26.63,5317000,VCI
2024-05-09 07:00:00,26.65,26.79,26.08,26.35,5622500,VCI
2024-05-10 07:00:00,26.35,26.46,25.97,26.21,4183900,VCI
2024-05-13 07:00:00,26.38,26.65,26.1,26.3,3939900,VCI
2024-05-14 07:00:00,26.35,26.54,26.13,26.16,3254400,VCI
2024-05-15 07:00:00,26.19,27.01,26.19,26.65,7971700,VCI
2024-05-16 07:00:00,27.06,27.09,26.74,26.76,4261000,VCI
2024-05-17 07:00:00,26.82,27.34,26.71,27.01,5004600,VCI
2024-05-20 07:00:00,27.23,27.89,27.09,27.56,9166100,VCI
2024-05-21 07:00:00,27.56,27.89,27.23,27.89,5080200,VCI
2024-05-22 07:00:00,28.0,28.44,27.39,27.45,8228600,VCI
2024-05-23 07:00:00,27.34,27.5,26.41,27.45,6339300,VCI
2024-05-24 07:00:00,27.18,27.45,25.8,26.32,9856900,VCI
2024-05-27 07:00:00,26.32,26.6,26.02,26.1,4765900,VCI
2024-05-28 07:00:00,26.24,26.87,26.24,26.79,6299000,VCI
2024-05-29 07:00:00,26.79,27.01,26.19,26.68,3826100,VCI
2024-05-30 07:00:00,26.24,26.46,25.75,26.19,5531300,VCI
2024-05-31 07:00:00,26.24,26.49,26.08,26.08,2738900,VCI
2024-06-03 07:00:00,26.41,26.76,26.35,26.63,4023000,VCI
2024-06-04 07:00:00,26.68,27.12,26.63,26.96,3808100,VCI
2024-06-05 07:00:00,26.98,27.28,26.76,26.76,4278200,VCI
2024-06-06 07:00:00,26.87,26.98,26.35,26.52,3805900,VCI
2024-06-07 07:00:00,26.74,26.93,26.46,26.54,2581400,VCI
2024-06-10 07:00:00,26.68,27.01,26.63,26.68,3794400,VCI
2024-06-11 07:00:00,26.76,28.0,26.65,28.0,13002100,VCI
2024-06-12 07:00:00,28.0,28.27,27.72,28.11,4317900,VCI
2024-06-13 07:00:00,28.27,28.27,27.83,27.83,5382300,VCI
2024-06-14 07:00:00,28.0,28.33,26.9,26.9,9748400,VCI
2024-06-17 07:00:00,26.87,27.12,26.63,26.71,4001100,VCI
2024-06-18 07:00:00,26.9,27.12,26.68,26.68,3231400,VCI
2024-06-19 07:00:00,26.74,27.28,26.57,26.93,4870900,VCI
2024-06-20 07:00:00,26.93,27.12,26.52,26.74,3237000,VCI
2024-06-21 07:00:00,26.9,26.9,26.46,26.46,4412500,VCI
2024-06-24 07:00:00,26.19,26.46,24.98,24.98,11061000,VCI
2024-06-25 07:00:00,25.09,25.64,25.01,25.64,4327300,VCI
2024-06-26 07:00:00,25.58,25.64,24.98,25.42,2558500,VCI
2024-06-27 07:00:00,25.42,25.53,25.2,25.23,1806000,VCI
2024-06-28 07:00:00,25.23,25.86,25.2,25.31,3801000,VCI
2024-07-01 07:00:00,25.34,25.94,25.31,25.88,2758100,VCI
2024-07-02 07:00:00,25.88,26.16,25.8,25.88,1924200,VCI
2024-07-03 07:00:00,25.99,26.13,25.86,25.91,2180200,VCI
2024-07-04 07:00:00,25.94,26.3,25.78,25.97,1914000,VCI
2024-07-05 07:00:00,26.1,26.19,25.72,25.86,1933200,VCI
2024-07-08 07:00:00,25.97,26.24,25.83,25.91,1936300,VCI
2024-07-09 07:00:00,26.02,26.43,25.91,26.35,4239800,VCI
2024-07-10 07:00:00,26.35,26.35,25.91,25.91,2352800,VCI
2024-07-11 07:00:00,26.24,26.6,26.05,26.35,4746300,VCI
2024-07-12 07:00:00,26.46,26.57,26.13,26.3,2451000,VCI
2024-07-15 07:00:00,26.35,26.54,26.3,26.38,1790600,VCI
2024-07-16 07:00:00,26.38,26.63,26.27,26.3,3394400,VCI
2024-07-17 07:00:00,26.46,26.57,25.47,25.75,4293400,VCI
2024-07-18 07:00:00,25.78,26.16,25.53,26.16,2236100,VCI
2024-07-19 07:00:00,25.97,26.35,25.91,26.08,3058700,VCI
2024-07-22 07:00:00,26.3,26.54,25.88,25.99,4367000,VCI
2024-07-23 07:00:00,26.08,26.19,25.25,25.25,3376600,VCI
2024-07-24 07:00:00,25.14,25.28,24.1,24.6,6226700,VCI
2024-07-25 07:00:00,24.6,24.65,24.16,24.48,2235200,VCI
2024-07-26 07:00:00,24.51,24.73,24.48,24.73,1506000,VCI
2024-07-29 07:00:00,24.98,25.09,24.81,24.81,1267700,VCI
2024-07-30 07:00:00,24.79,24.95,24.43,24.43,1470300,VCI
2024-07-31 07:00:00,24.51,24.92,24.32,24.43,1529300,VCI
2024-08-01 07:00:00,24.62,24.62,23.06,23.11,5979100,VCI
2024-08-02 07:00:00,22.7,24.16,22.62,23.83,3360700,VCI
2024-08-05 07:00:00,23.22,23.63,22.4,22.4,5147900,VCI
2024-08-06 07:00:00,23.0,23.83,22.51,23.61,4594000,VCI
2024-08-07 07:00:00,23.72,24.05,23.33,23.94,1511100,VCI
2024-08-08 07:00:00,23.61,24.13,23.47,23.8,2313900,VCI
2024-08-09 07:00:00,23.96,24.92,23.8,24.87,5778200,VCI
2024-08-12 07:00:00,24.7,25.2,24.6,25.2,2460000,VCI
2024-08-13 07:00:00,25.23,25.23,24.48,25.14,3265400,VCI
2024-08-14 07:00:00,25.25,25.25,24.76,24.87,2362700,VCI
2024-08-15 07:00:00,24.92,25.06,24.43,24.56,1587200,VCI
2024-08-16 07:00:00,24.7,25.98,24.65,25.89,6641800,VCI
2024-08-19 07:00:00,26.03,26.03,25.56,25.62,2343900,VCI
2024-08-20 07:00:00,25.62,26.03,25.4,25.76,4657800,VCI
2024-08-21 07:00:00,25.59,26.17,25.59,26.09,3561400,VCI
2024-08-22 07:00:00,26.14,26.23,25.95,26.23,2953400,VCI
2024-08-23 07:00:00,26.23,26.59,25.89,26.31,3547900,VCI
2024-08-26 07:00:00,26.59,27.03,26.31,26.86,7159700,VCI
2024-08-27 07:00:00,26.59,26.97,26.48,26.61,3495500,VCI
2024-08-28 07:00:00,26.56,26.67,26.03,26.42,5981600,VCI
2024-08-29 07:00:00,26.48,26.61,25.59,25.64,9623400,VCI
2024-08-30 07:00:00,25.64,25.81,25.37,25.73,6321500,VCI
2024-09-04 07:00:00,25.42,25.67,25.31,25.42,3839900,VCI
2024-09-05 07:00:00,25.45,25.73,24.84,24.92,7440800,VCI
2024-09-06 07:00:00,24.87,25.2,24.65,25.2,3653800,VCI
2024-09-09 07:00:00,25.17,25.2,24.81,24.84,2501200,VCI
2024-09-10 07:00:00,25.01,25.04,24.48,24.48,4564100,VCI
2024-09-11 07:00:00,24.54,24.54,24.23,24.26,6398800,VCI
2024-09-12 07:00:00,24.8,25.2,24.04,24.04,6129900,VCI
2024-09-13 07:00:00,24.15,24.48,23.9,24.04,6399800,VCI
2024-09-16 07:00:00,24.26,24.26,23.4,23.4,5208700,VCI
2024-09-17 07:00:00,23.47,24.58,23.43,24.58,6255800,VCI
2024-09-18 07:00:00,24.62,25.16,24.55,24.84,9736200,VCI
2024-09-19 07:00:00,24.98,25.09,24.76,24.91,6422000,VCI
2024-09-20 07:00:00,25.2,25.23,24.73,24.84,7243800,VCI
2024-09-23 07:00:00,24.91,24.91,24.58,24.62,6684100,VCI
2024-09-24 07:00:00,24.66,24.84,24.48,24.84,5748000,VCI
2024-09-25 07:00:00,24.94,25.74,24.91,25.63,15815400,VCI
2024-09-26 07:00:00,25.7,26.13,25.56,26.02,12836800,VCI
2024-09-27 07:00:00,25.92,26.13,25.7,25.84,9822400,VCI
2024-09-30 07:00:00,25.81,26.74,25.7,26.42,11152600,VCI
2024-10-01 07:00:00,26.53,26.96,26.28,26.28,9563000,VCI
2024-10-02 07:00:00,26.13,26.53,26.1,26.2,8093200,VCI
2024-10-03 07:00:00,26.28,26.53,25.99,26.31,9079600,VCI
2024-10-04 07:00:00,26.31,26.46,26.06,26.1,5934700,VCI
2024-10-07 07:00:00,26.24,27.07,25.99,27.07,9269400,VCI
2024-10-08 07:00:00,27.28,27.64,26.82,26.85,13367300,VCI
2024-10-09 07:00:00,26.78,27.18,26.74,26.92,7245200,VCI
2024-10-10 07:00:00,27.28,27.28,26.2,26.2,11321700,VCI
2024-10-11 07:00:00,26.24,26.56,26.2,26.53,4112800,VCI
2024-10-14 07:00:00,26.64,26.89,26.42,26.42,4218100,VCI
2024-10-15 07:00:00,26.42,26.71,25.92,25.92,6789000,VCI
2024-10-16 07:00:00,25.77,25.99,25.66,25.74,4729300,VCI
2024-10-17 07:00:00,25.92,26.49,25.59,26.42,6919000,VCI
2024-10-18 07:00:00,26.35,26.49,25.99,25.99,8692500,VCI
2024-10-21 07:00:00,25.99,26.2,25.63,25.63,8343200,VCI
2024-10-22 07:00:00,25.63,25.88,25.2,25.52,8702300,VCI
2024-10-23 07:00:00,25.52,25.66,25.3,25.45,6163800,VCI
2024-10-24 07:00:00,25.59,25.74,24.84,24.84,9732200,VCI
2024-10-25 07:00:00,24.84,24.94,24.55,24.84,8164900,VCI
2024-10-28 07:00:00,25.02,25.27,24.91,24.94,4311200,VCI
2024-10-29 07:00:00,25.12,25.16,24.87,24.94,5382400,VCI
2024-10-30 07:00:00,24.94,25.05,24.66,24.73,4443200,VCI
2024-10-31 07:00:00,24.73,25.16,24.69,24.94,6895300,VCI
2024-11-01 07:00:00,24.87,24.98,24.33,24.4,8176800,VCI
2024-11-04 07:00:00,24.4,25.09,24.19,24.76,7329300,VCI
2024-11-05 07:00:00,24.91,24.94,24.55,24.55,3677800,VCI
2024-11-06 07:00:00,24.8,25.16,24.73,25.16,6925800,VCI
2024-11-07 07:00:00,25.3,25.3,24.94,24.94,5607300,VCI
2024-11-08 07:00:00,25.05,25.16,24.8,24.84,5819500,VCI
2024-11-11 07:00:00,24.8,24.98,24.55,24.94,6805700,VCI
2024-11-12 07:00:00,25.12,25.63,24.98,25.02,11467300,VCI
2024-11-13 07:00:00,24.94,25.23,24.58,24.91,6300500,VCI
2024-11-14 07:00:00,24.87,25.02,23.61,23.72,12275300,VCI
2024-11-15 07:00:00,23.61,24.04,23.07,23.25,10873800,VCI
2024-11-18 07:00:00,23.25,24.08,23.25,23.76,6116000,VCI
2024-11-19 07:00:00,23.83,23.86,23.18,23.22,3845900,VCI
2024-11-20 07:00:00,23.25,24.01,23.18,23.54,6170000,VCI
2024-11-21 07:00:00,23.54,23.9,23.5,23.9,2790100,VCI
2024-11-22 07:00:00,23.9,24.12,23.68,23.76,5118300,VCI
2024-11-25 07:00:00,23.76,24.12,23.58,24.12,4903000,VCI
2024-11-26 07:00:00,24.15,24.44,24.04,24.15,4558200,VCI
2024-11-27 07:00:00,24.12,24.22,23.9,24.01,2245000,VCI
2024-11-28 07:00:00,24.33,24.33,23.79,23.79,2518000,VCI
2024-11-29 07:00:00,23.79,24.01,23.65,23.83,3332900,VCI
2024-12-02 07:00:00,24.19,24.19,23.83,23.86,2530500,VCI
2024-12-03 07:00:00,23.79,23.94,23.72,23.76,3287000,VCI
2024-12-04 07:00:00,23.72,23.72,23.32,23.4,5061900,VCI
2024-12-05 07:00:00,23.4,25.02,23.11,25.02,15133000,VCI
2024-12-06 07:00:00,25.09,25.38,24.8,25.05,7668700,VCI
2024-12-09 07:00:00,25.05,25.16,24.87,25.09,5083800,VCI
2024-12-10 07:00:00,25.05,25.12,24.84,24.91,3817200,VCI
2024-12-11 07:00:00,24.87,25.12,24.62,24.84,3781400,VCI
2024-12-12 07:00:00,24.87,25.12,24.76,24.8,4056200,VCI
2024-12-13 07:00:00,24.55,24.8,24.44,24.62,3446900,VCI
2024-12-16 07:00:00,24.62,24.91,24.48,24.91,2595500,VCI
2024-12-17 07:00:00,24.94,25.02,24.76,24.76,2478000,VCI
2024-12-18 07:00:00,24.76,24.84,24.58,24.8,2201500,VCI
2024-12-19 07:00:00,24.48,24.76,24.19,24.76,7243300,VCI
2024-12-20 07:00:00,24.55,24.62,24.4,24.58,3726800,VCI
2024-12-23 07:00:00,24.73,24.73,24.55,24.69,1793500,VCI
2024-12-24 07:00:00,24.69,24.69,24.15,24.26,3829700,VCI
2024-12-25 07:00:00,24.3,24.98,24.3,24.55,5100700,VCI
2024-12-26 07:00:00,24.55,24.62,24.33,24.33,2559000,VCI
2024-12-27 07:00:00,24.4,24.48,24.26,24.3,4346500,VCI
2024-12-30 07:00:00,24.4,24.62,24.19,24.19,2518300,VCI
2024-12-31 07:00:00,24.22,24.3,23.9,23.9,2867800,VCI
2025-01-02 07:00:00,23.94,24.26,23.9,24.19,3356500,VCI
2025-01-03 07:00:00,24.15,24.19,23.61,23.61,4665800,VCI
2025-01-06 07:00:00,23.65,23.79,23.11,23.25,4542400,VCI
2025-01-07 07:00:00,23.4,23.43,22.86,22.89,5078200,VCI
2025-01-08 07:00:00,22.71,23.47,22.71,23.14,3417200,VCI
2025-01-09 07:00:00,23.14,23.32,22.89,22.89,1956600,VCI
2025-01-10 07:00:00,22.96,23.22,22.68,22.68,4450300,VCI
2025-01-13 07:00:00,22.46,23.14,22.28,23.14,4425100,VCI
2025-01-14 07:00:00,23.04,23.18,22.93,22.93,2135100,VCI
2025-01-15 07:00:00,22.96,23.29,22.96,23.07,3139400,VCI
2025-01-16 07:00:00,23.18,23.94,23.18,23.32,4629700,VCI
2025-01-17 07:00:00,23.25,23.54,23.25,23.36,2040300,VCI
2025-01-20 07:00:00,23.4,23.61,23.18,23.22,2216400,VCI
2025-01-21 07:00:00,23.22,23.86,23.22,23.58,5346600,VCI
2025-01-22 07:00:00,23.79,23.79,23.54,23.54,3051800,VCI
2025-01-23 07:00:00,23.72,25.12,23.61,24.84,12529100,VCI
2025-01-24 07:00:00,24.8,24.84,24.51,24.76,4068200,VCI
2025-02-03 07:00:00,24.69,25.23,24.33,24.98,10734600,VCI
2025-02-04 07:00:00,25.23,25.34,24.91,25.05,7282900,VCI
2025-02-05 07:00:00,25.2,25.2,24.8,24.98,6848700,VCI
2025-02-06 07:00:00,25.09,25.49,24.87,24.87,8264100,VCI
2025-02-07 07:00:00,24.87,25.02,24.69,24.94,4653100,VCI
2025-02-10 07:00:00,24.73,25.45,24.65,25.09,14434300,VCI
2025-02-11 07:00:00,25.2,25.38,25.02,25.09,6772500,VCI
2025-02-12 07:00:00,25.16,25.49,25.09,25.09,6594800,VCI
2025-02-13 07:00:00,25.09,25.31,24.87,25.31,4314900,VCI
2025-02-14 07:00:00,25.74,26.0,25.56,25.63,12888400,VCI
2025-02-17 07:00:00,25.7,26.03,25.52,25.78,10062600,VCI
2025-02-18 07:00:00,25.81,26.21,25.67,26.03,11035700,VCI
2025-02-19 07:00:00,26.1,26.36,25.96,26.32,7299400,VCI
2025-02-20 07:00:00,26.47,26.54,26.14,26.32,8626100,VCI
2025-02-21 07:00:00,26.21,26.32,26.0,26.28,7671600,VCI
2025-02-24 07:00:00,26.28,26.68,26.1,26.65,8573000,VCI
2025-02-25 07:00:00,26.79,27.12,26.58,26.68,13209100,VCI
2025-02-26 07:00:00,26.79,26.97,26.54,26.54,12293200,VCI
2025-02-27 07:00:00,26.65,26.72,26.25,26.68,7282100,VCI
2025-02-28 07:00:00,26.58,26.9,26.43,26.43,6514800,VCI
2025-03-03 07:00:00,26.47,27.41,26.28,27.05,12212700,VCI
2025-03-04 07:00:00,26.97,27.19,26.54,27.16,8147400,VCI
2025-03-05 07:00:00,27.12,27.44,26.83,26.9,8992400,VCI
2025-03-06 07:00:00,26.94,27.92,26.94,27.92,13621300,VCI
2025-03-07 07:00:00,28.06,28.42,27.77,28.24,10518000,VCI
2025-03-10 07:00:00,28.42,28.93,28.21,28.46,13958600,VCI
2025-03-11 07:00:00,28.24,28.64,28.06,28.6,10530100,VCI
2025-03-12 07:00:00,28.86,28.93,28.24,28.46,9691800,VCI
2025-03-13 07:00:00,28.42,28.64,27.99,28.17,10374700,VCI
2025-03-14 07:00:00,28.06,28.42,27.92,28.21,6108000,VCI
2025-03-17 07:00:00,28.35,28.6,28.21,28.6,6424600,VCI
2025-03-18 07:00:00,28.79,28.79,28.35,28.35,8146800,VCI
2025-03-19 07:00:00,28.35,28.35,27.99,28.1,8197500,VCI
2025-03-20 07:00:00,28.24,28.71,28.13,28.42,8059900,VCI
2025-03-21 07:00:00,28.28,28.68,28.28,28.35,12817200,VCI
2025-03-24 07:00:00,28.39,28.6,27.81,28.6,9763500,VCI
2025-03-25 07:00:00,28.68,28.82,28.17,28.32,6651000,VCI
2025-03-26 07:00:00,28.24,28.35,27.77,27.84,7675700,VCI
2025-03-27 07:00:00,27.59,28.1,27.59,27.77,7127800,VCI
2025-03-28 07:00:00,27.88,28.02,27.23,27.63,9316800,VCI
2025-03-31 07:00:00,27.41,27.88,27.41,27.77,7304800,VCI
2025-04-01 07:00:00,27.92,28.28,27.74,28.28,6249400,VCI
2025-04-02 07:00:00,28.28,28.68,28.02,28.28,9667700,VCI
2025-04-03 07:00:00,27.59,27.7,26.32,26.32,20816600,VCI
2025-04-04 07:00:00,24.65,26.83,24.51,26.83,17504100,VCI
2025-04-08 07:00:00,25.89,26.1,24.98,24.98,6872100,VCI
2025-04-09 07:00:00,23.24,25.16,23.24,23.24,20599600,VCI
2025-04-10 07:00:00,24.84,24.84,24.84,24.84,344800,VCI
2025-04-11 07:00:00,24.84,26.36,24.8,26.32,15848500,VCI
2025-04-14 07:00:00,26.5,27.05,26.18,27.05,11510600,VCI
2025-04-15 07:00:00,26.61,26.97,26.14,26.47,8572200,VCI
2025-04-16 07:00:00,26.54,27.12,26.54,26.68,11600900,VCI
2025-04-17 07:00:00,26.32,27.26,26.32,27.26,9724600,VCI
2025-04-18 07:00:00,27.44,28.02,26.86,26.86,12113100,VCI
2025-04-21 07:00:00,26.97,27.16,25.74,25.89,16991100,VCI
2025-04-22 07:00:00,25.45,26.28,24.11,25.96,15018300,VCI
2025-04-23 07:00:00,26.76,26.76,26.18,26.32,4626300,VCI
2025-04-24 07:00:00,26.43,26.79,26.03,26.65,6724600,VCI
2025-04-25 07:00:00,26.72,26.72,26.28,26.36,6206800,VCI
2025-04-28 07:00:00,26.43,26.68,26.25,26.65,5789300,VCI
2025-04-29 07:00:00,26.65,26.83,26.5,26.83,5562300,VCI
2025-05-05 07:00:00,27.19,27.26,26.76,26.83,5868000,VCI
2025-05-06 07:00:00,26.97,27.3,26.76,26.83,7511000,VCI
2025-05-07 07:00:00,26.68,26.79,26.32,26.39,8550700,VCI
2025-05-08 07:00:00,26.43,26.94,26.39,26.72,5882000,VCI
2025-05-09 07:00:00,26.76,26.86,26.36,26.36,5254000,VCI
2025-05-12 07:00:00,26.39,26.54,26.07,26.43,7581800,VCI
2025-05-13 07:00:00,26.94,27.23,26.61,26.72,7999800,VCI
2025-05-14 07:00:00,26.72,27.48,26.58,27.34,16062200,VCI
2025-05-15 07:00:00,27.63,27.66,27.34,27.48,8566700,VCI
2025-05-16 07:00:00,27.55,27.92,27.16,27.23,10657800,VCI
2025-05-19 07:00:00,27.05,27.05,26.54,26.61,8209800,VCI
2025-05-20 07:00:00,26.61,27.23,26.47,26.79,6869500,VCI
2025-05-21 07:00:00,26.97,27.16,26.61,26.83,6829100,VCI
2025-05-22 07:00:00,26.61,27.3,26.47,26.47,10249600,VCI
2025-05-23 07:00:00,26.39,26.68,26.21,26.28,5002400,VCI
2025-05-26 07:00:00,26.39,26.83,25.67,26.83,7758200,VCI
2025-05-27 07:00:00,26.97,27.12,26.72,26.83,7678900,VCI
2025-05-28 07:00:00,26.97,27.23,26.47,26.5,10927500,VCI
2025-05-29 07:00:00,26.68,26.68,26.21,26.21,7379300,VCI
2025-05-30 07:00:00,26.25,26.97,26.1,26.1,7413000,VCI
2025-06-02 07:00:00,26.03,26.43,26.0,26.32,4953300,VCI
2025-06-03 07:00:00,26.79,27.41,26.68,26.97,18065200,VCI
2025-06-04 07:00:00,27.16,27.16,26.54,26.58,6730500,VCI
2025-06-05 07:00:00,26.54,26.86,26.5,26.72,5470700,VCI
2025-06-06 07:00:00,26.61,26.68,26.03,26.03,11235300,VCI
2025-06-09 07:00:00,26.03,26.21,25.52,25.52,6810800,VCI
2025-06-10 07:00:00,25.49,25.92,25.49,25.7,4648300,VCI
2025-06-11 07:00:00,25.78,25.85,25.67,25.7,2549000,VCI
2025-06-12 07:00:00,25.85,26.25,25.85,26.21,5392400,VCI
2025-06-13 07:00:00,25.85,26.03,25.52,25.63,7465500,VCI
2025-06-16 07:00:00,25.6,26.07,25.56,26.03,4736100,VCI
2025-06-17 07:00:00,26.21,26.21,25.96,26.14,4801200,VCI
2025-06-18 07:00:00,26.07,26.43,25.89,25.92,6285500,VCI
2025-06-19 07:00:00,25.85,26.0,25.78,25.81,2913000,VCI
2025-06-20 07:00:00,26.0,26.18,25.74,25.96,3951700,VCI
2025-06-23 07:00:00,25.56,25.74,25.45,25.52,7011400,VCI
2025-06-24 07:00:00,25.78,26.32,25.78,25.96,7975500,VCI
2025-06-25 07:00:00,26.07,26.36,25.81,26.0,6468800,VCI
2025-06-26 07:00:00,26.1,26.1,25.67,25.74,4491100,VCI
2025-06-27 07:00:00,25.78,26.0,25.63,25.7,4808700,VCI
2025-06-30 07:00:00,25.96,26.21,25.92,25.92,4947400,VCI
2025-07-01 07:00:00,25.92,26.0,25.6,25.67,4491000,VCI
2025-07-02 07:00:00,25.67,26.79,25.67,26.47,11563400,VCI
2025-07-03 07:00:00,26.47,27.05,26.28,26.68,16706500,VCI
2025-07-04 07:00:00,26.83,26.97,26.47,26.61,5153400,VCI
2025-07-07 07:00:00,26.83,27.12,26.79,26.9,10014400,VCI
2025-07-08 07:00:00,26.97,27.3,26.9,27.23,10687700,VCI
2025-07-09 07:00:00,27.26,28.21,27.26,27.74,18911200,VCI
2025-07-10 07:00:00,28.02,28.1,27.48,27.84,14171900,VCI
2025-07-11 07:00:00,27.88,29.76,27.7,29.76,29775700,VCI
2025-07-14 07:00:00,30.6,30.78,29.91,30.2,13532100,VCI
2025-07-15 07:00:00,30.24,31.61,29.62,29.66,25103200,VCI
2025-07-16 07:00:00,29.73,30.56,29.51,30.24,16252200,VCI
2025-07-17 07:00:00,30.45,30.56,29.76,29.95,18552600,VCI
2025-07-18 07:00:00,30.09,30.89,30.02,30.24,14718000,VCI
2025-07-21 07:00:00,30.24,30.27,29.44,29.48,20149500,VCI
2025-07-22 07:00:00,29.26,30.31,29.0,30.27,16920700,VCI
2025-07-23 07:00:00,30.53,31.32,30.02,30.16,17059300,VCI
2025-07-24 07:00:00,30.27,30.38,29.69,30.09,9856700,VCI
2025-07-25 07:00:00,30.13,31.29,30.09,31.22,26119600,VCI
2025-07-28 07:00:00,32.12,33.35,31.69,32.59,19913900,VCI
2025-07-29 07:00:00,33.21,33.21,30.34,30.34,29340300,VCI
2025-07-30 07:00:00,30.42,30.85,29.73,30.38,17293900,VCI
2025-07-31 07:00:00,30.45,31.29,29.66,31.22,15337800,VCI
2025-08-01 07:00:00,31.32,33.39,30.85,32.23,27828700,VCI
2025-08-04 07:00:00,31.94,32.59,31.76,32.38,14472900,VCI
2025-08-05 07:00:00,32.85,34.62,30.45,33.21,33419400,VCI
2025-08-06 07:00:00,33.94,34.01,33.1,33.79,11614400,VCI
2025-08-07 07:00:00,34.19,34.44,33.32,33.72,13872900,VCI
2025-08-08 07:00:00,34.12,34.88,32.63,32.99,18410600,VCI
2025-08-11 07:00:00,33.06,33.79,32.7,33.28,14535900,VCI
2025-08-12 07:00:00,33.68,33.68,32.7,32.99,11938000,VCI
2025-08-13 07:00:00,33.35,34.15,32.63,34.08,19398200,VCI
2025-08-14 07:00:00,34.37,34.99,33.72,33.79,14104700,VCI
2025-08-15 07:00:00,33.97,34.22,32.34,32.85,18388600,VCI
2025-08-18 07:00:00,32.7,32.99,32.05,32.27,13894000,VCI
2025-08-19 07:00:00,32.3,34.08,31.98,33.28,21205600,VCI
2025-08-20 07:00:00,33.17,33.5,31.18,33.5,15818600,VCI
2025-08-21 07:00:00,33.57,35.17,33.28,33.35,22510800,VCI
2025-08-22 07:00:00,32.85,33.14,31.18,31.4,15151100,VCI
2025-08-25 07:00:00,31.9,32.48,30.49,31.03,9748200,VCI
2025-08-26 07:00:00,30.85,32.59,30.85,32.56,7889600,VCI
2025-08-27 07:00:00,32.74,33.21,32.41,32.41,10697600,VCI
2025-08-28 07:00:00,32.48,33.68,32.34,33.54,12805500,VCI
2025-08-29 07:00:00,33.97,35.86,33.94,34.99,24105500,VCI
2025-09-03 07:00:00,35.06,35.38,34.33,34.66,10133300,VCI
2025-09-04 07:00:00,34.73,35.24,34.41,34.95,10813200,VCI
2025-09-05 07:00:00,35.31,35.46,33.35,33.35,18277300,VCI
2025-09-08 07:00:00,32.88,33.35,31.22,31.22,21510500,VCI
2025-09-09 07:00:00,31.54,32.56,31.22,32.56,10043800,VCI
2025-09-10 07:00:00,32.56,32.67,31.83,31.83,6953000,VCI
2025-09-11 07:00:00,31.76,32.27,30.53,32.27,11463200,VCI
2025-09-12 07:00:00,32.3,32.56,32.05,32.12,5735400,VCI
2025-09-15 07:00:00,32.48,32.88,32.34,32.74,6083800,VCI
2025-09-16 07:00:00,33.21,33.25,31.98,31.98,7702700,VCI
2025-09-17 07:00:00,31.9,32.16,31.29,31.32,6936700,VCI
2025-09-18 07:00:00,31.47,31.61,31.03,31.36,5752600,VCI
2025-09-19 07:00:00,31.51,31.61,30.89,30.89,5242000,VCI
2025-09-22 07:00:00,31.11,31.25,29.95,30.09,7912400,VCI
2025-09-23 07:00:00,30.27,30.78,30.27,30.38,3681000,VCI
2025-09-24 07:00:00,30.45,31.65,30.2,31.65,8220500,VCI
2025-09-25 07:00:00,31.76,31.87,31.4,31.87,5293700,VCI
2025-09-26 07:00:00,31.8,31.8,30.96,31.18,6121300,VCI
2025-09-29 07:00:00,31.18,31.54,30.82,31.54,4641100,VCI
2025-09-30 07:00:00,31.47,31.83,30.85,31.51,7692800,VCI
2025-10-01 07:00:00,31.51,31.76,31.07,31.07,5220400,VCI
2025-10-02 07:00:00,31.32,31.36,30.53,30.53,5075900,VCI
2025-10-03 07:00:00,30.53,30.71,29.87,30.16,5979900,VCI
2025-10-06 07:00:00,30.53,32.27,30.53,32.27,10258700,VCI
2025-10-07 07:00:00,32.41,32.41,31.54,31.58,9003800,VCI
2025-10-08 07:00:00,32.19,32.48,31.25,31.76,12475700,VCI
2025-10-09 07:00:00,31.83,32.01,31.03,31.18,7848000,VCI
2025-10-10 07:00:00,31.18,32.56,31.18,31.58,13129800,VCI
2025-10-13 07:00:00,31.29,32.12,31.11,31.9,7991300,VCI
2025-10-14 07:00:00,32.27,32.74,30.82,31.18,16096800,VCI
2025-10-15 07:00:00,31.4,31.54,30.85,31.0,7898600,VCI
2025-10-16 07:00:00,31.25,31.72,30.85,30.92,8962500,VCI
2025-10-17 07:00:00,31.11,31.61,30.38,30.42,12190700,VCI
2025-10-20 07:00:00,30.31,30.82,28.32,28.32,13008000,VCI
2025-10-21 07:00:00,28.24,28.64,26.86,27.34,16461400,VCI
2025-10-22 07:00:00,27.77,27.81,26.47,27.19,10763900,VCI
2025-10-23 07:00:00,27.48,27.66,26.68,26.68,6769300,VCI
2025-10-24 07:00:00,26.76,27.37,26.47,27.12,15326100,VCI
2025-10-27 07:00:00,27.63,27.84,26.79,27.12,9062700,VCI
2025-10-28 07:00:00,27.3,27.7,27.01,27.7,7912900,VCI
2025-10-29 07:00:00,27.84,27.88,27.34,27.44,6252800,VCI
2025-10-30 07:00:00,27.52,27.52,26.83,26.9,6626500,VCI
2025-10-31 07:00:00,26.9,27.37,26.83,26.9,10403100,VCI
2025-11-03 07:00:00,27.01,27.23,26.1,26.1,8664200,VCI
2025-11-04 07:00:00,25.89,27.92,25.89,27.92,17168700,VCI
2025-11-05 07:00:00,27.88,27.92,27.05,27.08,8185000,VCI
2025-11-06 07:00:00,27.19,27.3,26.65,26.68,6454000,VCI
2025-11-07 07:00:00,26.68,26.86,25.81,26.1,7826000,VCI
2025-11-10 07:00:00,26.1,26.79,25.78,25.96,7684400,VCI
2025-11-11 07:00:00,26.1,26.68,26.07,26.61,5061300,VCI
2025-11-12 07:00:00,26.68,26.94,26.36,26.54,14004400,VCI
2025-11-13 07:00:00,26.65,26.76,26.14,26.21,12490100,VCI
2025-11-14 07:00:00,26.18,26.43,25.81,25.92,13911600,VCI
2025-11-17 07:00:00,26.1,26.43,25.89,26.25,8682100,VCI
2025-11-18 07:00:00,26.39,26.65,26.21,26.39,11135300,VCI
2025-11-19 07:00:00,26.39,26.43,25.85,25.96,9146500,VCI
2025-11-20 07:00:00,25.96,26.07,25.27,25.42,16611000,VCI
2025-11-21 07:00:00,25.38,25.38,24.87,24.91,11863300,VCI
2025-11-24 07:00:00,24.91,25.27,24.73,24.8,7194100,VCI
2025-11-25 07:00:00,24.76,24.94,24.15,24.15,16555400,VCI
2025-11-26 07:00:00,24.36,25.23,24.29,24.94,10554600,VCI
2025-11-27 07:00:00,25.02,25.09,24.44,24.54,7496900,VCI
2025-11-28 07:00:00,24.76,24.91,24.47,24.47,6042600,VCI
2025-12-01 07:00:00,24.65,24.69,24.22,24.22,6093400,VCI
2025-12-02 07:00:00,24.22,24.8,24.15,24.65,11385700,VCI
2025-12-03 07:00:00,24.8,25.2,24.58,25.12,7144900,VCI
2025-12-04 07:00:00,25.23,25.45,25.09,25.42,11768600,VCI
2025-12-05 07:00:00,25.45,25.45,24.94,24.98,6976800,VCI
2025-12-08 07:00:00,25.02,25.02,24.44,24.54,6586900,VCI
2025-12-09 07:00:00,24.4,25.23,24.22,24.73,12917900,VCI
2025-12-10 07:00:00,25.02,25.23,24.73,24.87,4961600,VCI
2025-12-11 07:00:00,25.02,25.12,24.54,24.8,5108500,VCI
2025-12-12 07:00:00,24.91,24.91,23.71,23.71,9046300,VCI
2025-12-15 07:00:00,23.78,24.54,23.71,24.18,9391600,VCI
2025-12-16 07:00:00,24.22,25.31,23.75,24.8,9718600,VCI
2025-12-17 07:00:00,24.8,25.05,24.62,24.8,5807000,VCI
2025-12-18 07:00:00,24.8,25.05,24.58,24.8,4929700,VCI
2025-12-19 07:00:00,24.94,25.2,24.65,25.2,8193700,VCI
2025-12-22 07:00:00,25.31,25.56,25.02,25.52,8407400,VCI
2025-12-23 07:00:00,25.56,25.6,24.87,24.87,6907900,VCI
2025-12-24 07:00:00,24.87,26.0,24.76,25.85,12206800,VCI
2025-12-25 07:00:00,25.89,26.07,24.94,24.94,7874500,VCI
2025-12-26 07:00:00,25.02,26.03,24.73,25.81,14212400,VCI
2025-12-29 07:00:00,25.81,26.28,25.6,25.6,6887900,VCI
2025-12-30 07:00:00,25.96,26.18,25.6,25.67,6362800,VCI
2025-12-31 07:00:00,25.74,26.03,25.38,25.6,8093700,VCI
2026-01-05 07:00:00,25.6,25.67,24.36,24.62,10463000,VCI
2026-01-06 07:00:00,24.73,25.09,24.33,24.65,7681400,VCI
2026-01-07 07:00:00,24.98,25.45,24.73,25.12,5883700,VCI
2026-01-08 07:00:00,25.31,25.75,25.01,25.01,11796300,VCI
2026-01-09 07:00:00,25.31,25.34,24.65,24.68,7731100,VCI
2026-01-12 07:00:00,24.79,26.38,24.79,26.38,21849100,VCI
2026-01-13 07:00:00,26.71,26.93,25.82,26.23,14454000,VCI
2026-01-14 07:00:00,26.19,26.45,25.42,26.12,15041400,VCI
2026-01-15 07:00:00,26.12,26.38,25.46,25.64,11409900,VCI
2026-01-16 07:00:00,25.82,26.16,25.01,25.53,11419400,VCI
2026-01-19 07:00:00,25.68,25.97,25.53,25.6,6513500,VCI
2026-01-20 07:00:00,26.01,26.52,25.71,26.01,12064800,VCI
2026-01-21 07:00:00,25.79,26.01,25.24,25.75,10598500,VCI
2026-01-22 07:00:00,25.9,26.45,25.82,25.86,10034800,VCI
2026-01-23 07:00:00,26.26,27.37,25.9,26.41,23579600,VCI
2026-01-26 07:00:00,26.71,27.7,26.49,27.07,23942900,VCI
2026-01-27 07:00:00,27.07,27.52,26.74,27.22,15537000,VCI
2026-01-28 07:00:00,27.4,27.4,26.45,26.6,12939200,VCI
2026-01-29 07:00:00,26.71,26.89,26.52,26.6,5993000,VCI
2026-01-30 07:00:00,26.6,26.96,26.49,26.96,9459900,VCI
2026-02-02 07:00:00,26.85,26.85,26.04,26.49,13525700,VCI
2026-02-03 07:00:00,26.52,27.07,26.41,26.71,9322700,VCI
2026-02-04 07:00:00,27.11,27.7,27.04,27.04,15591900,VCI
2026-02-05 07:00:00,27.04,27.11,26.56,26.56,7685400,VCI
2026-02-06 07:00:00,26.34,26.49,25.2,25.2,14180300,VCI
2026-02-09 07:00:00,25.64,25.64,25.12,25.34,4853800,VCI
2026-02-10 07:00:00,25.42,25.64,25.12,25.57,4436000,VCI
2026-02-11 07:00:00,25.57,26.34,25.57,26.16,6361500,VCI
2026-02-12 07:00:00,26.16,26.71,26.12,26.41,5971500,VCI
2026-02-13 07:00:00,26.34,26.85,26.34,26.85,5806100,VCI
2026-02-23 07:00:00,27.22,27.3,26.96,27.18,7835300,VCI
2026-02-24 07:00:00,27.18,27.59,26.89,27.22,10105300,VCI
2026-02-25 07:00:00,27.33,27.37,26.85,26.85,9208900,VCI
2026-02-26 07:00:00,26.89,27.4,26.67,27.33,8548700,VCI
2026-02-27 07:00:00,27.33,28.55,27.26,28.32,22486400,VCI
2026-03-02 07:00:00,27.92,29.36,27.63,28.32,22914100,VCI
2026-03-03 07:00:00,28.69,29.36,28.07,28.1,18540100,VCI
2026-03-04 07:00:00,28.1,30.05,27.92,30.05,33928700,VCI
2026-03-05 07:00:00,30.86,31.19,29.8,29.8,20145700,VCI
2026-03-06 07:00:00,29.43,29.76,27.96,27.96,25516300,VCI
2026-03-09 07:00:00,26.01,26.56,26.01,26.01,7186100,VCI
2026-03-10 07:00:00,26.49,26.85,25.64,26.26,26393700,VCI
2026-03-11 07:00:00,26.26,27.96,26.08,27.37,14451000,VCI
2026-03-12 07:00:00,27.0,27.33,26.23,26.93,12441500,VCI
2026-03-13 07:00:00,26.45,27.7,25.97,27.18,14180900,VCI
2026-03-16 07:00:00,27.3,27.74,27.0,27.18,8928300,VCI
2026-03-17 07:00:00,27.48,28.14,27.26,27.4,10014300,VCI
2026-03-18 07:00:00,27.52,27.55,26.16,26.49,16462500,VCI
2026-03-19 07:00:00,26.12,26.12,25.49,25.79,15175000,VCI
2026-03-20 07:00:00,25.75,26.34,25.42,26.26,14291900,VCI
2026-03-23 07:00:00,25.68,26.04,24.46,24.46,16127700,VCI
2026-03-24 07:00:00,25.09,25.6,24.87,25.01,9586800,VCI
2026-03-25 07:00:00,25.49,26.16,25.38,25.75,12468000,VCI
2026-03-26 07:00:00,26.2,26.55,26.0,26.4,10722500,VCI
2026-03-27 07:00:00,26.3,26.9,26.2,26.7,8167000,VCI
2026-03-30 07:00:00,26.0,26.6,25.7,26.15,6253100,VCI
2026-03-31 07:00:00,26.25,26.95,26.25,26.7,13442800,VCI
2026-04-01 07:00:00,27.45,27.95,27.15,27.35,14401800,VCI
2026-04-02 07:00:00,27.05,27.5,26.65,26.95,10863400,VCI
2026-04-03 07:00:00,26.95,27.2,26.25,26.5,10407900,VCI
2026-04-06 07:00:00,26.5,26.9,26.3,26.3,6428700,VCI
2026-04-07 07:00:00,26.7,27.2,26.05,27.2,7205500,VCI
2026-04-08 07:00:00,28.75,29.0,27.85,29.0,20082500,VCI
2026-04-09 07:00:00,28.5,28.75,28.0,28.0,10773500,VCI
2026-04-10 07:00:00,28.3,28.5,27.85,27.9,10573300,VCI
2026-04-13 07:00:00,27.5,28.3,27.4,28.1,9510200,VCI
2026-04-14 07:00:00,28.4,28.5,27.9,27.95,6704400,VCI
2026-04-15 07:00:00,28.1,28.3,27.7,27.7,9024400,VCI
2026-04-16 07:00:00,27.7,28.0,27.35,27.6,6633600,VCI
2026-04-17 07:00:00,27.8,27.9,27.3,27.3,5589700,VCI
2026-04-20 07:00:00,27.3,27.75,27.25,27.4,6324700,VCI
2026-04-21 07:00:00,27.55,27.7,26.8,26.8,9107000,VCI
2026-04-22 07:00:00,26.9,26.9,26.5,26.55,6501200,VCI
2026-04-23 07:00:00,26.6,27.25,26.4,27.15,7864900,VCI
2026-04-24 07:00:00,27.15,27.15,26.7,27.0,3495900,VCI
2026-04-28 07:00:00,27.0,27.05,26.25,26.25,4846200,VCI
2026-04-29 07:00:00,26.15,26.5,25.9,26.2,8995300,VCI
2026-05-04 07:00:00,26.3,26.7,26.15,26.15,6414400,VCI
2026-05-05 07:00:00,26.1,26.2,25.6,25.6,8345900,VCI
2026-05-06 07:00:00,25.8,26.7,25.6,26.5,13158800,VCI
2026-05-07 07:00:00,26.55,26.75,25.9,25.9,10042500,VCI
2026-05-08 07:00:00,25.9,26.3,25.8,25.95,6295800,VCI
2026-05-11 07:00:00,26.0,26.45,25.7,25.7,10693500,VCI
2026-05-12 07:00:00,25.7,25.9,25.4,25.5,6732300,VCI
2026-05-13 07:00:00,25.65,26.1,25.35,25.7,8199800,VCI
2026-05-14 07:00:00,25.95,26.1,25.65,25.95,3877800,VCI
2026-05-15 07:00:00,26.05,26.2,25.6,25.6,6144600,VCI
2026-05-18 07:00:00,25.55,25.9,25.35,25.75,5827400,VCI
2026-05-19 07:00:00,25.95,26.3,25.6,25.6,10422800,VCI
2026-05-20 07:00:00,25.55,25.7,24.2,24.95,13665400,VCI
2026-05-21 07:00:00,25.1,25.15,24.6,24.6,5509000,VCI
2026-05-22 07:00:00,24.55,25.8,24.3,25.0,10250000,VCI
2026-05-25 07:00:00,25.1,25.3,24.7,24.75,4388500,VCI
2026-05-26 07:00:00,24.75,25.35,24.7,25.1,6068500,VCI
2026-05-27 07:00:00,25.25,25.35,25.05,25.1,4190200,VCI
2026-05-28 07:00:00,25.2,25.55,25.0,25.0,6066100,VCI
2026-05-29 07:00:00,24.95,25.25,24.5,24.65,6273900,VCI
2026-06-01 07:00:00,24.7,25.1,24.65,24.7,3912900,VCI
2026-06-02 07:00:00,24.65,25.0,24.05,24.35,5719500,VCI
2026-06-03 07:00:00,24.3,24.85,24.05,24.5,7880500,VCI
2026-06-04 07:00:00,24.5,24.65,24.2,24.35,4656600,VCI
2026-06-05 07:00:00,24.4,24.55,24.15,24.15,3996500,VCI
2026-06-08 07:00:00,23.9,23.95,23.4,23.4,8901600,VCI
2026-06-09 07:00:00,23.6,23.7,23.15,23.4,4290900,VCI
2026-06-10 07:00:00,23.35,23.75,23.3,23.5,3793000,VCI
2026-06-11 07:00:00,23.45,23.65,23.35,23.4,3601800,VCI
2026-06-12 07:00:00,24.0,24.05,23.4,23.6,5353400,VCI
2026-06-15 07:00:00,24.05,24.55,23.9,24.45,8350100,VCI
2026-06-16 07:00:00,24.5,25.0,24.2,24.85,9096900,VCI
2026-06-17 07:00:00,24.95,25.1,24.65,24.65,7218600,VCI
2026-06-18 07:00:00,24.7,25.05,24.5,24.5,6398600,VCI
2026-06-19 07:00:00,24.5,24.9,24.4,24.6,5634600,VCI
2026-06-22 07:00:00,24.75,25.4,24.6,25.0,9119100,VCI
2026-06-23 07:00:00,25.2,25.25,24.5,24.5,8305300,VCI
2026-06-24 07:00:00,24.45,24.65,24.0,24.15,5582300,VCI
2026-06-25 07:00:00,24.15,24.5,24.05,24.05,3025200,VCI
2026-06-26 07:00:00,24.1,24.2,24.0,24.05,2958000,VCI
2026-06-29 07:00:00,24.15,24.65,24.15,24.35,3492800,VCI
2026-06-30 07:00:00,24.4,25.0,24.35,24.35,5414700,VCI
2026-07-01 07:00:00,24.4,25.1,24.4,24.9,7093000,VCI
2026-07-02 07:00:00,25.05,25.05,24.65,24.85,5871400,VCI
2026-07-03 07:00:00,24.9,25.4,24.7,25.1,10503400,VCI
2026-07-06 07:00:00,25.2,25.35,24.1,24.45,7567900,VCI
2026-07-07 07:00:00,24.55,24.9,24.2,24.9,5244900,VCI
2026-07-08 07:00:00,24.9,25.9,24.9,25.4,16228300,VCI
2026-07-09 07:00:00,25.25,25.4,25.05,25.1,5103400,VCI
2026-07-10 07:00:00,25.2,25.3,24.45,24.45,7062200,VCI
2026-07-13 07:00:00,24.3,24.4,23.1,23.7,11899600,VCI
2026-07-14 07:00:00,23.25,23.9,23.2,23.4,7708000,VCI
2026-07-15 07:00:00,23.4,23.6,22.4,22.4,8959500,VCI
2026-07-16 07:00:00,22.45,22.6,21.05,21.85,14094000,VCI
2026-07-17 07:00:00,21.85,22.3,21.25,21.25,6649700,VCI
2026-07-20 07:00:00,21.0,21.0,19.8,20.0,14313300,VCI
2026-07-21 07:00:00,19.9,20.65,19.9,20.15,9487900,VCI
2026-07-22 07:00:00,20.25,20.6,19.55,19.9,11126000,VCI
2026-07-23 07:00:00,19.8,20.95,19.05,20.5,8618800,VCI
2026-07-24 07:00:00,20.2,20.25,19.65,19.8,4991700,VCI
2026-07-27 07:00:00,20.0,20.1,18.45,18.45,8949200,VCI
2026-07-28 07:00:00,18.2,19.7,18.15,19.7,16485000,VCI
2026-07-29 07:00:00,20.05,20.8,20.05,20.8,10949300,VCI
2026-07-30 07:00:00,20.75,21.8,20.6,21.5,13140700,VCI
2026-07-31 07:00:00,21.8,21.8,21.15,21.3,9945000,VCI
2026-08-03 07:00:00,21.6,22.2,21.4,21.75,11432900,VCI
2026-08-04 07:00:00,21.85,22.1,21.5,21.85,7388400,VCI
2026-08-05 07:00:00,22.15,22.25,21.5,21.5,8223700,VCI
2026-08-06 07:00:00,21.5,22.2,21.3,21.75,11625200,VCI
2026-08-07 07:00:00,21.85,22.0,21.55,21.75,6367600,VCI
2026-08-10 07:00:00,22.0,22.25,21.8,22.1,7662200,VCI
2026-08-11 07:00:00,22.2,22.85,22.1,22.1,13388800,VCI
2026-08-12 07:00:00,22.2,22.35,21.9,22.05,7548400,VCI
2026-08-13 07:00:00,22.3,22.4,21.6,21.6,10351300,VCI
2026-08-14 07:00:00,21.6,22.1,21.45,21.8,9427900,VCI
2026-08-17 07:00:00,21.75,21.9,21.45,21.5,4339500,VCI
2026-08-18 07:00:00,21.55,21.7,20.75,21.15,8717500,VCI
2026-08-19 07:00:00,21.0,21.25,20.6,20.95,6076800,VCI
2026-08-20 07:00:00,21.15,21.25,20.65,20.7,6203200,VCI
2026-08-21 07:00:00,20.75,22.1,20.75,22.1,13297500,VCI
2026-08-24 07:00:00,22.5,22.7,22.1,22.1,11333600,VCI
2026-08-25 07:00:00,22.1,22.8,22.05,22.4,17433900,VCI
2026-08-26 07:00:00,22.4,22.6,22.05,22.5,10283400,VCI
2026-08-27 07:00:00,22.55,22.85,22.45,22.6,8727300,VCI
2026-08-28 07:00:00,22.6,23.15,22.5,22.85,11701200,VCI
2026-09-03 07:00:00,22.6,22.85,22.25,22.25,8837000,VCI
2026-09-04 07:00:00,22.35,22.6,22.25,22.3,5496100,VCI
2026-09-07 07:00:00,22.25,22.55,21.55,21.7,12109300,VCI
2026-09-08 07:00:00,21.65,22.05,21.6,21.7,5096700,VCI
2026-09-09 07:00:00,21.7,21.75,21.2,21.2,7442100,VCI
2026-09-10 07:00:00,21.1,21.6,21.0,21.3,4738000,VCI
2026-09-11 07:00:00,21.15,21.15,20.0,20.05,18681700,VCI
2026-09-14 07:00:00,20.0,20.2,19.45,19.6,13099900,VCI
2026-09-15 07:00:00,19.75,20.2,19.75,19.8,6922100,VCI
2026-09-16 07:00:00,19.9,20.1,19.25,19.25,8853200,VCI
2026-09-17 07:00:00,19.2,20.55,19.15,20.0,18343400,VCI
2026-09-18 07:00:00,20.4,20.9,20.2,20.65,14508300,VCI
2026-09-21 07:00:00,20.95,20.95,20.15,20.15,10586600,VCI
2026-09-22 07:00:00,20.3,20.65,20.25,20.4,4534500,VCI
2026-09-23 07:00:00,20.4,20.5,20.3,20.4,508100,VCI
