time,open,high,low,close,volume,ticker
2019-01-02 07:00:00,25.85,25.85,25.5,25.78,334420,VHM
2019-01-03 07:00:00,25.29,25.68,25.08,25.68,475210,VHM
2019-01-04 07:00:00,25.26,26.13,24.87,25.96,277640,VHM
2019-01-07 07:00:00,26.17,26.17,25.71,26.03,186030,VHM
2019-01-08 07:00:00,25.96,26.03,25.64,26.03,205460,VHM
2019-01-09 07:00:00,26.13,26.13,25.96,26.03,92720,VHM
2019-01-10 07:00:00,26.13,26.17,25.78,26.17,108550,VHM
2019-01-11 07:00:00,26.27,26.87,26.2,26.87,241490,VHM
2019-01-14 07:00:00,27.36,27.36,26.87,27.12,193920,VHM
2019-01-15 07:00:00,27.01,28.03,27.01,28.03,297510,VHM
2019-01-16 07:00:00,28.03,28.76,27.75,28.17,327390,VHM
2019-01-17 07:00:00,28.38,28.48,27.99,27.99,214330,VHM
2019-01-18 07:00:00,28.2,28.45,27.71,28.24,289350,VHM
2019-01-21 07:00:00,28.41,28.41,28.06,28.24,411510,VHM
2019-01-22 07:00:00,28.27,28.41,27.92,27.92,285720,VHM
2019-01-23 07:00:00,28.03,28.06,27.71,27.92,214610,VHM
2019-01-24 07:00:00,27.92,27.92,27.36,27.64,176750,VHM
2019-01-25 07:00:00,27.54,27.61,27.19,27.36,226260,VHM
2019-01-28 07:00:00,28.06,28.27,27.29,28.27,284550,VHM
2019-01-29 07:00:00,28.59,28.59,28.24,28.59,334250,VHM
2019-01-30 07:00:00,28.2,28.76,28.2,28.76,246940,VHM
2019-01-31 07:00:00,28.76,28.76,27.92,28.06,773010,VHM
2019-02-01 07:00:00,28.06,28.06,27.92,28.06,974540,VHM
2019-02-11 07:00:00,28.41,28.41,27.92,28.03,353110,VHM
2019-02-12 07:00:00,28.2,28.2,27.89,28.06,531210,VHM
2019-02-13 07:00:00,28.1,28.34,27.82,28.06,506510,VHM
2019-02-14 07:00:00,28.2,28.98,28.1,28.73,971710,VHM
2019-02-15 07:00:00,28.76,28.76,28.45,28.48,422250,VHM
2019-02-18 07:00:00,28.59,28.76,28.34,28.76,607000,VHM
2019-02-19 07:00:00,28.94,30.76,28.94,30.52,1244300,VHM
2019-02-20 07:00:00,30.52,31.85,30.52,31.71,815580,VHM
2019-02-21 07:00:00,31.75,33.92,31.29,33.92,1209870,VHM
2019-02-22 07:00:00,33.33,33.85,32.52,32.66,950950,VHM
2019-02-25 07:00:00,33.15,33.36,32.03,32.27,838040,VHM
2019-02-26 07:00:00,32.27,32.62,31.57,32.27,1103360,VHM
2019-02-27 07:00:00,32.62,32.73,32.1,32.52,896260,VHM
2019-02-28 07:00:00,32.31,32.38,30.69,30.69,1270190,VHM
2019-03-01 07:00:00,31.04,32.06,30.69,31.92,806340,VHM
2019-03-04 07:00:00,32.27,32.8,31.43,32.69,910620,VHM
2019-03-05 07:00:00,32.34,32.59,31.75,31.92,1152650,VHM
2019-03-06 07:00:00,31.92,32.24,31.85,32.2,592410,VHM
2019-03-07 07:00:00,32.27,33.43,32.24,32.27,1306970,VHM
2019-03-08 07:00:00,32.27,32.59,32.06,32.1,699850,VHM
2019-03-11 07:00:00,31.92,32.38,31.57,31.57,533740,VHM
2019-03-12 07:00:00,31.99,32.48,31.89,32.38,864570,VHM
2019-03-13 07:00:00,32.45,33.68,32.45,32.98,1654850,VHM
2019-03-14 07:00:00,33.08,33.18,32.55,32.98,708190,VHM
2019-03-15 07:00:00,32.98,32.98,32.45,32.73,2496760,VHM
2019-03-18 07:00:00,32.98,33.29,32.98,33.08,1056390,VHM
2019-03-19 07:00:00,33.33,33.4,32.8,32.98,1100900,VHM
2019-03-20 07:00:00,32.76,32.76,31.92,32.34,1061950,VHM
2019-03-21 07:00:00,32.62,32.62,30.94,30.94,1009930,VHM
2019-03-22 07:00:00,31.26,31.99,30.87,31.96,957080,VHM
2019-03-25 07:00:00,31.4,31.4,30.69,31.22,793070,VHM
2019-03-26 07:00:00,31.57,31.82,31.4,31.54,617980,VHM
2019-03-27 07:00:00,31.92,31.92,31.54,31.61,389620,VHM
2019-03-28 07:00:00,31.68,32.73,31.57,32.66,894540,VHM
2019-03-29 07:00:00,32.98,33.08,32.1,32.1,1054060,VHM
2019-04-01 07:00:00,32.41,32.9,32.2,32.41,334480,VHM
2019-04-02 07:00:00,32.76,32.87,32.27,32.34,359690,VHM
2019-04-03 07:00:00,32.34,32.34,31.96,32.27,281350,VHM
2019-04-04 07:00:00,32.27,32.55,32.03,32.27,489550,VHM
2019-04-05 07:00:00,32.45,32.69,32.31,32.48,454260,VHM
2019-04-08 07:00:00,32.62,33.18,32.52,33.18,657320,VHM
2019-04-09 07:00:00,33.33,33.68,32.62,32.9,973210,VHM
2019-04-10 07:00:00,32.9,32.9,32.38,32.45,328400,VHM
2019-04-11 07:00:00,32.55,32.9,32.34,32.8,233360,VHM
2019-04-12 07:00:00,32.76,32.83,32.27,32.73,299590,VHM
2019-04-16 07:00:00,31.57,32.24,30.8,31.92,913790,VHM
2019-04-17 07:00:00,31.92,32.24,31.47,31.5,761350,VHM
2019-04-18 07:00:00,31.54,31.75,30.9,31.22,609680,VHM
2019-04-19 07:00:00,31.22,31.71,31.22,31.22,258960,VHM
2019-04-22 07:00:00,31.47,31.57,31.08,31.57,211620,VHM
2019-04-23 07:00:00,31.47,31.57,31.19,31.22,494910,VHM
2019-04-24 07:00:00,31.47,31.64,31.47,31.47,629420,VHM
2019-04-25 07:00:00,31.4,31.64,31.36,31.64,680080,VHM
2019-04-26 07:00:00,31.64,32.27,31.54,32.27,1070350,VHM
2019-05-02 07:00:00,32.27,32.38,31.89,32.06,452510,VHM
2019-05-03 07:00:00,32.2,32.2,31.71,31.71,621150,VHM
2019-05-06 07:00:00,31.57,31.57,31.08,31.22,522550,VHM
2019-05-07 07:00:00,31.5,31.5,30.76,30.84,576290,VHM
2019-05-08 07:00:00,30.52,30.62,29.96,30.03,894240,VHM
2019-05-09 07:00:00,29.82,30.03,29.33,29.64,983320,VHM
2019-05-10 07:00:00,30.03,30.17,29.4,29.47,980260,VHM
2019-05-13 07:00:00,29.4,29.89,29.4,29.82,691670,VHM
2019-05-14 07:00:00,29.47,30.17,29.47,29.82,1322520,VHM
2019-05-15 07:00:00,29.89,30.34,29.89,30.17,1134300,VHM
2019-05-16 07:00:00,30.17,30.55,30.06,30.52,953330,VHM
2019-05-17 07:00:00,30.52,30.52,30.27,30.41,791790,VHM
2019-05-20 07:00:00,30.34,30.45,30.1,30.45,638340,VHM
2019-05-21 07:00:00,30.84,30.9,30.41,30.41,1056700,VHM
2019-05-22 07:00:00,30.34,30.84,30.24,30.34,702510,VHM
2019-05-23 07:00:00,30.38,30.38,30.2,30.34,377180,VHM
2019-05-24 07:00:00,30.41,30.41,29.64,29.64,854870,VHM
2019-05-27 07:00:00,29.64,29.78,29.61,29.61,487560,VHM
2019-05-28 07:00:00,29.61,29.68,29.29,29.29,1436600,VHM
2019-05-29 07:00:00,29.47,29.54,29.26,29.33,921510,VHM
2019-05-30 07:00:00,29.33,29.4,28.94,28.98,930290,VHM
2019-05-31 07:00:00,29.19,29.19,28.41,28.76,720930,VHM
2019-06-03 07:00:00,28.76,28.76,27.92,28.27,527220,VHM
2019-06-04 07:00:00,28.24,28.41,27.68,28.27,557890,VHM
2019-06-05 07:00:00,28.48,28.59,28.17,28.27,452630,VHM
2019-06-06 07:00:00,28.24,28.34,27.68,28.17,582690,VHM
2019-06-07 07:00:00,28.24,29.12,28.03,28.84,572380,VHM
2019-06-10 07:00:00,29.12,29.12,28.56,28.76,596360,VHM
2019-06-11 07:00:00,28.76,28.76,28.52,28.73,375370,VHM
2019-06-12 07:00:00,28.59,28.59,27.89,28.06,893930,VHM
2019-06-13 07:00:00,27.89,28.06,26.87,28.06,2022580,VHM
2019-06-14 07:00:00,27.64,28.03,27.57,28.03,482820,VHM
2019-06-17 07:00:00,28.03,28.03,27.22,27.36,458320,VHM
2019-06-18 07:00:00,27.29,27.36,26.77,27.36,1640620,VHM
2019-06-19 07:00:00,27.4,27.47,27.29,27.4,729570,VHM
2019-06-20 07:00:00,27.5,27.68,27.36,27.5,1561250,VHM
2019-06-21 07:00:00,27.54,27.82,27.54,27.54,3742200,VHM
2019-06-24 07:00:00,27.57,28.2,27.57,27.89,1452270,VHM
2019-06-25 07:00:00,27.99,28.1,27.89,27.89,866490,VHM
2019-06-26 07:00:00,27.82,27.92,27.61,27.71,1174210,VHM
2019-06-27 07:00:00,27.71,27.71,27.19,27.19,815110,VHM
2019-06-28 07:00:00,26.87,27.89,26.84,27.82,928700,VHM
2019-07-01 07:00:00,27.89,28.41,27.82,28.41,1090570,VHM
2019-07-02 07:00:00,28.41,28.48,28.06,28.45,1087630,VHM
2019-07-03 07:00:00,28.27,28.76,28.1,28.76,1517660,VHM
2019-07-04 07:00:00,28.76,29.82,28.73,29.82,2075630,VHM
2019-07-05 07:00:00,29.54,30.17,29.29,30.17,1234430,VHM
2019-07-08 07:00:00,29.82,29.89,29.12,29.12,666020,VHM
2019-07-09 07:00:00,29.12,29.4,28.94,29.15,579540,VHM
2019-07-10 07:00:00,29.15,29.4,29.15,29.26,321230,VHM
2019-07-11 07:00:00,29.36,29.43,29.15,29.15,392510,VHM
2019-07-12 07:00:00,29.15,29.36,28.9,29.15,626820,VHM
2019-07-15 07:00:00,29.15,29.12,28.52,28.76,713050,VHM
2019-07-16 07:00:00,28.76,29.47,28.76,29.43,833350,VHM
2019-07-17 07:00:00,29.43,29.99,29.43,29.47,816530,VHM
2019-07-18 07:00:00,29.12,29.47,29.12,29.47,513470,VHM
2019-07-19 07:00:00,29.12,29.92,29.26,29.64,1028110,VHM
2019-07-22 07:00:00,29.64,29.68,29.4,29.68,471720,VHM
2019-07-23 07:00:00,29.68,30.17,29.57,30.1,826210,VHM
2019-07-24 07:00:00,30.17,30.41,29.89,30.1,542990,VHM
2019-07-25 07:00:00,30.1,31.19,29.99,30.69,1379690,VHM
2019-07-26 07:00:00,30.69,30.84,30.38,30.69,473900,VHM
2019-07-29 07:00:00,30.69,30.87,30.45,30.8,423030,VHM
2019-07-30 07:00:00,31.36,31.36,29.47,29.47,987720,VHM
2019-07-31 07:00:00,29.82,31.29,29.82,30.94,991720,VHM
2019-08-01 07:00:00,31.22,31.85,30.87,31.75,913610,VHM
2019-08-02 07:00:00,31.08,31.64,30.9,31.64,627380,VHM
2019-08-05 07:00:00,31.22,31.57,29.89,29.89,902620,VHM
2019-08-06 07:00:00,29.64,29.71,29.08,29.29,960830,VHM
2019-08-07 07:00:00,29.82,29.92,29.22,29.47,724520,VHM
2019-08-08 07:00:00,29.82,30.35,29.36,30.0,556040,VHM
2019-08-09 07:00:00,30.18,30.18,29.68,29.82,352540,VHM
2019-08-12 07:00:00,29.61,29.93,29.57,29.89,229140,VHM
2019-08-13 07:00:00,29.82,29.82,29.15,29.43,723240,VHM
2019-08-14 07:00:00,29.64,29.96,29.47,29.47,487320,VHM
2019-08-15 07:00:00,29.11,29.82,28.76,29.82,368870,VHM
2019-08-16 07:00:00,29.68,30.25,29.64,29.64,589570,VHM
2019-08-19 07:00:00,29.82,29.93,29.64,29.89,341980,VHM
2019-08-20 07:00:00,29.89,30.82,29.89,30.78,642320,VHM
2019-08-21 07:00:00,30.74,31.24,30.67,30.99,548090,VHM
2019-08-22 07:00:00,31.06,31.21,30.82,31.21,380330,VHM
2019-08-23 07:00:00,31.24,31.24,30.89,30.89,582580,VHM
2019-08-26 07:00:00,30.18,30.6,30.18,30.5,375290,VHM
2019-08-27 07:00:00,30.5,31.21,30.5,30.74,871250,VHM
2019-08-28 07:00:00,30.53,31.06,30.53,30.82,297410,VHM
2019-08-29 07:00:00,30.82,30.89,30.28,30.82,344570,VHM
2019-08-30 07:00:00,30.82,31.24,30.82,31.17,436220,VHM
2019-09-03 07:00:00,31.17,31.21,30.96,31.1,243420,VHM
2019-09-04 07:00:00,31.14,31.67,30.96,31.6,862730,VHM
2019-09-05 07:00:00,31.6,31.81,31.46,31.6,429760,VHM
2019-09-06 07:00:00,31.6,31.6,31.24,31.53,243750,VHM
2019-09-09 07:00:00,31.53,31.53,31.21,31.38,336920,VHM
2019-09-10 07:00:00,31.38,31.42,30.99,31.24,317650,VHM
2019-09-11 07:00:00,31.06,31.17,30.46,30.64,549770,VHM
2019-09-12 07:00:00,31.03,31.03,30.64,30.85,289830,VHM
2019-09-13 07:00:00,31.03,31.24,30.57,31.24,361780,VHM
2019-09-16 07:00:00,30.92,31.56,30.92,31.42,563460,VHM
2019-09-17 07:00:00,31.42,32.13,31.38,32.06,921810,VHM
2019-09-18 07:00:00,32.06,32.13,31.92,32.09,437190,VHM
2019-09-19 07:00:00,32.09,32.09,31.35,32.06,506070,VHM
2019-09-20 07:00:00,32.09,32.09,31.77,31.81,1032290,VHM
2019-09-23 07:00:00,31.81,31.92,31.53,31.77,267270,VHM
2019-09-24 07:00:00,31.77,31.88,31.56,31.77,286560,VHM
2019-09-25 07:00:00,31.63,31.92,31.49,31.77,227170,VHM
2019-09-26 07:00:00,31.77,31.92,31.06,31.49,533860,VHM
2019-09-27 07:00:00,31.49,31.88,31.35,31.7,384950,VHM
2019-09-30 07:00:00,31.95,31.95,31.56,31.7,491120,VHM
2019-10-01 07:00:00,31.77,31.77,31.49,31.67,231930,VHM
2019-10-02 07:00:00,31.67,31.7,31.42,31.6,462090,VHM
2019-10-03 07:00:00,31.42,31.7,31.24,31.7,327140,VHM
2019-10-04 07:00:00,31.77,31.77,31.38,31.67,428530,VHM
2019-10-07 07:00:00,31.6,31.6,31.31,31.6,481420,VHM
2019-10-08 07:00:00,31.6,31.6,31.28,31.46,315010,VHM
2019-10-09 07:00:00,31.46,31.53,31.28,31.42,293220,VHM
2019-10-10 07:00:00,31.46,31.46,31.1,31.42,359140,VHM
2019-10-11 07:00:00,31.46,31.46,31.24,31.38,450000,VHM
2019-10-14 07:00:00,31.38,31.38,31.06,31.21,285650,VHM
2019-10-15 07:00:00,31.06,31.17,30.46,30.67,643130,VHM
2019-10-16 07:00:00,30.67,30.67,30.28,30.67,630230,VHM
2019-10-17 07:00:00,30.64,31.24,30.28,30.71,688380,VHM
2019-10-18 07:00:00,30.71,30.99,30.6,30.89,327740,VHM
2019-10-21 07:00:00,30.89,30.89,30.39,30.71,484630,VHM
2019-10-22 07:00:00,30.71,30.82,30.5,30.53,350630,VHM
2019-10-23 07:00:00,30.53,30.53,30.18,30.5,535550,VHM
2019-10-24 07:00:00,30.42,30.57,30.25,30.57,543560,VHM
2019-10-25 07:00:00,30.53,30.6,30.32,30.53,681140,VHM
2019-10-28 07:00:00,30.53,30.78,30.35,30.53,728480,VHM
2019-10-29 07:00:00,30.89,31.24,30.85,31.1,1014970,VHM
2019-10-30 07:00:00,31.24,31.63,31.14,31.53,737640,VHM
2019-10-31 07:00:00,31.53,31.88,31.49,31.6,1008560,VHM
2019-11-01 07:00:00,31.74,33.8,31.67,33.8,2594030,VHM
2019-11-04 07:00:00,33.98,34.61,33.62,34.08,1124510,VHM
2019-11-05 07:00:00,34.08,34.97,34.01,34.76,1836960,VHM
2019-11-06 07:00:00,34.58,35.86,34.58,35.29,1675310,VHM
2019-11-07 07:00:00,35.18,36.32,35.18,35.32,2081650,VHM
2019-11-08 07:00:00,35.32,35.47,34.79,34.97,1233370,VHM
2019-11-11 07:00:00,34.93,35.4,34.76,35.04,765160,VHM
2019-11-12 07:00:00,35.15,35.29,34.61,34.72,1380830,VHM
2019-11-13 07:00:00,34.72,34.86,34.3,34.47,1305680,VHM
2019-11-14 07:00:00,34.9,35.25,34.15,34.22,1480640,VHM
2019-11-15 07:00:00,34.51,34.58,34.15,34.19,1018490,VHM
2019-11-18 07:00:00,34.26,34.37,33.98,34.19,1168830,VHM
2019-11-19 07:00:00,34.26,34.93,34.05,34.26,2305620,VHM
2019-11-20 07:00:00,34.51,34.51,33.8,34.15,2010940,VHM
2019-11-21 07:00:00,34.15,34.22,33.76,33.83,3202820,VHM
2019-11-22 07:00:00,33.19,34.05,32.06,33.19,3791930,VHM
2019-11-25 07:00:00,32.84,33.34,32.56,33.09,2300820,VHM
2019-11-26 07:00:00,33.37,33.41,33.12,33.12,3284780,VHM
2019-11-27 07:00:00,33.19,33.19,32.95,33.02,2135110,VHM
2019-11-28 07:00:00,33.02,33.02,32.48,32.52,2598710,VHM
2019-11-29 07:00:00,32.52,32.66,32.24,32.63,2839310,VHM
2019-12-02 07:00:00,32.84,33.02,32.45,32.63,4407620,VHM
2019-12-03 07:00:00,32.38,32.77,31.77,32.59,3357960,VHM
2019-12-04 07:00:00,32.56,32.77,32.16,32.59,2450900,VHM
2019-12-05 07:00:00,32.95,33.19,32.59,32.66,3418400,VHM
2019-12-06 07:00:00,32.66,32.73,32.52,32.66,2525080,VHM
2019-12-09 07:00:00,32.66,33.02,32.48,32.66,625460,VHM
2019-12-10 07:00:00,32.77,32.77,31.24,32.48,1548550,VHM
2019-12-11 07:00:00,32.41,32.48,31.74,32.34,645660,VHM
2019-12-12 07:00:00,32.34,32.38,31.95,32.38,884980,VHM
2019-12-13 07:00:00,32.38,32.45,31.63,31.63,419210,VHM
2019-12-16 07:00:00,31.1,31.42,30.39,30.57,1437780,VHM
2019-12-17 07:00:00,30.57,30.89,30.04,30.35,859640,VHM
2019-12-18 07:00:00,30.07,30.35,29.47,29.79,1339840,VHM
2019-12-19 07:00:00,29.75,30.18,29.29,29.79,1047500,VHM
2019-12-20 07:00:00,29.82,30.39,29.82,29.89,1525190,VHM
2019-12-23 07:00:00,30.18,30.18,29.68,29.75,568720,VHM
2019-12-24 07:00:00,29.57,29.75,29.04,29.72,838840,VHM
2019-12-25 07:00:00,29.72,29.89,29.4,29.72,361820,VHM
2019-12-26 07:00:00,29.72,30.14,29.54,29.89,426570,VHM
2019-12-27 07:00:00,29.89,30.14,29.61,30.0,519680,VHM
2019-12-30 07:00:00,29.96,30.74,29.96,30.35,896520,VHM
2019-12-31 07:00:00,30.35,30.46,30.0,30.11,430660,VHM
2020-01-02 07:00:00,30.0,30.35,30.0,30.14,238600,VHM
2020-01-03 07:00:00,30.14,30.32,30.04,30.25,394470,VHM
2020-01-06 07:00:00,30.04,30.18,29.4,29.61,1025270,VHM
2020-01-07 07:00:00,29.47,30.11,29.47,29.75,590360,VHM
2020-01-08 07:00:00,29.47,29.64,28.76,29.29,553690,VHM
2020-01-09 07:00:00,29.61,29.72,29.43,29.57,421250,VHM
2020-01-10 07:00:00,29.57,30.14,29.36,30.0,699780,VHM
2020-01-13 07:00:00,30.11,30.82,30.0,30.64,882160,VHM
2020-01-14 07:00:00,30.6,30.82,30.57,30.64,361600,VHM
2020-01-15 07:00:00,30.71,30.71,30.46,30.64,420650,VHM
2020-01-16 07:00:00,30.67,30.67,30.5,30.57,441860,VHM
2020-01-17 07:00:00,30.6,31.21,30.53,30.53,552190,VHM
2020-01-20 07:00:00,30.53,30.67,30.42,30.53,711830,VHM
2020-01-21 07:00:00,30.53,31.06,30.53,31.06,653680,VHM
2020-01-22 07:00:00,31.03,31.77,30.99,31.74,673070,VHM
2020-01-30 07:00:00,30.96,31.17,30.46,31.03,1414000,VHM
2020-01-31 07:00:00,31.06,31.42,30.92,31.06,1284370,VHM
2020-02-03 07:00:00,29.54,30.5,29.11,30.25,755310,VHM
2020-02-04 07:00:00,30.25,30.71,30.18,30.42,829790,VHM
2020-02-05 07:00:00,30.82,30.82,30.32,30.53,2410370,VHM
2020-02-06 07:00:00,30.82,30.89,30.53,30.82,484420,VHM
2020-02-07 07:00:00,30.85,31.17,30.82,30.89,587610,VHM
2020-02-10 07:00:00,30.57,30.78,30.46,30.6,373600,VHM
2020-02-11 07:00:00,30.53,30.67,30.35,30.6,602090,VHM
2020-02-12 07:00:00,30.78,30.78,30.6,30.71,395320,VHM
2020-02-13 07:00:00,30.6,30.67,30.35,30.53,421050,VHM
2020-02-14 07:00:00,30.35,31.46,30.35,31.1,481520,VHM
2020-02-17 07:00:00,31.24,31.24,30.71,30.78,164600,VHM
2020-02-18 07:00:00,30.74,30.89,30.39,30.53,323870,VHM
2020-02-19 07:00:00,30.39,30.71,30.25,30.53,514110,VHM
2020-02-20 07:00:00,30.71,30.99,30.5,30.85,271380,VHM
2020-02-21 07:00:00,30.71,30.85,30.53,30.57,184170,VHM
2020-02-24 07:00:00,29.57,30.21,29.57,29.82,619380,VHM
2020-02-25 07:00:00,29.22,29.75,28.76,29.5,410300,VHM
2020-02-26 07:00:00,29.47,29.47,28.51,28.72,651880,VHM
2020-02-27 07:00:00,28.37,28.76,28.05,28.69,1280250,VHM
2020-02-28 07:00:00,27.87,28.54,27.87,28.54,860760,VHM
2020-03-02 07:00:00,28.08,28.62,28.05,28.58,447980,VHM
2020-03-03 07:00:00,28.58,28.79,28.47,28.58,742520,VHM
2020-03-04 07:00:00,28.08,28.58,28.01,28.58,901070,VHM
2020-03-05 07:00:00,28.44,28.93,28.44,28.76,361110,VHM
2020-03-06 07:00:00,28.4,28.72,28.05,28.72,339740,VHM
2020-03-09 07:00:00,27.9,27.9,26.73,26.73,973190,VHM
2020-03-10 07:00:00,25.21,27.16,25.21,27.16,1050110,VHM
2020-03-11 07:00:00,27.16,27.27,25.28,27.16,932900,VHM
2020-03-12 07:00:00,26.8,26.8,25.28,25.56,1161120,VHM
2020-03-13 07:00:00,23.79,25.56,23.79,25.56,1337180,VHM
2020-03-16 07:00:00,25.21,25.49,23.96,25.49,968810,VHM
2020-03-17 07:00:00,23.96,25.35,23.96,24.82,1095460,VHM
2020-03-18 07:00:00,24.74,24.96,23.96,24.67,1707750,VHM
2020-03-19 07:00:00,23.89,24.6,23.08,24.32,1482170,VHM
2020-03-20 07:00:00,24.32,24.32,22.65,22.65,1351550,VHM
2020-03-23 07:00:00,21.3,22.01,21.09,21.09,198200,VHM
2020-03-24 07:00:00,19.67,20.73,19.63,19.63,2036510,VHM
2020-03-25 07:00:00,20.24,20.98,19.17,20.98,1832290,VHM
2020-03-26 07:00:00,20.98,22.37,20.31,21.66,2020820,VHM
2020-03-27 07:00:00,21.3,21.8,20.77,21.3,710770,VHM
2020-03-30 07:00:00,19.81,20.24,19.81,19.81,929820,VHM
2020-03-31 07:00:00,19.81,20.56,18.46,19.53,661010,VHM
2020-04-01 07:00:00,18.89,20.34,18.89,19.45,553900,VHM
2020-04-03 07:00:00,19.95,20.48,19.6,20.48,940470,VHM
2020-04-06 07:00:00,21.3,21.9,20.8,21.9,534020,VHM
2020-04-07 07:00:00,23.25,23.43,22.05,23.43,902670,VHM
2020-04-08 07:00:00,22.9,24.85,22.72,24.85,950920,VHM
2020-04-09 07:00:00,24.85,25.17,24.42,24.5,854470,VHM
2020-04-10 07:00:00,24.32,24.57,23.79,23.82,513310,VHM
2020-04-13 07:00:00,24.14,24.67,23.82,23.89,449470,VHM
2020-04-14 07:00:00,24.14,24.46,23.61,24.14,642490,VHM
2020-04-15 07:00:00,24.28,24.5,23.96,24.07,533620,VHM
2020-04-16 07:00:00,24.0,24.21,23.72,23.96,670940,VHM
2020-04-17 07:00:00,23.96,24.57,23.96,24.32,734070,VHM
2020-04-20 07:00:00,24.64,24.64,24.14,24.32,512370,VHM
2020-04-21 07:00:00,24.14,24.25,23.47,24.14,1213590,VHM
2020-04-22 07:00:00,23.15,24.14,23.15,23.22,1303590,VHM
2020-04-23 07:00:00,23.79,23.93,23.29,23.64,1093030,VHM
2020-04-24 07:00:00,23.64,23.72,22.83,23.08,2147870,VHM
2020-04-27 07:00:00,23.25,23.75,22.72,22.9,1235530,VHM
2020-04-28 07:00:00,23.79,24.32,22.9,22.93,3631100,VHM
2020-04-29 07:00:00,22.58,23.08,22.47,22.58,2701200,VHM
2020-05-04 07:00:00,22.58,23.04,22.58,23.04,1577040,VHM
2020-05-05 07:00:00,22.97,23.25,22.51,22.58,2397120,VHM
2020-05-06 07:00:00,22.58,23.96,22.51,23.79,4286630,VHM
2020-05-07 07:00:00,23.96,24.14,23.5,24.0,1474450,VHM
2020-05-08 07:00:00,24.14,25.67,24.07,25.17,3635800,VHM
2020-05-11 07:00:00,26.09,26.24,25.14,26.09,2792640,VHM
2020-05-12 07:00:00,26.02,26.24,25.56,26.09,1769100,VHM
2020-05-13 07:00:00,25.77,25.92,25.17,25.35,3373310,VHM
2020-05-14 07:00:00,25.17,25.35,24.99,25.06,2268270,VHM
2020-05-15 07:00:00,25.21,25.56,25.03,25.42,1556450,VHM
2020-05-18 07:00:00,25.31,25.77,25.17,25.53,1656080,VHM
2020-05-19 07:00:00,25.92,26.52,25.67,25.99,3688710,VHM
2020-05-20 07:00:00,25.88,27.37,25.84,27.37,4298310,VHM
2020-05-21 07:00:00,27.51,27.87,27.27,27.69,2266430,VHM
2020-05-22 07:00:00,27.34,27.48,26.84,27.16,2154460,VHM
2020-05-25 07:00:00,27.12,27.87,26.56,27.27,4664450,VHM
2020-05-26 07:00:00,27.51,27.66,27.12,27.12,2996560,VHM
2020-05-27 07:00:00,27.16,27.55,26.48,26.52,3769070,VHM
2020-05-28 07:00:00,26.59,26.98,26.41,26.63,4347270,VHM
2020-05-29 07:00:00,26.84,27.37,26.8,27.2,3942120,VHM
2020-06-01 07:00:00,27.48,28.22,27.44,28.08,3254070,VHM
2020-06-02 07:00:00,28.08,28.12,27.58,27.62,2635920,VHM
2020-06-03 07:00:00,27.69,27.8,27.48,27.66,2655470,VHM
2020-06-04 07:00:00,27.69,27.94,27.34,27.51,3127800,VHM
2020-06-05 07:00:00,27.37,27.66,27.2,27.44,2191420,VHM
2020-06-08 07:00:00,27.69,27.94,27.51,27.62,2663380,VHM
2020-06-09 07:00:00,27.69,27.94,27.48,27.55,2837400,VHM
2020-06-10 07:00:00,27.55,27.62,27.3,27.51,3218980,VHM
2020-06-11 07:00:00,27.51,27.9,27.16,27.16,5714800,VHM
2020-06-12 07:00:00,26.09,26.84,26.09,26.63,3152190,VHM
2020-06-15 07:00:00,26.84,26.88,24.85,24.85,3356780,VHM
2020-06-16 07:00:00,25.84,26.59,25.6,26.59,3077090,VHM
2020-06-17 07:00:00,27.09,27.55,26.63,26.98,2173040,VHM
2020-06-18 07:00:00,26.84,27.23,26.77,27.16,1636400,VHM
2020-06-19 07:00:00,27.02,27.41,27.02,27.16,1688070,VHM
2020-06-22 07:00:00,27.44,27.83,27.3,27.8,2797780,VHM
2020-06-23 07:00:00,27.94,27.94,27.02,27.58,2146280,VHM
2020-06-24 07:00:00,27.58,27.9,26.8,26.88,2004540,VHM
2020-06-25 07:00:00,26.56,26.95,26.38,26.8,1241690,VHM
2020-06-26 07:00:00,26.98,27.2,26.63,26.84,753970,VHM
2020-06-29 07:00:00,26.63,26.63,25.99,26.27,1068990,VHM
2020-06-30 07:00:00,26.63,27.34,26.38,26.8,2302620,VHM
2020-07-01 07:00:00,26.73,27.34,26.73,27.3,936450,VHM
2020-07-02 07:00:00,27.34,27.48,27.12,27.3,893400,VHM
2020-07-03 07:00:00,27.34,27.62,27.3,27.62,1382270,VHM
2020-07-06 07:00:00,27.8,28.93,27.48,28.69,4330280,VHM
2020-07-07 07:00:00,28.76,29.08,28.58,28.69,1414070,VHM
2020-07-08 07:00:00,28.51,28.76,28.33,28.54,800360,VHM
2020-07-09 07:00:00,28.69,29.0,28.51,28.69,1220730,VHM
2020-07-10 07:00:00,28.58,28.65,28.05,28.19,1706520,VHM
2020-07-13 07:00:00,28.44,28.44,28.08,28.08,988800,VHM
2020-07-14 07:00:00,27.98,28.76,27.87,28.58,1461550,VHM
2020-07-15 07:00:00,28.86,29.47,28.69,28.79,2351560,VHM
2020-07-16 07:00:00,28.79,28.93,28.51,28.93,922350,VHM
2020-07-17 07:00:00,28.93,28.93,28.54,28.58,835720,VHM
2020-07-20 07:00:00,28.58,28.79,28.05,28.12,1361250,VHM
2020-07-21 07:00:00,28.15,28.22,27.51,27.98,2108040,VHM
2020-07-22 07:00:00,27.98,28.22,27.34,27.51,1707150,VHM
2020-07-23 07:00:00,27.51,27.98,27.51,27.98,882880,VHM
2020-07-24 07:00:00,27.69,27.98,26.45,26.98,2649390,VHM
2020-07-27 07:00:00,25.56,26.45,25.17,25.17,2662390,VHM
2020-07-28 07:00:00,25.28,26.91,25.28,26.91,2561800,VHM
2020-07-29 07:00:00,26.73,26.73,25.77,26.27,1809000,VHM
2020-07-30 07:00:00,26.27,27.41,26.27,27.2,1637120,VHM
2020-07-31 07:00:00,26.48,27.66,26.48,27.58,2417730,VHM
2020-08-03 07:00:00,27.34,27.98,27.27,27.87,1482350,VHM
2020-08-04 07:00:00,28.22,28.22,27.62,28.05,1382760,VHM
2020-08-05 07:00:00,28.05,28.3,27.62,28.26,1303680,VHM
2020-08-06 07:00:00,28.05,28.37,27.9,28.26,1072220,VHM
2020-08-07 07:00:00,28.3,28.4,27.9,28.26,1199110,VHM
2020-08-10 07:00:00,28.33,28.4,28.01,28.26,1688770,VHM
2020-08-11 07:00:00,28.37,28.37,27.9,28.19,905140,VHM
2020-08-12 07:00:00,28.26,28.26,27.83,28.19,1497320,VHM
2020-08-13 07:00:00,28.22,28.3,27.94,28.19,2025090,VHM
2020-08-14 07:00:00,28.01,28.72,28.01,28.3,1189750,VHM
2020-08-17 07:00:00,28.05,28.37,27.83,28.3,1107050,VHM
2020-08-18 07:00:00,28.3,28.3,27.9,28.26,1425980,VHM
2020-08-19 07:00:00,28.22,28.72,28.01,28.4,1155260,VHM
2020-08-20 07:00:00,28.4,29.18,28.33,28.4,2428430,VHM
2020-08-21 07:00:00,28.4,28.44,28.22,28.22,1074330,VHM
2020-08-24 07:00:00,28.4,28.62,28.3,28.4,1475240,VHM
2020-08-25 07:00:00,28.4,28.58,28.26,28.26,1907340,VHM
2020-08-26 07:00:00,28.26,28.51,28.15,28.22,2249680,VHM
2020-08-27 07:00:00,28.19,28.22,27.76,27.87,2357000,VHM
2020-08-28 07:00:00,28.05,28.08,27.8,27.9,1742840,VHM
2020-08-31 07:00:00,27.87,28.12,27.76,27.87,1682380,VHM
2020-09-01 07:00:00,27.8,28.01,27.51,27.94,1565620,VHM
2020-09-03 07:00:00,28.08,28.62,27.94,28.26,2913590,VHM
2020-09-04 07:00:00,28.12,28.51,27.98,28.4,2171010,VHM
2020-09-07 07:00:00,28.51,28.83,28.05,28.08,2013250,VHM
2020-09-08 07:00:00,28.12,28.26,27.76,27.87,1816120,VHM
2020-09-09 07:00:00,27.69,27.9,27.51,27.9,1956880,VHM
2020-09-10 07:00:00,28.05,28.62,27.62,27.73,4229990,VHM
2020-09-11 07:00:00,27.73,27.76,27.51,27.58,2344930,VHM
2020-09-14 07:00:00,27.58,27.8,27.51,27.51,1824670,VHM
2020-09-15 07:00:00,27.66,27.66,27.16,27.27,4717630,VHM
2020-09-16 07:00:00,27.2,27.58,27.2,27.41,1379550,VHM
2020-09-17 07:00:00,27.41,27.48,27.2,27.23,1809830,VHM
2020-09-18 07:00:00,27.34,27.41,27.23,27.3,1791160,VHM
2020-09-21 07:00:00,27.37,27.55,27.37,27.37,1677550,VHM
2020-09-22 07:00:00,27.37,27.41,27.16,27.27,1612500,VHM
2020-09-23 07:00:00,27.34,27.66,27.3,27.51,1398940,VHM
2020-09-24 07:00:00,27.51,27.83,27.37,27.37,1704250,VHM
2020-09-25 07:00:00,27.37,27.66,27.34,27.37,919900,VHM
2020-09-28 07:00:00,27.44,27.62,27.2,27.2,2015680,VHM
2020-09-29 07:00:00,27.23,27.3,26.66,26.73,3772160,VHM
2020-09-30 07:00:00,26.73,27.12,26.66,26.8,1677150,VHM
2020-10-01 07:00:00,27.09,27.41,27.02,27.37,1359510,VHM
2020-10-02 07:00:00,27.34,27.48,26.63,26.95,1730820,VHM
2020-10-05 07:00:00,26.98,27.3,26.95,26.98,1080840,VHM
2020-10-06 07:00:00,26.98,27.27,26.98,27.02,1505510,VHM
2020-10-07 07:00:00,27.02,27.48,27.02,27.27,2596060,VHM
2020-10-08 07:00:00,27.34,27.41,27.09,27.2,1043430,VHM
2020-10-09 07:00:00,27.2,27.48,27.16,27.34,1456580,VHM
2020-10-12 07:00:00,27.41,28.12,27.34,27.51,4265300,VHM
2020-10-13 07:00:00,27.66,27.9,27.55,27.73,1233860,VHM
2020-10-14 07:00:00,27.83,28.01,27.73,27.87,2030870,VHM
2020-10-15 07:00:00,27.94,28.08,27.51,27.51,2689830,VHM
2020-10-16 07:00:00,27.66,27.66,27.3,27.34,1811510,VHM
2020-10-19 07:00:00,27.27,27.34,26.98,27.02,2467450,VHM
2020-10-20 07:00:00,27.02,27.2,26.91,27.05,2257630,VHM
2020-10-21 07:00:00,27.12,27.58,27.05,27.12,1862630,VHM
2020-10-22 07:00:00,27.16,27.51,27.05,27.51,1591870,VHM
2020-10-23 07:00:00,27.69,28.37,27.62,28.22,5830890,VHM
2020-10-26 07:00:00,28.58,28.79,27.87,27.87,3668950,VHM
2020-10-27 07:00:00,28.05,28.12,27.55,27.55,2422480,VHM
2020-10-28 07:00:00,27.41,27.58,26.84,26.84,3139990,VHM
2020-10-29 07:00:00,26.8,27.23,26.77,27.05,2088330,VHM
2020-10-30 07:00:00,27.34,27.34,26.59,26.98,3013800,VHM
2020-11-02 07:00:00,26.98,27.09,26.77,26.95,1162890,VHM
2020-11-03 07:00:00,27.05,27.05,26.8,26.91,2067320,VHM
2020-11-04 07:00:00,26.98,27.16,26.88,26.95,1825770,VHM
2020-11-05 07:00:00,26.98,27.3,26.88,26.88,1779570,VHM
2020-11-06 07:00:00,26.88,26.98,26.84,26.88,1695290,VHM
2020-11-09 07:00:00,26.98,27.69,26.98,27.69,3746870,VHM
2020-11-10 07:00:00,27.94,28.05,27.48,27.48,3627750,VHM
2020-11-11 07:00:00,27.66,27.73,27.2,27.2,2717770,VHM
2020-11-12 07:00:00,27.2,27.51,27.2,27.41,1464300,VHM
2020-11-13 07:00:00,27.41,27.87,27.41,27.8,2425260,VHM
2020-11-16 07:00:00,27.9,28.12,26.98,27.2,4096110,VHM
2020-11-17 07:00:00,27.34,27.8,27.23,27.8,2250180,VHM
2020-11-18 07:00:00,27.76,27.76,27.44,27.44,2008090,VHM
2020-11-19 07:00:00,27.51,27.76,27.41,27.51,2451380,VHM
2020-11-20 07:00:00,27.69,27.98,27.55,27.87,2692820,VHM
2020-11-23 07:00:00,28.19,28.72,28.15,28.62,5107110,VHM
2020-11-24 07:00:00,28.76,29.75,28.62,29.75,5458900,VHM
2020-11-25 07:00:00,29.82,30.42,29.61,29.64,3544000,VHM
2020-11-26 07:00:00,29.43,29.54,29.15,29.36,2313600,VHM
2020-11-27 07:00:00,29.36,29.64,29.15,29.47,2024240,VHM
2020-11-30 07:00:00,29.64,29.93,29.18,29.32,3533370,VHM
2020-12-01 07:00:00,28.93,29.57,28.93,29.57,2597660,VHM
2020-12-02 07:00:00,29.54,30.46,29.54,30.25,4703540,VHM
2020-12-03 07:00:00,30.39,30.39,30.0,30.14,1673260,VHM
2020-12-04 07:00:00,30.18,30.25,29.86,30.14,2190950,VHM
2020-12-07 07:00:00,30.0,30.21,29.75,30.07,1479390,VHM
2020-12-08 07:00:00,30.14,30.42,29.93,29.96,1532530,VHM
2020-12-09 07:00:00,30.0,30.28,29.89,30.18,2136700,VHM
2020-12-10 07:00:00,30.32,30.42,29.68,29.68,2406160,VHM
2020-12-11 07:00:00,29.68,30.18,29.61,30.18,2406180,VHM
2020-12-14 07:00:00,30.32,30.89,30.18,30.89,2974170,VHM
2020-12-15 07:00:00,30.71,31.28,30.18,30.53,4050090,VHM
2020-12-16 07:00:00,30.53,30.74,30.35,30.6,1812470,VHM
2020-12-17 07:00:00,30.53,30.53,30.0,30.07,4870320,VHM
2020-12-18 07:00:00,30.07,30.53,30.04,30.28,3038890,VHM
2020-12-21 07:00:00,30.39,30.99,30.39,30.92,3322250,VHM
2020-12-22 07:00:00,30.96,31.21,30.67,30.85,2163130,VHM
2020-12-23 07:00:00,31.03,31.6,30.82,31.03,3220800,VHM
2020-12-24 07:00:00,31.24,31.28,30.0,30.64,2687430,VHM
2020-12-25 07:00:00,30.6,31.1,30.39,31.1,1584940,VHM
2020-12-28 07:00:00,31.42,31.46,30.78,31.14,1905670,VHM
2020-12-29 07:00:00,31.14,32.13,30.92,32.06,3451160,VHM
2020-12-30 07:00:00,32.16,32.66,31.95,32.02,2027680,VHM
2020-12-31 07:00:00,32.38,32.45,31.77,31.77,1272810,VHM
2021-01-04 07:00:00,32.31,32.98,31.92,32.66,3077500,VHM
2021-01-05 07:00:00,32.59,34.08,32.48,33.94,2853200,VHM
2021-01-06 07:00:00,34.3,34.3,33.44,33.66,2838200,VHM
2021-01-07 07:00:00,33.66,33.76,33.16,33.66,2926400,VHM
2021-01-08 07:00:00,33.9,34.37,33.83,34.22,2187200,VHM
2021-01-11 07:00:00,34.79,36.6,34.65,36.6,4512700,VHM
2021-01-12 07:00:00,37.21,37.24,36.6,36.71,2862600,VHM
2021-01-13 07:00:00,36.92,36.96,35.36,35.82,2972500,VHM
2021-01-14 07:00:00,35.82,35.93,35.01,35.36,3274800,VHM
2021-01-15 07:00:00,35.75,36.07,35.29,36.07,2078100,VHM
2021-01-18 07:00:00,36.21,36.5,35.36,35.86,2291200,VHM
2021-01-19 07:00:00,35.5,35.75,33.37,34.37,3552500,VHM
2021-01-20 07:00:00,34.44,36.57,33.55,34.61,3457300,VHM
2021-01-21 07:00:00,34.79,35.29,34.72,35.15,3018300,VHM
2021-01-22 07:00:00,35.29,35.86,35.11,35.25,2262800,VHM
2021-01-25 07:00:00,35.32,35.54,35.01,35.32,2142000,VHM
2021-01-26 07:00:00,35.36,35.4,33.73,34.79,2105700,VHM
2021-01-27 07:00:00,34.08,34.86,32.48,33.34,3312000,VHM
2021-01-28 07:00:00,31.06,31.84,31.03,31.03,3197600,VHM
2021-01-29 07:00:00,29.82,33.19,29.82,33.19,5469400,VHM
2021-02-01 07:00:00,33.23,33.73,31.35,31.35,2634200,VHM
2021-02-02 07:00:00,31.6,33.51,31.24,33.51,2756900,VHM
2021-02-03 07:00:00,33.55,35.11,33.55,34.51,3365900,VHM
2021-02-04 07:00:00,34.51,35.11,33.8,34.93,2498900,VHM
2021-02-05 07:00:00,35.11,35.36,34.9,35.25,2245800,VHM
2021-02-08 07:00:00,35.25,35.29,32.84,33.62,4803100,VHM
2021-02-09 07:00:00,34.05,34.54,33.34,34.37,2668600,VHM
2021-02-17 07:00:00,34.79,35.93,34.44,35.86,3701700,VHM
2021-02-18 07:00:00,35.86,36.64,35.5,36.64,4499400,VHM
2021-02-19 07:00:00,36.21,36.71,35.96,36.6,1911800,VHM
2021-02-22 07:00:00,36.78,37.7,36.78,37.56,4390500,VHM
2021-02-23 07:00:00,37.56,37.77,36.92,37.38,2039100,VHM
2021-02-24 07:00:00,37.63,37.63,35.86,36.5,3720700,VHM
2021-02-25 07:00:00,36.57,36.78,36.03,36.5,2300900,VHM
2021-02-26 07:00:00,35.96,36.5,35.64,36.07,2385600,VHM
2021-03-01 07:00:00,36.21,36.71,36.18,36.57,2302000,VHM
2021-03-02 07:00:00,36.92,37.1,36.11,36.5,2460000,VHM
2021-03-03 07:00:00,36.39,36.39,35.96,36.03,2148400,VHM
2021-03-04 07:00:00,36.18,36.21,34.79,35.5,2714300,VHM
2021-03-05 07:00:00,34.93,35.32,34.79,34.93,2865300,VHM
2021-03-08 07:00:00,35.4,35.43,34.37,34.51,3046500,VHM
2021-03-09 07:00:00,34.44,35.25,33.8,34.86,2196300,VHM
2021-03-10 07:00:00,35.32,35.61,34.79,35.47,2406700,VHM
2021-03-11 07:00:00,35.86,36.0,35.11,35.5,1726900,VHM
2021-03-12 07:00:00,35.5,35.93,35.25,35.47,1733400,VHM
2021-03-15 07:00:00,35.47,35.5,34.97,35.43,2288400,VHM
2021-03-16 07:00:00,35.36,35.43,34.83,35.32,1317500,VHM
2021-03-17 07:00:00,35.08,35.4,34.83,35.25,2007400,VHM
2021-03-18 07:00:00,35.32,35.47,34.79,35.4,1374800,VHM
2021-03-19 07:00:00,35.15,35.25,34.72,34.72,2747200,VHM
2021-03-22 07:00:00,35.04,35.32,34.79,35.25,1576700,VHM
2021-03-23 07:00:00,35.01,35.22,34.79,35.04,1319900,VHM
2021-03-24 07:00:00,34.65,34.79,34.08,34.51,2103300,VHM
2021-03-25 07:00:00,34.51,34.68,33.73,34.33,2404000,VHM
2021-03-26 07:00:00,34.26,34.33,33.41,33.98,2265800,VHM
2021-03-29 07:00:00,34.08,34.26,33.76,34.15,1446000,VHM
2021-03-30 07:00:00,34.15,34.76,34.05,34.19,2901300,VHM
2021-03-31 07:00:00,34.26,34.93,34.26,34.54,1897500,VHM
2021-04-01 07:00:00,34.61,35.32,34.47,35.15,2578700,VHM
2021-04-02 07:00:00,35.5,36.14,35.4,35.75,2203200,VHM
2021-04-05 07:00:00,37.28,37.28,35.86,36.11,2653200,VHM
2021-04-06 07:00:00,36.11,36.57,35.96,36.11,2102600,VHM
2021-04-07 07:00:00,35.75,36.0,35.32,35.68,2485300,VHM
2021-04-08 07:00:00,35.68,35.68,35.4,35.4,1584900,VHM
2021-04-09 07:00:00,35.22,35.22,34.79,35.11,2111100,VHM
2021-04-12 07:00:00,35.32,36.21,35.25,36.14,3269900,VHM
2021-04-13 07:00:00,36.53,37.28,36.14,36.39,4016800,VHM
2021-04-14 07:00:00,34.97,35.68,34.76,35.68,8169000,VHM
2021-04-15 07:00:00,36.14,37.1,35.75,35.93,7972300,VHM
2021-04-16 07:00:00,35.93,37.1,34.79,35.86,6593100,VHM
2021-04-19 07:00:00,36.57,37.1,35.96,37.1,9104900,VHM
2021-04-20 07:00:00,38.09,39.69,37.84,38.56,15266000,VHM
2021-04-22 07:00:00,38.7,39.9,36.6,36.6,6647900,VHM
2021-04-23 07:00:00,36.78,37.28,36.21,37.28,8823200,VHM
2021-04-26 07:00:00,37.28,37.28,35.36,35.36,8982600,VHM
2021-04-27 07:00:00,35.36,35.89,34.86,35.5,3979800,VHM
2021-04-28 07:00:00,35.5,36.53,35.5,35.82,5756900,VHM
2021-04-29 07:00:00,36.0,36.03,35.15,35.25,5374300,VHM
2021-05-04 07:00:00,34.79,35.32,34.12,35.22,4388500,VHM
2021-05-05 07:00:00,35.22,35.93,35.22,35.36,2850600,VHM
2021-05-06 07:00:00,35.36,35.86,35.04,35.04,2793600,VHM
2021-05-07 07:00:00,34.97,35.32,34.44,34.47,5114200,VHM
2021-05-10 07:00:00,34.12,35.43,34.12,35.18,3933700,VHM
2021-05-11 07:00:00,35.47,35.47,34.79,34.79,3142600,VHM
2021-05-12 07:00:00,34.61,34.9,34.37,34.68,3510300,VHM
2021-05-13 07:00:00,34.51,34.9,34.4,34.44,2560600,VHM
2021-05-14 07:00:00,34.44,34.97,34.4,34.51,2990500,VHM
2021-05-17 07:00:00,35.32,36.74,35.25,35.79,5913000,VHM
2021-05-18 07:00:00,36.07,36.21,35.11,35.11,3455700,VHM
2021-05-19 07:00:00,35.15,35.75,34.97,35.64,2871000,VHM
2021-05-20 07:00:00,35.64,36.21,35.22,36.21,3923100,VHM
2021-05-21 07:00:00,36.03,36.99,35.68,36.89,6075800,VHM
2021-05-24 07:00:00,37.21,37.99,36.92,37.63,5182000,VHM
2021-05-25 07:00:00,37.35,37.6,36.99,37.14,2865100,VHM
2021-05-26 07:00:00,37.14,38.06,36.85,37.53,4679100,VHM
2021-05-27 07:00:00,37.63,38.16,35.04,37.06,4530700,VHM
2021-05-28 07:00:00,37.28,37.46,36.64,37.14,3237700,VHM
2021-05-31 07:00:00,37.1,37.1,35.89,36.42,5075900,VHM
2021-06-01 07:00:00,36.21,37.53,35.96,36.92,3869100,VHM
2021-06-02 07:00:00,36.74,37.46,36.57,37.06,2664100,VHM
2021-06-03 07:00:00,37.14,37.63,37.14,37.42,5044900,VHM
2021-06-04 07:00:00,37.99,38.09,36.85,37.1,3635200,VHM
2021-06-07 07:00:00,37.1,37.92,37.1,37.63,4249400,VHM
2021-06-08 07:00:00,37.88,38.88,37.28,37.38,7252600,VHM
2021-06-09 07:00:00,37.63,37.92,37.1,37.67,3322600,VHM
2021-06-10 07:00:00,37.46,37.99,36.92,36.96,3369400,VHM
2021-06-11 07:00:00,36.92,37.77,36.85,37.63,3884300,VHM
2021-06-14 07:00:00,38.02,39.37,38.02,39.02,7532600,VHM
2021-06-15 07:00:00,39.76,40.15,39.44,39.98,5394500,VHM
2021-06-16 07:00:00,39.76,40.12,38.73,39.05,4021200,VHM
2021-06-17 07:00:00,38.52,39.05,38.38,38.7,3866300,VHM
2021-06-18 07:00:00,39.05,41.18,38.63,39.94,4789800,VHM
2021-06-21 07:00:00,39.73,40.12,39.41,39.76,3350800,VHM
2021-06-22 07:00:00,39.73,39.87,39.58,39.58,2497800,VHM
2021-06-23 07:00:00,39.76,39.76,38.66,39.51,3874800,VHM
2021-06-24 07:00:00,39.37,40.83,39.05,39.8,3936900,VHM
2021-06-25 07:00:00,40.08,40.3,39.62,39.8,2846300,VHM
2021-06-28 07:00:00,40.12,41.0,39.9,41.0,7156600,VHM
2021-06-29 07:00:00,41.18,42.39,41.11,42.1,5907600,VHM
2021-06-30 07:00:00,42.25,42.74,41.64,41.89,5135400,VHM
2021-07-01 07:00:00,41.57,42.07,41.47,41.61,3700200,VHM
2021-07-02 07:00:00,41.61,42.32,41.36,41.89,3152400,VHM
2021-07-05 07:00:00,42.25,42.25,40.9,42.07,4553400,VHM
2021-07-06 07:00:00,41.93,42.28,39.16,39.16,2814500,VHM
2021-07-07 07:00:00,39.41,41.54,38.88,41.54,7071300,VHM
2021-07-08 07:00:00,41.0,41.43,40.4,40.83,4664700,VHM
2021-07-09 07:00:00,40.37,41.15,39.58,39.94,3902100,VHM
2021-07-12 07:00:00,39.76,39.76,37.17,38.34,8065200,VHM
2021-07-13 07:00:00,39.02,39.02,37.63,38.88,2562500,VHM
2021-07-14 07:00:00,38.95,39.83,38.27,38.88,3325300,VHM
2021-07-15 07:00:00,38.52,39.26,38.52,39.16,4555800,VHM
2021-07-16 07:00:00,39.16,39.23,38.59,38.7,2119200,VHM
2021-07-19 07:00:00,37.95,38.24,36.67,37.03,3189800,VHM
2021-07-20 07:00:00,37.49,37.84,36.57,37.84,4045600,VHM
2021-07-21 07:00:00,38.16,38.63,37.84,38.34,3042000,VHM
2021-07-22 07:00:00,38.34,39.41,37.99,39.41,3402500,VHM
2021-07-23 07:00:00,39.05,39.58,38.2,38.2,2635200,VHM
2021-07-26 07:00:00,38.16,39.26,38.06,38.91,2753500,VHM
2021-07-27 07:00:00,39.3,39.34,38.2,38.27,5342500,VHM
2021-07-28 07:00:00,38.02,38.24,37.49,37.81,4909500,VHM
2021-07-29 07:00:00,38.7,38.8,37.81,38.31,3954600,VHM
2021-07-30 07:00:00,38.34,38.63,37.99,38.45,4731600,VHM
2021-08-02 07:00:00,38.34,38.48,38.02,38.38,4807700,VHM
2021-08-03 07:00:00,38.27,39.83,38.27,39.37,9951300,VHM
2021-08-04 07:00:00,39.58,39.76,38.88,39.23,4121600,VHM
2021-08-05 07:00:00,39.19,39.66,39.02,39.66,5258200,VHM
2021-08-06 07:00:00,39.76,40.65,39.69,40.44,11226500,VHM
2021-08-09 07:00:00,40.44,41.68,40.3,41.68,6329000,VHM
2021-08-10 07:00:00,42.07,42.28,41.54,41.54,7700400,VHM
2021-08-11 07:00:00,41.54,41.79,40.97,41.18,8250600,VHM
2021-08-12 07:00:00,41.11,41.64,40.9,41.54,5228900,VHM
2021-08-13 07:00:00,41.89,42.85,41.61,42.6,10159600,VHM
2021-08-16 07:00:00,43.28,43.28,40.68,41.18,18686700,VHM
2021-08-17 07:00:00,40.83,41.0,39.23,39.41,19975200,VHM
2021-08-18 07:00:00,39.05,40.3,38.31,39.05,23516400,VHM
2021-08-19 07:00:00,39.05,39.55,38.7,39.41,18153200,VHM
2021-08-20 07:00:00,39.41,39.41,38.27,38.38,20500700,VHM
2021-08-23 07:00:00,38.16,38.7,38.06,38.06,15955500,VHM
2021-08-24 07:00:00,38.16,38.38,37.81,38.09,20691400,VHM
2021-08-25 07:00:00,38.16,38.31,37.92,37.99,16184100,VHM
2021-08-26 07:00:00,37.99,38.13,37.28,37.84,13182400,VHM
2021-08-27 07:00:00,37.63,37.95,37.28,37.95,9953900,VHM
2021-08-30 07:00:00,38.02,38.24,37.84,37.95,8782700,VHM
2021-08-31 07:00:00,37.99,38.02,37.7,37.77,10567000,VHM
2021-09-01 07:00:00,38.48,38.77,37.84,37.99,21977200,VHM
2021-09-06 07:00:00,38.31,38.66,37.92,38.48,13077500,VHM
2021-09-07 07:00:00,38.7,39.41,38.52,38.91,11598900,VHM
2021-09-08 07:00:00,38.95,39.05,38.24,38.31,9311500,VHM
2021-09-09 07:00:00,38.16,38.66,38.02,38.24,9925000,VHM
2021-09-10 07:00:00,38.34,38.66,38.16,38.16,15193100,VHM
2021-09-13 07:00:00,38.34,38.38,37.92,37.99,9821600,VHM
2021-09-14 07:00:00,37.99,38.48,37.88,37.99,10966200,VHM
2021-09-15 07:00:00,38.5,39.06,37.75,38.32,9287400,VHM
2021-09-16 07:00:00,38.36,38.6,37.43,37.47,7925100,VHM
2021-09-17 07:00:00,37.47,38.13,37.24,37.99,6873600,VHM
2021-09-20 07:00:00,37.8,37.94,37.38,37.38,5456900,VHM
2021-09-21 07:00:00,36.72,37.33,35.6,36.26,13434500,VHM
2021-09-22 07:00:00,36.49,36.58,35.55,36.49,8759600,VHM
2021-09-23 07:00:00,36.54,37.19,36.49,37.1,4687300,VHM
2021-09-24 07:00:00,37.1,37.57,36.82,37.24,4577300,VHM
2021-09-27 07:00:00,37.24,37.24,36.58,36.58,5151700,VHM
2021-09-28 07:00:00,36.26,37.15,36.21,36.72,5298500,VHM
2021-09-29 07:00:00,36.72,36.91,36.35,36.58,2992100,VHM
2021-09-30 07:00:00,36.72,37.15,36.58,36.63,3151100,VHM
2021-10-01 07:00:00,36.63,36.63,36.02,36.02,4115400,VHM
2021-10-04 07:00:00,36.02,36.58,35.65,36.49,4104600,VHM
2021-10-05 07:00:00,36.4,37.24,36.26,37.15,4573100,VHM
2021-10-06 07:00:00,37.28,37.66,37.24,37.66,4488000,VHM
2021-10-07 07:00:00,37.71,37.8,37.28,37.43,2556200,VHM
2021-10-08 07:00:00,37.33,37.8,37.28,37.38,3466200,VHM
2021-10-11 07:00:00,37.38,37.89,37.19,37.89,5384000,VHM
2021-10-12 07:00:00,37.89,38.17,37.61,37.85,8096900,VHM
2021-10-13 07:00:00,37.89,37.89,37.38,37.43,5259700,VHM
2021-10-14 07:00:00,37.43,37.43,36.86,36.91,8587800,VHM
2021-10-15 07:00:00,36.91,37.19,36.54,36.82,5269100,VHM
2021-10-18 07:00:00,36.86,37.19,36.72,36.91,4542000,VHM
2021-10-19 07:00:00,36.91,37.33,36.72,37.15,5568400,VHM
2021-10-20 07:00:00,37.24,37.24,36.58,36.86,5507700,VHM
2021-10-21 07:00:00,36.86,36.91,36.44,36.44,5861900,VHM
2021-10-22 07:00:00,36.58,36.91,36.49,36.49,4153100,VHM
2021-10-25 07:00:00,36.77,37.28,36.58,36.72,6781600,VHM
2021-10-26 07:00:00,36.91,37.1,36.72,36.82,2940100,VHM
2021-10-27 07:00:00,36.91,37.99,36.91,37.89,8780700,VHM
2021-10-28 07:00:00,38.03,38.13,37.66,37.89,5310000,VHM
2021-10-29 07:00:00,37.99,40.0,37.99,40.0,15578000,VHM
2021-11-01 07:00:00,40.23,40.65,39.3,39.44,9723600,VHM
2021-11-02 07:00:00,39.48,39.86,39.44,39.76,5784000,VHM
2021-11-03 07:00:00,39.81,40.0,38.64,38.78,11230500,VHM
2021-11-04 07:00:00,38.6,39.06,38.27,38.69,8241100,VHM
2021-11-05 07:00:00,38.46,38.74,38.17,38.36,8244100,VHM
2021-11-08 07:00:00,38.6,38.83,38.13,38.55,8203200,VHM
2021-11-09 07:00:00,38.6,39.53,38.36,38.83,8139200,VHM
2021-11-10 07:00:00,39.02,39.06,38.64,38.64,4154800,VHM
2021-11-11 07:00:00,38.69,38.74,38.08,38.13,9431300,VHM
2021-11-12 07:00:00,38.17,38.36,37.8,38.36,5317400,VHM
2021-11-15 07:00:00,38.6,39.48,38.41,39.3,9673200,VHM
2021-11-16 07:00:00,39.3,39.44,38.69,38.83,6114200,VHM
2021-11-17 07:00:00,38.83,39.3,38.74,39.06,5259600,VHM
2021-11-18 07:00:00,39.06,39.25,38.55,38.74,6316700,VHM
2021-11-19 07:00:00,38.78,38.88,37.43,37.66,7517600,VHM
2021-11-22 07:00:00,37.99,38.13,37.28,37.89,6326700,VHM
2021-11-23 07:00:00,37.89,38.6,37.75,38.6,3583700,VHM
2021-11-24 07:00:00,38.69,39.16,38.27,39.16,7322400,VHM
2021-11-25 07:00:00,39.44,39.76,39.06,39.25,8611000,VHM
2021-11-26 07:00:00,39.25,39.72,38.92,38.97,8576100,VHM
2021-11-29 07:00:00,38.17,39.67,38.17,39.67,11265700,VHM
2021-11-30 07:00:00,40.0,40.0,38.83,39.58,8501600,VHM
2021-12-01 07:00:00,39.39,39.53,38.74,38.78,6787500,VHM
2021-12-02 07:00:00,38.92,39.02,38.5,38.5,4813200,VHM
2021-12-03 07:00:00,38.64,38.88,37.52,37.52,5699400,VHM
2021-12-06 07:00:00,37.85,37.94,37.15,37.28,6641800,VHM
2021-12-07 07:00:00,37.71,38.27,37.52,38.17,4522700,VHM
2021-12-08 07:00:00,38.22,38.27,37.85,37.89,3810100,VHM
2021-12-09 07:00:00,37.94,38.27,37.71,38.17,2766400,VHM
2021-12-10 07:00:00,38.03,38.17,37.71,37.85,4327100,VHM
2021-12-13 07:00:00,37.89,39.06,37.85,38.41,6503000,VHM
2021-12-14 07:00:00,38.6,38.83,38.32,38.41,3082100,VHM
2021-12-15 07:00:00,38.46,38.78,38.17,38.64,3589800,VHM
2021-12-16 07:00:00,38.74,38.74,38.22,38.5,3290500,VHM
2021-12-17 07:00:00,38.55,40.23,38.55,39.53,25185800,VHM
2021-12-20 07:00:00,39.86,39.86,38.97,39.06,4652600,VHM
2021-12-21 07:00:00,39.06,40.61,39.06,40.23,16016300,VHM
2021-12-22 07:00:00,40.61,40.93,39.86,40.09,8928800,VHM
2021-12-23 07:00:00,40.19,40.28,38.6,38.6,8897300,VHM
2021-12-24 07:00:00,38.69,38.97,38.46,38.78,6813200,VHM
2021-12-27 07:00:00,38.88,39.06,38.13,38.74,4999700,VHM
2021-12-28 07:00:00,38.83,39.39,38.64,38.74,4469100,VHM
2021-12-29 07:00:00,38.78,39.06,38.22,38.22,5229300,VHM
2021-12-30 07:00:00,38.55,38.55,38.17,38.17,5845500,VHM
2021-12-31 07:00:00,38.36,38.5,38.17,38.36,4633900,VHM
2022-01-04 07:00:00,38.69,39.95,38.6,39.81,10190100,VHM
2022-01-05 07:00:00,39.81,40.19,39.3,39.3,7373100,VHM
2022-01-06 07:00:00,39.3,40.23,39.3,39.9,10551700,VHM
2022-01-07 07:00:00,40.0,40.42,39.44,39.95,8240800,VHM
2022-01-10 07:00:00,40.0,40.89,39.58,39.95,9915000,VHM
2022-01-11 07:00:00,40.0,40.09,38.83,39.11,6135600,VHM
2022-01-12 07:00:00,38.83,39.48,38.08,39.11,6533800,VHM
2022-01-13 07:00:00,39.3,39.44,38.36,38.46,6683500,VHM
2022-01-14 07:00:00,38.36,38.74,38.17,38.46,3589700,VHM
2022-01-17 07:00:00,38.5,38.6,37.01,37.01,8310500,VHM
2022-01-18 07:00:00,37.05,37.43,35.6,36.02,8073900,VHM
2022-01-19 07:00:00,36.02,36.63,36.02,36.3,3344400,VHM
2022-01-20 07:00:00,36.3,37.24,36.21,36.77,3627700,VHM
2022-01-21 07:00:00,37.15,37.19,36.35,37.15,5040100,VHM
2022-01-24 07:00:00,36.82,36.96,35.65,35.65,5605300,VHM
2022-01-25 07:00:00,35.79,37.89,35.41,37.89,5762000,VHM
2022-01-26 07:00:00,37.89,37.99,37.43,37.99,3922600,VHM
2022-01-27 07:00:00,37.99,38.27,37.28,37.89,4446800,VHM
2022-01-28 07:00:00,37.61,37.99,37.52,37.57,3900100,VHM
2022-02-07 07:00:00,38.17,38.83,37.99,38.46,4868100,VHM
2022-02-08 07:00:00,38.6,38.6,37.89,37.99,3101900,VHM
2022-02-09 07:00:00,37.99,39.3,37.99,38.13,4706300,VHM
2022-02-10 07:00:00,38.27,38.27,37.24,37.47,5872800,VHM
2022-02-11 07:00:00,37.43,37.66,37.19,37.28,3480800,VHM
2022-02-14 07:00:00,36.96,37.19,36.54,36.54,5093500,VHM
2022-02-15 07:00:00,36.54,37.85,36.54,37.43,3777500,VHM
2022-02-16 07:00:00,37.57,37.66,37.28,37.43,2334400,VHM
2022-02-17 07:00:00,37.43,37.8,37.28,37.8,2803200,VHM
2022-02-18 07:00:00,37.43,37.57,37.24,37.28,3373300,VHM
2022-02-21 07:00:00,37.43,37.66,37.28,37.43,3116800,VHM
2022-02-22 07:00:00,37.1,37.19,36.68,37.1,5146700,VHM
2022-02-23 07:00:00,37.33,37.57,37.1,37.15,2850000,VHM
2022-02-24 07:00:00,37.1,37.19,36.07,36.77,5284300,VHM
2022-02-25 07:00:00,36.96,37.1,36.63,36.63,2693300,VHM
2022-02-28 07:00:00,36.63,36.77,36.26,36.26,2837300,VHM
2022-03-01 07:00:00,36.26,36.58,36.26,36.49,2459200,VHM
2022-03-02 07:00:00,36.35,36.49,36.02,36.26,3397800,VHM
2022-03-03 07:00:00,36.44,36.72,36.12,36.49,3942400,VHM
2022-03-04 07:00:00,36.49,36.72,36.12,36.44,4102000,VHM
2022-03-07 07:00:00,36.12,36.12,35.46,35.65,7634300,VHM
2022-03-08 07:00:00,35.51,35.79,34.9,34.9,6032800,VHM
2022-03-09 07:00:00,35.09,35.09,34.52,34.62,7395400,VHM
2022-03-10 07:00:00,34.99,35.51,34.85,35.18,3775700,VHM
2022-03-11 07:00:00,35.18,35.18,34.62,35.09,3610200,VHM
2022-03-14 07:00:00,34.9,34.95,34.34,34.85,3437200,VHM
2022-03-15 07:00:00,34.99,34.99,34.48,34.85,4163200,VHM
2022-03-16 07:00:00,34.76,34.85,34.48,34.71,4047200,VHM
2022-03-17 07:00:00,34.62,35.46,34.57,34.62,2869600,VHM
2022-03-18 07:00:00,34.95,35.7,34.71,34.9,7410800,VHM
2022-03-21 07:00:00,35.23,36.26,35.18,36.26,4454000,VHM
2022-03-22 07:00:00,36.3,36.72,35.93,36.49,4130400,VHM
2022-03-23 07:00:00,36.49,36.54,36.07,36.12,3617700,VHM
2022-03-24 07:00:00,36.02,36.02,35.37,35.41,4527700,VHM
2022-03-25 07:00:00,35.46,35.7,35.32,35.51,2713700,VHM
2022-03-28 07:00:00,35.23,35.41,34.81,35.04,3712400,VHM
2022-03-29 07:00:00,35.04,35.84,34.99,35.79,2945900,VHM
2022-03-30 07:00:00,35.46,35.7,34.95,35.46,4088400,VHM
2022-03-31 07:00:00,35.37,35.55,35.13,35.46,3394300,VHM
2022-04-01 07:00:00,35.32,35.79,35.13,35.65,4095000,VHM
2022-04-04 07:00:00,36.02,36.02,35.6,35.7,3127700,VHM
2022-04-05 07:00:00,35.7,36.26,35.55,35.74,3785900,VHM
2022-04-06 07:00:00,35.55,35.7,35.13,35.7,3879900,VHM
2022-04-07 07:00:00,35.55,35.6,34.95,35.09,4601800,VHM
2022-04-08 07:00:00,35.13,35.55,34.85,35.13,4471900,VHM
2022-04-12 07:00:00,35.04,35.13,34.15,34.15,4356200,VHM
2022-04-13 07:00:00,34.24,34.34,33.78,34.2,3825200,VHM
2022-04-14 07:00:00,34.29,34.38,33.68,33.82,3679100,VHM
2022-04-15 07:00:00,33.82,33.87,33.08,33.26,4040800,VHM
2022-04-18 07:00:00,32.79,33.12,31.86,32.65,5668700,VHM
2022-04-19 07:00:00,32.37,32.98,32.0,32.23,2732200,VHM
2022-04-20 07:00:00,32.05,32.09,30.74,31.25,5981000,VHM
2022-04-21 07:00:00,31.11,31.34,29.94,29.94,6536700,VHM
2022-04-22 07:00:00,30.27,30.78,29.89,30.27,6187200,VHM
2022-04-25 07:00:00,30.41,30.46,28.16,29.47,6857400,VHM
2022-04-26 07:00:00,28.68,30.41,27.7,30.41,6323900,VHM
2022-04-27 07:00:00,30.08,30.41,29.33,30.41,4773300,VHM
2022-04-28 07:00:00,30.36,30.36,29.29,30.18,6290400,VHM
2022-04-29 07:00:00,29.52,30.41,29.47,30.41,6819600,VHM
2022-05-04 07:00:00,30.41,30.5,29.71,30.18,2511700,VHM
2022-05-05 07:00:00,30.22,32.19,30.13,32.19,7518400,VHM
2022-05-06 07:00:00,31.34,32.19,31.2,32.14,5560700,VHM
2022-05-09 07:00:00,31.76,32.05,31.06,31.81,5658400,VHM
2022-05-10 07:00:00,31.3,32.7,30.41,32.7,4352700,VHM
2022-05-11 07:00:00,32.28,33.31,32.09,32.98,3072800,VHM
2022-05-12 07:00:00,32.37,32.7,31.34,32.23,4117300,VHM
2022-05-13 07:00:00,32.23,32.23,30.18,31.81,6924300,VHM
2022-05-16 07:00:00,31.81,31.86,30.18,30.78,5296400,VHM
2022-05-17 07:00:00,30.5,31.3,29.61,31.3,4830700,VHM
2022-05-18 07:00:00,31.3,31.3,30.55,31.3,4266300,VHM
2022-05-19 07:00:00,30.41,31.67,30.41,31.34,3316000,VHM
2022-05-20 07:00:00,31.39,31.53,30.88,31.25,2305800,VHM
2022-05-23 07:00:00,31.2,31.53,30.55,31.2,2901300,VHM
2022-05-24 07:00:00,30.78,31.3,30.74,31.3,2242000,VHM
2022-05-25 07:00:00,31.25,31.76,31.02,31.76,3077100,VHM
2022-05-26 07:00:00,31.76,32.56,31.76,32.14,3048600,VHM
2022-05-27 07:00:00,32.28,32.61,32.05,32.61,2451900,VHM
2022-05-30 07:00:00,32.75,32.98,32.19,32.98,2593900,VHM
2022-05-31 07:00:00,33.08,33.66,32.98,33.51,3692900,VHM
2022-06-01 07:00:00,33.51,33.85,33.22,33.85,3704600,VHM
2022-06-02 07:00:00,33.75,33.75,33.03,33.46,3115700,VHM
2022-06-03 07:00:00,33.03,33.42,32.74,33.42,2752600,VHM
2022-06-06 07:00:00,33.42,33.46,32.84,33.37,3331600,VHM
2022-06-07 07:00:00,33.22,33.22,32.64,32.98,3568900,VHM
2022-06-08 07:00:00,32.98,33.32,32.74,32.98,2085300,VHM
2022-06-09 07:00:00,33.08,33.08,32.5,32.88,3544100,VHM
2022-06-10 07:00:00,32.36,32.88,32.36,32.88,2452200,VHM
2022-06-13 07:00:00,32.02,32.26,31.39,31.78,3373800,VHM
2022-06-14 07:00:00,31.58,31.78,31.15,31.78,3015300,VHM
2022-06-15 07:00:00,31.78,31.92,31.15,31.73,3508000,VHM
2022-06-16 07:00:00,31.73,32.12,31.58,31.78,2437800,VHM
2022-06-17 07:00:00,31.2,31.78,30.72,31.78,3106900,VHM
2022-06-20 07:00:00,31.73,31.78,31.15,31.3,2701700,VHM
2022-06-21 07:00:00,31.15,31.3,30.72,31.3,2365100,VHM
2022-06-22 07:00:00,31.06,31.3,30.57,31.2,3460900,VHM
2022-06-23 07:00:00,30.77,30.91,30.33,30.43,5534200,VHM
2022-06-24 07:00:00,30.48,30.72,30.38,30.43,2256500,VHM
2022-06-27 07:00:00,30.43,31.25,30.43,30.57,2666100,VHM
2022-06-28 07:00:00,30.57,30.86,30.57,30.72,1455900,VHM
2022-06-29 07:00:00,30.62,30.82,30.38,30.48,1571700,VHM
2022-06-30 07:00:00,30.48,30.72,29.9,29.9,2480200,VHM
2022-07-01 07:00:00,29.95,30.57,29.56,29.56,2974000,VHM
2022-07-04 07:00:00,29.85,29.85,29.37,29.37,2256200,VHM
2022-07-05 07:00:00,29.42,29.61,29.08,29.13,3133800,VHM
2022-07-06 07:00:00,28.98,29.13,28.12,28.46,6722800,VHM
2022-07-07 07:00:00,28.41,29.37,28.07,29.37,2098800,VHM
2022-07-08 07:00:00,29.52,29.52,28.65,29.37,1793900,VHM
2022-07-11 07:00:00,28.46,29.13,28.12,29.13,4883200,VHM
2022-07-12 07:00:00,28.65,29.13,28.46,28.98,3602700,VHM
2022-07-13 07:00:00,28.89,29.13,28.41,28.94,2334600,VHM
2022-07-14 07:00:00,28.94,29.03,28.5,28.94,1906300,VHM
2022-07-15 07:00:00,28.65,28.98,28.6,28.89,2301900,VHM
2022-07-18 07:00:00,28.89,28.89,28.41,28.41,2023400,VHM
2022-07-19 07:00:00,28.22,28.46,28.22,28.31,1864800,VHM
2022-07-20 07:00:00,28.41,28.74,28.17,28.74,1910000,VHM
2022-07-21 07:00:00,28.7,28.74,28.36,28.36,2070700,VHM
2022-07-22 07:00:00,28.36,28.41,28.17,28.26,1530500,VHM
2022-07-25 07:00:00,28.17,28.46,28.17,28.36,1229500,VHM
2022-07-26 07:00:00,28.41,28.55,28.17,28.26,737100,VHM
2022-07-27 07:00:00,28.17,28.31,28.17,28.22,502800,VHM
2022-07-28 07:00:00,28.41,28.46,28.17,28.31,1914300,VHM
2022-07-29 07:00:00,28.36,29.13,28.31,28.84,3235500,VHM
2022-08-01 07:00:00,28.79,28.89,28.41,28.89,1703800,VHM
2022-08-02 07:00:00,28.79,30.24,28.6,30.09,4320200,VHM
2022-08-03 07:00:00,29.85,30.19,29.56,29.8,2005800,VHM
2022-08-04 07:00:00,29.85,30.38,29.85,30.33,5218900,VHM
2022-08-05 07:00:00,30.19,30.19,29.66,29.76,2290400,VHM
2022-08-08 07:00:00,29.61,29.8,29.61,29.61,2233600,VHM
2022-08-09 07:00:00,29.71,29.8,29.32,29.32,2234700,VHM
2022-08-10 07:00:00,29.37,30.0,29.27,29.52,1594600,VHM
2022-08-11 07:00:00,29.8,29.8,29.37,29.56,2236700,VHM
2022-08-12 07:00:00,29.56,29.61,29.42,29.47,1423400,VHM
2022-08-15 07:00:00,29.61,30.0,29.52,29.61,2189500,VHM
2022-08-16 07:00:00,29.61,29.76,29.42,29.52,1107300,VHM
2022-08-17 07:00:00,29.61,29.76,29.52,29.52,2505800,VHM
2022-08-18 07:00:00,29.52,29.76,29.42,29.42,3350200,VHM
2022-08-19 07:00:00,29.37,29.42,28.65,28.94,2780700,VHM
2022-08-22 07:00:00,28.84,29.08,28.46,28.6,2116900,VHM
2022-08-23 07:00:00,28.5,28.74,28.46,28.65,1353300,VHM
2022-08-24 07:00:00,28.7,28.79,28.55,28.74,1049900,VHM
2022-08-25 07:00:00,28.84,29.47,28.79,29.37,2025800,VHM
2022-08-26 07:00:00,29.37,29.56,28.98,29.03,851200,VHM
2022-08-29 07:00:00,28.7,28.79,28.36,28.74,2035600,VHM
2022-08-30 07:00:00,28.74,29.08,28.65,28.84,1770500,VHM
2022-08-31 07:00:00,28.84,29.56,28.74,29.37,2837300,VHM
2022-09-05 07:00:00,29.47,29.76,29.37,29.37,1529500,VHM
2022-09-06 07:00:00,29.47,29.61,29.37,29.42,1285200,VHM
2022-09-07 07:00:00,29.37,29.42,28.65,28.65,1847100,VHM
2022-09-08 07:00:00,28.7,28.79,28.55,28.7,1642000,VHM
2022-09-09 07:00:00,28.79,28.98,28.65,28.84,1443100,VHM
2022-09-12 07:00:00,28.94,29.76,28.94,29.56,3868500,VHM
2022-09-13 07:00:00,29.61,29.61,29.23,29.23,2252100,VHM
2022-09-14 07:00:00,28.79,29.03,28.74,28.89,1784500,VHM
2022-09-15 07:00:00,28.89,29.13,28.79,29.13,1910900,VHM
2022-09-16 07:00:00,28.89,29.42,28.7,28.7,2368800,VHM
2022-09-19 07:00:00,28.7,28.79,28.12,28.12,1944900,VHM
2022-09-20 07:00:00,28.22,28.55,28.22,28.36,1539400,VHM
2022-09-21 07:00:00,28.36,28.36,27.93,28.07,1732700,VHM
2022-09-22 07:00:00,27.83,27.93,27.25,27.78,2370700,VHM
2022-09-23 07:00:00,27.68,27.78,27.44,27.54,630900,VHM
2022-09-26 07:00:00,27.2,27.44,26.58,26.92,2734600,VHM
2022-09-27 07:00:00,26.92,26.92,26.05,26.05,1239500,VHM
2022-09-28 07:00:00,25.81,26.0,24.56,24.65,2624400,VHM
2022-09-29 07:00:00,25.08,25.28,24.41,24.46,1967400,VHM
2022-09-30 07:00:00,24.07,25.04,23.11,24.41,4399000,VHM
2022-10-03 07:00:00,24.41,24.46,22.73,24.27,4216600,VHM
2022-10-04 07:00:00,24.41,24.41,23.26,24.36,2981600,VHM
2022-10-05 07:00:00,24.56,25.9,24.51,25.9,3926300,VHM
2022-10-06 07:00:00,25.81,26.05,25.37,25.81,2715500,VHM
2022-10-07 07:00:00,25.81,25.9,24.41,25.9,4053800,VHM
2022-10-10 07:00:00,25.52,25.95,24.94,25.95,2162500,VHM
2022-10-11 07:00:00,25.33,25.33,24.46,24.94,4080700,VHM
2022-10-12 07:00:00,24.94,25.47,24.32,25.28,2058600,VHM
2022-10-13 07:00:00,25.28,25.42,24.56,25.42,2128800,VHM
2022-10-14 07:00:00,25.52,25.57,24.7,24.99,1696600,VHM
2022-10-17 07:00:00,24.8,24.8,23.83,23.83,2934700,VHM
2022-10-18 07:00:00,24.07,24.32,23.28,24.32,2552900,VHM
2022-10-19 07:00:00,24.27,24.32,23.62,24.07,1240200,VHM
2022-10-20 07:00:00,23.83,24.07,23.54,24.07,2747900,VHM
2022-10-21 07:00:00,24.05,24.05,22.39,23.09,5383900,VHM
2022-10-24 07:00:00,23.09,23.09,21.47,21.47,1834000,VHM
2022-10-25 07:00:00,21.47,21.52,19.98,21.47,6293600,VHM
2022-10-26 07:00:00,21.47,21.47,20.1,20.94,3700300,VHM
2022-10-27 07:00:00,20.9,21.47,20.66,21.18,4869100,VHM
2022-10-28 07:00:00,21.43,22.29,21.23,21.62,3076200,VHM
2022-10-31 07:00:00,21.91,22.53,21.23,21.67,2523900,VHM
2022-11-01 07:00:00,22.05,22.24,21.67,21.67,2622800,VHM
2022-11-02 07:00:00,21.67,21.91,21.52,21.62,2263100,VHM
2022-11-03 07:00:00,21.45,21.84,21.35,21.67,2099800,VHM
2022-11-04 07:00:00,21.57,21.57,20.46,21.43,4338400,VHM
2022-11-07 07:00:00,21.18,21.18,20.32,21.14,3020500,VHM
2022-11-08 07:00:00,20.75,21.09,19.86,21.09,5521100,VHM
2022-11-09 07:00:00,21.09,21.67,21.09,21.45,4933400,VHM
2022-11-10 07:00:00,21.23,21.23,20.37,21.16,4020400,VHM
2022-11-11 07:00:00,21.16,21.45,21.06,21.26,4084100,VHM
2022-11-14 07:00:00,21.09,21.62,20.39,21.18,2665000,VHM
2022-11-15 07:00:00,20.49,21.11,20.44,20.9,3093200,VHM
2022-11-16 07:00:00,20.7,21.67,19.98,21.62,3370900,VHM
2022-11-17 07:00:00,21.67,23.09,21.64,23.09,4303600,VHM
2022-11-18 07:00:00,23.09,23.5,22.44,23.11,3641700,VHM
2022-11-21 07:00:00,23.11,23.11,22.03,22.61,2712700,VHM
2022-11-22 07:00:00,22.05,23.35,21.81,21.81,1851800,VHM
2022-11-23 07:00:00,21.67,22.15,21.33,21.38,1111300,VHM
2022-11-24 07:00:00,21.35,21.91,21.28,21.67,1182600,VHM
2022-11-25 07:00:00,22.15,22.65,22.05,22.63,3344500,VHM
2022-11-28 07:00:00,22.87,24.17,22.82,24.17,7815000,VHM
2022-11-29 07:00:00,24.84,25.57,24.27,25.57,7431800,VHM
2022-11-30 07:00:00,25.81,26.24,25.04,26.24,6191900,VHM
2022-12-01 07:00:00,26.53,27.06,25.76,25.76,5868300,VHM
2022-12-02 07:00:00,25.76,27.54,25.52,27.54,6364400,VHM
2022-12-05 07:00:00,27.68,28.07,27.35,28.07,4597300,VHM
2022-12-06 07:00:00,28.07,28.07,26.14,26.48,4261600,VHM
2022-12-07 07:00:00,26.1,27.3,26.1,26.72,3601000,VHM
2022-12-08 07:00:00,27.44,27.44,26.24,26.67,4142000,VHM
2022-12-09 07:00:00,26.67,26.77,25.86,26.05,3329100,VHM
2022-12-12 07:00:00,26.1,26.1,24.32,24.32,3867300,VHM
2022-12-13 07:00:00,24.32,25.52,24.05,25.52,4250600,VHM
2022-12-14 07:00:00,25.86,25.86,24.75,25.52,3218700,VHM
2022-12-15 07:00:00,25.52,25.57,24.41,24.41,2949400,VHM
2022-12-16 07:00:00,24.22,24.65,23.74,23.74,3490900,VHM
2022-12-19 07:00:00,23.78,24.17,23.21,23.21,2140200,VHM
2022-12-20 07:00:00,23.21,23.4,22.29,23.21,3290300,VHM
2022-12-21 07:00:00,23.5,23.5,22.44,23.35,1880900,VHM
2022-12-22 07:00:00,23.38,23.91,23.38,23.59,2170900,VHM
2022-12-23 07:00:00,23.78,24.07,23.21,23.98,1348100,VHM
2022-12-26 07:00:00,23.83,23.88,22.63,22.63,2139600,VHM
2022-12-27 07:00:00,22.29,24.17,21.74,22.87,2872500,VHM
2022-12-28 07:00:00,22.97,23.35,22.39,22.97,1485500,VHM
2022-12-29 07:00:00,22.92,23.35,22.82,23.02,1258100,VHM
2022-12-30 07:00:00,23.59,23.59,22.89,23.11,1197100,VHM
2023-01-03 07:00:00,23.11,23.78,22.63,23.78,1622300,VHM
2023-01-04 07:00:00,24.03,24.03,23.59,23.59,1176400,VHM
2023-01-05 07:00:00,23.59,24.07,23.59,23.93,1951700,VHM
2023-01-06 07:00:00,23.95,24.22,23.83,24.03,1171800,VHM
2023-01-09 07:00:00,24.17,24.32,23.93,24.17,1196400,VHM
2023-01-10 07:00:00,24.12,24.27,23.95,23.95,894100,VHM
2023-01-11 07:00:00,24.22,24.51,23.98,24.46,1186100,VHM
2023-01-12 07:00:00,24.6,24.89,24.56,24.8,1238700,VHM
2023-01-13 07:00:00,24.89,25.04,24.6,25.04,1047000,VHM
2023-01-16 07:00:00,25.04,25.18,24.7,24.7,1118900,VHM
2023-01-17 07:00:00,24.7,25.04,23.86,25.04,1453600,VHM
2023-01-18 07:00:00,25.04,25.47,24.51,25.28,1264300,VHM
2023-01-19 07:00:00,25.23,25.71,24.8,25.13,2235700,VHM
2023-01-27 07:00:00,25.23,25.95,24.99,25.66,1282700,VHM
2023-01-30 07:00:00,25.66,25.76,24.8,24.8,1349500,VHM
2023-01-31 07:00:00,24.8,24.94,24.27,24.51,1312000,VHM
2023-02-01 07:00:00,24.41,24.51,23.11,23.11,3648300,VHM
2023-02-02 07:00:00,23.35,23.69,22.97,23.06,2156100,VHM
2023-02-03 07:00:00,23.11,23.35,22.87,23.16,1246200,VHM
2023-02-06 07:00:00,23.06,23.11,22.68,23.09,1693000,VHM
2023-02-07 07:00:00,23.11,23.11,22.17,22.53,2542100,VHM
2023-02-08 07:00:00,22.48,22.48,21.4,22.44,4744700,VHM
2023-02-09 07:00:00,21.98,22.48,21.81,21.81,3121100,VHM
2023-02-10 07:00:00,21.67,22.03,21.67,21.86,1602200,VHM
2023-02-13 07:00:00,21.57,21.67,20.9,21.38,2467600,VHM
2023-02-14 07:00:00,21.18,21.28,20.32,20.58,3875000,VHM
2023-02-15 07:00:00,20.56,20.56,20.03,20.46,4288300,VHM
2023-02-16 07:00:00,20.58,20.58,20.22,20.46,2366000,VHM
2023-02-17 07:00:00,20.56,20.99,20.46,20.85,2064500,VHM
2023-02-20 07:00:00,20.94,22.29,20.9,21.76,4177000,VHM
2023-02-21 07:00:00,21.91,22.22,21.72,21.76,1571200,VHM
2023-02-22 07:00:00,21.47,21.57,20.51,20.51,3712300,VHM
2023-02-23 07:00:00,20.51,20.63,19.55,20.22,4588000,VHM
2023-02-24 07:00:00,20.08,20.22,19.69,19.74,3013500,VHM
2023-02-27 07:00:00,19.26,19.69,18.97,19.69,5325900,VHM
2023-02-28 07:00:00,19.74,20.2,19.45,19.98,1631900,VHM
2023-03-01 07:00:00,19.76,19.89,19.16,19.84,3325100,VHM
2023-03-02 07:00:00,19.74,19.98,19.48,19.79,1947400,VHM
2023-03-03 07:00:00,19.74,19.84,19.52,19.72,1387200,VHM
2023-03-06 07:00:00,20.1,20.8,19.98,20.27,2996100,VHM
2023-03-07 07:00:00,20.56,20.7,20.27,20.37,1670600,VHM
2023-03-08 07:00:00,19.89,20.39,19.89,20.39,1952900,VHM
2023-03-09 07:00:00,20.39,20.7,20.34,20.42,1780100,VHM
2023-03-10 07:00:00,20.42,20.7,20.22,20.63,2536600,VHM
2023-03-13 07:00:00,20.61,21.57,20.58,21.55,3225100,VHM
2023-03-14 07:00:00,21.28,21.84,21.23,21.55,2838200,VHM
2023-03-15 07:00:00,21.79,22.44,21.64,22.15,2069400,VHM
2023-03-16 07:00:00,22.05,22.05,21.31,21.43,2039000,VHM
2023-03-17 07:00:00,21.47,21.76,20.87,20.87,4942600,VHM
2023-03-20 07:00:00,21.23,21.23,20.49,20.49,2167400,VHM
2023-03-21 07:00:00,20.7,21.91,20.7,21.86,2538300,VHM
2023-03-22 07:00:00,21.96,23.11,21.96,22.94,4394900,VHM
2023-03-23 07:00:00,22.82,23.11,22.56,23.11,2271200,VHM
2023-03-24 07:00:00,23.11,24.0,23.11,23.59,2609300,VHM
2023-03-27 07:00:00,23.59,23.83,23.3,23.3,1869300,VHM
2023-03-28 07:00:00,23.33,23.83,22.63,23.11,2550000,VHM
2023-03-29 07:00:00,23.14,23.14,22.68,23.11,1251100,VHM
2023-03-30 07:00:00,23.5,24.05,23.16,23.86,1675100,VHM
2023-03-31 07:00:00,23.88,24.8,23.88,24.8,2718900,VHM
2023-04-03 07:00:00,25.13,25.86,25.04,25.33,2842200,VHM
2023-04-04 07:00:00,25.52,25.52,24.56,24.56,1515600,VHM
2023-04-05 07:00:00,24.56,25.18,24.36,25.13,2188900,VHM
2023-04-06 07:00:00,25.04,25.13,24.65,24.65,1034200,VHM
2023-04-07 07:00:00,24.65,24.8,24.22,24.41,779800,VHM
2023-04-10 07:00:00,24.75,24.8,23.98,23.98,1326100,VHM
2023-04-11 07:00:00,23.74,24.89,23.74,24.8,2077500,VHM
2023-04-12 07:00:00,24.99,25.08,24.56,24.84,2031500,VHM
2023-04-13 07:00:00,24.84,24.89,24.22,24.32,1340500,VHM
2023-04-14 07:00:00,24.41,24.8,23.93,24.07,1318400,VHM
2023-04-17 07:00:00,24.12,24.51,24.07,24.22,1028000,VHM
2023-04-18 07:00:00,24.51,24.7,24.32,24.46,1761600,VHM
2023-04-19 07:00:00,24.46,24.65,24.07,24.27,973100,VHM
2023-04-20 07:00:00,24.32,24.41,24.0,24.41,483600,VHM
2023-04-21 07:00:00,24.32,24.41,24.03,24.22,734700,VHM
2023-04-24 07:00:00,24.46,25.04,24.17,24.32,1344800,VHM
2023-04-25 07:00:00,24.65,24.65,24.0,24.17,2139000,VHM
2023-04-26 07:00:00,24.03,24.03,23.11,23.11,2276700,VHM
2023-04-27 07:00:00,23.11,23.45,22.56,22.87,2648000,VHM
2023-04-28 07:00:00,22.97,23.83,22.82,23.83,1144900,VHM
2023-05-04 07:00:00,23.83,23.83,23.21,23.83,1314400,VHM
2023-05-05 07:00:00,23.66,23.83,23.4,23.59,793200,VHM
2023-05-08 07:00:00,23.52,23.86,23.4,23.78,1057500,VHM
2023-05-09 07:00:00,23.62,23.83,23.47,23.74,1270100,VHM
2023-05-10 07:00:00,23.74,23.78,23.54,23.76,518800,VHM
2023-05-11 07:00:00,23.83,23.83,23.57,23.66,523900,VHM
2023-05-12 07:00:00,23.64,24.65,23.54,24.65,1439700,VHM
2023-05-15 07:00:00,25.04,25.28,24.8,24.89,1699500,VHM
2023-05-16 07:00:00,24.89,25.13,24.8,25.13,1495800,VHM
2023-05-17 07:00:00,25.13,25.95,25.13,25.71,3109800,VHM
2023-05-18 07:00:00,25.95,26.87,25.76,26.48,3529400,VHM
2023-05-19 07:00:00,26.72,26.72,25.76,26.05,1844100,VHM
2023-05-22 07:00:00,26.48,26.48,25.76,26.05,1650400,VHM
2023-05-23 07:00:00,26.24,26.24,25.52,25.86,1157300,VHM
2023-05-24 07:00:00,25.86,26.24,25.66,26.24,848900,VHM
2023-05-25 07:00:00,26.34,26.77,26.0,26.48,1607700,VHM
2023-05-26 07:00:00,26.48,27.16,26.29,26.48,1791400,VHM
2023-05-29 07:00:00,26.48,27.11,26.48,26.72,1606200,VHM
2023-05-30 07:00:00,26.96,26.96,26.29,26.43,1390000,VHM
2023-05-31 07:00:00,26.48,26.48,25.76,25.76,1538100,VHM
2023-06-01 07:00:00,25.76,26.0,25.52,25.52,913700,VHM
2023-06-02 07:00:00,25.76,25.95,25.52,25.71,1356400,VHM
2023-06-05 07:00:00,26.0,26.53,25.66,25.86,1430700,VHM
2023-06-06 07:00:00,26.19,26.48,25.95,26.48,1361500,VHM
2023-06-07 07:00:00,26.63,26.82,26.24,26.63,1857300,VHM
2023-06-08 07:00:00,26.63,26.96,26.53,26.67,2325400,VHM
2023-06-09 07:00:00,26.48,26.87,26.38,26.72,1051100,VHM
2023-06-12 07:00:00,26.72,26.72,26.19,26.67,1150600,VHM
2023-06-13 07:00:00,26.58,27.3,26.53,27.3,2370400,VHM
2023-06-14 07:00:00,27.35,28.02,27.3,27.44,2455300,VHM
2023-06-15 07:00:00,27.44,27.88,26.87,27.2,2453200,VHM
2023-06-16 07:00:00,27.16,27.4,26.48,26.96,2452000,VHM
2023-06-19 07:00:00,27.01,27.01,26.38,26.48,1528500,VHM
2023-06-20 07:00:00,26.48,26.82,26.24,26.53,984300,VHM
2023-06-21 07:00:00,26.48,26.63,26.14,26.29,2367700,VHM
2023-06-22 07:00:00,26.48,26.82,26.34,26.82,1914900,VHM
2023-06-23 07:00:00,26.58,26.96,26.53,26.96,2159900,VHM
2023-06-26 07:00:00,26.77,26.87,26.38,26.72,1422100,VHM
2023-06-27 07:00:00,26.72,26.92,26.67,26.92,991900,VHM
2023-06-28 07:00:00,27.01,27.06,26.48,26.67,1388900,VHM
2023-06-29 07:00:00,26.67,26.67,26.43,26.48,1247700,VHM
2023-06-30 07:00:00,26.38,26.72,26.14,26.48,1458000,VHM
2023-07-03 07:00:00,26.48,26.92,26.48,26.92,1043500,VHM
2023-07-04 07:00:00,26.92,27.35,26.72,27.2,1450100,VHM
2023-07-05 07:00:00,27.2,27.2,26.63,27.01,1622700,VHM
2023-07-06 07:00:00,26.63,26.92,26.24,26.24,1405400,VHM
2023-07-07 07:00:00,26.24,26.43,26.0,26.0,1220500,VHM
2023-07-10 07:00:00,26.05,26.19,25.81,25.9,2150300,VHM
2023-07-11 07:00:00,25.81,25.95,25.81,25.95,2615400,VHM
2023-07-12 07:00:00,25.95,26.63,25.95,26.53,2185400,VHM
2023-07-13 07:00:00,26.67,27.11,26.63,27.11,3010000,VHM
2023-07-14 07:00:00,27.2,27.25,26.87,27.16,2054200,VHM
2023-07-17 07:00:00,27.3,28.41,27.2,28.41,4267700,VHM
2023-07-18 07:00:00,28.17,28.6,27.93,28.31,2908900,VHM
2023-07-19 07:00:00,28.31,28.41,28.02,28.17,2216000,VHM
2023-07-20 07:00:00,28.17,28.17,27.59,27.78,3588400,VHM
2023-07-21 07:00:00,27.68,28.41,27.59,28.41,3603800,VHM
2023-07-24 07:00:00,28.65,28.65,27.97,28.46,2048800,VHM
2023-07-25 07:00:00,28.31,28.5,28.02,28.22,3619300,VHM
2023-07-26 07:00:00,28.07,28.41,28.07,28.41,3075200,VHM
2023-07-27 07:00:00,28.41,28.46,27.68,27.68,2724000,VHM
2023-07-28 07:00:00,27.78,28.36,27.64,28.36,2867200,VHM
2023-07-31 07:00:00,29.95,30.33,29.37,30.33,5506100,VHM
2023-08-01 07:00:00,30.77,31.87,30.24,30.24,6553500,VHM
2023-08-02 07:00:00,30.14,30.28,29.8,29.8,3438900,VHM
2023-08-03 07:00:00,29.85,29.95,28.94,28.94,2944400,VHM
2023-08-04 07:00:00,29.32,30.72,29.18,30.33,4715000,VHM
2023-08-07 07:00:00,30.67,30.67,29.66,30.28,3395500,VHM
2023-08-08 07:00:00,30.28,30.72,30.09,30.24,5300400,VHM
2023-08-09 07:00:00,30.0,30.19,29.18,29.18,5591000,VHM
2023-08-10 07:00:00,29.23,29.66,29.18,29.18,4743100,VHM
2023-08-11 07:00:00,30.0,30.09,28.79,29.32,4792700,VHM
2023-08-14 07:00:00,29.32,29.76,29.27,29.47,6216300,VHM
2023-08-15 07:00:00,29.47,30.09,29.32,29.71,5687200,VHM
2023-08-16 07:00:00,30.33,30.86,30.0,30.28,6366900,VHM
2023-08-17 07:00:00,29.9,30.14,29.37,29.37,5437100,VHM
2023-08-18 07:00:00,29.27,29.27,27.35,27.35,9562100,VHM
2023-08-21 07:00:00,27.35,27.54,26.82,26.96,5229200,VHM
2023-08-22 07:00:00,27.35,27.35,26.24,26.72,4567100,VHM
2023-08-23 07:00:00,27.4,27.4,26.19,26.24,6684500,VHM
2023-08-24 07:00:00,26.43,27.01,26.19,26.67,4647700,VHM
2023-08-25 07:00:00,26.72,26.72,26.0,26.05,5129100,VHM
2023-08-28 07:00:00,26.24,26.63,26.1,26.34,5223400,VHM
2023-08-29 07:00:00,26.48,26.87,26.19,26.29,5305400,VHM
2023-08-30 07:00:00,26.29,26.53,26.05,26.29,5033400,VHM
2023-08-31 07:00:00,26.38,26.92,26.34,26.34,6420400,VHM
2023-09-05 07:00:00,26.58,26.72,26.19,26.63,9060200,VHM
2023-09-06 07:00:00,26.72,27.44,26.67,26.92,9771600,VHM
2023-09-07 07:00:00,27.2,27.25,26.43,26.53,8725600,VHM
2023-09-08 07:00:00,26.48,26.72,26.0,26.0,10428600,VHM
2023-09-11 07:00:00,26.29,26.43,25.28,25.28,8473600,VHM
2023-09-12 07:00:00,25.42,25.76,25.04,25.76,7418400,VHM
2023-09-13 07:00:00,25.9,25.9,25.08,25.08,11950900,VHM
2023-09-14 07:00:00,25.08,25.18,23.59,23.59,11640900,VHM
2023-09-15 07:00:00,23.88,24.32,23.78,24.32,10515400,VHM
2023-09-18 07:00:00,24.12,24.32,23.45,23.57,5100700,VHM
2023-09-19 07:00:00,24.07,24.41,23.59,23.76,7523700,VHM
2023-09-20 07:00:00,23.93,24.51,23.83,24.41,4516100,VHM
2023-09-21 07:00:00,24.56,24.75,24.07,24.17,5187600,VHM
2023-09-22 07:00:00,23.78,23.81,23.04,23.11,7962300,VHM
2023-09-25 07:00:00,23.11,23.47,22.15,22.63,5318000,VHM
2023-09-26 07:00:00,22.63,23.02,21.67,21.67,4072300,VHM
2023-09-27 07:00:00,21.67,22.05,21.11,21.72,6501300,VHM
2023-09-28 07:00:00,21.72,21.91,21.21,21.43,3414400,VHM
2023-09-29 07:00:00,21.67,22.87,21.67,21.91,7289300,VHM
2023-10-02 07:00:00,21.96,22.24,21.76,22.03,1820000,VHM
2023-10-03 07:00:00,21.67,21.79,21.21,21.21,4660300,VHM
2023-10-04 07:00:00,20.82,21.86,20.82,21.47,3469300,VHM
2023-10-05 07:00:00,21.52,21.79,21.31,21.45,2701500,VHM
2023-10-06 07:00:00,21.59,22.22,21.45,22.17,3431800,VHM
2023-10-09 07:00:00,22.2,22.87,22.17,22.63,3861300,VHM
2023-10-10 07:00:00,22.7,23.11,22.58,23.11,4834400,VHM
2023-10-11 07:00:00,22.97,23.02,22.56,22.82,2919100,VHM
2023-10-12 07:00:00,22.92,23.11,22.8,22.89,2450500,VHM
2023-10-13 07:00:00,22.65,22.73,22.39,22.58,2577000,VHM
2023-10-16 07:00:00,22.58,22.63,21.93,21.93,3271400,VHM
2023-10-17 07:00:00,21.96,22.1,21.43,21.43,2398500,VHM
2023-10-18 07:00:00,21.47,22.05,20.7,20.85,3856200,VHM
2023-10-19 07:00:00,20.92,20.92,20.46,20.46,3733500,VHM
2023-10-20 07:00:00,20.46,21.57,20.08,21.43,3190400,VHM
2023-10-23 07:00:00,21.43,21.81,21.18,21.43,5685400,VHM
2023-10-24 07:00:00,21.62,21.67,21.18,21.47,3181700,VHM
2023-10-25 07:00:00,21.86,22.12,21.55,21.62,3919900,VHM
2023-10-26 07:00:00,20.13,20.13,20.13,20.13,6085900,VHM
2023-10-27 07:00:00,19.26,19.98,18.73,18.87,18173800,VHM
2023-10-30 07:00:00,18.78,19.26,18.18,18.87,6757600,VHM
2023-10-31 07:00:00,18.87,19.11,18.3,18.78,7711700,VHM
2023-11-01 07:00:00,18.73,18.78,17.69,18.51,9750000,VHM
2023-11-02 07:00:00,18.51,19.26,18.15,19.24,9139400,VHM
2023-11-03 07:00:00,19.48,19.52,19.24,19.5,8269500,VHM
2023-11-06 07:00:00,19.57,19.93,19.55,19.74,6337500,VHM
2023-11-07 07:00:00,19.69,19.72,19.26,19.26,4440500,VHM
2023-11-08 07:00:00,19.24,19.98,18.87,19.74,7703900,VHM
2023-11-09 07:00:00,20.03,20.73,19.96,20.66,15459800,VHM
2023-11-10 07:00:00,20.46,20.8,20.37,20.37,6520200,VHM
2023-11-13 07:00:00,20.51,20.51,19.89,19.91,7225100,VHM
2023-11-14 07:00:00,20.15,20.17,19.62,19.74,7497400,VHM
2023-11-15 07:00:00,20.13,20.51,19.91,19.96,8585400,VHM
2023-11-16 07:00:00,19.93,20.05,19.64,19.81,5394800,VHM
2023-11-17 07:00:00,19.89,20.1,18.54,18.75,16313600,VHM
2023-11-20 07:00:00,18.54,19.02,18.44,18.75,4897600,VHM
2023-11-21 07:00:00,19.14,19.14,18.73,18.83,4789100,VHM
2023-11-22 07:00:00,18.97,19.07,18.71,18.78,4807600,VHM
2023-11-23 07:00:00,18.95,19.24,18.78,18.78,7659600,VHM
2023-11-24 07:00:00,18.78,18.87,18.32,18.83,7382900,VHM
2023-11-27 07:00:00,18.83,19.26,18.83,19.16,5710600,VHM
2023-11-28 07:00:00,19.16,19.62,19.09,19.62,7384400,VHM
2023-11-29 07:00:00,19.76,19.89,19.62,19.84,4209300,VHM
2023-11-30 07:00:00,19.84,19.91,19.55,19.89,7741700,VHM
2023-12-01 07:00:00,19.89,19.93,19.45,19.69,6970800,VHM
2023-12-04 07:00:00,19.72,19.98,19.67,19.89,8136700,VHM
2023-12-05 07:00:00,19.98,19.98,19.5,19.5,8300600,VHM
2023-12-06 07:00:00,19.5,19.52,19.09,19.48,10848000,VHM
2023-12-07 07:00:00,19.48,19.52,18.97,19.11,11343000,VHM
2023-12-08 07:00:00,19.11,19.31,18.99,19.09,9893700,VHM
2023-12-11 07:00:00,19.33,19.89,19.31,19.74,8699000,VHM
2023-12-12 07:00:00,19.74,19.89,19.62,19.76,6169100,VHM
2023-12-13 07:00:00,19.84,20.05,19.57,19.62,9940000,VHM
2023-12-14 07:00:00,19.79,19.86,19.38,19.4,4704300,VHM
2023-12-15 07:00:00,19.48,19.52,19.19,19.21,6799900,VHM
2023-12-18 07:00:00,19.36,19.36,19.19,19.21,3563400,VHM
2023-12-19 07:00:00,19.21,19.24,18.92,19.02,5227500,VHM
2023-12-20 07:00:00,19.19,19.24,19.02,19.24,2356600,VHM
2023-12-21 07:00:00,19.11,19.48,19.09,19.36,3556500,VHM
2023-12-22 07:00:00,19.36,19.45,19.26,19.4,3289400,VHM
2023-12-25 07:00:00,19.4,19.86,19.4,19.84,5957700,VHM
2023-12-26 07:00:00,19.98,20.32,19.89,20.17,10394700,VHM
2023-12-27 07:00:00,20.22,20.29,20.15,20.17,6034200,VHM
2023-12-28 07:00:00,20.27,21.09,20.25,21.04,13129900,VHM
2023-12-29 07:00:00,21.21,21.23,20.8,20.8,5324500,VHM
2024-01-02 07:00:00,20.85,21.06,20.49,20.7,7588500,VHM
2024-01-03 07:00:00,20.51,20.9,20.49,20.9,6112600,VHM
2024-01-04 07:00:00,20.97,21.04,20.82,20.92,8778000,VHM
2024-01-05 07:00:00,20.92,20.97,20.73,20.75,4508700,VHM
2024-01-08 07:00:00,20.8,21.11,20.66,20.87,6213900,VHM
2024-01-09 07:00:00,20.78,20.85,20.54,20.7,6377100,VHM
2024-01-10 07:00:00,20.7,20.7,20.27,20.56,6789400,VHM
2024-01-11 07:00:00,20.46,20.73,20.22,20.22,6969000,VHM
2024-01-12 07:00:00,20.13,20.17,19.69,19.89,8327100,VHM
2024-01-15 07:00:00,20.13,20.15,19.93,20.03,3149500,VHM
2024-01-16 07:00:00,20.03,20.54,19.96,20.54,3774400,VHM
2024-01-17 07:00:00,20.54,20.63,20.17,20.17,6343500,VHM
2024-01-18 07:00:00,20.34,20.94,20.25,20.8,8938800,VHM
2024-01-19 07:00:00,20.87,20.99,20.7,20.73,5531400,VHM
2024-01-22 07:00:00,20.87,20.92,20.61,20.7,4709100,VHM
2024-01-23 07:00:00,20.73,20.8,20.37,20.39,5255800,VHM
2024-01-24 07:00:00,20.39,20.68,20.37,20.46,2741200,VHM
2024-01-25 07:00:00,20.46,20.46,20.25,20.27,2295400,VHM
2024-01-26 07:00:00,20.32,20.46,20.22,20.22,4351500,VHM
2024-01-29 07:00:00,20.37,20.37,20.13,20.13,3166200,VHM
2024-01-30 07:00:00,20.13,20.37,20.08,20.22,2908300,VHM
2024-01-31 07:00:00,20.25,20.34,19.98,19.98,6307100,VHM
2024-02-01 07:00:00,19.91,19.98,19.79,19.84,7107200,VHM
2024-02-02 07:00:00,19.98,20.27,19.81,19.84,5775300,VHM
2024-02-05 07:00:00,19.93,20.03,19.79,19.86,3361500,VHM
2024-02-06 07:00:00,19.93,19.96,19.74,19.74,5535300,VHM
2024-02-07 07:00:00,19.76,20.15,19.74,20.13,3768900,VHM
2024-02-15 07:00:00,20.29,20.32,20.13,20.2,4317100,VHM
2024-02-16 07:00:00,20.29,20.61,20.2,20.56,6024400,VHM
2024-02-19 07:00:00,20.7,21.98,20.66,21.93,20156400,VHM
2024-02-20 07:00:00,22.15,22.48,22.08,22.22,12925600,VHM
2024-02-21 07:00:00,22.2,22.2,21.57,21.67,8945700,VHM
2024-02-22 07:00:00,21.72,21.88,21.57,21.57,6809700,VHM
2024-02-23 07:00:00,21.67,21.72,20.82,20.85,11753200,VHM
2024-02-26 07:00:00,20.92,21.11,20.75,20.87,7000000,VHM
2024-02-27 07:00:00,21.06,21.28,20.85,21.28,7158700,VHM
2024-02-28 07:00:00,21.4,21.62,21.18,21.38,6283200,VHM
2024-02-29 07:00:00,21.45,21.52,20.9,20.9,11041300,VHM
2024-03-01 07:00:00,21.04,21.28,20.85,21.16,6873900,VHM
2024-03-04 07:00:00,21.21,21.47,21.09,21.16,7036300,VHM
2024-03-05 07:00:00,21.16,21.31,20.85,21.02,7690200,VHM
2024-03-06 07:00:00,21.02,21.45,20.73,20.75,11322800,VHM
2024-03-07 07:00:00,20.85,20.85,20.63,20.8,7314700,VHM
2024-03-08 07:00:00,20.94,20.99,20.49,20.49,9526300,VHM
2024-03-11 07:00:00,20.51,20.7,20.46,20.49,6056200,VHM
2024-03-12 07:00:00,20.49,20.66,20.39,20.56,4756200,VHM
2024-03-13 07:00:00,20.61,20.7,20.46,20.68,7332900,VHM
2024-03-14 07:00:00,20.9,21.09,20.61,20.66,12606200,VHM
2024-03-15 07:00:00,20.66,20.78,20.42,20.42,9885200,VHM
2024-03-18 07:00:00,20.54,20.78,19.89,20.27,14785500,VHM
2024-03-19 07:00:00,20.39,20.73,20.15,20.66,9464300,VHM
2024-03-20 07:00:00,20.7,20.7,20.32,20.46,5436900,VHM
2024-03-21 07:00:00,20.63,20.73,20.49,20.66,10978300,VHM
2024-03-22 07:00:00,20.8,20.94,20.51,20.61,9996800,VHM
2024-03-25 07:00:00,20.7,20.87,20.42,20.49,10309500,VHM
2024-03-26 07:00:00,20.56,20.66,20.44,20.58,4263700,VHM
2024-03-27 07:00:00,20.66,20.66,20.46,20.46,7551900,VHM
2024-03-28 07:00:00,20.61,21.21,20.51,20.85,18563500,VHM
2024-03-29 07:00:00,20.9,21.04,20.63,20.63,7686900,VHM
2024-04-01 07:00:00,20.66,20.78,20.54,20.66,7517900,VHM
2024-04-02 07:00:00,20.56,20.78,20.32,20.78,13758100,VHM
2024-04-03 07:00:00,20.78,21.06,20.66,20.75,11837400,VHM
2024-04-04 07:00:00,20.61,20.8,20.58,20.7,9666700,VHM
2024-04-05 07:00:00,20.56,20.75,20.42,20.68,13464400,VHM
2024-04-08 07:00:00,20.73,20.75,20.42,20.7,16737700,VHM
2024-04-09 07:00:00,20.75,20.8,20.66,20.8,10943800,VHM
2024-04-10 07:00:00,20.97,21.5,20.92,21.28,24322200,VHM
2024-04-11 07:00:00,21.31,21.31,21.06,21.26,14565300,VHM
2024-04-12 07:00:00,21.43,21.57,21.33,21.43,16822800,VHM
2024-04-15 07:00:00,21.43,21.43,20.32,20.42,20416500,VHM
2024-04-16 07:00:00,20.42,20.61,19.62,20.56,16847800,VHM
2024-04-17 07:00:00,20.7,20.73,20.01,20.13,10862100,VHM
2024-04-19 07:00:00,19.72,19.98,19.4,19.98,12526800,VHM
2024-04-22 07:00:00,19.98,20.13,19.57,19.96,9173300,VHM
2024-04-23 07:00:00,19.74,19.93,19.36,19.36,8623200,VHM
2024-04-24 07:00:00,19.43,19.69,19.38,19.55,5041500,VHM
2024-04-25 07:00:00,19.67,19.67,19.45,19.6,2989100,VHM
2024-04-26 07:00:00,19.45,19.76,19.4,19.64,4704400,VHM
2024-05-02 07:00:00,19.64,19.86,19.43,19.81,4570000,VHM
2024-05-03 07:00:00,19.89,19.93,19.67,19.79,4391600,VHM
2024-05-06 07:00:00,19.81,19.84,19.67,19.81,4944600,VHM
2024-05-07 07:00:00,19.86,19.86,19.69,19.76,4276900,VHM
2024-05-08 07:00:00,19.74,19.74,19.5,19.69,6625700,VHM
2024-05-09 07:00:00,19.74,20.1,19.67,19.72,7299700,VHM
2024-05-10 07:00:00,19.74,19.79,19.43,19.43,7276500,VHM
2024-05-13 07:00:00,19.48,19.52,19.11,19.31,9093900,VHM
2024-05-14 07:00:00,19.79,19.86,19.33,19.33,6866000,VHM
2024-05-15 07:00:00,19.36,19.45,19.28,19.38,6594800,VHM
2024-05-16 07:00:00,19.4,19.45,19.33,19.38,8259700,VHM
2024-05-17 07:00:00,19.43,19.84,19.36,19.67,13307900,VHM
2024-05-20 07:00:00,19.76,19.86,19.48,19.48,9537100,VHM
2024-05-21 07:00:00,19.5,19.62,19.28,19.36,9640200,VHM
2024-05-22 07:00:00,19.36,20.05,19.36,19.43,11927800,VHM
2024-05-23 07:00:00,19.48,19.52,19.31,19.52,6387700,VHM
2024-05-24 07:00:00,19.45,19.52,19.14,19.16,12912200,VHM
2024-05-27 07:00:00,19.19,19.28,19.14,19.16,4620900,VHM
2024-05-28 07:00:00,19.19,19.28,19.14,19.24,5555700,VHM
2024-05-29 07:00:00,19.26,19.31,18.99,18.99,8030400,VHM
2024-05-30 07:00:00,18.99,19.02,18.78,18.78,6423700,VHM
2024-05-31 07:00:00,18.87,19.09,18.71,18.71,5851700,VHM
2024-06-03 07:00:00,18.87,18.97,18.83,18.92,5242000,VHM
2024-06-04 07:00:00,18.97,19.36,18.97,18.97,7955300,VHM
2024-06-05 07:00:00,19.04,19.21,18.92,18.92,6216300,VHM
2024-06-06 07:00:00,18.97,19.07,18.78,18.8,5109000,VHM
2024-06-07 07:00:00,18.92,18.92,18.78,18.78,4519500,VHM
2024-06-10 07:00:00,18.85,18.87,18.71,18.73,6320000,VHM
2024-06-11 07:00:00,18.73,18.75,18.37,18.37,14398100,VHM
2024-06-12 07:00:00,18.37,18.71,18.15,18.54,12376600,VHM
2024-06-13 07:00:00,18.56,18.63,18.34,18.42,5989600,VHM
2024-06-14 07:00:00,18.49,18.71,18.32,18.39,8589700,VHM
2024-06-17 07:00:00,18.42,18.54,18.25,18.44,8594600,VHM
2024-06-18 07:00:00,18.54,18.54,18.39,18.44,6588500,VHM
2024-06-19 07:00:00,18.44,18.46,18.18,18.3,7996800,VHM
2024-06-20 07:00:00,18.25,18.3,18.08,18.3,7587500,VHM
2024-06-21 07:00:00,18.18,18.2,18.03,18.18,13031100,VHM
2024-06-24 07:00:00,18.18,18.39,17.86,18.03,7671000,VHM
2024-06-25 07:00:00,17.96,18.32,17.91,18.2,6350100,VHM
2024-06-26 07:00:00,18.2,18.37,18.06,18.06,4536500,VHM
2024-06-27 07:00:00,18.06,18.22,17.98,18.1,3454200,VHM
2024-06-28 07:00:00,18.1,18.18,17.96,18.13,5965200,VHM
2024-07-01 07:00:00,18.13,18.15,17.86,18.15,4515600,VHM
2024-07-02 07:00:00,18.18,18.46,18.08,18.37,5422700,VHM
2024-07-03 07:00:00,18.32,18.39,18.15,18.34,5232800,VHM
2024-07-04 07:00:00,18.34,18.54,18.2,18.51,7464400,VHM
2024-07-05 07:00:00,18.44,18.54,18.27,18.51,6571700,VHM
2024-07-08 07:00:00,18.37,18.49,18.2,18.3,7921400,VHM
2024-07-09 07:00:00,18.3,18.44,18.2,18.44,8194900,VHM
2024-07-10 07:00:00,18.46,18.49,18.27,18.42,5450000,VHM
2024-07-11 07:00:00,18.42,18.63,18.34,18.51,8802600,VHM
2024-07-12 07:00:00,18.54,18.71,18.44,18.54,5136100,VHM
2024-07-15 07:00:00,18.54,18.54,18.2,18.3,4886700,VHM
2024-07-16 07:00:00,18.2,18.32,18.13,18.25,4765700,VHM
2024-07-17 07:00:00,18.25,18.25,17.72,17.96,7031600,VHM
2024-07-18 07:00:00,17.93,18.03,17.67,18.03,6284400,VHM
2024-07-19 07:00:00,18.15,18.39,18.08,18.22,6180800,VHM
2024-07-22 07:00:00,18.3,18.3,17.96,18.25,5135700,VHM
2024-07-23 07:00:00,18.13,18.27,17.98,18.22,4859200,VHM
2024-07-24 07:00:00,18.1,18.22,18.01,18.22,4430000,VHM
2024-07-25 07:00:00,18.1,18.44,18.08,18.2,6224500,VHM
2024-07-26 07:00:00,18.2,18.25,18.06,18.18,3908300,VHM
2024-07-29 07:00:00,18.18,18.25,17.86,17.86,4356000,VHM
2024-07-30 07:00:00,17.86,17.91,17.67,17.67,4684400,VHM
2024-07-31 07:00:00,17.74,17.84,17.65,17.67,3718200,VHM
2024-08-01 07:00:00,17.69,17.82,17.33,17.55,6190900,VHM
2024-08-02 07:00:00,17.36,17.48,16.66,17.33,8614000,VHM
2024-08-05 07:00:00,16.95,17.19,16.37,16.61,9956500,VHM
2024-08-06 07:00:00,16.76,16.76,16.37,16.76,5853400,VHM
2024-08-07 07:00:00,17.79,17.91,17.62,17.91,36732700,VHM
2024-08-08 07:00:00,18.06,18.34,17.79,18.1,8833300,VHM
2024-08-09 07:00:00,18.2,18.2,17.72,17.91,8691600,VHM
2024-08-12 07:00:00,17.89,17.89,17.5,17.57,8353000,VHM
2024-08-13 07:00:00,17.5,17.65,17.26,17.5,7145900,VHM
2024-08-14 07:00:00,17.5,18.01,17.33,17.91,10119200,VHM
2024-08-15 07:00:00,18.06,18.44,17.89,18.22,17778700,VHM
2024-08-16 07:00:00,18.39,18.63,18.3,18.49,14796100,VHM
2024-08-19 07:00:00,18.58,18.68,18.39,18.58,10779700,VHM
2024-08-20 07:00:00,18.58,19.16,18.54,18.97,17552300,VHM
2024-08-21 07:00:00,18.9,19.14,18.73,19.14,13661500,VHM
2024-08-22 07:00:00,19.14,19.33,19.02,19.16,9224500,VHM
2024-08-23 07:00:00,19.07,19.26,18.95,19.14,9340600,VHM
2024-08-26 07:00:00,19.19,19.62,19.19,19.5,15625100,VHM
2024-08-27 07:00:00,19.5,20.37,19.43,19.93,18219300,VHM
2024-08-28 07:00:00,20.08,20.13,19.55,19.69,11199200,VHM
2024-08-29 07:00:00,19.67,19.98,19.6,19.98,9304200,VHM
2024-08-30 07:00:00,19.98,20.05,19.79,19.98,11320600,VHM
2024-09-04 07:00:00,19.74,20.46,19.74,20.46,13810200,VHM
2024-09-05 07:00:00,20.56,21.4,20.56,21.06,22146100,VHM
2024-09-06 07:00:00,21.18,21.18,20.82,21.14,10230400,VHM
2024-09-09 07:00:00,21.02,21.02,20.7,20.7,10300900,VHM
2024-09-10 07:00:00,20.78,20.97,20.29,20.61,12930600,VHM
2024-09-11 07:00:00,20.49,20.78,20.1,20.7,13399000,VHM
2024-09-12 07:00:00,20.9,20.94,20.75,20.75,5663400,VHM
2024-09-13 07:00:00,20.73,20.9,20.56,20.7,5405000,VHM
2024-09-16 07:00:00,20.63,20.66,20.1,20.1,8361100,VHM
2024-09-17 07:00:00,20.1,21.18,20.08,21.18,15786300,VHM
2024-09-18 07:00:00,21.23,21.74,21.14,21.14,12485300,VHM
2024-09-19 07:00:00,21.14,21.38,21.06,21.26,9903100,VHM
2024-09-20 07:00:00,21.28,21.62,21.04,21.06,25318400,VHM
2024-09-23 07:00:00,21.09,21.23,20.78,21.02,7376000,VHM
2024-09-24 07:00:00,21.02,21.31,20.92,21.31,6958300,VHM
2024-09-25 07:00:00,21.38,21.38,21.09,21.26,10672900,VHM
2024-09-26 07:00:00,21.28,21.47,21.23,21.38,12259400,VHM
2024-09-27 07:00:00,21.43,21.47,20.7,20.9,16363400,VHM
2024-09-30 07:00:00,20.94,20.94,20.49,20.61,9129100,VHM
2024-10-01 07:00:00,20.66,21.23,20.66,20.92,11220500,VHM
2024-10-02 07:00:00,20.73,20.92,20.63,20.9,7970100,VHM
2024-10-03 07:00:00,20.7,20.82,20.03,20.03,26887200,VHM
2024-10-04 07:00:00,20.01,20.2,19.81,19.98,6764300,VHM
2024-10-07 07:00:00,20.05,20.13,19.69,19.84,7224100,VHM
2024-10-08 07:00:00,19.96,20.03,19.6,20.03,8581400,VHM
2024-10-09 07:00:00,20.05,20.49,20.03,20.46,6742900,VHM
2024-10-10 07:00:00,20.56,20.66,20.29,20.29,5446300,VHM
2024-10-11 07:00:00,20.44,21.09,20.37,20.99,15621000,VHM
2024-10-14 07:00:00,21.91,22.34,21.72,21.84,20737100,VHM
2024-10-15 07:00:00,21.91,21.91,21.47,21.5,9219500,VHM
2024-10-16 07:00:00,21.43,21.76,21.4,21.67,6821300,VHM
2024-10-17 07:00:00,21.72,21.91,21.57,21.72,6677100,VHM
2024-10-18 07:00:00,22.0,22.15,21.74,21.79,8960800,VHM
2024-10-21 07:00:00,21.91,23.02,21.91,23.02,21162900,VHM
2024-10-22 07:00:00,23.18,23.38,22.82,23.23,12671300,VHM
2024-10-23 07:00:00,23.23,23.28,22.39,22.63,33349400,VHM
2024-10-24 07:00:00,22.44,22.51,21.11,21.11,33609900,VHM
2024-10-25 07:00:00,21.45,21.5,20.94,21.11,24552700,VHM
2024-10-28 07:00:00,21.04,21.31,20.46,20.56,19543500,VHM
2024-10-29 07:00:00,20.68,20.73,20.49,20.58,17360800,VHM
2024-10-30 07:00:00,20.7,20.7,19.67,19.81,31820300,VHM
2024-10-31 07:00:00,19.81,20.01,19.48,19.98,23739900,VHM
2024-11-01 07:00:00,19.98,20.32,19.89,19.98,16952200,VHM
2024-11-04 07:00:00,19.98,19.98,19.52,19.98,19838000,VHM
2024-11-05 07:00:00,19.98,20.13,19.86,19.98,14140300,VHM
2024-11-06 07:00:00,19.98,20.08,19.89,20.01,15064600,VHM
2024-11-07 07:00:00,20.08,20.08,19.89,19.93,15995700,VHM
2024-11-08 07:00:00,19.89,19.91,19.26,19.26,22517000,VHM
2024-11-11 07:00:00,19.26,19.67,18.9,19.55,15312100,VHM
2024-11-12 07:00:00,19.55,19.91,19.4,19.4,16217500,VHM
2024-11-13 07:00:00,19.4,19.6,19.33,19.4,14066600,VHM
2024-11-14 07:00:00,19.43,19.79,19.4,19.43,16947200,VHM
2024-11-15 07:00:00,19.43,19.55,19.26,19.38,17024300,VHM
2024-11-18 07:00:00,19.4,19.64,19.07,19.64,23032900,VHM
2024-11-19 07:00:00,19.69,20.34,19.69,20.32,26469700,VHM
2024-11-20 07:00:00,20.32,20.9,20.1,20.85,28417400,VHM
2024-11-21 07:00:00,20.82,21.04,20.63,20.85,34404900,VHM
2024-11-22 07:00:00,20.54,20.58,20.03,20.03,9091600,VHM
2024-11-25 07:00:00,19.98,20.68,19.96,20.56,4401200,VHM
2024-11-26 07:00:00,20.56,20.85,20.42,20.42,4289500,VHM
2024-11-27 07:00:00,20.32,20.63,20.17,20.17,3650400,VHM
2024-11-28 07:00:00,20.34,20.39,19.79,19.79,6514200,VHM
2024-11-29 07:00:00,19.89,19.89,19.62,19.64,5524400,VHM
2024-12-02 07:00:00,19.79,19.81,19.62,19.62,3781200,VHM
2024-12-03 07:00:00,19.64,19.89,19.5,19.69,5187200,VHM
2024-12-04 07:00:00,19.6,19.67,19.31,19.31,5167400,VHM
2024-12-05 07:00:00,19.5,20.13,19.36,19.93,4852800,VHM
2024-12-06 07:00:00,20.03,20.22,19.84,19.98,4870000,VHM
2024-12-09 07:00:00,19.98,20.17,19.93,19.96,3619100,VHM
2024-12-10 07:00:00,19.96,20.05,19.72,19.72,4579300,VHM
2024-12-11 07:00:00,19.72,19.91,19.64,19.67,4020600,VHM
2024-12-12 07:00:00,19.69,19.81,19.62,19.62,2984800,VHM
2024-12-13 07:00:00,19.6,19.64,19.5,19.57,3126900,VHM
2024-12-16 07:00:00,19.57,19.81,19.52,19.72,2668000,VHM
2024-12-17 07:00:00,19.74,19.93,19.64,19.89,3708600,VHM
2024-12-18 07:00:00,19.89,20.03,19.69,19.69,2431900,VHM
2024-12-19 07:00:00,19.55,19.62,19.36,19.36,5724800,VHM
2024-12-20 07:00:00,19.45,19.48,19.36,19.43,3475300,VHM
2024-12-23 07:00:00,19.64,19.67,19.45,19.55,1992400,VHM
2024-12-24 07:00:00,19.5,19.55,19.31,19.43,3214900,VHM
2024-12-25 07:00:00,19.5,19.62,19.43,19.55,3559700,VHM
2024-12-26 07:00:00,19.62,19.89,19.57,19.57,3690900,VHM
2024-12-27 07:00:00,19.64,19.76,19.43,19.43,2847200,VHM
2024-12-30 07:00:00,19.48,19.55,19.4,19.4,2516300,VHM
2024-12-31 07:00:00,19.5,19.5,19.26,19.26,4191900,VHM
2025-01-02 07:00:00,19.31,19.36,19.24,19.26,3009900,VHM
2025-01-03 07:00:00,19.28,19.28,19.14,19.26,4269100,VHM
2025-01-06 07:00:00,19.26,19.26,19.14,19.26,3321300,VHM
2025-01-07 07:00:00,19.19,19.28,19.19,19.26,2849700,VHM
2025-01-08 07:00:00,19.26,19.28,19.11,19.26,2438700,VHM
2025-01-09 07:00:00,19.26,19.76,19.26,19.45,4211400,VHM
2025-01-10 07:00:00,19.45,19.6,19.21,19.26,2320000,VHM
2025-01-13 07:00:00,19.16,19.26,18.63,19.26,3978900,VHM
2025-01-14 07:00:00,19.11,19.26,18.97,19.26,5407600,VHM
2025-01-15 07:00:00,19.26,19.31,19.16,19.26,2707200,VHM
2025-01-16 07:00:00,19.36,19.57,19.26,19.26,5138800,VHM
2025-01-17 07:00:00,19.31,19.31,19.19,19.31,4153100,VHM
2025-01-20 07:00:00,19.26,19.36,19.21,19.26,2996900,VHM
2025-01-21 07:00:00,19.26,19.33,19.16,19.26,4494600,VHM
2025-01-22 07:00:00,19.26,19.26,19.02,19.02,3640500,VHM
2025-01-23 07:00:00,19.04,19.24,18.9,19.02,4632800,VHM
2025-01-24 07:00:00,19.02,19.16,18.97,19.02,4838500,VHM
2025-02-03 07:00:00,19.04,19.04,18.71,18.78,4738800,VHM
2025-02-04 07:00:00,18.75,18.85,18.56,18.66,6222400,VHM
2025-02-05 07:00:00,18.78,18.99,18.71,18.71,2719200,VHM
2025-02-06 07:00:00,18.78,18.87,18.68,18.68,2817600,VHM
2025-02-07 07:00:00,18.71,18.8,18.66,18.66,3013800,VHM
2025-02-10 07:00:00,18.63,18.66,18.2,18.2,5850900,VHM
2025-02-11 07:00:00,18.22,18.25,18.1,18.18,5898800,VHM
2025-02-12 07:00:00,18.2,18.44,18.2,18.3,3808700,VHM
2025-02-13 07:00:00,18.25,18.73,18.25,18.66,4922700,VHM
2025-02-14 07:00:00,18.75,18.8,18.66,18.68,4245600,VHM
2025-02-17 07:00:00,18.68,18.85,18.63,18.68,4038700,VHM
2025-02-18 07:00:00,18.73,18.87,18.71,18.73,3087100,VHM
2025-02-19 07:00:00,18.85,18.85,18.68,18.83,2932700,VHM
2025-02-20 07:00:00,18.87,19.64,18.85,19.52,11106700,VHM
2025-02-21 07:00:00,19.6,19.6,19.38,19.4,3893300,VHM
2025-02-24 07:00:00,19.31,19.4,19.24,19.38,4771900,VHM
2025-02-25 07:00:00,19.4,19.86,19.4,19.62,5566600,VHM
2025-02-26 07:00:00,19.64,19.69,19.5,19.6,4187200,VHM
2025-02-27 07:00:00,19.62,19.81,19.55,19.76,6360000,VHM
2025-02-28 07:00:00,19.76,20.03,19.67,19.84,8394500,VHM
2025-03-03 07:00:00,19.89,20.49,19.84,20.49,9467900,VHM
2025-03-04 07:00:00,20.49,20.78,20.25,20.25,11264800,VHM
2025-03-05 07:00:00,20.25,20.7,20.25,20.56,10682200,VHM
2025-03-06 07:00:00,20.63,20.99,20.63,20.99,11952800,VHM
2025-03-07 07:00:00,20.99,22.03,20.85,21.64,17823300,VHM
2025-03-10 07:00:00,21.67,22.05,21.52,21.81,12066400,VHM
2025-03-11 07:00:00,21.47,21.93,21.28,21.91,12103400,VHM
2025-03-12 07:00:00,21.86,22.77,21.86,22.61,15641200,VHM
2025-03-13 07:00:00,22.63,23.86,22.41,23.02,22269900,VHM
2025-03-14 07:00:00,22.97,23.54,22.97,23.06,16861700,VHM
2025-03-17 07:00:00,23.09,23.11,22.53,23.02,11017800,VHM
2025-03-18 07:00:00,22.92,23.47,22.53,22.77,12239500,VHM
2025-03-19 07:00:00,22.53,23.06,22.27,22.8,13442500,VHM
2025-03-20 07:00:00,22.8,23.21,22.61,22.8,13458400,VHM
2025-03-21 07:00:00,22.68,23.3,22.68,23.23,13695700,VHM
2025-03-24 07:00:00,23.33,24.75,23.28,24.7,15552100,VHM
2025-03-25 07:00:00,24.99,25.28,24.6,24.8,12918800,VHM
2025-03-26 07:00:00,24.94,25.13,24.17,24.8,9611000,VHM
2025-03-27 07:00:00,24.8,24.89,24.32,24.65,7904300,VHM
2025-03-28 07:00:00,24.6,24.99,24.41,24.65,8166000,VHM
2025-03-31 07:00:00,24.65,24.84,24.56,24.7,9374200,VHM
2025-04-01 07:00:00,24.94,25.76,24.8,25.52,11851000,VHM
2025-04-02 07:00:00,25.62,25.81,25.33,25.52,10657600,VHM
2025-04-03 07:00:00,24.22,24.84,23.74,23.74,23521900,VHM
2025-04-04 07:00:00,22.2,24.36,22.2,24.22,21595400,VHM
2025-04-08 07:00:00,23.45,23.83,22.53,22.63,21438100,VHM
2025-04-09 07:00:00,21.96,23.5,21.96,23.35,15153600,VHM
2025-04-10 07:00:00,24.94,24.94,24.94,24.94,752100,VHM
2025-04-11 07:00:00,24.94,25.86,24.56,25.76,14557800,VHM
2025-04-14 07:00:00,26.0,27.54,25.86,27.54,16827300,VHM
2025-04-15 07:00:00,27.88,29.13,27.54,27.68,15962600,VHM
2025-04-16 07:00:00,27.44,27.88,26.48,27.2,10845000,VHM
2025-04-17 07:00:00,26.96,27.35,26.38,27.35,6338100,VHM
2025-04-18 07:00:00,27.35,27.44,25.66,26.48,13530600,VHM
2025-04-21 07:00:00,26.05,26.67,25.71,26.48,7721400,VHM
2025-04-22 07:00:00,26.48,27.93,25.23,27.68,10732600,VHM
2025-04-23 07:00:00,28.02,28.17,27.44,28.17,10647900,VHM
2025-04-24 07:00:00,28.17,29.76,27.73,29.47,12662600,VHM
2025-04-25 07:00:00,29.37,30.09,28.94,30.0,11381200,VHM
2025-04-28 07:00:00,29.9,29.9,28.17,28.17,7393800,VHM
2025-04-29 07:00:00,28.17,28.31,27.44,28.12,4737800,VHM
2025-05-05 07:00:00,28.17,29.56,28.17,29.32,6070700,VHM
2025-05-06 07:00:00,29.37,29.71,29.13,29.32,4955900,VHM
2025-05-07 07:00:00,28.94,30.04,28.94,29.85,5073600,VHM
2025-05-08 07:00:00,29.85,30.53,29.61,29.95,8829200,VHM
2025-05-09 07:00:00,29.85,30.24,29.66,29.95,6170600,VHM
2025-05-12 07:00:00,29.95,30.24,29.76,30.0,5743300,VHM
2025-05-13 07:00:00,29.76,30.09,29.32,29.85,6806700,VHM
2025-05-14 07:00:00,29.71,29.85,29.08,29.08,6555600,VHM
2025-05-15 07:00:00,28.98,29.03,27.49,27.93,17963700,VHM
2025-05-16 07:00:00,27.73,28.41,27.64,27.93,7352000,VHM
2025-05-19 07:00:00,27.97,29.18,27.97,28.31,5269600,VHM
2025-05-20 07:00:00,28.7,30.28,28.7,30.28,21911900,VHM
2025-05-21 07:00:00,32.4,32.4,31.44,32.4,14973300,VHM
2025-05-22 07:00:00,32.21,34.18,32.16,32.79,10234400,VHM
2025-05-23 07:00:00,33.03,33.61,32.4,33.13,7306800,VHM
2025-05-26 07:00:00,33.22,35.39,31.63,35.39,11890300,VHM
2025-05-27 07:00:00,35.92,35.97,34.28,35.77,7721600,VHM
2025-05-28 07:00:00,35.63,36.64,35.05,36.45,8900600,VHM
2025-05-29 07:00:00,36.45,37.03,35.68,37.03,7947900,VHM
2025-05-30 07:00:00,36.83,37.7,36.64,37.36,5891000,VHM
2025-06-02 07:00:00,37.36,37.51,35.87,37.07,4823400,VHM
2025-06-03 07:00:00,36.83,37.36,36.64,37.36,4772300,VHM
2025-06-04 07:00:00,37.36,37.36,36.64,37.12,6531300,VHM
2025-06-05 07:00:00,36.64,37.07,36.4,36.98,5299500,VHM
2025-06-06 07:00:00,36.45,36.83,36.11,36.59,6491000,VHM
2025-06-09 07:00:00,36.3,36.54,34.04,34.04,5889800,VHM
2025-06-10 07:00:00,32.98,35.1,32.98,34.96,9459500,VHM
2025-06-11 07:00:00,34.67,34.96,34.14,34.72,2691600,VHM
2025-06-12 07:00:00,34.72,34.86,33.03,33.7,4967500,VHM
2025-06-13 07:00:00,32.79,33.17,31.92,32.93,5516900,VHM
2025-06-16 07:00:00,32.02,32.84,31.97,32.45,4873300,VHM
2025-06-17 07:00:00,32.69,34.23,32.26,33.51,4053500,VHM
2025-06-18 07:00:00,33.7,34.38,33.32,34.38,3857400,VHM
2025-06-19 07:00:00,34.67,35.39,34.18,34.52,5384700,VHM
2025-06-20 07:00:00,34.43,34.43,33.8,33.8,8925000,VHM
2025-06-23 07:00:00,33.75,35.87,33.27,35.63,5368900,VHM
2025-06-24 07:00:00,36.35,37.22,35.68,37.22,7834300,VHM
2025-06-25 07:00:00,37.03,37.99,36.74,37.51,4824700,VHM
2025-06-26 07:00:00,37.22,37.46,36.45,36.59,4678200,VHM
2025-06-27 07:00:00,36.83,37.27,35.63,37.07,4778100,VHM
2025-06-30 07:00:00,37.07,37.07,36.59,36.93,3763700,VHM
2025-07-01 07:00:00,36.78,36.93,36.02,36.74,3857900,VHM
2025-07-02 07:00:00,36.26,36.64,35.97,36.59,4378300,VHM
2025-07-03 07:00:00,36.21,36.98,36.21,36.74,3218300,VHM
2025-07-04 07:00:00,36.74,36.78,36.21,36.59,3225500,VHM
2025-07-07 07:00:00,36.45,37.03,36.26,37.03,3506300,VHM
2025-07-08 07:00:00,37.03,38.28,36.98,38.13,4291400,VHM
2025-07-09 07:00:00,38.18,39.48,38.18,39.38,4103300,VHM
2025-07-10 07:00:00,39.48,41.65,39.34,41.41,7101900,VHM
2025-07-11 07:00:00,41.74,43.14,41.74,42.32,5177500,VHM
2025-07-14 07:00:00,43.24,43.82,41.46,42.76,5761800,VHM
2025-07-15 07:00:00,42.76,42.76,41.89,42.08,4157200,VHM
2025-07-16 07:00:00,42.03,43.09,41.74,42.37,4188500,VHM
2025-07-17 07:00:00,42.52,45.31,42.52,45.31,8831400,VHM
2025-07-18 07:00:00,45.84,47.18,45.31,46.22,5216100,VHM
2025-07-21 07:00:00,46.27,46.42,43.86,44.3,5658700,VHM
2025-07-22 07:00:00,43.91,46.03,43.33,45.98,4103700,VHM
2025-07-23 07:00:00,46.08,46.08,44.39,44.39,4318500,VHM
2025-07-24 07:00:00,44.44,44.54,42.32,44.3,8027000,VHM
2025-07-25 07:00:00,43.48,45.12,43.43,45.12,2777400,VHM
2025-07-28 07:00:00,45.12,46.22,44.3,46.03,7219800,VHM
2025-07-29 07:00:00,45.5,45.6,44.34,44.34,3992500,VHM
2025-07-30 07:00:00,44.34,44.54,42.85,44.06,5198000,VHM
2025-07-31 07:00:00,43.19,44.06,42.47,43.33,7811500,VHM
2025-08-01 07:00:00,43.33,43.62,42.27,43.28,8402600,VHM
2025-08-04 07:00:00,43.24,45.16,42.61,44.39,4704900,VHM
2025-08-05 07:00:00,44.78,47.43,44.3,46.22,10115900,VHM
2025-08-06 07:00:00,46.22,46.99,44.87,46.94,5504600,VHM
2025-08-07 07:00:00,46.99,47.04,45.45,45.74,5036500,VHM
2025-08-08 07:00:00,45.02,45.98,44.78,45.64,3496000,VHM
2025-08-11 07:00:00,45.64,45.74,44.83,45.02,4480200,VHM
2025-08-12 07:00:00,44.83,44.97,44.25,44.78,5154100,VHM
2025-08-13 07:00:00,44.78,44.83,43.82,44.78,5374600,VHM
2025-08-14 07:00:00,44.83,45.98,44.44,45.21,5541700,VHM
2025-08-15 07:00:00,45.74,47.43,44.39,45.26,7256100,VHM
2025-08-18 07:00:00,45.31,45.31,44.3,45.21,4501300,VHM
2025-08-19 07:00:00,45.07,45.5,44.39,45.21,4158500,VHM
2025-08-20 07:00:00,45.26,47.67,44.63,47.67,9090600,VHM
2025-08-21 07:00:00,46.7,48.1,46.7,48.05,4878600,VHM
2025-08-22 07:00:00,46.94,47.67,45.88,47.23,6239700,VHM
2025-08-25 07:00:00,47.18,49.06,46.46,47.38,5063900,VHM
2025-08-26 07:00:00,47.38,50.65,46.7,50.65,6413000,VHM
2025-08-27 07:00:00,50.7,51.47,49.16,50.36,3023700,VHM
2025-08-28 07:00:00,50.36,51.04,49.02,50.36,3292800,VHM
2025-08-29 07:00:00,50.36,50.46,49.35,50.32,4250800,VHM
2025-09-03 07:00:00,49.64,49.93,48.63,49.45,3215200,VHM
2025-09-04 07:00:00,49.11,49.35,47.76,49.26,5504100,VHM
2025-09-05 07:00:00,48.39,49.83,48.15,48.15,4185500,VHM
2025-09-08 07:00:00,47.67,48.63,47.57,48.15,3227000,VHM
2025-09-09 07:00:00,48.15,48.82,47.57,48.82,2851500,VHM
2025-09-10 07:00:00,48.87,49.3,48.0,49.02,3897900,VHM
2025-09-11 07:00:00,48.58,51.04,48.2,50.99,4046000,VHM
2025-09-12 07:00:00,50.12,51.04,49.59,50.8,2393700,VHM
2025-09-15 07:00:00,50.07,50.41,49.35,50.32,2942600,VHM
2025-09-16 07:00:00,50.41,50.41,49.45,49.45,2008200,VHM
2025-09-17 07:00:00,49.11,50.27,48.73,49.54,3422000,VHM
2025-09-18 07:00:00,50.12,52.1,49.35,49.83,5719900,VHM
2025-09-19 07:00:00,50.07,50.17,48.05,48.97,7550700,VHM
2025-09-22 07:00:00,49.02,49.69,45.55,47.91,10796100,VHM
2025-09-23 07:00:00,47.28,47.72,46.46,47.52,3232500,VHM
2025-09-24 07:00:00,47.09,47.38,45.88,47.18,4722500,VHM
2025-09-25 07:00:00,46.7,48.1,46.27,47.91,4715400,VHM
2025-09-26 07:00:00,48.05,48.87,47.43,47.67,3791000,VHM
2025-09-29 07:00:00,47.62,50.7,46.99,49.06,6464700,VHM
2025-09-30 07:00:00,49.35,50.94,49.16,49.59,4878500,VHM
2025-10-01 07:00:00,49.59,50.32,48.53,48.73,3503500,VHM
2025-10-02 07:00:00,48.73,49.11,47.47,47.47,5821100,VHM
2025-10-03 07:00:00,47.47,48.15,46.22,48.15,4683200,VHM
2025-10-06 07:00:00,50.03,50.03,48.39,49.45,5972800,VHM
2025-10-07 07:00:00,49.59,50.36,49.21,49.64,6428600,VHM
2025-10-08 07:00:00,49.83,51.76,48.73,51.76,8989300,VHM
2025-10-09 07:00:00,52.14,55.37,52.05,55.37,12892200,VHM
2025-10-10 07:00:00,56.82,59.22,55.85,59.22,9026200,VHM
2025-10-13 07:00:00,59.22,60.67,58.79,59.8,12312200,VHM
2025-10-14 07:00:00,59.94,63.32,59.94,61.15,13660200,VHM
2025-10-15 07:00:00,61.39,61.44,59.03,59.7,7059300,VHM
2025-10-16 07:00:00,59.61,59.61,57.97,58.74,9475900,VHM
2025-10-17 07:00:00,58.74,58.74,55.18,55.85,12213500,VHM
2025-10-20 07:00:00,54.89,55.37,52.0,52.0,11634800,VHM
2025-10-21 07:00:00,52.48,55.37,51.47,53.4,8238300,VHM
2025-10-22 07:00:00,53.93,54.41,50.07,54.41,7701600,VHM
2025-10-23 07:00:00,54.41,56.38,53.54,55.37,6383900,VHM
2025-10-24 07:00:00,55.18,56.24,54.17,55.13,5136500,VHM
2025-10-27 07:00:00,55.37,55.85,51.28,51.28,7164300,VHM
2025-10-28 07:00:00,50.17,51.52,47.72,51.52,13561200,VHM
2025-10-29 07:00:00,51.57,51.57,49.45,49.98,3681700,VHM
2025-10-30 07:00:00,49.98,50.56,48.53,50.07,3691300,VHM
2025-10-31 07:00:00,49.98,49.98,47.76,47.76,6461300,VHM
2025-11-03 07:00:00,47.96,48.82,47.09,47.43,5083100,VHM
2025-11-04 07:00:00,47.38,49.11,47.38,48.24,4564100,VHM
2025-11-05 07:00:00,48.73,48.97,47.91,47.96,3054600,VHM
2025-11-06 07:00:00,47.96,48.87,46.99,47.62,4590300,VHM
2025-11-07 07:00:00,46.94,47.18,44.3,44.3,9791200,VHM
2025-11-10 07:00:00,43.43,44.3,41.84,41.84,6349200,VHM
2025-11-11 07:00:00,41.84,44.01,41.84,43.33,8465600,VHM
2025-11-12 07:00:00,43.38,45.74,43.38,45.26,4720500,VHM
2025-11-13 07:00:00,45.5,45.69,44.1,44.92,4292000,VHM
2025-11-14 07:00:00,44.78,45.21,43.57,45.21,3280400,VHM
2025-11-17 07:00:00,45.26,46.37,45.26,45.74,4096000,VHM
2025-11-18 07:00:00,46.08,46.7,45.26,46.7,3666000,VHM
2025-11-19 07:00:00,46.66,46.66,45.88,46.66,3741200,VHM
2025-11-20 07:00:00,46.56,47.38,46.22,47.09,3350300,VHM
2025-11-21 07:00:00,46.27,47.81,46.27,47.81,3947400,VHM
2025-11-24 07:00:00,47.81,50.07,47.52,49.45,6062300,VHM
2025-11-25 07:00:00,49.78,50.07,48.73,49.4,4457800,VHM
2025-11-26 07:00:00,49.5,49.54,48.2,49.16,4375200,VHM
2025-11-27 07:00:00,49.35,49.88,48.77,49.35,3140200,VHM
2025-11-28 07:00:00,49.11,49.74,48.77,49.54,3434700,VHM
2025-12-01 07:00:00,50.07,51.66,49.59,50.89,5879600,VHM
2025-12-02 07:00:00,50.99,51.42,49.88,51.42,4533700,VHM
2025-12-03 07:00:00,51.47,51.52,50.46,51.42,4477200,VHM
2025-12-04 07:00:00,51.13,51.13,50.17,50.65,4584800,VHM
2025-12-05 07:00:00,50.56,52.24,50.46,51.52,5143500,VHM
2025-12-08 07:00:00,51.52,52.96,51.04,52.96,4603000,VHM
2025-12-09 07:00:00,53.35,53.64,50.41,51.76,7599600,VHM
2025-12-10 07:00:00,51.52,51.52,48.24,49.83,7908400,VHM
2025-12-11 07:00:00,49.02,49.74,48.68,48.68,3117200,VHM
2025-12-12 07:00:00,48.63,48.63,45.31,45.31,6638700,VHM
2025-12-15 07:00:00,45.64,46.22,43.86,44.54,5413200,VHM
2025-12-16 07:00:00,43.96,46.08,43.57,45.74,5672700,VHM
2025-12-17 07:00:00,45.69,45.88,44.63,45.69,3306500,VHM
2025-12-18 07:00:00,45.69,45.74,45.02,45.69,3362700,VHM
2025-12-19 07:00:00,45.88,48.87,45.79,48.87,5348700,VHM
2025-12-22 07:00:00,50.07,51.71,49.21,51.71,4779100,VHM
2025-12-23 07:00:00,52.24,55.32,51.81,55.32,7781700,VHM
2025-12-24 07:00:00,56.48,59.17,55.13,59.13,9949600,VHM
2025-12-25 07:00:00,59.7,63.22,55.03,55.03,10699900,VHM
2025-12-26 07:00:00,51.18,53.44,51.18,52.96,16551200,VHM
2025-12-29 07:00:00,53.88,56.67,53.44,56.67,7324300,VHM
2025-12-30 07:00:00,57.78,58.07,54.41,56.57,6669000,VHM
2025-12-31 07:00:00,56.57,60.52,55.76,59.7,6830500,VHM
2026-01-05 07:00:00,61.05,63.84,60.28,63.84,10136200,VHM
2026-01-06 07:00:00,66.68,68.27,65.72,68.27,8459900,VHM
2026-01-07 07:00:00,72.22,72.66,67.89,71.98,9511500,VHM
2026-01-08 07:00:00,72.37,72.66,66.97,66.97,15234400,VHM
2026-01-09 07:00:00,66.73,68.76,63.84,67.41,9789300,VHM
2026-01-12 07:00:00,66.93,66.93,62.69,62.69,9143600,VHM
2026-01-13 07:00:00,60.52,64.95,60.52,64.52,9148500,VHM
2026-01-14 07:00:00,64.95,64.95,60.04,60.81,11385300,VHM
2026-01-15 07:00:00,59.7,59.7,56.57,57.78,19255700,VHM
2026-01-16 07:00:00,58.31,61.05,58.31,59.75,5774400,VHM
2026-01-19 07:00:00,61.1,61.1,58.02,60.18,5284700,VHM
2026-01-20 07:00:00,59.75,59.94,57.63,59.22,7006400,VHM
2026-01-21 07:00:00,58.26,60.67,57.92,59.17,9321600,VHM
2026-01-22 07:00:00,57.83,59.17,57.06,58.02,7971100,VHM
2026-01-23 07:00:00,58.79,61.39,58.31,58.98,7272600,VHM
2026-01-26 07:00:00,59.7,59.75,55.9,57.25,4159000,VHM
2026-01-27 07:00:00,56.57,56.82,53.25,53.25,10162000,VHM
2026-01-28 07:00:00,52.05,52.48,49.54,50.22,15508700,VHM
2026-01-29 07:00:00,50.32,51.71,50.12,51.52,6368800,VHM
2026-01-30 07:00:00,51.52,51.71,50.07,51.04,4714200,VHM
2026-02-02 07:00:00,51.57,51.66,47.47,47.47,9144500,VHM
2026-02-03 07:00:00,46.27,49.11,45.98,46.85,9348800,VHM
2026-02-04 07:00:00,46.94,47.18,43.72,43.96,13582800,VHM
2026-02-05 07:00:00,43.91,46.99,43.91,46.99,9429200,VHM
2026-02-06 07:00:00,46.99,49.02,45.79,46.94,8492200,VHM
2026-02-09 07:00:00,47.14,47.14,44.83,45.74,4463200,VHM
2026-02-10 07:00:00,45.55,48.92,45.26,48.77,8656800,VHM
2026-02-11 07:00:00,49.35,50.32,49.3,49.59,6203200,VHM
2026-02-12 07:00:00,49.88,52.63,49.16,52.48,6584900,VHM
2026-02-13 07:00:00,52.82,52.87,50.7,52.48,6244700,VHM
2026-02-23 07:00:00,52.53,53.64,52.0,53.3,3679400,VHM
2026-02-24 07:00:00,53.2,53.44,51.57,53.44,4723800,VHM
2026-02-25 07:00:00,53.25,53.25,51.23,51.52,5547800,VHM
2026-02-26 07:00:00,51.04,54.36,50.84,51.81,6157600,VHM
2026-02-27 07:00:00,52.0,52.72,50.36,52.0,4915000,VHM
2026-03-02 07:00:00,49.35,50.6,48.39,48.39,6578000,VHM
2026-03-03 07:00:00,46.75,48.05,45.02,45.02,11710100,VHM
2026-03-04 07:00:00,44.01,45.69,41.89,45.02,12722700,VHM
2026-03-05 07:00:00,45.93,47.67,44.92,45.74,8978700,VHM
2026-03-06 07:00:00,45.74,46.46,44.78,45.74,6979200,VHM
2026-03-09 07:00:00,42.61,43.86,42.56,42.56,17232900,VHM
2026-03-10 07:00:00,43.48,44.73,42.52,43.24,5665600,VHM
2026-03-11 07:00:00,42.95,46.17,42.95,46.17,6734300,VHM
2026-03-12 07:00:00,45.12,46.17,45.02,46.17,4137400,VHM
2026-03-13 07:00:00,45.5,47.18,45.21,47.18,3989100,VHM
2026-03-16 07:00:00,47.18,49.3,46.66,48.15,4947300,VHM
2026-03-17 07:00:00,49.06,50.27,48.53,49.11,4359000,VHM
2026-03-18 07:00:00,49.21,50.8,48.87,49.11,4511300,VHM
2026-03-19 07:00:00,49.06,49.83,48.39,49.26,4596600,VHM
2026-03-20 07:00:00,49.11,49.11,46.7,48.15,6142200,VHM
2026-03-23 07:00:00,47.67,47.67,44.78,47.18,6595700,VHM
2026-03-24 07:00:00,47.86,47.96,46.46,47.67,2699500,VHM
2026-03-25 07:00:00,48.58,50.17,47.76,50.17,4327400,VHM
2026-03-26 07:00:00,50.22,50.22,48.68,48.68,2742600,VHM
2026-03-27 07:00:00,49.11,49.83,48.24,49.59,2547500,VHM
2026-03-30 07:00:00,48.53,49.88,48.24,49.59,2582200,VHM
2026-03-31 07:00:00,49.3,49.98,49.11,49.59,1487400,VHM
2026-04-01 07:00:00,53.06,53.06,53.06,53.06,2031500,VHM
2026-04-02 07:00:00,56.77,56.77,55.9,56.77,16320300,VHM
2026-04-03 07:00:00,58.16,60.18,56.72,57.39,6023000,VHM
2026-04-06 07:00:00,56.82,58.12,55.85,56.33,3208900,VHM
2026-04-07 07:00:00,56.33,56.82,54.65,55.37,3160700,VHM
2026-04-08 07:00:00,56.77,59.22,56.62,59.22,5534000,VHM
2026-04-09 07:00:00,59.46,61.39,58.69,58.74,5205200,VHM
2026-04-10 07:00:00,59.7,59.7,58.07,58.31,2500900,VHM
2026-04-13 07:00:00,57.34,59.8,56.91,59.17,3679400,VHM
2026-04-14 07:00:00,60.23,62.06,59.17,62.06,5575500,VHM
2026-04-15 07:00:00,62.74,66.4,62.26,65.96,6586300,VHM
2026-04-16 07:00:00,65.96,70.3,65.96,68.9,8240500,VHM
2026-04-17 07:00:00,69.62,70.54,65.24,65.34,9354800,VHM
2026-04-20 07:00:00,65.77,69.86,63.32,69.86,6841800,VHM
2026-04-21 07:00:00,71.74,74.63,70.2,70.2,5254300,VHM
2026-04-22 07:00:00,69.14,74.53,68.03,72.37,8653100,VHM
2026-04-23 07:00:00,73.18,73.52,70.39,71.74,5700100,VHM
2026-04-24 07:00:00,71.31,71.55,67.98,67.98,6047900,VHM
2026-04-28 07:00:00,67.74,72.7,67.41,72.7,9348000,VHM
2026-04-29 07:00:00,74.53,75.06,70.3,70.3,6990600,VHM
2026-05-04 07:00:00,71.5,71.74,68.23,68.37,5533800,VHM
2026-05-05 07:00:00,68.37,73.14,68.27,72.8,6715300,VHM
2026-05-06 07:00:00,73.67,74.63,70.87,72.7,5595200,VHM
2026-05-07 07:00:00,73.47,77.76,72.75,77.76,8652100,VHM
2026-05-08 07:00:00,78.0,78.96,75.4,78.96,7042400,VHM
2026-05-11 07:00:00,79.93,83.44,77.52,77.52,8375800,VHM
2026-05-12 07:00:00,76.56,78.48,75.4,77.13,6467100,VHM
2026-05-13 07:00:00,78.05,78.24,71.74,73.43,11413400,VHM
2026-05-14 07:00:00,73.62,75.59,71.6,75.59,5542500,VHM
2026-05-15 07:00:00,75.59,76.46,74.0,76.07,4836400,VHM
2026-05-18 07:00:00,75.88,77.13,73.67,74.15,5253200,VHM
2026-05-19 07:00:00,74.15,76.84,73.23,75.59,4738200,VHM
2026-05-20 07:00:00,75.11,78.43,74.39,76.99,6820100,VHM
2026-05-21 07:00:00,77.66,78.53,75.59,76.94,4504400,VHM
2026-05-22 07:00:00,76.36,76.36,72.46,74.05,6965000,VHM
2026-05-25 07:00:00,74.63,76.99,73.72,76.41,3693400,VHM
2026-05-26 07:00:00,76.03,76.17,74.05,74.05,3224000,VHM
2026-05-27 07:00:00,74.05,74.48,70.97,70.97,7371600,VHM
2026-05-28 07:00:00,70.3,75.93,69.91,75.93,8918500,VHM
2026-05-29 07:00:00,76.94,77.81,75.02,75.11,5608600,VHM
2026-06-01 07:00:00,75.59,76.07,72.37,73.18,4638800,VHM
2026-06-02 07:00:00,73.18,74.44,72.61,72.61,4005700,VHM
2026-06-03 07:00:00,72.32,72.7,68.47,71.45,6310300,VHM
2026-06-04 07:00:00,71.93,72.61,70.44,72.22,3277300,VHM
2026-06-05 07:00:00,71.74,73.96,71.74,73.18,3712700,VHM
2026-06-08 07:00:00,71.74,72.46,69.91,70.63,4226300,VHM
2026-06-09 07:00:00,70.87,71.11,69.28,70.3,2221500,VHM
2026-06-10 07:00:00,70.39,71.02,69.48,70.68,1569400,VHM
2026-06-11 07:00:00,70.1,70.63,69.33,69.57,1708400,VHM
2026-06-12 07:00:00,70.54,70.87,66.78,66.78,4342000,VHM
2026-06-15 07:00:00,67.41,68.47,62.11,65.53,8140900,VHM
2026-06-16 07:00:00,65.96,66.2,64.61,65.72,2728600,VHM
2026-06-17 07:00:00,63.17,65.58,62.83,65.0,7336800,VHM
2026-06-18 07:00:00,69.53,69.53,69.53,69.53,2390500,VHM
2026-06-19 07:00:00,71.98,72.13,69.96,69.96,10117600,VHM
2026-06-22 07:00:00,70.83,74.82,70.01,74.82,5473400,VHM
2026-06-23 07:00:00,76.03,78.0,74.82,75.11,6542100,VHM
2026-06-24 07:00:00,75.11,77.28,74.15,76.84,5424600,VHM
2026-06-25 07:00:00,77.04,77.08,74.44,75.35,4579200,VHM
2026-06-26 07:00:00,75.83,78.92,75.35,78.0,10448300,VHM
2026-06-29 07:00:00,79.0,79.05,75.05,75.15,6007200,VHM
2026-06-30 07:00:00,75.15,75.9,73.45,75.9,3112700,VHM
2026-07-01 07:00:00,75.9,75.9,74.1,74.35,2994000,VHM
2026-07-02 07:00:00,74.1,75.75,74.1,75.2,2224600,VHM
2026-07-03 07:00:00,75.5,77.7,75.3,75.8,4051400,VHM
2026-07-06 07:00:00,79.35,79.35,76.05,77.05,7156200,VHM
2026-07-07 07:00:00,77.0,77.0,75.05,75.05,3878500,VHM
2026-07-08 07:00:00,75.0,75.95,74.25,75.0,2798300,VHM
2026-07-09 07:00:00,74.9,75.5,74.05,74.35,1904300,VHM
2026-07-10 07:00:00,74.05,75.15,73.35,73.5,3156900,VHM
2026-07-13 07:00:00,73.5,73.5,69.6,71.5,6075800,VHM
2026-07-14 07:00:00,71.45,71.45,69.25,70.4,4386200,VHM
2026-07-15 07:00:00,70.4,70.4,68.0,68.0,4540200,VHM
2026-07-16 07:00:00,66.75,71.4,66.75,71.4,4671100,VHM
2026-07-17 07:00:00,71.4,72.4,70.25,70.25,2146600,VHM
2026-07-20 07:00:00,69.6,71.0,68.15,68.45,2992800,VHM
2026-07-21 07:00:00,68.4,69.15,67.65,68.2,2669700,VHM
2026-07-22 07:00:00,68.1,68.2,63.45,63.45,8235300,VHM
2026-07-23 07:00:00,63.35,66.75,63.3,66.0,4573000,VHM
2026-07-24 07:00:00,64.75,65.95,64.25,65.0,2883200,VHM
2026-07-27 07:00:00,65.3,66.95,64.5,65.5,3707500,VHM
2026-07-28 07:00:00,65.0,66.15,64.45,65.95,2674400,VHM
2026-07-29 07:00:00,66.25,70.55,65.95,70.0,6570600,VHM
2026-07-30 07:00:00,71.2,73.95,70.05,73.95,5883600,VHM
2026-07-31 07:00:00,77.0,77.0,72.3,74.05,5810400,VHM
2026-08-03 07:00:00,74.35,74.85,72.55,74.0,5312800,VHM
2026-08-04 07:00:00,74.1,76.65,73.4,76.45,6338600,VHM
2026-08-05 07:00:00,77.1,79.4,76.5,76.5,10681100,VHM
2026-08-06 07:00:00,81.7,81.7,76.8,77.1,16808100,VHM
2026-08-07 07:00:00,75.3,76.8,73.0,73.0,9117200,VHM
2026-08-10 07:00:00,72.8,72.8,70.8,71.6,8267400,VHM
2026-08-11 07:00:00,71.6,74.0,71.2,72.1,8286300,VHM
2026-08-12 07:00:00,72.9,75.5,72.0,73.8,6525700,VHM
2026-08-13 07:00:00,74.0,74.0,71.8,71.8,7785200,VHM
2026-08-14 07:00:00,71.8,71.8,68.0,68.2,12131200,VHM
2026-08-17 07:00:00,68.0,69.8,66.6,68.2,4964300,VHM
2026-08-18 07:00:00,68.5,70.6,68.3,69.2,4816300,VHM
2026-08-19 07:00:00,69.4,69.8,68.6,69.1,2613600,VHM
2026-08-20 07:00:00,69.6,70.5,69.1,69.5,4626100,VHM
2026-08-21 07:00:00,69.5,71.9,68.9,71.7,5100800,VHM
2026-08-24 07:00:00,72.9,73.5,72.4,73.4,6124500,VHM
2026-08-25 07:00:00,73.5,75.2,72.8,73.6,9252600,VHM
2026-08-26 07:00:00,73.3,73.8,72.1,73.6,5343200,VHM
2026-08-27 07:00:00,74.2,75.2,73.6,73.8,4595500,VHM
2026-08-28 07:00:00,74.0,74.0,72.9,73.0,4565600,VHM
2026-09-03 07:00:00,72.5,73.5,71.6,73.4,5307700,VHM
2026-09-04 07:00:00,73.1,77.0,73.1,75.2,14079600,VHM
2026-09-07 07:00:00,76.4,79.5,74.5,74.5,11741100,VHM
2026-09-08 07:00:00,74.5,75.5,72.9,73.6,6827700,VHM
2026-09-09 07:00:00,73.2,74.5,72.1,72.1,13952300,VHM
2026-09-10 07:00:00,71.8,74.2,69.5,73.1,16074200,VHM
2026-09-11 07:00:00,72.6,73.2,71.7,72.0,6700800,VHM
2026-09-14 07:00:00,71.0,73.9,71.0,71.7,10116200,VHM
2026-09-15 07:00:00,72.1,72.8,71.1,71.4,7917400,VHM
2026-09-16 07:00:00,71.2,72.0,71.0,71.0,7021900,VHM
2026-09-17 07:00:00,70.5,73.0,70.5,71.3,8187400,VHM
2026-09-18 07:00:00,72.2,72.9,71.0,71.0,18774600,VHM
2026-09-21 07:00:00,71.7,72.0,67.6,68.1,17209800,VHM
2026-09-22 07:00:00,68.4,69.6,67.0,69.4,7336800,VHM
2026-09-23 07:00:00,69.5,70.3,69.0,69.4,1139800,VHM
