time,open,high,low,close,volume,ticker
2019-01-02 07:00:00,44.97,45.02,43.33,44.62,602450,VIC
2019-01-03 07:00:00,44.44,44.57,43.64,44.57,496950,VIC
2019-01-04 07:00:00,44.44,44.75,43.55,44.71,458000,VIC
2019-01-07 07:00:00,44.84,45.77,44.4,44.88,589150,VIC
2019-01-08 07:00:00,45.33,45.33,44.31,44.88,494300,VIC
2019-01-09 07:00:00,44.88,45.28,44.0,45.11,659210,VIC
2019-01-10 07:00:00,44.97,45.11,44.44,45.06,551980,VIC
2019-01-11 07:00:00,44.88,45.06,44.48,45.06,569030,VIC
2019-01-14 07:00:00,45.02,45.28,44.53,45.06,562930,VIC
2019-01-15 07:00:00,45.06,45.11,44.62,45.11,711450,VIC
2019-01-16 07:00:00,45.11,45.37,44.8,45.33,518160,VIC
2019-01-17 07:00:00,45.33,45.42,44.75,45.33,325130,VIC
2019-01-18 07:00:00,45.11,45.42,44.84,45.42,498290,VIC
2019-01-21 07:00:00,45.42,45.51,45.02,45.51,404250,VIC
2019-01-22 07:00:00,45.51,45.51,45.11,45.51,258070,VIC
2019-01-23 07:00:00,45.33,46.08,45.33,45.6,299570,VIC
2019-01-24 07:00:00,45.55,45.73,45.42,45.68,184720,VIC
2019-01-25 07:00:00,45.68,46.0,45.42,45.73,306670,VIC
2019-01-28 07:00:00,45.73,46.08,45.6,46.08,381260,VIC
2019-01-29 07:00:00,46.62,46.62,45.77,46.17,225310,VIC
2019-01-30 07:00:00,46.17,46.22,45.73,46.17,370040,VIC
2019-01-31 07:00:00,46.22,46.44,45.55,46.17,651020,VIC
2019-02-01 07:00:00,46.13,46.13,43.91,43.91,2095840,VIC
2019-02-11 07:00:00,45.24,46.22,44.97,46.22,527310,VIC
2019-02-12 07:00:00,46.62,48.48,46.22,48.48,769110,VIC
2019-02-13 07:00:00,48.0,48.57,47.64,48.44,822040,VIC
2019-02-14 07:00:00,48.44,50.22,48.44,50.17,995310,VIC
2019-02-15 07:00:00,50.22,50.22,49.77,49.77,670900,VIC
2019-02-18 07:00:00,49.99,50.53,49.64,50.53,829150,VIC
2019-02-19 07:00:00,50.44,51.82,50.44,51.55,1002020,VIC
2019-02-20 07:00:00,51.19,51.95,51.19,51.77,678800,VIC
2019-02-21 07:00:00,51.77,52.62,51.68,52.62,1162700,VIC
2019-02-22 07:00:00,52.44,52.62,51.82,51.99,720970,VIC
2019-02-25 07:00:00,51.99,52.39,51.5,51.68,624890,VIC
2019-02-26 07:00:00,51.55,51.82,50.44,51.33,792710,VIC
2019-02-27 07:00:00,51.33,52.39,51.33,52.17,824620,VIC
2019-02-28 07:00:00,51.99,52.17,50.26,50.66,1132410,VIC
2019-03-01 07:00:00,50.66,51.99,50.66,51.15,739260,VIC
2019-03-04 07:00:00,51.86,52.26,51.46,52.17,660550,VIC
2019-03-05 07:00:00,52.17,52.35,51.95,52.13,706060,VIC
2019-03-06 07:00:00,52.3,52.3,52.04,52.3,377280,VIC
2019-03-07 07:00:00,52.39,54.44,52.35,52.97,1797980,VIC
2019-03-08 07:00:00,52.88,53.15,52.48,52.48,845280,VIC
2019-03-11 07:00:00,51.99,52.57,51.99,52.57,429390,VIC
2019-03-12 07:00:00,52.88,53.06,52.53,52.7,902200,VIC
2019-03-13 07:00:00,52.66,53.33,51.99,52.22,1262350,VIC
2019-03-14 07:00:00,51.77,52.79,51.37,52.79,1155340,VIC
2019-03-15 07:00:00,53.02,53.02,52.39,52.75,1704580,VIC
2019-03-18 07:00:00,53.33,53.9,52.93,53.9,1114570,VIC
2019-03-19 07:00:00,53.9,54.39,53.64,53.77,1190080,VIC
2019-03-20 07:00:00,53.77,53.77,52.93,53.42,780190,VIC
2019-03-21 07:00:00,53.37,53.46,51.99,51.99,1208480,VIC
2019-03-22 07:00:00,51.99,52.84,51.99,52.7,1114660,VIC
2019-03-25 07:00:00,51.99,52.13,51.1,51.19,886800,VIC
2019-03-26 07:00:00,51.33,51.9,50.22,50.53,846570,VIC
2019-03-27 07:00:00,51.1,51.5,50.62,50.62,772080,VIC
2019-03-28 07:00:00,50.62,51.5,50.62,51.5,561880,VIC
2019-03-29 07:00:00,51.5,51.9,51.5,51.5,1099970,VIC
2019-04-01 07:00:00,51.73,51.77,51.46,51.77,828430,VIC
2019-04-02 07:00:00,51.95,52.08,51.64,51.68,1036350,VIC
2019-04-03 07:00:00,51.33,51.55,50.88,51.06,464270,VIC
2019-04-04 07:00:00,51.15,51.46,50.7,51.15,383730,VIC
2019-04-05 07:00:00,51.24,51.28,50.93,51.15,235790,VIC
2019-04-08 07:00:00,51.19,51.46,51.02,51.33,435190,VIC
2019-04-09 07:00:00,51.55,51.55,50.13,50.22,1156710,VIC
2019-04-10 07:00:00,50.22,50.66,49.28,49.68,696000,VIC
2019-04-11 07:00:00,49.68,51.1,49.68,51.1,350810,VIC
2019-04-12 07:00:00,51.1,51.1,50.22,50.3,551990,VIC
2019-04-16 07:00:00,48.66,50.26,48.0,50.26,1231190,VIC
2019-04-17 07:00:00,49.46,50.22,48.88,48.88,960220,VIC
2019-04-18 07:00:00,48.66,48.88,46.66,48.44,891240,VIC
2019-04-19 07:00:00,48.88,49.15,48.08,48.93,414050,VIC
2019-04-22 07:00:00,48.44,49.73,47.55,49.73,794060,VIC
2019-04-23 07:00:00,49.73,50.22,49.33,50.22,534660,VIC
2019-04-24 07:00:00,50.22,50.66,49.82,50.57,447820,VIC
2019-04-25 07:00:00,50.57,50.57,49.77,50.48,503490,VIC
2019-04-26 07:00:00,49.77,50.53,49.77,50.53,826050,VIC
2019-05-02 07:00:00,50.57,50.62,50.22,50.48,190970,VIC
2019-05-03 07:00:00,50.53,50.53,49.82,49.99,705500,VIC
2019-05-06 07:00:00,49.77,49.9,48.97,49.86,290580,VIC
2019-05-07 07:00:00,49.86,50.35,49.33,50.04,421350,VIC
2019-05-08 07:00:00,49.55,50.08,49.5,50.04,348500,VIC
2019-05-09 07:00:00,50.08,50.08,49.59,50.04,314140,VIC
2019-05-10 07:00:00,50.04,50.22,49.86,50.08,289160,VIC
2019-05-13 07:00:00,49.73,50.17,49.64,50.17,439200,VIC
2019-05-14 07:00:00,49.77,50.44,49.73,50.44,539280,VIC
2019-05-15 07:00:00,50.44,51.64,50.39,51.24,456790,VIC
2019-05-16 07:00:00,51.24,52.84,51.24,51.95,773010,VIC
2019-05-17 07:00:00,51.99,52.48,51.59,51.95,464260,VIC
2019-05-20 07:00:00,51.99,52.22,51.59,52.22,406340,VIC
2019-05-21 07:00:00,52.75,52.75,51.68,52.22,708620,VIC
2019-05-22 07:00:00,52.22,52.48,51.55,52.22,382330,VIC
2019-05-23 07:00:00,51.99,52.26,51.64,51.99,249830,VIC
2019-05-24 07:00:00,51.33,51.64,50.79,51.1,628560,VIC
2019-05-27 07:00:00,50.66,51.5,50.66,51.1,166080,VIC
2019-05-28 07:00:00,51.55,51.55,50.66,50.66,503270,VIC
2019-05-29 07:00:00,51.06,51.28,50.66,51.19,357950,VIC
2019-05-30 07:00:00,51.19,51.64,51.1,51.1,572810,VIC
2019-05-31 07:00:00,51.46,51.46,50.93,50.93,296610,VIC
2019-06-03 07:00:00,50.66,51.33,50.22,50.88,281510,VIC
2019-06-04 07:00:00,50.48,51.28,50.48,50.93,262740,VIC
2019-06-05 07:00:00,51.1,51.5,51.1,51.5,244400,VIC
2019-06-06 07:00:00,51.5,51.5,50.84,51.5,167500,VIC
2019-06-07 07:00:00,51.82,51.99,51.59,51.99,286940,VIC
2019-06-10 07:00:00,52.08,52.75,52.08,52.26,955890,VIC
2019-06-11 07:00:00,52.26,52.35,51.99,51.99,308910,VIC
2019-06-12 07:00:00,51.99,52.22,51.55,51.55,258350,VIC
2019-06-13 07:00:00,51.19,51.5,51.19,51.33,267940,VIC
2019-06-14 07:00:00,51.55,51.55,50.79,51.33,350180,VIC
2019-06-17 07:00:00,51.5,51.77,50.57,50.88,415390,VIC
2019-06-18 07:00:00,50.97,51.1,50.57,50.66,433860,VIC
2019-06-19 07:00:00,51.5,51.5,50.88,51.5,135220,VIC
2019-06-20 07:00:00,51.64,52.04,51.37,51.55,317480,VIC
2019-06-21 07:00:00,50.88,51.9,50.88,50.88,594210,VIC
2019-06-24 07:00:00,51.1,51.82,51.1,51.73,228390,VIC
2019-06-25 07:00:00,51.77,52.08,51.68,51.73,510700,VIC
2019-06-26 07:00:00,51.68,51.99,51.55,51.95,515020,VIC
2019-06-27 07:00:00,51.99,51.99,51.06,51.06,398280,VIC
2019-06-28 07:00:00,51.1,51.5,50.53,51.42,468590,VIC
2019-07-01 07:00:00,51.86,52.08,51.59,52.08,562110,VIC
2019-07-02 07:00:00,52.04,52.13,51.46,51.46,268150,VIC
2019-07-03 07:00:00,51.33,51.55,50.79,51.28,260170,VIC
2019-07-04 07:00:00,51.1,51.77,51.1,51.77,265260,VIC
2019-07-05 07:00:00,51.55,51.9,51.46,51.86,307400,VIC
2019-07-08 07:00:00,51.77,51.86,51.46,51.55,285840,VIC
2019-07-09 07:00:00,51.55,51.59,51.19,51.55,187330,VIC
2019-07-10 07:00:00,51.99,52.22,51.77,51.9,377060,VIC
2019-07-11 07:00:00,52.13,52.22,51.37,51.77,363380,VIC
2019-07-12 07:00:00,51.95,51.99,51.55,51.55,169920,VIC
2019-07-15 07:00:00,51.95,51.64,50.57,50.75,514900,VIC
2019-07-16 07:00:00,51.1,51.77,50.75,51.5,473360,VIC
2019-07-17 07:00:00,51.55,51.68,51.1,51.33,213640,VIC
2019-07-18 07:00:00,51.1,51.5,51.02,51.02,454560,VIC
2019-07-19 07:00:00,51.1,51.55,51.02,51.55,476260,VIC
2019-07-22 07:00:00,51.55,51.77,51.1,51.77,395900,VIC
2019-07-23 07:00:00,51.77,53.46,51.77,53.24,1502160,VIC
2019-07-24 07:00:00,53.55,54.3,53.42,54.22,661870,VIC
2019-07-25 07:00:00,53.59,55.59,53.59,54.75,740440,VIC
2019-07-26 07:00:00,54.53,54.79,54.04,54.26,416560,VIC
2019-07-29 07:00:00,54.66,55.28,54.26,55.28,566870,VIC
2019-07-30 07:00:00,55.28,55.55,54.22,54.44,366670,VIC
2019-07-31 07:00:00,54.44,54.75,53.42,54.22,406490,VIC
2019-08-01 07:00:00,54.66,55.33,54.44,55.28,365850,VIC
2019-08-02 07:00:00,54.22,54.7,54.17,54.44,483120,VIC
2019-08-05 07:00:00,54.26,54.26,52.44,52.44,760020,VIC
2019-08-06 07:00:00,51.55,53.24,51.33,53.24,441590,VIC
2019-08-07 07:00:00,51.55,53.42,52.26,52.44,345950,VIC
2019-08-08 07:00:00,52.44,54.44,52.44,54.22,545170,VIC
2019-08-09 07:00:00,54.22,54.44,53.42,53.42,400990,VIC
2019-08-12 07:00:00,53.42,53.86,53.33,53.33,107460,VIC
2019-08-13 07:00:00,53.28,53.33,52.44,52.48,310330,VIC
2019-08-14 07:00:00,53.1,53.33,52.53,52.7,302420,VIC
2019-08-15 07:00:00,51.99,53.77,51.99,53.77,327120,VIC
2019-08-16 07:00:00,53.15,54.35,53.15,54.22,347380,VIC
2019-08-19 07:00:00,54.44,54.44,53.99,54.17,211950,VIC
2019-08-20 07:00:00,54.17,54.44,53.77,53.77,206540,VIC
2019-08-21 07:00:00,53.77,54.44,53.77,54.39,252820,VIC
2019-08-22 07:00:00,54.66,56.22,54.53,56.04,671970,VIC
2019-08-23 07:00:00,56.04,56.04,55.37,55.55,513250,VIC
2019-08-26 07:00:00,55.55,55.55,54.84,55.46,355930,VIC
2019-08-27 07:00:00,55.5,55.86,54.44,54.44,397260,VIC
2019-08-28 07:00:00,54.3,54.88,54.17,54.22,242730,VIC
2019-08-29 07:00:00,54.88,54.88,53.82,54.44,350460,VIC
2019-08-30 07:00:00,54.88,55.06,54.22,54.88,220710,VIC
2019-09-03 07:00:00,54.88,55.28,54.3,54.66,174400,VIC
2019-09-04 07:00:00,54.66,54.88,54.08,54.39,385500,VIC
2019-09-05 07:00:00,54.62,54.84,54.22,54.22,303110,VIC
2019-09-06 07:00:00,54.22,54.66,53.77,53.82,280330,VIC
2019-09-09 07:00:00,54.17,54.57,53.82,54.48,165730,VIC
2019-09-10 07:00:00,54.66,54.75,54.22,54.22,247180,VIC
2019-09-11 07:00:00,54.22,54.57,53.77,53.99,176620,VIC
2019-09-12 07:00:00,53.99,54.26,53.9,53.99,188180,VIC
2019-09-13 07:00:00,54.26,54.62,53.68,54.39,278500,VIC
2019-09-16 07:00:00,54.22,55.42,54.22,54.57,330670,VIC
2019-09-17 07:00:00,54.26,55.02,54.22,54.57,416830,VIC
2019-09-18 07:00:00,54.44,54.57,54.26,54.3,181830,VIC
2019-09-19 07:00:00,54.44,54.57,53.95,53.99,345240,VIC
2019-09-20 07:00:00,53.95,54.17,53.06,53.06,1827050,VIC
2019-09-23 07:00:00,53.1,53.5,52.84,52.88,478830,VIC
2019-09-24 07:00:00,52.88,53.5,52.88,53.37,258080,VIC
2019-09-25 07:00:00,53.37,53.46,52.88,53.19,256590,VIC
2019-09-26 07:00:00,53.33,53.33,52.79,52.88,334000,VIC
2019-09-27 07:00:00,52.88,53.46,52.79,53.24,264300,VIC
2019-09-30 07:00:00,53.33,53.86,53.15,53.24,308680,VIC
2019-10-01 07:00:00,53.55,53.73,53.19,53.28,151960,VIC
2019-10-02 07:00:00,53.28,53.55,52.44,52.44,545260,VIC
2019-10-03 07:00:00,52.08,52.44,52.04,52.44,650460,VIC
2019-10-04 07:00:00,52.44,52.75,52.3,52.44,249050,VIC
2019-10-07 07:00:00,52.44,52.48,51.77,51.99,467120,VIC
2019-10-08 07:00:00,52.08,52.13,51.73,52.04,353740,VIC
2019-10-09 07:00:00,51.95,52.57,51.86,51.99,221530,VIC
2019-10-10 07:00:00,52.22,52.3,51.9,51.95,273470,VIC
2019-10-11 07:00:00,52.22,52.44,51.86,52.44,328950,VIC
2019-10-14 07:00:00,52.66,53.24,52.22,52.44,358150,VIC
2019-10-15 07:00:00,52.44,53.02,52.44,52.62,222070,VIC
2019-10-16 07:00:00,52.88,52.88,52.3,52.44,224670,VIC
2019-10-17 07:00:00,52.39,52.66,51.95,51.99,479110,VIC
2019-10-18 07:00:00,51.99,51.99,51.77,51.99,261460,VIC
2019-10-21 07:00:00,51.99,52.57,51.55,51.95,205580,VIC
2019-10-22 07:00:00,52.44,52.44,51.9,51.9,175690,VIC
2019-10-23 07:00:00,51.9,52.22,51.9,52.04,130200,VIC
2019-10-24 07:00:00,52.04,52.08,51.77,52.08,396910,VIC
2019-10-25 07:00:00,51.99,52.17,51.86,52.08,293710,VIC
2019-10-28 07:00:00,51.99,52.48,51.86,52.3,268360,VIC
2019-10-29 07:00:00,52.3,52.39,52.17,52.35,187020,VIC
2019-10-30 07:00:00,52.44,53.28,52.35,53.15,600930,VIC
2019-10-31 07:00:00,53.33,53.5,52.88,52.88,840720,VIC
2019-11-01 07:00:00,53.33,54.44,53.1,54.44,749070,VIC
2019-11-04 07:00:00,54.44,54.44,53.64,54.08,309680,VIC
2019-11-05 07:00:00,53.77,54.22,53.73,53.99,260520,VIC
2019-11-06 07:00:00,53.99,54.44,53.77,54.17,517800,VIC
2019-11-07 07:00:00,54.22,54.35,53.68,53.68,246740,VIC
2019-11-08 07:00:00,54.04,54.04,53.33,53.55,492950,VIC
2019-11-11 07:00:00,53.55,53.55,52.84,52.84,281300,VIC
2019-11-12 07:00:00,52.84,53.28,52.7,53.06,158520,VIC
2019-11-13 07:00:00,52.84,53.06,52.62,52.88,323490,VIC
2019-11-14 07:00:00,52.88,53.24,52.79,53.02,250100,VIC
2019-11-15 07:00:00,52.97,53.68,52.79,53.15,238410,VIC
2019-11-18 07:00:00,53.24,53.24,52.39,52.48,267820,VIC
2019-11-19 07:00:00,52.44,52.53,51.9,52.04,491510,VIC
2019-11-20 07:00:00,52.08,52.08,51.55,51.55,705410,VIC
2019-11-21 07:00:00,51.99,51.99,50.57,51.24,1567980,VIC
2019-11-22 07:00:00,51.64,51.95,51.24,51.64,308940,VIC
2019-11-25 07:00:00,51.64,51.64,51.33,51.55,234180,VIC
2019-11-26 07:00:00,51.55,51.55,51.15,51.19,1027110,VIC
2019-11-27 07:00:00,51.19,51.68,51.15,51.37,304630,VIC
2019-11-28 07:00:00,51.15,51.55,50.79,51.42,232980,VIC
2019-11-29 07:00:00,51.42,51.59,50.88,51.42,205040,VIC
2019-12-02 07:00:00,51.33,51.68,50.57,51.1,300040,VIC
2019-12-03 07:00:00,51.1,51.68,50.75,51.1,300130,VIC
2019-12-04 07:00:00,50.75,51.33,50.75,51.33,179900,VIC
2019-12-05 07:00:00,51.55,51.59,51.33,51.46,167250,VIC
2019-12-06 07:00:00,51.55,51.68,51.28,51.5,144740,VIC
2019-12-09 07:00:00,51.46,51.5,51.1,51.5,188330,VIC
2019-12-10 07:00:00,51.33,51.5,50.48,51.5,575810,VIC
2019-12-11 07:00:00,51.5,51.5,50.88,51.5,301370,VIC
2019-12-12 07:00:00,51.55,51.55,51.19,51.55,334050,VIC
2019-12-13 07:00:00,51.46,51.55,51.06,51.55,295370,VIC
2019-12-16 07:00:00,51.55,51.55,51.02,51.46,377010,VIC
2019-12-17 07:00:00,51.46,51.46,50.88,51.46,273030,VIC
2019-12-18 07:00:00,51.1,51.5,50.88,51.46,847090,VIC
2019-12-19 07:00:00,51.1,51.55,50.66,51.46,974360,VIC
2019-12-20 07:00:00,51.46,51.46,50.97,51.46,839200,VIC
2019-12-23 07:00:00,51.46,51.46,50.79,51.42,591380,VIC
2019-12-24 07:00:00,51.37,51.37,50.79,51.33,449960,VIC
2019-12-25 07:00:00,51.24,51.33,50.79,51.33,348350,VIC
2019-12-26 07:00:00,51.24,51.42,50.84,51.28,507390,VIC
2019-12-27 07:00:00,51.28,51.28,50.66,51.19,564070,VIC
2019-12-30 07:00:00,50.88,51.1,50.75,51.1,504080,VIC
2019-12-31 07:00:00,51.1,51.1,50.7,51.1,614630,VIC
2020-01-02 07:00:00,51.06,51.1,50.66,51.1,440280,VIC
2020-01-03 07:00:00,51.1,51.24,50.79,51.24,248940,VIC
2020-01-06 07:00:00,51.1,51.1,50.84,50.88,301910,VIC
2020-01-07 07:00:00,50.88,51.1,50.79,50.97,183910,VIC
2020-01-08 07:00:00,50.88,50.97,50.48,50.79,468910,VIC
2020-01-09 07:00:00,50.79,51.15,50.75,50.97,273870,VIC
2020-01-10 07:00:00,51.1,51.1,50.97,51.02,159120,VIC
2020-01-13 07:00:00,50.97,51.15,50.88,51.06,146680,VIC
2020-01-14 07:00:00,51.06,51.15,50.79,51.1,101150,VIC
2020-01-15 07:00:00,51.1,51.1,50.79,51.1,205600,VIC
2020-01-16 07:00:00,51.1,51.15,50.79,51.1,186740,VIC
2020-01-17 07:00:00,51.06,51.15,50.84,51.06,169100,VIC
2020-01-20 07:00:00,51.06,51.06,50.79,51.06,370670,VIC
2020-01-21 07:00:00,50.79,51.1,50.79,51.06,181510,VIC
2020-01-22 07:00:00,51.06,51.06,50.75,51.06,371780,VIC
2020-01-30 07:00:00,50.7,51.06,49.82,51.06,682720,VIC
2020-01-31 07:00:00,51.06,51.06,50.48,51.02,831740,VIC
2020-02-03 07:00:00,50.57,51.02,49.9,51.02,760420,VIC
2020-02-04 07:00:00,50.48,51.02,49.68,51.02,1485500,VIC
2020-02-05 07:00:00,51.02,51.02,50.22,50.88,468420,VIC
2020-02-06 07:00:00,50.84,50.97,50.13,50.84,676290,VIC
2020-02-07 07:00:00,50.66,50.84,49.77,50.84,1295520,VIC
2020-02-10 07:00:00,50.22,50.7,50.22,50.53,192700,VIC
2020-02-11 07:00:00,50.44,50.75,50.22,50.39,290630,VIC
2020-02-12 07:00:00,50.39,50.39,49.77,49.77,452790,VIC
2020-02-13 07:00:00,49.55,50.08,49.5,49.95,285340,VIC
2020-02-14 07:00:00,49.9,50.04,48.88,48.88,252390,VIC
2020-02-17 07:00:00,48.88,48.88,46.66,48.0,742220,VIC
2020-02-18 07:00:00,47.55,47.55,46.22,46.44,791870,VIC
2020-02-19 07:00:00,46.0,47.55,46.0,46.66,875320,VIC
2020-02-20 07:00:00,47.11,48.88,46.66,48.88,353570,VIC
2020-02-21 07:00:00,48.26,48.88,47.91,48.84,309060,VIC
2020-02-24 07:00:00,47.6,48.0,46.88,47.68,1428650,VIC
2020-02-25 07:00:00,47.42,47.68,47.06,47.55,543820,VIC
2020-02-26 07:00:00,46.22,47.37,46.22,47.06,625410,VIC
2020-02-27 07:00:00,47.02,47.11,46.26,46.93,740420,VIC
2020-02-28 07:00:00,46.66,46.84,45.77,46.84,870840,VIC
2020-03-02 07:00:00,46.22,46.84,45.64,46.84,742130,VIC
2020-03-03 07:00:00,46.71,46.93,46.44,46.88,557950,VIC
2020-03-04 07:00:00,46.48,46.88,46.0,46.88,443810,VIC
2020-03-05 07:00:00,46.71,47.06,46.13,46.93,352300,VIC
2020-03-06 07:00:00,46.66,46.66,45.82,46.66,750830,VIC
2020-03-09 07:00:00,45.11,45.33,43.42,43.42,966890,VIC
2020-03-10 07:00:00,41.33,44.08,40.53,43.42,825490,VIC
2020-03-11 07:00:00,43.55,43.55,40.48,43.11,1049580,VIC
2020-03-12 07:00:00,40.44,41.02,40.13,40.8,1896270,VIC
2020-03-13 07:00:00,38.22,41.11,37.95,41.11,1226880,VIC
2020-03-16 07:00:00,40.88,41.11,38.48,41.11,971340,VIC
2020-03-17 07:00:00,39.77,41.02,38.93,39.33,681330,VIC
2020-03-18 07:00:00,39.06,39.99,38.44,39.55,785390,VIC
2020-03-19 07:00:00,38.62,39.42,36.93,39.42,1103680,VIC
2020-03-20 07:00:00,39.42,39.42,36.66,36.66,1083480,VIC
2020-03-23 07:00:00,34.66,34.8,34.13,34.13,678160,VIC
2020-03-24 07:00:00,31.91,33.33,31.77,31.77,1474050,VIC
2020-03-25 07:00:00,31.77,34.0,30.22,34.0,1401570,VIC
2020-03-26 07:00:00,34.48,36.35,33.6,36.35,1242250,VIC
2020-03-27 07:00:00,36.44,38.84,35.33,38.57,1149310,VIC
2020-03-30 07:00:00,35.91,36.44,35.91,36.17,881240,VIC
2020-03-31 07:00:00,36.17,38.66,35.73,37.06,1296450,VIC
2020-04-01 07:00:00,36.66,38.66,36.0,38.22,437820,VIC
2020-04-03 07:00:00,38.22,40.44,38.22,40.44,1184500,VIC
2020-04-06 07:00:00,40.88,43.24,40.57,43.24,2698260,VIC
2020-04-07 07:00:00,43.37,44.84,41.33,43.24,2855700,VIC
2020-04-08 07:00:00,43.11,43.11,41.77,41.77,760120,VIC
2020-04-09 07:00:00,41.77,43.24,41.68,42.66,1560610,VIC
2020-04-10 07:00:00,42.66,43.02,41.64,42.22,983120,VIC
2020-04-13 07:00:00,42.57,42.66,42.17,42.66,1411550,VIC
2020-04-14 07:00:00,42.88,42.88,42.0,42.48,631630,VIC
2020-04-15 07:00:00,42.48,42.66,42.17,42.66,1176850,VIC
2020-04-16 07:00:00,42.66,42.66,42.08,42.62,845580,VIC
2020-04-17 07:00:00,42.35,42.71,39.64,42.71,1191510,VIC
2020-04-20 07:00:00,42.71,42.84,42.17,42.75,1055020,VIC
2020-04-21 07:00:00,42.44,42.44,41.11,41.33,892270,VIC
2020-04-22 07:00:00,40.88,41.24,40.22,41.11,884070,VIC
2020-04-23 07:00:00,41.33,42.17,41.2,41.33,347420,VIC
2020-04-24 07:00:00,41.33,41.73,41.06,41.33,300240,VIC
2020-04-27 07:00:00,42.22,42.22,40.88,40.88,453720,VIC
2020-04-28 07:00:00,41.11,41.28,40.66,40.88,222920,VIC
2020-04-29 07:00:00,40.84,41.51,40.22,40.84,314400,VIC
2020-05-04 07:00:00,40.84,41.11,39.99,40.8,259550,VIC
2020-05-05 07:00:00,40.8,41.33,40.8,41.2,274700,VIC
2020-05-06 07:00:00,41.15,42.22,41.11,42.22,773570,VIC
2020-05-07 07:00:00,42.22,42.66,41.77,42.66,617800,VIC
2020-05-08 07:00:00,42.84,44.44,42.71,43.33,1683960,VIC
2020-05-11 07:00:00,43.33,43.55,42.62,43.33,1358920,VIC
2020-05-12 07:00:00,43.28,43.28,42.22,43.11,770030,VIC
2020-05-13 07:00:00,42.26,42.66,40.66,42.22,2652530,VIC
2020-05-14 07:00:00,42.22,42.97,41.73,42.66,1002810,VIC
2020-05-15 07:00:00,42.66,43.33,42.57,43.11,327650,VIC
2020-05-18 07:00:00,43.11,43.11,42.44,42.88,229440,VIC
2020-05-19 07:00:00,43.15,43.28,42.66,42.88,729850,VIC
2020-05-20 07:00:00,42.84,43.11,42.71,42.93,254730,VIC
2020-05-21 07:00:00,43.11,43.55,43.06,43.55,674380,VIC
2020-05-22 07:00:00,43.55,43.55,42.84,42.84,292930,VIC
2020-05-25 07:00:00,42.75,43.15,42.66,43.15,216400,VIC
2020-05-26 07:00:00,43.11,43.33,42.84,43.06,360000,VIC
2020-05-27 07:00:00,43.06,43.51,42.88,43.06,591440,VIC
2020-05-28 07:00:00,43.06,43.33,42.8,43.11,314790,VIC
2020-05-29 07:00:00,43.11,43.33,42.93,43.11,493500,VIC
2020-06-01 07:00:00,43.11,43.2,42.88,43.2,481490,VIC
2020-06-02 07:00:00,43.2,43.2,42.88,42.97,501700,VIC
2020-06-03 07:00:00,42.88,43.02,42.44,43.02,466430,VIC
2020-06-04 07:00:00,43.02,43.02,42.66,42.66,550740,VIC
2020-06-05 07:00:00,42.66,42.75,42.22,42.22,525870,VIC
2020-06-08 07:00:00,42.31,43.37,42.31,42.66,482180,VIC
2020-06-09 07:00:00,43.11,43.11,42.71,42.75,318400,VIC
2020-06-10 07:00:00,42.75,42.75,42.4,42.48,488490,VIC
2020-06-11 07:00:00,42.48,42.75,41.33,41.33,761540,VIC
2020-06-12 07:00:00,39.99,41.11,39.95,40.8,875940,VIC
2020-06-15 07:00:00,41.33,41.33,39.55,39.55,791710,VIC
2020-06-16 07:00:00,40.66,42.13,39.95,41.51,658480,VIC
2020-06-17 07:00:00,41.33,41.51,40.22,40.84,380880,VIC
2020-06-18 07:00:00,40.84,41.11,40.4,40.44,312850,VIC
2020-06-19 07:00:00,40.44,43.24,40.44,43.24,1840100,VIC
2020-06-22 07:00:00,43.11,43.11,42.31,43.06,508020,VIC
2020-06-23 07:00:00,42.75,42.8,41.86,41.86,432630,VIC
2020-06-24 07:00:00,42.0,42.26,41.77,42.08,214320,VIC
2020-06-25 07:00:00,41.46,41.95,41.24,41.51,169470,VIC
2020-06-26 07:00:00,41.55,41.95,40.66,40.66,222240,VIC
2020-06-29 07:00:00,40.66,40.84,39.55,39.55,359370,VIC
2020-06-30 07:00:00,40.44,40.44,39.55,39.55,350550,VIC
2020-07-01 07:00:00,40.22,40.66,39.55,40.44,92060,VIC
2020-07-02 07:00:00,40.26,40.48,39.77,39.95,420700,VIC
2020-07-03 07:00:00,40.4,40.44,39.95,40.08,163320,VIC
2020-07-06 07:00:00,40.08,40.84,40.08,40.62,284020,VIC
2020-07-07 07:00:00,40.66,40.97,40.44,40.44,336860,VIC
2020-07-08 07:00:00,40.35,40.66,40.04,40.35,187450,VIC
2020-07-09 07:00:00,40.35,40.8,40.31,40.44,399710,VIC
2020-07-10 07:00:00,40.44,40.88,40.44,40.62,193330,VIC
2020-07-13 07:00:00,40.66,40.71,40.44,40.57,349810,VIC
2020-07-14 07:00:00,40.57,40.8,40.08,40.57,340990,VIC
2020-07-15 07:00:00,40.75,40.75,40.22,40.22,384240,VIC
2020-07-16 07:00:00,40.4,41.33,40.26,41.33,328050,VIC
2020-07-17 07:00:00,40.66,40.88,40.44,40.66,214530,VIC
2020-07-20 07:00:00,40.44,40.62,40.08,40.08,222400,VIC
2020-07-21 07:00:00,40.53,40.53,40.08,40.08,220660,VIC
2020-07-22 07:00:00,39.99,40.44,39.91,39.91,202110,VIC
2020-07-23 07:00:00,39.99,40.13,39.77,39.99,181680,VIC
2020-07-24 07:00:00,39.95,39.99,37.33,39.11,674430,VIC
2020-07-27 07:00:00,37.28,38.22,36.84,37.77,825080,VIC
2020-07-28 07:00:00,37.77,38.66,35.51,37.86,534300,VIC
2020-07-29 07:00:00,37.33,37.77,36.88,37.11,379370,VIC
2020-07-30 07:00:00,37.11,38.0,37.11,37.82,242030,VIC
2020-07-31 07:00:00,37.33,39.99,37.24,38.88,939040,VIC
2020-08-03 07:00:00,37.77,39.15,37.77,38.93,164310,VIC
2020-08-04 07:00:00,39.42,39.42,38.84,39.11,229230,VIC
2020-08-05 07:00:00,39.11,39.33,37.68,38.66,434490,VIC
2020-08-06 07:00:00,39.11,39.2,38.71,38.88,332340,VIC
2020-08-07 07:00:00,38.93,39.2,38.8,38.88,182500,VIC
2020-08-10 07:00:00,39.11,39.95,38.84,39.2,542550,VIC
2020-08-11 07:00:00,39.64,39.64,38.88,38.88,215330,VIC
2020-08-12 07:00:00,38.88,39.33,38.84,38.84,302330,VIC
2020-08-13 07:00:00,39.33,39.55,38.88,39.11,458680,VIC
2020-08-14 07:00:00,39.11,39.55,38.84,38.84,654070,VIC
2020-08-17 07:00:00,38.66,39.33,38.57,38.97,376200,VIC
2020-08-18 07:00:00,38.8,38.97,38.31,38.44,772670,VIC
2020-08-19 07:00:00,38.44,38.93,38.44,38.44,347140,VIC
2020-08-20 07:00:00,38.48,38.75,38.22,38.22,990220,VIC
2020-08-21 07:00:00,38.22,38.62,38.17,38.26,376790,VIC
2020-08-24 07:00:00,38.44,39.55,38.44,39.55,1052840,VIC
2020-08-25 07:00:00,39.55,40.84,39.55,40.44,1074660,VIC
2020-08-26 07:00:00,40.35,40.53,39.99,40.44,547280,VIC
2020-08-27 07:00:00,40.04,40.44,40.04,40.44,437950,VIC
2020-08-28 07:00:00,40.57,41.02,39.95,39.95,636020,VIC
2020-08-31 07:00:00,39.99,40.66,39.99,39.99,276580,VIC
2020-09-01 07:00:00,40.08,41.77,39.95,41.2,675310,VIC
2020-09-03 07:00:00,41.55,42.48,41.2,42.0,1037080,VIC
2020-09-04 07:00:00,42.0,42.44,41.46,41.77,825960,VIC
2020-09-07 07:00:00,41.77,42.35,40.66,40.66,465400,VIC
2020-09-08 07:00:00,40.71,41.11,40.22,40.22,622290,VIC
2020-09-09 07:00:00,40.17,41.06,39.73,40.22,865880,VIC
2020-09-10 07:00:00,40.44,41.11,40.22,40.22,421160,VIC
2020-09-11 07:00:00,39.99,41.02,39.95,40.48,411350,VIC
2020-09-14 07:00:00,40.57,41.6,40.53,41.37,608930,VIC
2020-09-15 07:00:00,41.42,42.22,41.42,42.22,983560,VIC
2020-09-16 07:00:00,42.17,42.44,41.37,42.44,544300,VIC
2020-09-17 07:00:00,41.37,42.44,41.33,41.77,833870,VIC
2020-09-18 07:00:00,42.22,42.4,41.55,41.77,1089310,VIC
2020-09-21 07:00:00,41.77,42.66,41.77,42.66,571860,VIC
2020-09-22 07:00:00,42.66,42.75,42.04,42.04,505230,VIC
2020-09-23 07:00:00,42.22,42.53,42.0,42.0,111830,VIC
2020-09-24 07:00:00,41.68,42.44,41.33,41.33,388940,VIC
2020-09-25 07:00:00,42.0,42.13,41.24,41.24,412210,VIC
2020-09-28 07:00:00,41.33,41.86,41.24,41.24,202840,VIC
2020-09-29 07:00:00,41.77,41.77,40.66,40.66,394490,VIC
2020-09-30 07:00:00,40.66,41.51,40.66,40.66,417360,VIC
2020-10-01 07:00:00,40.84,41.51,40.84,41.11,212510,VIC
2020-10-02 07:00:00,41.11,41.77,40.88,41.77,400770,VIC
2020-10-05 07:00:00,41.77,41.77,40.88,41.46,90450,VIC
2020-10-06 07:00:00,41.46,41.46,40.8,40.8,521190,VIC
2020-10-07 07:00:00,40.66,41.55,40.44,41.11,381520,VIC
2020-10-08 07:00:00,40.88,41.28,40.66,41.02,216990,VIC
2020-10-09 07:00:00,41.02,41.64,41.02,41.6,309580,VIC
2020-10-12 07:00:00,41.6,41.77,41.11,41.73,326290,VIC
2020-10-13 07:00:00,41.73,41.82,41.51,41.82,271990,VIC
2020-10-14 07:00:00,41.82,42.22,41.77,42.22,389260,VIC
2020-10-15 07:00:00,42.26,43.33,40.44,43.33,1358580,VIC
2020-10-16 07:00:00,43.6,43.6,43.06,43.37,596590,VIC
2020-10-19 07:00:00,43.46,43.51,43.28,43.42,370590,VIC
2020-10-20 07:00:00,43.28,43.51,42.57,43.46,511250,VIC
2020-10-21 07:00:00,43.46,43.51,42.97,43.24,172010,VIC
2020-10-22 07:00:00,43.11,44.48,43.02,44.48,621610,VIC
2020-10-23 07:00:00,44.53,46.62,44.44,46.22,1761080,VIC
2020-10-26 07:00:00,48.44,48.66,46.62,46.71,974720,VIC
2020-10-27 07:00:00,47.55,47.6,46.22,46.97,804020,VIC
2020-10-28 07:00:00,46.97,47.55,43.91,44.53,1184890,VIC
2020-10-29 07:00:00,44.53,45.77,44.44,44.75,1327780,VIC
2020-10-30 07:00:00,45.11,47.33,44.75,47.33,972400,VIC
2020-11-02 07:00:00,47.33,47.55,46.66,47.33,691110,VIC
2020-11-03 07:00:00,47.55,47.55,46.4,46.4,751070,VIC
2020-11-04 07:00:00,46.35,46.4,45.77,46.0,495340,VIC
2020-11-05 07:00:00,46.31,47.51,46.22,46.44,789860,VIC
2020-11-06 07:00:00,47.11,47.11,46.44,46.71,592830,VIC
2020-11-09 07:00:00,46.71,47.2,46.53,47.15,803680,VIC
2020-11-10 07:00:00,47.33,47.64,46.93,46.93,781980,VIC
2020-11-11 07:00:00,46.93,47.11,45.77,47.02,1032780,VIC
2020-11-12 07:00:00,47.02,47.46,46.66,47.46,682660,VIC
2020-11-13 07:00:00,47.46,48.0,47.15,47.73,535350,VIC
2020-11-16 07:00:00,47.73,48.22,44.44,45.33,1781800,VIC
2020-11-17 07:00:00,45.77,47.11,45.42,47.11,862320,VIC
2020-11-18 07:00:00,47.11,47.11,45.77,46.62,751270,VIC
2020-11-19 07:00:00,46.57,46.57,45.77,46.22,1192700,VIC
2020-11-20 07:00:00,46.44,46.44,45.95,46.13,533840,VIC
2020-11-23 07:00:00,46.22,46.71,45.82,46.13,735650,VIC
2020-11-24 07:00:00,46.17,46.66,45.82,46.22,812220,VIC
2020-11-25 07:00:00,46.26,47.2,46.26,46.93,1222490,VIC
2020-11-26 07:00:00,46.66,47.2,46.44,47.15,545450,VIC
2020-11-27 07:00:00,47.11,47.15,46.57,46.75,720830,VIC
2020-11-30 07:00:00,46.75,46.88,46.13,46.17,1596840,VIC
2020-12-01 07:00:00,45.77,46.66,45.68,46.66,953230,VIC
2020-12-02 07:00:00,46.62,46.88,46.31,46.66,497910,VIC
2020-12-03 07:00:00,46.66,47.02,46.35,47.02,731750,VIC
2020-12-04 07:00:00,47.02,47.33,46.44,47.02,797060,VIC
2020-12-07 07:00:00,47.11,47.11,46.71,47.02,678660,VIC
2020-12-08 07:00:00,47.02,47.02,46.57,46.66,747280,VIC
2020-12-09 07:00:00,46.66,47.11,46.4,47.11,789790,VIC
2020-12-10 07:00:00,47.11,47.55,46.62,46.62,979550,VIC
2020-12-11 07:00:00,46.62,47.46,46.62,47.46,569360,VIC
2020-12-14 07:00:00,47.42,48.4,46.88,48.4,1122380,VIC
2020-12-15 07:00:00,48.4,48.4,47.42,47.55,1205700,VIC
2020-12-16 07:00:00,47.46,47.6,47.06,47.55,756200,VIC
2020-12-17 07:00:00,47.55,47.55,46.48,46.53,1352580,VIC
2020-12-18 07:00:00,46.53,47.15,46.44,46.53,1350780,VIC
2020-12-21 07:00:00,46.88,47.28,46.62,47.28,587100,VIC
2020-12-22 07:00:00,47.11,47.77,46.8,46.97,518320,VIC
2020-12-23 07:00:00,46.97,47.55,46.84,46.97,701430,VIC
2020-12-24 07:00:00,47.55,47.55,46.22,46.97,831440,VIC
2020-12-25 07:00:00,46.97,47.28,46.66,47.06,370300,VIC
2020-12-28 07:00:00,47.06,47.37,46.84,47.06,711710,VIC
2020-12-29 07:00:00,47.15,47.37,47.02,47.33,612360,VIC
2020-12-30 07:00:00,47.42,48.71,47.42,48.22,1528950,VIC
2020-12-31 07:00:00,48.22,48.57,46.88,48.08,656040,VIC
2021-01-04 07:00:00,48.22,48.44,47.33,48.0,991100,VIC
2021-01-05 07:00:00,47.64,48.84,47.64,48.75,1192200,VIC
2021-01-06 07:00:00,48.88,49.11,48.4,48.97,1283000,VIC
2021-01-07 07:00:00,49.06,49.33,48.44,48.93,862300,VIC
2021-01-08 07:00:00,48.93,50.08,48.93,49.68,1348700,VIC
2021-01-11 07:00:00,50.13,50.93,50.13,50.57,1536700,VIC
2021-01-12 07:00:00,51.55,51.55,50.53,50.84,981100,VIC
2021-01-13 07:00:00,50.84,50.93,49.37,49.37,1237900,VIC
2021-01-14 07:00:00,49.55,49.9,48.88,49.06,1439100,VIC
2021-01-15 07:00:00,49.5,49.86,48.79,49.42,1238000,VIC
2021-01-18 07:00:00,49.77,49.82,48.93,49.02,826900,VIC
2021-01-19 07:00:00,49.02,49.02,45.6,45.64,1367600,VIC
2021-01-20 07:00:00,45.77,46.66,45.55,45.91,1875500,VIC
2021-01-21 07:00:00,46.66,46.75,45.77,46.71,1564600,VIC
2021-01-22 07:00:00,46.71,47.33,46.66,46.66,1094200,VIC
2021-01-25 07:00:00,46.66,47.02,46.26,46.57,827300,VIC
2021-01-26 07:00:00,46.57,46.66,44.26,45.11,1028600,VIC
2021-01-27 07:00:00,45.11,45.77,44.22,44.44,1488900,VIC
2021-01-28 07:00:00,41.91,42.66,41.33,41.33,1742900,VIC
2021-01-29 07:00:00,41.11,44.22,41.11,44.17,1692900,VIC
2021-02-01 07:00:00,44.17,45.77,43.91,44.0,1340000,VIC
2021-02-02 07:00:00,44.0,47.06,44.0,47.06,1771200,VIC
2021-02-03 07:00:00,46.66,48.0,46.66,47.77,1698900,VIC
2021-02-04 07:00:00,47.73,47.77,45.33,46.66,1022400,VIC
2021-02-05 07:00:00,46.66,47.77,46.66,47.77,922900,VIC
2021-02-08 07:00:00,47.91,47.91,44.88,44.88,3422500,VIC
2021-02-09 07:00:00,46.22,47.33,45.11,47.2,1758000,VIC
2021-02-17 07:00:00,47.24,48.0,47.2,48.0,1253600,VIC
2021-02-18 07:00:00,47.77,48.88,47.15,48.88,1434400,VIC
2021-02-19 07:00:00,47.82,48.66,47.55,48.44,1433200,VIC
2021-02-22 07:00:00,48.53,49.19,47.11,48.75,1481000,VIC
2021-02-23 07:00:00,48.08,49.64,47.77,48.88,1393900,VIC
2021-02-24 07:00:00,49.5,49.5,47.11,48.08,950100,VIC
2021-02-25 07:00:00,48.66,48.84,47.15,48.4,1013500,VIC
2021-02-26 07:00:00,47.2,48.84,47.2,48.44,926800,VIC
2021-03-01 07:00:00,48.84,48.84,47.86,48.22,777700,VIC
2021-03-02 07:00:00,48.22,48.48,47.2,48.08,926300,VIC
2021-03-03 07:00:00,47.37,48.08,47.33,47.51,1075300,VIC
2021-03-04 07:00:00,47.82,47.95,47.37,47.51,1671400,VIC
2021-03-05 07:00:00,47.51,47.77,47.02,47.24,1294800,VIC
2021-03-08 07:00:00,47.33,47.55,46.66,47.11,1390100,VIC
2021-03-09 07:00:00,46.66,47.24,44.44,46.35,1587600,VIC
2021-03-10 07:00:00,46.44,47.11,45.37,47.11,576300,VIC
2021-03-11 07:00:00,47.11,48.0,46.93,47.06,1108700,VIC
2021-03-12 07:00:00,47.06,47.33,46.66,47.06,1122300,VIC
2021-03-15 07:00:00,47.06,47.2,46.84,47.11,2632400,VIC
2021-03-16 07:00:00,47.11,47.11,46.62,46.84,1360600,VIC
2021-03-17 07:00:00,46.31,46.8,46.22,46.53,1260400,VIC
2021-03-18 07:00:00,46.88,47.37,46.75,47.37,1473900,VIC
2021-03-19 07:00:00,46.93,48.17,46.93,48.17,1625700,VIC
2021-03-22 07:00:00,48.17,48.17,46.44,47.68,973900,VIC
2021-03-23 07:00:00,47.11,47.55,46.71,47.33,1034700,VIC
2021-03-24 07:00:00,46.88,48.0,46.13,47.95,1104100,VIC
2021-03-25 07:00:00,47.68,49.95,47.6,49.06,4322000,VIC
2021-03-26 07:00:00,48.88,50.44,48.88,49.95,2927800,VIC
2021-03-29 07:00:00,49.99,50.44,49.9,50.13,3140900,VIC
2021-03-30 07:00:00,50.13,52.7,49.77,51.99,5179600,VIC
2021-03-31 07:00:00,52.22,53.1,51.99,52.39,2823600,VIC
2021-04-01 07:00:00,52.66,55.28,51.99,54.66,2230900,VIC
2021-04-02 07:00:00,55.06,55.06,53.99,54.66,2255500,VIC
2021-04-05 07:00:00,55.99,56.08,54.75,55.24,2249000,VIC
2021-04-06 07:00:00,55.24,57.55,55.1,56.44,1979400,VIC
2021-04-07 07:00:00,56.44,56.88,55.86,56.75,1698500,VIC
2021-04-08 07:00:00,57.06,57.06,55.1,55.73,1509200,VIC
2021-04-09 07:00:00,55.46,55.73,54.7,55.5,1755500,VIC
2021-04-12 07:00:00,55.5,59.02,54.84,58.66,3481900,VIC
2021-04-13 07:00:00,61.77,62.75,60.44,62.53,5053200,VIC
2021-04-14 07:00:00,62.22,63.02,61.37,62.22,4102600,VIC
2021-04-15 07:00:00,62.17,64.44,62.17,62.62,3419000,VIC
2021-04-16 07:00:00,62.62,64.04,62.22,63.55,2988000,VIC
2021-04-19 07:00:00,63.15,64.08,62.7,63.99,2820300,VIC
2021-04-20 07:00:00,63.99,64.84,63.55,63.59,3108200,VIC
2021-04-22 07:00:00,63.1,63.5,61.1,61.68,3319500,VIC
2021-04-23 07:00:00,61.68,61.99,59.1,61.46,4410000,VIC
2021-04-26 07:00:00,61.77,61.99,58.22,58.44,2434500,VIC
2021-04-27 07:00:00,58.44,59.1,58.44,58.7,1631700,VIC
2021-04-28 07:00:00,58.7,59.19,57.68,58.44,1613300,VIC
2021-04-29 07:00:00,58.44,59.1,58.08,58.22,2181100,VIC
2021-05-04 07:00:00,58.04,59.95,56.39,59.37,1732600,VIC
2021-05-05 07:00:00,59.37,60.35,59.37,59.42,1268600,VIC
2021-05-06 07:00:00,59.42,59.55,58.22,58.88,1064200,VIC
2021-05-07 07:00:00,58.66,58.66,57.1,58.66,1769100,VIC
2021-05-10 07:00:00,58.66,58.88,57.37,58.88,1099300,VIC
2021-05-11 07:00:00,58.88,59.28,57.99,58.22,1164200,VIC
2021-05-12 07:00:00,57.77,58.66,56.88,57.68,1390400,VIC
2021-05-13 07:00:00,56.88,57.77,56.22,56.22,1723500,VIC
2021-05-14 07:00:00,56.22,56.44,54.75,55.68,2609800,VIC
2021-05-17 07:00:00,55.99,57.77,55.1,55.1,2417900,VIC
2021-05-18 07:00:00,55.1,55.99,53.77,53.77,2452700,VIC
2021-05-19 07:00:00,53.33,53.77,52.48,53.37,2178400,VIC
2021-05-20 07:00:00,53.37,54.75,53.33,54.62,2084900,VIC
2021-05-21 07:00:00,54.66,54.66,53.55,54.44,1622400,VIC
2021-05-24 07:00:00,54.44,54.93,53.77,54.26,1985800,VIC
2021-05-25 07:00:00,54.39,54.39,53.86,54.35,1514900,VIC
2021-05-26 07:00:00,54.22,54.3,53.55,54.08,1677500,VIC
2021-05-27 07:00:00,53.73,53.77,52.88,53.46,2081300,VIC
2021-05-28 07:00:00,53.37,54.66,52.88,53.24,1847400,VIC
2021-05-31 07:00:00,53.24,53.33,51.55,52.22,1846800,VIC
2021-06-01 07:00:00,51.64,53.77,51.55,53.33,2155400,VIC
2021-06-02 07:00:00,53.42,54.17,51.99,52.22,3130600,VIC
2021-06-03 07:00:00,52.44,52.79,51.99,52.66,2488900,VIC
2021-06-04 07:00:00,52.66,53.77,52.66,53.77,3689200,VIC
2021-06-07 07:00:00,54.57,56.22,54.22,54.66,3681800,VIC
2021-06-08 07:00:00,55.5,55.86,52.88,53.24,2699600,VIC
2021-06-09 07:00:00,53.33,53.77,51.99,52.79,1813300,VIC
2021-06-10 07:00:00,52.66,52.97,51.77,51.77,2929000,VIC
2021-06-11 07:00:00,51.99,52.44,51.68,52.44,1729000,VIC
2021-06-14 07:00:00,52.53,53.55,52.48,53.33,1933100,VIC
2021-06-15 07:00:00,53.33,54.22,53.1,54.08,1348000,VIC
2021-06-16 07:00:00,54.08,54.08,52.88,52.93,1180600,VIC
2021-06-17 07:00:00,52.44,52.84,51.99,51.99,2848500,VIC
2021-06-18 07:00:00,52.44,52.57,51.99,52.17,1788400,VIC
2021-06-21 07:00:00,52.22,52.84,52.13,52.17,1497200,VIC
2021-06-22 07:00:00,52.44,52.75,52.04,52.22,2161600,VIC
2021-06-23 07:00:00,52.44,52.48,51.77,51.95,1281200,VIC
2021-06-24 07:00:00,52.39,52.53,51.9,52.22,1374300,VIC
2021-06-25 07:00:00,52.08,52.44,51.86,52.22,1763300,VIC
2021-06-28 07:00:00,52.22,52.26,51.86,51.86,1711000,VIC
2021-06-29 07:00:00,51.95,53.02,51.95,52.44,2339900,VIC
2021-06-30 07:00:00,52.44,53.99,52.44,52.88,2685900,VIC
2021-07-01 07:00:00,53.19,53.28,52.66,52.7,2194700,VIC
2021-07-02 07:00:00,52.48,52.84,52.22,52.22,1789100,VIC
2021-07-05 07:00:00,52.22,52.22,51.06,51.1,2765200,VIC
2021-07-06 07:00:00,51.1,51.55,49.77,49.77,2639000,VIC
2021-07-07 07:00:00,49.77,50.66,48.88,50.66,2507000,VIC
2021-07-08 07:00:00,50.22,50.22,49.11,49.33,1480900,VIC
2021-07-09 07:00:00,49.24,49.33,47.77,48.26,1787900,VIC
2021-07-12 07:00:00,48.22,48.88,45.2,46.22,2863900,VIC
2021-07-13 07:00:00,46.26,46.71,44.0,45.77,2355200,VIC
2021-07-14 07:00:00,45.77,47.28,45.33,45.77,2585100,VIC
2021-07-15 07:00:00,45.77,46.08,44.97,45.33,2584200,VIC
2021-07-16 07:00:00,45.37,47.15,45.37,47.02,2158200,VIC
2021-07-19 07:00:00,45.82,46.66,44.66,45.73,1851300,VIC
2021-07-20 07:00:00,45.6,45.91,44.44,45.77,2130300,VIC
2021-07-21 07:00:00,45.82,47.33,45.33,46.22,2765100,VIC
2021-07-22 07:00:00,46.22,47.46,46.08,47.2,2242200,VIC
2021-07-23 07:00:00,47.2,48.35,46.22,46.22,3088800,VIC
2021-07-26 07:00:00,46.57,46.84,45.82,46.31,1940200,VIC
2021-07-27 07:00:00,46.66,47.02,46.35,46.35,1442800,VIC
2021-07-28 07:00:00,46.35,46.88,46.22,46.75,1192400,VIC
2021-07-29 07:00:00,46.88,46.93,46.44,46.71,1076500,VIC
2021-07-30 07:00:00,47.55,47.68,47.11,47.64,2339200,VIC
2021-08-02 07:00:00,47.77,48.71,47.51,47.77,1682400,VIC
2021-08-03 07:00:00,48.62,51.1,48.44,50.88,7293100,VIC
2021-08-04 07:00:00,51.33,51.73,50.66,50.66,2882400,VIC
2021-08-05 07:00:00,50.53,51.1,50.17,50.66,2049200,VIC
2021-08-06 07:00:00,51.1,51.5,50.35,50.35,3021900,VIC
2021-08-09 07:00:00,50.3,50.53,49.59,50.26,3219800,VIC
2021-08-10 07:00:00,51.1,51.1,50.22,50.22,2830600,VIC
2021-08-11 07:00:00,50.22,50.66,49.33,49.33,2382000,VIC
2021-08-12 07:00:00,49.33,50.17,49.11,49.37,1833400,VIC
2021-08-13 07:00:00,49.55,49.86,49.11,49.28,2119300,VIC
2021-08-16 07:00:00,49.77,50.08,49.15,49.15,3085800,VIC
2021-08-17 07:00:00,50.0,51.7,49.45,49.45,4887500,VIC
2021-08-18 07:00:00,49.5,50.1,48.95,48.95,2297700,VIC
2021-08-19 07:00:00,48.95,52.0,48.35,52.0,3521100,VIC
2021-08-20 07:00:00,50.0,51.0,48.6,48.85,4953900,VIC
2021-08-23 07:00:00,48.75,48.85,47.9,48.1,2161000,VIC
2021-08-24 07:00:00,48.2,48.5,47.55,47.7,1417400,VIC
2021-08-25 07:00:00,47.7,47.7,46.5,47.3,2057000,VIC
2021-08-26 07:00:00,47.3,47.3,46.5,46.55,1766200,VIC
2021-08-27 07:00:00,46.5,47.5,45.75,47.4,2485900,VIC
2021-08-30 07:00:00,47.5,47.65,47.05,47.05,1414900,VIC
2021-08-31 07:00:00,47.05,47.55,46.9,47.05,1529600,VIC
2021-09-01 07:00:00,47.05,47.5,47.05,47.05,1303100,VIC
2021-09-06 07:00:00,47.2,47.9,47.1,47.5,1928800,VIC
2021-09-07 07:00:00,47.75,47.75,46.95,46.95,2280200,VIC
2021-09-08 07:00:00,47.0,47.15,46.0,46.0,2505700,VIC
2021-09-09 07:00:00,46.1,46.2,45.65,45.65,2696600,VIC
2021-09-10 07:00:00,45.9,46.0,45.65,45.65,1614600,VIC
2021-09-13 07:00:00,45.9,46.7,45.8,46.0,1828100,VIC
2021-09-14 07:00:00,46.15,46.45,45.95,46.0,1419300,VIC
2021-09-15 07:00:00,46.0,46.2,45.65,45.7,1037000,VIC
2021-09-16 07:00:00,45.7,45.7,43.9,43.9,15130200,VIC
2021-09-17 07:00:00,44.0,44.6,43.4,43.4,5567900,VIC
2021-09-20 07:00:00,43.5,44.45,43.0,43.35,4014800,VIC
2021-09-21 07:00:00,42.75,43.2,42.5,42.8,4524800,VIC
2021-09-22 07:00:00,42.8,43.45,42.7,43.05,2845500,VIC
2021-09-23 07:00:00,43.25,43.7,43.2,43.55,2664100,VIC
2021-09-24 07:00:00,43.55,43.75,43.15,43.5,3207900,VIC
2021-09-27 07:00:00,43.5,43.75,41.6,43.05,3000800,VIC
2021-09-28 07:00:00,42.65,43.5,42.6,43.25,2387300,VIC
2021-09-29 07:00:00,43.35,43.45,43.0,43.35,1911200,VIC
2021-09-30 07:00:00,43.25,44.7,43.25,44.0,3404700,VIC
2021-10-01 07:00:00,44.0,44.2,43.6,43.85,1734200,VIC
2021-10-04 07:00:00,43.8,44.0,43.55,43.9,1565200,VIC
2021-10-05 07:00:00,43.9,44.4,43.55,44.3,2370600,VIC
2021-10-06 07:00:00,44.4,44.5,44.05,44.3,1736800,VIC
2021-10-07 07:00:00,44.15,44.75,44.15,44.4,2290900,VIC
2021-10-08 07:00:00,44.5,44.75,44.4,44.65,1298500,VIC
2021-10-11 07:00:00,44.7,46.0,44.7,45.95,2694300,VIC
2021-10-12 07:00:00,46.0,46.5,46.0,46.45,2438700,VIC
2021-10-13 07:00:00,46.5,46.9,46.4,46.55,2581200,VIC
2021-10-14 07:00:00,46.6,46.6,45.75,46.25,2677900,VIC
2021-10-15 07:00:00,46.25,46.5,46.0,46.3,1553700,VIC
2021-10-18 07:00:00,46.15,46.45,45.55,46.3,2039400,VIC
2021-10-19 07:00:00,46.3,46.35,45.75,46.2,1686700,VIC
2021-10-20 07:00:00,46.15,46.25,44.95,46.15,3128600,VIC
2021-10-21 07:00:00,45.85,46.3,45.5,45.5,2847400,VIC
2021-10-22 07:00:00,45.5,45.9,45.4,45.9,1428000,VIC
2021-10-25 07:00:00,45.95,46.25,45.6,46.05,1341200,VIC
2021-10-26 07:00:00,45.9,46.1,45.45,46.1,1335900,VIC
2021-10-27 07:00:00,46.0,47.5,45.8,47.5,3908900,VIC
2021-10-28 07:00:00,47.5,47.7,46.8,47.5,2086100,VIC
2021-10-29 07:00:00,47.1,48.25,47.1,47.9,2268000,VIC
2021-11-01 07:00:00,47.9,48.0,47.45,47.9,2226600,VIC
2021-11-02 07:00:00,47.85,48.0,47.45,47.9,1647800,VIC
2021-11-03 07:00:00,47.9,47.9,46.95,47.65,3568200,VIC
2021-11-04 07:00:00,47.6,47.75,47.0,47.5,1879100,VIC
2021-11-05 07:00:00,47.25,47.5,47.0,47.5,1786600,VIC
2021-11-08 07:00:00,47.5,47.75,47.25,47.45,1792000,VIC
2021-11-09 07:00:00,47.7,47.7,46.6,47.45,2373800,VIC
2021-11-10 07:00:00,47.55,47.6,46.8,47.45,1680500,VIC
2021-11-11 07:00:00,47.45,47.5,46.95,47.4,2186600,VIC
2021-11-12 07:00:00,47.4,47.4,46.95,47.25,1133100,VIC
2021-11-15 07:00:00,47.25,47.55,47.0,47.5,1922400,VIC
2021-11-16 07:00:00,47.5,47.55,46.95,47.4,1643900,VIC
2021-11-17 07:00:00,47.35,48.5,47.1,48.15,2815800,VIC
2021-11-18 07:00:00,48.5,49.25,47.25,47.25,3871100,VIC
2021-11-19 07:00:00,47.3,48.0,47.0,47.4,2032500,VIC
2021-11-22 07:00:00,47.25,47.5,46.5,47.4,2152100,VIC
2021-11-23 07:00:00,47.0,47.5,46.75,47.4,1382700,VIC
2021-11-24 07:00:00,47.4,47.6,46.75,47.05,2045100,VIC
2021-11-25 07:00:00,47.4,47.4,46.9,47.0,1401800,VIC
2021-11-26 07:00:00,47.95,50.0,47.6,49.25,8681700,VIC
2021-11-29 07:00:00,49.5,52.65,49.25,52.65,8742300,VIC
2021-11-30 07:00:00,52.75,53.45,51.75,52.5,4674300,VIC
2021-12-01 07:00:00,52.5,53.65,52.0,53.0,4082000,VIC
2021-12-02 07:00:00,53.0,54.25,52.55,53.6,4428600,VIC
2021-12-03 07:00:00,54.55,54.8,52.75,52.75,5152400,VIC
2021-12-06 07:00:00,53.95,54.5,51.8,52.8,5825100,VIC
2021-12-07 07:00:00,53.7,53.75,52.8,53.35,3026300,VIC
2021-12-08 07:00:00,53.25,53.5,51.75,52.95,3539500,VIC
2021-12-09 07:00:00,52.5,53.75,52.0,53.5,3173400,VIC
2021-12-10 07:00:00,53.5,53.6,51.55,51.55,3080600,VIC
2021-12-13 07:00:00,51.35,52.25,50.5,51.6,4076200,VIC
2021-12-14 07:00:00,51.5,51.55,50.8,51.25,2629100,VIC
2021-12-15 07:00:00,51.35,51.35,49.95,50.0,2897300,VIC
2021-12-16 07:00:00,50.0,50.75,49.15,50.0,3095200,VIC
2021-12-17 07:00:00,50.0,51.35,49.4,51.0,6655000,VIC
2021-12-20 07:00:00,51.0,51.0,49.5,49.5,1372800,VIC
2021-12-21 07:00:00,49.5,50.4,49.05,49.05,1467300,VIC
2021-12-22 07:00:00,49.1,50.05,49.1,49.8,2410600,VIC
2021-12-23 07:00:00,49.8,50.0,48.0,48.0,2771100,VIC
2021-12-24 07:00:00,48.25,48.45,47.55,48.25,1415500,VIC
2021-12-27 07:00:00,48.5,49.5,48.25,49.5,1907500,VIC
2021-12-28 07:00:00,49.55,49.65,48.25,49.2,1737300,VIC
2021-12-29 07:00:00,49.0,49.0,47.6,47.75,2291900,VIC
2021-12-30 07:00:00,47.9,48.2,47.5,47.5,1662400,VIC
2021-12-31 07:00:00,47.6,48.15,47.1,47.55,1267000,VIC
2022-01-04 07:00:00,48.0,50.75,47.85,50.5,3071100,VIC
2022-01-05 07:00:00,50.4,51.1,49.75,50.0,3396500,VIC
2022-01-06 07:00:00,50.5,53.2,50.25,52.25,5061400,VIC
2022-01-07 07:00:00,53.2,53.2,51.1,51.1,3108800,VIC
2022-01-10 07:00:00,51.25,52.75,51.1,51.15,2908500,VIC
2022-01-11 07:00:00,51.0,51.0,49.9,50.5,2240600,VIC
2022-01-12 07:00:00,50.75,50.75,49.0,50.4,2338500,VIC
2022-01-13 07:00:00,50.5,50.5,49.25,49.4,1955700,VIC
2022-01-14 07:00:00,49.1,49.8,49.1,49.45,1017400,VIC
2022-01-17 07:00:00,49.5,49.6,47.25,48.5,2628900,VIC
2022-01-18 07:00:00,48.5,48.5,47.05,47.95,2032000,VIC
2022-01-19 07:00:00,47.5,47.95,46.75,47.9,2479700,VIC
2022-01-20 07:00:00,47.3,48.15,47.3,47.5,1689300,VIC
2022-01-21 07:00:00,47.95,48.0,46.65,47.75,3192800,VIC
2022-01-24 07:00:00,47.45,48.0,46.25,47.5,3935300,VIC
2022-01-25 07:00:00,47.5,48.85,46.7,48.0,3198400,VIC
2022-01-26 07:00:00,48.25,48.25,47.25,48.2,1932000,VIC
2022-01-27 07:00:00,48.25,48.25,47.1,48.25,2559000,VIC
2022-01-28 07:00:00,47.55,48.5,47.25,48.5,2999600,VIC
2022-02-07 07:00:00,48.2,48.75,45.6,45.6,7413400,VIC
2022-02-08 07:00:00,45.65,46.15,43.35,43.65,8010800,VIC
2022-02-09 07:00:00,43.8,44.35,42.45,42.85,8812500,VIC
2022-02-10 07:00:00,42.85,43.0,40.85,42.0,11088500,VIC
2022-02-11 07:00:00,41.5,41.8,40.75,40.85,7846400,VIC
2022-02-14 07:00:00,40.85,42.0,40.35,40.9,4973500,VIC
2022-02-15 07:00:00,41.0,41.9,40.9,41.85,3001500,VIC
2022-02-16 07:00:00,41.95,41.95,41.35,41.45,1986000,VIC
2022-02-17 07:00:00,41.4,41.75,41.0,41.55,2865600,VIC
2022-02-18 07:00:00,41.25,41.4,41.0,41.1,2914400,VIC
2022-02-21 07:00:00,41.05,41.9,41.0,41.8,2513700,VIC
2022-02-22 07:00:00,41.5,41.65,40.9,41.0,2975200,VIC
2022-02-23 07:00:00,41.05,41.25,41.0,41.25,1439000,VIC
2022-02-24 07:00:00,41.15,41.2,39.65,40.05,6367500,VIC
2022-02-25 07:00:00,40.45,40.45,39.55,39.55,3385500,VIC
2022-02-28 07:00:00,39.75,39.75,38.5,38.5,4678600,VIC
2022-03-01 07:00:00,38.55,39.95,38.5,39.6,3467600,VIC
2022-03-02 07:00:00,39.6,39.6,38.6,39.45,2401000,VIC
2022-03-03 07:00:00,39.45,40.2,39.15,39.5,2610400,VIC
2022-03-04 07:00:00,39.5,39.65,38.9,39.5,3817400,VIC
2022-03-07 07:00:00,39.2,39.5,38.65,39.25,2442600,VIC
2022-03-08 07:00:00,39.0,39.45,38.55,38.95,4290200,VIC
2022-03-09 07:00:00,39.05,39.35,38.65,39.0,3049900,VIC
2022-03-10 07:00:00,39.25,40.3,39.0,39.55,4366600,VIC
2022-03-11 07:00:00,39.4,39.5,38.9,39.5,2222400,VIC
2022-03-14 07:00:00,39.4,39.4,38.7,39.15,2622700,VIC
2022-03-15 07:00:00,39.0,39.3,38.5,39.15,2733900,VIC
2022-03-16 07:00:00,39.15,39.2,38.6,39.05,2950000,VIC
2022-03-17 07:00:00,39.15,39.25,38.65,39.2,2565900,VIC
2022-03-18 07:00:00,39.15,39.75,38.7,39.4,5520700,VIC
2022-03-21 07:00:00,39.4,40.5,39.15,40.5,3705300,VIC
2022-03-22 07:00:00,40.5,41.2,40.5,41.1,3631800,VIC
2022-03-23 07:00:00,41.05,41.2,40.7,40.7,1529200,VIC
2022-03-24 07:00:00,40.7,40.7,40.2,40.5,1995200,VIC
2022-03-25 07:00:00,40.3,40.5,39.85,40.5,2193500,VIC
2022-03-28 07:00:00,39.95,40.6,39.85,40.25,2339900,VIC
2022-03-29 07:00:00,40.0,40.9,39.9,40.4,2798300,VIC
2022-03-30 07:00:00,41.25,41.35,40.2,40.55,3088400,VIC
2022-03-31 07:00:00,40.55,41.15,40.5,40.6,1372000,VIC
2022-04-01 07:00:00,40.7,41.25,40.45,41.05,2609900,VIC
2022-04-04 07:00:00,41.25,41.4,40.75,41.35,2730500,VIC
2022-04-05 07:00:00,41.25,41.55,40.85,41.15,3591100,VIC
2022-04-06 07:00:00,40.25,41.15,39.75,40.25,5679100,VIC
2022-04-07 07:00:00,40.1,40.15,38.8,39.75,3704800,VIC
2022-04-08 07:00:00,40.0,41.2,40.0,40.85,5192000,VIC
2022-04-12 07:00:00,40.7,40.7,40.15,40.65,2356500,VIC
2022-04-13 07:00:00,40.5,41.15,40.35,41.1,3146300,VIC
2022-04-14 07:00:00,40.8,41.1,40.55,40.85,1763700,VIC
2022-04-15 07:00:00,40.75,40.9,40.3,40.35,1678400,VIC
2022-04-18 07:00:00,40.0,40.05,39.05,39.75,2984700,VIC
2022-04-19 07:00:00,39.3,39.9,38.9,39.4,1816000,VIC
2022-04-20 07:00:00,39.0,39.9,39.0,39.65,1713900,VIC
2022-04-21 07:00:00,39.5,39.75,38.75,38.75,2684300,VIC
2022-04-22 07:00:00,38.85,39.5,38.8,38.85,1867300,VIC
2022-04-25 07:00:00,38.9,39.6,36.35,38.1,2738000,VIC
2022-04-26 07:00:00,36.75,39.25,36.75,39.0,3661700,VIC
2022-04-27 07:00:00,38.75,39.0,37.5,39.0,2793500,VIC
2022-04-28 07:00:00,39.0,39.1,38.15,38.95,1386100,VIC
2022-04-29 07:00:00,38.75,40.0,38.3,40.0,2148700,VIC
2022-05-04 07:00:00,39.8,40.0,38.85,39.85,1436000,VIC
2022-05-05 07:00:00,39.8,40.0,39.25,40.0,1858600,VIC
2022-05-06 07:00:00,39.25,40.0,39.0,39.9,1690000,VIC
2022-05-09 07:00:00,39.35,39.6,38.95,39.55,2428900,VIC
2022-05-10 07:00:00,39.45,40.2,39.05,40.2,2617900,VIC
2022-05-11 07:00:00,40.1,40.25,39.35,40.25,1983600,VIC
2022-05-12 07:00:00,40.0,40.0,38.55,39.5,2474100,VIC
2022-05-13 07:00:00,39.5,39.5,38.6,39.0,3134600,VIC
2022-05-16 07:00:00,39.5,39.5,38.1,38.5,1994100,VIC
2022-05-17 07:00:00,38.0,39.0,37.6,39.0,1857400,VIC
2022-05-18 07:00:00,39.0,39.0,38.0,39.0,2964900,VIC
2022-05-19 07:00:00,38.2,39.5,38.1,38.95,2650300,VIC
2022-05-20 07:00:00,38.95,38.95,38.25,38.9,2331100,VIC
2022-05-23 07:00:00,38.8,38.85,38.1,38.7,2644700,VIC
2022-05-24 07:00:00,38.5,38.8,38.2,38.8,1568300,VIC
2022-05-25 07:00:00,38.8,39.05,38.35,38.85,1360400,VIC
2022-05-26 07:00:00,38.85,38.85,38.4,38.85,2076700,VIC
2022-05-27 07:00:00,38.7,39.0,38.5,39.0,1575800,VIC
2022-05-30 07:00:00,39.0,39.25,38.6,39.25,1390900,VIC
2022-05-31 07:00:00,39.0,39.75,38.85,39.4,1776600,VIC
2022-06-01 07:00:00,39.3,39.7,39.15,39.65,1539200,VIC
2022-06-02 07:00:00,39.6,39.6,38.8,39.45,2935600,VIC
2022-06-03 07:00:00,39.05,39.6,39.0,39.4,1249100,VIC
2022-06-06 07:00:00,39.35,39.45,38.95,39.25,1503500,VIC
2022-06-07 07:00:00,39.25,39.25,38.85,39.0,1562200,VIC
2022-06-08 07:00:00,38.9,39.35,38.8,39.05,1441700,VIC
2022-06-09 07:00:00,39.0,39.1,38.65,39.05,1542100,VIC
2022-06-10 07:00:00,38.9,39.1,38.75,39.0,979600,VIC
2022-06-13 07:00:00,38.3,38.7,38.1,38.2,1795500,VIC
2022-06-14 07:00:00,38.1,38.3,37.6,38.3,2058500,VIC
2022-06-15 07:00:00,38.3,38.45,37.65,38.35,2037200,VIC
2022-06-16 07:00:00,38.0,38.85,37.9,38.3,1597800,VIC
2022-06-17 07:00:00,37.9,38.3,37.55,38.3,3725300,VIC
2022-06-20 07:00:00,38.3,38.3,37.65,37.8,2132800,VIC
2022-06-21 07:00:00,37.6,37.6,36.9,37.5,1956200,VIC
2022-06-22 07:00:00,37.35,37.5,36.8,37.5,1418900,VIC
2022-06-23 07:00:00,37.05,37.1,36.5,37.1,1548900,VIC
2022-06-24 07:00:00,36.75,37.3,36.0,37.3,1514800,VIC
2022-06-27 07:00:00,36.9,37.4,36.75,36.9,1822400,VIC
2022-06-28 07:00:00,36.5,36.9,36.2,36.8,2228300,VIC
2022-06-29 07:00:00,36.4,36.7,36.15,36.7,1429300,VIC
2022-06-30 07:00:00,36.35,36.75,36.2,36.75,1878800,VIC
2022-07-01 07:00:00,36.6,36.7,36.05,36.3,1866600,VIC
2022-07-04 07:00:00,36.2,36.35,36.1,36.35,758300,VIC
2022-07-05 07:00:00,36.35,36.4,36.0,36.15,1478700,VIC
2022-07-06 07:00:00,36.0,36.05,33.75,33.75,2171700,VIC
2022-07-07 07:00:00,34.0,34.9,33.25,34.9,2174100,VIC
2022-07-08 07:00:00,35.0,35.35,33.75,35.0,1413800,VIC
2022-07-11 07:00:00,33.85,35.0,33.1,35.0,2385900,VIC
2022-07-12 07:00:00,34.3,35.1,34.0,34.95,1212400,VIC
2022-07-13 07:00:00,34.3,35.0,34.15,34.75,2004600,VIC
2022-07-14 07:00:00,34.75,34.9,34.25,34.75,1414300,VIC
2022-07-15 07:00:00,34.55,34.9,34.3,34.8,1582500,VIC
2022-07-18 07:00:00,34.8,34.8,34.0,34.0,1088000,VIC
2022-07-19 07:00:00,34.0,34.5,34.0,34.4,655400,VIC
2022-07-20 07:00:00,34.4,34.5,34.1,34.1,626100,VIC
2022-07-21 07:00:00,34.1,34.4,34.05,34.25,930600,VIC
2022-07-22 07:00:00,34.05,34.25,33.25,33.25,674700,VIC
2022-07-25 07:00:00,33.45,33.7,33.25,33.65,755800,VIC
2022-07-26 07:00:00,33.05,33.8,33.05,33.05,592700,VIC
2022-07-27 07:00:00,33.1,33.4,33.0,33.25,581400,VIC
2022-07-28 07:00:00,33.3,33.55,33.0,33.5,1152200,VIC
2022-07-29 07:00:00,33.9,33.9,32.0,32.0,1908500,VIC
2022-08-01 07:00:00,32.45,32.55,32.05,32.35,1261800,VIC
2022-08-02 07:00:00,32.4,33.3,32.25,33.3,1372600,VIC
2022-08-03 07:00:00,32.9,33.2,32.55,33.0,1250700,VIC
2022-08-04 07:00:00,33.0,33.2,32.7,33.2,1146000,VIC
2022-08-05 07:00:00,32.95,33.1,32.6,32.7,1134900,VIC
2022-08-08 07:00:00,32.7,32.85,32.3,32.3,1010300,VIC
2022-08-09 07:00:00,32.4,32.7,32.35,32.65,792000,VIC
2022-08-10 07:00:00,32.5,32.8,32.35,32.4,967900,VIC
2022-08-11 07:00:00,32.8,33.2,32.5,32.9,1674000,VIC
2022-08-12 07:00:00,32.9,33.1,32.75,33.1,811200,VIC
2022-08-15 07:00:00,33.15,33.25,33.05,33.2,802100,VIC
2022-08-16 07:00:00,33.2,33.2,32.85,32.95,862200,VIC
2022-08-17 07:00:00,33.1,33.9,33.0,33.65,2201000,VIC
2022-08-18 07:00:00,33.6,34.65,33.6,34.05,2769100,VIC
2022-08-19 07:00:00,34.0,34.2,33.4,33.95,1221600,VIC
2022-08-22 07:00:00,33.6,34.0,33.0,33.0,1469100,VIC
2022-08-23 07:00:00,32.75,32.8,32.4,32.5,1437800,VIC
2022-08-24 07:00:00,32.6,32.9,32.45,32.45,787500,VIC
2022-08-25 07:00:00,32.5,32.95,32.5,32.95,483000,VIC
2022-08-26 07:00:00,33.0,33.0,32.5,32.5,861300,VIC
2022-08-29 07:00:00,32.15,32.2,31.5,31.8,1337500,VIC
2022-08-30 07:00:00,31.8,32.05,31.6,31.8,868400,VIC
2022-08-31 07:00:00,32.0,32.85,31.85,31.85,1236800,VIC
2022-09-05 07:00:00,32.4,32.6,32.0,32.0,1310100,VIC
2022-09-06 07:00:00,32.05,32.4,31.55,31.65,1335600,VIC
2022-09-07 07:00:00,31.65,31.7,31.25,31.25,1347400,VIC
2022-09-08 07:00:00,31.65,31.8,31.2,31.45,841200,VIC
2022-09-09 07:00:00,31.6,32.2,31.45,32.2,1193800,VIC
2022-09-12 07:00:00,32.45,32.45,31.9,32.0,552900,VIC
2022-09-13 07:00:00,32.0,32.15,31.8,32.05,1059100,VIC
2022-09-14 07:00:00,31.75,31.85,31.05,31.7,711000,VIC
2022-09-15 07:00:00,31.75,32.0,31.4,31.95,851300,VIC
2022-09-16 07:00:00,31.6,32.25,31.25,31.25,1684400,VIC
2022-09-19 07:00:00,31.25,31.65,31.05,31.45,786000,VIC
2022-09-20 07:00:00,31.3,31.95,31.3,31.95,800100,VIC
2022-09-21 07:00:00,31.75,31.8,31.35,31.55,482700,VIC
2022-09-22 07:00:00,31.25,31.65,29.35,31.65,1238700,VIC
2022-09-23 07:00:00,31.5,31.65,31.0,31.3,324200,VIC
2022-09-26 07:00:00,30.9,31.3,30.8,31.0,1195900,VIC
2022-09-27 07:00:00,31.05,31.1,30.4,30.5,639100,VIC
2022-09-28 07:00:00,30.05,30.4,28.75,28.75,1138100,VIC
2022-09-29 07:00:00,28.85,29.1,27.15,27.3,1701100,VIC
2022-09-30 07:00:00,26.65,28.2,26.65,27.5,1724300,VIC
2022-10-03 07:00:00,27.45,27.75,26.5,27.75,1452700,VIC
2022-10-04 07:00:00,28.0,28.5,27.3,28.5,1296700,VIC
2022-10-05 07:00:00,28.75,30.45,28.5,30.0,1328100,VIC
2022-10-06 07:00:00,29.9,31.0,29.05,30.05,1011900,VIC
2022-10-07 07:00:00,30.25,30.35,29.15,30.1,2987900,VIC
2022-10-10 07:00:00,30.1,30.45,28.85,30.1,1238400,VIC
2022-10-11 07:00:00,29.15,30.05,28.35,30.0,2186800,VIC
2022-10-12 07:00:00,30.0,30.1,29.15,30.0,1709700,VIC
2022-10-13 07:00:00,29.35,30.5,29.1,30.2,1246400,VIC
2022-10-14 07:00:00,30.25,30.25,29.2,29.85,779400,VIC
2022-10-17 07:00:00,29.3,29.5,28.0,28.0,738700,VIC
2022-10-18 07:00:00,28.25,29.3,28.25,29.2,606100,VIC
2022-10-19 07:00:00,29.25,29.35,28.25,29.25,826400,VIC
2022-10-20 07:00:00,29.05,29.35,28.6,29.3,1099200,VIC
2022-10-21 07:00:00,29.25,29.25,27.25,28.4,1414600,VIC
2022-10-24 07:00:00,28.0,28.3,26.45,28.25,1606100,VIC
2022-10-25 07:00:00,28.15,28.15,26.5,28.05,1446700,VIC
2022-10-26 07:00:00,28.05,28.05,26.75,27.4,1054100,VIC
2022-10-27 07:00:00,27.3,27.5,26.25,27.5,1974800,VIC
2022-10-28 07:00:00,27.7,27.9,26.75,27.85,1281000,VIC
2022-10-31 07:00:00,28.0,28.2,27.15,27.7,1052800,VIC
2022-11-01 07:00:00,27.85,27.9,27.0,27.7,1419100,VIC
2022-11-02 07:00:00,27.65,27.7,27.0,27.7,1352500,VIC
2022-11-03 07:00:00,27.2,27.55,27.15,27.55,909700,VIC
2022-11-04 07:00:00,27.45,27.45,26.05,27.15,1617900,VIC
2022-11-07 07:00:00,27.0,27.0,25.85,26.7,1702500,VIC
2022-11-08 07:00:00,26.1,26.65,24.85,26.65,2476100,VIC
2022-11-09 07:00:00,26.65,27.15,26.1,26.85,1573900,VIC
2022-11-10 07:00:00,26.8,27.0,26.0,26.5,1558000,VIC
2022-11-11 07:00:00,26.5,27.4,26.25,27.15,938500,VIC
2022-11-14 07:00:00,27.1,27.75,26.55,27.5,1394600,VIC
2022-11-15 07:00:00,27.95,28.75,27.5,28.5,1583400,VIC
2022-11-16 07:00:00,28.45,30.45,28.05,30.2,2249500,VIC
2022-11-17 07:00:00,31.2,32.3,30.25,32.3,4785400,VIC
2022-11-18 07:00:00,33.45,33.45,31.55,32.8,1693400,VIC
2022-11-21 07:00:00,33.0,33.35,31.8,32.0,1198200,VIC
2022-11-22 07:00:00,32.0,32.95,30.5,30.5,1466300,VIC
2022-11-23 07:00:00,30.05,31.3,29.85,29.85,998800,VIC
2022-11-24 07:00:00,30.0,31.05,30.0,30.5,1141700,VIC
2022-11-25 07:00:00,31.5,32.5,31.3,32.5,2290900,VIC
2022-11-28 07:00:00,33.25,33.55,32.5,32.5,3249900,VIC
2022-11-29 07:00:00,32.5,34.7,32.1,34.7,3559000,VIC
2022-11-30 07:00:00,34.75,35.1,34.0,34.8,3225000,VIC
2022-12-01 07:00:00,34.7,34.8,33.0,33.0,3204600,VIC
2022-12-02 07:00:00,32.55,34.4,32.55,34.4,3591400,VIC
2022-12-05 07:00:00,34.4,35.0,34.0,34.05,2301900,VIC
2022-12-06 07:00:00,34.05,34.25,32.5,33.3,1803300,VIC
2022-12-07 07:00:00,34.6,35.6,34.25,35.6,9421500,VIC
2022-12-08 07:00:00,37.2,37.25,34.95,34.95,5602500,VIC
2022-12-09 07:00:00,35.25,35.85,33.9,33.9,2660700,VIC
2022-12-12 07:00:00,33.9,34.0,31.55,31.55,2851200,VIC
2022-12-13 07:00:00,31.95,32.0,30.05,30.8,2861100,VIC
2022-12-14 07:00:00,31.25,31.85,30.15,30.4,2897500,VIC
2022-12-15 07:00:00,30.55,30.8,30.15,30.3,2311900,VIC
2022-12-16 07:00:00,30.3,30.4,29.2,29.2,3284600,VIC
2022-12-19 07:00:00,29.5,29.7,28.25,28.25,2873600,VIC
2022-12-20 07:00:00,28.25,28.9,27.55,27.95,2088400,VIC
2022-12-21 07:00:00,28.3,28.5,27.4,27.45,2477400,VIC
2022-12-22 07:00:00,28.0,28.5,27.5,27.5,2433400,VIC
2022-12-23 07:00:00,27.65,27.95,26.95,27.55,1866300,VIC
2022-12-26 07:00:00,27.5,27.5,26.25,26.45,2367800,VIC
2022-12-27 07:00:00,26.45,27.4,26.05,26.7,1844000,VIC
2022-12-28 07:00:00,26.75,26.75,26.05,26.75,2089000,VIC
2022-12-29 07:00:00,26.6,27.0,26.25,26.8,2135400,VIC
2022-12-30 07:00:00,26.9,26.95,26.5,26.9,2461700,VIC
2023-01-03 07:00:00,26.9,28.4,26.7,28.4,2009300,VIC
2023-01-04 07:00:00,28.45,28.55,27.95,28.0,1928400,VIC
2023-01-05 07:00:00,28.05,28.45,27.9,28.1,1641900,VIC
2023-01-06 07:00:00,28.0,28.05,27.45,28.05,1951000,VIC
2023-01-09 07:00:00,28.1,28.1,27.5,27.5,1204200,VIC
2023-01-10 07:00:00,27.5,27.5,26.8,27.25,1742900,VIC
2023-01-11 07:00:00,27.25,27.75,27.05,27.55,1085600,VIC
2023-01-12 07:00:00,27.75,27.75,27.25,27.5,1067000,VIC
2023-01-13 07:00:00,27.5,27.65,27.2,27.5,1223800,VIC
2023-01-16 07:00:00,27.5,27.5,26.7,27.4,1687100,VIC
2023-01-17 07:00:00,26.75,27.6,26.75,27.6,1371200,VIC
2023-01-18 07:00:00,27.7,28.35,27.5,28.35,1647300,VIC
2023-01-19 07:00:00,28.15,28.7,28.0,28.7,2343100,VIC
2023-01-27 07:00:00,28.9,29.65,28.8,29.6,2197800,VIC
2023-01-30 07:00:00,29.75,29.75,28.75,28.85,1124500,VIC
2023-01-31 07:00:00,29.05,29.25,28.25,28.55,1377800,VIC
2023-02-01 07:00:00,28.8,28.8,27.4,27.6,1851600,VIC
2023-02-02 07:00:00,27.6,28.05,27.55,27.9,1328600,VIC
2023-02-03 07:00:00,28.0,28.0,27.5,28.0,1199400,VIC
2023-02-06 07:00:00,27.65,28.0,27.15,28.0,1416100,VIC
2023-02-07 07:00:00,28.0,28.0,26.8,27.5,1645000,VIC
2023-02-08 07:00:00,27.3,27.3,26.5,27.2,2145800,VIC
2023-02-09 07:00:00,26.75,27.25,26.2,27.1,3006800,VIC
2023-02-10 07:00:00,26.75,27.15,26.3,27.0,1696000,VIC
2023-02-13 07:00:00,26.55,26.8,26.25,26.7,1405200,VIC
2023-02-14 07:00:00,26.55,26.55,25.4,26.45,3116200,VIC
2023-02-15 07:00:00,26.35,26.45,25.45,26.45,3345700,VIC
2023-02-16 07:00:00,26.5,26.85,25.7,26.7,3240500,VIC
2023-02-17 07:00:00,26.7,26.75,26.1,26.75,1871500,VIC
2023-02-20 07:00:00,26.65,27.5,26.5,27.05,1515200,VIC
2023-02-21 07:00:00,27.1,27.35,26.85,27.15,1502600,VIC
2023-02-22 07:00:00,26.75,26.8,26.2,26.5,2557800,VIC
2023-02-23 07:00:00,26.4,26.55,25.55,26.5,2387100,VIC
2023-02-24 07:00:00,26.05,26.45,25.85,26.45,2206500,VIC
2023-02-27 07:00:00,26.0,26.25,25.7,26.25,1389900,VIC
2023-02-28 07:00:00,26.25,26.5,26.0,26.3,912500,VIC
2023-03-01 07:00:00,26.0,26.65,25.8,26.35,794700,VIC
2023-03-02 07:00:00,26.25,26.65,26.15,26.4,769300,VIC
2023-03-03 07:00:00,26.4,26.5,26.1,26.35,785900,VIC
2023-03-06 07:00:00,26.35,26.65,26.05,26.3,1569800,VIC
2023-03-07 07:00:00,26.5,26.6,26.2,26.35,1442300,VIC
2023-03-08 07:00:00,26.1,26.65,26.1,26.5,831900,VIC
2023-03-09 07:00:00,26.5,26.8,26.3,26.5,1037300,VIC
2023-03-10 07:00:00,26.5,26.65,26.25,26.55,899800,VIC
2023-03-13 07:00:00,26.55,26.7,26.25,26.65,996800,VIC
2023-03-14 07:00:00,26.6,26.6,26.3,26.5,1019000,VIC
2023-03-15 07:00:00,26.5,27.0,26.5,27.0,1177700,VIC
2023-03-16 07:00:00,27.0,27.85,26.5,26.65,3155600,VIC
2023-03-17 07:00:00,26.95,27.0,26.2,26.6,3121500,VIC
2023-03-20 07:00:00,26.5,26.6,25.7,26.4,3362300,VIC
2023-03-21 07:00:00,26.4,26.7,25.8,26.4,1766700,VIC
2023-03-22 07:00:00,26.3,26.45,26.05,26.4,1797500,VIC
2023-03-23 07:00:00,26.1,26.4,26.05,26.4,2073800,VIC
2023-03-24 07:00:00,26.4,26.85,26.25,26.65,830700,VIC
2023-03-27 07:00:00,26.65,26.9,26.4,26.65,702000,VIC
2023-03-28 07:00:00,26.65,26.8,26.6,26.7,782500,VIC
2023-03-29 07:00:00,26.75,26.8,26.45,26.75,585700,VIC
2023-03-30 07:00:00,26.75,27.45,26.7,26.85,993600,VIC
2023-03-31 07:00:00,26.8,27.6,26.8,27.5,2619400,VIC
2023-04-03 07:00:00,27.95,29.4,27.8,29.0,4851800,VIC
2023-04-04 07:00:00,29.25,29.35,28.4,28.4,1871700,VIC
2023-04-05 07:00:00,28.35,28.35,27.5,27.75,1974100,VIC
2023-04-06 07:00:00,28.2,28.2,27.25,27.25,2064900,VIC
2023-04-07 07:00:00,27.5,27.5,26.7,27.2,2379600,VIC
2023-04-10 07:00:00,27.25,27.3,26.65,26.9,2145100,VIC
2023-04-11 07:00:00,26.85,26.85,26.4,26.8,1847000,VIC
2023-04-12 07:00:00,26.65,26.75,26.3,26.55,3646300,VIC
2023-04-13 07:00:00,26.55,26.75,26.35,26.5,1919800,VIC
2023-04-14 07:00:00,26.6,26.75,26.35,26.45,1662600,VIC
2023-04-17 07:00:00,26.45,26.5,26.2,26.45,1758200,VIC
2023-04-18 07:00:00,26.45,26.45,26.2,26.4,1755800,VIC
2023-04-19 07:00:00,26.3,26.35,26.15,26.3,1746300,VIC
2023-04-20 07:00:00,26.25,26.35,26.1,26.3,1217400,VIC
2023-04-21 07:00:00,26.3,26.35,26.05,26.35,1698600,VIC
2023-04-24 07:00:00,26.35,26.35,26.1,26.3,1496200,VIC
2023-04-25 07:00:00,26.4,26.4,25.9,26.25,2716400,VIC
2023-04-26 07:00:00,26.2,26.2,25.85,25.95,1836600,VIC
2023-04-27 07:00:00,25.9,25.9,25.25,25.25,3596000,VIC
2023-04-28 07:00:00,25.3,26.05,25.3,26.05,2241100,VIC
2023-05-04 07:00:00,26.05,26.05,25.55,25.65,1498400,VIC
2023-05-05 07:00:00,25.45,25.7,25.3,25.35,1298800,VIC
2023-05-08 07:00:00,25.35,25.45,25.25,25.45,1338200,VIC
2023-05-09 07:00:00,25.45,25.5,25.2,25.3,1113400,VIC
2023-05-10 07:00:00,25.4,25.4,25.2,25.3,1069300,VIC
2023-05-11 07:00:00,25.35,25.35,25.15,25.25,1190300,VIC
2023-05-12 07:00:00,25.35,25.95,25.25,25.85,2093000,VIC
2023-05-15 07:00:00,27.45,27.45,27.0,27.2,4520000,VIC
2023-05-16 07:00:00,27.3,27.4,26.4,26.45,2621400,VIC
2023-05-17 07:00:00,26.45,26.9,26.25,26.6,2168200,VIC
2023-05-18 07:00:00,26.8,26.9,26.5,26.6,2078700,VIC
2023-05-19 07:00:00,26.7,26.7,26.05,26.25,1932200,VIC
2023-05-22 07:00:00,26.25,26.35,25.95,26.05,1855200,VIC
2023-05-23 07:00:00,26.1,26.75,26.1,26.3,2019000,VIC
2023-05-24 07:00:00,26.4,26.4,26.15,26.3,1290300,VIC
2023-05-25 07:00:00,26.3,26.35,26.1,26.3,1453500,VIC
2023-05-26 07:00:00,26.2,26.25,26.0,26.0,1593300,VIC
2023-05-29 07:00:00,26.0,26.45,26.0,26.35,1381300,VIC
2023-05-30 07:00:00,26.35,26.45,26.15,26.2,1315000,VIC
2023-05-31 07:00:00,26.2,26.2,26.0,26.0,2432000,VIC
2023-06-01 07:00:00,26.0,26.1,25.8,26.0,1526900,VIC
2023-06-02 07:00:00,26.0,26.15,25.95,26.0,1731400,VIC
2023-06-05 07:00:00,26.05,26.25,26.0,26.05,1824300,VIC
2023-06-06 07:00:00,26.1,26.6,26.1,26.6,2120200,VIC
2023-06-07 07:00:00,26.65,26.8,26.3,26.4,1656100,VIC
2023-06-08 07:00:00,26.4,26.5,26.2,26.2,1436100,VIC
2023-06-09 07:00:00,26.25,26.3,26.1,26.15,819000,VIC
2023-06-12 07:00:00,26.25,26.7,26.25,26.7,1711500,VIC
2023-06-13 07:00:00,26.85,27.15,26.65,27.05,2112100,VIC
2023-06-14 07:00:00,27.05,27.35,26.9,26.9,2242800,VIC
2023-06-15 07:00:00,26.9,27.25,26.65,26.75,2114700,VIC
2023-06-16 07:00:00,26.9,27.0,26.3,26.75,3878900,VIC
2023-06-19 07:00:00,26.9,26.9,26.05,26.05,2316600,VIC
2023-06-20 07:00:00,26.0,26.25,25.95,26.0,1464500,VIC
2023-06-21 07:00:00,26.05,26.2,25.85,26.2,2070400,VIC
2023-06-22 07:00:00,26.35,26.4,26.0,26.2,1626300,VIC
2023-06-23 07:00:00,26.05,26.15,25.95,26.0,2178900,VIC
2023-06-26 07:00:00,26.05,26.35,25.95,26.1,1524700,VIC
2023-06-27 07:00:00,26.1,26.5,26.1,26.2,2488300,VIC
2023-06-28 07:00:00,26.3,26.35,26.0,26.1,1893500,VIC
2023-06-29 07:00:00,26.1,26.2,25.9,25.9,1628300,VIC
2023-06-30 07:00:00,25.9,25.95,25.5,25.5,1743900,VIC
2023-07-03 07:00:00,25.75,25.85,25.55,25.55,1866100,VIC
2023-07-04 07:00:00,25.75,25.75,25.55,25.65,1359600,VIC
2023-07-05 07:00:00,25.7,25.8,25.45,25.5,2479200,VIC
2023-07-06 07:00:00,25.5,25.7,25.2,25.2,2599600,VIC
2023-07-07 07:00:00,25.25,25.3,25.0,25.05,2941600,VIC
2023-07-10 07:00:00,25.25,25.6,25.1,25.45,3345300,VIC
2023-07-11 07:00:00,25.5,25.65,25.4,25.4,1927900,VIC
2023-07-12 07:00:00,25.55,25.95,25.4,25.7,2295600,VIC
2023-07-13 07:00:00,25.75,26.0,25.6,25.75,1894000,VIC
2023-07-14 07:00:00,25.9,25.9,25.5,25.7,2013700,VIC
2023-07-17 07:00:00,25.8,26.55,25.7,26.45,4605500,VIC
2023-07-18 07:00:00,26.5,26.55,26.3,26.35,2091900,VIC
2023-07-19 07:00:00,26.45,26.45,26.05,26.05,1816000,VIC
2023-07-20 07:00:00,26.05,26.3,25.8,26.0,1893800,VIC
2023-07-21 07:00:00,26.0,26.15,25.8,26.05,2324800,VIC
2023-07-24 07:00:00,26.1,26.3,25.9,26.0,2621700,VIC
2023-07-25 07:00:00,26.05,26.1,25.75,25.75,3804000,VIC
2023-07-26 07:00:00,25.7,25.95,25.5,25.5,4119700,VIC
2023-07-27 07:00:00,25.5,25.75,25.4,25.55,3932500,VIC
2023-07-28 07:00:00,25.55,25.8,25.45,25.75,3550200,VIC
2023-07-31 07:00:00,27.55,27.55,27.3,27.55,10561900,VIC
2023-08-01 07:00:00,29.4,29.45,29.0,29.45,12259300,VIC
2023-08-02 07:00:00,29.5,29.95,29.05,29.15,12347800,VIC
2023-08-03 07:00:00,29.15,29.75,29.0,29.1,7522800,VIC
2023-08-04 07:00:00,29.5,31.1,29.5,31.1,21210800,VIC
2023-08-07 07:00:00,31.75,32.15,31.2,31.95,8090300,VIC
2023-08-08 07:00:00,32.0,33.75,31.8,33.5,11056400,VIC
2023-08-09 07:00:00,33.5,33.9,32.85,32.9,9768400,VIC
2023-08-10 07:00:00,33.15,34.2,33.05,33.95,7897700,VIC
2023-08-11 07:00:00,36.3,36.3,36.05,36.3,23093100,VIC
2023-08-14 07:00:00,37.45,37.7,35.75,36.65,12704000,VIC
2023-08-15 07:00:00,36.5,36.65,35.35,35.35,14765300,VIC
2023-08-16 07:00:00,37.8,37.8,37.7,37.8,19414900,VIC
2023-08-17 07:00:00,37.8,38.3,35.95,35.95,22232600,VIC
2023-08-18 07:00:00,34.55,35.0,33.45,33.45,26621900,VIC
2023-08-21 07:00:00,33.0,33.05,31.65,32.9,22403700,VIC
2023-08-22 07:00:00,33.5,33.55,31.4,32.25,13120800,VIC
2023-08-23 07:00:00,34.5,34.5,32.5,32.5,20341500,VIC
2023-08-24 07:00:00,32.85,32.9,31.3,32.1,16616200,VIC
2023-08-25 07:00:00,32.6,33.35,31.65,31.75,17900300,VIC
2023-08-28 07:00:00,32.5,33.35,32.25,32.35,16715600,VIC
2023-08-29 07:00:00,32.85,32.95,31.6,31.7,20650300,VIC
2023-08-30 07:00:00,31.5,31.5,30.3,31.0,24550800,VIC
2023-08-31 07:00:00,31.25,32.05,31.0,31.05,14984700,VIC
2023-09-05 07:00:00,31.25,31.95,30.85,31.15,13059500,VIC
2023-09-06 07:00:00,31.2,31.25,30.4,30.8,19411000,VIC
2023-09-07 07:00:00,31.0,31.25,30.4,30.4,16127800,VIC
2023-09-08 07:00:00,30.25,30.3,29.55,29.55,28220800,VIC
2023-09-11 07:00:00,30.05,30.7,29.55,29.55,16362000,VIC
2023-09-12 07:00:00,29.9,30.25,29.55,30.15,15067200,VIC
2023-09-13 07:00:00,30.4,30.7,29.55,29.6,16321000,VIC
2023-09-14 07:00:00,29.55,29.65,27.75,27.75,26861000,VIC
2023-09-15 07:00:00,28.0,28.15,26.6,26.8,18952400,VIC
2023-09-18 07:00:00,26.8,26.8,26.2,26.5,11462100,VIC
2023-09-19 07:00:00,26.75,26.95,25.75,25.85,12789300,VIC
2023-09-20 07:00:00,26.0,26.75,25.85,26.75,11801500,VIC
2023-09-21 07:00:00,26.9,26.9,26.1,26.1,8502600,VIC
2023-09-22 07:00:00,25.75,25.8,24.9,25.0,17451900,VIC
2023-09-25 07:00:00,25.05,25.2,23.25,23.25,16835400,VIC
2023-09-26 07:00:00,23.0,23.38,22.28,22.5,15113400,VIC
2023-09-27 07:00:00,22.3,22.62,22.02,22.6,8890400,VIC
2023-09-28 07:00:00,22.6,22.65,22.05,22.5,6887100,VIC
2023-09-29 07:00:00,22.6,24.08,22.58,23.42,13568000,VIC
2023-10-02 07:00:00,23.5,23.78,23.25,23.45,5084800,VIC
2023-10-03 07:00:00,22.95,23.0,21.92,22.25,12896800,VIC
2023-10-04 07:00:00,22.25,23.15,22.02,23.05,6718300,VIC
2023-10-05 07:00:00,23.1,23.2,22.4,22.8,5358200,VIC
2023-10-06 07:00:00,22.95,23.12,22.5,22.98,6192900,VIC
2023-10-09 07:00:00,23.0,23.02,22.6,22.6,4889700,VIC
2023-10-10 07:00:00,22.8,23.08,22.45,22.45,5861600,VIC
2023-10-11 07:00:00,22.52,22.72,22.5,22.72,3629700,VIC
2023-10-12 07:00:00,23.0,23.65,22.9,23.25,7710800,VIC
2023-10-13 07:00:00,23.02,23.22,22.78,23.05,5057900,VIC
2023-10-16 07:00:00,23.02,23.02,22.5,22.5,4839400,VIC
2023-10-17 07:00:00,22.5,22.58,22.0,22.0,4845000,VIC
2023-10-18 07:00:00,22.02,22.28,20.75,21.9,8869200,VIC
2023-10-19 07:00:00,21.9,21.95,21.2,21.6,5382400,VIC
2023-10-20 07:00:00,21.5,21.68,20.92,21.68,5953100,VIC
2023-10-23 07:00:00,21.68,21.7,21.3,21.7,4900400,VIC
2023-10-24 07:00:00,21.6,21.75,21.45,21.72,2821800,VIC
2023-10-25 07:00:00,22.1,22.65,21.92,22.35,6225600,VIC
2023-10-26 07:00:00,21.45,21.48,20.8,20.8,15106800,VIC
2023-10-27 07:00:00,20.82,20.9,19.35,20.8,13998100,VIC
2023-10-30 07:00:00,20.65,20.78,19.88,20.75,6062800,VIC
2023-10-31 07:00:00,20.52,20.78,20.23,20.25,5938400,VIC
2023-11-01 07:00:00,19.85,20.25,19.73,20.2,4618900,VIC
2023-11-02 07:00:00,20.25,20.75,19.82,20.72,6047500,VIC
2023-11-03 07:00:00,20.85,21.05,20.62,20.8,4094900,VIC
2023-11-06 07:00:00,20.98,21.15,20.82,21.05,4294000,VIC
2023-11-07 07:00:00,20.9,21.08,20.62,21.02,4222000,VIC
2023-11-08 07:00:00,20.95,21.52,20.8,21.5,4749500,VIC
2023-11-09 07:00:00,22.0,22.85,22.0,22.7,7308000,VIC
2023-11-10 07:00:00,22.5,22.6,22.2,22.48,5103200,VIC
2023-11-13 07:00:00,22.52,22.52,22.22,22.4,3953800,VIC
2023-11-14 07:00:00,22.48,22.75,22.25,22.48,3845100,VIC
2023-11-15 07:00:00,22.7,22.8,22.45,22.7,6206500,VIC
2023-11-16 07:00:00,22.7,22.7,22.42,22.55,2341300,VIC
2023-11-17 07:00:00,22.6,22.6,21.08,21.1,11573200,VIC
2023-11-20 07:00:00,20.45,21.4,20.45,21.35,4304300,VIC
2023-11-21 07:00:00,21.52,21.58,21.02,21.3,2852100,VIC
2023-11-22 07:00:00,21.48,21.5,20.92,21.0,3797800,VIC
2023-11-23 07:00:00,21.0,21.3,20.65,20.65,3301600,VIC
2023-11-24 07:00:00,20.68,20.75,20.3,20.68,3524600,VIC
2023-11-27 07:00:00,20.65,21.1,20.65,20.92,2794800,VIC
2023-11-28 07:00:00,20.92,21.25,20.8,21.2,2472300,VIC
2023-11-29 07:00:00,21.2,21.32,21.15,21.28,2051700,VIC
2023-11-30 07:00:00,21.25,21.42,20.88,20.88,3466400,VIC
2023-12-01 07:00:00,21.02,21.1,20.92,21.05,2301700,VIC
2023-12-04 07:00:00,21.05,21.5,21.05,21.48,3571300,VIC
2023-12-05 07:00:00,21.48,21.58,21.3,21.4,3626700,VIC
2023-12-06 07:00:00,21.25,21.5,21.25,21.4,2341200,VIC
2023-12-07 07:00:00,21.4,21.6,20.95,21.4,4453200,VIC
2023-12-08 07:00:00,21.3,21.52,21.28,21.48,2652300,VIC
2023-12-11 07:00:00,21.62,22.18,21.62,22.02,5292200,VIC
2023-12-12 07:00:00,22.02,22.2,22.0,22.12,2774200,VIC
2023-12-13 07:00:00,22.05,22.18,21.6,21.95,3973900,VIC
2023-12-14 07:00:00,21.98,22.02,21.72,21.9,3042800,VIC
2023-12-15 07:00:00,21.85,21.98,21.52,21.85,6066700,VIC
2023-12-18 07:00:00,21.85,21.98,21.52,21.6,2345200,VIC
2023-12-19 07:00:00,21.65,21.65,21.15,21.6,2813900,VIC
2023-12-20 07:00:00,21.48,21.72,21.42,21.62,1760100,VIC
2023-12-21 07:00:00,21.5,21.65,21.4,21.6,1890500,VIC
2023-12-22 07:00:00,21.6,21.68,21.38,21.58,2001100,VIC
2023-12-25 07:00:00,21.55,21.78,21.5,21.7,1977500,VIC
2023-12-26 07:00:00,21.7,21.88,21.68,21.78,1763700,VIC
2023-12-27 07:00:00,21.82,21.98,21.8,21.8,1848500,VIC
2023-12-28 07:00:00,21.8,22.3,21.8,22.22,4070700,VIC
2023-12-29 07:00:00,22.32,22.42,22.22,22.3,2168900,VIC
2024-01-02 07:00:00,22.48,22.48,22.0,22.0,2281300,VIC
2024-01-03 07:00:00,21.75,22.08,21.75,22.08,2275100,VIC
2024-01-04 07:00:00,22.08,22.2,21.9,22.08,2337800,VIC
2024-01-05 07:00:00,22.08,22.1,21.95,22.05,1481600,VIC
2024-01-08 07:00:00,22.22,22.38,22.05,22.18,2534400,VIC
2024-01-09 07:00:00,22.15,22.2,21.95,21.95,1604800,VIC
2024-01-10 07:00:00,21.95,22.02,21.6,21.8,2675700,VIC
2024-01-11 07:00:00,21.8,22.0,21.7,21.82,1666100,VIC
2024-01-12 07:00:00,21.75,21.75,21.35,21.5,2966600,VIC
2024-01-15 07:00:00,21.75,21.75,21.52,21.52,1456300,VIC
2024-01-16 07:00:00,21.5,21.62,21.42,21.58,1436500,VIC
2024-01-17 07:00:00,21.58,21.72,21.48,21.6,1878300,VIC
2024-01-18 07:00:00,21.5,21.75,21.5,21.68,1725100,VIC
2024-01-19 07:00:00,21.68,21.72,21.58,21.65,2905400,VIC
2024-01-22 07:00:00,21.75,21.75,21.58,21.65,1691900,VIC
2024-01-23 07:00:00,21.7,21.7,21.45,21.55,2211000,VIC
2024-01-24 07:00:00,21.6,21.62,21.45,21.58,1693500,VIC
2024-01-25 07:00:00,21.55,21.55,21.4,21.4,1155300,VIC
2024-01-26 07:00:00,21.35,21.5,21.32,21.4,1807600,VIC
2024-01-29 07:00:00,21.4,21.42,21.2,21.32,1816400,VIC
2024-01-30 07:00:00,21.32,21.4,21.25,21.35,1332900,VIC
2024-01-31 07:00:00,21.35,21.4,21.05,21.25,2738900,VIC
2024-02-01 07:00:00,21.22,21.25,21.02,21.18,2196100,VIC
2024-02-02 07:00:00,21.18,21.25,21.02,21.05,1981500,VIC
2024-02-05 07:00:00,21.1,21.1,20.9,21.1,2692400,VIC
2024-02-06 07:00:00,21.12,21.18,20.95,21.15,1594700,VIC
2024-02-07 07:00:00,21.15,21.2,21.0,21.2,1596000,VIC
2024-02-15 07:00:00,21.25,21.4,21.1,21.28,1934700,VIC
2024-02-16 07:00:00,21.28,22.08,21.25,21.98,4992200,VIC
2024-02-19 07:00:00,22.15,23.5,22.15,23.5,16636900,VIC
2024-02-20 07:00:00,24.0,24.68,23.95,24.25,8974900,VIC
2024-02-21 07:00:00,24.28,24.28,23.55,23.62,6649000,VIC
2024-02-22 07:00:00,23.62,23.85,23.5,23.8,4022500,VIC
2024-02-23 07:00:00,23.98,23.98,22.6,22.6,9877200,VIC
2024-02-26 07:00:00,22.68,22.88,22.15,22.3,5089400,VIC
2024-02-27 07:00:00,22.4,22.82,22.18,22.58,4367500,VIC
2024-02-28 07:00:00,22.95,23.2,22.62,22.8,3369700,VIC
2024-02-29 07:00:00,23.0,23.08,22.5,22.5,4017000,VIC
2024-03-01 07:00:00,22.5,22.8,22.42,22.62,2982700,VIC
2024-03-04 07:00:00,22.65,22.88,22.58,22.62,3738900,VIC
2024-03-05 07:00:00,22.6,22.75,22.5,22.65,3151800,VIC
2024-03-06 07:00:00,22.65,23.42,22.6,22.65,4652500,VIC
2024-03-07 07:00:00,22.8,22.92,22.68,22.8,2466500,VIC
2024-03-08 07:00:00,23.0,23.0,22.4,22.4,3896700,VIC
2024-03-11 07:00:00,22.45,22.62,22.18,22.18,3451600,VIC
2024-03-12 07:00:00,22.18,22.3,22.02,22.08,2836600,VIC
2024-03-13 07:00:00,22.12,22.5,22.05,22.5,2238600,VIC
2024-03-14 07:00:00,22.6,23.42,22.5,22.98,6021400,VIC
2024-03-15 07:00:00,22.95,23.0,22.2,22.2,4813400,VIC
2024-03-18 07:00:00,22.42,23.1,21.95,23.05,7732700,VIC
2024-03-19 07:00:00,23.1,23.65,22.8,23.5,7828400,VIC
2024-03-20 07:00:00,23.4,23.5,22.9,23.25,4695000,VIC
2024-03-21 07:00:00,23.25,23.42,22.95,23.25,3525800,VIC
2024-03-22 07:00:00,23.25,23.35,23.02,23.3,5198400,VIC
2024-03-25 07:00:00,23.3,23.7,23.08,23.42,4738500,VIC
2024-03-26 07:00:00,23.5,23.6,23.3,23.52,3479000,VIC
2024-03-27 07:00:00,23.52,23.65,23.35,23.52,4203100,VIC
2024-03-28 07:00:00,23.52,23.98,23.45,23.8,4639100,VIC
2024-03-29 07:00:00,23.92,23.95,23.65,23.82,3524600,VIC
2024-04-01 07:00:00,23.82,24.05,23.68,23.92,4451800,VIC
2024-04-02 07:00:00,23.5,23.95,23.25,23.9,4818000,VIC
2024-04-03 07:00:00,23.75,23.92,23.6,23.88,4260400,VIC
2024-04-04 07:00:00,23.62,23.98,23.62,23.92,4122100,VIC
2024-04-05 07:00:00,23.72,23.98,23.65,23.9,3382700,VIC
2024-04-08 07:00:00,24.0,24.0,23.68,23.85,2948500,VIC
2024-04-09 07:00:00,23.8,23.85,23.5,23.85,3502300,VIC
2024-04-10 07:00:00,23.85,24.32,23.82,24.25,5161600,VIC
2024-04-11 07:00:00,24.12,24.28,23.88,24.15,3397900,VIC
2024-04-12 07:00:00,24.18,24.35,24.08,24.22,3009600,VIC
2024-04-15 07:00:00,24.0,24.1,23.0,23.5,5597200,VIC
2024-04-16 07:00:00,23.5,23.5,22.32,23.2,4793200,VIC
2024-04-17 07:00:00,23.25,23.25,22.25,22.5,3009600,VIC
2024-04-19 07:00:00,21.8,22.0,21.3,21.3,3674400,VIC
2024-04-22 07:00:00,21.32,21.5,20.85,21.0,3217600,VIC
2024-04-23 07:00:00,21.22,21.22,20.5,20.5,2696100,VIC
2024-04-24 07:00:00,20.55,20.98,20.55,20.8,1583300,VIC
2024-04-25 07:00:00,20.85,21.18,20.65,21.0,1517500,VIC
2024-04-26 07:00:00,20.98,22.22,20.95,22.22,2697700,VIC
2024-05-02 07:00:00,22.0,22.2,21.8,22.2,1596500,VIC
2024-05-03 07:00:00,22.3,22.45,22.0,22.22,1315200,VIC
2024-05-06 07:00:00,22.22,22.38,21.92,22.38,1524400,VIC
2024-05-07 07:00:00,22.68,22.68,22.25,22.5,1053500,VIC
2024-05-08 07:00:00,22.55,22.7,22.15,22.7,1713400,VIC
2024-05-09 07:00:00,22.7,23.0,22.52,22.7,1415400,VIC
2024-05-10 07:00:00,22.7,22.85,22.25,22.5,1166900,VIC
2024-05-13 07:00:00,22.65,22.68,22.18,22.5,1711800,VIC
2024-05-14 07:00:00,24.05,24.05,23.02,23.02,5263900,VIC
2024-05-15 07:00:00,23.1,23.38,23.0,23.18,1357800,VIC
2024-05-16 07:00:00,23.3,23.58,23.1,23.38,2782500,VIC
2024-05-17 07:00:00,23.38,23.45,23.12,23.42,2168200,VIC
2024-05-20 07:00:00,23.5,23.78,23.18,23.35,3224900,VIC
2024-05-21 07:00:00,23.5,23.85,23.22,23.22,3335500,VIC
2024-05-22 07:00:00,23.18,23.45,22.75,22.75,3149300,VIC
2024-05-23 07:00:00,22.62,22.95,22.38,22.78,2649700,VIC
2024-05-24 07:00:00,22.58,22.8,22.08,22.48,3715400,VIC
2024-05-27 07:00:00,22.48,22.62,22.22,22.52,1713000,VIC
2024-05-28 07:00:00,22.5,22.65,22.22,22.52,2253600,VIC
2024-05-29 07:00:00,22.52,22.6,22.12,22.2,2583100,VIC
2024-05-30 07:00:00,22.2,22.25,21.58,21.58,2387000,VIC
2024-05-31 07:00:00,21.75,22.3,21.65,21.78,1663200,VIC
2024-06-03 07:00:00,21.9,22.3,21.9,21.98,1537000,VIC
2024-06-04 07:00:00,22.15,22.28,22.0,22.05,1463500,VIC
2024-06-05 07:00:00,22.05,22.38,22.05,22.1,1611400,VIC
2024-06-06 07:00:00,22.15,22.18,21.85,21.85,1823500,VIC
2024-06-07 07:00:00,21.95,22.0,21.6,21.75,1681700,VIC
2024-06-10 07:00:00,21.75,21.95,21.7,21.72,1582400,VIC
2024-06-11 07:00:00,21.65,21.72,21.28,21.6,4835000,VIC
2024-06-12 07:00:00,21.4,21.75,21.25,21.65,2292500,VIC
2024-06-13 07:00:00,21.65,21.75,21.45,21.6,2144000,VIC
2024-06-14 07:00:00,21.6,21.62,21.0,21.0,2718400,VIC
2024-06-17 07:00:00,21.3,21.48,21.0,21.0,2059700,VIC
2024-06-18 07:00:00,21.15,21.48,21.05,21.05,1832400,VIC
2024-06-19 07:00:00,21.18,21.22,20.72,20.75,3271200,VIC
2024-06-20 07:00:00,20.78,20.9,20.68,20.72,2357100,VIC
2024-06-21 07:00:00,20.72,20.82,20.58,20.82,2683900,VIC
2024-06-24 07:00:00,20.82,21.15,20.55,20.55,2804500,VIC
2024-06-25 07:00:00,20.58,21.0,20.58,20.6,1597200,VIC
2024-06-26 07:00:00,20.65,20.85,20.58,20.6,1918500,VIC
2024-06-27 07:00:00,20.55,20.7,20.5,20.5,1312100,VIC
2024-06-28 07:00:00,20.55,20.68,20.45,20.6,1785000,VIC
2024-07-01 07:00:00,20.7,20.7,20.52,20.68,903300,VIC
2024-07-02 07:00:00,20.7,20.88,20.65,20.8,1493400,VIC
2024-07-03 07:00:00,20.8,20.82,20.62,20.68,1138000,VIC
2024-07-04 07:00:00,20.75,20.85,20.65,20.7,1214300,VIC
2024-07-05 07:00:00,20.7,20.72,20.55,20.7,1445400,VIC
2024-07-08 07:00:00,20.7,20.7,20.18,20.2,3503600,VIC
2024-07-09 07:00:00,20.25,20.48,20.08,20.4,2286700,VIC
2024-07-10 07:00:00,20.48,20.48,20.3,20.3,1235400,VIC
2024-07-11 07:00:00,20.45,20.88,20.35,20.55,2747000,VIC
2024-07-12 07:00:00,20.85,21.4,20.82,20.88,3312000,VIC
2024-07-15 07:00:00,20.88,21.12,20.65,20.68,966900,VIC
2024-07-16 07:00:00,20.68,20.85,20.35,20.52,1863400,VIC
2024-07-17 07:00:00,20.5,20.5,20.08,20.3,2651000,VIC
2024-07-18 07:00:00,20.3,20.3,20.08,20.27,2142300,VIC
2024-07-19 07:00:00,20.35,20.55,20.15,20.38,1748000,VIC
2024-07-22 07:00:00,20.38,20.5,20.1,20.38,1776000,VIC
2024-07-23 07:00:00,20.38,20.42,20.2,20.42,1446300,VIC
2024-07-24 07:00:00,20.4,20.5,20.23,20.45,1657400,VIC
2024-07-25 07:00:00,20.65,21.3,20.42,20.8,4336200,VIC
2024-07-26 07:00:00,20.95,21.08,20.62,20.8,1376600,VIC
2024-07-29 07:00:00,20.8,20.8,20.38,20.8,2665100,VIC
2024-07-30 07:00:00,20.98,21.1,20.5,21.1,2426200,VIC
2024-07-31 07:00:00,21.15,21.15,20.78,21.15,2598500,VIC
2024-08-01 07:00:00,21.05,21.15,20.75,21.05,3279200,VIC
2024-08-02 07:00:00,21.08,21.1,20.4,21.0,2214600,VIC
2024-08-05 07:00:00,20.5,20.82,20.2,20.65,3942800,VIC
2024-08-06 07:00:00,20.75,20.78,20.27,20.65,1722300,VIC
2024-08-07 07:00:00,20.88,21.75,20.88,21.18,5315500,VIC
2024-08-08 07:00:00,21.02,21.1,20.82,20.9,1543000,VIC
2024-08-09 07:00:00,20.9,21.0,20.6,20.6,2266900,VIC
2024-08-12 07:00:00,20.55,20.6,20.3,20.3,1806700,VIC
2024-08-13 07:00:00,20.32,20.6,20.32,20.35,1399600,VIC
2024-08-14 07:00:00,20.38,20.6,20.38,20.4,1377400,VIC
2024-08-15 07:00:00,20.5,20.58,20.4,20.4,1213500,VIC
2024-08-16 07:00:00,20.45,20.8,20.45,20.58,2307000,VIC
2024-08-19 07:00:00,20.65,20.78,20.52,20.58,1644900,VIC
2024-08-20 07:00:00,20.58,21.1,20.5,20.85,3036500,VIC
2024-08-21 07:00:00,20.8,21.0,20.75,20.92,1664500,VIC
2024-08-22 07:00:00,20.92,21.18,20.78,20.78,2379500,VIC
2024-08-23 07:00:00,20.8,21.0,20.75,20.78,1748500,VIC
2024-08-26 07:00:00,20.82,21.18,20.82,21.08,2497500,VIC
2024-08-27 07:00:00,21.05,22.55,21.05,22.55,12748800,VIC
2024-08-28 07:00:00,22.75,23.05,22.2,22.2,4933500,VIC
2024-08-29 07:00:00,22.12,22.4,22.02,22.1,3209900,VIC
2024-08-30 07:00:00,22.28,22.6,22.1,22.1,3398500,VIC
2024-09-04 07:00:00,21.8,22.15,21.65,22.0,3198700,VIC
2024-09-05 07:00:00,22.28,22.98,22.2,22.52,4519500,VIC
2024-09-06 07:00:00,22.68,22.68,22.3,22.32,2501900,VIC
2024-09-09 07:00:00,22.1,22.25,21.72,21.85,4810700,VIC
2024-09-10 07:00:00,21.85,21.95,21.3,21.5,4601800,VIC
2024-09-11 07:00:00,21.32,21.5,21.05,21.5,3098200,VIC
2024-09-12 07:00:00,21.52,21.62,21.28,21.45,2166600,VIC
2024-09-13 07:00:00,21.45,21.48,21.25,21.45,1526300,VIC
2024-09-16 07:00:00,21.35,21.8,21.02,21.02,2005200,VIC
2024-09-17 07:00:00,21.02,21.6,21.02,21.45,2237700,VIC
2024-09-18 07:00:00,21.45,21.65,21.32,21.32,2746900,VIC
2024-09-19 07:00:00,21.4,21.6,21.35,21.45,2240000,VIC
2024-09-20 07:00:00,21.5,21.82,21.15,21.15,3926500,VIC
2024-09-23 07:00:00,21.45,21.45,21.18,21.18,1713400,VIC
2024-09-24 07:00:00,21.2,21.32,21.18,21.28,1438700,VIC
2024-09-25 07:00:00,21.38,21.45,21.2,21.3,3721100,VIC
2024-09-26 07:00:00,21.3,21.55,21.3,21.3,2768500,VIC
2024-09-27 07:00:00,21.45,21.45,21.22,21.25,2740700,VIC
2024-09-30 07:00:00,21.2,21.3,21.0,21.0,2924300,VIC
2024-10-01 07:00:00,21.02,21.38,21.02,21.15,1914600,VIC
2024-10-02 07:00:00,21.18,21.2,21.02,21.02,1527200,VIC
2024-10-03 07:00:00,21.05,21.22,20.68,20.68,3460400,VIC
2024-10-04 07:00:00,20.68,20.68,20.45,20.5,2144700,VIC
2024-10-07 07:00:00,20.55,20.78,20.42,20.42,1652400,VIC
2024-10-08 07:00:00,20.52,20.52,20.3,20.45,2648700,VIC
2024-10-09 07:00:00,20.52,20.8,20.5,20.8,1210800,VIC
2024-10-10 07:00:00,20.8,20.82,20.65,20.7,1471200,VIC
2024-10-11 07:00:00,20.7,20.98,20.68,20.9,1709800,VIC
2024-10-14 07:00:00,21.25,21.7,21.08,21.08,4264900,VIC
2024-10-15 07:00:00,21.12,21.25,20.78,20.82,1847000,VIC
2024-10-16 07:00:00,20.75,20.9,20.72,20.75,1211100,VIC
2024-10-17 07:00:00,20.88,20.9,20.72,20.78,1030100,VIC
2024-10-18 07:00:00,20.85,21.1,20.85,20.9,1174800,VIC
2024-10-21 07:00:00,20.92,21.45,20.92,21.12,2219200,VIC
2024-10-22 07:00:00,21.3,21.3,21.1,21.1,2045600,VIC
2024-10-23 07:00:00,21.35,22.15,21.35,21.6,5014800,VIC
2024-10-24 07:00:00,21.5,21.55,21.02,21.02,2055400,VIC
2024-10-25 07:00:00,21.1,21.15,20.78,20.78,2047900,VIC
2024-10-28 07:00:00,20.8,20.88,20.72,20.72,1473100,VIC
2024-10-29 07:00:00,20.75,20.85,20.65,20.68,1285000,VIC
2024-10-30 07:00:00,20.72,20.85,20.4,20.5,2024200,VIC
2024-10-31 07:00:00,20.7,20.85,20.52,20.78,1827900,VIC
2024-11-01 07:00:00,20.78,20.8,20.55,20.6,1338600,VIC
2024-11-04 07:00:00,20.7,20.75,20.52,20.6,1345200,VIC
2024-11-05 07:00:00,20.6,20.65,20.52,20.65,963000,VIC
2024-11-06 07:00:00,20.75,21.0,20.7,20.9,1521600,VIC
2024-11-07 07:00:00,21.0,21.12,20.85,20.85,1172800,VIC
2024-11-08 07:00:00,20.9,20.9,20.5,20.52,2191200,VIC
2024-11-11 07:00:00,20.52,20.58,20.32,20.4,1944400,VIC
2024-11-12 07:00:00,20.5,20.75,20.25,20.27,2485900,VIC
2024-11-13 07:00:00,20.42,20.58,20.25,20.3,2043200,VIC
2024-11-14 07:00:00,20.32,20.65,20.3,20.35,1968300,VIC
2024-11-15 07:00:00,20.32,20.52,20.27,20.27,2310300,VIC
2024-11-18 07:00:00,20.27,20.42,20.18,20.2,1892700,VIC
2024-11-19 07:00:00,20.2,20.35,20.18,20.18,1858400,VIC
2024-11-20 07:00:00,20.1,20.32,20.08,20.18,1840800,VIC
2024-11-21 07:00:00,20.18,20.3,20.15,20.18,1991900,VIC
2024-11-22 07:00:00,20.18,20.42,20.15,20.23,1336300,VIC
2024-11-25 07:00:00,20.23,20.5,20.23,20.5,1915300,VIC
2024-11-26 07:00:00,20.5,20.65,20.5,20.52,1230800,VIC
2024-11-27 07:00:00,20.52,20.52,20.38,20.38,992200,VIC
2024-11-28 07:00:00,20.55,20.6,20.35,20.35,1116300,VIC
2024-11-29 07:00:00,20.32,20.38,20.25,20.25,1965400,VIC
2024-12-02 07:00:00,20.27,20.48,20.15,20.18,2064000,VIC
2024-12-03 07:00:00,20.2,20.3,20.12,20.2,1873300,VIC
2024-12-04 07:00:00,20.2,20.2,19.9,20.0,2491600,VIC
2024-12-05 07:00:00,20.4,20.5,20.15,20.42,3370100,VIC
2024-12-06 07:00:00,20.42,21.15,20.38,20.92,5327100,VIC
2024-12-09 07:00:00,21.05,21.42,20.92,20.92,3341600,VIC
2024-12-10 07:00:00,20.92,20.95,20.6,20.6,2352900,VIC
2024-12-11 07:00:00,20.6,20.7,20.45,20.65,2168100,VIC
2024-12-12 07:00:00,20.65,20.68,20.45,20.45,2147400,VIC
2024-12-13 07:00:00,20.38,20.45,20.3,20.4,1952200,VIC
2024-12-16 07:00:00,20.4,20.45,20.3,20.35,1159200,VIC
2024-12-17 07:00:00,20.35,20.4,20.27,20.27,1329900,VIC
2024-12-18 07:00:00,20.27,20.42,20.27,20.3,850100,VIC
2024-12-19 07:00:00,20.15,20.2,20.05,20.15,2486800,VIC
2024-12-20 07:00:00,20.15,20.25,20.12,20.25,1569200,VIC
2024-12-23 07:00:00,20.25,20.42,20.25,20.3,999700,VIC
2024-12-24 07:00:00,20.25,20.3,20.18,20.3,1333700,VIC
2024-12-25 07:00:00,20.3,20.52,20.27,20.32,1908100,VIC
2024-12-26 07:00:00,20.35,20.5,20.32,20.32,877500,VIC
2024-12-27 07:00:00,20.35,20.45,20.27,20.27,1497700,VIC
2024-12-30 07:00:00,20.18,20.3,20.15,20.27,1415300,VIC
2024-12-31 07:00:00,20.27,20.3,20.15,20.27,1784400,VIC
2025-01-02 07:00:00,20.25,20.27,20.15,20.27,1340500,VIC
2025-01-03 07:00:00,20.27,20.27,20.08,20.25,1729100,VIC
2025-01-06 07:00:00,20.2,20.25,20.15,20.25,1625900,VIC
2025-01-07 07:00:00,20.15,20.27,20.1,20.25,1965000,VIC
2025-01-08 07:00:00,20.2,20.27,20.15,20.25,925800,VIC
2025-01-09 07:00:00,20.27,20.5,20.25,20.38,1187900,VIC
2025-01-10 07:00:00,20.38,20.45,20.2,20.25,1104600,VIC
2025-01-13 07:00:00,19.85,20.18,19.85,20.15,1680700,VIC
2025-01-14 07:00:00,20.1,20.1,19.9,20.1,2326300,VIC
2025-01-15 07:00:00,20.15,20.18,20.0,20.12,874200,VIC
2025-01-16 07:00:00,20.15,20.32,20.05,20.23,1999800,VIC
2025-01-17 07:00:00,20.25,20.27,20.12,20.23,1173800,VIC
2025-01-20 07:00:00,20.15,20.23,20.12,20.2,646200,VIC
2025-01-21 07:00:00,20.27,20.27,20.15,20.23,1313500,VIC
2025-01-22 07:00:00,20.25,20.25,20.05,20.2,1135200,VIC
2025-01-23 07:00:00,20.2,20.32,20.12,20.2,1420100,VIC
2025-01-24 07:00:00,20.12,20.25,20.1,20.2,1387900,VIC
2025-02-03 07:00:00,20.1,20.15,19.95,20.02,1575100,VIC
2025-02-04 07:00:00,20.02,20.1,19.92,20.05,1440900,VIC
2025-02-05 07:00:00,20.1,20.23,20.02,20.02,1059300,VIC
2025-02-06 07:00:00,20.18,20.27,20.02,20.23,1314600,VIC
2025-02-07 07:00:00,20.25,20.35,20.12,20.32,1394900,VIC
2025-02-10 07:00:00,20.18,20.18,20.0,20.0,1534300,VIC
2025-02-11 07:00:00,20.0,20.05,19.92,19.98,1436000,VIC
2025-02-12 07:00:00,19.98,20.05,19.95,19.95,940900,VIC
2025-02-13 07:00:00,19.95,20.15,19.92,20.12,1052900,VIC
2025-02-14 07:00:00,20.25,20.25,20.1,20.12,996500,VIC
2025-02-17 07:00:00,20.12,20.2,20.02,20.05,851700,VIC
2025-02-18 07:00:00,20.05,20.23,19.95,20.1,1200000,VIC
2025-02-19 07:00:00,20.1,20.25,20.02,20.2,1574300,VIC
2025-02-20 07:00:00,20.23,20.62,20.2,20.48,2936300,VIC
2025-02-21 07:00:00,20.48,20.48,20.32,20.32,1332100,VIC
2025-02-24 07:00:00,20.18,20.32,20.18,20.3,1540100,VIC
2025-02-25 07:00:00,20.35,20.58,20.32,20.35,1793300,VIC
2025-02-26 07:00:00,20.5,20.55,20.4,20.5,1364900,VIC
2025-02-27 07:00:00,20.6,20.6,20.38,20.52,1441600,VIC
2025-02-28 07:00:00,20.52,20.8,20.35,20.6,2771000,VIC
2025-03-03 07:00:00,20.65,21.2,20.6,21.02,2857500,VIC
2025-03-04 07:00:00,21.22,21.25,20.9,20.98,3056500,VIC
2025-03-05 07:00:00,21.02,21.25,21.0,21.12,2907700,VIC
2025-03-06 07:00:00,21.15,21.28,21.02,21.18,2628200,VIC
2025-03-07 07:00:00,21.15,22.65,21.12,22.65,11502700,VIC
2025-03-10 07:00:00,22.95,23.95,22.9,23.65,9904400,VIC
2025-03-11 07:00:00,23.45,23.65,23.25,23.65,5692400,VIC
2025-03-12 07:00:00,23.68,24.12,23.68,24.05,7003400,VIC
2025-03-13 07:00:00,24.15,25.7,23.75,25.7,16415000,VIC
2025-03-14 07:00:00,25.9,26.4,25.7,26.1,8422600,VIC
2025-03-17 07:00:00,26.25,26.35,25.4,26.05,6497300,VIC
2025-03-18 07:00:00,26.05,26.35,25.55,25.65,6017000,VIC
2025-03-19 07:00:00,25.4,26.25,24.6,25.95,10342000,VIC
2025-03-20 07:00:00,26.0,26.6,25.35,25.75,6629100,VIC
2025-03-21 07:00:00,25.8,26.5,25.5,26.5,7486300,VIC
2025-03-24 07:00:00,26.5,28.35,26.35,28.35,11901000,VIC
2025-03-25 07:00:00,28.85,29.6,28.3,28.45,7932000,VIC
2025-03-26 07:00:00,28.9,29.0,27.85,28.5,6487700,VIC
2025-03-27 07:00:00,28.75,29.35,28.3,28.55,4569200,VIC
2025-03-28 07:00:00,28.5,29.15,28.45,29.0,5542600,VIC
2025-03-31 07:00:00,28.9,29.25,28.65,29.0,6654000,VIC
2025-04-01 07:00:00,29.35,30.4,29.1,29.85,7757400,VIC
2025-04-02 07:00:00,30.25,30.6,29.75,30.2,7316000,VIC
2025-04-03 07:00:00,29.1,29.9,28.1,28.1,19210900,VIC
2025-04-04 07:00:00,27.1,29.75,26.7,29.15,14551100,VIC
2025-04-08 07:00:00,29.0,29.0,27.15,27.55,11574700,VIC
2025-04-09 07:00:00,26.05,29.2,26.05,28.5,13002500,VIC
2025-04-10 07:00:00,30.45,30.45,30.45,30.45,3803200,VIC
2025-04-11 07:00:00,29.85,32.55,29.85,32.55,13360300,VIC
2025-04-14 07:00:00,33.25,34.8,33.0,34.8,8825200,VIC
2025-04-15 07:00:00,35.2,37.2,35.0,35.25,12266200,VIC
2025-04-16 07:00:00,35.3,36.0,33.7,33.95,7547800,VIC
2025-04-17 07:00:00,33.85,35.5,33.6,35.5,8063200,VIC
2025-04-18 07:00:00,35.9,35.9,33.05,33.05,10565700,VIC
2025-04-21 07:00:00,32.05,33.7,30.75,30.75,15468900,VIC
2025-04-22 07:00:00,31.0,31.35,29.0,29.5,12818600,VIC
2025-04-23 07:00:00,30.0,30.15,29.15,29.3,18984200,VIC
2025-04-24 07:00:00,29.45,31.35,29.3,31.35,8730000,VIC
2025-04-25 07:00:00,32.2,33.5,32.0,33.5,14779000,VIC
2025-04-28 07:00:00,33.9,34.5,33.35,34.0,7023300,VIC
2025-04-29 07:00:00,33.5,34.0,31.9,34.0,13384800,VIC
2025-05-05 07:00:00,34.45,36.2,34.0,35.0,4406800,VIC
2025-05-06 07:00:00,35.3,35.9,34.7,35.25,5708100,VIC
2025-05-07 07:00:00,35.3,37.0,35.2,36.7,7611900,VIC
2025-05-08 07:00:00,37.6,39.25,37.1,39.25,7176700,VIC
2025-05-09 07:00:00,40.0,40.45,37.75,38.25,7034400,VIC
2025-05-12 07:00:00,39.2,40.1,38.5,39.7,5880900,VIC
2025-05-13 07:00:00,40.25,40.25,38.35,39.8,9649000,VIC
2025-05-14 07:00:00,39.55,41.25,39.2,39.9,6639600,VIC
2025-05-15 07:00:00,39.5,39.95,38.6,39.9,8928700,VIC
2025-05-16 07:00:00,39.35,40.45,39.35,40.0,4658600,VIC
2025-05-19 07:00:00,40.05,42.8,40.0,42.8,9153200,VIC
2025-05-20 07:00:00,44.25,45.75,44.25,45.75,3889300,VIC
2025-05-21 07:00:00,48.95,48.95,44.95,46.75,7274400,VIC
2025-05-22 07:00:00,46.5,49.25,45.9,46.25,6559400,VIC
2025-05-23 07:00:00,46.0,48.15,45.9,46.5,4202800,VIC
2025-05-26 07:00:00,46.6,47.65,43.5,47.25,4813300,VIC
2025-05-27 07:00:00,47.35,47.5,45.75,47.25,6808300,VIC
2025-05-28 07:00:00,46.5,49.15,46.5,48.5,6149000,VIC
2025-05-29 07:00:00,48.6,49.5,48.05,48.5,4732400,VIC
2025-05-30 07:00:00,48.55,49.5,48.15,49.2,3270500,VIC
2025-06-02 07:00:00,49.35,49.9,47.1,49.0,6436100,VIC
2025-06-03 07:00:00,48.75,49.75,47.5,49.05,4412900,VIC
2025-06-04 07:00:00,49.0,49.25,48.2,49.05,3333300,VIC
2025-06-05 07:00:00,48.95,49.05,48.15,49.0,3350000,VIC
2025-06-06 07:00:00,48.3,49.25,48.2,48.5,2930200,VIC
2025-06-09 07:00:00,48.45,48.45,45.15,45.15,3775300,VIC
2025-06-10 07:00:00,43.0,46.45,43.0,45.3,6840100,VIC
2025-06-11 07:00:00,46.3,46.3,45.0,45.1,1438900,VIC
2025-06-12 07:00:00,45.7,45.8,42.35,43.4,4156300,VIC
2025-06-13 07:00:00,42.85,43.0,40.8,42.75,4992800,VIC
2025-06-16 07:00:00,42.0,42.8,41.3,42.7,2514600,VIC
2025-06-17 07:00:00,42.7,45.4,42.15,43.85,3384000,VIC
2025-06-18 07:00:00,43.85,44.5,43.45,44.0,1429200,VIC
2025-06-19 07:00:00,44.0,45.3,43.8,44.7,3247900,VIC
2025-06-20 07:00:00,44.7,44.7,43.35,43.4,13615300,VIC
2025-06-23 07:00:00,43.05,46.4,42.55,46.4,3871300,VIC
2025-06-24 07:00:00,47.45,49.0,46.85,47.9,3974800,VIC
2025-06-25 07:00:00,48.0,48.3,47.25,47.9,2655500,VIC
2025-06-26 07:00:00,47.5,48.5,47.5,47.5,1611200,VIC
2025-06-27 07:00:00,47.5,48.05,46.2,47.75,3029000,VIC
2025-06-30 07:00:00,47.75,48.15,47.55,47.8,1265200,VIC
2025-07-01 07:00:00,47.85,48.25,46.75,47.8,2334000,VIC
2025-07-02 07:00:00,47.15,47.75,47.15,47.7,1090300,VIC
2025-07-03 07:00:00,47.3,47.6,46.95,47.25,1890400,VIC
2025-07-04 07:00:00,47.2,47.2,45.75,45.95,3983100,VIC
2025-07-07 07:00:00,45.95,47.1,45.5,46.5,2009500,VIC
2025-07-08 07:00:00,46.5,47.5,46.45,46.65,1420800,VIC
2025-07-09 07:00:00,46.5,47.5,46.5,47.5,3286600,VIC
2025-07-10 07:00:00,48.0,50.8,48.0,50.8,7069900,VIC
2025-07-11 07:00:00,52.25,54.05,51.95,54.0,4793600,VIC
2025-07-14 07:00:00,57.5,57.75,55.5,56.5,5532400,VIC
2025-07-15 07:00:00,57.0,57.0,55.5,55.8,3248800,VIC
2025-07-16 07:00:00,55.5,59.1,55.05,58.7,3302900,VIC
2025-07-17 07:00:00,59.05,61.65,59.05,61.0,6597500,VIC
2025-07-18 07:00:00,62.35,62.35,58.75,59.5,6065800,VIC
2025-07-21 07:00:00,60.25,61.25,55.35,56.0,4306600,VIC
2025-07-22 07:00:00,56.1,58.75,56.1,58.75,3938700,VIC
2025-07-23 07:00:00,59.75,59.75,57.5,57.5,2804200,VIC
2025-07-24 07:00:00,57.6,58.5,54.85,58.0,6030600,VIC
2025-07-25 07:00:00,56.6,59.0,56.55,57.05,3383900,VIC
2025-07-28 07:00:00,57.5,59.0,57.05,57.8,3265900,VIC
2025-07-29 07:00:00,57.5,58.6,56.5,56.6,4560800,VIC
2025-07-30 07:00:00,56.6,57.0,54.05,54.75,4353100,VIC
2025-07-31 07:00:00,54.35,54.75,52.5,52.75,5664700,VIC
2025-08-01 07:00:00,53.0,54.9,52.0,52.0,3947500,VIC
2025-08-04 07:00:00,53.1,55.6,52.5,55.6,3877600,VIC
2025-08-05 07:00:00,58.8,59.45,57.3,58.75,8377700,VIC
2025-08-06 07:00:00,58.75,60.0,57.5,59.25,4212200,VIC
2025-08-07 07:00:00,59.25,61.0,57.5,57.5,4140100,VIC
2025-08-08 07:00:00,57.45,58.8,56.6,58.5,3217500,VIC
2025-08-11 07:00:00,58.5,59.45,57.5,57.75,3280300,VIC
2025-08-12 07:00:00,57.75,58.4,57.25,57.75,2958100,VIC
2025-08-13 07:00:00,57.5,58.25,57.0,58.0,4109600,VIC
2025-08-14 07:00:00,58.2,59.4,57.6,59.1,4312200,VIC
2025-08-15 07:00:00,59.6,63.0,58.95,59.1,5258600,VIC
2025-08-18 07:00:00,59.1,59.25,58.0,59.1,3592000,VIC
2025-08-19 07:00:00,59.1,60.55,58.25,59.1,5290800,VIC
2025-08-20 07:00:00,59.3,63.0,58.95,62.1,7458200,VIC
2025-08-21 07:00:00,61.1,63.4,61.0,62.5,4069100,VIC
2025-08-22 07:00:00,61.0,63.75,61.0,62.05,5032500,VIC
2025-08-25 07:00:00,62.0,66.3,61.75,65.5,3813100,VIC
2025-08-26 07:00:00,65.5,69.95,64.5,67.75,2595000,VIC
2025-08-27 07:00:00,66.6,67.8,66.0,66.0,2351500,VIC
2025-08-28 07:00:00,66.1,67.0,65.0,65.05,2178800,VIC
2025-08-29 07:00:00,65.55,66.25,64.05,64.15,2470800,VIC
2025-09-03 07:00:00,63.55,64.1,62.25,62.5,2287100,VIC
2025-09-04 07:00:00,62.5,63.0,61.5,62.5,1988700,VIC
2025-09-05 07:00:00,62.6,64.9,62.5,62.5,2141000,VIC
2025-09-08 07:00:00,62.55,64.0,62.5,62.5,2203500,VIC
2025-09-09 07:00:00,62.5,64.8,62.05,64.6,2659700,VIC
2025-09-10 07:00:00,64.6,65.5,63.5,65.45,1985100,VIC
2025-09-11 07:00:00,65.0,68.75,64.55,68.0,3017000,VIC
2025-09-12 07:00:00,68.0,69.05,67.05,68.9,1964200,VIC
2025-09-15 07:00:00,68.85,68.9,67.4,68.9,2142000,VIC
2025-09-16 07:00:00,68.9,68.9,66.95,67.5,2920100,VIC
2025-09-17 07:00:00,66.75,71.95,66.7,71.55,3984900,VIC
2025-09-18 07:00:00,71.75,74.95,70.75,72.5,4389200,VIC
2025-09-19 07:00:00,72.5,76.6,71.5,76.6,5615300,VIC
2025-09-22 07:00:00,74.85,77.1,71.95,74.4,5112200,VIC
2025-09-23 07:00:00,74.0,75.05,72.8,74.6,1426200,VIC
2025-09-24 07:00:00,74.5,76.0,72.8,74.5,1753900,VIC
2025-09-25 07:00:00,74.5,79.0,73.45,79.0,2820700,VIC
2025-09-26 07:00:00,79.0,82.45,78.0,82.0,2709300,VIC
2025-09-29 07:00:00,81.15,87.4,80.5,86.4,2445600,VIC
2025-09-30 07:00:00,86.75,91.5,86.75,87.45,4674600,VIC
2025-10-01 07:00:00,87.45,87.5,83.9,85.0,2643100,VIC
2025-10-02 07:00:00,84.4,87.85,84.4,85.5,2381100,VIC
2025-10-03 07:00:00,86.0,89.65,85.55,88.25,4892400,VIC
2025-10-06 07:00:00,93.4,93.4,88.25,89.85,2398200,VIC
2025-10-07 07:00:00,90.55,91.0,89.0,90.0,2368100,VIC
2025-10-08 07:00:00,89.5,90.45,87.6,89.05,3256600,VIC
2025-10-09 07:00:00,88.5,90.8,88.15,89.75,4131300,VIC
2025-10-10 07:00:00,89.25,96.0,89.25,96.0,4294700,VIC
2025-10-13 07:00:00,96.95,102.7,96.95,102.7,7178300,VIC
2025-10-14 07:00:00,107.95,109.85,103.45,105.95,8065500,VIC
2025-10-15 07:00:00,107.05,107.45,103.0,104.75,3752400,VIC
2025-10-16 07:00:00,105.0,108.8,102.95,106.55,5217400,VIC
2025-10-17 07:00:00,107.05,107.3,99.95,102.0,5615100,VIC
2025-10-20 07:00:00,100.0,102.25,95.0,97.45,5671000,VIC
2025-10-21 07:00:00,101.0,102.45,96.85,101.7,3700400,VIC
2025-10-22 07:00:00,102.0,102.0,96.5,101.5,4196300,VIC
2025-10-23 07:00:00,101.45,107.75,100.0,107.5,4761200,VIC
2025-10-24 07:00:00,107.7,111.45,107.55,109.5,3412900,VIC
2025-10-27 07:00:00,111.45,113.25,107.0,107.0,3889100,VIC
2025-10-28 07:00:00,106.75,110.3,99.55,110.05,5205500,VIC
2025-10-29 07:00:00,109.5,109.5,105.95,106.0,2739200,VIC
2025-10-30 07:00:00,105.25,105.9,100.75,102.05,3772500,VIC
2025-10-31 07:00:00,101.0,101.85,95.5,95.5,7461600,VIC
2025-11-03 07:00:00,95.55,99.75,93.0,97.7,3627000,VIC
2025-11-04 07:00:00,99.0,102.45,98.05,100.5,2514100,VIC
2025-11-05 07:00:00,100.5,104.0,99.25,103.25,2136600,VIC
2025-11-06 07:00:00,103.0,105.75,101.9,103.9,4605200,VIC
2025-11-07 07:00:00,102.5,103.95,99.85,99.85,3701700,VIC
2025-11-10 07:00:00,99.4,102.0,96.65,99.5,2785800,VIC
2025-11-11 07:00:00,99.5,101.95,99.35,100.5,4226300,VIC
2025-11-12 07:00:00,99.8,105.6,99.8,105.6,3885100,VIC
2025-11-13 07:00:00,105.0,107.9,104.6,105.6,3061500,VIC
2025-11-14 07:00:00,105.4,105.65,104.05,105.5,2083100,VIC
2025-11-17 07:00:00,106.0,110.55,106.0,108.5,3889800,VIC
2025-11-18 07:00:00,108.5,110.5,107.75,110.0,3027200,VIC
2025-11-19 07:00:00,110.0,112.5,109.5,110.25,2328900,VIC
2025-11-20 07:00:00,110.45,115.0,110.0,114.0,2828600,VIC
2025-11-21 07:00:00,113.1,115.55,111.0,114.85,2778400,VIC
2025-11-24 07:00:00,114.65,121.95,114.65,119.75,3203000,VIC
2025-11-25 07:00:00,121.5,124.4,120.0,121.5,3425500,VIC
2025-11-26 07:00:00,123.5,123.5,118.75,122.5,4196800,VIC
2025-11-27 07:00:00,123.1,126.55,122.7,124.0,2348000,VIC
2025-11-28 07:00:00,124.1,131.4,124.1,130.2,3844800,VIC
2025-12-01 07:00:00,133.05,139.3,133.0,134.95,4500600,VIC
2025-12-02 07:00:00,135.0,138.75,131.5,137.5,4093500,VIC
2025-12-03 07:00:00,139.45,139.45,134.6,134.7,3328700,VIC
2025-12-04 07:00:00,134.0,135.4,131.0,133.5,3902000,VIC
2025-12-05 07:00:00,142.8,142.8,139.4,142.8,7001500,VIC
2025-12-08 07:00:00,152.0,152.7,149.1,152.7,4606600,VIC
2025-12-09 07:00:00,163.3,163.3,153.0,160.0,12839300,VIC
2025-12-10 07:00:00,160.0,160.0,148.8,148.8,6592900,VIC
2025-12-11 07:00:00,143.0,147.6,138.4,146.0,7957600,VIC
2025-12-12 07:00:00,147.8,147.8,140.0,144.0,4622400,VIC
2025-12-15 07:00:00,143.8,147.0,140.0,142.9,5214800,VIC
2025-12-16 07:00:00,142.9,149.3,140.4,142.9,5330200,VIC
2025-12-17 07:00:00,143.7,146.8,142.6,142.9,2867800,VIC
2025-12-18 07:00:00,143.0,143.0,139.7,142.7,5429000,VIC
2025-12-19 07:00:00,142.7,152.1,142.0,148.5,12784300,VIC
2025-12-22 07:00:00,153.8,158.8,151.8,158.8,4500800,VIC
2025-12-23 07:00:00,165.0,169.9,163.0,169.9,6615800,VIC
2025-12-24 07:00:00,174.0,176.6,164.0,169.8,8749100,VIC
2025-12-25 07:00:00,167.6,174.5,158.0,158.0,6373600,VIC
2025-12-26 07:00:00,147.0,155.2,147.0,155.0,15336300,VIC
2025-12-29 07:00:00,155.0,159.9,155.0,159.7,6667000,VIC
2025-12-30 07:00:00,159.7,163.0,151.6,163.0,8091800,VIC
2025-12-31 07:00:00,163.0,172.0,158.8,169.6,9438700,VIC
2026-01-05 07:00:00,169.6,174.5,166.8,173.1,6644800,VIC
2026-01-06 07:00:00,173.6,176.0,171.4,173.1,7681000,VIC
2026-01-07 07:00:00,173.1,179.5,168.6,179.0,7674800,VIC
2026-01-08 07:00:00,183.5,190.0,176.6,176.6,6593700,VIC
2026-01-09 07:00:00,176.0,180.2,172.6,176.0,5389600,VIC
2026-01-12 07:00:00,174.6,175.4,163.7,163.7,9379500,VIC
2026-01-13 07:00:00,159.0,173.3,158.0,167.9,5382600,VIC
2026-01-14 07:00:00,171.2,171.2,159.0,160.2,4416000,VIC
2026-01-15 07:00:00,160.1,160.2,150.9,153.0,8278800,VIC
2026-01-16 07:00:00,153.0,163.0,153.0,159.9,3824600,VIC
2026-01-19 07:00:00,164.9,164.9,159.0,162.0,2282900,VIC
2026-01-20 07:00:00,162.0,162.0,154.6,161.0,5147800,VIC
2026-01-21 07:00:00,159.0,164.2,158.9,160.5,3238000,VIC
2026-01-22 07:00:00,157.0,161.4,157.0,161.1,3404000,VIC
2026-01-23 07:00:00,163.8,167.7,162.5,165.4,3317300,VIC
2026-01-26 07:00:00,167.0,167.5,159.6,159.9,2315400,VIC
2026-01-27 07:00:00,160.0,160.0,150.1,151.0,6581300,VIC
2026-01-28 07:00:00,151.0,154.5,140.5,140.5,10028300,VIC
2026-01-29 07:00:00,138.9,142.0,138.5,140.5,6992500,VIC
2026-01-30 07:00:00,140.5,141.9,135.9,140.5,6881400,VIC
2026-02-02 07:00:00,138.5,140.0,130.7,130.7,10401600,VIC
2026-02-03 07:00:00,125.3,133.1,125.3,130.7,8884500,VIC
2026-02-04 07:00:00,129.6,129.8,121.6,121.6,11704000,VIC
2026-02-05 07:00:00,119.0,130.1,118.9,130.1,7413900,VIC
2026-02-06 07:00:00,130.1,137.3,128.0,131.0,7311200,VIC
2026-02-09 07:00:00,132.8,133.3,129.5,132.3,2803700,VIC
2026-02-10 07:00:00,132.5,141.5,132.3,141.5,6103600,VIC
2026-02-11 07:00:00,148.0,151.3,147.0,150.8,5289000,VIC
2026-02-12 07:00:00,154.8,160.8,152.0,159.0,4346600,VIC
2026-02-13 07:00:00,161.9,164.1,152.0,160.0,5436200,VIC
2026-02-23 07:00:00,160.0,166.8,159.2,162.3,3711300,VIC
2026-02-24 07:00:00,162.3,163.6,159.0,162.9,1947400,VIC
2026-02-25 07:00:00,160.0,162.0,155.0,158.0,5289800,VIC
2026-02-26 07:00:00,157.0,169.0,157.0,168.9,6775200,VIC
2026-02-27 07:00:00,169.1,178.5,168.0,172.0,3624400,VIC
2026-03-02 07:00:00,171.0,177.8,166.0,167.2,4989000,VIC
2026-03-03 07:00:00,164.0,167.0,155.5,155.5,6378300,VIC
2026-03-04 07:00:00,150.6,161.0,150.6,155.6,4387500,VIC
2026-03-05 07:00:00,159.0,166.4,157.2,164.8,5615500,VIC
2026-03-06 07:00:00,163.5,165.0,156.0,156.5,2975400,VIC
2026-03-09 07:00:00,151.4,156.0,145.6,145.6,6353700,VIC
2026-03-10 07:00:00,154.8,154.8,141.0,141.8,4203800,VIC
2026-03-11 07:00:00,143.0,148.5,143.0,146.0,2974500,VIC
2026-03-12 07:00:00,144.8,149.7,142.9,145.0,3036100,VIC
2026-03-13 07:00:00,143.9,148.0,141.2,144.6,2665200,VIC
2026-03-16 07:00:00,146.2,147.6,141.4,144.7,2480300,VIC
2026-03-17 07:00:00,145.0,150.9,145.0,146.2,2810700,VIC
2026-03-18 07:00:00,148.3,156.0,146.0,146.0,4966200,VIC
2026-03-19 07:00:00,146.6,151.0,145.0,145.0,5611400,VIC
2026-03-20 07:00:00,148.0,148.0,135.0,135.0,10346200,VIC
2026-03-23 07:00:00,135.6,138.0,125.6,125.6,4671100,VIC
2026-03-24 07:00:00,132.0,132.4,122.8,124.0,3901200,VIC
2026-03-25 07:00:00,128.0,132.3,126.0,128.7,3013400,VIC
2026-03-26 07:00:00,129.9,130.9,125.9,130.0,2435600,VIC
2026-03-27 07:00:00,130.5,133.9,128.6,132.6,2124700,VIC
2026-03-30 07:00:00,128.9,132.2,127.5,129.5,2042500,VIC
2026-03-31 07:00:00,130.2,135.0,130.0,135.0,3316700,VIC
2026-04-01 07:00:00,143.0,144.3,139.3,141.0,3637400,VIC
2026-04-02 07:00:00,142.8,142.8,137.8,139.9,4153300,VIC
2026-04-03 07:00:00,140.0,144.9,139.3,141.0,2869800,VIC
2026-04-06 07:00:00,141.0,142.5,139.0,141.6,2024600,VIC
2026-04-07 07:00:00,141.6,146.9,139.9,143.4,3077600,VIC
2026-04-08 07:00:00,150.0,153.4,147.1,153.4,4034100,VIC
2026-04-09 07:00:00,154.0,154.0,149.2,149.2,2623100,VIC
2026-04-10 07:00:00,151.6,154.0,151.5,151.7,2195500,VIC
2026-04-13 07:00:00,151.7,162.0,149.3,160.0,4051300,VIC
2026-04-14 07:00:00,162.0,165.9,161.9,165.5,3658000,VIC
2026-04-15 07:00:00,166.2,177.0,166.2,177.0,6640600,VIC
2026-04-16 07:00:00,180.0,189.3,178.9,189.3,7573800,VIC
2026-04-17 07:00:00,194.9,200.0,187.5,187.9,6747900,VIC
2026-04-20 07:00:00,186.5,191.0,178.1,191.0,5425000,VIC
2026-04-21 07:00:00,194.0,201.9,192.4,193.7,3340700,VIC
2026-04-22 07:00:00,193.6,207.2,191.2,207.2,4713700,VIC
2026-04-23 07:00:00,212.0,218.9,209.1,214.5,4258100,VIC
2026-04-24 07:00:00,215.2,221.9,208.0,212.1,4235200,VIC
2026-04-28 07:00:00,210.0,226.9,209.8,225.5,5194900,VIC
2026-04-29 07:00:00,227.8,227.8,213.8,214.0,5786200,VIC
2026-05-04 07:00:00,217.0,220.0,204.0,212.0,3884000,VIC
2026-05-05 07:00:00,211.9,224.8,210.3,219.5,2877500,VIC
2026-05-06 07:00:00,220.5,223.0,214.5,219.5,3130600,VIC
2026-05-07 07:00:00,219.5,231.0,218.0,224.0,4299400,VIC
2026-05-08 07:00:00,223.6,227.3,218.0,226.0,3703600,VIC
2026-05-11 07:00:00,225.9,230.0,219.5,223.0,4626200,VIC
2026-05-12 07:00:00,222.0,225.6,215.1,222.0,4023400,VIC
2026-05-13 07:00:00,223.0,224.0,206.5,221.0,6456000,VIC
2026-05-14 07:00:00,218.0,232.0,211.5,229.8,3746700,VIC
2026-05-15 07:00:00,229.8,231.8,224.0,228.0,3910800,VIC
2026-05-18 07:00:00,226.8,228.8,221.7,225.0,2674600,VIC
2026-05-19 07:00:00,225.0,227.0,221.0,225.1,3376900,VIC
2026-05-20 07:00:00,225.1,230.2,222.2,226.7,3788300,VIC
2026-05-21 07:00:00,227.2,228.5,216.4,218.7,5372600,VIC
2026-05-22 07:00:00,218.5,218.5,209.3,216.5,4167600,VIC
2026-05-25 07:00:00,216.6,221.2,216.5,218.8,2333800,VIC
2026-05-26 07:00:00,218.8,218.8,212.5,213.0,2400500,VIC
2026-05-27 07:00:00,213.0,214.0,204.9,210.8,4515900,VIC
2026-05-28 07:00:00,209.1,217.5,206.1,210.8,3051200,VIC
2026-05-29 07:00:00,211.0,214.3,209.5,211.3,2017000,VIC
2026-06-01 07:00:00,211.4,212.5,204.5,204.9,2098200,VIC
2026-06-02 07:00:00,204.9,210.9,202.0,204.9,1679300,VIC
2026-06-03 07:00:00,204.7,204.9,191.0,197.6,5110300,VIC
2026-06-04 07:00:00,197.6,200.6,193.3,200.2,2507200,VIC
2026-06-05 07:00:00,200.3,210.3,200.3,207.0,3581100,VIC
2026-06-08 07:00:00,204.9,204.9,195.0,195.0,3271900,VIC
2026-06-09 07:00:00,198.0,198.0,192.7,193.2,1810400,VIC
2026-06-10 07:00:00,193.0,196.5,190.8,196.0,1395000,VIC
2026-06-11 07:00:00,193.0,196.1,191.9,196.0,1716200,VIC
2026-06-12 07:00:00,198.5,198.7,192.9,195.5,3276100,VIC
2026-06-15 07:00:00,196.1,197.5,184.7,192.6,4609900,VIC
2026-06-16 07:00:00,192.8,195.7,190.8,194.0,2893300,VIC
2026-06-17 07:00:00,190.0,192.9,186.7,192.0,3936100,VIC
2026-06-18 07:00:00,196.0,205.4,195.1,205.4,6434200,VIC
2026-06-19 07:00:00,206.7,207.5,203.0,205.5,4093100,VIC
2026-06-22 07:00:00,205.5,219.8,203.1,219.8,3513400,VIC
2026-06-23 07:00:00,224.2,230.0,223.6,229.0,5016500,VIC
2026-06-24 07:00:00,229.0,242.0,227.1,230.5,3746800,VIC
2026-06-25 07:00:00,230.5,232.0,221.1,225.0,3049700,VIC
2026-06-26 07:00:00,221.5,228.9,221.5,228.0,2571200,VIC
2026-06-29 07:00:00,227.0,227.7,217.0,217.2,3602500,VIC
2026-06-30 07:00:00,216.0,221.0,212.0,220.0,3900200,VIC
2026-07-01 07:00:00,220.0,220.2,216.7,217.1,1760600,VIC
2026-07-02 07:00:00,217.1,221.2,216.1,220.3,2543800,VIC
2026-07-03 07:00:00,219.9,222.9,219.3,220.3,2086300,VIC
2026-07-06 07:00:00,222.5,222.7,217.1,220.3,3093000,VIC
2026-07-07 07:00:00,218.5,220.3,215.2,220.3,2948800,VIC
2026-07-08 07:00:00,218.0,221.2,218.0,220.7,1934000,VIC
2026-07-09 07:00:00,218.5,221.3,218.5,221.0,2366400,VIC
2026-07-10 07:00:00,221.0,224.7,220.8,223.0,3999100,VIC
2026-07-13 07:00:00,223.6,223.6,218.1,221.5,3795000,VIC
2026-07-14 07:00:00,219.0,219.7,212.5,219.0,3450700,VIC
2026-07-15 07:00:00,218.4,218.4,211.5,217.0,3687900,VIC
2026-07-16 07:00:00,212.0,223.0,212.0,223.0,4074700,VIC
2026-07-17 07:00:00,223.0,224.0,220.0,220.0,2845200,VIC
2026-07-20 07:00:00,219.9,220.2,218.9,220.0,2732800,VIC
2026-07-21 07:00:00,216.3,220.0,214.4,217.3,2839700,VIC
2026-07-22 07:00:00,216.0,217.0,202.1,202.1,5736200,VIC
2026-07-23 07:00:00,201.0,214.7,200.0,214.0,4235400,VIC
2026-07-24 07:00:00,209.5,213.6,208.9,213.1,2599400,VIC
2026-07-27 07:00:00,215.0,215.0,210.9,213.5,2911700,VIC
2026-07-28 07:00:00,210.0,213.8,209.7,213.8,2751800,VIC
2026-07-29 07:00:00,214.1,222.5,210.4,219.4,4951600,VIC
2026-07-30 07:00:00,216.5,220.7,216.5,220.0,4809100,VIC
2026-07-31 07:00:00,223.8,223.8,214.1,214.1,4372800,VIC
2026-08-03 07:00:00,216.0,216.3,212.0,213.0,4179900,VIC
2026-08-04 07:00:00,214.0,221.5,212.4,218.0,5187600,VIC
2026-08-05 07:00:00,218.6,221.6,218.6,220.0,6228400,VIC
2026-08-06 07:00:00,219.0,222.0,218.6,218.8,4794300,VIC
2026-08-07 07:00:00,218.4,218.4,212.3,215.0,5350500,VIC
2026-08-10 07:00:00,213.6,215.1,208.1,208.5,4429400,VIC
2026-08-11 07:00:00,209.2,211.5,205.5,208.5,4985100,VIC
2026-08-12 07:00:00,208.7,215.8,207.5,215.5,5299800,VIC
2026-08-13 07:00:00,215.0,215.6,207.5,207.9,5537700,VIC
2026-08-14 07:00:00,208.0,208.1,195.0,200.4,7976400,VIC
2026-08-17 07:00:00,200.4,200.4,194.6,198.0,6484400,VIC
2026-08-18 07:00:00,198.0,203.9,197.5,200.0,4301900,VIC
2026-08-19 07:00:00,200.0,200.9,199.2,200.0,5248400,VIC
2026-08-20 07:00:00,201.8,204.2,201.0,202.0,5246400,VIC
2026-08-21 07:00:00,201.4,205.7,199.9,205.0,3196900,VIC
2026-08-24 07:00:00,208.0,214.9,208.0,214.5,3586200,VIC
2026-08-25 07:00:00,216.5,227.3,215.3,220.5,10310200,VIC
2026-08-26 07:00:00,219.1,230.0,219.1,230.0,9982600,VIC
2026-08-27 07:00:00,228.9,237.8,227.9,236.0,8567700,VIC
2026-08-28 07:00:00,236.0,237.1,230.1,236.0,8553100,VIC
2026-09-03 07:00:00,232.9,244.5,226.0,244.5,7676800,VIC
2026-09-04 07:00:00,244.7,260.0,244.7,256.1,7518600,VIC
2026-09-07 07:00:00,256.1,265.0,245.0,245.0,6063900,VIC
2026-09-08 07:00:00,243.5,249.8,240.8,249.6,6268500,VIC
2026-09-09 07:00:00,252.0,255.8,244.6,247.7,4857800,VIC
2026-09-10 07:00:00,247.7,249.5,244.4,247.7,4481800,VIC
2026-09-11 07:00:00,244.3,248.3,243.3,243.3,4264000,VIC
2026-09-14 07:00:00,242.3,243.3,235.6,241.4,4144700,VIC
2026-09-15 07:00:00,242.0,243.2,240.8,241.3,4196100,VIC
2026-09-16 07:00:00,240.9,243.8,237.6,241.2,4014000,VIC
2026-09-17 07:00:00,240.9,244.1,239.8,241.2,3951500,VIC
2026-09-18 07:00:00,244.5,244.5,240.3,241.2,13251500,VIC
2026-09-21 07:00:00,243.4,243.4,232.8,235.0,3685300,VIC
2026-09-22 07:00:00,235.0,243.8,230.2,243.8,1493400,VIC
2026-09-23 07:00:00,244.3,246.4,242.5,242.9,364300,VIC
