time,open,high,low,close,volume,ticker
2019-01-02 07:00:00,91.5,92.49,88.45,89.21,509920,VJC
2019-01-03 07:00:00,89.21,89.59,87.69,88.6,579590,VJC
2019-01-04 07:00:00,87.69,88.68,86.39,87.69,882080,VJC
2019-01-07 07:00:00,88.68,88.75,86.24,88.45,637590,VJC
2019-01-08 07:00:00,88.68,88.68,87.31,87.69,226650,VJC
2019-01-09 07:00:00,87.69,88.45,87.38,87.69,554850,VJC
2019-01-10 07:00:00,88.07,88.07,87.53,87.69,381340,VJC
2019-01-11 07:00:00,87.69,90.28,87.69,89.21,799230,VJC
2019-01-14 07:00:00,89.52,90.66,89.06,89.59,487330,VJC
2019-01-15 07:00:00,89.67,89.9,88.68,89.36,514390,VJC
2019-01-16 07:00:00,89.21,89.44,87.69,88.45,638280,VJC
2019-01-17 07:00:00,88.45,88.45,87.31,88.07,614570,VJC
2019-01-18 07:00:00,88.22,88.3,87.15,87.84,489080,VJC
2019-01-21 07:00:00,87.31,88.14,87.31,87.84,294150,VJC
2019-01-22 07:00:00,88.07,88.3,87.53,87.69,351870,VJC
2019-01-23 07:00:00,87.69,88.3,87.61,88.07,398030,VJC
2019-01-24 07:00:00,88.45,90.28,88.45,89.97,721190,VJC
2019-01-25 07:00:00,90.28,93.41,90.28,93.41,778640,VJC
2019-01-28 07:00:00,93.63,94.24,92.64,93.41,305350,VJC
2019-01-29 07:00:00,93.41,93.71,92.03,92.8,280160,VJC
2019-01-30 07:00:00,92.8,94.4,92.8,93.94,646990,VJC
2019-01-31 07:00:00,93.94,94.32,93.18,94.17,455960,VJC
2019-02-01 07:00:00,94.17,95.31,94.09,95.31,797560,VJC
2019-02-11 07:00:00,95.62,96.15,95.31,96.0,359160,VJC
2019-02-12 07:00:00,96.07,96.53,95.24,96.0,721400,VJC
2019-02-13 07:00:00,95.46,95.77,94.7,94.93,643080,VJC
2019-02-14 07:00:00,95.01,95.01,93.79,94.09,473820,VJC
2019-02-15 07:00:00,94.09,94.09,91.96,92.49,553820,VJC
2019-02-18 07:00:00,92.49,92.64,91.42,91.88,713710,VJC
2019-02-19 07:00:00,91.96,93.71,91.88,92.11,902500,VJC
2019-02-20 07:00:00,92.11,92.11,90.74,91.35,537530,VJC
2019-02-21 07:00:00,91.19,91.27,89.59,90.74,1065070,VJC
2019-02-22 07:00:00,90.74,93.86,90.74,92.64,1145220,VJC
2019-02-25 07:00:00,93.41,94.93,93.41,94.93,1125900,VJC
2019-02-26 07:00:00,95.31,95.31,93.86,94.24,932940,VJC
2019-02-27 07:00:00,94.24,94.24,93.02,93.56,1333370,VJC
2019-02-28 07:00:00,93.79,93.86,90.74,90.74,1629860,VJC
2019-03-01 07:00:00,90.74,91.5,89.21,91.5,1125320,VJC
2019-03-04 07:00:00,91.88,92.41,91.27,92.19,990660,VJC
2019-03-05 07:00:00,91.96,92.03,91.12,91.5,1074790,VJC
2019-03-06 07:00:00,91.5,92.26,91.5,92.26,939310,VJC
2019-03-07 07:00:00,92.26,92.72,92.19,92.57,1014890,VJC
2019-03-08 07:00:00,91.88,92.26,91.12,92.03,1002300,VJC
2019-03-11 07:00:00,92.03,92.72,91.5,92.49,794310,VJC
2019-03-12 07:00:00,92.57,92.8,91.42,91.88,1048390,VJC
2019-03-13 07:00:00,91.65,92.03,90.36,91.35,1223310,VJC
2019-03-14 07:00:00,91.35,91.35,89.82,90.28,1156440,VJC
2019-03-15 07:00:00,90.2,90.81,90.2,90.74,598760,VJC
2019-03-18 07:00:00,90.74,91.35,90.58,91.35,660300,VJC
2019-03-19 07:00:00,91.42,91.58,90.74,91.35,809590,VJC
2019-03-20 07:00:00,91.35,91.35,90.05,91.35,592830,VJC
2019-03-21 07:00:00,91.35,91.42,90.13,90.36,660960,VJC
2019-03-22 07:00:00,90.43,90.81,89.82,90.66,481800,VJC
2019-03-25 07:00:00,89.97,90.28,89.14,89.97,815680,VJC
2019-03-26 07:00:00,90.28,90.81,89.82,89.97,459670,VJC
2019-03-27 07:00:00,89.97,90.36,89.59,90.2,459010,VJC
2019-03-28 07:00:00,89.97,90.13,88.83,89.36,620430,VJC
2019-03-29 07:00:00,89.52,89.67,88.37,88.83,944370,VJC
2019-04-01 07:00:00,88.75,89.06,87.0,87.46,959500,VJC
2019-04-02 07:00:00,87.31,88.45,87.31,87.46,504360,VJC
2019-04-03 07:00:00,87.46,87.61,85.86,86.85,761320,VJC
2019-04-04 07:00:00,86.31,87.46,86.01,86.31,451040,VJC
2019-04-05 07:00:00,86.31,86.7,85.7,86.01,522350,VJC
2019-04-08 07:00:00,86.01,86.31,84.18,84.26,621740,VJC
2019-04-09 07:00:00,84.26,86.92,81.82,85.78,1595160,VJC
2019-04-10 07:00:00,86.31,86.31,84.64,86.09,1003980,VJC
2019-04-11 07:00:00,86.54,87.69,86.16,86.85,1106190,VJC
2019-04-12 07:00:00,86.24,86.92,85.78,86.31,876490,VJC
2019-04-16 07:00:00,85.7,86.39,85.17,86.39,619310,VJC
2019-04-17 07:00:00,86.47,86.54,85.63,86.54,565610,VJC
2019-04-18 07:00:00,86.54,88.45,86.39,86.92,995140,VJC
2019-04-19 07:00:00,87.69,88.22,87.38,87.61,568360,VJC
2019-04-22 07:00:00,87.69,88.14,87.46,87.61,448080,VJC
2019-04-23 07:00:00,87.76,88.15,87.23,88.0,431630,VJC
2019-04-24 07:00:00,88.0,88.07,87.23,88.07,401640,VJC
2019-04-25 07:00:00,88.07,88.92,87.61,88.61,670050,VJC
2019-04-26 07:00:00,88.07,89.15,87.84,89.15,575360,VJC
2019-05-02 07:00:00,89.61,91.15,89.23,91.15,1077940,VJC
2019-05-03 07:00:00,91.0,91.23,90.61,91.15,868540,VJC
2019-05-06 07:00:00,90.38,90.53,89.53,90.23,846420,VJC
2019-05-07 07:00:00,90.38,90.69,89.23,90.0,468670,VJC
2019-05-08 07:00:00,89.23,89.61,88.23,88.84,704440,VJC
2019-05-09 07:00:00,88.84,89.15,88.15,88.84,545570,VJC
2019-05-10 07:00:00,88.84,89.15,87.69,88.76,560410,VJC
2019-05-13 07:00:00,88.69,89.23,88.46,89.23,616000,VJC
2019-05-14 07:00:00,89.23,89.84,89.0,89.84,653650,VJC
2019-05-15 07:00:00,90.0,90.92,90.0,90.76,820490,VJC
2019-05-16 07:00:00,90.76,91.38,90.61,90.76,744920,VJC
2019-05-17 07:00:00,90.76,90.76,90.0,90.69,631990,VJC
2019-05-20 07:00:00,90.69,91.46,90.46,91.0,900890,VJC
2019-05-21 07:00:00,91.07,91.46,91.07,91.38,613310,VJC
2019-05-22 07:00:00,91.92,92.38,91.15,91.92,707930,VJC
2019-05-23 07:00:00,91.92,92.07,91.23,91.84,639060,VJC
2019-05-24 07:00:00,91.38,92.61,91.15,92.23,898900,VJC
2019-05-27 07:00:00,92.69,93.07,92.23,92.69,423350,VJC
2019-05-28 07:00:00,92.69,96.15,92.61,96.15,1298700,VJC
2019-05-29 07:00:00,95.76,95.76,94.46,95.0,443520,VJC
2019-05-30 07:00:00,94.61,95.53,93.84,95.53,413490,VJC
2019-05-31 07:00:00,95.38,96.15,95.07,95.76,714840,VJC
2019-06-03 07:00:00,95.38,95.38,93.76,93.84,631510,VJC
2019-06-04 07:00:00,93.84,94.3,92.3,93.3,558310,VJC
2019-06-05 07:00:00,93.69,93.76,92.92,93.38,530380,VJC
2019-06-06 07:00:00,93.3,93.38,91.84,93.38,584270,VJC
2019-06-07 07:00:00,93.46,94.0,93.46,94.0,534680,VJC
2019-06-10 07:00:00,94.3,96.0,94.23,95.38,644970,VJC
2019-06-11 07:00:00,95.07,95.53,94.46,95.38,480010,VJC
2019-06-12 07:00:00,95.38,95.46,94.23,95.0,444310,VJC
2019-06-13 07:00:00,94.92,94.92,93.15,93.53,455860,VJC
2019-06-14 07:00:00,93.15,94.61,93.15,93.61,484660,VJC
2019-06-17 07:00:00,91.92,92.61,91.53,92.23,568680,VJC
2019-06-18 07:00:00,92.23,92.61,90.76,90.76,358970,VJC
2019-06-19 07:00:00,91.92,92.15,91.0,91.92,474540,VJC
2019-06-20 07:00:00,92.0,95.0,91.92,94.84,738760,VJC
2019-06-21 07:00:00,94.76,95.0,94.15,94.76,559790,VJC
2019-06-24 07:00:00,94.76,95.23,94.76,95.0,628250,VJC
2019-06-25 07:00:00,94.69,95.76,94.61,95.3,655640,VJC
2019-06-26 07:00:00,95.23,95.76,95.23,95.53,690590,VJC
2019-06-27 07:00:00,95.53,95.84,95.38,95.76,663660,VJC
2019-06-28 07:00:00,95.53,98.46,95.53,98.46,977470,VJC
2019-07-01 07:00:00,96.92,98.3,96.92,97.69,780500,VJC
2019-07-02 07:00:00,97.76,99.0,97.61,98.84,609150,VJC
2019-07-03 07:00:00,98.84,98.92,97.92,98.84,491480,VJC
2019-07-04 07:00:00,98.84,99.92,98.53,99.61,559370,VJC
2019-07-05 07:00:00,99.61,99.84,99.22,99.61,420080,VJC
2019-07-08 07:00:00,99.3,99.3,98.22,98.84,606760,VJC
2019-07-09 07:00:00,98.84,99.15,98.22,99.15,629690,VJC
2019-07-10 07:00:00,99.76,101.15,99.69,101.15,803320,VJC
2019-07-11 07:00:00,101.15,101.15,100.3,101.0,599200,VJC
2019-07-12 07:00:00,101.07,101.22,100.15,100.15,604680,VJC
2019-07-15 07:00:00,101.07,100.3,99.3,99.61,592580,VJC
2019-07-16 07:00:00,99.69,100.76,99.61,100.76,817510,VJC
2019-07-17 07:00:00,100.84,100.84,99.61,100.0,597950,VJC
2019-07-18 07:00:00,100.07,100.76,98.84,98.84,612200,VJC
2019-07-19 07:00:00,100.07,100.22,99.15,100.15,590430,VJC
2019-07-22 07:00:00,100.76,103.84,100.76,101.53,511730,VJC
2019-07-23 07:00:00,100.92,101.61,100.92,101.46,426150,VJC
2019-07-24 07:00:00,101.46,103.07,101.46,102.15,679130,VJC
2019-07-25 07:00:00,102.53,102.92,102.07,102.3,771590,VJC
2019-07-26 07:00:00,101.92,102.38,101.92,102.3,717200,VJC
2019-07-29 07:00:00,102.46,102.84,102.3,102.61,585650,VJC
2019-07-30 07:00:00,102.69,102.92,102.61,102.61,492810,VJC
2019-07-31 07:00:00,102.61,102.99,101.53,102.61,849980,VJC
2019-08-01 07:00:00,101.92,102.61,100.92,102.3,888880,VJC
2019-08-02 07:00:00,101.53,101.84,101.15,101.84,752100,VJC
2019-08-05 07:00:00,101.15,101.15,100.3,100.53,799780,VJC
2019-08-06 07:00:00,99.84,100.07,98.84,100.07,893350,VJC
2019-08-07 07:00:00,100.22,100.84,100.22,100.69,533510,VJC
2019-08-08 07:00:00,100.84,101.15,100.07,100.84,671470,VJC
2019-08-09 07:00:00,100.92,101.3,100.69,101.3,819860,VJC
2019-08-12 07:00:00,101.53,103.46,101.46,103.46,801570,VJC
2019-08-13 07:00:00,102.92,103.22,101.53,101.92,526150,VJC
2019-08-14 07:00:00,102.07,103.07,101.15,101.22,1004290,VJC
2019-08-15 07:00:00,100.15,101.07,99.22,100.22,529870,VJC
2019-08-16 07:00:00,100.0,100.46,100.0,100.38,636040,VJC
2019-08-19 07:00:00,100.38,101.0,100.0,100.38,720980,VJC
2019-08-20 07:00:00,100.38,100.38,99.61,100.0,979530,VJC
2019-08-21 07:00:00,100.15,100.69,99.69,100.69,853770,VJC
2019-08-22 07:00:00,100.69,101.69,100.53,101.69,1047830,VJC
2019-08-23 07:00:00,101.76,103.07,101.69,103.07,1709500,VJC
2019-08-26 07:00:00,102.92,102.92,101.15,101.53,398470,VJC
2019-08-27 07:00:00,101.53,101.99,101.22,101.99,485470,VJC
2019-08-28 07:00:00,101.53,102.15,101.22,101.84,390240,VJC
2019-08-29 07:00:00,101.84,101.84,101.3,101.53,379870,VJC
2019-08-30 07:00:00,101.84,101.53,101.07,101.53,386150,VJC
2019-09-03 07:00:00,101.53,101.84,98.92,101.53,674010,VJC
2019-09-04 07:00:00,101.15,101.46,100.22,100.3,317510,VJC
2019-09-05 07:00:00,100.3,100.53,99.92,100.3,557030,VJC
2019-09-06 07:00:00,100.3,100.38,99.22,100.3,350770,VJC
2019-09-09 07:00:00,100.46,102.3,100.38,102.15,743950,VJC
2019-09-10 07:00:00,102.46,102.69,101.99,102.53,300980,VJC
2019-09-11 07:00:00,102.53,102.76,101.69,102.76,552470,VJC
2019-09-12 07:00:00,102.84,105.38,102.76,105.38,677330,VJC
2019-09-13 07:00:00,105.38,106.69,105.38,106.3,581100,VJC
2019-09-16 07:00:00,106.3,108.15,106.3,108.07,918890,VJC
2019-09-17 07:00:00,107.69,108.07,107.38,107.92,1660130,VJC
2019-09-18 07:00:00,107.92,107.92,105.84,107.46,443680,VJC
2019-09-19 07:00:00,107.46,107.61,106.3,107.3,513500,VJC
2019-09-20 07:00:00,106.92,107.22,106.15,106.15,3731860,VJC
2019-09-23 07:00:00,106.15,106.15,105.69,105.84,319890,VJC
2019-09-24 07:00:00,105.76,106.15,105.76,105.84,447380,VJC
2019-09-25 07:00:00,105.76,105.92,103.84,104.61,414030,VJC
2019-09-26 07:00:00,104.07,104.84,104.07,104.61,325980,VJC
2019-09-27 07:00:00,104.69,105.15,104.22,105.07,437980,VJC
2019-09-30 07:00:00,104.61,105.99,104.61,105.92,488290,VJC
2019-10-01 07:00:00,105.99,105.99,105.22,105.76,340010,VJC
2019-10-02 07:00:00,105.76,105.99,105.38,105.84,401000,VJC
2019-10-03 07:00:00,105.69,105.69,105.22,105.61,336620,VJC
2019-10-04 07:00:00,105.69,106.69,105.46,105.84,710480,VJC
2019-10-07 07:00:00,105.84,105.84,104.92,105.69,429440,VJC
2019-10-08 07:00:00,105.61,105.99,105.46,105.69,498720,VJC
2019-10-09 07:00:00,105.53,105.92,105.22,105.69,528830,VJC
2019-10-10 07:00:00,105.76,105.76,105.22,105.76,509370,VJC
2019-10-11 07:00:00,105.76,107.3,105.69,107.22,649930,VJC
2019-10-14 07:00:00,107.22,107.84,107.22,107.22,489110,VJC
2019-10-15 07:00:00,107.22,107.84,107.22,107.38,481300,VJC
2019-10-16 07:00:00,107.3,107.46,106.61,106.92,329060,VJC
2019-10-17 07:00:00,107.15,107.46,106.46,106.53,458890,VJC
2019-10-18 07:00:00,106.53,107.15,106.3,106.99,400630,VJC
2019-10-21 07:00:00,106.99,108.69,106.92,107.69,489400,VJC
2019-10-22 07:00:00,107.92,110.69,107.92,110.69,451730,VJC
2019-10-23 07:00:00,110.69,111.07,109.99,110.76,435740,VJC
2019-10-24 07:00:00,110.69,111.46,109.99,111.46,468850,VJC
2019-10-25 07:00:00,110.76,112.69,110.76,112.22,458050,VJC
2019-10-28 07:00:00,112.22,113.15,111.53,111.53,311800,VJC
2019-10-29 07:00:00,110.92,111.84,110.38,110.38,394270,VJC
2019-10-30 07:00:00,110.76,111.76,110.76,111.38,707320,VJC
2019-10-31 07:00:00,111.53,111.69,110.92,111.53,657640,VJC
2019-11-01 07:00:00,111.61,111.92,111.53,111.92,441910,VJC
2019-11-04 07:00:00,111.76,111.76,110.99,111.76,374520,VJC
2019-11-05 07:00:00,111.76,112.22,111.76,112.07,507500,VJC
2019-11-06 07:00:00,111.53,111.92,109.99,110.38,476860,VJC
2019-11-07 07:00:00,110.38,110.46,109.53,110.15,400270,VJC
2019-11-08 07:00:00,110.15,110.22,109.99,110.15,389400,VJC
2019-11-11 07:00:00,110.22,110.38,109.61,109.84,428170,VJC
2019-11-12 07:00:00,109.84,110.38,109.69,110.38,394890,VJC
2019-11-13 07:00:00,110.46,110.76,110.15,110.38,433120,VJC
2019-11-14 07:00:00,110.38,110.61,110.07,110.3,419880,VJC
2019-11-15 07:00:00,110.38,110.53,109.92,110.22,495170,VJC
2019-11-18 07:00:00,110.22,110.53,109.92,110.38,509230,VJC
2019-11-19 07:00:00,110.38,110.76,110.3,110.76,583570,VJC
2019-11-20 07:00:00,110.99,111.69,110.92,111.46,581440,VJC
2019-11-21 07:00:00,111.15,111.46,110.3,110.3,602750,VJC
2019-11-22 07:00:00,109.99,110.46,109.61,109.99,431230,VJC
2019-11-25 07:00:00,109.22,109.99,108.92,109.99,393890,VJC
2019-11-26 07:00:00,109.99,110.38,109.99,110.22,445370,VJC
2019-11-27 07:00:00,110.38,110.61,110.15,110.53,321040,VJC
2019-11-28 07:00:00,110.61,111.3,110.61,111.22,501020,VJC
2019-11-29 07:00:00,111.22,111.61,111.22,111.46,336450,VJC
2019-12-02 07:00:00,111.61,112.46,111.46,112.38,561090,VJC
2019-12-03 07:00:00,112.15,112.15,111.53,111.84,492220,VJC
2019-12-04 07:00:00,111.84,112.07,111.53,111.92,395960,VJC
2019-12-05 07:00:00,111.99,112.22,111.84,111.84,413470,VJC
2019-12-06 07:00:00,111.76,111.76,110.84,111.07,385820,VJC
2019-12-09 07:00:00,110.99,111.15,110.15,111.15,351930,VJC
2019-12-10 07:00:00,111.15,111.15,110.22,110.61,400540,VJC
2019-12-11 07:00:00,110.53,110.84,110.3,110.69,405490,VJC
2019-12-12 07:00:00,110.76,111.69,110.69,111.69,423230,VJC
2019-12-13 07:00:00,111.69,111.84,111.15,111.15,349180,VJC
2019-12-16 07:00:00,111.15,111.15,109.84,109.99,409810,VJC
2019-12-17 07:00:00,109.92,109.99,109.46,109.69,309620,VJC
2019-12-18 07:00:00,109.69,109.76,109.38,109.76,389080,VJC
2019-12-19 07:00:00,109.84,109.99,109.46,109.69,452360,VJC
2019-12-20 07:00:00,109.69,109.76,109.3,109.61,800200,VJC
2019-12-23 07:00:00,109.61,110.61,109.61,109.92,407670,VJC
2019-12-24 07:00:00,109.92,110.38,109.84,110.38,358610,VJC
2019-12-25 07:00:00,110.3,110.61,110.15,110.61,354830,VJC
2019-12-26 07:00:00,110.61,110.76,110.38,110.53,371430,VJC
2019-12-27 07:00:00,110.38,110.53,110.3,110.46,360120,VJC
2019-12-30 07:00:00,110.46,111.07,110.38,111.07,415840,VJC
2019-12-31 07:00:00,111.22,112.53,111.07,112.46,482790,VJC
2020-01-02 07:00:00,112.53,113.84,112.53,113.84,419710,VJC
2020-01-03 07:00:00,113.84,114.46,113.46,113.84,350790,VJC
2020-01-06 07:00:00,113.69,113.69,111.99,112.3,334350,VJC
2020-01-07 07:00:00,112.15,112.3,111.92,112.22,360760,VJC
2020-01-08 07:00:00,112.07,112.15,110.76,111.38,417200,VJC
2020-01-09 07:00:00,111.38,112.46,111.3,112.46,451440,VJC
2020-01-10 07:00:00,112.46,112.53,111.76,112.46,483900,VJC
2020-01-13 07:00:00,112.46,112.69,112.22,112.69,466570,VJC
2020-01-14 07:00:00,112.69,112.69,112.15,112.3,486130,VJC
2020-01-15 07:00:00,112.22,112.3,111.76,112.3,422930,VJC
2020-01-16 07:00:00,112.3,112.53,112.15,112.3,404540,VJC
2020-01-17 07:00:00,112.3,114.15,112.3,113.99,506950,VJC
2020-01-20 07:00:00,113.99,113.99,113.07,113.07,341310,VJC
2020-01-21 07:00:00,113.07,113.22,112.69,113.07,369200,VJC
2020-01-22 07:00:00,113.07,113.07,112.69,112.69,365030,VJC
2020-01-30 07:00:00,111.53,111.53,107.69,107.69,565700,VJC
2020-01-31 07:00:00,107.46,107.46,100.15,100.15,489090,VJC
2020-02-03 07:00:00,93.15,96.53,93.15,96.53,1089690,VJC
2020-02-04 07:00:00,96.53,99.84,96.46,99.22,271820,VJC
2020-02-05 07:00:00,99.22,99.46,97.53,97.69,477530,VJC
2020-02-06 07:00:00,98.07,98.38,97.15,98.07,422850,VJC
2020-02-07 07:00:00,98.15,101.46,98.0,100.92,502280,VJC
2020-02-10 07:00:00,100.76,100.76,99.07,99.22,269590,VJC
2020-02-11 07:00:00,99.22,99.3,98.69,99.22,345280,VJC
2020-02-12 07:00:00,99.3,99.38,98.76,99.38,372700,VJC
2020-02-13 07:00:00,99.15,99.38,98.76,99.38,362740,VJC
2020-02-14 07:00:00,99.38,99.38,98.76,98.92,280880,VJC
2020-02-17 07:00:00,98.84,99.15,98.84,99.0,324750,VJC
2020-02-18 07:00:00,99.07,99.07,98.76,99.0,347240,VJC
2020-02-19 07:00:00,99.0,99.0,98.69,98.76,377580,VJC
2020-02-20 07:00:00,98.76,99.0,98.46,98.84,257700,VJC
2020-02-21 07:00:00,98.84,99.07,98.76,98.92,371740,VJC
2020-02-24 07:00:00,98.76,98.84,97.92,98.46,306570,VJC
2020-02-25 07:00:00,98.3,98.3,96.3,97.69,247200,VJC
2020-02-26 07:00:00,96.53,96.61,96.0,96.15,388100,VJC
2020-02-27 07:00:00,96.15,96.15,94.38,94.46,243980,VJC
2020-02-28 07:00:00,93.84,94.38,93.69,93.76,305420,VJC
2020-03-02 07:00:00,93.07,93.07,91.84,92.92,339750,VJC
2020-03-03 07:00:00,92.69,93.76,92.53,92.92,335300,VJC
2020-03-04 07:00:00,92.92,99.0,92.23,93.3,401940,VJC
2020-03-05 07:00:00,93.46,95.3,93.38,94.61,413440,VJC
2020-03-06 07:00:00,94.53,94.53,92.23,92.69,299570,VJC
2020-03-09 07:00:00,91.53,91.53,86.23,87.3,340670,VJC
2020-03-10 07:00:00,83.84,88.07,82.92,88.07,346960,VJC
2020-03-11 07:00:00,88.07,88.07,81.92,81.92,683340,VJC
2020-03-12 07:00:00,81.15,81.53,76.23,77.69,791610,VJC
2020-03-13 07:00:00,76.53,77.69,72.3,77.69,488260,VJC
2020-03-16 07:00:00,76.38,76.92,73.84,76.92,397240,VJC
2020-03-17 07:00:00,75.38,78.23,75.15,78.23,439950,VJC
2020-03-18 07:00:00,78.23,78.46,75.38,78.0,383680,VJC
2020-03-19 07:00:00,76.3,76.92,73.15,75.38,540170,VJC
2020-03-20 07:00:00,75.38,79.23,74.92,79.23,467800,VJC
2020-03-23 07:00:00,76.92,76.92,73.69,73.69,400260,VJC
2020-03-24 07:00:00,72.92,75.38,72.76,74.23,331440,VJC
2020-03-25 07:00:00,75.38,76.53,74.3,74.69,310640,VJC
2020-03-26 07:00:00,74.69,74.69,72.76,74.61,208360,VJC
2020-03-27 07:00:00,74.23,74.53,72.46,74.53,222210,VJC
2020-03-30 07:00:00,72.3,74.23,71.69,74.23,131550,VJC
2020-03-31 07:00:00,74.23,76.07,73.84,74.76,153980,VJC
2020-04-01 07:00:00,74.76,76.3,74.61,76.3,250950,VJC
2020-04-03 07:00:00,76.3,78.0,76.15,76.84,377340,VJC
2020-04-06 07:00:00,76.84,77.07,76.15,76.84,466290,VJC
2020-04-07 07:00:00,76.92,76.92,74.76,76.15,264000,VJC
2020-04-08 07:00:00,75.76,76.15,75.0,76.15,272420,VJC
2020-04-09 07:00:00,76.15,79.23,75.84,78.46,359760,VJC
2020-04-10 07:00:00,78.46,83.92,78.46,83.92,268880,VJC
2020-04-13 07:00:00,86.92,89.76,86.15,89.0,241950,VJC
2020-04-14 07:00:00,88.07,88.07,84.23,86.76,300930,VJC
2020-04-15 07:00:00,86.0,86.3,81.53,85.23,244450,VJC
2020-04-16 07:00:00,85.38,89.23,85.07,89.23,304040,VJC
2020-04-17 07:00:00,89.23,90.76,89.23,90.3,391890,VJC
2020-04-20 07:00:00,90.46,90.46,89.61,90.15,380240,VJC
2020-04-21 07:00:00,89.61,89.61,86.92,88.46,270040,VJC
2020-04-22 07:00:00,88.23,88.84,87.53,88.53,422410,VJC
2020-04-23 07:00:00,88.84,90.23,88.84,89.53,417880,VJC
2020-04-24 07:00:00,89.61,89.61,88.23,88.61,220300,VJC
2020-04-27 07:00:00,88.61,88.61,86.92,87.3,279920,VJC
2020-04-28 07:00:00,86.92,87.3,86.3,86.84,211570,VJC
2020-04-29 07:00:00,88.84,89.61,86.23,88.84,500000,VJC
2020-05-04 07:00:00,88.84,89.23,87.61,87.92,265270,VJC
2020-05-05 07:00:00,87.84,87.92,85.53,85.76,257530,VJC
2020-05-06 07:00:00,86.0,86.53,85.92,86.23,411930,VJC
2020-05-07 07:00:00,86.3,88.61,86.3,88.61,413820,VJC
2020-05-08 07:00:00,88.61,94.76,88.53,92.3,922100,VJC
2020-05-11 07:00:00,91.23,91.76,90.46,91.23,404180,VJC
2020-05-12 07:00:00,91.23,91.23,89.69,90.3,448580,VJC
2020-05-13 07:00:00,90.0,90.0,84.0,88.38,709770,VJC
2020-05-14 07:00:00,88.3,88.3,86.76,87.69,529830,VJC
2020-05-15 07:00:00,87.69,88.07,87.53,87.69,396390,VJC
2020-05-18 07:00:00,87.69,87.84,87.0,87.69,403230,VJC
2020-05-19 07:00:00,88.46,89.23,88.07,88.38,565860,VJC
2020-05-20 07:00:00,88.07,88.07,87.3,87.46,290200,VJC
2020-05-21 07:00:00,87.46,88.46,87.38,88.46,452160,VJC
2020-05-22 07:00:00,88.3,88.3,86.92,87.69,397860,VJC
2020-05-25 07:00:00,87.69,87.69,87.0,87.0,331260,VJC
2020-05-26 07:00:00,86.92,87.15,86.46,86.92,464120,VJC
2020-05-27 07:00:00,86.92,88.61,86.92,86.92,496870,VJC
2020-05-28 07:00:00,86.92,87.84,86.92,87.15,436060,VJC
2020-05-29 07:00:00,87.15,87.15,86.84,86.92,449840,VJC
2020-06-01 07:00:00,86.92,87.69,86.84,87.15,406510,VJC
2020-06-02 07:00:00,87.15,88.84,87.07,88.23,593950,VJC
2020-06-03 07:00:00,88.23,88.23,87.46,87.53,311360,VJC
2020-06-04 07:00:00,87.61,87.92,87.53,87.92,687650,VJC
2020-06-05 07:00:00,87.76,87.92,87.38,87.92,368780,VJC
2020-06-08 07:00:00,87.92,88.92,87.92,88.46,688020,VJC
2020-06-09 07:00:00,89.84,91.38,89.23,90.61,727700,VJC
2020-06-10 07:00:00,90.69,91.07,90.3,90.61,544330,VJC
2020-06-11 07:00:00,90.61,90.69,87.3,87.3,697580,VJC
2020-06-12 07:00:00,86.15,87.23,84.07,87.23,657920,VJC
2020-06-15 07:00:00,86.3,86.3,83.84,83.84,629650,VJC
2020-06-16 07:00:00,84.61,84.92,82.38,82.84,612480,VJC
2020-06-17 07:00:00,82.84,84.46,82.69,84.46,479940,VJC
2020-06-18 07:00:00,84.23,85.61,83.84,85.38,345560,VJC
2020-06-19 07:00:00,85.38,86.07,84.23,84.61,418810,VJC
2020-06-22 07:00:00,84.61,84.61,83.23,83.84,276620,VJC
2020-06-23 07:00:00,83.46,85.38,83.23,84.15,277520,VJC
2020-06-24 07:00:00,84.15,84.15,83.07,83.46,267910,VJC
2020-06-25 07:00:00,83.07,83.46,82.46,83.46,258530,VJC
2020-06-26 07:00:00,83.23,83.61,82.69,83.46,248260,VJC
2020-06-29 07:00:00,83.84,84.23,81.92,82.15,328140,VJC
2020-06-30 07:00:00,83.0,83.07,81.84,83.07,289590,VJC
2020-07-01 07:00:00,83.07,83.46,82.38,83.07,313260,VJC
2020-07-02 07:00:00,83.07,83.07,82.23,83.0,244570,VJC
2020-07-03 07:00:00,82.69,83.23,82.69,83.07,284360,VJC
2020-07-06 07:00:00,83.07,83.23,82.46,82.84,318520,VJC
2020-07-07 07:00:00,82.69,83.84,82.69,83.3,350630,VJC
2020-07-08 07:00:00,83.15,83.15,82.69,82.76,289450,VJC
2020-07-09 07:00:00,82.76,84.23,82.53,83.15,519710,VJC
2020-07-10 07:00:00,83.15,84.61,82.84,83.07,401690,VJC
2020-07-13 07:00:00,83.07,84.23,82.3,83.07,369240,VJC
2020-07-14 07:00:00,83.07,83.38,82.3,83.07,327810,VJC
2020-07-15 07:00:00,83.07,83.53,82.92,82.92,210730,VJC
2020-07-16 07:00:00,82.92,86.15,82.53,86.15,280190,VJC
2020-07-17 07:00:00,83.84,83.84,83.07,83.84,319230,VJC
2020-07-20 07:00:00,83.61,83.61,82.53,82.69,218370,VJC
2020-07-21 07:00:00,82.61,83.46,82.3,83.38,232510,VJC
2020-07-22 07:00:00,83.3,83.3,82.61,82.61,247420,VJC
2020-07-23 07:00:00,82.61,83.07,82.46,83.0,252960,VJC
2020-07-24 07:00:00,82.69,83.0,78.76,79.84,351710,VJC
2020-07-27 07:00:00,75.38,76.92,74.3,75.3,362790,VJC
2020-07-28 07:00:00,75.23,75.3,73.0,74.23,334050,VJC
2020-07-29 07:00:00,73.84,74.15,72.54,73.15,229700,VJC
2020-07-30 07:00:00,73.15,74.61,73.15,73.84,208710,VJC
2020-07-31 07:00:00,73.07,73.76,72.69,72.69,266790,VJC
2020-08-03 07:00:00,72.69,74.0,72.69,73.84,297320,VJC
2020-08-04 07:00:00,73.84,75.0,73.84,74.61,323790,VJC
2020-08-05 07:00:00,74.61,76.92,73.92,76.76,413720,VJC
2020-08-06 07:00:00,76.92,78.53,76.92,77.69,362410,VJC
2020-08-07 07:00:00,77.69,77.84,76.3,77.15,255020,VJC
2020-08-10 07:00:00,77.15,77.69,76.92,76.92,339710,VJC
2020-08-11 07:00:00,76.92,77.0,76.23,76.53,240830,VJC
2020-08-12 07:00:00,76.76,77.3,76.69,77.3,298910,VJC
2020-08-13 07:00:00,77.46,78.15,77.38,78.15,421970,VJC
2020-08-14 07:00:00,78.15,78.23,77.15,77.38,362250,VJC
2020-08-17 07:00:00,77.38,77.38,76.0,77.07,265010,VJC
2020-08-18 07:00:00,76.92,77.07,76.07,76.76,267090,VJC
2020-08-19 07:00:00,76.76,76.92,76.61,76.92,245440,VJC
2020-08-20 07:00:00,76.84,76.92,76.0,76.61,481250,VJC
2020-08-21 07:00:00,76.69,76.69,76.23,76.61,270450,VJC
2020-08-24 07:00:00,76.69,77.23,76.69,76.92,537630,VJC
2020-08-25 07:00:00,77.0,77.23,76.3,76.53,560970,VJC
2020-08-26 07:00:00,76.76,77.38,76.61,77.38,460680,VJC
2020-08-27 07:00:00,77.3,77.38,76.53,76.61,276490,VJC
2020-08-28 07:00:00,76.76,77.53,76.76,77.38,480460,VJC
2020-08-31 07:00:00,77.69,79.38,77.46,79.23,489880,VJC
2020-09-01 07:00:00,79.76,81.15,79.69,81.15,686820,VJC
2020-09-03 07:00:00,82.0,83.0,81.92,82.76,607480,VJC
2020-09-04 07:00:00,81.15,82.76,81.15,82.76,663890,VJC
2020-09-07 07:00:00,83.07,83.07,81.23,82.3,485630,VJC
2020-09-08 07:00:00,82.3,82.3,81.07,82.15,404020,VJC
2020-09-09 07:00:00,81.53,81.53,80.3,81.53,527620,VJC
2020-09-10 07:00:00,81.53,81.69,81.15,81.53,460670,VJC
2020-09-11 07:00:00,81.53,81.53,80.38,81.38,409590,VJC
2020-09-14 07:00:00,81.53,82.61,81.53,82.61,551420,VJC
2020-09-15 07:00:00,82.69,83.07,81.53,82.23,415560,VJC
2020-09-16 07:00:00,82.23,82.23,81.53,82.23,443260,VJC
2020-09-17 07:00:00,82.23,82.23,81.46,81.46,566330,VJC
2020-09-18 07:00:00,81.0,81.61,81.0,81.53,356340,VJC
2020-09-21 07:00:00,81.53,82.3,81.53,81.92,416780,VJC
2020-09-22 07:00:00,81.92,82.15,81.46,82.07,641230,VJC
2020-09-23 07:00:00,82.07,82.15,81.53,81.92,370730,VJC
2020-09-24 07:00:00,81.61,81.84,81.15,81.38,353690,VJC
2020-09-25 07:00:00,81.38,81.69,81.0,81.23,314150,VJC
2020-09-28 07:00:00,81.3,81.38,80.76,81.15,331270,VJC
2020-09-29 07:00:00,81.07,81.07,80.0,80.0,374370,VJC
2020-09-30 07:00:00,79.84,81.0,79.84,80.46,413700,VJC
2020-10-01 07:00:00,80.53,81.15,80.46,81.15,445300,VJC
2020-10-02 07:00:00,81.15,81.23,80.23,80.69,384660,VJC
2020-10-05 07:00:00,80.76,81.07,80.61,80.61,306570,VJC
2020-10-06 07:00:00,80.61,80.69,79.92,80.38,408750,VJC
2020-10-07 07:00:00,80.23,80.23,79.23,80.0,356210,VJC
2020-10-08 07:00:00,80.0,80.0,79.46,80.0,405290,VJC
2020-10-09 07:00:00,80.0,80.61,80.0,80.3,380200,VJC
2020-10-12 07:00:00,80.3,80.76,80.15,80.76,496670,VJC
2020-10-13 07:00:00,81.0,81.15,80.53,80.76,338730,VJC
2020-10-14 07:00:00,80.76,80.76,80.0,80.46,297820,VJC
2020-10-15 07:00:00,80.38,81.53,79.61,81.53,500370,VJC
2020-10-16 07:00:00,81.38,81.46,80.46,80.76,417480,VJC
2020-10-19 07:00:00,80.76,80.76,80.0,80.38,334870,VJC
2020-10-20 07:00:00,80.38,80.38,79.61,80.38,439430,VJC
2020-10-21 07:00:00,80.3,80.46,79.84,79.92,467800,VJC
2020-10-22 07:00:00,79.84,80.76,79.53,80.76,506260,VJC
2020-10-23 07:00:00,80.76,81.0,80.0,81.0,677260,VJC
2020-10-26 07:00:00,81.0,81.07,80.38,80.38,607970,VJC
2020-10-27 07:00:00,80.38,80.84,80.0,80.38,618430,VJC
2020-10-28 07:00:00,80.38,80.84,78.84,80.0,729460,VJC
2020-10-29 07:00:00,80.0,80.0,77.0,78.69,588780,VJC
2020-10-30 07:00:00,78.53,78.53,76.46,77.84,519620,VJC
2020-11-02 07:00:00,77.69,80.69,77.3,80.69,507940,VJC
2020-11-03 07:00:00,80.69,81.23,79.23,81.15,582490,VJC
2020-11-04 07:00:00,81.15,81.3,81.0,81.15,566300,VJC
2020-11-05 07:00:00,81.15,81.38,81.07,81.3,542890,VJC
2020-11-06 07:00:00,81.3,81.38,80.61,81.3,560540,VJC
2020-11-09 07:00:00,81.3,81.53,81.15,81.53,485200,VJC
2020-11-10 07:00:00,87.23,87.23,87.23,87.23,694840,VJC
2020-11-11 07:00:00,87.69,88.07,86.84,87.53,690230,VJC
2020-11-12 07:00:00,87.3,87.61,86.46,86.69,440800,VJC
2020-11-13 07:00:00,86.3,86.69,85.0,86.69,491700,VJC
2020-11-16 07:00:00,86.76,87.61,83.0,85.53,673890,VJC
2020-11-17 07:00:00,85.92,86.92,84.69,86.92,633100,VJC
2020-11-18 07:00:00,87.07,87.46,86.23,87.3,761020,VJC
2020-11-19 07:00:00,87.15,87.46,86.0,87.46,666610,VJC
2020-11-20 07:00:00,86.92,92.69,86.92,91.46,829730,VJC
2020-11-23 07:00:00,91.46,91.53,90.69,91.46,447160,VJC
2020-11-24 07:00:00,91.46,91.46,90.0,90.76,403970,VJC
2020-11-25 07:00:00,90.92,92.46,90.76,91.53,617760,VJC
2020-11-26 07:00:00,91.53,92.38,90.76,92.38,599050,VJC
2020-11-27 07:00:00,92.46,92.46,91.38,91.53,406570,VJC
2020-11-30 07:00:00,91.3,91.46,90.3,90.38,636680,VJC
2020-12-01 07:00:00,89.23,90.84,88.46,90.76,558190,VJC
2020-12-02 07:00:00,90.38,91.92,90.38,91.92,612480,VJC
2020-12-03 07:00:00,92.07,92.07,90.92,91.38,448840,VJC
2020-12-04 07:00:00,90.92,91.53,90.69,91.15,496960,VJC
2020-12-07 07:00:00,91.07,91.07,90.3,90.76,483840,VJC
2020-12-08 07:00:00,90.69,91.3,90.46,91.15,522530,VJC
2020-12-09 07:00:00,91.15,92.3,91.0,92.3,683020,VJC
2020-12-10 07:00:00,92.53,92.84,91.53,92.15,655870,VJC
2020-12-11 07:00:00,92.15,94.0,92.07,94.0,721710,VJC
2020-12-14 07:00:00,94.38,97.69,94.38,97.69,722460,VJC
2020-12-15 07:00:00,97.69,99.22,96.15,96.15,948860,VJC
2020-12-16 07:00:00,96.15,98.53,96.0,98.53,530890,VJC
2020-12-17 07:00:00,97.69,98.07,95.76,95.84,590300,VJC
2020-12-18 07:00:00,95.69,97.3,95.69,96.15,832310,VJC
2020-12-21 07:00:00,96.3,96.76,96.0,96.76,652430,VJC
2020-12-22 07:00:00,96.53,96.61,94.92,95.07,517670,VJC
2020-12-23 07:00:00,95.07,95.07,93.92,94.3,529610,VJC
2020-12-24 07:00:00,94.46,95.15,93.76,94.61,523500,VJC
2020-12-25 07:00:00,94.61,96.92,94.46,96.84,874910,VJC
2020-12-28 07:00:00,96.84,96.92,95.69,96.07,611380,VJC
2020-12-29 07:00:00,95.84,96.92,95.53,96.61,637610,VJC
2020-12-30 07:00:00,96.61,96.69,95.76,95.76,564770,VJC
2020-12-31 07:00:00,95.76,96.84,95.38,96.15,628120,VJC
2021-01-04 07:00:00,96.3,96.92,95.38,96.76,792100,VJC
2021-01-05 07:00:00,96.76,97.07,95.84,96.0,653500,VJC
2021-01-06 07:00:00,96.07,96.15,94.38,95.15,635000,VJC
2021-01-07 07:00:00,95.15,96.46,95.0,95.84,616000,VJC
2021-01-08 07:00:00,96.23,97.46,96.23,97.3,739800,VJC
2021-01-11 07:00:00,97.3,101.53,97.3,101.0,786900,VJC
2021-01-12 07:00:00,101.07,101.22,100.53,101.15,633500,VJC
2021-01-13 07:00:00,101.3,101.53,100.84,101.0,623100,VJC
2021-01-14 07:00:00,100.61,101.07,99.61,100.53,749700,VJC
2021-01-15 07:00:00,100.92,101.38,100.0,101.38,752000,VJC
2021-01-18 07:00:00,101.46,101.76,100.92,101.53,850100,VJC
2021-01-19 07:00:00,101.53,101.69,98.38,98.38,700700,VJC
2021-01-20 07:00:00,98.76,100.0,96.92,100.0,634500,VJC
2021-01-21 07:00:00,100.0,101.15,99.07,100.76,755200,VJC
2021-01-22 07:00:00,101.22,103.07,100.76,102.92,878700,VJC
2021-01-25 07:00:00,102.76,102.99,102.53,102.76,824300,VJC
2021-01-26 07:00:00,102.76,102.76,99.61,100.76,469900,VJC
2021-01-27 07:00:00,100.53,100.76,98.84,100.61,683300,VJC
2021-01-28 07:00:00,97.92,98.07,93.61,93.61,437200,VJC
2021-01-29 07:00:00,91.53,100.0,90.76,96.76,682500,VJC
2021-02-01 07:00:00,96.76,97.3,94.07,96.53,593900,VJC
2021-02-02 07:00:00,96.38,99.84,96.23,99.76,606400,VJC
2021-02-03 07:00:00,99.84,101.15,99.22,100.76,600400,VJC
2021-02-04 07:00:00,100.76,100.84,99.22,100.46,604900,VJC
2021-02-05 07:00:00,100.61,100.84,100.38,100.84,496400,VJC
2021-02-08 07:00:00,100.38,100.46,93.84,95.84,1310700,VJC
2021-02-09 07:00:00,96.38,99.22,95.53,99.22,660800,VJC
2021-02-17 07:00:00,99.61,100.76,99.3,100.76,618600,VJC
2021-02-18 07:00:00,100.69,101.38,99.22,101.38,608400,VJC
2021-02-19 07:00:00,101.15,101.46,99.84,101.38,536500,VJC
2021-02-22 07:00:00,101.46,101.46,100.0,101.22,577000,VJC
2021-02-23 07:00:00,101.0,103.46,99.46,103.07,1228400,VJC
2021-02-24 07:00:00,103.07,103.84,101.15,101.46,545400,VJC
2021-02-25 07:00:00,101.53,103.84,100.92,103.84,839300,VJC
2021-02-26 07:00:00,103.46,104.61,102.69,103.92,772100,VJC
2021-03-01 07:00:00,104.07,105.3,103.84,104.76,663800,VJC
2021-03-02 07:00:00,105.15,106.53,103.92,105.92,802800,VJC
2021-03-03 07:00:00,105.69,105.99,104.22,105.53,704400,VJC
2021-03-04 07:00:00,104.99,105.92,104.07,105.22,353700,VJC
2021-03-05 07:00:00,104.92,105.38,103.84,105.22,490100,VJC
2021-03-08 07:00:00,105.53,105.61,103.22,104.61,493900,VJC
2021-03-09 07:00:00,104.3,104.3,102.3,103.76,476800,VJC
2021-03-10 07:00:00,103.76,104.22,102.76,104.22,767100,VJC
2021-03-11 07:00:00,104.46,104.99,103.99,104.69,633000,VJC
2021-03-12 07:00:00,104.22,104.84,103.07,103.84,528900,VJC
2021-03-15 07:00:00,103.84,104.15,102.69,103.84,495700,VJC
2021-03-16 07:00:00,103.84,103.92,102.3,103.53,477000,VJC
2021-03-17 07:00:00,103.22,103.3,100.92,102.69,564100,VJC
2021-03-18 07:00:00,102.69,103.76,102.3,103.76,499900,VJC
2021-03-19 07:00:00,103.38,103.53,100.38,100.38,934300,VJC
2021-03-22 07:00:00,101.22,102.3,101.15,102.07,507300,VJC
2021-03-23 07:00:00,101.53,101.99,100.07,100.76,356300,VJC
2021-03-24 07:00:00,100.0,100.84,98.07,98.46,415100,VJC
2021-03-25 07:00:00,98.46,100.69,98.3,98.53,508100,VJC
2021-03-26 07:00:00,98.69,100.38,98.61,100.38,403500,VJC
2021-03-29 07:00:00,100.53,101.22,100.38,101.22,640100,VJC
2021-03-30 07:00:00,101.22,101.3,100.0,101.22,509900,VJC
2021-03-31 07:00:00,101.15,101.22,99.76,99.76,456300,VJC
2021-04-01 07:00:00,100.0,102.22,99.76,101.92,536300,VJC
2021-04-02 07:00:00,102.92,103.3,101.76,101.76,530900,VJC
2021-04-05 07:00:00,104.61,104.61,101.69,101.76,440800,VJC
2021-04-06 07:00:00,101.92,102.92,101.69,102.3,427200,VJC
2021-04-07 07:00:00,102.3,103.07,101.61,102.3,381100,VJC
2021-04-08 07:00:00,102.69,103.07,101.99,102.3,418400,VJC
2021-04-09 07:00:00,102.69,102.69,101.07,101.38,417900,VJC
2021-04-12 07:00:00,101.61,101.61,100.69,101.38,621400,VJC
2021-04-13 07:00:00,101.84,101.84,100.84,101.46,499500,VJC
2021-04-14 07:00:00,101.69,101.76,100.76,101.53,508200,VJC
2021-04-15 07:00:00,101.53,101.84,99.22,101.3,640800,VJC
2021-04-16 07:00:00,101.3,101.3,98.61,99.22,431200,VJC
2021-04-19 07:00:00,99.22,99.69,98.46,99.38,592600,VJC
2021-04-20 07:00:00,99.38,101.53,99.07,100.76,729500,VJC
2021-04-22 07:00:00,100.38,101.61,100.22,100.3,772400,VJC
2021-04-23 07:00:00,100.3,100.61,97.3,99.61,812600,VJC
2021-04-26 07:00:00,100.46,100.46,95.0,98.07,562600,VJC
2021-04-27 07:00:00,98.07,98.38,96.92,97.84,474700,VJC
2021-04-28 07:00:00,97.84,97.84,95.92,96.92,517100,VJC
2021-04-29 07:00:00,96.92,97.0,95.46,96.07,520600,VJC
2021-05-04 07:00:00,96.07,96.15,94.61,95.38,515300,VJC
2021-05-05 07:00:00,95.38,96.0,94.92,95.76,507100,VJC
2021-05-06 07:00:00,95.76,95.76,93.84,93.84,426600,VJC
2021-05-07 07:00:00,93.07,94.3,90.76,91.92,439500,VJC
2021-05-10 07:00:00,91.92,92.3,90.76,91.69,472400,VJC
2021-05-11 07:00:00,91.84,92.15,91.38,91.53,527700,VJC
2021-05-12 07:00:00,91.53,91.69,90.76,91.53,532100,VJC
2021-05-13 07:00:00,91.53,91.76,89.84,90.0,481000,VJC
2021-05-14 07:00:00,90.0,91.3,89.76,90.69,659000,VJC
2021-05-17 07:00:00,90.76,90.92,87.69,87.69,485200,VJC
2021-05-18 07:00:00,87.92,88.3,86.23,86.92,390900,VJC
2021-05-19 07:00:00,86.92,87.07,84.3,84.61,362700,VJC
2021-05-20 07:00:00,84.15,85.38,83.38,85.38,475700,VJC
2021-05-21 07:00:00,85.15,86.69,85.0,86.69,329600,VJC
2021-05-24 07:00:00,86.69,87.53,86.38,87.3,523500,VJC
2021-05-25 07:00:00,87.3,87.3,86.15,87.15,423000,VJC
2021-05-26 07:00:00,86.92,87.23,86.3,86.92,473000,VJC
2021-05-27 07:00:00,86.92,86.92,84.61,86.92,438000,VJC
2021-05-28 07:00:00,86.92,86.92,85.0,86.15,501900,VJC
2021-05-31 07:00:00,86.0,86.0,82.3,84.61,512700,VJC
2021-06-01 07:00:00,84.53,84.53,81.53,81.69,283700,VJC
2021-06-02 07:00:00,81.69,82.46,81.53,82.0,518700,VJC
2021-06-03 07:00:00,82.0,82.46,81.38,82.23,589000,VJC
2021-06-04 07:00:00,81.69,82.61,81.69,82.61,634100,VJC
2021-06-07 07:00:00,82.69,86.0,82.69,86.0,684500,VJC
2021-06-08 07:00:00,86.92,90.38,86.38,90.15,674400,VJC
2021-06-09 07:00:00,90.15,90.3,87.15,88.69,642400,VJC
2021-06-10 07:00:00,88.15,88.15,85.76,87.53,637800,VJC
2021-06-11 07:00:00,87.61,88.84,86.76,88.84,801200,VJC
2021-06-14 07:00:00,88.84,89.07,88.46,89.0,642700,VJC
2021-06-15 07:00:00,89.0,90.0,88.92,90.0,667600,VJC
2021-06-16 07:00:00,89.07,90.23,89.07,89.61,532500,VJC
2021-06-17 07:00:00,89.23,89.61,88.46,89.61,588400,VJC
2021-06-18 07:00:00,89.3,89.61,88.76,89.23,366100,VJC
2021-06-21 07:00:00,89.23,89.23,87.53,87.69,669000,VJC
2021-06-22 07:00:00,88.0,88.76,87.69,88.46,528900,VJC
2021-06-23 07:00:00,88.53,88.69,88.0,88.53,588000,VJC
2021-06-24 07:00:00,89.15,89.15,88.46,88.84,634400,VJC
2021-06-25 07:00:00,88.84,89.23,88.46,89.15,470100,VJC
2021-06-28 07:00:00,89.23,89.3,88.15,88.84,514200,VJC
2021-06-29 07:00:00,89.0,92.3,88.69,92.3,666900,VJC
2021-06-30 07:00:00,92.3,93.61,92.15,93.46,595200,VJC
2021-07-01 07:00:00,93.46,93.46,92.0,92.84,534300,VJC
2021-07-02 07:00:00,93.07,93.15,92.15,92.76,506800,VJC
2021-07-05 07:00:00,92.3,93.07,90.61,91.0,480300,VJC
2021-07-06 07:00:00,90.92,92.23,90.61,91.76,567200,VJC
2021-07-07 07:00:00,91.76,93.69,91.3,93.69,839800,VJC
2021-07-08 07:00:00,93.0,93.07,91.0,92.53,494800,VJC
2021-07-09 07:00:00,92.46,92.46,90.23,91.46,636700,VJC
2021-07-12 07:00:00,91.46,93.46,88.0,92.3,1009700,VJC
2021-07-13 07:00:00,92.3,92.3,90.61,92.23,544200,VJC
2021-07-14 07:00:00,92.23,92.69,85.84,90.0,1100100,VJC
2021-07-15 07:00:00,89.92,89.92,84.0,88.3,1035600,VJC
2021-07-16 07:00:00,88.3,88.76,87.3,88.76,667200,VJC
2021-07-19 07:00:00,88.23,88.23,85.38,87.69,575900,VJC
2021-07-20 07:00:00,87.38,88.07,84.61,88.07,515500,VJC
2021-07-21 07:00:00,87.69,88.07,86.38,87.69,514000,VJC
2021-07-22 07:00:00,87.61,87.84,86.76,87.69,544600,VJC
2021-07-23 07:00:00,87.61,87.61,85.23,87.23,554400,VJC
2021-07-26 07:00:00,86.92,87.69,85.76,87.69,618700,VJC
2021-07-27 07:00:00,87.69,88.84,87.53,88.38,622500,VJC
2021-07-28 07:00:00,88.07,88.07,87.15,88.0,520600,VJC
2021-07-29 07:00:00,88.0,88.0,86.38,88.0,499600,VJC
2021-07-30 07:00:00,88.07,88.07,86.46,86.92,531100,VJC
2021-08-02 07:00:00,86.92,89.15,86.92,88.84,503200,VJC
2021-08-03 07:00:00,88.69,89.46,88.0,89.23,573800,VJC
2021-08-04 07:00:00,89.23,89.38,88.46,89.38,501500,VJC
2021-08-05 07:00:00,89.53,89.61,88.07,89.61,370000,VJC
2021-08-06 07:00:00,89.84,90.38,89.23,90.3,474000,VJC
2021-08-09 07:00:00,89.84,92.07,89.23,91.92,612100,VJC
2021-08-10 07:00:00,91.92,92.3,90.38,91.3,496900,VJC
2021-08-11 07:00:00,91.38,91.46,90.76,91.3,514200,VJC
2021-08-12 07:00:00,91.3,91.53,89.92,91.3,479400,VJC
2021-08-13 07:00:00,91.3,91.3,89.61,90.76,535200,VJC
2021-08-16 07:00:00,90.84,90.84,89.46,90.23,479300,VJC
2021-08-17 07:00:00,90.3,90.3,89.84,90.23,515600,VJC
2021-08-18 07:00:00,90.23,90.92,90.07,90.76,847700,VJC
2021-08-19 07:00:00,90.76,92.3,90.53,92.3,1395400,VJC
2021-08-20 07:00:00,91.53,92.3,90.38,92.15,1628900,VJC
2021-08-23 07:00:00,91.92,92.53,90.92,92.53,1568100,VJC
2021-08-24 07:00:00,92.61,94.46,92.15,94.46,1511400,VJC
2021-08-25 07:00:00,95.0,97.69,94.61,97.69,1411700,VJC
2021-08-26 07:00:00,96.76,97.61,95.61,96.76,1114900,VJC
2021-08-27 07:00:00,97.0,97.53,96.0,97.53,1411900,VJC
2021-08-30 07:00:00,97.3,97.69,95.38,97.61,1228100,VJC
2021-08-31 07:00:00,97.53,97.53,96.15,97.3,1053100,VJC
2021-09-01 07:00:00,96.53,97.15,95.84,96.53,864900,VJC
2021-09-06 07:00:00,95.92,96.92,95.92,96.69,1004300,VJC
2021-09-07 07:00:00,96.53,96.53,95.23,95.84,821500,VJC
2021-09-08 07:00:00,95.84,95.84,94.61,95.84,813400,VJC
2021-09-09 07:00:00,95.84,99.22,95.38,99.22,1226800,VJC
2021-09-10 07:00:00,99.61,100.0,99.38,99.84,921800,VJC
2021-09-13 07:00:00,99.84,99.84,98.46,98.46,1019600,VJC
2021-09-14 07:00:00,98.0,98.3,96.15,96.76,886300,VJC
2021-09-15 07:00:00,96.38,97.22,96.38,96.92,688100,VJC
2021-09-16 07:00:00,96.92,97.07,96.23,96.92,713100,VJC
2021-09-17 07:00:00,96.92,97.0,95.38,96.07,1237700,VJC
2021-09-20 07:00:00,96.15,96.84,95.0,95.53,704400,VJC
2021-09-21 07:00:00,95.53,95.53,93.84,95.0,631600,VJC
2021-09-22 07:00:00,95.0,95.15,93.46,94.84,701200,VJC
2021-09-23 07:00:00,94.84,95.38,93.84,95.15,697200,VJC
2021-09-24 07:00:00,95.07,96.3,94.61,96.15,1043200,VJC
2021-09-27 07:00:00,96.23,99.76,96.15,99.22,1228000,VJC
2021-09-28 07:00:00,99.07,99.46,98.46,99.22,842800,VJC
2021-09-29 07:00:00,99.22,99.3,97.69,98.84,855900,VJC
2021-09-30 07:00:00,98.46,99.07,97.61,98.38,761000,VJC
2021-10-01 07:00:00,98.07,99.22,96.53,99.07,764200,VJC
2021-10-04 07:00:00,99.07,101.53,98.84,101.38,1035800,VJC
2021-10-05 07:00:00,101.07,101.3,99.38,100.61,813900,VJC
2021-10-06 07:00:00,100.61,100.61,98.46,99.53,740600,VJC
2021-10-07 07:00:00,99.53,100.0,97.92,99.07,745200,VJC
2021-10-08 07:00:00,99.07,99.22,97.76,99.15,724900,VJC
2021-10-11 07:00:00,99.76,101.92,99.22,101.92,1098600,VJC
2021-10-12 07:00:00,101.92,102.15,101.38,101.92,922800,VJC
2021-10-13 07:00:00,102.15,103.15,101.92,102.99,815200,VJC
2021-10-14 07:00:00,102.53,103.38,101.92,103.38,817100,VJC
2021-10-15 07:00:00,103.38,103.46,100.69,101.3,982000,VJC
2021-10-18 07:00:00,100.76,101.22,99.84,100.92,844300,VJC
2021-10-19 07:00:00,100.76,103.99,100.0,103.99,1077000,VJC
2021-10-20 07:00:00,103.99,104.99,102.53,104.53,938400,VJC
2021-10-21 07:00:00,104.53,104.53,101.38,101.38,864500,VJC
2021-10-22 07:00:00,101.46,102.15,101.22,101.38,788400,VJC
2021-10-25 07:00:00,101.38,102.69,101.0,101.38,898200,VJC
2021-10-26 07:00:00,101.38,101.99,100.53,101.92,876300,VJC
2021-10-27 07:00:00,101.92,103.84,101.76,103.07,922500,VJC
2021-10-28 07:00:00,103.07,103.38,102.15,102.69,887800,VJC
2021-10-29 07:00:00,102.3,103.07,101.53,101.53,763800,VJC
2021-11-01 07:00:00,101.46,101.46,99.92,100.0,991500,VJC
2021-11-02 07:00:00,100.0,101.53,100.0,101.53,919800,VJC
2021-11-03 07:00:00,101.38,101.53,98.46,99.84,728500,VJC
2021-11-04 07:00:00,99.46,99.84,98.0,99.69,681700,VJC
2021-11-05 07:00:00,99.69,100.22,99.38,100.0,869300,VJC
2021-11-08 07:00:00,99.84,101.53,99.69,101.38,1047900,VJC
2021-11-09 07:00:00,101.46,101.46,99.46,100.76,798700,VJC
2021-11-10 07:00:00,100.76,100.76,99.07,99.76,716900,VJC
2021-11-11 07:00:00,99.38,99.53,97.92,98.92,823500,VJC
2021-11-12 07:00:00,98.61,99.15,98.07,98.92,755200,VJC
2021-11-15 07:00:00,98.53,98.92,96.92,97.69,803300,VJC
2021-11-16 07:00:00,97.3,98.38,96.53,98.38,798400,VJC
2021-11-17 07:00:00,98.07,98.46,97.69,98.38,746000,VJC
2021-11-18 07:00:00,98.38,98.46,96.61,97.3,907700,VJC
2021-11-19 07:00:00,97.3,98.38,97.07,98.3,958800,VJC
2021-11-22 07:00:00,98.61,98.76,96.92,98.46,799300,VJC
2021-11-23 07:00:00,98.3,101.61,98.07,101.53,1315200,VJC
2021-11-24 07:00:00,101.84,101.84,100.61,101.69,1180200,VJC
2021-11-25 07:00:00,101.69,102.15,100.69,101.53,1018500,VJC
2021-11-26 07:00:00,101.38,101.38,98.53,99.61,911400,VJC
2021-11-29 07:00:00,99.15,99.15,95.76,96.15,873500,VJC
2021-11-30 07:00:00,94.61,95.15,93.53,94.23,669000,VJC
2021-12-01 07:00:00,93.53,93.84,89.84,92.3,819000,VJC
2021-12-02 07:00:00,92.3,93.0,92.07,92.61,814300,VJC
2021-12-03 07:00:00,92.61,92.92,91.0,92.61,805100,VJC
2021-12-06 07:00:00,92.15,92.69,90.76,92.69,775800,VJC
2021-12-07 07:00:00,92.3,94.61,91.15,94.61,921000,VJC
2021-12-08 07:00:00,94.46,94.61,92.38,93.38,732800,VJC
2021-12-09 07:00:00,93.0,95.0,91.92,95.0,839700,VJC
2021-12-10 07:00:00,95.07,96.15,94.23,95.76,677000,VJC
2021-12-13 07:00:00,95.76,96.92,95.38,96.76,907500,VJC
2021-12-14 07:00:00,96.92,96.92,94.69,95.38,794800,VJC
2021-12-15 07:00:00,95.3,95.61,94.53,95.38,779800,VJC
2021-12-16 07:00:00,94.69,95.38,93.15,94.46,771600,VJC
2021-12-17 07:00:00,94.53,95.07,93.38,94.23,744300,VJC
2021-12-20 07:00:00,94.23,94.23,92.3,93.92,708000,VJC
2021-12-21 07:00:00,93.76,94.23,93.46,94.23,680800,VJC
2021-12-22 07:00:00,94.23,94.61,93.07,94.38,698600,VJC
2021-12-23 07:00:00,94.38,95.3,92.84,95.3,690500,VJC
2021-12-24 07:00:00,95.3,95.76,94.46,95.38,776800,VJC
2021-12-27 07:00:00,95.38,96.15,94.61,96.15,718700,VJC
2021-12-28 07:00:00,96.69,96.84,94.38,96.3,770700,VJC
2021-12-29 07:00:00,96.3,96.46,94.92,96.3,863100,VJC
2021-12-30 07:00:00,95.84,96.92,95.38,96.92,881800,VJC
2021-12-31 07:00:00,96.92,98.69,96.76,98.69,894700,VJC
2022-01-04 07:00:00,98.69,98.69,96.92,96.92,689600,VJC
2022-01-05 07:00:00,96.76,96.84,94.61,94.61,570100,VJC
2022-01-06 07:00:00,94.61,95.69,94.38,95.23,627100,VJC
2022-01-07 07:00:00,95.23,95.46,93.69,95.23,642900,VJC
2022-01-10 07:00:00,95.3,95.3,94.23,95.23,682900,VJC
2022-01-11 07:00:00,95.0,95.23,93.84,95.23,681400,VJC
2022-01-12 07:00:00,94.61,94.76,92.92,94.76,624600,VJC
2022-01-13 07:00:00,94.61,94.61,92.3,93.84,706800,VJC
2022-01-14 07:00:00,93.76,94.07,93.07,93.84,585400,VJC
2022-01-17 07:00:00,93.46,93.84,92.3,92.69,644300,VJC
2022-01-18 07:00:00,92.69,95.76,92.3,95.76,842300,VJC
2022-01-19 07:00:00,95.38,97.15,93.84,97.15,1015700,VJC
2022-01-20 07:00:00,96.92,97.15,95.07,95.07,901800,VJC
2022-01-21 07:00:00,95.07,95.15,93.07,93.84,515100,VJC
2022-01-24 07:00:00,93.69,93.84,90.23,92.69,605600,VJC
2022-01-25 07:00:00,92.69,93.3,91.15,93.3,576600,VJC
2022-01-26 07:00:00,93.3,93.3,91.53,93.15,666100,VJC
2022-01-27 07:00:00,93.07,93.69,91.61,93.15,714600,VJC
2022-01-28 07:00:00,93.46,94.38,93.15,93.76,574300,VJC
2022-02-07 07:00:00,94.46,100.3,94.46,100.3,1056700,VJC
2022-02-08 07:00:00,100.53,102.07,100.07,101.15,829100,VJC
2022-02-09 07:00:00,100.61,103.84,99.84,103.84,1157100,VJC
2022-02-10 07:00:00,103.69,103.69,101.76,102.3,1069200,VJC
2022-02-11 07:00:00,102.15,102.22,99.84,102.15,872700,VJC
2022-02-14 07:00:00,101.53,107.69,101.53,107.69,1282800,VJC
2022-02-15 07:00:00,106.84,107.69,105.38,107.07,908700,VJC
2022-02-16 07:00:00,107.3,107.3,105.46,107.07,640900,VJC
2022-02-17 07:00:00,106.92,108.92,106.38,108.92,1176900,VJC
2022-02-18 07:00:00,107.76,114.61,107.76,114.61,1422400,VJC
2022-02-21 07:00:00,113.46,114.3,112.3,112.3,974300,VJC
2022-02-22 07:00:00,110.76,110.99,108.61,109.84,799500,VJC
2022-02-23 07:00:00,109.53,114.61,109.22,113.99,1153400,VJC
2022-02-24 07:00:00,112.99,113.99,110.38,113.84,731400,VJC
2022-02-25 07:00:00,113.92,113.92,111.61,111.61,754400,VJC
2022-02-28 07:00:00,111.15,111.15,106.61,107.76,794300,VJC
2022-03-01 07:00:00,106.92,109.61,106.92,108.38,808300,VJC
2022-03-02 07:00:00,108.3,111.53,107.92,111.53,1116200,VJC
2022-03-03 07:00:00,111.53,111.53,108.69,110.3,641900,VJC
2022-03-04 07:00:00,109.61,109.84,107.22,107.22,691700,VJC
2022-03-07 07:00:00,106.61,106.61,103.07,103.22,801900,VJC
2022-03-08 07:00:00,103.07,105.38,102.92,105.38,863400,VJC
2022-03-09 07:00:00,105.3,108.99,104.99,107.69,958200,VJC
2022-03-10 07:00:00,107.69,107.92,106.92,106.92,789300,VJC
2022-03-11 07:00:00,106.53,107.53,105.76,106.53,1010700,VJC
2022-03-14 07:00:00,106.61,112.53,106.46,111.53,1427400,VJC
2022-03-15 07:00:00,111.53,113.84,111.15,113.84,1413500,VJC
2022-03-16 07:00:00,113.07,113.07,110.92,113.07,1041100,VJC
2022-03-17 07:00:00,112.3,113.07,110.76,111.53,1006900,VJC
2022-03-18 07:00:00,110.92,113.99,109.76,113.99,2407800,VJC
2022-03-21 07:00:00,112.38,112.38,109.99,110.22,788200,VJC
2022-03-22 07:00:00,110.22,110.22,107.69,108.3,744000,VJC
2022-03-23 07:00:00,108.3,108.46,107.07,108.46,721600,VJC
2022-03-24 07:00:00,108.46,110.76,107.61,110.76,1171100,VJC
2022-03-25 07:00:00,110.76,110.76,109.53,109.99,807500,VJC
2022-03-28 07:00:00,109.84,109.92,107.3,108.3,738800,VJC
2022-03-29 07:00:00,108.3,109.92,107.69,109.92,1040300,VJC
2022-03-30 07:00:00,109.22,109.61,107.3,108.07,721200,VJC
2022-03-31 07:00:00,107.99,108.69,107.3,108.07,598100,VJC
2022-04-01 07:00:00,108.07,108.46,104.99,108.38,665600,VJC
2022-04-04 07:00:00,108.38,110.38,106.92,109.92,988900,VJC
2022-04-05 07:00:00,109.92,110.38,108.84,108.84,666200,VJC
2022-04-06 07:00:00,108.46,108.69,106.84,108.46,609800,VJC
2022-04-07 07:00:00,108.07,108.07,105.38,105.38,728900,VJC
2022-04-08 07:00:00,105.38,106.76,104.99,106.46,661700,VJC
2022-04-12 07:00:00,107.07,107.69,105.76,106.15,770500,VJC
2022-04-13 07:00:00,106.22,106.53,105.69,106.22,772300,VJC
2022-04-14 07:00:00,105.76,106.61,103.84,105.3,639100,VJC
2022-04-15 07:00:00,105.3,105.53,104.15,104.53,600600,VJC
2022-04-18 07:00:00,104.61,106.92,103.84,106.38,777600,VJC
2022-04-19 07:00:00,106.38,110.07,105.53,110.07,1011500,VJC
2022-04-20 07:00:00,109.84,110.99,108.84,109.22,771600,VJC
2022-04-21 07:00:00,107.69,109.38,104.99,104.99,732600,VJC
2022-04-22 07:00:00,105.07,108.46,105.07,106.3,910800,VJC
2022-04-25 07:00:00,106.3,106.53,98.92,100.76,637900,VJC
2022-04-26 07:00:00,99.61,101.99,95.76,99.22,681900,VJC
2022-04-27 07:00:00,99.22,99.61,96.15,99.22,483300,VJC
2022-04-28 07:00:00,98.46,99.46,96.92,99.22,393400,VJC
2022-04-29 07:00:00,98.84,100.61,97.3,99.92,547400,VJC
2022-05-04 07:00:00,99.61,101.0,99.22,100.22,488600,VJC
2022-05-05 07:00:00,100.0,100.61,98.76,100.61,431400,VJC
2022-05-06 07:00:00,100.0,100.0,97.53,98.46,369700,VJC
2022-05-09 07:00:00,97.69,98.46,94.23,95.38,561000,VJC
2022-05-10 07:00:00,95.3,99.3,94.23,99.3,625400,VJC
2022-05-11 07:00:00,99.15,99.22,97.0,97.3,532100,VJC
2022-05-12 07:00:00,97.3,97.38,93.46,96.0,633600,VJC
2022-05-13 07:00:00,95.76,98.0,95.0,96.84,687900,VJC
2022-05-16 07:00:00,97.15,97.69,94.61,96.92,619700,VJC
2022-05-17 07:00:00,96.92,98.46,95.07,98.46,610300,VJC
2022-05-18 07:00:00,98.07,98.07,95.38,96.69,660900,VJC
2022-05-19 07:00:00,95.38,96.76,94.0,96.38,757000,VJC
2022-05-20 07:00:00,96.46,96.53,94.61,96.38,502300,VJC
2022-05-23 07:00:00,96.38,96.53,94.07,96.15,648900,VJC
2022-05-24 07:00:00,96.0,96.38,94.61,96.38,608800,VJC
2022-05-25 07:00:00,95.76,96.84,94.92,96.69,778900,VJC
2022-05-26 07:00:00,96.69,96.69,95.0,96.15,583700,VJC
2022-05-27 07:00:00,96.15,97.69,95.46,97.69,858700,VJC
2022-05-30 07:00:00,97.92,101.92,97.92,101.92,1157800,VJC
2022-05-31 07:00:00,101.99,101.99,99.84,100.69,638700,VJC
2022-06-01 07:00:00,100.38,101.15,99.69,101.0,662200,VJC
2022-06-02 07:00:00,101.15,101.15,98.46,99.0,822800,VJC
2022-06-03 07:00:00,98.84,98.92,96.46,97.69,631300,VJC
2022-06-06 07:00:00,96.53,98.53,96.15,98.15,681100,VJC
2022-06-07 07:00:00,97.69,97.69,96.53,97.53,607500,VJC
2022-06-08 07:00:00,97.3,97.84,96.76,97.69,656500,VJC
2022-06-09 07:00:00,97.15,98.3,96.76,98.3,643900,VJC
2022-06-10 07:00:00,97.92,99.15,96.92,98.22,683500,VJC
2022-06-13 07:00:00,97.3,97.53,95.0,96.07,584500,VJC
2022-06-14 07:00:00,95.38,96.0,94.84,96.0,625300,VJC
2022-06-15 07:00:00,96.0,96.23,94.53,95.76,691800,VJC
2022-06-16 07:00:00,95.61,98.07,94.92,96.46,678700,VJC
2022-06-17 07:00:00,96.15,96.23,93.92,96.07,561700,VJC
2022-06-20 07:00:00,96.15,97.84,95.92,97.69,759500,VJC
2022-06-21 07:00:00,96.92,98.46,96.15,98.3,710600,VJC
2022-06-22 07:00:00,98.3,100.0,98.07,99.46,930700,VJC
2022-06-23 07:00:00,99.46,99.69,97.15,98.61,682700,VJC
2022-06-24 07:00:00,98.69,99.22,97.3,98.69,621000,VJC
2022-06-27 07:00:00,99.22,102.3,98.69,102.3,964000,VJC
2022-06-28 07:00:00,102.3,102.46,101.15,102.3,629900,VJC
2022-06-29 07:00:00,102.22,102.22,100.76,101.76,540900,VJC
2022-06-30 07:00:00,101.38,101.84,99.38,100.0,561300,VJC
2022-07-01 07:00:00,99.22,100.07,97.92,100.07,517700,VJC
2022-07-04 07:00:00,100.0,100.07,99.38,99.69,585200,VJC
2022-07-05 07:00:00,99.61,99.61,96.84,96.84,518100,VJC
2022-07-06 07:00:00,96.76,97.76,95.76,97.76,632800,VJC
2022-07-07 07:00:00,97.53,99.46,97.38,99.46,613000,VJC
2022-07-08 07:00:00,99.46,99.46,97.69,98.3,450200,VJC
2022-07-11 07:00:00,97.69,98.3,96.92,98.0,509500,VJC
2022-07-12 07:00:00,98.0,98.07,96.38,96.53,644400,VJC
2022-07-13 07:00:00,96.53,97.0,96.0,96.0,472500,VJC
2022-07-14 07:00:00,95.92,97.84,95.38,97.46,529100,VJC
2022-07-15 07:00:00,97.53,97.53,95.69,95.92,347400,VJC
2022-07-18 07:00:00,96.0,96.0,95.3,95.53,398500,VJC
2022-07-19 07:00:00,95.61,95.76,94.61,95.76,365500,VJC
2022-07-20 07:00:00,95.76,96.53,95.38,96.53,492100,VJC
2022-07-21 07:00:00,96.61,97.61,96.23,96.92,476500,VJC
2022-07-22 07:00:00,97.15,97.15,95.76,96.61,492300,VJC
2022-07-25 07:00:00,96.38,96.76,95.76,96.76,581500,VJC
2022-07-26 07:00:00,96.69,96.84,96.15,96.23,427700,VJC
2022-07-27 07:00:00,96.15,96.38,95.84,96.38,439200,VJC
2022-07-28 07:00:00,96.76,98.0,96.15,98.0,556700,VJC
2022-07-29 07:00:00,98.0,98.0,96.53,96.69,490800,VJC
2022-08-01 07:00:00,96.92,97.76,96.69,97.76,438800,VJC
2022-08-02 07:00:00,96.76,98.38,96.69,98.07,360700,VJC
2022-08-03 07:00:00,97.53,98.07,96.76,97.69,412500,VJC
2022-08-04 07:00:00,97.76,99.38,97.0,99.38,741300,VJC
2022-08-05 07:00:00,99.38,99.38,97.22,97.3,797800,VJC
2022-08-08 07:00:00,97.3,97.61,96.15,96.3,387900,VJC
2022-08-09 07:00:00,96.15,97.22,96.0,97.22,664800,VJC
2022-08-10 07:00:00,96.92,96.92,96.23,96.46,762000,VJC
2022-08-11 07:00:00,96.92,96.92,96.3,96.3,700200,VJC
2022-08-12 07:00:00,96.0,96.3,95.38,95.61,660300,VJC
2022-08-15 07:00:00,95.61,96.38,95.53,95.69,668200,VJC
2022-08-16 07:00:00,95.53,95.61,94.84,94.92,676900,VJC
2022-08-17 07:00:00,94.92,95.46,94.84,95.0,769800,VJC
2022-08-18 07:00:00,95.3,95.46,94.84,95.38,1042800,VJC
2022-08-19 07:00:00,95.3,95.38,94.76,95.38,555000,VJC
2022-08-22 07:00:00,95.0,95.38,94.76,95.3,259100,VJC
2022-08-23 07:00:00,94.76,95.15,94.3,95.0,613900,VJC
2022-08-24 07:00:00,94.61,95.15,94.61,95.0,508000,VJC
2022-08-25 07:00:00,95.0,95.0,94.61,94.92,370700,VJC
2022-08-26 07:00:00,95.15,95.15,93.69,94.61,662500,VJC
2022-08-29 07:00:00,94.46,94.46,91.92,93.84,445400,VJC
2022-08-30 07:00:00,93.84,94.23,92.38,94.15,261100,VJC
2022-08-31 07:00:00,93.07,93.76,92.69,93.53,526400,VJC
2022-09-05 07:00:00,93.46,93.46,91.92,92.3,554600,VJC
2022-09-06 07:00:00,92.3,92.3,90.84,92.07,513000,VJC
2022-09-07 07:00:00,91.69,91.69,87.61,87.61,940300,VJC
2022-09-08 07:00:00,87.61,88.46,87.53,88.46,560100,VJC
2022-09-09 07:00:00,88.46,90.84,88.46,90.76,381000,VJC
2022-09-12 07:00:00,90.76,90.76,89.46,90.38,394400,VJC
2022-09-13 07:00:00,90.76,90.76,90.0,90.3,475000,VJC
2022-09-14 07:00:00,88.69,89.61,88.69,89.38,480200,VJC
2022-09-15 07:00:00,89.23,89.61,88.46,89.23,678500,VJC
2022-09-16 07:00:00,89.23,89.23,88.46,89.0,2146600,VJC
2022-09-19 07:00:00,89.3,89.3,88.07,88.46,330500,VJC
2022-09-20 07:00:00,88.15,89.3,88.15,89.3,324500,VJC
2022-09-21 07:00:00,88.23,89.23,87.84,88.46,353900,VJC
2022-09-22 07:00:00,87.76,88.46,86.69,88.46,547600,VJC
2022-09-23 07:00:00,87.69,88.0,86.76,86.76,375400,VJC
2022-09-26 07:00:00,86.07,86.07,84.69,84.69,504100,VJC
2022-09-27 07:00:00,84.76,85.15,84.61,85.0,280600,VJC
2022-09-28 07:00:00,85.0,85.0,83.84,84.69,409900,VJC
2022-09-29 07:00:00,84.76,85.46,84.53,84.69,245700,VJC
2022-09-30 07:00:00,84.61,86.92,84.53,85.3,409900,VJC
2022-10-03 07:00:00,84.61,85.38,83.84,84.61,285900,VJC
2022-10-04 07:00:00,84.61,86.84,84.53,86.84,350600,VJC
2022-10-05 07:00:00,87.61,89.84,87.38,88.46,637600,VJC
2022-10-06 07:00:00,87.92,88.46,86.92,87.84,309600,VJC
2022-10-07 07:00:00,87.69,88.46,87.38,88.46,824500,VJC
2022-10-10 07:00:00,88.23,88.23,84.61,84.61,538600,VJC
2022-10-11 07:00:00,86.0,86.0,81.61,82.3,618200,VJC
2022-10-12 07:00:00,82.3,83.76,80.84,83.61,418700,VJC
2022-10-13 07:00:00,84.53,84.53,80.92,83.61,322000,VJC
2022-10-14 07:00:00,83.53,83.84,82.3,83.84,345500,VJC
2022-10-17 07:00:00,83.69,83.84,81.92,83.84,238400,VJC
2022-10-18 07:00:00,83.07,84.61,82.61,83.92,306800,VJC
2022-10-19 07:00:00,83.84,84.15,83.15,83.92,170600,VJC
2022-10-20 07:00:00,84.15,84.61,83.3,83.76,221800,VJC
2022-10-21 07:00:00,83.84,84.07,81.92,83.76,206800,VJC
2022-10-24 07:00:00,83.76,83.76,81.15,82.3,207800,VJC
2022-10-25 07:00:00,82.3,83.07,81.53,83.07,179000,VJC
2022-10-26 07:00:00,83.07,83.69,81.53,82.69,129500,VJC
2022-10-27 07:00:00,82.69,83.38,81.69,83.07,114400,VJC
2022-10-28 07:00:00,83.69,83.69,81.53,82.92,136800,VJC
2022-10-31 07:00:00,82.69,83.07,81.15,82.76,154700,VJC
2022-11-01 07:00:00,82.84,83.07,81.69,81.76,111300,VJC
2022-11-02 07:00:00,82.15,82.15,77.0,80.76,289600,VJC
2022-11-03 07:00:00,75.38,80.38,75.38,79.0,167300,VJC
2022-11-04 07:00:00,77.0,78.92,73.92,77.0,236200,VJC
2022-11-07 07:00:00,74.23,78.46,74.23,77.07,230000,VJC
2022-11-08 07:00:00,77.61,79.0,76.53,77.23,284900,VJC
2022-11-09 07:00:00,77.38,78.46,74.61,77.38,210400,VJC
2022-11-10 07:00:00,77.38,78.23,76.46,76.92,218200,VJC
2022-11-11 07:00:00,75.07,78.23,75.07,77.92,157100,VJC
2022-11-14 07:00:00,77.92,78.46,75.38,78.38,376200,VJC
2022-11-15 07:00:00,78.0,78.46,76.76,78.3,324900,VJC
2022-11-16 07:00:00,78.23,83.76,77.0,78.38,396900,VJC
2022-11-17 07:00:00,78.76,78.92,77.69,78.53,333500,VJC
2022-11-18 07:00:00,78.53,78.76,77.46,78.61,317800,VJC
2022-11-21 07:00:00,78.61,78.61,75.46,77.38,109600,VJC
2022-11-22 07:00:00,76.07,78.69,75.38,75.46,331800,VJC
2022-11-23 07:00:00,75.46,77.76,74.38,77.23,113300,VJC
2022-11-24 07:00:00,77.15,77.84,76.15,77.84,303300,VJC
2022-11-25 07:00:00,78.23,78.46,77.84,78.46,277600,VJC
2022-11-28 07:00:00,78.46,78.92,77.76,78.61,220400,VJC
2022-11-29 07:00:00,76.38,79.15,76.38,79.07,530200,VJC
2022-11-30 07:00:00,79.23,79.3,75.76,79.23,590000,VJC
2022-12-01 07:00:00,78.07,79.46,77.0,79.38,745100,VJC
2022-12-02 07:00:00,79.23,81.92,79.15,81.92,768700,VJC
2022-12-05 07:00:00,81.92,83.3,81.92,82.23,681200,VJC
2022-12-06 07:00:00,82.15,82.84,81.15,81.53,682600,VJC
2022-12-07 07:00:00,80.76,81.69,79.38,81.53,461600,VJC
2022-12-08 07:00:00,81.46,82.84,80.38,82.3,658000,VJC
2022-12-09 07:00:00,82.3,88.0,81.0,85.76,491700,VJC
2022-12-12 07:00:00,86.53,86.92,84.3,85.69,465800,VJC
2022-12-13 07:00:00,85.61,86.15,84.3,86.15,481700,VJC
2022-12-14 07:00:00,86.23,86.38,83.84,86.3,416800,VJC
2022-12-15 07:00:00,86.23,86.84,85.0,86.84,267800,VJC
2022-12-16 07:00:00,85.46,86.92,84.69,86.92,575000,VJC
2022-12-19 07:00:00,86.84,86.84,84.61,85.53,322000,VJC
2022-12-20 07:00:00,85.38,86.07,83.84,85.61,374800,VJC
2022-12-21 07:00:00,85.61,86.76,85.0,85.84,351400,VJC
2022-12-22 07:00:00,85.92,86.69,83.92,85.61,222000,VJC
2022-12-23 07:00:00,85.61,86.0,82.76,85.76,258800,VJC
2022-12-26 07:00:00,85.76,85.76,82.84,83.76,151200,VJC
2022-12-27 07:00:00,85.38,86.84,82.61,83.07,249200,VJC
2022-12-28 07:00:00,82.92,85.46,81.69,85.0,225600,VJC
2022-12-29 07:00:00,85.07,86.3,83.69,84.0,400000,VJC
2022-12-30 07:00:00,86.84,86.84,83.46,84.23,132900,VJC
2023-01-03 07:00:00,84.23,85.92,83.92,85.92,395900,VJC
2023-01-04 07:00:00,86.53,86.53,83.84,84.92,195200,VJC
2023-01-05 07:00:00,85.3,85.38,84.46,84.61,388800,VJC
2023-01-06 07:00:00,84.69,84.76,82.76,82.92,367500,VJC
2023-01-09 07:00:00,84.07,84.07,83.15,84.0,387400,VJC
2023-01-10 07:00:00,84.0,84.23,83.07,83.92,407800,VJC
2023-01-11 07:00:00,83.84,85.0,83.76,84.69,414600,VJC
2023-01-12 07:00:00,85.07,85.07,83.46,84.46,258600,VJC
2023-01-13 07:00:00,84.46,84.69,82.84,82.84,236100,VJC
2023-01-16 07:00:00,83.15,84.61,82.53,82.53,146000,VJC
2023-01-17 07:00:00,83.92,85.07,82.3,85.07,467400,VJC
2023-01-18 07:00:00,83.92,86.38,83.92,86.38,467600,VJC
2023-01-19 07:00:00,86.15,88.46,86.15,88.07,541200,VJC
2023-01-27 07:00:00,88.07,90.76,88.07,89.38,230300,VJC
2023-01-30 07:00:00,90.07,90.07,86.92,86.92,337000,VJC
2023-01-31 07:00:00,88.0,89.46,86.15,89.46,296100,VJC
2023-02-01 07:00:00,89.23,89.23,85.38,87.61,351500,VJC
2023-02-02 07:00:00,88.07,88.38,86.15,86.15,315700,VJC
2023-02-03 07:00:00,86.23,87.23,83.92,83.92,166100,VJC
2023-02-06 07:00:00,83.15,85.0,82.69,84.23,238100,VJC
2023-02-07 07:00:00,83.3,84.3,83.07,84.15,137700,VJC
2023-02-08 07:00:00,84.07,84.23,83.07,83.07,137400,VJC
2023-02-09 07:00:00,82.84,83.84,78.38,78.38,217800,VJC
2023-02-10 07:00:00,78.46,80.0,76.46,78.46,151600,VJC
2023-02-13 07:00:00,78.46,79.3,77.69,79.3,137800,VJC
2023-02-14 07:00:00,79.3,79.3,77.69,79.07,186100,VJC
2023-02-15 07:00:00,79.07,79.23,77.76,79.0,183900,VJC
2023-02-16 07:00:00,77.69,79.07,77.69,79.07,137800,VJC
2023-02-17 07:00:00,79.15,79.15,77.84,78.92,214200,VJC
2023-02-20 07:00:00,78.84,79.07,78.23,78.92,229000,VJC
2023-02-21 07:00:00,79.0,80.0,78.69,78.84,298700,VJC
2023-02-22 07:00:00,78.69,78.76,77.53,77.53,382400,VJC
2023-02-23 07:00:00,78.61,78.61,75.3,75.53,590400,VJC
2023-02-24 07:00:00,75.61,76.69,73.84,74.0,600600,VJC
2023-02-27 07:00:00,72.3,76.07,72.3,75.76,166100,VJC
2023-02-28 07:00:00,76.07,76.92,74.61,76.92,317800,VJC
2023-03-01 07:00:00,76.15,78.07,75.23,78.07,194400,VJC
2023-03-02 07:00:00,76.92,78.15,75.46,78.15,296000,VJC
2023-03-03 07:00:00,78.23,78.23,75.38,77.84,270600,VJC
2023-03-06 07:00:00,77.76,78.3,74.07,74.07,324600,VJC
2023-03-07 07:00:00,76.15,77.84,74.69,74.69,222500,VJC
2023-03-08 07:00:00,74.76,76.15,74.76,75.61,122200,VJC
2023-03-09 07:00:00,77.23,79.23,76.92,78.3,438400,VJC
2023-03-10 07:00:00,79.07,79.07,75.84,77.38,304900,VJC
2023-03-13 07:00:00,77.69,78.61,76.23,77.46,299300,VJC
2023-03-14 07:00:00,76.76,78.84,76.76,78.23,219900,VJC
2023-03-15 07:00:00,79.07,80.69,78.92,80.69,260600,VJC
2023-03-16 07:00:00,80.69,81.23,76.61,78.46,320600,VJC
2023-03-17 07:00:00,79.92,83.76,78.46,83.76,830700,VJC
2023-03-20 07:00:00,80.92,82.92,79.3,81.23,281500,VJC
2023-03-21 07:00:00,80.38,86.84,78.15,79.84,418000,VJC
2023-03-22 07:00:00,80.0,81.0,78.53,80.61,309500,VJC
2023-03-23 07:00:00,80.38,81.53,78.92,81.3,263400,VJC
2023-03-24 07:00:00,81.46,81.69,80.46,81.69,283800,VJC
2023-03-27 07:00:00,81.76,81.92,79.92,81.92,184700,VJC
2023-03-28 07:00:00,81.23,82.07,80.38,81.84,176700,VJC
2023-03-29 07:00:00,81.69,81.84,80.0,81.69,180100,VJC
2023-03-30 07:00:00,81.61,82.69,80.15,81.76,151200,VJC
2023-03-31 07:00:00,81.76,82.0,80.38,80.84,211300,VJC
2023-04-03 07:00:00,80.84,81.53,78.92,78.92,298700,VJC
2023-04-04 07:00:00,79.23,79.53,78.46,78.46,309700,VJC
2023-04-05 07:00:00,79.15,79.15,77.69,79.15,207400,VJC
2023-04-06 07:00:00,79.53,79.53,78.07,78.61,205800,VJC
2023-04-07 07:00:00,78.69,79.23,78.07,79.23,183700,VJC
2023-04-10 07:00:00,79.15,79.23,77.84,78.69,304600,VJC
2023-04-11 07:00:00,78.69,78.69,77.69,78.69,275200,VJC
2023-04-12 07:00:00,78.46,78.46,76.38,76.69,232300,VJC
2023-04-13 07:00:00,76.23,76.92,75.53,76.38,96100,VJC
2023-04-14 07:00:00,76.61,77.0,75.46,75.76,97900,VJC
2023-04-17 07:00:00,75.92,76.69,75.38,76.61,201700,VJC
2023-04-18 07:00:00,76.3,77.0,76.0,76.15,144000,VJC
2023-04-19 07:00:00,76.15,77.0,75.84,77.0,142100,VJC
2023-04-20 07:00:00,76.23,78.23,76.23,76.53,92700,VJC
2023-04-21 07:00:00,76.61,76.76,75.0,75.0,132000,VJC
2023-04-24 07:00:00,74.76,75.0,73.76,74.92,224900,VJC
2023-04-25 07:00:00,74.92,75.07,73.07,73.76,280400,VJC
2023-04-26 07:00:00,73.61,74.53,72.92,73.23,172100,VJC
2023-04-27 07:00:00,73.23,73.76,73.07,73.15,89300,VJC
2023-04-28 07:00:00,73.76,74.61,73.46,74.61,182100,VJC
2023-05-04 07:00:00,75.38,75.38,73.46,73.46,212600,VJC
2023-05-05 07:00:00,73.46,74.46,73.46,73.84,42200,VJC
2023-05-08 07:00:00,74.0,74.69,73.53,74.07,63900,VJC
2023-05-09 07:00:00,74.0,74.07,73.38,73.38,94500,VJC
2023-05-10 07:00:00,73.38,74.46,73.38,74.46,257100,VJC
2023-05-11 07:00:00,74.38,74.61,73.76,74.38,140900,VJC
2023-05-12 07:00:00,74.07,74.76,73.61,74.76,353100,VJC
2023-05-15 07:00:00,75.0,75.15,74.15,74.84,808900,VJC
2023-05-16 07:00:00,75.0,75.0,74.61,75.0,973900,VJC
2023-05-17 07:00:00,75.0,76.23,75.0,75.61,990200,VJC
2023-05-18 07:00:00,75.38,76.53,75.23,76.46,1086600,VJC
2023-05-19 07:00:00,76.3,76.92,75.53,75.92,945400,VJC
2023-05-22 07:00:00,76.0,76.46,75.0,76.3,1153800,VJC
2023-05-23 07:00:00,76.3,76.69,75.38,75.92,1204500,VJC
2023-05-24 07:00:00,75.92,76.15,75.3,75.69,811100,VJC
2023-05-25 07:00:00,75.69,75.92,74.38,75.38,978800,VJC
2023-05-26 07:00:00,75.38,76.15,74.92,75.46,868400,VJC
2023-05-29 07:00:00,75.46,76.53,75.46,76.53,516400,VJC
2023-05-30 07:00:00,76.53,76.76,75.38,75.76,538000,VJC
2023-05-31 07:00:00,75.76,76.46,75.0,75.0,587100,VJC
2023-06-01 07:00:00,75.46,75.84,74.61,75.0,491600,VJC
2023-06-02 07:00:00,75.69,76.07,74.23,74.46,592600,VJC
2023-06-05 07:00:00,75.38,76.15,74.15,74.46,604000,VJC
2023-06-06 07:00:00,74.69,75.38,74.3,75.15,480600,VJC
2023-06-07 07:00:00,75.3,75.3,74.3,74.3,478300,VJC
2023-06-08 07:00:00,74.53,75.3,73.92,74.76,763300,VJC
2023-06-09 07:00:00,74.3,74.92,73.84,73.84,787000,VJC
2023-06-12 07:00:00,73.84,74.38,73.15,74.15,750900,VJC
2023-06-13 07:00:00,74.23,74.53,73.69,74.23,1037500,VJC
2023-06-14 07:00:00,74.23,75.0,74.0,74.69,1357500,VJC
2023-06-15 07:00:00,74.92,75.15,74.46,74.69,875300,VJC
2023-06-16 07:00:00,74.84,75.07,73.46,73.46,872500,VJC
2023-06-19 07:00:00,73.84,74.15,73.38,73.53,633600,VJC
2023-06-20 07:00:00,73.61,73.92,72.92,73.15,775800,VJC
2023-06-21 07:00:00,73.38,73.69,72.0,72.3,840600,VJC
2023-06-22 07:00:00,72.84,73.07,72.15,72.46,689500,VJC
2023-06-23 07:00:00,72.46,72.84,71.92,72.84,551700,VJC
2023-06-26 07:00:00,72.84,73.84,72.54,72.92,915900,VJC
2023-06-27 07:00:00,72.92,73.53,72.69,73.23,694000,VJC
2023-06-28 07:00:00,73.23,73.46,72.84,73.0,688500,VJC
2023-06-29 07:00:00,73.0,73.23,72.15,72.38,667300,VJC
2023-06-30 07:00:00,72.15,72.76,72.15,72.54,658000,VJC
2023-07-03 07:00:00,72.69,73.07,72.38,72.61,1055700,VJC
2023-07-04 07:00:00,72.54,72.84,72.38,72.38,771000,VJC
2023-07-05 07:00:00,72.76,72.76,72.23,72.54,864000,VJC
2023-07-06 07:00:00,72.54,72.61,72.07,72.54,771500,VJC
2023-07-07 07:00:00,72.54,72.61,72.15,72.15,768600,VJC
2023-07-10 07:00:00,72.46,72.54,71.46,72.46,834800,VJC
2023-07-11 07:00:00,72.46,72.54,71.61,72.46,818400,VJC
2023-07-12 07:00:00,72.23,72.3,71.84,72.23,842800,VJC
2023-07-13 07:00:00,72.23,73.0,72.23,73.0,1482400,VJC
2023-07-14 07:00:00,73.15,75.3,73.15,75.3,1712900,VJC
2023-07-17 07:00:00,75.38,76.0,74.76,74.84,785000,VJC
2023-07-18 07:00:00,74.38,74.92,74.07,74.07,908000,VJC
2023-07-19 07:00:00,74.07,74.61,74.0,74.38,791000,VJC
2023-07-20 07:00:00,74.46,75.23,74.07,75.23,942200,VJC
2023-07-21 07:00:00,75.23,75.38,74.23,75.38,954200,VJC
2023-07-24 07:00:00,75.38,75.61,74.38,74.46,914700,VJC
2023-07-25 07:00:00,74.53,74.69,73.46,74.69,1084400,VJC
2023-07-26 07:00:00,74.23,74.61,73.92,74.23,720900,VJC
2023-07-27 07:00:00,74.3,74.69,74.07,74.53,765600,VJC
2023-07-28 07:00:00,74.53,75.23,74.0,75.23,846400,VJC
2023-07-31 07:00:00,75.07,78.46,74.84,78.46,1042200,VJC
2023-08-01 07:00:00,78.46,79.46,77.46,77.84,776800,VJC
2023-08-02 07:00:00,77.84,78.0,76.3,77.53,723200,VJC
2023-08-03 07:00:00,77.69,79.0,76.76,77.69,830800,VJC
2023-08-04 07:00:00,77.69,78.46,76.84,77.69,1195400,VJC
2023-08-07 07:00:00,77.84,78.38,76.92,78.38,841800,VJC
2023-08-08 07:00:00,78.46,79.53,77.46,79.23,810100,VJC
2023-08-09 07:00:00,79.46,79.61,78.07,78.15,649600,VJC
2023-08-10 07:00:00,78.46,79.07,77.38,77.46,828200,VJC
2023-08-11 07:00:00,77.38,77.92,76.84,77.76,850500,VJC
2023-08-14 07:00:00,78.07,78.07,76.61,77.07,1032300,VJC
2023-08-15 07:00:00,77.3,78.38,76.53,78.38,823200,VJC
2023-08-16 07:00:00,78.46,78.46,77.07,77.53,744100,VJC
2023-08-17 07:00:00,77.53,77.92,76.53,76.92,962200,VJC
2023-08-18 07:00:00,76.92,77.0,73.84,75.3,1127200,VJC
2023-08-21 07:00:00,75.15,75.76,73.84,73.84,1071900,VJC
2023-08-22 07:00:00,75.23,76.07,73.84,74.84,956800,VJC
2023-08-23 07:00:00,74.84,75.76,73.84,74.23,878400,VJC
2023-08-24 07:00:00,74.53,75.53,74.07,75.0,841700,VJC
2023-08-25 07:00:00,74.23,75.15,74.15,74.61,907800,VJC
2023-08-28 07:00:00,75.0,75.76,74.46,75.38,1039100,VJC
2023-08-29 07:00:00,75.38,75.61,74.23,75.0,778500,VJC
2023-08-30 07:00:00,75.0,75.38,74.15,74.53,838400,VJC
2023-08-31 07:00:00,74.61,75.38,73.92,75.38,714200,VJC
2023-09-05 07:00:00,75.46,77.38,74.92,77.3,1412400,VJC
2023-09-06 07:00:00,77.38,78.3,76.53,78.23,1019200,VJC
2023-09-07 07:00:00,77.76,78.38,77.07,77.69,904000,VJC
2023-09-08 07:00:00,77.23,78.3,77.15,78.0,854100,VJC
2023-09-11 07:00:00,78.07,78.3,76.15,76.15,1231700,VJC
2023-09-12 07:00:00,76.53,78.38,76.3,78.38,1000600,VJC
2023-09-13 07:00:00,78.38,78.38,76.15,76.15,980200,VJC
2023-09-14 07:00:00,76.15,76.92,74.61,76.15,1017700,VJC
2023-09-15 07:00:00,76.53,77.07,75.92,76.69,936500,VJC
2023-09-18 07:00:00,76.53,76.61,75.38,76.0,876000,VJC
2023-09-19 07:00:00,76.07,76.46,75.23,76.46,928300,VJC
2023-09-20 07:00:00,76.46,76.61,75.69,76.46,919700,VJC
2023-09-21 07:00:00,76.15,76.53,75.53,76.38,1105700,VJC
2023-09-22 07:00:00,75.38,75.76,74.23,75.07,854100,VJC
2023-09-25 07:00:00,74.61,75.76,73.92,75.38,1111400,VJC
2023-09-26 07:00:00,75.76,76.15,74.53,75.38,1427400,VJC
2023-09-27 07:00:00,75.38,76.69,75.23,76.69,1060300,VJC
2023-09-28 07:00:00,76.15,76.53,73.76,76.38,2192600,VJC
2023-09-29 07:00:00,76.46,76.69,75.76,76.38,2086400,VJC
2023-10-02 07:00:00,76.38,76.46,74.76,75.76,1381000,VJC
2023-10-03 07:00:00,75.38,75.61,73.84,75.3,1128200,VJC
2023-10-04 07:00:00,75.3,75.38,74.07,74.46,894600,VJC
2023-10-05 07:00:00,75.0,75.0,73.46,73.46,981300,VJC
2023-10-06 07:00:00,73.46,74.61,72.3,74.61,780000,VJC
2023-10-09 07:00:00,74.61,74.92,73.53,74.69,754000,VJC
2023-10-10 07:00:00,74.84,75.0,73.84,74.84,904500,VJC
2023-10-11 07:00:00,75.0,75.07,74.23,75.07,791700,VJC
2023-10-12 07:00:00,75.15,75.38,74.53,75.15,853700,VJC
2023-10-13 07:00:00,75.0,80.38,74.3,79.84,1313700,VJC
2023-10-16 07:00:00,79.92,79.92,77.84,78.84,822700,VJC
2023-10-17 07:00:00,78.46,79.23,78.3,79.15,941400,VJC
2023-10-18 07:00:00,79.23,80.76,78.61,80.69,1297400,VJC
2023-10-19 07:00:00,80.69,81.15,80.0,80.84,1009700,VJC
2023-10-20 07:00:00,80.84,81.0,79.69,80.92,897600,VJC
2023-10-23 07:00:00,80.92,81.0,76.84,79.61,1069900,VJC
2023-10-24 07:00:00,79.61,79.84,78.38,79.69,890700,VJC
2023-10-25 07:00:00,79.69,80.0,77.38,79.07,851600,VJC
2023-10-26 07:00:00,78.69,78.69,76.15,76.76,793900,VJC
2023-10-27 07:00:00,76.76,76.76,74.76,76.76,800300,VJC
2023-10-30 07:00:00,76.69,76.69,74.61,75.38,704100,VJC
2023-10-31 07:00:00,76.15,76.92,74.92,76.15,1038100,VJC
2023-11-01 07:00:00,76.3,80.76,76.15,80.3,905400,VJC
2023-11-02 07:00:00,80.69,80.69,78.0,80.69,754300,VJC
2023-11-03 07:00:00,80.69,81.92,80.61,81.92,1021600,VJC
2023-11-06 07:00:00,81.92,83.0,81.23,82.53,1241900,VJC
2023-11-07 07:00:00,82.3,82.53,80.84,81.53,886300,VJC
2023-11-08 07:00:00,81.61,87.23,80.07,86.92,999200,VJC
2023-11-09 07:00:00,86.92,86.92,83.38,83.38,921800,VJC
2023-11-10 07:00:00,82.69,84.61,81.15,83.84,934500,VJC
2023-11-13 07:00:00,83.84,83.84,81.61,83.07,1040600,VJC
2023-11-14 07:00:00,83.46,83.92,81.92,82.92,850500,VJC
2023-11-15 07:00:00,83.07,85.07,82.76,83.61,921200,VJC
2023-11-16 07:00:00,82.76,83.84,82.3,83.46,902000,VJC
2023-11-17 07:00:00,83.61,84.23,80.0,81.15,903200,VJC
2023-11-20 07:00:00,81.3,83.84,79.61,81.3,1043300,VJC
2023-11-21 07:00:00,81.53,82.0,80.46,82.0,885500,VJC
2023-11-22 07:00:00,82.23,83.3,80.76,83.23,781100,VJC
2023-11-23 07:00:00,83.46,83.76,80.76,80.76,835400,VJC
2023-11-24 07:00:00,81.46,82.53,80.07,81.76,874800,VJC
2023-11-27 07:00:00,81.76,82.23,77.69,81.53,747700,VJC
2023-11-28 07:00:00,81.84,82.61,81.07,81.92,728600,VJC
2023-11-29 07:00:00,82.15,82.76,81.07,82.15,830200,VJC
2023-11-30 07:00:00,81.53,82.15,78.46,78.46,1000400,VJC
2023-12-01 07:00:00,80.38,81.07,78.46,81.07,691700,VJC
2023-12-04 07:00:00,81.3,82.76,80.0,81.38,866300,VJC
2023-12-05 07:00:00,81.38,81.46,79.84,80.84,901900,VJC
2023-12-06 07:00:00,81.3,81.53,80.3,81.38,774200,VJC
2023-12-07 07:00:00,79.84,81.53,78.84,81.3,965000,VJC
2023-12-08 07:00:00,81.3,81.3,79.84,80.15,816300,VJC
2023-12-11 07:00:00,80.23,80.38,78.3,80.15,717800,VJC
2023-12-12 07:00:00,80.3,80.69,78.53,80.38,757900,VJC
2023-12-13 07:00:00,80.61,80.76,79.38,80.76,1061400,VJC
2023-12-14 07:00:00,80.92,81.3,80.61,81.0,783700,VJC
2023-12-15 07:00:00,81.0,81.15,79.23,79.23,892900,VJC
2023-12-18 07:00:00,80.69,80.76,78.46,80.76,726800,VJC
2023-12-19 07:00:00,80.76,80.76,79.76,80.23,728300,VJC
2023-12-20 07:00:00,80.23,80.76,79.3,80.23,1257400,VJC
2023-12-21 07:00:00,80.0,81.69,79.92,81.0,749900,VJC
2023-12-22 07:00:00,81.15,81.69,80.84,81.69,708900,VJC
2023-12-25 07:00:00,82.07,82.92,81.92,82.92,776700,VJC
2023-12-26 07:00:00,83.07,83.23,82.69,83.07,901400,VJC
2023-12-27 07:00:00,83.15,83.15,82.69,83.0,1381000,VJC
2023-12-28 07:00:00,82.92,83.07,81.84,83.07,1594600,VJC
2023-12-29 07:00:00,83.07,83.07,82.3,83.07,2055200,VJC
2024-01-02 07:00:00,83.07,83.3,82.15,82.3,929800,VJC
2024-01-03 07:00:00,82.3,82.84,81.07,82.84,882300,VJC
2024-01-04 07:00:00,83.0,83.07,81.07,82.92,667500,VJC
2024-01-05 07:00:00,83.0,83.07,81.69,82.76,633100,VJC
2024-01-08 07:00:00,82.92,82.92,81.69,82.0,626300,VJC
2024-01-09 07:00:00,81.84,82.07,80.92,81.92,628700,VJC
2024-01-10 07:00:00,82.07,82.07,80.23,81.3,670200,VJC
2024-01-11 07:00:00,81.46,81.53,80.53,81.38,616900,VJC
2024-01-12 07:00:00,81.23,81.38,79.92,81.0,659300,VJC
2024-01-15 07:00:00,81.0,81.38,80.15,80.92,613300,VJC
2024-01-16 07:00:00,80.38,81.07,80.23,81.07,732400,VJC
2024-01-17 07:00:00,81.07,81.07,79.92,80.46,735600,VJC
2024-01-18 07:00:00,80.46,80.76,79.76,80.23,697900,VJC
2024-01-19 07:00:00,80.23,80.92,80.23,80.76,613000,VJC
2024-01-22 07:00:00,80.76,81.38,80.69,81.23,630900,VJC
2024-01-23 07:00:00,81.23,81.38,79.61,80.76,701500,VJC
2024-01-24 07:00:00,80.76,81.15,79.84,80.53,660000,VJC
2024-01-25 07:00:00,80.61,80.76,80.38,80.69,615200,VJC
2024-01-26 07:00:00,80.38,81.38,80.38,81.3,678600,VJC
2024-01-29 07:00:00,81.46,81.53,81.0,81.38,621300,VJC
2024-01-30 07:00:00,81.46,81.53,81.15,81.23,622500,VJC
2024-01-31 07:00:00,81.23,81.38,79.69,80.46,644900,VJC
2024-02-01 07:00:00,80.46,81.15,80.0,81.15,610800,VJC
2024-02-02 07:00:00,81.3,81.3,80.3,80.61,622500,VJC
2024-02-05 07:00:00,80.61,81.07,79.84,81.0,670500,VJC
2024-02-06 07:00:00,81.15,81.15,80.38,80.38,617500,VJC
2024-02-07 07:00:00,80.53,81.0,80.23,81.0,615700,VJC
2024-02-15 07:00:00,81.07,81.15,80.0,80.38,690700,VJC
2024-02-16 07:00:00,80.38,81.0,80.3,81.0,635300,VJC
2024-02-19 07:00:00,81.46,81.53,80.3,80.92,615500,VJC
2024-02-20 07:00:00,80.76,80.92,80.23,80.23,648500,VJC
2024-02-21 07:00:00,80.23,80.38,79.38,79.38,657500,VJC
2024-02-22 07:00:00,79.38,80.53,79.38,79.69,621400,VJC
2024-02-23 07:00:00,79.84,80.3,79.53,79.84,670800,VJC
2024-02-26 07:00:00,79.92,80.69,79.92,80.38,605600,VJC
2024-02-27 07:00:00,80.61,80.61,79.61,79.61,647800,VJC
2024-02-28 07:00:00,79.61,80.53,79.46,79.53,638600,VJC
2024-02-29 07:00:00,79.69,80.23,79.3,79.3,728600,VJC
2024-03-01 07:00:00,79.84,80.23,79.38,79.46,650700,VJC
2024-03-04 07:00:00,79.61,80.15,79.46,79.69,669100,VJC
2024-03-05 07:00:00,80.0,80.3,79.61,80.3,552000,VJC
2024-03-06 07:00:00,80.3,80.38,79.38,79.92,470500,VJC
2024-03-07 07:00:00,79.92,80.0,79.46,79.92,590500,VJC
2024-03-08 07:00:00,80.0,80.15,79.3,79.76,636400,VJC
2024-03-11 07:00:00,79.61,80.07,79.23,79.23,613300,VJC
2024-03-12 07:00:00,79.61,79.61,78.46,78.84,658700,VJC
2024-03-13 07:00:00,79.15,79.69,78.46,78.61,671300,VJC
2024-03-14 07:00:00,79.15,79.15,77.69,78.46,695600,VJC
2024-03-15 07:00:00,78.38,79.15,77.3,79.0,705600,VJC
2024-03-18 07:00:00,79.0,79.23,77.3,78.3,618300,VJC
2024-03-19 07:00:00,78.3,78.46,76.92,77.69,589900,VJC
2024-03-20 07:00:00,78.07,78.46,77.0,77.84,690000,VJC
2024-03-21 07:00:00,78.23,79.3,77.84,78.92,730300,VJC
2024-03-22 07:00:00,78.92,79.23,78.07,78.61,599400,VJC
2024-03-25 07:00:00,78.46,78.61,77.46,77.46,628600,VJC
2024-03-26 07:00:00,77.07,78.92,77.07,78.38,664400,VJC
2024-03-27 07:00:00,78.23,79.3,77.69,79.23,707600,VJC
2024-03-28 07:00:00,79.23,79.38,78.23,79.38,635100,VJC
2024-03-29 07:00:00,79.53,79.53,78.76,79.23,664100,VJC
2024-04-01 07:00:00,79.3,79.3,78.46,79.0,719100,VJC
2024-04-02 07:00:00,78.38,79.23,78.0,79.23,815100,VJC
2024-04-03 07:00:00,78.92,79.38,77.61,78.61,871400,VJC
2024-04-04 07:00:00,78.69,79.3,78.46,78.61,810000,VJC
2024-04-05 07:00:00,78.61,79.23,77.92,78.38,750100,VJC
2024-04-08 07:00:00,78.76,78.84,77.3,77.76,800800,VJC
2024-04-09 07:00:00,77.76,78.76,77.76,78.61,804100,VJC
2024-04-10 07:00:00,78.84,78.84,77.69,78.46,902700,VJC
2024-04-11 07:00:00,78.07,78.46,77.53,77.69,947400,VJC
2024-04-12 07:00:00,77.92,82.61,77.69,82.3,1506000,VJC
2024-04-15 07:00:00,82.0,82.0,80.61,81.46,1101900,VJC
2024-04-16 07:00:00,81.38,82.53,80.0,81.53,1022900,VJC
2024-04-17 07:00:00,81.61,81.61,78.38,79.53,1099000,VJC
2024-04-19 07:00:00,78.46,79.69,78.46,79.46,947300,VJC
2024-04-22 07:00:00,79.46,80.15,78.53,79.46,810700,VJC
2024-04-23 07:00:00,80.0,80.0,77.69,79.07,1110500,VJC
2024-04-24 07:00:00,79.38,79.84,78.92,79.61,897100,VJC
2024-04-25 07:00:00,79.84,79.84,78.07,79.61,904500,VJC
2024-04-26 07:00:00,79.23,80.0,78.38,80.0,903600,VJC
2024-05-02 07:00:00,80.0,80.15,78.61,79.92,827700,VJC
2024-05-03 07:00:00,80.0,82.0,79.3,81.53,1092500,VJC
2024-05-06 07:00:00,81.69,87.23,81.69,87.23,1737400,VJC
2024-05-07 07:00:00,87.69,91.3,87.69,91.23,1560100,VJC
2024-05-08 07:00:00,90.69,90.69,88.92,90.3,1226200,VJC
2024-05-09 07:00:00,90.3,91.46,89.23,90.69,1130800,VJC
2024-05-10 07:00:00,90.69,90.76,89.07,89.92,924500,VJC
2024-05-13 07:00:00,90.0,92.0,88.84,91.38,1049800,VJC
2024-05-14 07:00:00,91.53,91.53,89.69,90.0,1079300,VJC
2024-05-15 07:00:00,89.69,91.07,89.69,90.23,1319000,VJC
2024-05-16 07:00:00,90.38,90.61,89.23,90.38,1113600,VJC
2024-05-17 07:00:00,90.61,91.84,89.76,90.3,995100,VJC
2024-05-20 07:00:00,90.53,90.61,88.15,88.15,1005800,VJC
2024-05-21 07:00:00,88.15,88.23,85.38,86.53,919800,VJC
2024-05-22 07:00:00,86.76,87.84,83.92,83.92,1177200,VJC
2024-05-23 07:00:00,84.07,86.0,83.84,85.69,840300,VJC
2024-05-24 07:00:00,85.38,85.38,83.07,83.07,776200,VJC
2024-05-27 07:00:00,83.3,84.15,82.84,83.84,638400,VJC
2024-05-28 07:00:00,84.53,84.53,83.46,84.3,686800,VJC
2024-05-29 07:00:00,84.3,84.38,82.53,83.0,816000,VJC
2024-05-30 07:00:00,82.3,83.38,82.3,82.3,661900,VJC
2024-05-31 07:00:00,82.69,83.69,82.38,82.38,719200,VJC
2024-06-03 07:00:00,82.92,84.46,82.53,83.61,940200,VJC
2024-06-04 07:00:00,83.84,83.84,83.0,83.38,695100,VJC
2024-06-05 07:00:00,83.84,84.15,83.07,83.07,785800,VJC
2024-06-06 07:00:00,83.15,84.46,82.92,83.53,951900,VJC
2024-06-07 07:00:00,83.76,84.0,83.07,83.84,992500,VJC
2024-06-10 07:00:00,83.84,85.61,83.53,83.84,1074400,VJC
2024-06-11 07:00:00,83.84,83.84,81.07,81.38,1532500,VJC
2024-06-12 07:00:00,81.46,81.76,80.38,81.76,1089200,VJC
2024-06-13 07:00:00,82.0,82.0,81.0,81.53,834400,VJC
2024-06-14 07:00:00,81.53,81.69,80.0,80.61,1183400,VJC
2024-06-17 07:00:00,80.69,81.07,80.0,80.61,660100,VJC
2024-06-18 07:00:00,80.69,80.76,80.07,80.46,893500,VJC
2024-06-19 07:00:00,80.61,80.61,78.46,79.46,1365500,VJC
2024-06-20 07:00:00,79.3,79.92,78.69,79.84,1081800,VJC
2024-06-21 07:00:00,79.92,80.0,78.38,78.84,1210100,VJC
2024-06-24 07:00:00,78.76,79.23,77.61,78.15,915100,VJC
2024-06-25 07:00:00,78.15,78.46,77.61,78.15,787500,VJC
2024-06-26 07:00:00,78.38,78.46,77.76,78.15,815800,VJC
2024-06-27 07:00:00,78.15,78.53,77.46,78.46,852600,VJC
2024-06-28 07:00:00,78.46,78.53,77.46,78.07,789300,VJC
2024-07-01 07:00:00,77.76,78.23,76.69,77.46,933100,VJC
2024-07-02 07:00:00,77.69,77.84,76.69,77.69,1083600,VJC
2024-07-03 07:00:00,77.69,77.84,77.0,77.84,642100,VJC
2024-07-04 07:00:00,77.69,78.0,77.23,77.84,817400,VJC
2024-07-05 07:00:00,77.76,78.3,77.3,78.15,936600,VJC
2024-07-08 07:00:00,78.15,78.46,77.69,77.92,810500,VJC
2024-07-09 07:00:00,77.69,78.07,77.38,78.0,942900,VJC
2024-07-10 07:00:00,77.92,78.07,77.46,77.69,842000,VJC
2024-07-11 07:00:00,77.69,77.84,77.46,77.69,945700,VJC
2024-07-12 07:00:00,77.69,78.53,77.46,78.46,889800,VJC
2024-07-15 07:00:00,78.76,80.61,78.76,80.15,1151000,VJC
2024-07-16 07:00:00,80.3,81.15,79.84,81.15,812600,VJC
2024-07-17 07:00:00,81.15,81.53,79.38,81.15,872700,VJC
2024-07-18 07:00:00,81.15,81.3,79.38,81.3,999400,VJC
2024-07-19 07:00:00,81.46,81.53,80.38,81.23,840400,VJC
2024-07-22 07:00:00,80.61,81.15,80.38,81.0,741200,VJC
2024-07-23 07:00:00,81.15,81.53,80.46,81.53,789400,VJC
2024-07-24 07:00:00,81.46,83.0,81.15,83.0,806200,VJC
2024-07-25 07:00:00,82.61,83.0,81.92,83.0,816300,VJC
2024-07-26 07:00:00,82.76,83.0,81.92,82.92,631700,VJC
2024-07-29 07:00:00,82.92,83.0,81.61,81.69,627100,VJC
2024-07-30 07:00:00,81.61,81.92,80.38,81.07,689100,VJC
2024-07-31 07:00:00,81.15,81.76,80.84,81.46,429200,VJC
2024-08-01 07:00:00,81.84,82.3,80.07,80.15,779800,VJC
2024-08-02 07:00:00,79.84,80.61,78.3,80.61,625400,VJC
2024-08-05 07:00:00,80.0,80.0,75.53,76.84,880900,VJC
2024-08-06 07:00:00,76.84,79.23,76.84,77.3,415700,VJC
2024-08-07 07:00:00,77.07,77.3,75.53,76.38,733400,VJC
2024-08-08 07:00:00,76.0,76.92,74.61,76.38,627500,VJC
2024-08-09 07:00:00,76.38,77.69,76.15,77.61,490900,VJC
2024-08-12 07:00:00,77.61,78.38,76.07,77.76,569700,VJC
2024-08-13 07:00:00,77.0,79.46,76.92,79.07,439300,VJC
2024-08-14 07:00:00,79.38,79.38,77.84,78.84,476100,VJC
2024-08-15 07:00:00,79.15,79.15,78.15,79.07,574400,VJC
2024-08-16 07:00:00,79.38,81.53,78.46,80.76,1082800,VJC
2024-08-19 07:00:00,81.0,81.46,80.15,80.76,496400,VJC
2024-08-20 07:00:00,80.92,81.23,79.92,81.07,558300,VJC
2024-08-21 07:00:00,80.92,81.3,79.92,80.69,586000,VJC
2024-08-22 07:00:00,80.76,81.0,79.84,80.38,592700,VJC
2024-08-23 07:00:00,80.53,80.53,79.84,80.38,584500,VJC
2024-08-26 07:00:00,80.38,80.76,80.0,80.38,648700,VJC
2024-08-27 07:00:00,80.38,80.61,79.92,80.0,684500,VJC
2024-08-28 07:00:00,80.15,80.15,79.53,79.84,746800,VJC
2024-08-29 07:00:00,79.84,80.61,79.46,80.53,744500,VJC
2024-08-30 07:00:00,80.69,81.15,80.53,81.0,778900,VJC
2024-09-04 07:00:00,80.3,80.76,79.23,80.23,618800,VJC
2024-09-05 07:00:00,80.0,80.76,79.23,79.84,772700,VJC
2024-09-06 07:00:00,80.0,80.61,79.15,79.84,772000,VJC
2024-09-09 07:00:00,80.0,80.0,78.53,79.23,684800,VJC
2024-09-10 07:00:00,79.53,80.61,79.46,80.15,778000,VJC
2024-09-11 07:00:00,80.15,81.38,79.92,80.76,891500,VJC
2024-09-12 07:00:00,81.15,81.3,80.61,81.0,626500,VJC
2024-09-13 07:00:00,81.15,81.15,79.84,80.61,669700,VJC
2024-09-16 07:00:00,80.69,80.92,79.53,80.0,773200,VJC
2024-09-17 07:00:00,80.0,80.76,79.69,80.76,842400,VJC
2024-09-18 07:00:00,80.76,81.15,80.15,80.84,829500,VJC
2024-09-19 07:00:00,80.76,80.92,80.46,80.84,771000,VJC
2024-09-20 07:00:00,80.92,81.07,80.23,80.92,1227800,VJC
2024-09-23 07:00:00,81.0,81.15,80.38,80.76,563900,VJC
2024-09-24 07:00:00,80.76,80.92,80.38,80.84,694600,VJC
2024-09-25 07:00:00,81.0,81.0,80.15,80.46,863000,VJC
2024-09-26 07:00:00,80.53,80.84,80.15,80.84,938400,VJC
2024-09-27 07:00:00,80.92,81.0,80.0,80.84,706100,VJC
2024-09-30 07:00:00,80.84,80.92,80.23,80.76,637900,VJC
2024-10-01 07:00:00,80.76,81.15,80.61,81.0,791500,VJC
2024-10-02 07:00:00,80.84,81.0,79.84,80.76,659500,VJC
2024-10-03 07:00:00,80.76,81.61,80.46,81.15,793800,VJC
2024-10-04 07:00:00,81.23,81.3,80.61,81.0,738600,VJC
2024-10-07 07:00:00,81.0,81.15,80.0,80.76,661400,VJC
2024-10-08 07:00:00,80.76,80.92,80.0,80.61,774500,VJC
2024-10-09 07:00:00,80.61,81.46,80.07,81.23,890700,VJC
2024-10-10 07:00:00,81.23,81.53,80.46,81.53,2029000,VJC
2024-10-11 07:00:00,81.61,84.23,81.53,83.76,1404500,VJC
2024-10-14 07:00:00,83.84,84.15,81.53,82.53,1104300,VJC
2024-10-15 07:00:00,82.53,82.61,81.0,81.46,920900,VJC
2024-10-16 07:00:00,81.15,81.46,79.84,81.38,814300,VJC
2024-10-17 07:00:00,81.38,81.38,80.15,81.0,770900,VJC
2024-10-18 07:00:00,81.0,81.92,80.3,81.92,997000,VJC
2024-10-21 07:00:00,81.3,81.3,80.23,81.23,827000,VJC
2024-10-22 07:00:00,81.07,81.07,80.15,80.15,790400,VJC
2024-10-23 07:00:00,80.15,80.76,79.92,80.3,776200,VJC
2024-10-24 07:00:00,80.38,80.38,79.69,80.15,771400,VJC
2024-10-25 07:00:00,80.15,80.23,79.53,80.15,734700,VJC
2024-10-28 07:00:00,80.15,80.15,79.15,79.69,774200,VJC
2024-10-29 07:00:00,79.76,80.0,79.38,79.92,694700,VJC
2024-10-30 07:00:00,79.92,80.0,79.23,79.92,721000,VJC
2024-10-31 07:00:00,79.84,80.76,79.61,80.76,752200,VJC
2024-11-01 07:00:00,80.69,80.69,79.61,80.53,645900,VJC
2024-11-04 07:00:00,80.53,80.53,79.53,80.0,724900,VJC
2024-11-05 07:00:00,80.0,80.07,78.92,79.61,727300,VJC
2024-11-06 07:00:00,79.69,80.76,79.3,80.69,696700,VJC
2024-11-07 07:00:00,80.76,80.76,80.07,80.23,648900,VJC
2024-11-08 07:00:00,80.23,80.46,79.61,80.46,691200,VJC
2024-11-11 07:00:00,80.46,80.61,79.53,80.38,686800,VJC
2024-11-12 07:00:00,80.38,80.76,79.3,80.38,714300,VJC
2024-11-13 07:00:00,80.07,80.3,79.23,79.69,705100,VJC
2024-11-14 07:00:00,79.69,79.76,78.53,79.46,665000,VJC
2024-11-15 07:00:00,79.3,79.53,78.07,79.46,756900,VJC
2024-11-18 07:00:00,79.15,79.23,77.69,78.23,757900,VJC
2024-11-19 07:00:00,78.46,78.61,77.15,78.23,579900,VJC
2024-11-20 07:00:00,77.92,78.69,77.0,78.46,729300,VJC
2024-11-21 07:00:00,78.46,78.61,77.07,78.23,693000,VJC
2024-11-22 07:00:00,78.23,78.76,77.69,78.23,604800,VJC
2024-11-25 07:00:00,78.15,79.07,78.07,79.07,773600,VJC
2024-11-26 07:00:00,79.15,79.46,78.76,79.38,578700,VJC
2024-11-27 07:00:00,79.23,79.46,78.53,78.76,568800,VJC
2024-11-28 07:00:00,78.84,79.15,78.3,78.61,635800,VJC
2024-11-29 07:00:00,78.61,78.76,77.23,78.76,674400,VJC
2024-12-02 07:00:00,78.92,79.0,77.92,78.69,576300,VJC
2024-12-03 07:00:00,78.46,78.69,77.69,78.07,695700,VJC
2024-12-04 07:00:00,78.0,78.07,77.23,78.0,696300,VJC
2024-12-05 07:00:00,78.0,79.23,77.61,79.23,790500,VJC
2024-12-06 07:00:00,79.07,79.23,78.38,79.07,639400,VJC
2024-12-09 07:00:00,78.84,79.61,78.07,79.0,681100,VJC
2024-12-10 07:00:00,78.92,79.0,78.38,78.92,548800,VJC
2024-12-11 07:00:00,78.92,79.76,78.3,79.15,685400,VJC
2024-12-12 07:00:00,79.15,79.61,78.46,79.15,663200,VJC
2024-12-13 07:00:00,79.07,79.07,78.3,78.76,575200,VJC
2024-12-16 07:00:00,78.76,78.76,77.76,78.46,643600,VJC
2024-12-17 07:00:00,78.46,78.61,77.53,78.15,671400,VJC
2024-12-18 07:00:00,78.0,78.0,77.3,77.46,605900,VJC
2024-12-19 07:00:00,77.3,77.3,75.38,76.92,1135400,VJC
2024-12-20 07:00:00,76.92,77.61,76.3,76.3,1007700,VJC
2024-12-23 07:00:00,77.15,77.76,76.53,77.38,698100,VJC
2024-12-24 07:00:00,77.38,77.69,76.76,77.69,675800,VJC
2024-12-25 07:00:00,77.76,78.46,77.3,78.46,938200,VJC
2024-12-26 07:00:00,78.46,78.61,77.69,78.07,620800,VJC
2024-12-27 07:00:00,78.15,78.3,77.69,77.84,650900,VJC
2024-12-30 07:00:00,77.07,77.53,76.69,77.0,751900,VJC
2024-12-31 07:00:00,77.3,77.3,76.46,76.92,684300,VJC
2025-01-02 07:00:00,77.0,77.0,76.15,76.84,746800,VJC
2025-01-03 07:00:00,76.84,76.84,76.07,76.53,743700,VJC
2025-01-06 07:00:00,76.53,76.84,76.15,76.69,663900,VJC
2025-01-07 07:00:00,76.69,76.84,75.76,76.53,615600,VJC
2025-01-08 07:00:00,76.46,76.53,75.69,76.46,487900,VJC
2025-01-09 07:00:00,76.46,76.46,75.92,76.38,439600,VJC
2025-01-10 07:00:00,76.38,76.61,75.53,75.84,470300,VJC
2025-01-13 07:00:00,76.0,76.3,75.46,75.84,519700,VJC
2025-01-14 07:00:00,75.76,75.92,75.3,75.76,491200,VJC
2025-01-15 07:00:00,75.84,76.46,75.61,75.92,476400,VJC
2025-01-16 07:00:00,76.0,76.38,74.76,76.07,727300,VJC
2025-01-17 07:00:00,76.07,76.23,75.38,76.15,523200,VJC
2025-01-20 07:00:00,75.76,76.15,75.46,76.0,421100,VJC
2025-01-21 07:00:00,76.15,76.38,75.46,76.0,480800,VJC
2025-01-22 07:00:00,76.0,76.15,75.61,76.0,474500,VJC
2025-01-23 07:00:00,76.0,76.53,75.84,76.15,569800,VJC
2025-01-24 07:00:00,76.07,76.76,75.61,76.76,612100,VJC
2025-02-03 07:00:00,76.53,76.53,75.3,76.0,505200,VJC
2025-02-04 07:00:00,76.0,76.0,75.3,75.53,543900,VJC
2025-02-05 07:00:00,75.53,75.92,75.0,75.15,535700,VJC
2025-02-06 07:00:00,75.15,75.76,74.84,75.38,415300,VJC
2025-02-07 07:00:00,75.3,75.53,75.0,75.46,506800,VJC
2025-02-10 07:00:00,75.38,75.38,74.38,74.46,466100,VJC
2025-02-11 07:00:00,74.46,74.61,73.15,74.23,642800,VJC
2025-02-12 07:00:00,74.07,74.61,73.92,73.92,458700,VJC
2025-02-13 07:00:00,73.61,74.0,73.46,74.0,445400,VJC
2025-02-14 07:00:00,74.0,74.46,74.0,74.38,511200,VJC
2025-02-17 07:00:00,74.38,75.0,74.15,75.0,512400,VJC
2025-02-18 07:00:00,75.0,75.23,74.38,74.92,480300,VJC
2025-02-19 07:00:00,75.0,75.0,74.3,74.92,544900,VJC
2025-02-20 07:00:00,74.92,75.0,74.46,74.53,610300,VJC
2025-02-21 07:00:00,74.46,74.53,74.0,74.3,501600,VJC
2025-02-24 07:00:00,74.0,74.3,73.61,74.3,630800,VJC
2025-02-25 07:00:00,74.38,74.46,73.84,73.92,590700,VJC
2025-02-26 07:00:00,73.92,74.69,73.84,74.69,476000,VJC
2025-02-27 07:00:00,74.69,74.76,74.07,74.53,512100,VJC
2025-02-28 07:00:00,74.38,74.61,73.84,73.84,550100,VJC
2025-03-03 07:00:00,74.0,74.61,73.84,74.53,561200,VJC
2025-03-04 07:00:00,74.3,74.61,73.92,74.46,569900,VJC
2025-03-05 07:00:00,74.23,74.46,73.92,74.15,490400,VJC
2025-03-06 07:00:00,74.23,74.46,74.0,74.23,538100,VJC
2025-03-07 07:00:00,74.07,74.61,73.84,74.61,758800,VJC
2025-03-10 07:00:00,74.61,75.3,74.15,75.15,593800,VJC
2025-03-11 07:00:00,74.76,75.38,74.46,75.15,511400,VJC
2025-03-12 07:00:00,75.15,75.23,74.69,74.92,525900,VJC
2025-03-13 07:00:00,74.92,75.0,74.23,74.84,531400,VJC
2025-03-14 07:00:00,74.92,76.76,74.38,75.84,910700,VJC
2025-03-17 07:00:00,75.92,76.46,75.92,76.23,727600,VJC
2025-03-18 07:00:00,76.23,76.46,75.0,75.69,625400,VJC
2025-03-19 07:00:00,75.61,75.61,74.84,75.23,609400,VJC
2025-03-20 07:00:00,75.3,75.3,74.0,74.0,547400,VJC
2025-03-21 07:00:00,74.07,75.0,73.76,74.3,622400,VJC
2025-03-24 07:00:00,74.38,74.46,73.53,74.3,568400,VJC
2025-03-25 07:00:00,74.61,74.76,73.76,74.38,533900,VJC
2025-03-26 07:00:00,74.46,75.07,74.0,74.38,723000,VJC
2025-03-27 07:00:00,74.23,74.38,73.76,74.23,513700,VJC
2025-03-28 07:00:00,74.23,74.23,73.23,73.84,754500,VJC
2025-03-31 07:00:00,73.76,73.76,72.84,73.07,524800,VJC
2025-04-01 07:00:00,73.07,73.23,72.61,73.23,453900,VJC
2025-04-02 07:00:00,73.3,73.3,72.69,73.07,514900,VJC
2025-04-03 07:00:00,73.0,73.0,68.0,68.0,727500,VJC
2025-04-04 07:00:00,63.38,68.0,63.38,66.38,1024200,VJC
2025-04-08 07:00:00,66.15,66.15,61.77,63.54,634600,VJC
2025-04-09 07:00:00,60.69,63.46,59.3,60.84,632500,VJC
2025-04-10 07:00:00,65.07,65.07,65.07,65.07,21700,VJC
2025-04-11 07:00:00,69.61,69.61,65.07,65.69,997400,VJC
2025-04-14 07:00:00,65.69,65.77,64.3,65.77,603400,VJC
2025-04-15 07:00:00,65.23,65.69,63.38,64.07,795300,VJC
2025-04-16 07:00:00,64.07,65.77,64.0,65.69,639900,VJC
2025-04-17 07:00:00,64.38,67.69,64.0,67.69,1301600,VJC
2025-04-18 07:00:00,68.3,68.3,66.54,66.54,740900,VJC
2025-04-21 07:00:00,67.15,67.3,64.61,64.61,641500,VJC
2025-04-22 07:00:00,64.84,64.84,61.61,64.23,930200,VJC
2025-04-23 07:00:00,65.38,66.15,65.23,65.92,731400,VJC
2025-04-24 07:00:00,66.0,66.0,64.84,65.92,579400,VJC
2025-04-25 07:00:00,65.92,70.0,64.84,70.0,1409000,VJC
2025-04-28 07:00:00,68.46,69.23,67.23,68.54,450300,VJC
2025-04-29 07:00:00,68.54,68.54,66.15,66.15,663900,VJC
2025-05-05 07:00:00,66.23,69.0,66.15,68.92,636100,VJC
2025-05-06 07:00:00,68.92,69.0,67.77,68.46,596000,VJC
2025-05-07 07:00:00,68.54,68.54,67.77,68.38,589800,VJC
2025-05-08 07:00:00,68.3,69.38,67.23,69.07,712900,VJC
2025-05-09 07:00:00,68.46,69.23,68.07,68.84,588500,VJC
2025-05-12 07:00:00,68.84,69.61,68.46,69.54,742000,VJC
2025-05-13 07:00:00,70.38,70.38,68.76,69.61,597500,VJC
2025-05-14 07:00:00,69.07,71.54,68.84,71.54,1016000,VJC
2025-05-15 07:00:00,70.76,70.76,69.15,70.0,1044800,VJC
2025-05-16 07:00:00,69.23,69.84,69.0,69.23,625300,VJC
2025-05-19 07:00:00,68.84,68.84,67.69,67.69,709400,VJC
2025-05-20 07:00:00,67.69,68.38,66.77,67.92,898700,VJC
2025-05-21 07:00:00,68.0,68.0,67.07,67.92,689200,VJC
2025-05-22 07:00:00,67.3,68.15,66.92,67.07,837600,VJC
2025-05-23 07:00:00,67.0,67.69,66.61,67.54,571400,VJC
2025-05-26 07:00:00,67.54,67.54,66.3,67.54,574800,VJC
2025-05-27 07:00:00,67.3,68.3,67.15,68.0,736800,VJC
2025-05-28 07:00:00,67.84,68.15,67.3,67.69,632400,VJC
2025-05-29 07:00:00,67.3,67.46,67.07,67.3,523700,VJC
2025-05-30 07:00:00,67.0,67.46,66.61,66.92,531400,VJC
2025-06-02 07:00:00,66.84,69.3,66.54,68.84,1137400,VJC
2025-06-03 07:00:00,69.23,70.0,68.46,69.07,761300,VJC
2025-06-04 07:00:00,69.07,71.15,68.69,70.61,1376400,VJC
2025-06-05 07:00:00,70.76,70.76,70.0,70.23,698500,VJC
2025-06-06 07:00:00,69.61,70.0,68.3,69.23,998300,VJC
2025-06-09 07:00:00,69.23,69.23,67.69,68.3,840100,VJC
2025-06-10 07:00:00,68.46,68.84,67.77,68.46,574200,VJC
2025-06-11 07:00:00,68.3,68.46,67.38,67.38,684500,VJC
2025-06-12 07:00:00,67.46,68.69,67.46,68.38,661000,VJC
2025-06-13 07:00:00,67.3,67.69,66.77,67.69,864600,VJC
2025-06-16 07:00:00,67.54,67.54,66.77,67.54,747700,VJC
2025-06-17 07:00:00,67.69,67.77,67.0,67.46,670500,VJC
2025-06-18 07:00:00,67.46,67.77,67.23,67.46,662400,VJC
2025-06-19 07:00:00,67.15,68.61,66.92,68.07,1200900,VJC
2025-06-20 07:00:00,68.3,68.3,67.46,68.23,697600,VJC
2025-06-23 07:00:00,67.61,67.61,66.84,67.3,672800,VJC
2025-06-24 07:00:00,67.3,67.77,67.15,67.77,640600,VJC
2025-06-25 07:00:00,67.38,67.92,67.0,67.0,664900,VJC
2025-06-26 07:00:00,67.07,67.54,67.0,67.0,525900,VJC
2025-06-27 07:00:00,67.07,67.61,67.0,67.07,708000,VJC
2025-06-30 07:00:00,67.3,68.3,67.3,67.77,602400,VJC
2025-07-01 07:00:00,67.84,70.0,67.84,69.61,1284900,VJC
2025-07-02 07:00:00,69.61,69.61,69.15,69.38,598200,VJC
2025-07-03 07:00:00,67.15,69.54,67.15,68.46,699800,VJC
2025-07-04 07:00:00,68.54,69.23,68.07,69.07,793800,VJC
2025-07-07 07:00:00,69.0,69.46,68.23,69.23,789200,VJC
2025-07-08 07:00:00,69.23,73.07,68.84,73.07,2138100,VJC
2025-07-09 07:00:00,73.07,73.23,72.3,72.3,1068600,VJC
2025-07-10 07:00:00,72.38,73.84,72.07,73.84,1272300,VJC
2025-07-11 07:00:00,73.84,76.92,73.61,76.92,2011400,VJC
2025-07-14 07:00:00,77.23,77.61,75.53,76.15,1133300,VJC
2025-07-15 07:00:00,76.92,77.0,75.0,75.0,1114200,VJC
2025-07-16 07:00:00,74.61,75.0,73.46,73.84,1545300,VJC
2025-07-17 07:00:00,73.84,75.23,72.54,72.54,1712800,VJC
2025-07-18 07:00:00,73.46,74.0,71.54,71.76,2612300,VJC
2025-07-21 07:00:00,72.3,74.07,72.23,73.15,1560900,VJC
2025-07-22 07:00:00,73.46,78.23,73.46,78.23,2916000,VJC
2025-07-23 07:00:00,83.07,83.69,82.69,83.69,1717100,VJC
2025-07-24 07:00:00,89.53,89.53,84.15,87.69,2891800,VJC
2025-07-25 07:00:00,87.84,93.76,86.3,93.76,3280800,VJC
2025-07-28 07:00:00,95.61,99.76,95.38,97.69,2342200,VJC
2025-07-29 07:00:00,98.38,98.38,90.92,91.0,3093100,VJC
2025-07-30 07:00:00,91.0,95.3,90.38,91.3,2121100,VJC
2025-07-31 07:00:00,92.84,94.23,88.46,93.23,2767900,VJC
2025-08-01 07:00:00,93.23,93.23,90.0,91.53,2498100,VJC
2025-08-04 07:00:00,90.0,97.92,89.38,97.92,3266700,VJC
2025-08-05 07:00:00,99.22,101.46,92.3,97.92,3989200,VJC
2025-08-06 07:00:00,97.92,99.61,96.38,99.22,2196300,VJC
2025-08-07 07:00:00,99.38,99.46,96.76,98.22,2219800,VJC
2025-08-08 07:00:00,98.3,98.3,93.46,93.46,2177500,VJC
2025-08-11 07:00:00,96.15,96.15,93.46,95.38,2038500,VJC
2025-08-12 07:00:00,96.15,99.61,94.38,97.69,3151000,VJC
2025-08-13 07:00:00,98.07,98.07,94.69,98.0,3060400,VJC
2025-08-14 07:00:00,99.15,104.84,98.46,104.84,4476000,VJC
2025-08-15 07:00:00,110.07,112.15,102.99,111.99,3441800,VJC
2025-08-18 07:00:00,111.99,111.99,107.69,109.53,2043900,VJC
2025-08-19 07:00:00,116.84,117.15,110.99,112.3,2386000,VJC
2025-08-20 07:00:00,112.3,112.3,104.99,110.61,2404800,VJC
2025-08-21 07:00:00,110.53,112.3,107.76,112.15,2763800,VJC
2025-08-22 07:00:00,108.07,111.53,106.15,107.69,2398900,VJC
2025-08-25 07:00:00,108.07,111.15,107.69,109.61,2427600,VJC
2025-08-26 07:00:00,109.99,111.15,108.61,110.76,2017200,VJC
2025-08-27 07:00:00,111.15,111.61,109.07,110.84,2022600,VJC
2025-08-28 07:00:00,111.15,113.99,110.76,111.53,1972700,VJC
2025-08-29 07:00:00,111.99,112.46,109.92,111.15,2058500,VJC
2025-09-03 07:00:00,110.76,110.76,107.69,109.22,2128500,VJC
2025-09-04 07:00:00,109.38,109.38,107.3,107.69,2005200,VJC
2025-09-05 07:00:00,107.76,111.53,107.69,109.22,2084300,VJC
2025-09-08 07:00:00,108.46,109.69,107.07,109.15,2161700,VJC
2025-09-09 07:00:00,109.22,112.76,109.15,111.53,2383000,VJC
2025-09-10 07:00:00,111.92,111.99,109.07,111.46,1971900,VJC
2025-09-11 07:00:00,111.53,112.3,108.07,111.84,2166300,VJC
2025-09-12 07:00:00,111.99,114.22,111.15,112.3,2318100,VJC
2025-09-15 07:00:00,112.69,112.69,110.38,111.99,2238300,VJC
2025-09-16 07:00:00,112.07,113.15,109.22,109.22,2235800,VJC
2025-09-17 07:00:00,109.22,109.61,107.99,109.22,2022300,VJC
2025-09-18 07:00:00,109.3,109.3,107.07,107.53,2103300,VJC
2025-09-19 07:00:00,107.53,107.53,103.84,105.53,2084700,VJC
2025-09-22 07:00:00,104.99,105.15,100.76,104.22,2352000,VJC
2025-09-23 07:00:00,104.3,104.61,102.07,102.3,1763500,VJC
2025-09-24 07:00:00,102.3,103.07,100.3,102.84,1531900,VJC
2025-09-25 07:00:00,103.07,105.61,102.99,104.53,1690500,VJC
2025-09-26 07:00:00,104.69,104.69,101.92,101.92,1761300,VJC
2025-09-29 07:00:00,101.76,101.92,98.76,99.76,1784400,VJC
2025-09-30 07:00:00,99.84,101.15,99.07,99.69,1689700,VJC
2025-10-01 07:00:00,99.53,99.84,98.46,98.46,1675800,VJC
2025-10-02 07:00:00,98.61,101.15,98.0,99.0,1759900,VJC
2025-10-03 07:00:00,99.0,100.0,98.15,99.46,1613800,VJC
2025-10-06 07:00:00,99.61,103.3,99.61,103.3,1702900,VJC
2025-10-07 07:00:00,103.69,103.69,101.3,102.61,1598400,VJC
2025-10-08 07:00:00,103.84,103.84,101.76,102.61,1815000,VJC
2025-10-09 07:00:00,102.69,102.69,100.84,102.38,1712300,VJC
2025-10-10 07:00:00,102.69,103.46,101.53,102.53,1820600,VJC
2025-10-13 07:00:00,101.46,109.69,100.0,109.69,3773100,VJC
2025-10-14 07:00:00,111.92,117.3,110.46,117.3,4715400,VJC
2025-10-15 07:00:00,120.53,125.46,117.53,125.46,3453800,VJC
2025-10-16 07:00:00,126.15,133.45,123.99,133.45,3679500,VJC
2025-10-17 07:00:00,133.53,137.68,129.99,134.61,3068900,VJC
2025-10-20 07:00:00,134.22,138.45,127.38,134.22,3485400,VJC
2025-10-21 07:00:00,134.22,143.61,134.22,138.45,4128300,VJC
2025-10-22 07:00:00,138.84,139.45,136.22,138.61,2921000,VJC
2025-10-23 07:00:00,138.53,142.38,138.53,141.53,2601400,VJC
2025-10-24 07:00:00,141.53,141.92,133.45,138.45,3503900,VJC
2025-10-27 07:00:00,140.76,140.76,130.76,134.84,3024700,VJC
2025-10-28 07:00:00,134.07,144.22,134.07,144.22,3724300,VJC
2025-10-29 07:00:00,145.76,151.15,145.38,150.07,2318200,VJC
2025-10-30 07:00:00,150.07,154.76,148.15,150.38,2386700,VJC
2025-10-31 07:00:00,149.22,149.38,141.92,143.84,2801200,VJC
2025-11-03 07:00:00,143.68,146.07,140.84,141.15,2409100,VJC
2025-11-04 07:00:00,141.53,145.38,140.61,142.92,2129600,VJC
2025-11-05 07:00:00,142.53,143.45,140.76,141.92,2043500,VJC
2025-11-06 07:00:00,142.15,143.45,139.15,139.15,1768700,VJC
2025-11-07 07:00:00,137.3,138.45,132.99,136.92,2066800,VJC
2025-11-10 07:00:00,137.3,139.22,134.84,135.76,1928500,VJC
2025-11-11 07:00:00,135.76,136.53,131.15,134.53,2016700,VJC
2025-11-12 07:00:00,134.61,136.15,130.99,135.45,1922100,VJC
2025-11-13 07:00:00,135.22,136.76,133.99,135.61,1857900,VJC
2025-11-14 07:00:00,135.07,136.15,133.3,135.68,1849300,VJC
2025-11-17 07:00:00,135.68,137.68,134.22,137.68,1912600,VJC
2025-11-18 07:00:00,138.61,138.61,136.15,137.76,1830000,VJC
2025-11-19 07:00:00,137.45,137.76,135.45,136.92,1811700,VJC
2025-11-20 07:00:00,136.53,146.45,136.3,146.45,3009500,VJC
2025-11-21 07:00:00,146.92,151.61,145.07,149.68,1923700,VJC
2025-11-24 07:00:00,149.76,157.76,148.45,157.53,2856900,VJC
2025-11-25 07:00:00,157.92,168.53,156.53,168.53,3212400,VJC
2025-11-26 07:00:00,168.07,169.22,159.15,159.84,2250800,VJC
2025-11-27 07:00:00,159.22,159.84,148.68,155.38,4882800,VJC
2025-11-28 07:00:00,154.61,159.07,151.38,156.53,1487300,VJC
2025-12-01 07:00:00,156.68,162.07,154.38,156.84,1854100,VJC
2025-12-02 07:00:00,156.92,167.76,155.07,167.61,3559400,VJC
2025-12-03 07:00:00,167.84,167.91,163.22,164.61,1692700,VJC
2025-12-04 07:00:00,164.68,164.68,158.45,158.45,2249900,VJC
2025-12-05 07:00:00,157.07,159.61,153.84,159.61,2320700,VJC
2025-12-08 07:00:00,157.22,159.61,154.53,158.76,1673000,VJC
2025-12-09 07:00:00,157.68,157.68,153.84,153.84,1981000,VJC
2025-12-10 07:00:00,154.22,154.61,148.92,151.22,2538900,VJC
2025-12-11 07:00:00,150.53,150.99,144.53,144.61,1748000,VJC
2025-12-12 07:00:00,142.3,146.53,138.3,142.3,1994200,VJC
2025-12-15 07:00:00,141.53,143.84,140.76,143.07,1403500,VJC
2025-12-16 07:00:00,143.15,147.3,139.84,147.3,1586300,VJC
2025-12-17 07:00:00,147.38,147.38,142.38,142.38,1511100,VJC
2025-12-18 07:00:00,142.38,150.76,140.68,149.15,2130100,VJC
2025-12-19 07:00:00,149.22,153.76,147.53,153.76,2115800,VJC
2025-12-22 07:00:00,153.84,159.22,151.99,158.45,1857400,VJC
2025-12-23 07:00:00,158.07,161.53,155.61,158.84,1843400,VJC
2025-12-24 07:00:00,158.45,158.61,153.07,153.07,1833200,VJC
2025-12-25 07:00:00,151.84,163.76,150.61,163.07,3518200,VJC
2025-12-26 07:00:00,160.53,163.45,157.68,159.91,1665600,VJC
2025-12-29 07:00:00,160.3,162.45,158.99,160.15,1680400,VJC
2025-12-30 07:00:00,159.99,160.15,153.53,157.99,1702600,VJC
2025-12-31 07:00:00,157.3,160.76,155.15,160.76,1395200,VJC
2026-01-05 07:00:00,159.22,161.15,156.68,159.61,1788000,VJC
2026-01-06 07:00:00,159.61,165.76,157.84,163.22,2090200,VJC
2026-01-07 07:00:00,163.45,163.61,159.91,161.22,1487800,VJC
2026-01-08 07:00:00,161.53,162.45,153.45,156.15,2229900,VJC
2026-01-09 07:00:00,155.15,155.92,146.15,152.84,2533600,VJC
2026-01-12 07:00:00,152.15,152.3,144.61,149.99,1966900,VJC
2026-01-13 07:00:00,149.22,151.15,146.3,149.99,1639400,VJC
2026-01-14 07:00:00,149.38,150.15,143.07,145.68,1902700,VJC
2026-01-15 07:00:00,144.99,144.99,136.53,138.84,1674500,VJC
2026-01-16 07:00:00,138.84,143.84,138.15,141.53,1380500,VJC
2026-01-19 07:00:00,141.92,143.84,140.15,142.3,1083300,VJC
2026-01-20 07:00:00,142.68,143.07,139.45,139.84,1416900,VJC
2026-01-21 07:00:00,139.61,141.15,136.99,139.84,1463200,VJC
2026-01-22 07:00:00,139.22,140.07,137.76,139.22,1307700,VJC
2026-01-23 07:00:00,139.61,148.92,138.38,148.92,1510400,VJC
2026-01-26 07:00:00,145.92,146.07,139.99,139.99,1220900,VJC
2026-01-27 07:00:00,140.15,141.15,137.53,137.53,1224400,VJC
2026-01-28 07:00:00,137.68,138.61,128.15,131.92,1969300,VJC
2026-01-29 07:00:00,132.3,132.99,123.84,126.15,1782400,VJC
2026-01-30 07:00:00,126.38,131.15,122.61,131.15,1696000,VJC
2026-02-02 07:00:00,131.3,132.07,123.3,130.76,1498600,VJC
2026-02-03 07:00:00,129.84,130.76,126.76,129.22,1304800,VJC
2026-02-04 07:00:00,127.68,128.46,123.99,126.92,1312300,VJC
2026-02-05 07:00:00,126.15,130.76,124.76,128.07,1515400,VJC
2026-02-06 07:00:00,126.92,127.76,124.15,127.68,1268400,VJC
2026-02-09 07:00:00,127.68,129.61,126.53,126.92,1042500,VJC
2026-02-10 07:00:00,126.15,126.92,124.22,125.38,1049000,VJC
2026-02-11 07:00:00,124.99,129.22,123.99,129.22,1187900,VJC
2026-02-12 07:00:00,129.22,130.76,127.46,129.22,1078600,VJC
2026-02-13 07:00:00,129.22,130.38,127.3,130.15,1247500,VJC
2026-02-23 07:00:00,130.38,134.61,130.15,134.53,1266800,VJC
2026-02-24 07:00:00,134.53,143.53,131.3,143.53,1663400,VJC
2026-02-25 07:00:00,138.61,141.15,136.15,137.3,1183500,VJC
2026-02-26 07:00:00,136.53,137.76,133.61,137.3,1174800,VJC
2026-02-27 07:00:00,136.76,137.3,134.76,135.22,1133900,VJC
2026-03-02 07:00:00,131.15,131.99,129.38,129.99,1184600,VJC
2026-03-03 07:00:00,129.46,130.76,126.22,126.22,1193000,VJC
2026-03-04 07:00:00,125.84,127.68,119.84,125.53,1467800,VJC
2026-03-05 07:00:00,125.61,125.92,119.99,120.3,1566900,VJC
2026-03-06 07:00:00,119.99,121.92,117.07,120.3,1238100,VJC
2026-03-09 07:00:00,114.99,117.69,111.92,117.69,1111300,VJC
2026-03-10 07:00:00,118.69,119.99,115.92,119.22,1429000,VJC
2026-03-11 07:00:00,120.76,123.07,117.53,122.84,1433700,VJC
2026-03-12 07:00:00,119.22,121.46,117.53,117.53,1393200,VJC
2026-03-13 07:00:00,117.38,120.76,117.38,120.61,1257300,VJC
2026-03-16 07:00:00,119.99,119.99,117.38,118.46,1162100,VJC
2026-03-17 07:00:00,118.46,120.76,118.46,120.76,1243800,VJC
2026-03-18 07:00:00,120.15,123.07,119.38,123.07,1285600,VJC
2026-03-19 07:00:00,121.84,122.15,119.22,122.07,1725300,VJC
2026-03-20 07:00:00,121.15,121.15,116.38,120.99,1784200,VJC
2026-03-23 07:00:00,117.3,117.92,116.22,116.76,980100,VJC
2026-03-24 07:00:00,116.76,117.69,112.84,117.69,1654700,VJC
2026-03-25 07:00:00,117.69,118.07,115.38,117.69,1290300,VJC
2026-03-26 07:00:00,117.69,119.22,116.07,119.22,1165100,VJC
2026-03-27 07:00:00,119.22,121.15,117.92,120.76,1004300,VJC
2026-03-30 07:00:00,119.22,121.92,116.92,120.84,1246800,VJC
2026-03-31 07:00:00,120.92,121.53,119.99,119.99,864400,VJC
2026-04-01 07:00:00,120.38,128.38,120.15,128.38,1686900,VJC
2026-04-02 07:00:00,130.76,130.76,123.99,127.3,1060100,VJC
2026-04-03 07:00:00,126.92,131.15,123.92,123.92,1433000,VJC
2026-04-06 07:00:00,122.3,125.76,122.3,125.61,1008000,VJC
2026-04-07 07:00:00,125.61,125.76,122.69,125.76,992900,VJC
2026-04-08 07:00:00,127.68,130.38,126.68,130.38,1266500,VJC
2026-04-09 07:00:00,128.99,129.07,126.92,127.68,1032800,VJC
2026-04-10 07:00:00,128.07,130.38,127.68,128.46,1039700,VJC
2026-04-13 07:00:00,124.15,128.46,124.07,128.3,1053300,VJC
2026-04-14 07:00:00,128.46,129.99,127.22,128.3,1099200,VJC
2026-04-15 07:00:00,128.3,137.22,128.3,137.07,2641000,VJC
2026-04-16 07:00:00,135.76,137.07,131.84,137.07,1542600,VJC
2026-04-17 07:00:00,136.99,136.99,132.45,136.76,1633500,VJC
2026-04-20 07:00:00,135.3,135.99,133.22,134.84,920700,VJC
2026-04-21 07:00:00,134.92,138.61,134.61,135.15,1478300,VJC
2026-04-22 07:00:00,135.22,135.68,133.07,135.15,1254700,VJC
2026-04-23 07:00:00,135.07,136.92,132.61,134.53,1053200,VJC
2026-04-24 07:00:00,134.45,138.84,132.45,138.84,1581700,VJC
2026-04-28 07:00:00,137.53,138.84,135.45,137.45,1353200,VJC
2026-04-29 07:00:00,136.68,139.61,135.53,138.45,1495900,VJC
2026-05-04 07:00:00,137.3,138.45,135.53,138.38,1174600,VJC
2026-05-05 07:00:00,137.68,139.99,136.3,139.22,1482700,VJC
2026-05-06 07:00:00,139.3,146.15,137.68,139.61,2074100,VJC
2026-05-07 07:00:00,139.61,141.92,138.61,139.99,1264500,VJC
2026-05-08 07:00:00,139.92,139.99,135.53,135.53,1363900,VJC
2026-05-11 07:00:00,135.53,135.53,131.15,131.15,1526200,VJC
2026-05-12 07:00:00,130.76,134.61,130.3,134.61,1271400,VJC
2026-05-13 07:00:00,134.61,139.61,132.92,133.15,1105600,VJC
2026-05-14 07:00:00,133.45,134.99,131.84,133.15,1197100,VJC
2026-05-15 07:00:00,133.3,133.38,131.76,131.76,1138200,VJC
2026-05-18 07:00:00,130.38,132.53,130.38,131.61,1391200,VJC
2026-05-19 07:00:00,131.68,132.68,130.22,132.3,1175600,VJC
2026-05-20 07:00:00,132.3,132.76,129.92,131.22,1335700,VJC
2026-05-21 07:00:00,131.53,133.84,131.38,133.45,1520400,VJC
2026-05-22 07:00:00,133.45,133.45,130.61,130.84,1084400,VJC
2026-05-25 07:00:00,130.84,133.84,130.53,133.68,1116300,VJC
2026-05-26 07:00:00,133.68,133.84,132.15,132.76,996200,VJC
2026-05-27 07:00:00,132.76,132.84,130.38,132.38,1047500,VJC
2026-05-28 07:00:00,132.45,132.68,130.76,131.07,999300,VJC
2026-05-29 07:00:00,129.99,132.3,129.61,132.22,998700,VJC
2026-06-01 07:00:00,132.22,132.68,130.45,131.53,881400,VJC
2026-06-02 07:00:00,131.53,131.61,129.84,130.84,901200,VJC
2026-06-03 07:00:00,130.84,132.3,129.99,131.38,1089800,VJC
2026-06-04 07:00:00,131.38,132.76,130.15,132.76,1034100,VJC
2026-06-05 07:00:00,133.07,141.99,132.53,141.99,1789100,VJC
2026-06-08 07:00:00,136.92,138.45,134.53,135.99,846900,VJC
2026-06-09 07:00:00,136.15,137.99,134.92,137.68,898900,VJC
2026-06-10 07:00:00,137.92,141.15,137.45,139.99,1008400,VJC
2026-06-11 07:00:00,139.22,140.38,136.38,136.53,817800,VJC
2026-06-12 07:00:00,136.76,140.84,136.68,139.07,907600,VJC
2026-06-15 07:00:00,139.22,142.68,139.22,141.3,1074500,VJC
2026-06-16 07:00:00,143.8,144.1,137.8,138.0,969400,VJC
2026-06-17 07:00:00,136.8,144.0,136.3,143.9,959700,VJC
2026-06-18 07:00:00,142.8,142.8,138.4,138.4,1144100,VJC
2026-06-19 07:00:00,138.9,141.0,138.4,140.5,1166800,VJC
2026-06-22 07:00:00,140.5,141.0,138.9,139.5,1005000,VJC
2026-06-23 07:00:00,139.5,140.2,137.5,137.5,938200,VJC
2026-06-24 07:00:00,137.5,138.2,136.1,136.4,967200,VJC
2026-06-25 07:00:00,136.5,139.9,136.3,139.4,965800,VJC
2026-06-26 07:00:00,138.5,140.0,138.0,139.5,982800,VJC
2026-06-29 07:00:00,139.5,139.5,136.6,138.8,1234200,VJC
2026-06-30 07:00:00,138.7,140.0,137.8,139.5,744200,VJC
2026-07-01 07:00:00,139.1,140.0,138.8,139.3,888300,VJC
2026-07-02 07:00:00,139.3,139.4,137.6,139.0,761000,VJC
2026-07-03 07:00:00,139.2,142.5,138.0,141.8,1006400,VJC
2026-07-06 07:00:00,141.8,142.0,137.7,140.6,965100,VJC
2026-07-07 07:00:00,140.0,140.0,138.6,139.7,818200,VJC
2026-07-08 07:00:00,139.0,139.0,137.2,138.9,861400,VJC
2026-07-09 07:00:00,137.5,139.0,137.1,139.0,884700,VJC
2026-07-10 07:00:00,138.0,138.0,137.1,138.0,750900,VJC
2026-07-13 07:00:00,136.8,137.5,128.4,134.4,967500,VJC
2026-07-14 07:00:00,133.0,133.9,130.9,133.3,925900,VJC
2026-07-15 07:00:00,133.3,133.3,129.1,129.7,920100,VJC
2026-07-16 07:00:00,130.0,132.8,129.8,132.5,932800,VJC
2026-07-17 07:00:00,132.0,132.0,129.7,131.3,980200,VJC
2026-07-20 07:00:00,131.0,134.6,128.2,132.0,1110400,VJC
2026-07-21 07:00:00,130.6,132.0,130.2,130.8,847200,VJC
2026-07-22 07:00:00,130.8,131.6,126.0,126.0,1263300,VJC
2026-07-23 07:00:00,127.0,130.0,126.2,127.6,1204100,VJC
2026-07-24 07:00:00,125.8,127.4,124.5,127.4,828800,VJC
2026-07-27 07:00:00,127.0,129.5,124.2,126.0,1058500,VJC
2026-07-28 07:00:00,125.5,127.0,123.3,123.4,969700,VJC
2026-07-29 07:00:00,122.2,125.5,118.1,125.5,1334100,VJC
2026-07-30 07:00:00,125.0,126.5,123.2,124.2,1067400,VJC
2026-07-31 07:00:00,124.4,126.5,123.6,125.0,1446000,VJC
2026-08-03 07:00:00,125.1,127.0,123.7,126.6,1080700,VJC
2026-08-04 07:00:00,126.6,126.6,124.3,126.5,1546500,VJC
2026-08-05 07:00:00,126.8,128.0,125.3,126.1,1604300,VJC
2026-08-06 07:00:00,126.5,127.0,125.0,126.0,1466900,VJC
2026-08-07 07:00:00,125.7,126.1,124.8,125.5,1356700,VJC
2026-08-10 07:00:00,125.7,126.5,123.6,125.5,1513100,VJC
2026-08-11 07:00:00,125.6,128.0,125.6,127.2,1390800,VJC
2026-08-12 07:00:00,127.3,128.5,126.1,127.7,1512600,VJC
2026-08-13 07:00:00,127.9,127.9,124.8,124.9,1564200,VJC
2026-08-14 07:00:00,124.3,125.0,121.7,123.2,1315200,VJC
2026-08-17 07:00:00,121.5,124.0,121.5,123.5,1264300,VJC
2026-08-18 07:00:00,123.5,124.8,122.1,123.5,1304900,VJC
2026-08-19 07:00:00,122.9,123.7,122.2,123.1,1148400,VJC
2026-08-20 07:00:00,123.3,124.0,122.3,123.4,1437200,VJC
2026-08-21 07:00:00,123.0,125.0,122.1,124.5,1367400,VJC
2026-08-24 07:00:00,125.0,125.4,124.0,124.5,1395500,VJC
2026-08-25 07:00:00,124.6,125.1,123.8,124.7,1511700,VJC
2026-08-26 07:00:00,124.7,127.5,124.6,127.0,1510000,VJC
2026-08-27 07:00:00,127.0,128.0,125.3,126.5,1442000,VJC
2026-08-28 07:00:00,126.6,126.6,125.0,125.0,1161100,VJC
2026-09-03 07:00:00,125.0,126.5,124.5,125.6,1230000,VJC
2026-09-04 07:00:00,125.7,126.0,124.5,124.5,1000100,VJC
2026-09-07 07:00:00,124.7,126.5,123.8,125.0,1286900,VJC
2026-09-08 07:00:00,125.1,126.4,125.1,126.0,1078900,VJC
2026-09-09 07:00:00,126.0,126.5,124.5,125.0,892800,VJC
2026-09-10 07:00:00,125.1,125.9,124.0,125.2,774000,VJC
2026-09-11 07:00:00,124.9,125.2,123.7,124.7,1073500,VJC
2026-09-14 07:00:00,124.6,124.8,122.5,122.9,953300,VJC
2026-09-15 07:00:00,123.3,124.5,122.9,124.4,935400,VJC
2026-09-16 07:00:00,124.3,124.9,123.3,124.4,987700,VJC
2026-09-17 07:00:00,124.0,127.0,123.9,126.8,1256200,VJC
2026-09-18 07:00:00,127.0,129.0,126.0,129.0,2012700,VJC
2026-09-21 07:00:00,129.0,138.0,125.1,138.0,1864200,VJC
2026-09-22 07:00:00,137.9,138.0,132.7,135.9,1162600,VJC
2026-09-23 07:00:00,135.9,135.9,133.3,133.3,197500,VJC
