time,open,high,low,close,volume,ticker
2019-01-02 07:00:00,69.51,70.94,69.22,70.94,403570,VNM
2019-01-03 07:00:00,70.94,70.94,69.57,70.31,449730,VNM
2019-01-04 07:00:00,70.08,71.51,69.22,71.51,498470,VNM
2019-01-07 07:00:00,73.06,74.95,71.8,74.95,897430,VNM
2019-01-08 07:00:00,75.18,75.18,73.63,74.37,448350,VNM
2019-01-09 07:00:00,74.37,75.81,73.8,75.46,636050,VNM
2019-01-10 07:00:00,75.46,75.52,74.89,75.35,301700,VNM
2019-01-11 07:00:00,75.35,76.66,75.35,76.66,954110,VNM
2019-01-14 07:00:00,76.09,77.24,76.03,77.24,611420,VNM
2019-01-15 07:00:00,77.24,77.35,76.66,77.18,598510,VNM
2019-01-16 07:00:00,76.66,77.06,75.52,76.09,562220,VNM
2019-01-17 07:00:00,76.09,76.32,75.29,75.63,514870,VNM
2019-01-18 07:00:00,76.09,77.18,76.09,76.66,545600,VNM
2019-01-21 07:00:00,76.72,76.72,75.69,76.55,279380,VNM
2019-01-22 07:00:00,76.78,77.24,76.09,76.66,399040,VNM
2019-01-23 07:00:00,77.18,77.24,76.55,76.95,1028650,VNM
2019-01-24 07:00:00,77.24,77.52,76.83,77.52,1077600,VNM
2019-01-25 07:00:00,77.81,77.98,77.58,77.75,813810,VNM
2019-01-28 07:00:00,78.09,78.15,77.75,78.09,487650,VNM
2019-01-29 07:00:00,78.38,78.38,77.52,78.09,371010,VNM
2019-01-30 07:00:00,78.15,78.15,77.52,77.52,279280,VNM
2019-01-31 07:00:00,78.09,78.09,76.38,77.24,812290,VNM
2019-02-01 07:00:00,77.69,77.69,76.09,77.24,731430,VNM
2019-02-11 07:00:00,77.24,78.89,77.18,78.38,1357210,VNM
2019-02-12 07:00:00,78.95,79.07,78.38,78.95,957440,VNM
2019-02-13 07:00:00,78.95,79.18,77.92,79.12,764480,VNM
2019-02-14 07:00:00,79.12,80.27,78.95,79.75,1341090,VNM
2019-02-15 07:00:00,80.1,80.27,79.81,80.21,910160,VNM
2019-02-18 07:00:00,80.32,81.53,80.27,81.24,1082650,VNM
2019-02-19 07:00:00,81.81,81.98,81.47,81.58,1974200,VNM
2019-02-20 07:00:00,81.81,82.1,81.7,81.81,983460,VNM
2019-02-21 07:00:00,82.1,85.3,81.81,84.96,1859260,VNM
2019-02-22 07:00:00,85.24,85.53,84.84,85.19,814320,VNM
2019-02-25 07:00:00,85.24,87.3,85.07,86.73,1211040,VNM
2019-02-26 07:00:00,85.82,86.96,82.96,83.58,806810,VNM
2019-02-27 07:00:00,83.7,85.82,83.7,84.5,484610,VNM
2019-02-28 07:00:00,84.96,84.96,80.72,80.72,976450,VNM
2019-03-01 07:00:00,82.33,82.33,80.9,80.9,868720,VNM
2019-03-04 07:00:00,80.95,82.33,80.95,81.76,876760,VNM
2019-03-05 07:00:00,81.53,81.7,81.01,81.24,532510,VNM
2019-03-06 07:00:00,81.24,81.7,79.24,80.67,711250,VNM
2019-03-07 07:00:00,80.84,81.24,79.81,79.92,708000,VNM
2019-03-08 07:00:00,79.52,79.81,77.58,78.38,980860,VNM
2019-03-11 07:00:00,78.09,79.47,78.09,78.72,423100,VNM
2019-03-12 07:00:00,78.95,79.81,78.95,79.52,560360,VNM
2019-03-13 07:00:00,79.81,80.15,79.07,79.12,616010,VNM
2019-03-14 07:00:00,79.52,79.52,78.21,78.49,920860,VNM
2019-03-15 07:00:00,78.49,78.95,78.09,78.38,1254050,VNM
2019-03-18 07:00:00,78.95,79.29,78.67,78.95,910690,VNM
2019-03-19 07:00:00,78.95,78.95,78.15,78.32,936230,VNM
2019-03-20 07:00:00,78.09,79.24,77.35,79.24,1269860,VNM
2019-03-21 07:00:00,79.52,80.04,77.81,77.81,885480,VNM
2019-03-22 07:00:00,77.81,78.38,77.52,78.09,526570,VNM
2019-03-25 07:00:00,77.06,78.09,77.01,78.09,582580,VNM
2019-03-26 07:00:00,78.09,78.61,77.81,78.09,684470,VNM
2019-03-27 07:00:00,78.21,78.49,77.98,78.09,682000,VNM
2019-03-28 07:00:00,78.04,78.09,77.35,77.35,816770,VNM
2019-03-29 07:00:00,77.35,78.09,77.12,77.12,1357400,VNM
2019-04-01 07:00:00,77.52,79.29,77.24,79.29,796720,VNM
2019-04-02 07:00:00,80.04,80.04,78.55,79.52,1233340,VNM
2019-04-03 07:00:00,79.52,79.52,78.72,79.24,683970,VNM
2019-04-04 07:00:00,78.95,79.98,78.95,78.95,469730,VNM
2019-04-05 07:00:00,78.95,78.95,77.98,77.98,1017700,VNM
2019-04-08 07:00:00,78.61,78.78,78.09,78.49,546190,VNM
2019-04-09 07:00:00,78.89,78.89,77.24,77.46,1148040,VNM
2019-04-10 07:00:00,77.24,78.09,77.24,77.41,873110,VNM
2019-04-11 07:00:00,77.41,77.92,77.41,77.58,383850,VNM
2019-04-12 07:00:00,77.58,77.86,77.18,77.64,684520,VNM
2019-04-16 07:00:00,77.24,78.04,77.24,77.81,514140,VNM
2019-04-17 07:00:00,78.04,78.32,77.18,77.24,864260,VNM
2019-04-18 07:00:00,77.24,77.52,77.18,77.35,601240,VNM
2019-04-19 07:00:00,77.52,77.58,75.81,76.09,599290,VNM
2019-04-22 07:00:00,74.95,75.52,73.92,74.14,1417290,VNM
2019-04-23 07:00:00,73.29,74.09,72.49,72.66,974950,VNM
2019-04-24 07:00:00,73.12,74.09,72.89,74.09,482490,VNM
2019-04-25 07:00:00,74.14,74.2,73.4,74.09,414330,VNM
2019-04-26 07:00:00,74.26,74.55,73.97,74.26,565240,VNM
2019-05-02 07:00:00,74.37,75.0,74.2,74.37,736990,VNM
2019-05-03 07:00:00,74.95,74.95,74.32,74.95,486390,VNM
2019-05-06 07:00:00,74.55,74.55,73.23,73.86,368910,VNM
2019-05-07 07:00:00,74.32,74.37,73.92,74.09,723470,VNM
2019-05-08 07:00:00,73.29,73.86,73.23,73.23,628830,VNM
2019-05-09 07:00:00,73.52,73.86,73.23,73.34,287680,VNM
2019-05-10 07:00:00,73.52,74.43,73.52,74.43,366690,VNM
2019-05-13 07:00:00,74.26,76.61,74.26,76.61,974030,VNM
2019-05-14 07:00:00,75.63,78.04,75.63,77.52,1097910,VNM
2019-05-15 07:00:00,77.52,78.04,76.89,77.58,355850,VNM
2019-05-16 07:00:00,77.41,78.04,77.24,78.04,702130,VNM
2019-05-17 07:00:00,78.09,78.09,77.52,77.58,435380,VNM
2019-05-20 07:00:00,77.24,78.72,77.06,78.67,450900,VNM
2019-05-21 07:00:00,78.38,78.38,76.38,76.38,762310,VNM
2019-05-22 07:00:00,75.58,77.24,75.46,75.58,619370,VNM
2019-05-23 07:00:00,75.06,76.09,75.06,75.58,429290,VNM
2019-05-24 07:00:00,74.95,76.38,74.6,74.66,765150,VNM
2019-05-27 07:00:00,74.95,76.66,74.32,76.66,320060,VNM
2019-05-28 07:00:00,76.66,76.95,75.35,75.52,608790,VNM
2019-05-29 07:00:00,75.75,76.49,75.4,76.03,271730,VNM
2019-05-30 07:00:00,75.98,76.09,75.23,75.23,542710,VNM
2019-05-31 07:00:00,75.18,75.4,74.09,74.09,711390,VNM
2019-06-03 07:00:00,74.09,74.43,72.72,73.23,717990,VNM
2019-06-04 07:00:00,73.52,73.8,73.23,73.57,472650,VNM
2019-06-05 07:00:00,74.44,74.79,73.52,73.81,358780,VNM
2019-06-06 07:00:00,73.81,73.98,72.88,73.23,548650,VNM
2019-06-07 07:00:00,73.11,73.75,73.11,73.28,362030,VNM
2019-06-10 07:00:00,73.52,73.98,72.88,73.46,561260,VNM
2019-06-11 07:00:00,73.52,73.52,72.59,72.65,565400,VNM
2019-06-12 07:00:00,72.47,72.82,72.42,72.47,699880,VNM
2019-06-13 07:00:00,72.47,72.47,71.08,71.32,1125310,VNM
2019-06-14 07:00:00,71.2,71.9,71.14,71.6,665880,VNM
2019-06-17 07:00:00,71.6,71.66,71.08,71.6,632730,VNM
2019-06-18 07:00:00,71.2,71.6,71.2,71.2,1039070,VNM
2019-06-19 07:00:00,71.43,71.6,71.2,71.43,929690,VNM
2019-06-20 07:00:00,71.49,71.49,71.26,71.37,1010200,VNM
2019-06-21 07:00:00,72.65,72.65,71.37,72.65,2613920,VNM
2019-06-24 07:00:00,72.88,72.88,71.26,71.26,615090,VNM
2019-06-25 07:00:00,71.26,71.9,71.26,71.43,704890,VNM
2019-06-26 07:00:00,71.26,71.72,71.2,71.49,497730,VNM
2019-06-27 07:00:00,71.49,71.66,71.14,71.26,802160,VNM
2019-06-28 07:00:00,71.2,71.32,70.33,71.2,919970,VNM
2019-07-01 07:00:00,71.2,72.42,71.2,72.36,991440,VNM
2019-07-02 07:00:00,72.36,72.99,72.13,72.42,716810,VNM
2019-07-03 07:00:00,72.47,73.11,72.24,72.94,657870,VNM
2019-07-04 07:00:00,73.05,73.28,72.99,73.05,613870,VNM
2019-07-05 07:00:00,73.05,73.28,72.76,73.05,520290,VNM
2019-07-08 07:00:00,72.76,72.76,71.78,71.9,969080,VNM
2019-07-09 07:00:00,71.9,72.36,71.55,72.36,951440,VNM
2019-07-10 07:00:00,72.36,72.65,72.24,72.36,420940,VNM
2019-07-11 07:00:00,72.65,72.65,72.36,72.47,277200,VNM
2019-07-12 07:00:00,72.47,72.53,71.78,71.78,370730,VNM
2019-07-15 07:00:00,72.47,71.78,71.32,71.32,703320,VNM
2019-07-16 07:00:00,71.66,71.9,71.49,71.78,512540,VNM
2019-07-17 07:00:00,71.78,72.88,71.72,72.59,965170,VNM
2019-07-18 07:00:00,72.36,72.59,72.07,72.13,707720,VNM
2019-07-19 07:00:00,72.36,73.57,72.13,73.46,1381230,VNM
2019-07-22 07:00:00,73.23,73.23,72.65,72.65,721980,VNM
2019-07-23 07:00:00,72.65,72.7,72.24,72.59,764550,VNM
2019-07-24 07:00:00,72.94,73.46,72.47,72.7,593800,VNM
2019-07-25 07:00:00,72.36,72.65,72.36,72.42,686030,VNM
2019-07-26 07:00:00,72.53,72.88,72.07,72.07,526110,VNM
2019-07-29 07:00:00,71.84,72.01,71.2,71.49,1095840,VNM
2019-07-30 07:00:00,72.36,72.7,71.49,71.49,921500,VNM
2019-07-31 07:00:00,71.49,71.78,71.14,71.32,816150,VNM
2019-08-01 07:00:00,71.49,72.07,71.32,71.9,502790,VNM
2019-08-02 07:00:00,71.49,71.9,71.37,71.78,471510,VNM
2019-08-05 07:00:00,71.49,72.01,70.62,70.62,882750,VNM
2019-08-06 07:00:00,70.04,70.04,69.0,69.58,938500,VNM
2019-08-07 07:00:00,70.04,70.5,69.58,70.04,731780,VNM
2019-08-08 07:00:00,70.04,70.39,69.58,69.98,570640,VNM
2019-08-09 07:00:00,69.98,70.45,69.93,70.04,726150,VNM
2019-08-12 07:00:00,70.04,70.04,69.69,69.81,442330,VNM
2019-08-13 07:00:00,69.46,69.58,68.31,68.31,1178780,VNM
2019-08-14 07:00:00,69.0,69.41,68.71,68.71,677360,VNM
2019-08-15 07:00:00,67.9,70.62,67.9,70.62,673120,VNM
2019-08-16 07:00:00,70.04,72.76,69.75,71.84,1074270,VNM
2019-08-19 07:00:00,72.07,72.47,72.01,72.3,758210,VNM
2019-08-20 07:00:00,72.3,72.3,71.84,72.01,787020,VNM
2019-08-21 07:00:00,71.78,71.95,71.49,71.72,580860,VNM
2019-08-22 07:00:00,71.72,71.95,71.66,71.78,525610,VNM
2019-08-23 07:00:00,71.84,71.9,71.2,71.2,621830,VNM
2019-08-26 07:00:00,70.62,70.74,69.58,69.75,839870,VNM
2019-08-27 07:00:00,70.33,70.5,68.89,68.89,943130,VNM
2019-08-28 07:00:00,69.46,69.52,69.0,69.12,521700,VNM
2019-08-29 07:00:00,69.46,71.2,69.35,71.2,561530,VNM
2019-08-30 07:00:00,69.46,71.9,71.03,71.2,797090,VNM
2019-09-03 07:00:00,71.2,71.95,71.2,71.78,744840,VNM
2019-09-04 07:00:00,71.2,71.78,70.97,71.66,405800,VNM
2019-09-05 07:00:00,71.9,71.9,70.62,70.62,587180,VNM
2019-09-06 07:00:00,70.62,71.26,70.62,71.08,315980,VNM
2019-09-09 07:00:00,71.2,72.07,70.91,72.07,498850,VNM
2019-09-10 07:00:00,71.95,71.95,71.37,71.6,647890,VNM
2019-09-11 07:00:00,71.66,71.78,70.68,70.68,401410,VNM
2019-09-12 07:00:00,70.91,71.37,70.27,70.62,600870,VNM
2019-09-13 07:00:00,70.74,70.91,70.33,70.68,503530,VNM
2019-09-16 07:00:00,71.5,71.5,70.68,71.5,604710,VNM
2019-09-17 07:00:00,71.5,72.39,71.03,72.09,482570,VNM
2019-09-18 07:00:00,71.8,72.92,71.62,72.8,972940,VNM
2019-09-19 07:00:00,72.68,72.92,72.09,72.74,725700,VNM
2019-09-20 07:00:00,72.8,72.8,71.86,71.86,1623350,VNM
2019-09-23 07:00:00,72.39,73.62,72.21,73.27,1560140,VNM
2019-09-24 07:00:00,73.27,75.09,73.15,74.68,1340450,VNM
2019-09-25 07:00:00,74.33,74.68,73.86,74.39,617630,VNM
2019-09-26 07:00:00,74.8,76.56,74.45,76.5,1613560,VNM
2019-09-27 07:00:00,76.5,77.15,76.15,76.56,1183530,VNM
2019-09-30 07:00:00,76.56,76.92,76.15,76.33,885490,VNM
2019-10-01 07:00:00,76.21,76.33,75.15,75.33,1207380,VNM
2019-10-02 07:00:00,75.03,75.21,74.27,74.74,2070220,VNM
2019-10-03 07:00:00,74.15,75.92,73.86,75.92,825310,VNM
2019-10-04 07:00:00,75.98,77.04,75.62,75.68,641540,VNM
2019-10-07 07:00:00,75.56,76.5,75.45,75.98,833680,VNM
2019-10-08 07:00:00,75.68,76.09,75.68,75.92,537440,VNM
2019-10-09 07:00:00,75.8,75.8,74.62,74.74,663150,VNM
2019-10-10 07:00:00,74.56,75.62,74.56,74.74,442150,VNM
2019-10-11 07:00:00,74.74,75.33,74.68,75.33,631310,VNM
2019-10-14 07:00:00,75.92,75.92,75.27,75.68,586040,VNM
2019-10-15 07:00:00,75.62,76.21,75.15,75.5,1165130,VNM
2019-10-16 07:00:00,75.5,77.04,75.5,76.74,1321580,VNM
2019-10-17 07:00:00,76.74,77.92,76.62,77.09,1409580,VNM
2019-10-18 07:00:00,77.39,78.27,77.39,77.98,1116920,VNM
2019-10-21 07:00:00,77.98,79.74,77.62,78.62,2006630,VNM
2019-10-22 07:00:00,78.86,79.1,77.86,77.98,1398920,VNM
2019-10-23 07:00:00,77.98,78.09,77.21,77.86,847820,VNM
2019-10-24 07:00:00,77.8,78.51,77.8,78.04,520890,VNM
2019-10-25 07:00:00,78.04,79.15,77.98,79.15,816560,VNM
2019-10-28 07:00:00,79.15,79.68,78.62,78.74,558360,VNM
2019-10-29 07:00:00,78.68,79.39,78.62,78.92,520280,VNM
2019-10-30 07:00:00,79.1,79.33,77.09,77.68,1301690,VNM
2019-10-31 07:00:00,77.68,77.68,75.8,76.5,2550480,VNM
2019-11-01 07:00:00,76.62,78.27,76.62,77.92,969370,VNM
2019-11-04 07:00:00,78.27,78.27,76.86,77.27,1407970,VNM
2019-11-05 07:00:00,77.27,77.27,76.03,76.03,1876790,VNM
2019-11-06 07:00:00,75.92,76.8,75.62,76.56,1184100,VNM
2019-11-07 07:00:00,76.21,76.39,75.74,75.98,866170,VNM
2019-11-08 07:00:00,75.98,76.68,75.86,76.03,1193130,VNM
2019-11-11 07:00:00,76.03,76.62,75.92,76.09,645500,VNM
2019-11-12 07:00:00,76.09,76.09,74.92,75.03,1934480,VNM
2019-11-13 07:00:00,75.03,75.03,73.8,73.86,1956940,VNM
2019-11-14 07:00:00,74.15,74.39,73.92,74.09,695470,VNM
2019-11-15 07:00:00,74.15,74.15,70.62,72.39,2384360,VNM
2019-11-18 07:00:00,72.39,72.62,70.86,71.09,1671470,VNM
2019-11-19 07:00:00,70.86,73.21,70.86,73.21,1078610,VNM
2019-11-20 07:00:00,73.27,73.44,72.56,72.97,1150700,VNM
2019-11-21 07:00:00,72.68,72.86,71.62,71.8,1395000,VNM
2019-11-22 07:00:00,71.5,72.5,71.39,71.5,719680,VNM
2019-11-25 07:00:00,71.92,72.56,70.97,72.33,680740,VNM
2019-11-26 07:00:00,72.33,72.97,72.21,72.39,971390,VNM
2019-11-27 07:00:00,72.8,72.8,71.86,71.86,366920,VNM
2019-11-28 07:00:00,71.86,71.97,70.86,71.86,1107720,VNM
2019-11-29 07:00:00,71.8,72.03,71.33,71.5,549840,VNM
2019-12-02 07:00:00,71.5,71.5,69.62,69.62,1489150,VNM
2019-12-03 07:00:00,69.33,69.33,68.32,68.5,1422610,VNM
2019-12-04 07:00:00,68.5,69.91,68.5,69.91,693700,VNM
2019-12-05 07:00:00,70.44,70.44,69.33,69.33,694150,VNM
2019-12-06 07:00:00,69.38,69.38,68.44,68.44,937120,VNM
2019-12-09 07:00:00,68.44,69.56,68.44,69.5,766050,VNM
2019-12-10 07:00:00,69.5,69.86,69.15,69.56,850090,VNM
2019-12-11 07:00:00,69.27,69.8,69.03,69.8,793940,VNM
2019-12-12 07:00:00,70.03,70.33,69.97,70.15,701380,VNM
2019-12-13 07:00:00,70.21,70.56,69.44,69.44,564680,VNM
2019-12-16 07:00:00,69.74,69.91,69.27,69.86,751280,VNM
2019-12-17 07:00:00,69.91,69.91,68.91,68.91,829630,VNM
2019-12-18 07:00:00,69.09,70.03,69.03,69.8,1400340,VNM
2019-12-19 07:00:00,69.8,70.62,69.8,70.44,1582510,VNM
2019-12-20 07:00:00,70.62,70.8,70.33,70.62,1822570,VNM
2019-12-23 07:00:00,70.62,70.62,69.44,69.44,786100,VNM
2019-12-24 07:00:00,69.44,69.91,69.44,69.8,577000,VNM
2019-12-25 07:00:00,70.33,70.33,69.27,69.44,541190,VNM
2019-12-26 07:00:00,69.92,70.04,69.44,69.44,345150,VNM
2019-12-27 07:00:00,69.44,70.33,68.85,70.16,383460,VNM
2019-12-30 07:00:00,69.92,70.04,69.15,69.15,672140,VNM
2019-12-31 07:00:00,70.63,70.63,69.09,69.15,387640,VNM
2020-01-02 07:00:00,69.44,70.16,69.15,69.98,352700,VNM
2020-01-03 07:00:00,70.16,70.63,70.16,70.22,625390,VNM
2020-01-06 07:00:00,70.04,70.16,69.32,69.68,495910,VNM
2020-01-07 07:00:00,69.74,70.51,69.74,70.33,459520,VNM
2020-01-08 07:00:00,70.33,70.51,69.74,70.51,837710,VNM
2020-01-09 07:00:00,70.63,70.93,70.27,70.39,624130,VNM
2020-01-10 07:00:00,70.39,70.75,70.27,70.57,596280,VNM
2020-01-13 07:00:00,70.63,70.63,69.68,69.68,412880,VNM
2020-01-14 07:00:00,69.68,70.1,69.5,69.92,335180,VNM
2020-01-15 07:00:00,69.92,69.98,69.56,69.92,681740,VNM
2020-01-16 07:00:00,69.92,70.33,69.56,70.16,545090,VNM
2020-01-17 07:00:00,70.16,70.39,69.92,70.39,375030,VNM
2020-01-20 07:00:00,70.63,70.75,70.27,70.63,493600,VNM
2020-01-21 07:00:00,70.63,72.35,70.39,71.82,853940,VNM
2020-01-22 07:00:00,71.82,72.35,71.82,72.0,794440,VNM
2020-01-30 07:00:00,70.63,71.1,68.97,69.21,1533720,VNM
2020-01-31 07:00:00,69.09,69.21,64.4,64.4,1915820,VNM
2020-02-03 07:00:00,60.24,65.58,59.95,64.28,2289150,VNM
2020-02-04 07:00:00,65.23,65.29,61.79,62.32,1869040,VNM
2020-02-05 07:00:00,63.15,63.92,61.31,63.27,1545750,VNM
2020-02-06 07:00:00,63.8,64.46,62.86,63.8,2137020,VNM
2020-02-07 07:00:00,63.92,65.58,63.86,65.41,1523380,VNM
2020-02-10 07:00:00,64.69,64.93,63.69,64.69,910510,VNM
2020-02-11 07:00:00,64.69,64.69,63.51,63.63,885960,VNM
2020-02-12 07:00:00,64.1,64.1,63.63,63.63,838170,VNM
2020-02-13 07:00:00,63.63,63.8,63.27,63.45,713560,VNM
2020-02-14 07:00:00,63.63,63.74,63.27,63.27,708080,VNM
2020-02-17 07:00:00,63.39,63.86,63.39,63.8,623350,VNM
2020-02-18 07:00:00,63.98,63.98,62.5,62.62,1078500,VNM
2020-02-19 07:00:00,62.32,63.33,62.32,63.15,794470,VNM
2020-02-20 07:00:00,63.51,63.8,63.09,63.15,624620,VNM
2020-02-21 07:00:00,63.8,64.93,63.8,64.4,1484500,VNM
2020-02-24 07:00:00,63.51,63.98,62.91,63.15,954600,VNM
2020-02-25 07:00:00,63.09,64.4,62.91,64.1,1200220,VNM
2020-02-26 07:00:00,63.33,63.33,62.32,62.32,1346630,VNM
2020-02-27 07:00:00,62.32,63.74,61.61,63.74,863890,VNM
2020-02-28 07:00:00,62.5,62.97,61.13,62.02,1437350,VNM
2020-03-02 07:00:00,62.02,62.62,61.61,62.02,909240,VNM
2020-03-03 07:00:00,62.62,63.03,62.08,62.5,741380,VNM
2020-03-04 07:00:00,62.5,62.91,62.02,62.2,612800,VNM
2020-03-05 07:00:00,62.32,62.86,62.02,62.02,438020,VNM
2020-03-06 07:00:00,62.02,62.2,61.49,61.85,664920,VNM
2020-03-09 07:00:00,59.35,60.84,57.57,57.57,2356790,VNM
2020-03-10 07:00:00,56.98,60.42,56.98,60.36,1761300,VNM
2020-03-11 07:00:00,60.54,62.32,58.88,60.3,2292410,VNM
2020-03-12 07:00:00,57.69,60.24,57.57,59.89,2431600,VNM
2020-03-13 07:00:00,56.5,59.71,56.5,58.82,2159130,VNM
2020-03-16 07:00:00,58.82,58.88,57.28,57.57,1087080,VNM
2020-03-17 07:00:00,56.98,57.22,56.39,56.98,1788240,VNM
2020-03-18 07:00:00,57.1,58.05,56.39,56.39,1322150,VNM
2020-03-19 07:00:00,55.2,55.79,52.82,52.82,2774560,VNM
2020-03-20 07:00:00,52.82,54.19,52.82,53.42,2316660,VNM
2020-03-23 07:00:00,52.88,52.88,49.68,49.68,2187710,VNM
2020-03-24 07:00:00,49.68,52.41,49.68,51.1,1739530,VNM
2020-03-25 07:00:00,53.77,54.66,53.48,54.6,2993020,VNM
2020-03-26 07:00:00,54.78,56.39,52.71,55.79,2556450,VNM
2020-03-27 07:00:00,55.2,56.56,54.6,55.85,2755950,VNM
2020-03-30 07:00:00,53.42,54.9,52.82,54.13,1559900,VNM
2020-03-31 07:00:00,54.9,55.44,53.42,54.01,1293290,VNM
2020-04-01 07:00:00,54.01,55.79,54.01,55.79,1155730,VNM
2020-04-03 07:00:00,56.09,56.68,55.79,56.39,1934430,VNM
2020-04-06 07:00:00,57.28,57.34,56.39,57.1,1840550,VNM
2020-04-07 07:00:00,57.28,58.76,56.86,58.46,2273090,VNM
2020-04-08 07:00:00,58.17,58.76,57.28,58.76,904920,VNM
2020-04-09 07:00:00,59.29,59.89,58.88,59.41,1220550,VNM
2020-04-10 07:00:00,59.35,59.35,58.22,59.12,1111470,VNM
2020-04-13 07:00:00,59.12,59.23,58.34,58.82,1127670,VNM
2020-04-14 07:00:00,59.06,59.18,58.58,58.76,1059560,VNM
2020-04-15 07:00:00,59.18,59.18,58.88,58.88,886130,VNM
2020-04-16 07:00:00,58.94,59.06,58.7,58.94,1155660,VNM
2020-04-17 07:00:00,59.35,59.41,58.76,58.94,1767310,VNM
2020-04-20 07:00:00,59.35,60.06,59.35,59.35,1471680,VNM
2020-04-21 07:00:00,59.35,59.35,56.86,57.45,2129360,VNM
2020-04-22 07:00:00,57.04,57.93,56.86,57.87,1085950,VNM
2020-04-23 07:00:00,58.52,58.52,56.92,57.04,1443180,VNM
2020-04-24 07:00:00,58.94,61.02,57.87,61.02,3624460,VNM
2020-04-27 07:00:00,63.21,63.21,61.02,61.02,1950560,VNM
2020-04-28 07:00:00,61.02,61.13,59.18,59.65,1401520,VNM
2020-04-29 07:00:00,58.76,59.29,58.76,58.76,1769090,VNM
2020-05-04 07:00:00,57.57,58.76,57.57,57.93,1235970,VNM
2020-05-05 07:00:00,58.64,59.89,58.17,59.65,1163800,VNM
2020-05-06 07:00:00,59.77,60.24,59.18,60.24,1105020,VNM
2020-05-07 07:00:00,60.3,61.61,60.24,61.37,1583260,VNM
2020-05-08 07:00:00,62.02,63.86,61.73,62.32,3184170,VNM
2020-05-11 07:00:00,64.4,64.4,62.14,64.4,1792200,VNM
2020-05-12 07:00:00,64.4,67.9,63.74,67.6,2944650,VNM
2020-05-13 07:00:00,67.19,68.26,65.29,67.48,2507730,VNM
2020-05-14 07:00:00,66.83,67.6,66.77,67.07,1397750,VNM
2020-05-15 07:00:00,67.07,67.37,64.93,65.76,2320230,VNM
2020-05-18 07:00:00,65.76,66.36,64.69,65.94,898370,VNM
2020-05-19 07:00:00,67.54,67.9,66.65,66.83,1432400,VNM
2020-05-20 07:00:00,66.77,67.9,66.77,67.66,1199680,VNM
2020-05-21 07:00:00,67.66,68.26,67.37,68.26,1582090,VNM
2020-05-22 07:00:00,67.9,68.14,67.37,67.9,1083060,VNM
2020-05-25 07:00:00,67.96,69.8,67.72,69.8,1581860,VNM
2020-05-26 07:00:00,70.04,70.04,68.38,69.8,983170,VNM
2020-05-27 07:00:00,69.86,69.92,68.26,68.26,1108350,VNM
2020-05-28 07:00:00,68.26,68.85,68.14,68.14,1004500,VNM
2020-05-29 07:00:00,67.37,68.38,67.37,68.26,1203680,VNM
2020-06-01 07:00:00,68.32,69.44,68.32,68.91,1047020,VNM
2020-06-02 07:00:00,68.91,69.44,68.67,68.85,891910,VNM
2020-06-03 07:00:00,68.97,70.1,68.61,69.21,1322080,VNM
2020-06-04 07:00:00,69.44,69.98,69.44,69.92,735420,VNM
2020-06-05 07:00:00,69.92,70.75,69.26,70.75,1076470,VNM
2020-06-08 07:00:00,70.75,73.24,70.69,72.89,1419750,VNM
2020-06-09 07:00:00,73.06,74.78,73.06,74.19,1704320,VNM
2020-06-10 07:00:00,74.78,74.78,72.89,73.0,1242180,VNM
2020-06-11 07:00:00,73.0,74.19,71.82,72.59,1098260,VNM
2020-06-12 07:00:00,70.04,71.1,68.02,70.04,2394330,VNM
2020-06-15 07:00:00,71.22,71.76,66.48,66.48,2058870,VNM
2020-06-16 07:00:00,68.02,69.74,67.66,69.44,844740,VNM
2020-06-17 07:00:00,69.44,69.56,68.49,68.61,513570,VNM
2020-06-18 07:00:00,68.61,69.21,67.72,68.38,523160,VNM
2020-06-19 07:00:00,68.38,69.15,68.26,68.26,1251600,VNM
2020-06-22 07:00:00,68.26,68.79,68.14,68.49,867620,VNM
2020-06-23 07:00:00,68.85,69.09,68.61,68.85,1063470,VNM
2020-06-24 07:00:00,69.09,70.27,69.09,69.5,750960,VNM
2020-06-25 07:00:00,69.15,69.15,68.43,69.09,572770,VNM
2020-06-26 07:00:00,69.21,69.5,68.49,68.79,495750,VNM
2020-06-29 07:00:00,68.55,68.73,66.2,67.29,1519040,VNM
2020-06-30 07:00:00,67.95,68.25,67.29,67.77,797960,VNM
2020-07-01 07:00:00,67.77,69.15,67.35,68.97,450020,VNM
2020-07-02 07:00:00,69.03,69.09,67.95,67.95,720480,VNM
2020-07-03 07:00:00,67.95,68.67,67.83,68.61,729290,VNM
2020-07-06 07:00:00,68.85,70.11,68.73,70.05,1319980,VNM
2020-07-07 07:00:00,70.05,70.41,69.75,69.75,1024960,VNM
2020-07-08 07:00:00,69.75,69.75,69.45,69.45,551310,VNM
2020-07-09 07:00:00,69.45,70.17,69.45,69.69,1560410,VNM
2020-07-10 07:00:00,69.75,69.99,69.33,69.33,677180,VNM
2020-07-13 07:00:00,69.33,69.63,68.73,69.03,943850,VNM
2020-07-14 07:00:00,68.67,69.27,68.49,69.27,731170,VNM
2020-07-15 07:00:00,69.75,70.35,69.75,69.75,1015000,VNM
2020-07-16 07:00:00,70.17,70.65,69.87,70.65,1112460,VNM
2020-07-17 07:00:00,70.17,70.59,70.05,70.23,583510,VNM
2020-07-20 07:00:00,69.75,70.17,69.45,69.57,474700,VNM
2020-07-21 07:00:00,69.57,69.93,68.91,69.75,1618780,VNM
2020-07-22 07:00:00,69.39,69.75,68.61,68.61,1051320,VNM
2020-07-23 07:00:00,68.67,68.91,68.25,68.67,766500,VNM
2020-07-24 07:00:00,68.67,68.67,65.54,66.81,2313270,VNM
2020-07-27 07:00:00,64.4,64.7,62.18,62.18,2553780,VNM
2020-07-28 07:00:00,62.54,66.08,62.54,66.08,1390810,VNM
2020-07-29 07:00:00,65.24,65.48,63.44,63.74,1497450,VNM
2020-07-30 07:00:00,64.94,65.84,64.22,65.54,1028620,VNM
2020-07-31 07:00:00,64.34,65.66,64.04,64.34,839830,VNM
2020-08-03 07:00:00,64.94,66.14,64.76,65.66,860190,VNM
2020-08-04 07:00:00,66.75,66.93,66.08,66.93,765170,VNM
2020-08-05 07:00:00,67.05,68.31,66.14,67.41,888080,VNM
2020-08-06 07:00:00,67.47,69.75,67.41,69.03,1360570,VNM
2020-08-07 07:00:00,69.15,69.75,69.03,69.45,1148200,VNM
2020-08-10 07:00:00,69.75,70.05,68.85,68.85,1412680,VNM
2020-08-11 07:00:00,69.09,69.15,68.55,68.85,852250,VNM
2020-08-12 07:00:00,68.85,69.69,68.85,69.51,1451960,VNM
2020-08-13 07:00:00,69.75,70.11,69.69,69.99,1238980,VNM
2020-08-14 07:00:00,70.11,70.96,69.87,70.17,1623690,VNM
2020-08-17 07:00:00,70.35,70.9,69.33,70.35,906890,VNM
2020-08-18 07:00:00,70.35,70.59,69.51,69.51,604570,VNM
2020-08-19 07:00:00,69.75,69.75,69.09,69.33,981840,VNM
2020-08-20 07:00:00,69.33,69.63,68.91,69.27,1254280,VNM
2020-08-21 07:00:00,69.45,69.75,69.21,69.51,884990,VNM
2020-08-24 07:00:00,70.05,70.72,69.75,70.05,1526860,VNM
2020-08-25 07:00:00,70.35,70.9,70.23,70.53,1693030,VNM
2020-08-26 07:00:00,70.96,71.08,70.29,70.41,1922780,VNM
2020-08-27 07:00:00,70.65,70.9,70.35,70.47,799570,VNM
2020-08-28 07:00:00,70.83,72.16,70.47,71.74,1341270,VNM
2020-08-31 07:00:00,72.34,72.76,71.86,72.76,1634090,VNM
2020-09-01 07:00:00,72.76,74.08,72.28,74.08,1448060,VNM
2020-09-03 07:00:00,74.26,75.04,74.26,74.98,2016680,VNM
2020-09-04 07:00:00,74.38,75.16,74.02,75.16,1711980,VNM
2020-09-07 07:00:00,75.16,77.21,75.1,75.77,2178380,VNM
2020-09-08 07:00:00,75.7,76.61,74.5,74.68,1809570,VNM
2020-09-09 07:00:00,73.66,74.5,73.06,74.44,1621920,VNM
2020-09-10 07:00:00,75.16,75.4,74.8,74.98,848330,VNM
2020-09-11 07:00:00,74.68,74.98,74.26,74.44,956670,VNM
2020-09-14 07:00:00,74.8,75.16,74.56,74.68,1194170,VNM
2020-09-15 07:00:00,74.68,75.1,74.56,75.04,882030,VNM
2020-09-16 07:00:00,75.16,75.16,74.5,74.68,724510,VNM
2020-09-17 07:00:00,74.56,75.64,74.56,74.86,1376570,VNM
2020-09-18 07:00:00,74.92,76.01,74.68,76.01,1224030,VNM
2020-09-21 07:00:00,76.01,78.29,76.01,78.23,2614310,VNM
2020-09-22 07:00:00,78.23,78.29,77.27,77.93,1244610,VNM
2020-09-23 07:00:00,78.11,78.29,77.63,77.69,1042800,VNM
2020-09-24 07:00:00,77.09,77.51,76.55,76.55,1506610,VNM
2020-09-25 07:00:00,76.85,76.97,76.67,76.79,1011140,VNM
2020-09-28 07:00:00,76.97,77.33,76.55,77.15,2169790,VNM
2020-09-29 07:00:00,80.59,82.5,79.13,80.01,5191680,VNM
2020-09-30 07:00:00,80.59,81.62,79.49,79.79,1432380,VNM
2020-10-01 07:00:00,79.86,80.15,79.05,80.08,1702500,VNM
2020-10-02 07:00:00,80.23,80.67,78.17,79.13,2864220,VNM
2020-10-05 07:00:00,79.13,79.86,78.39,78.61,1427600,VNM
2020-10-06 07:00:00,78.61,79.13,78.03,78.39,2044710,VNM
2020-10-07 07:00:00,78.25,79.13,78.03,79.13,2153700,VNM
2020-10-08 07:00:00,79.05,79.05,78.25,78.32,1325810,VNM
2020-10-09 07:00:00,78.39,78.47,78.1,78.17,980970,VNM
2020-10-12 07:00:00,78.25,78.98,78.1,78.39,1209250,VNM
2020-10-13 07:00:00,78.39,79.13,78.32,78.47,858550,VNM
2020-10-14 07:00:00,78.47,78.91,78.25,78.69,1299160,VNM
2020-10-15 07:00:00,78.98,79.05,78.39,78.76,1854560,VNM
2020-10-16 07:00:00,78.76,79.13,78.32,78.69,1637740,VNM
2020-10-19 07:00:00,78.69,79.35,78.69,78.91,1617740,VNM
2020-10-20 07:00:00,78.61,78.83,77.66,77.81,2150990,VNM
2020-10-21 07:00:00,78.03,78.32,77.66,77.95,805550,VNM
2020-10-22 07:00:00,78.25,78.25,77.0,78.17,2422540,VNM
2020-10-23 07:00:00,78.76,80.59,78.47,80.59,2946790,VNM
2020-10-26 07:00:00,81.32,82.42,80.59,80.96,2313520,VNM
2020-10-27 07:00:00,80.59,81.32,79.93,80.3,1721090,VNM
2020-10-28 07:00:00,79.86,79.86,78.03,78.69,2609180,VNM
2020-10-29 07:00:00,78.03,78.54,77.37,78.32,1723240,VNM
2020-10-30 07:00:00,78.39,79.13,77.15,79.13,2683620,VNM
2020-11-02 07:00:00,78.39,79.13,78.39,78.83,867340,VNM
2020-11-03 07:00:00,78.83,79.13,78.39,78.91,870230,VNM
2020-11-04 07:00:00,79.13,80.15,78.69,79.13,1342780,VNM
2020-11-05 07:00:00,79.13,80.15,79.13,79.71,1891270,VNM
2020-11-06 07:00:00,80.01,80.15,79.13,79.71,1011020,VNM
2020-11-09 07:00:00,79.86,80.15,79.49,79.71,1066640,VNM
2020-11-10 07:00:00,79.93,80.01,78.76,78.76,2297200,VNM
2020-11-11 07:00:00,79.05,79.05,77.66,78.76,2429710,VNM
2020-11-12 07:00:00,78.76,78.76,78.17,78.39,1074590,VNM
2020-11-13 07:00:00,78.39,78.69,78.39,78.69,1089500,VNM
2020-11-16 07:00:00,78.76,79.64,78.39,78.47,2571160,VNM
2020-11-17 07:00:00,78.54,78.91,78.39,78.83,1648330,VNM
2020-11-18 07:00:00,79.13,80.23,78.98,80.15,3396750,VNM
2020-11-19 07:00:00,80.15,80.37,79.86,80.37,3140680,VNM
2020-11-20 07:00:00,80.52,81.69,79.93,81.25,2801420,VNM
2020-11-23 07:00:00,81.32,81.54,80.45,81.03,2104330,VNM
2020-11-24 07:00:00,81.03,81.25,79.86,80.3,1937130,VNM
2020-11-25 07:00:00,80.3,81.32,79.93,80.96,2190900,VNM
2020-11-26 07:00:00,81.25,81.25,80.08,80.52,1490270,VNM
2020-11-27 07:00:00,80.52,80.52,79.64,80.45,2823860,VNM
2020-11-30 07:00:00,80.45,80.59,79.13,79.27,2687040,VNM
2020-12-01 07:00:00,78.61,80.45,78.54,80.37,2493230,VNM
2020-12-02 07:00:00,80.3,80.45,79.64,79.86,1332460,VNM
2020-12-03 07:00:00,79.86,80.52,79.71,80.23,1108730,VNM
2020-12-04 07:00:00,80.23,80.37,79.71,79.86,1571130,VNM
2020-12-07 07:00:00,80.59,81.25,79.71,80.59,1970400,VNM
2020-12-08 07:00:00,80.67,80.81,79.86,80.01,1468350,VNM
2020-12-09 07:00:00,80.59,80.67,80.08,80.37,1701940,VNM
2020-12-10 07:00:00,80.81,83.45,80.81,82.06,6077770,VNM
2020-12-11 07:00:00,82.06,82.64,81.91,82.5,2297940,VNM
2020-12-14 07:00:00,82.64,83.08,82.35,83.08,2535300,VNM
2020-12-15 07:00:00,82.79,83.01,81.18,81.47,4572910,VNM
2020-12-16 07:00:00,81.47,82.28,81.1,81.76,2106480,VNM
2020-12-17 07:00:00,81.32,81.32,80.81,80.89,2951870,VNM
2020-12-18 07:00:00,80.96,81.32,80.59,80.89,3342900,VNM
2020-12-21 07:00:00,80.89,81.62,80.74,81.32,2341080,VNM
2020-12-22 07:00:00,81.25,81.25,80.45,80.52,2266760,VNM
2020-12-23 07:00:00,80.52,81.62,80.52,80.74,2432590,VNM
2020-12-24 07:00:00,80.74,80.96,79.13,79.64,2511360,VNM
2020-12-25 07:00:00,79.71,79.93,79.2,79.86,1755510,VNM
2020-12-28 07:00:00,79.93,80.37,79.35,79.64,2305300,VNM
2020-12-29 07:00:00,79.86,80.15,79.57,80.01,1299700,VNM
2020-12-30 07:00:00,80.01,80.74,79.57,79.71,1856600,VNM
2020-12-31 07:00:00,79.86,80.52,79.71,79.71,993810,VNM
2021-01-04 07:00:00,80.37,80.45,79.86,80.08,2299600,VNM
2021-01-05 07:00:00,80.52,82.82,80.15,81.93,4013900,VNM
2021-01-06 07:00:00,82.08,82.3,81.19,81.19,2823100,VNM
2021-01-07 07:00:00,81.34,81.93,81.19,81.63,2453000,VNM
2021-01-08 07:00:00,82.44,83.48,82.0,82.82,3323000,VNM
2021-01-11 07:00:00,83.18,85.77,83.18,85.7,4603900,VNM
2021-01-12 07:00:00,86.14,86.29,85.33,86.0,2344900,VNM
2021-01-13 07:00:00,86.0,86.66,84.44,84.66,2521600,VNM
2021-01-14 07:00:00,84.59,84.59,83.26,83.63,3680400,VNM
2021-01-15 07:00:00,83.92,85.26,83.63,84.22,2125700,VNM
2021-01-18 07:00:00,84.44,85.11,83.78,83.78,2624000,VNM
2021-01-19 07:00:00,83.78,83.78,79.12,79.64,3668300,VNM
2021-01-20 07:00:00,80.45,80.97,78.38,80.6,3363700,VNM
2021-01-21 07:00:00,81.26,81.85,80.45,81.56,2531200,VNM
2021-01-22 07:00:00,81.48,81.93,80.38,80.38,2429000,VNM
2021-01-25 07:00:00,80.52,81.11,79.86,80.0,2554800,VNM
2021-01-26 07:00:00,79.93,80.23,77.64,78.9,2596900,VNM
2021-01-27 07:00:00,78.38,78.97,75.79,76.38,3153800,VNM
2021-01-28 07:00:00,73.94,75.35,71.06,71.06,4565600,VNM
2021-01-29 07:00:00,70.98,76.01,70.98,76.01,4140500,VNM
2021-02-01 07:00:00,76.16,77.79,75.42,75.94,2934800,VNM
2021-02-02 07:00:00,75.64,79.12,75.64,78.67,3350900,VNM
2021-02-03 07:00:00,78.67,81.11,78.67,81.11,3056500,VNM
2021-02-04 07:00:00,81.11,81.11,79.12,80.45,1896800,VNM
2021-02-05 07:00:00,80.3,81.34,80.3,81.04,2231200,VNM
2021-02-08 07:00:00,81.04,81.04,76.75,77.86,4331600,VNM
2021-02-09 07:00:00,77.86,80.52,77.56,79.86,1931700,VNM
2021-02-17 07:00:00,79.86,80.52,79.34,80.38,2872300,VNM
2021-02-18 07:00:00,80.38,80.6,79.49,80.6,2847400,VNM
2021-02-19 07:00:00,79.71,80.08,79.19,79.86,2696500,VNM
2021-02-22 07:00:00,79.41,79.71,79.34,79.49,3006200,VNM
2021-02-23 07:00:00,79.49,79.86,78.53,79.12,3048400,VNM
2021-02-24 07:00:00,79.12,79.78,78.01,78.23,2801000,VNM
2021-02-25 07:00:00,78.31,78.6,77.05,77.34,4282900,VNM
2021-02-26 07:00:00,76.6,77.56,76.46,77.49,3357800,VNM
2021-03-01 07:00:00,78.01,78.31,77.64,78.08,2179000,VNM
2021-03-02 07:00:00,78.53,78.75,76.9,77.56,3050100,VNM
2021-03-03 07:00:00,77.49,77.56,76.9,77.27,2551300,VNM
2021-03-04 07:00:00,77.79,78.01,76.16,76.46,2755100,VNM
2021-03-05 07:00:00,76.23,76.23,75.2,76.16,4187600,VNM
2021-03-08 07:00:00,76.46,76.6,75.2,75.57,3208200,VNM
2021-03-09 07:00:00,74.76,75.05,74.09,74.31,4141900,VNM
2021-03-10 07:00:00,74.31,75.79,73.79,74.76,3391300,VNM
2021-03-11 07:00:00,75.79,76.75,75.5,76.01,2417000,VNM
2021-03-12 07:00:00,76.16,76.38,75.2,75.57,2704600,VNM
2021-03-15 07:00:00,76.01,76.16,75.5,75.57,2379400,VNM
2021-03-16 07:00:00,75.57,75.64,74.02,74.68,4121100,VNM
2021-03-17 07:00:00,74.68,74.68,74.02,74.31,3568400,VNM
2021-03-18 07:00:00,74.68,75.79,74.68,75.79,2553400,VNM
2021-03-19 07:00:00,75.57,75.57,74.98,75.2,2339400,VNM
2021-03-22 07:00:00,75.2,75.27,74.39,74.53,3416300,VNM
2021-03-23 07:00:00,74.39,74.46,73.72,74.09,4554300,VNM
2021-03-24 07:00:00,73.65,73.94,72.83,72.98,3192200,VNM
2021-03-25 07:00:00,73.2,73.72,72.68,72.83,3152700,VNM
2021-03-26 07:00:00,72.46,72.83,71.43,72.02,3653700,VNM
2021-03-29 07:00:00,72.54,73.87,72.32,73.2,2790300,VNM
2021-03-30 07:00:00,73.65,74.02,72.91,73.35,2590400,VNM
2021-03-31 07:00:00,73.28,73.28,72.46,72.76,2815600,VNM
2021-04-01 07:00:00,72.83,74.68,72.46,74.68,5594000,VNM
2021-04-02 07:00:00,75.79,76.9,75.5,75.94,3840000,VNM
2021-04-05 07:00:00,77.27,77.27,75.57,75.86,2822700,VNM
2021-04-06 07:00:00,75.86,75.94,74.53,75.05,3452600,VNM
2021-04-07 07:00:00,74.68,74.68,73.94,74.02,3503700,VNM
2021-04-08 07:00:00,74.24,74.31,73.5,73.87,3603800,VNM
2021-04-09 07:00:00,73.87,73.94,73.35,73.79,2716700,VNM
2021-04-12 07:00:00,73.94,74.16,73.57,73.94,3632400,VNM
2021-04-13 07:00:00,74.53,75.2,73.72,73.94,3799100,VNM
2021-04-14 07:00:00,73.94,73.94,73.13,73.42,3498500,VNM
2021-04-15 07:00:00,73.65,74.31,73.13,73.28,3549400,VNM
2021-04-16 07:00:00,72.91,72.98,71.28,71.65,4876400,VNM
2021-04-19 07:00:00,71.65,72.09,70.32,71.06,5722900,VNM
2021-04-20 07:00:00,71.72,74.68,71.65,73.42,6987200,VNM
2021-04-22 07:00:00,73.42,73.57,71.72,72.46,3166300,VNM
2021-04-23 07:00:00,72.46,73.87,71.58,73.57,3556800,VNM
2021-04-26 07:00:00,71.72,73.2,70.98,70.98,5045600,VNM
2021-04-27 07:00:00,70.98,71.35,70.24,70.76,3149400,VNM
2021-04-28 07:00:00,70.76,70.84,69.14,69.28,5027100,VNM
2021-04-29 07:00:00,69.28,69.65,67.66,69.14,6499700,VNM
2021-05-04 07:00:00,68.77,68.77,67.66,67.73,4112800,VNM
2021-05-05 07:00:00,67.73,68.77,67.73,68.03,3792300,VNM
2021-05-06 07:00:00,68.03,68.03,66.25,66.25,7448600,VNM
2021-05-07 07:00:00,65.81,65.96,64.18,64.33,6744500,VNM
2021-05-10 07:00:00,64.33,68.77,63.66,68.77,8176900,VNM
2021-05-11 07:00:00,69.14,69.88,67.44,67.44,4197000,VNM
2021-05-12 07:00:00,66.62,68.18,66.55,67.88,3199300,VNM
2021-05-13 07:00:00,67.29,67.81,66.92,66.92,3118400,VNM
2021-05-14 07:00:00,67.36,67.44,66.18,66.18,4391200,VNM
2021-05-17 07:00:00,66.18,66.55,64.48,64.48,5001300,VNM
2021-05-18 07:00:00,64.7,65.07,64.18,64.33,2970100,VNM
2021-05-19 07:00:00,64.92,65.81,64.4,64.7,3526100,VNM
2021-05-20 07:00:00,65.0,65.14,64.33,65.07,2800500,VNM
2021-05-21 07:00:00,65.0,67.14,64.4,65.96,3942800,VNM
2021-05-24 07:00:00,66.55,67.95,66.18,67.44,4349800,VNM
2021-05-25 07:00:00,67.44,67.44,66.55,66.92,2791200,VNM
2021-05-26 07:00:00,66.55,67.95,66.03,67.29,3773300,VNM
2021-05-27 07:00:00,67.58,67.73,66.55,66.92,2924300,VNM
2021-05-28 07:00:00,67.29,67.81,66.84,67.36,3122200,VNM
2021-05-31 07:00:00,67.88,68.03,66.7,66.92,3095900,VNM
2021-06-01 07:00:00,66.92,67.06,66.47,66.47,2339900,VNM
2021-06-02 07:00:00,66.25,66.25,65.81,66.1,3672400,VNM
2021-06-03 07:00:00,66.55,67.14,66.4,66.7,3629000,VNM
2021-06-04 07:00:00,66.77,67.29,65.88,66.18,4564400,VNM
2021-06-07 07:00:00,67.0,67.08,65.88,66.93,3736600,VNM
2021-06-08 07:00:00,67.0,68.35,66.93,67.15,5477700,VNM
2021-06-09 07:00:00,67.23,67.45,66.48,66.7,3013500,VNM
2021-06-10 07:00:00,66.93,70.07,66.33,69.02,5619300,VNM
2021-06-11 07:00:00,69.02,69.25,68.27,68.87,2940400,VNM
2021-06-14 07:00:00,69.25,70.0,68.5,69.25,4875100,VNM
2021-06-15 07:00:00,69.32,69.77,68.95,69.55,4534800,VNM
2021-06-16 07:00:00,69.4,69.62,68.35,68.72,3041200,VNM
2021-06-17 07:00:00,68.12,69.02,67.97,68.12,2388800,VNM
2021-06-18 07:00:00,68.42,69.4,68.42,68.95,2971800,VNM
2021-06-21 07:00:00,68.87,68.95,67.82,67.82,4193600,VNM
2021-06-22 07:00:00,68.12,68.5,67.82,67.82,2242800,VNM
2021-06-23 07:00:00,67.82,67.97,67.15,67.38,3357300,VNM
2021-06-24 07:00:00,67.3,67.53,66.1,66.4,4225000,VNM
2021-06-25 07:00:00,66.4,67.3,66.4,67.15,2079300,VNM
2021-06-28 07:00:00,67.38,67.53,66.63,66.78,1847900,VNM
2021-06-29 07:00:00,67.23,68.65,66.63,68.12,4368100,VNM
2021-06-30 07:00:00,68.12,68.2,67.53,67.68,2115600,VNM
2021-07-01 07:00:00,67.82,68.35,67.68,68.05,3811500,VNM
2021-07-02 07:00:00,68.12,68.12,67.45,67.45,2750900,VNM
2021-07-05 07:00:00,67.45,67.68,66.33,66.78,2931000,VNM
2021-07-06 07:00:00,66.93,67.23,65.13,65.13,3993400,VNM
2021-07-07 07:00:00,65.13,67.23,64.83,67.23,4738700,VNM
2021-07-08 07:00:00,66.03,66.93,65.88,66.18,1908900,VNM
2021-07-09 07:00:00,66.1,66.18,65.06,65.13,3058100,VNM
2021-07-12 07:00:00,65.5,65.88,63.11,64.61,4833100,VNM
2021-07-13 07:00:00,64.46,64.76,63.03,63.11,2883300,VNM
2021-07-14 07:00:00,63.63,64.16,63.11,63.63,4180200,VNM
2021-07-15 07:00:00,63.63,64.61,63.26,63.78,3284100,VNM
2021-07-16 07:00:00,64.01,64.53,63.86,64.31,1449600,VNM
2021-07-19 07:00:00,63.18,63.63,62.88,63.63,4111700,VNM
2021-07-20 07:00:00,63.63,64.38,63.11,64.31,3207300,VNM
2021-07-21 07:00:00,63.93,64.31,63.78,63.86,1696200,VNM
2021-07-22 07:00:00,64.01,65.2,63.86,64.98,2152400,VNM
2021-07-23 07:00:00,64.98,67.23,64.46,65.58,4126700,VNM
2021-07-26 07:00:00,65.88,66.78,65.8,66.55,2791500,VNM
2021-07-27 07:00:00,66.55,67.0,65.5,65.5,2388200,VNM
2021-07-28 07:00:00,65.2,65.43,64.83,65.06,1665500,VNM
2021-07-29 07:00:00,65.13,65.65,64.38,64.98,2648300,VNM
2021-07-30 07:00:00,64.98,65.28,64.31,64.46,4405200,VNM
2021-08-02 07:00:00,64.53,65.06,64.38,64.76,2574300,VNM
2021-08-03 07:00:00,64.83,65.5,64.83,65.2,2714600,VNM
2021-08-04 07:00:00,65.5,65.5,65.13,65.2,2873000,VNM
2021-08-05 07:00:00,65.06,65.2,64.83,64.83,2833600,VNM
2021-08-06 07:00:00,65.06,66.18,64.83,65.28,3960600,VNM
2021-08-09 07:00:00,65.28,65.8,65.13,65.65,2731300,VNM
2021-08-10 07:00:00,65.88,67.38,65.88,66.93,5965600,VNM
2021-08-11 07:00:00,67.3,68.42,67.23,68.05,5330400,VNM
2021-08-12 07:00:00,67.97,68.5,67.6,67.75,4287800,VNM
2021-08-13 07:00:00,67.68,67.75,66.78,67.3,4105500,VNM
2021-08-16 07:00:00,67.3,67.82,66.63,67.0,3270800,VNM
2021-08-17 07:00:00,67.08,67.45,66.7,66.85,2202200,VNM
2021-08-18 07:00:00,67.0,68.05,66.93,67.38,4710100,VNM
2021-08-19 07:00:00,67.75,67.75,67.23,67.6,3061300,VNM
2021-08-20 07:00:00,67.6,67.6,65.13,65.73,4326800,VNM
2021-08-23 07:00:00,65.65,65.73,64.38,64.38,4356500,VNM
2021-08-24 07:00:00,64.46,65.13,64.16,64.61,2375700,VNM
2021-08-25 07:00:00,64.68,65.2,64.38,65.06,1675500,VNM
2021-08-26 07:00:00,65.06,65.65,64.9,65.13,1896000,VNM
2021-08-27 07:00:00,65.43,65.5,64.9,65.13,2346900,VNM
2021-08-30 07:00:00,65.2,65.58,65.13,65.43,4306000,VNM
2021-08-31 07:00:00,65.5,65.58,65.2,65.43,2957200,VNM
2021-09-01 07:00:00,65.43,66.48,65.28,65.95,3430100,VNM
2021-09-06 07:00:00,66.1,66.48,66.03,66.1,3212200,VNM
2021-09-07 07:00:00,66.86,66.86,65.72,65.72,2622200,VNM
2021-09-08 07:00:00,65.72,65.72,64.96,65.04,3682200,VNM
2021-09-09 07:00:00,65.04,65.11,64.73,64.89,2452400,VNM
2021-09-10 07:00:00,64.89,66.26,64.73,65.88,3962100,VNM
2021-09-13 07:00:00,65.88,66.56,65.72,66.41,2956200,VNM
2021-09-14 07:00:00,66.41,66.48,65.95,66.26,2482900,VNM
2021-09-15 07:00:00,66.1,66.1,65.57,65.57,2425000,VNM
2021-09-16 07:00:00,65.88,65.88,65.42,65.8,1825400,VNM
2021-09-17 07:00:00,65.8,67.32,65.72,65.88,5292600,VNM
2021-09-20 07:00:00,66.71,67.86,66.48,67.55,5447700,VNM
2021-09-21 07:00:00,67.02,67.7,66.79,67.63,3096300,VNM
2021-09-22 07:00:00,67.4,69.83,67.4,69.68,10050100,VNM
2021-09-23 07:00:00,69.68,70.37,68.84,69.15,3941300,VNM
2021-09-24 07:00:00,69.3,69.61,68.92,69.07,2990000,VNM
2021-09-27 07:00:00,69.0,69.61,67.63,67.63,5053900,VNM
2021-09-28 07:00:00,67.63,68.46,67.02,68.01,3757200,VNM
2021-09-29 07:00:00,68.01,68.62,67.55,68.24,2763400,VNM
2021-09-30 07:00:00,68.46,69.07,68.24,68.24,2799400,VNM
2021-10-01 07:00:00,68.01,68.84,67.86,68.39,3805400,VNM
2021-10-04 07:00:00,68.92,69.38,68.62,68.69,3060200,VNM
2021-10-05 07:00:00,68.77,68.77,68.24,68.24,2268000,VNM
2021-10-06 07:00:00,68.24,68.62,67.93,68.01,2498500,VNM
2021-10-07 07:00:00,68.01,68.08,67.63,67.63,2981800,VNM
2021-10-08 07:00:00,67.7,68.54,67.55,68.24,2618600,VNM
2021-10-11 07:00:00,68.54,68.84,68.16,68.54,2474800,VNM
2021-10-12 07:00:00,68.84,69.53,68.62,68.84,3616300,VNM
2021-10-13 07:00:00,69.3,69.53,68.54,68.62,3793100,VNM
2021-10-14 07:00:00,68.69,68.92,68.24,68.54,2006400,VNM
2021-10-15 07:00:00,68.54,69.07,68.24,68.54,3206000,VNM
2021-10-18 07:00:00,68.54,68.62,67.93,68.39,2305800,VNM
2021-10-19 07:00:00,68.39,68.92,68.39,68.77,5984500,VNM
2021-10-20 07:00:00,68.84,69.0,67.78,68.54,3480500,VNM
2021-10-21 07:00:00,68.54,68.62,67.86,67.86,2936500,VNM
2021-10-22 07:00:00,68.16,68.92,67.93,68.92,4487700,VNM
2021-10-25 07:00:00,68.92,69.0,68.46,68.62,2769500,VNM
2021-10-26 07:00:00,68.54,68.69,68.08,68.24,1641200,VNM
2021-10-27 07:00:00,68.54,69.0,68.31,68.84,3549900,VNM
2021-10-28 07:00:00,68.92,69.68,68.92,69.0,4093700,VNM
2021-10-29 07:00:00,69.0,69.3,68.77,69.07,3748500,VNM
2021-11-01 07:00:00,69.15,69.53,68.39,68.54,5083800,VNM
2021-11-02 07:00:00,68.54,68.54,67.78,67.93,4888900,VNM
2021-11-03 07:00:00,67.86,68.16,67.17,67.17,5547900,VNM
2021-11-04 07:00:00,67.32,67.55,67.09,67.32,2513000,VNM
2021-11-05 07:00:00,67.47,68.08,67.4,67.93,2654600,VNM
2021-11-08 07:00:00,68.31,69.38,68.24,69.15,6171800,VNM
2021-11-09 07:00:00,69.3,69.38,68.31,68.39,3695000,VNM
2021-11-10 07:00:00,68.54,68.62,68.01,68.31,2666100,VNM
2021-11-11 07:00:00,68.39,68.84,68.01,68.24,3380600,VNM
2021-11-12 07:00:00,68.54,68.62,67.86,68.01,2120400,VNM
2021-11-15 07:00:00,68.16,68.24,67.78,67.78,3268000,VNM
2021-11-16 07:00:00,67.78,68.01,67.4,67.47,3251700,VNM
2021-11-17 07:00:00,67.47,68.24,67.47,67.63,2514400,VNM
2021-11-18 07:00:00,67.63,67.63,67.02,67.02,3900000,VNM
2021-11-19 07:00:00,67.02,67.32,65.49,65.57,5151200,VNM
2021-11-22 07:00:00,65.49,65.88,65.42,65.65,3497600,VNM
2021-11-23 07:00:00,65.88,66.03,65.49,65.72,2198800,VNM
2021-11-24 07:00:00,65.88,66.64,65.88,66.64,2124500,VNM
2021-11-25 07:00:00,66.64,67.17,66.41,66.64,2175400,VNM
2021-11-26 07:00:00,66.71,67.63,66.64,67.25,3015700,VNM
2021-11-29 07:00:00,66.86,66.94,66.41,66.64,2835900,VNM
2021-11-30 07:00:00,66.71,67.63,66.71,66.71,3177100,VNM
2021-12-01 07:00:00,67.02,67.47,66.56,66.64,1894500,VNM
2021-12-02 07:00:00,66.64,67.02,66.56,66.56,1254100,VNM
2021-12-03 07:00:00,66.71,67.02,65.34,65.34,2900400,VNM
2021-12-06 07:00:00,65.49,65.95,64.96,64.96,3168200,VNM
2021-12-07 07:00:00,65.34,65.88,65.04,65.88,1530000,VNM
2021-12-08 07:00:00,65.72,65.88,65.27,65.49,1294500,VNM
2021-12-09 07:00:00,65.42,66.33,65.27,66.26,1449900,VNM
2021-12-10 07:00:00,65.88,66.26,65.34,65.72,1485000,VNM
2021-12-13 07:00:00,65.72,66.1,65.49,65.8,1495700,VNM
2021-12-14 07:00:00,65.8,66.18,65.65,65.72,1671200,VNM
2021-12-15 07:00:00,65.8,66.03,65.72,65.72,1214100,VNM
2021-12-16 07:00:00,65.72,65.95,65.49,65.95,1610300,VNM
2021-12-17 07:00:00,65.95,66.03,65.27,65.27,2660200,VNM
2021-12-20 07:00:00,65.49,65.72,65.19,65.27,1807000,VNM
2021-12-21 07:00:00,65.34,65.49,65.11,65.11,1192900,VNM
2021-12-22 07:00:00,65.27,65.65,64.96,65.04,1844400,VNM
2021-12-23 07:00:00,65.04,65.04,64.35,64.5,2147800,VNM
2021-12-24 07:00:00,64.5,65.49,64.5,65.49,1148400,VNM
2021-12-27 07:00:00,65.49,65.8,65.27,65.57,1138300,VNM
2021-12-28 07:00:00,65.65,65.65,64.89,65.11,1544400,VNM
2021-12-29 07:00:00,65.11,65.19,64.81,64.89,945400,VNM
2021-12-30 07:00:00,64.96,65.19,64.81,64.96,893100,VNM
2021-12-31 07:00:00,65.11,66.64,64.96,65.8,2325100,VNM
2022-01-04 07:00:00,66.41,66.56,66.03,66.03,1885600,VNM
2022-01-05 07:00:00,66.1,66.26,65.49,65.65,3124600,VNM
2022-01-06 07:00:00,65.57,65.57,64.96,65.04,2848200,VNM
2022-01-07 07:00:00,64.96,65.19,64.73,64.89,2553900,VNM
2022-01-10 07:00:00,65.66,65.81,64.65,64.81,2146400,VNM
2022-01-11 07:00:00,64.73,65.04,64.65,64.81,1829000,VNM
2022-01-12 07:00:00,64.89,64.89,64.03,64.34,2183600,VNM
2022-01-13 07:00:00,64.58,64.81,64.19,64.34,1711600,VNM
2022-01-14 07:00:00,64.34,65.89,64.03,65.58,2516600,VNM
2022-01-17 07:00:00,65.81,65.81,64.19,64.19,2100400,VNM
2022-01-18 07:00:00,64.19,64.65,63.96,64.58,2100400,VNM
2022-01-19 07:00:00,64.19,64.65,64.03,64.58,1764900,VNM
2022-01-20 07:00:00,64.26,64.5,64.19,64.26,1488400,VNM
2022-01-21 07:00:00,64.26,64.5,63.88,63.96,1576400,VNM
2022-01-24 07:00:00,63.96,64.03,62.72,62.72,2222200,VNM
2022-01-25 07:00:00,62.33,62.72,61.25,61.32,3758600,VNM
2022-01-26 07:00:00,61.4,62.33,61.4,61.71,1452100,VNM
2022-01-27 07:00:00,62.02,64.58,62.02,64.34,2039000,VNM
2022-01-28 07:00:00,64.26,65.19,64.11,64.34,2257400,VNM
2022-02-07 07:00:00,64.42,65.04,64.19,64.65,1324200,VNM
2022-02-08 07:00:00,64.58,64.65,63.49,63.49,2708900,VNM
2022-02-09 07:00:00,63.49,64.81,63.49,64.11,1799300,VNM
2022-02-10 07:00:00,64.11,64.5,63.72,64.03,1612500,VNM
2022-02-11 07:00:00,63.88,63.96,63.41,63.49,1624600,VNM
2022-02-14 07:00:00,63.1,63.49,62.72,62.79,2971800,VNM
2022-02-15 07:00:00,62.79,63.1,62.72,62.87,1465300,VNM
2022-02-16 07:00:00,62.87,62.95,62.18,62.25,2825100,VNM
2022-02-17 07:00:00,62.33,62.87,62.25,62.56,1787700,VNM
2022-02-18 07:00:00,62.02,62.56,62.02,62.41,1808100,VNM
2022-02-21 07:00:00,62.64,63.18,62.64,62.72,1280600,VNM
2022-02-22 07:00:00,62.64,62.72,61.71,61.94,3204500,VNM
2022-02-23 07:00:00,61.94,62.33,61.79,61.94,2200300,VNM
2022-02-24 07:00:00,61.94,61.94,60.78,60.86,2723500,VNM
2022-02-25 07:00:00,61.17,61.56,61.09,61.09,1347700,VNM
2022-02-28 07:00:00,61.09,61.17,60.24,60.7,2258900,VNM
2022-03-01 07:00:00,60.7,61.48,60.55,61.32,1273100,VNM
2022-03-02 07:00:00,61.32,61.32,60.39,60.78,2037100,VNM
2022-03-03 07:00:00,60.94,61.17,60.55,60.7,1486600,VNM
2022-03-04 07:00:00,60.7,60.7,60.24,60.32,2511600,VNM
2022-03-07 07:00:00,60.32,60.32,59.39,59.46,3530800,VNM
2022-03-08 07:00:00,59.08,59.23,58.84,58.92,2383000,VNM
2022-03-09 07:00:00,58.84,59.46,58.07,58.15,3003700,VNM
2022-03-10 07:00:00,58.84,60.32,58.84,59.7,2971800,VNM
2022-03-11 07:00:00,59.77,60.78,59.7,60.39,2322900,VNM
2022-03-14 07:00:00,60.39,60.39,59.54,59.77,1654700,VNM
2022-03-15 07:00:00,59.62,60.01,59.08,59.77,1482600,VNM
2022-03-16 07:00:00,59.77,60.39,59.62,59.85,1850400,VNM
2022-03-17 07:00:00,60.08,60.24,59.16,59.16,1354400,VNM
2022-03-18 07:00:00,59.31,59.62,58.84,58.84,4233000,VNM
2022-03-21 07:00:00,58.84,60.32,58.84,60.08,1884100,VNM
2022-03-22 07:00:00,60.32,60.32,59.46,59.54,2390200,VNM
2022-03-23 07:00:00,59.46,59.62,58.77,58.92,3226000,VNM
2022-03-24 07:00:00,58.84,58.92,58.23,58.54,3389800,VNM
2022-03-25 07:00:00,58.54,58.69,58.15,58.23,2699500,VNM
2022-03-28 07:00:00,58.3,58.54,56.83,56.83,4038700,VNM
2022-03-29 07:00:00,56.91,58.46,56.91,58.46,2139300,VNM
2022-03-30 07:00:00,58.46,59.31,58.15,59.0,3413800,VNM
2022-03-31 07:00:00,59.0,62.72,58.84,62.64,9645800,VNM
2022-04-01 07:00:00,62.72,64.03,62.18,63.26,6112000,VNM
2022-04-04 07:00:00,63.49,63.88,63.1,63.65,3808700,VNM
2022-04-05 07:00:00,63.34,63.34,62.25,62.25,2202100,VNM
2022-04-06 07:00:00,61.94,62.87,61.25,61.4,4306700,VNM
2022-04-07 07:00:00,61.86,61.94,60.78,60.78,1760300,VNM
2022-04-08 07:00:00,60.78,61.25,59.85,59.85,2738300,VNM
2022-04-12 07:00:00,59.85,60.24,59.23,59.46,1776300,VNM
2022-04-13 07:00:00,59.46,60.78,59.39,59.77,2118800,VNM
2022-04-14 07:00:00,60.01,60.39,59.08,59.08,1810200,VNM
2022-04-15 07:00:00,59.23,60.08,58.84,59.23,1362400,VNM
2022-04-18 07:00:00,59.23,60.32,59.16,59.62,2564300,VNM
2022-04-19 07:00:00,59.7,60.16,58.84,58.84,1670200,VNM
2022-04-20 07:00:00,58.84,59.39,58.54,58.54,1931100,VNM
2022-04-21 07:00:00,58.3,59.23,58.07,58.07,4615600,VNM
2022-04-22 07:00:00,58.61,59.23,58.46,58.77,2800400,VNM
2022-04-25 07:00:00,58.84,59.08,56.52,56.91,2659800,VNM
2022-04-26 07:00:00,56.91,58.84,54.9,58.77,3883000,VNM
2022-04-27 07:00:00,58.23,58.69,57.06,58.07,1826000,VNM
2022-04-28 07:00:00,57.99,57.99,57.14,57.53,1911000,VNM
2022-04-29 07:00:00,57.61,58.07,57.3,57.45,1630100,VNM
2022-05-04 07:00:00,57.45,57.61,56.14,56.14,1763900,VNM
2022-05-05 07:00:00,56.68,56.68,55.36,55.83,1548200,VNM
2022-05-06 07:00:00,55.28,55.44,53.81,54.36,2109800,VNM
2022-05-09 07:00:00,54.36,55.36,53.89,54.2,2392100,VNM
2022-05-10 07:00:00,54.2,55.67,54.2,54.66,3106500,VNM
2022-05-11 07:00:00,54.66,55.05,53.81,53.81,1793700,VNM
2022-05-12 07:00:00,54.04,54.04,51.49,51.49,3189100,VNM
2022-05-13 07:00:00,51.88,52.5,51.02,51.18,4590600,VNM
2022-05-16 07:00:00,51.57,52.34,50.87,50.95,1977800,VNM
2022-05-17 07:00:00,50.79,54.2,50.48,54.2,2105100,VNM
2022-05-18 07:00:00,54.2,54.59,53.81,54.43,1983200,VNM
2022-05-19 07:00:00,53.81,54.2,53.42,53.42,1449400,VNM
2022-05-20 07:00:00,53.42,54.12,52.65,52.73,1296200,VNM
2022-05-23 07:00:00,53.04,53.19,51.26,51.34,2022200,VNM
2022-05-24 07:00:00,51.64,53.35,51.49,53.35,2033000,VNM
2022-05-25 07:00:00,53.35,55.98,53.35,55.67,2362100,VNM
2022-05-26 07:00:00,55.67,55.67,54.74,55.21,1530800,VNM
2022-05-27 07:00:00,55.21,56.76,54.74,56.52,3456900,VNM
2022-05-30 07:00:00,56.44,56.44,55.75,56.14,2124400,VNM
2022-05-31 07:00:00,55.83,56.06,55.52,55.52,2058700,VNM
2022-06-01 07:00:00,55.36,56.21,55.21,55.67,1229600,VNM
2022-06-02 07:00:00,55.75,55.75,54.82,55.05,1487800,VNM
2022-06-03 07:00:00,54.97,55.21,54.2,54.43,1052800,VNM
2022-06-06 07:00:00,54.36,55.13,54.2,54.82,1432000,VNM
2022-06-07 07:00:00,54.43,54.74,54.2,54.66,1322200,VNM
2022-06-08 07:00:00,54.74,55.28,54.74,54.97,1698600,VNM
2022-06-09 07:00:00,54.97,55.05,54.36,54.36,1045100,VNM
2022-06-10 07:00:00,54.2,54.36,53.81,53.81,1483300,VNM
2022-06-13 07:00:00,52.96,52.96,51.26,51.41,2379700,VNM
2022-06-14 07:00:00,50.72,52.26,50.64,51.18,1393200,VNM
2022-06-15 07:00:00,51.18,51.49,49.94,49.94,2680600,VNM
2022-06-16 07:00:00,50.41,52.88,50.33,52.65,2215500,VNM
2022-06-17 07:00:00,51.8,53.12,50.48,51.64,2502800,VNM
2022-06-20 07:00:00,51.41,53.97,51.41,53.42,2588200,VNM
2022-06-21 07:00:00,53.58,57.14,53.27,57.06,4839300,VNM
2022-06-22 07:00:00,56.6,56.83,54.66,54.66,2214000,VNM
2022-06-23 07:00:00,54.66,55.75,54.2,54.74,1103100,VNM
2022-06-24 07:00:00,54.97,56.44,54.9,55.36,1684400,VNM
2022-06-27 07:00:00,55.59,55.83,54.43,55.05,1804300,VNM
2022-06-28 07:00:00,54.66,56.29,54.28,54.82,3037200,VNM
2022-06-29 07:00:00,54.66,56.29,54.66,55.98,1941000,VNM
2022-06-30 07:00:00,55.98,57.92,55.9,55.9,3582600,VNM
2022-07-01 07:00:00,55.98,57.22,55.75,57.06,2859000,VNM
2022-07-04 07:00:00,57.3,58.69,57.14,58.15,3139300,VNM
2022-07-05 07:00:00,58.3,58.38,56.52,56.6,2590800,VNM
2022-07-06 07:00:00,56.84,57.24,55.64,56.6,2360100,VNM
2022-07-07 07:00:00,56.6,58.44,56.04,58.44,3049600,VNM
2022-07-08 07:00:00,58.44,58.68,58.04,58.44,1704200,VNM
2022-07-11 07:00:00,57.8,59.8,57.64,58.44,2556900,VNM
2022-07-12 07:00:00,58.44,59.16,58.12,58.68,976100,VNM
2022-07-13 07:00:00,58.6,58.92,57.96,58.04,1423500,VNM
2022-07-14 07:00:00,57.88,58.6,57.8,57.96,982300,VNM
2022-07-15 07:00:00,57.96,58.44,57.32,57.32,1475000,VNM
2022-07-18 07:00:00,57.64,57.8,57.24,57.4,1106700,VNM
2022-07-19 07:00:00,57.64,58.36,57.32,58.28,1530100,VNM
2022-07-20 07:00:00,58.6,58.92,58.28,58.44,1167800,VNM
2022-07-21 07:00:00,58.04,58.92,57.8,58.6,1720500,VNM
2022-07-22 07:00:00,58.6,58.6,57.64,57.64,712300,VNM
2022-07-25 07:00:00,57.64,58.36,57.48,58.36,1242600,VNM
2022-07-26 07:00:00,58.36,58.44,57.48,57.64,1154000,VNM
2022-07-27 07:00:00,57.64,58.12,57.48,57.8,789500,VNM
2022-07-28 07:00:00,58.04,58.28,57.88,58.12,1219400,VNM
2022-07-29 07:00:00,58.2,58.92,57.96,58.28,2582800,VNM
2022-08-01 07:00:00,58.28,58.84,57.8,58.84,2527600,VNM
2022-08-02 07:00:00,58.76,59.4,58.2,58.76,2600900,VNM
2022-08-03 07:00:00,58.28,58.84,58.04,58.76,3134700,VNM
2022-08-04 07:00:00,58.76,58.76,58.28,58.68,1720600,VNM
2022-08-05 07:00:00,58.68,58.76,58.12,58.12,2135400,VNM
2022-08-08 07:00:00,58.04,58.04,57.72,57.8,2795800,VNM
2022-08-09 07:00:00,57.8,57.96,57.64,57.64,2129800,VNM
2022-08-10 07:00:00,57.64,58.12,57.64,58.04,1544800,VNM
2022-08-11 07:00:00,58.12,58.12,56.6,56.92,3884600,VNM
2022-08-12 07:00:00,56.84,57.56,56.84,57.56,1796100,VNM
2022-08-15 07:00:00,57.64,57.64,57.08,57.24,2525800,VNM
2022-08-16 07:00:00,57.48,57.96,57.4,57.48,1688300,VNM
2022-08-17 07:00:00,57.48,58.12,57.4,58.12,1316400,VNM
2022-08-18 07:00:00,58.12,58.92,58.12,58.76,4230600,VNM
2022-08-19 07:00:00,58.76,59.64,58.36,59.32,5225600,VNM
2022-08-22 07:00:00,59.32,59.88,59.0,59.0,2071700,VNM
2022-08-23 07:00:00,59.0,60.76,58.92,60.68,4551200,VNM
2022-08-24 07:00:00,60.68,62.68,60.68,62.2,5443600,VNM
2022-08-25 07:00:00,62.36,62.68,61.64,62.36,2182100,VNM
2022-08-26 07:00:00,62.28,62.52,61.0,61.56,2463000,VNM
2022-08-29 07:00:00,60.92,61.08,60.36,60.44,3311500,VNM
2022-08-30 07:00:00,60.44,61.16,60.44,60.84,2234900,VNM
2022-08-31 07:00:00,60.76,61.16,60.44,60.44,1657100,VNM
2022-09-05 07:00:00,60.44,62.28,60.44,62.04,3169400,VNM
2022-09-06 07:00:00,62.04,63.24,61.88,62.28,2649000,VNM
2022-09-07 07:00:00,62.28,62.28,60.6,60.6,2916400,VNM
2022-09-08 07:00:00,60.84,61.24,60.2,60.6,1351100,VNM
2022-09-09 07:00:00,60.76,61.24,60.44,60.76,1188500,VNM
2022-09-12 07:00:00,60.84,61.0,60.28,60.28,1386100,VNM
2022-09-13 07:00:00,60.2,60.84,60.2,60.6,1556500,VNM
2022-09-14 07:00:00,59.96,60.04,59.08,59.24,2037900,VNM
2022-09-15 07:00:00,59.32,60.2,59.32,59.64,1207500,VNM
2022-09-16 07:00:00,59.8,60.84,59.56,60.84,2308600,VNM
2022-09-19 07:00:00,60.52,60.6,59.96,60.2,1418000,VNM
2022-09-20 07:00:00,60.28,61.0,60.28,60.68,1139700,VNM
2022-09-21 07:00:00,60.6,62.12,60.52,61.56,2477500,VNM
2022-09-22 07:00:00,61.32,61.72,60.84,61.56,1033500,VNM
2022-09-23 07:00:00,61.64,61.88,61.24,61.4,1398600,VNM
2022-09-26 07:00:00,60.68,61.0,59.0,59.24,3386000,VNM
2022-09-27 07:00:00,59.64,59.96,57.88,57.96,2415500,VNM
2022-09-28 07:00:00,57.64,58.44,56.76,57.48,2145700,VNM
2022-09-29 07:00:00,58.36,58.84,57.8,58.2,2033200,VNM
2022-09-30 07:00:00,57.56,58.68,57.56,57.88,2345100,VNM
2022-10-03 07:00:00,57.56,58.04,56.84,56.84,2039100,VNM
2022-10-04 07:00:00,57.48,57.48,56.04,56.76,1631300,VNM
2022-10-05 07:00:00,56.84,57.64,56.84,57.32,1493400,VNM
2022-10-06 07:00:00,57.08,57.16,56.04,56.04,1503000,VNM
2022-10-07 07:00:00,55.48,57.08,53.24,55.88,2685300,VNM
2022-10-10 07:00:00,54.84,57.24,53.96,56.44,1661900,VNM
2022-10-11 07:00:00,56.44,57.24,55.72,56.2,1718400,VNM
2022-10-12 07:00:00,56.44,57.4,56.12,57.32,1274000,VNM
2022-10-13 07:00:00,56.84,59.08,56.68,59.08,3171000,VNM
2022-10-14 07:00:00,59.24,59.64,59.0,59.24,1436500,VNM
2022-10-17 07:00:00,59.08,60.12,59.0,59.32,1679700,VNM
2022-10-18 07:00:00,60.04,61.64,59.8,61.24,3137000,VNM
2022-10-19 07:00:00,60.92,61.48,60.92,61.32,1038000,VNM
2022-10-20 07:00:00,61.32,62.04,60.68,62.04,2290400,VNM
2022-10-21 07:00:00,62.04,62.76,61.24,61.64,2097600,VNM
2022-10-24 07:00:00,61.8,61.8,59.24,59.24,1578600,VNM
2022-10-25 07:00:00,59.32,61.48,59.32,60.84,1657600,VNM
2022-10-26 07:00:00,60.84,61.16,60.52,60.84,824700,VNM
2022-10-27 07:00:00,60.84,62.84,60.84,62.84,2283600,VNM
2022-10-28 07:00:00,62.84,62.92,62.2,62.44,1438800,VNM
2022-10-31 07:00:00,62.2,62.84,61.88,62.84,1572200,VNM
2022-11-01 07:00:00,62.84,66.05,62.84,64.2,3180100,VNM
2022-11-02 07:00:00,64.2,64.28,62.68,62.68,1830500,VNM
2022-11-03 07:00:00,62.44,64.61,62.44,64.04,1278300,VNM
2022-11-04 07:00:00,63.96,64.85,62.44,64.04,2909200,VNM
2022-11-07 07:00:00,64.12,65.81,64.04,65.81,2638300,VNM
2022-11-08 07:00:00,65.81,65.97,63.72,65.97,2301400,VNM
2022-11-09 07:00:00,65.65,65.81,64.04,64.77,2701100,VNM
2022-11-10 07:00:00,64.77,64.85,61.64,62.76,2637600,VNM
2022-11-11 07:00:00,63.16,64.36,62.76,62.76,1564400,VNM
2022-11-14 07:00:00,62.44,65.65,60.92,63.24,2596800,VNM
2022-11-15 07:00:00,63.24,63.56,61.24,61.64,2089600,VNM
2022-11-16 07:00:00,60.44,63.08,59.08,59.64,3542600,VNM
2022-11-17 07:00:00,61.48,62.68,60.12,60.84,2599500,VNM
2022-11-18 07:00:00,61.64,62.28,60.6,61.64,2229300,VNM
2022-11-21 07:00:00,61.64,62.36,61.56,62.36,1787400,VNM
2022-11-22 07:00:00,62.04,64.2,61.96,63.64,2281200,VNM
2022-11-23 07:00:00,63.64,63.8,62.68,63.56,773100,VNM
2022-11-24 07:00:00,63.24,65.01,63.16,65.01,2881100,VNM
2022-11-25 07:00:00,65.09,66.21,64.85,65.81,2596100,VNM
2022-11-28 07:00:00,65.65,66.77,65.41,65.41,2299200,VNM
2022-11-29 07:00:00,65.09,66.69,64.44,66.45,2404200,VNM
2022-11-30 07:00:00,66.45,66.45,65.25,66.29,1995600,VNM
2022-12-01 07:00:00,65.33,66.37,65.33,65.97,2216800,VNM
2022-12-02 07:00:00,65.89,67.25,65.65,67.25,2521800,VNM
2022-12-05 07:00:00,67.33,68.53,67.33,68.05,2066000,VNM
2022-12-06 07:00:00,68.05,68.13,66.05,66.05,1395300,VNM
2022-12-07 07:00:00,66.45,67.49,65.49,66.05,1839600,VNM
2022-12-08 07:00:00,66.45,67.25,64.85,64.85,1597100,VNM
2022-12-09 07:00:00,64.85,65.49,64.04,64.04,2408500,VNM
2022-12-12 07:00:00,64.28,65.57,62.76,62.84,3142700,VNM
2022-12-13 07:00:00,62.92,63.56,61.8,62.44,3610400,VNM
2022-12-14 07:00:00,63.56,63.56,62.04,62.04,3522100,VNM
2022-12-15 07:00:00,62.04,63.4,61.88,62.12,2595300,VNM
2022-12-16 07:00:00,62.2,63.08,62.12,62.44,3002000,VNM
2022-12-19 07:00:00,62.84,62.84,61.64,61.64,2422700,VNM
2022-12-20 07:00:00,61.88,63.8,61.56,63.0,3030300,VNM
2022-12-21 07:00:00,63.8,64.53,63.64,63.8,2305500,VNM
2022-12-22 07:00:00,64.62,64.78,62.75,62.75,1587300,VNM
2022-12-23 07:00:00,62.83,63.72,62.09,62.09,1561800,VNM
2022-12-26 07:00:00,62.26,63.24,61.85,61.93,1657600,VNM
2022-12-27 07:00:00,62.58,63.56,61.93,62.42,1586800,VNM
2022-12-28 07:00:00,62.5,63.56,62.42,62.75,1188500,VNM
2022-12-29 07:00:00,63.07,63.72,62.75,62.75,1329700,VNM
2022-12-30 07:00:00,63.56,63.56,62.01,62.01,1199300,VNM
2023-01-03 07:00:00,62.34,63.97,62.09,63.97,1496000,VNM
2023-01-04 07:00:00,64.13,64.62,64.05,64.62,1089800,VNM
2023-01-05 07:00:00,64.62,66.33,64.38,66.17,2469800,VNM
2023-01-06 07:00:00,66.0,66.17,64.86,65.03,1269700,VNM
2023-01-09 07:00:00,65.11,65.76,64.86,65.76,948300,VNM
2023-01-10 07:00:00,65.92,66.41,65.68,66.0,1196000,VNM
2023-01-11 07:00:00,66.0,66.49,64.7,64.7,1534700,VNM
2023-01-12 07:00:00,65.11,65.35,64.62,65.19,684900,VNM
2023-01-13 07:00:00,65.35,66.09,65.27,65.68,1449000,VNM
2023-01-16 07:00:00,65.68,65.84,64.7,64.7,654700,VNM
2023-01-17 07:00:00,65.35,66.0,64.7,65.92,1671400,VNM
2023-01-18 07:00:00,65.92,66.41,65.76,66.25,1297900,VNM
2023-01-19 07:00:00,65.84,66.41,65.19,66.25,2627700,VNM
2023-01-27 07:00:00,66.33,66.74,64.86,65.19,2331800,VNM
2023-01-30 07:00:00,65.19,65.19,64.7,64.7,1614000,VNM
2023-01-31 07:00:00,64.54,64.78,62.66,62.83,4817500,VNM
2023-02-01 07:00:00,63.32,63.4,62.66,62.91,1810400,VNM
2023-02-02 07:00:00,63.07,63.15,62.5,62.5,1494400,VNM
2023-02-03 07:00:00,62.75,62.83,61.85,61.93,1855200,VNM
2023-02-06 07:00:00,61.85,63.15,61.85,63.07,1910700,VNM
2023-02-07 07:00:00,63.24,63.24,62.01,62.01,1274400,VNM
2023-02-08 07:00:00,62.09,62.42,61.69,61.77,1550000,VNM
2023-02-09 07:00:00,61.77,61.93,61.12,61.12,1593600,VNM
2023-02-10 07:00:00,61.12,61.85,61.12,61.85,1236100,VNM
2023-02-13 07:00:00,61.85,61.85,60.38,61.36,1569000,VNM
2023-02-14 07:00:00,61.36,61.69,60.63,60.87,1073500,VNM
2023-02-15 07:00:00,60.87,61.93,60.63,61.93,1443500,VNM
2023-02-16 07:00:00,61.93,62.34,61.6,62.34,691300,VNM
2023-02-17 07:00:00,62.01,62.26,61.36,61.93,777000,VNM
2023-02-20 07:00:00,61.93,63.15,61.52,63.15,1385300,VNM
2023-02-21 07:00:00,63.15,63.24,62.5,62.91,888300,VNM
2023-02-22 07:00:00,62.18,62.5,61.52,61.52,1295600,VNM
2023-02-23 07:00:00,61.52,62.66,60.63,61.69,2327900,VNM
2023-02-24 07:00:00,61.69,61.93,60.71,60.87,1681000,VNM
2023-02-27 07:00:00,60.87,61.85,60.3,61.28,1112500,VNM
2023-02-28 07:00:00,61.52,61.85,61.2,61.52,1034300,VNM
2023-03-01 07:00:00,61.2,62.75,61.12,62.66,1635500,VNM
2023-03-02 07:00:00,62.66,62.66,62.01,62.34,1088800,VNM
2023-03-03 07:00:00,61.12,62.58,61.12,61.93,704200,VNM
2023-03-06 07:00:00,61.93,62.42,61.12,61.12,891800,VNM
2023-03-07 07:00:00,61.85,62.09,61.52,61.77,1170900,VNM
2023-03-08 07:00:00,61.28,62.34,61.12,62.34,1244400,VNM
2023-03-09 07:00:00,62.09,62.83,62.09,62.34,1389700,VNM
2023-03-10 07:00:00,62.34,62.91,62.01,62.66,1427700,VNM
2023-03-13 07:00:00,62.58,62.83,62.42,62.66,1824500,VNM
2023-03-14 07:00:00,62.18,62.66,61.6,62.42,1735100,VNM
2023-03-15 07:00:00,62.42,62.99,62.34,62.83,1960200,VNM
2023-03-16 07:00:00,62.75,62.83,61.85,62.26,1529200,VNM
2023-03-17 07:00:00,62.26,62.26,60.71,60.71,2432800,VNM
2023-03-20 07:00:00,61.12,61.12,60.38,60.55,1609600,VNM
2023-03-21 07:00:00,60.63,61.2,60.46,60.63,1350200,VNM
2023-03-22 07:00:00,60.79,60.87,60.63,60.63,900200,VNM
2023-03-23 07:00:00,60.55,61.36,60.3,61.36,1285000,VNM
2023-03-24 07:00:00,61.12,61.52,60.95,61.12,932300,VNM
2023-03-27 07:00:00,61.12,61.12,60.55,60.79,1371500,VNM
2023-03-28 07:00:00,60.71,61.36,60.63,60.63,1650000,VNM
2023-03-29 07:00:00,60.87,61.03,60.63,61.03,907400,VNM
2023-03-30 07:00:00,60.87,61.44,60.79,61.12,838700,VNM
2023-03-31 07:00:00,61.12,61.44,60.63,60.63,1076100,VNM
2023-04-03 07:00:00,60.79,61.03,60.46,60.63,850600,VNM
2023-04-04 07:00:00,60.63,60.71,60.46,60.46,1819000,VNM
2023-04-05 07:00:00,60.46,60.95,60.38,60.71,963400,VNM
2023-04-06 07:00:00,60.63,60.79,60.55,60.55,905600,VNM
2023-04-07 07:00:00,60.63,60.87,60.55,60.87,794400,VNM
2023-04-10 07:00:00,60.87,60.87,60.63,60.63,832700,VNM
2023-04-11 07:00:00,60.55,60.71,60.38,60.63,782800,VNM
2023-04-12 07:00:00,60.63,60.63,60.3,60.55,979100,VNM
2023-04-13 07:00:00,60.55,60.63,59.89,59.89,889600,VNM
2023-04-14 07:00:00,59.98,60.06,59.32,59.32,1294000,VNM
2023-04-17 07:00:00,59.32,59.4,58.43,58.43,1365400,VNM
2023-04-18 07:00:00,58.51,59.49,58.51,59.49,931800,VNM
2023-04-19 07:00:00,59.57,59.57,58.67,58.67,816300,VNM
2023-04-20 07:00:00,58.75,59.16,58.51,58.59,822300,VNM
2023-04-21 07:00:00,58.67,58.67,57.69,57.78,1107600,VNM
2023-04-24 07:00:00,57.86,57.94,57.2,57.45,1134600,VNM
2023-04-25 07:00:00,57.45,58.18,56.88,56.96,1370200,VNM
2023-04-26 07:00:00,57.04,57.86,57.04,57.86,941600,VNM
2023-04-27 07:00:00,57.86,57.86,56.63,56.63,1369100,VNM
2023-04-28 07:00:00,56.88,57.2,56.8,57.04,1116700,VNM
2023-05-04 07:00:00,57.04,57.04,55.74,55.9,2657800,VNM
2023-05-05 07:00:00,55.9,56.39,55.9,56.06,712200,VNM
2023-05-08 07:00:00,56.23,57.37,56.23,57.37,1227700,VNM
2023-05-09 07:00:00,57.69,57.86,57.45,57.61,871300,VNM
2023-05-10 07:00:00,57.69,57.94,57.45,57.45,951600,VNM
2023-05-11 07:00:00,57.45,57.78,57.04,57.04,447300,VNM
2023-05-12 07:00:00,57.37,57.37,56.63,56.72,1214100,VNM
2023-05-15 07:00:00,56.96,56.96,56.23,56.23,1537800,VNM
2023-05-16 07:00:00,56.23,56.8,56.23,56.8,1380300,VNM
2023-05-17 07:00:00,56.8,56.8,56.06,56.23,1869200,VNM
2023-05-18 07:00:00,56.23,57.04,55.82,56.39,2496400,VNM
2023-05-19 07:00:00,56.55,56.63,55.9,55.9,1203800,VNM
2023-05-22 07:00:00,55.98,56.23,55.58,55.58,1698000,VNM
2023-05-23 07:00:00,55.41,55.74,54.6,54.6,2935700,VNM
2023-05-24 07:00:00,54.68,54.92,53.86,54.03,2350000,VNM
2023-05-25 07:00:00,53.94,55.0,53.78,54.68,1305500,VNM
2023-05-26 07:00:00,54.92,55.41,54.68,54.68,904500,VNM
2023-05-29 07:00:00,54.84,55.17,54.68,54.68,1043600,VNM
2023-05-30 07:00:00,54.68,54.92,54.19,54.19,1770500,VNM
2023-05-31 07:00:00,54.43,54.43,53.86,53.86,1466600,VNM
2023-06-01 07:00:00,53.86,54.19,53.78,53.86,1214500,VNM
2023-06-02 07:00:00,53.94,54.03,53.38,53.7,2969700,VNM
2023-06-05 07:00:00,54.19,54.76,53.94,54.19,3323000,VNM
2023-06-06 07:00:00,54.52,54.52,53.78,54.11,3423000,VNM
2023-06-07 07:00:00,54.19,54.35,53.78,53.94,3719000,VNM
2023-06-08 07:00:00,54.19,54.19,53.38,53.38,5036500,VNM
2023-06-09 07:00:00,53.46,54.19,53.38,53.62,2080200,VNM
2023-06-12 07:00:00,53.78,55.41,53.78,55.33,5450300,VNM
2023-06-13 07:00:00,55.49,55.66,55.0,55.09,4943400,VNM
2023-06-14 07:00:00,55.17,55.58,54.68,54.68,4910200,VNM
2023-06-15 07:00:00,54.84,54.92,53.94,54.03,4687800,VNM
2023-06-16 07:00:00,54.19,54.27,53.78,53.86,5993000,VNM
2023-06-19 07:00:00,54.03,54.27,53.46,53.62,3279400,VNM
2023-06-20 07:00:00,53.7,53.7,53.38,53.38,2963000,VNM
2023-06-21 07:00:00,53.46,54.03,53.38,54.03,3490900,VNM
2023-06-22 07:00:00,54.19,54.84,54.03,54.52,5610600,VNM
2023-06-23 07:00:00,54.6,56.63,54.6,56.31,11958000,VNM
2023-06-26 07:00:00,56.47,57.61,55.66,57.53,10737800,VNM
2023-06-27 07:00:00,57.69,57.69,56.72,57.45,5978900,VNM
2023-06-28 07:00:00,57.45,57.78,56.8,57.53,6154700,VNM
2023-06-29 07:00:00,57.53,59.0,57.12,58.59,7698400,VNM
2023-06-30 07:00:00,58.59,58.67,57.69,57.86,3645000,VNM
2023-07-03 07:00:00,57.94,58.18,57.29,57.61,3186200,VNM
2023-07-04 07:00:00,57.45,58.02,57.12,57.53,4781600,VNM
2023-07-05 07:00:00,57.69,57.69,56.72,56.88,6659200,VNM
2023-07-06 07:00:00,56.96,57.61,56.88,57.45,7631000,VNM
2023-07-07 07:00:00,57.61,58.02,57.37,57.78,5780500,VNM
2023-07-10 07:00:00,58.18,59.24,58.02,58.75,6171100,VNM
2023-07-11 07:00:00,58.75,59.81,58.43,59.32,5702300,VNM
2023-07-12 07:00:00,59.4,59.89,59.16,59.89,4195800,VNM
2023-07-13 07:00:00,59.81,60.14,59.4,59.57,3783500,VNM
2023-07-14 07:00:00,59.65,59.81,58.75,59.73,5209700,VNM
2023-07-17 07:00:00,59.49,59.98,58.83,58.92,3922800,VNM
2023-07-18 07:00:00,59.08,59.16,58.83,59.0,2930000,VNM
2023-07-19 07:00:00,59.08,59.49,59.0,59.16,2945100,VNM
2023-07-20 07:00:00,59.16,59.32,58.92,59.16,2600700,VNM
2023-07-21 07:00:00,59.16,59.89,59.08,59.89,3341800,VNM
2023-07-24 07:00:00,59.89,60.3,59.73,59.98,2535300,VNM
2023-07-25 07:00:00,59.98,60.87,59.57,60.71,4245900,VNM
2023-07-26 07:00:00,60.63,61.28,60.55,61.12,3189700,VNM
2023-07-27 07:00:00,61.12,61.77,60.95,61.69,4178200,VNM
2023-07-28 07:00:00,61.77,63.32,61.6,63.07,5473600,VNM
2023-07-31 07:00:00,62.99,63.89,62.91,63.56,3364900,VNM
2023-08-01 07:00:00,63.56,63.56,61.93,61.93,5730800,VNM
2023-08-02 07:00:00,61.93,62.34,61.36,62.01,2678900,VNM
2023-08-03 07:00:00,62.35,62.35,61.09,61.09,2917600,VNM
2023-08-04 07:00:00,61.0,61.42,60.58,61.42,3165200,VNM
2023-08-07 07:00:00,61.34,63.02,60.83,63.02,4317900,VNM
2023-08-08 07:00:00,62.85,63.02,62.18,62.68,3430500,VNM
2023-08-09 07:00:00,62.68,62.68,61.26,61.51,3705000,VNM
2023-08-10 07:00:00,61.51,62.26,61.34,61.51,2733200,VNM
2023-08-11 07:00:00,61.51,61.84,60.92,61.84,2181300,VNM
2023-08-14 07:00:00,61.76,61.84,61.0,61.76,3066500,VNM
2023-08-15 07:00:00,61.34,61.76,61.17,61.26,2219700,VNM
2023-08-16 07:00:00,61.26,61.84,61.0,61.51,2083900,VNM
2023-08-17 07:00:00,61.51,62.68,61.34,61.93,4580900,VNM
2023-08-18 07:00:00,61.84,62.94,60.67,61.68,7106200,VNM
2023-08-21 07:00:00,61.17,62.1,61.17,61.34,3055200,VNM
2023-08-22 07:00:00,61.59,61.59,59.82,61.17,3075100,VNM
2023-08-23 07:00:00,60.92,61.93,60.24,61.84,3072800,VNM
2023-08-24 07:00:00,61.84,63.02,61.42,62.85,4419900,VNM
2023-08-25 07:00:00,63.36,63.36,62.52,63.02,2751400,VNM
2023-08-28 07:00:00,63.11,65.72,63.11,65.55,5466800,VNM
2023-08-29 07:00:00,65.21,65.29,64.12,65.13,4199900,VNM
2023-08-30 07:00:00,64.79,66.05,64.37,65.46,2659700,VNM
2023-08-31 07:00:00,65.21,66.39,64.87,65.46,3836000,VNM
2023-09-05 07:00:00,66.05,67.73,65.72,67.4,6839900,VNM
2023-09-06 07:00:00,67.4,67.4,66.89,67.31,2280400,VNM
2023-09-07 07:00:00,67.23,67.31,66.14,66.89,3526700,VNM
2023-09-08 07:00:00,66.64,67.4,66.56,67.31,2774900,VNM
2023-09-11 07:00:00,67.31,68.24,65.29,66.89,4234900,VNM
2023-09-12 07:00:00,66.47,67.9,65.88,67.57,2668500,VNM
2023-09-13 07:00:00,66.98,67.57,66.22,66.56,2507000,VNM
2023-09-14 07:00:00,66.05,67.31,65.97,66.81,2482600,VNM
2023-09-15 07:00:00,66.81,68.32,66.47,66.89,5614800,VNM
2023-09-18 07:00:00,66.56,67.14,66.22,66.39,1322100,VNM
2023-09-19 07:00:00,66.05,66.39,65.13,66.39,2571700,VNM
2023-09-20 07:00:00,65.97,66.3,65.63,65.88,1842800,VNM
2023-09-21 07:00:00,65.72,65.88,65.04,65.63,2537900,VNM
2023-09-22 07:00:00,64.87,65.88,63.78,65.21,4244900,VNM
2023-09-25 07:00:00,64.96,66.05,64.54,65.29,2755500,VNM
2023-09-26 07:00:00,65.29,65.63,63.95,64.03,2534600,VNM
2023-09-27 07:00:00,64.2,64.45,62.94,64.45,2273300,VNM
2023-09-28 07:00:00,64.03,64.28,62.94,62.94,1889300,VNM
2023-09-29 07:00:00,63.11,64.28,62.43,62.43,1403900,VNM
2023-10-02 07:00:00,62.43,63.61,62.43,63.61,1159900,VNM
2023-10-03 07:00:00,62.77,63.19,62.18,62.26,1993700,VNM
2023-10-04 07:00:00,61.93,62.77,61.76,62.6,1077900,VNM
2023-10-05 07:00:00,62.35,62.6,61.17,61.17,2571400,VNM
2023-10-06 07:00:00,61.17,62.43,61.09,62.43,1227000,VNM
2023-10-09 07:00:00,62.26,62.35,61.93,62.01,830900,VNM
2023-10-10 07:00:00,62.52,63.11,62.26,62.6,1023900,VNM
2023-10-11 07:00:00,62.77,62.94,62.26,62.6,1134400,VNM
2023-10-12 07:00:00,62.68,63.86,62.68,63.53,2534800,VNM
2023-10-13 07:00:00,63.44,64.2,63.11,63.78,1487000,VNM
2023-10-16 07:00:00,63.19,63.78,62.85,63.27,1344400,VNM
2023-10-17 07:00:00,63.36,64.03,62.94,62.94,1421900,VNM
2023-10-18 07:00:00,62.94,62.94,60.92,62.18,2572400,VNM
2023-10-19 07:00:00,61.76,61.76,59.66,60.08,3904700,VNM
2023-10-20 07:00:00,59.99,61.0,59.07,60.83,2371800,VNM
2023-10-23 07:00:00,60.33,60.58,58.98,59.07,2725900,VNM
2023-10-24 07:00:00,59.07,59.57,58.98,59.15,1099500,VNM
2023-10-25 07:00:00,59.15,59.57,58.06,58.06,2423700,VNM
2023-10-26 07:00:00,57.64,57.72,55.45,56.38,5201700,VNM
2023-10-27 07:00:00,56.63,57.22,56.04,57.22,1811000,VNM
2023-10-30 07:00:00,57.13,57.22,56.46,56.88,1047000,VNM
2023-10-31 07:00:00,57.13,58.48,56.88,57.22,2183600,VNM
2023-11-01 07:00:00,58.06,59.32,57.13,59.24,2337200,VNM
2023-11-02 07:00:00,59.32,59.66,58.73,59.66,2390200,VNM
2023-11-03 07:00:00,59.66,59.66,58.73,58.9,1692700,VNM
2023-11-06 07:00:00,59.07,60.16,58.98,59.74,1136800,VNM
2023-11-07 07:00:00,59.32,59.57,58.73,59.57,1474700,VNM
2023-11-08 07:00:00,59.57,60.16,58.73,60.08,2339600,VNM
2023-11-09 07:00:00,60.24,60.67,59.49,59.49,3420100,VNM
2023-11-10 07:00:00,59.57,59.57,58.56,58.56,2833100,VNM
2023-11-13 07:00:00,58.65,58.9,57.72,57.8,1730800,VNM
2023-11-14 07:00:00,58.06,58.39,57.38,57.97,2996000,VNM
2023-11-15 07:00:00,58.9,60.41,58.9,59.49,3949400,VNM
2023-11-16 07:00:00,59.4,59.99,58.82,59.15,2338200,VNM
2023-11-17 07:00:00,59.74,59.82,58.23,58.9,2335800,VNM
2023-11-20 07:00:00,58.23,58.82,58.06,58.31,1770000,VNM
2023-11-21 07:00:00,58.39,58.73,57.97,58.48,2959800,VNM
2023-11-22 07:00:00,58.48,59.07,58.06,58.39,1302200,VNM
2023-11-23 07:00:00,58.73,58.82,57.8,57.8,1623100,VNM
2023-11-24 07:00:00,57.72,57.97,56.88,57.47,3128900,VNM
2023-11-27 07:00:00,57.47,57.55,57.13,57.3,1333300,VNM
2023-11-28 07:00:00,57.3,57.64,56.8,57.64,1775600,VNM
2023-11-29 07:00:00,57.64,57.89,57.38,57.55,1262500,VNM
2023-11-30 07:00:00,57.55,57.8,56.71,56.71,2581600,VNM
2023-12-01 07:00:00,57.22,57.64,56.96,57.55,1391800,VNM
2023-12-04 07:00:00,57.64,58.48,57.55,57.89,3006800,VNM
2023-12-05 07:00:00,57.89,58.06,57.22,57.3,2302100,VNM
2023-12-06 07:00:00,57.3,57.72,57.3,57.64,1606600,VNM
2023-12-07 07:00:00,57.89,57.89,56.8,57.55,3874400,VNM
2023-12-08 07:00:00,57.55,58.31,57.22,58.06,3729400,VNM
2023-12-11 07:00:00,59.32,59.32,58.82,58.9,4734500,VNM
2023-12-12 07:00:00,58.9,58.98,58.06,58.39,2788700,VNM
2023-12-13 07:00:00,58.56,58.65,57.3,57.38,4511000,VNM
2023-12-14 07:00:00,57.55,57.97,57.38,57.55,1462000,VNM
2023-12-15 07:00:00,57.64,57.72,57.3,57.3,3739700,VNM
2023-12-18 07:00:00,57.3,57.38,56.38,56.38,3513100,VNM
2023-12-19 07:00:00,56.46,56.71,55.79,56.38,3061900,VNM
2023-12-20 07:00:00,56.38,57.38,56.38,57.3,2603900,VNM
2023-12-21 07:00:00,57.13,57.47,57.05,57.05,2585900,VNM
2023-12-22 07:00:00,57.05,57.3,56.8,56.88,2145700,VNM
2023-12-25 07:00:00,56.88,57.8,56.88,57.13,2672700,VNM
2023-12-26 07:00:00,57.47,57.64,57.22,57.22,1975400,VNM
2023-12-27 07:00:00,57.64,57.81,57.22,57.22,1626400,VNM
2023-12-28 07:00:00,57.22,58.06,57.22,58.06,2408700,VNM
2023-12-29 07:00:00,58.23,58.23,57.3,57.3,1954700,VNM
2024-01-02 07:00:00,57.81,58.06,57.56,57.89,2142800,VNM
2024-01-03 07:00:00,57.98,58.49,57.64,58.49,1889800,VNM
2024-01-04 07:00:00,58.57,58.91,58.49,58.49,3401500,VNM
2024-01-05 07:00:00,58.74,58.74,58.06,58.32,1475700,VNM
2024-01-08 07:00:00,58.49,58.57,57.81,57.81,2396400,VNM
2024-01-09 07:00:00,57.81,58.06,57.64,57.72,2460400,VNM
2024-01-10 07:00:00,57.72,57.72,57.13,57.22,3006600,VNM
2024-01-11 07:00:00,57.22,58.06,57.22,57.56,2083900,VNM
2024-01-12 07:00:00,57.3,57.56,56.79,56.96,3283000,VNM
2024-01-15 07:00:00,56.96,57.22,56.79,56.79,2226700,VNM
2024-01-16 07:00:00,56.79,57.13,56.54,57.13,2072400,VNM
2024-01-17 07:00:00,57.22,57.56,56.79,56.88,1826400,VNM
2024-01-18 07:00:00,57.05,57.47,57.05,57.13,1228400,VNM
2024-01-19 07:00:00,57.13,58.15,57.13,57.64,2619900,VNM
2024-01-22 07:00:00,57.64,58.23,57.64,57.89,1959800,VNM
2024-01-23 07:00:00,57.89,57.89,57.3,57.39,2112000,VNM
2024-01-24 07:00:00,57.47,57.64,56.96,57.05,2083500,VNM
2024-01-25 07:00:00,57.13,57.22,56.71,56.71,2660500,VNM
2024-01-26 07:00:00,56.79,57.22,56.79,56.79,1675800,VNM
2024-01-29 07:00:00,56.88,57.05,56.71,56.79,1732800,VNM
2024-01-30 07:00:00,57.05,57.05,56.71,56.71,1790400,VNM
2024-01-31 07:00:00,56.96,57.81,56.71,56.79,4020100,VNM
2024-02-01 07:00:00,56.96,57.47,56.96,57.22,2499300,VNM
2024-02-02 07:00:00,57.22,57.39,56.79,57.13,2611300,VNM
2024-02-05 07:00:00,57.13,57.81,56.96,57.64,3565900,VNM
2024-02-06 07:00:00,57.72,57.81,57.3,57.3,2392800,VNM
2024-02-07 07:00:00,57.3,57.56,56.96,57.3,2736300,VNM
2024-02-15 07:00:00,57.3,57.64,56.96,57.3,3876600,VNM
2024-02-16 07:00:00,57.47,59.59,57.22,59.34,11114600,VNM
2024-02-19 07:00:00,60.1,61.54,59.93,60.95,6652800,VNM
2024-02-20 07:00:00,60.78,61.37,60.44,60.61,4385700,VNM
2024-02-21 07:00:00,60.61,60.95,60.18,60.44,3590200,VNM
2024-02-22 07:00:00,60.44,61.62,60.27,60.69,4648100,VNM
2024-02-23 07:00:00,60.86,61.62,60.18,60.18,6142500,VNM
2024-02-26 07:00:00,60.18,60.78,59.93,60.18,3048400,VNM
2024-02-27 07:00:00,60.35,61.37,60.27,61.03,5282500,VNM
2024-02-28 07:00:00,61.37,61.54,60.61,61.2,3419000,VNM
2024-02-29 07:00:00,61.54,62.13,60.69,61.03,6539800,VNM
2024-03-01 07:00:00,61.12,61.12,60.35,60.61,4397700,VNM
2024-03-04 07:00:00,60.86,61.62,60.69,61.03,5014600,VNM
2024-03-05 07:00:00,61.03,61.88,60.78,61.88,5440900,VNM
2024-03-06 07:00:00,62.13,62.3,60.86,60.86,4833900,VNM
2024-03-07 07:00:00,60.78,61.12,60.44,61.03,5067600,VNM
2024-03-08 07:00:00,61.12,61.79,59.34,59.34,7361000,VNM
2024-03-11 07:00:00,59.76,60.44,59.34,59.59,4208400,VNM
2024-03-12 07:00:00,59.67,59.84,59.34,59.34,3844000,VNM
2024-03-13 07:00:00,59.42,60.1,59.34,60.01,5646500,VNM
2024-03-14 07:00:00,60.18,60.44,59.59,59.76,5445400,VNM
2024-03-15 07:00:00,60.19,60.19,58.99,59.07,4851100,VNM
2024-03-18 07:00:00,59.07,59.33,58.04,58.3,6796400,VNM
2024-03-19 07:00:00,58.82,58.82,58.21,58.21,3164500,VNM
2024-03-20 07:00:00,58.21,58.9,57.96,58.38,3546900,VNM
2024-03-21 07:00:00,58.56,58.82,58.3,58.73,4701700,VNM
2024-03-22 07:00:00,58.9,58.99,58.21,58.21,6066700,VNM
2024-03-25 07:00:00,58.3,58.56,57.61,57.78,5450700,VNM
2024-03-26 07:00:00,57.87,58.3,57.78,58.13,2504200,VNM
2024-03-27 07:00:00,58.38,58.38,57.96,58.13,2637700,VNM
2024-03-28 07:00:00,58.13,58.73,58.04,58.13,4470700,VNM
2024-03-29 07:00:00,58.73,58.73,57.96,58.04,3484600,VNM
2024-04-01 07:00:00,58.04,58.13,57.53,57.53,4988000,VNM
2024-04-02 07:00:00,57.53,57.87,57.27,57.78,4322900,VNM
2024-04-03 07:00:00,57.78,57.78,57.27,57.27,5046100,VNM
2024-04-04 07:00:00,57.27,58.73,57.27,58.56,7472800,VNM
2024-04-05 07:00:00,58.56,58.56,58.13,58.3,4233800,VNM
2024-04-08 07:00:00,58.38,58.38,57.44,57.53,3666000,VNM
2024-04-09 07:00:00,57.61,57.78,57.36,57.53,2516000,VNM
2024-04-10 07:00:00,57.61,57.78,57.36,57.36,2765500,VNM
2024-04-11 07:00:00,57.27,57.44,57.1,57.18,2947700,VNM
2024-04-12 07:00:00,57.36,57.61,57.18,57.27,2509200,VNM
2024-04-15 07:00:00,57.27,57.27,55.72,55.72,5756100,VNM
2024-04-16 07:00:00,55.72,55.81,54.09,54.95,7128700,VNM
2024-04-17 07:00:00,55.29,55.72,55.12,55.12,4589800,VNM
2024-04-19 07:00:00,55.12,55.29,54.35,55.12,4516100,VNM
2024-04-22 07:00:00,55.55,56.07,54.95,54.95,2035200,VNM
2024-04-23 07:00:00,55.12,55.21,54.26,54.52,2014400,VNM
2024-04-24 07:00:00,54.95,55.21,54.52,54.95,2401300,VNM
2024-04-25 07:00:00,54.95,55.64,54.86,55.55,1916000,VNM
2024-04-26 07:00:00,55.55,56.5,55.38,55.81,2940600,VNM
2024-05-02 07:00:00,56.15,56.24,55.72,56.15,2563400,VNM
2024-05-03 07:00:00,56.32,56.67,56.24,56.32,1966400,VNM
2024-05-06 07:00:00,56.5,57.01,56.24,56.5,2261300,VNM
2024-05-07 07:00:00,56.67,58.82,56.58,58.38,8485900,VNM
2024-05-08 07:00:00,58.38,58.38,57.61,58.3,2964400,VNM
2024-05-09 07:00:00,58.3,58.3,57.18,57.18,2998000,VNM
2024-05-10 07:00:00,57.27,57.96,56.75,57.1,2418100,VNM
2024-05-13 07:00:00,57.18,57.36,56.15,56.5,2732500,VNM
2024-05-14 07:00:00,56.58,57.53,56.58,57.1,2433100,VNM
2024-05-15 07:00:00,57.44,57.78,57.27,57.53,3234900,VNM
2024-05-16 07:00:00,57.61,58.13,57.53,57.7,2911400,VNM
2024-05-17 07:00:00,57.78,58.21,57.36,57.53,4169000,VNM
2024-05-20 07:00:00,57.61,58.04,57.01,57.01,4920600,VNM
2024-05-21 07:00:00,57.01,57.18,56.5,56.84,3799500,VNM
2024-05-22 07:00:00,57.01,57.27,56.5,56.5,3618300,VNM
2024-05-23 07:00:00,56.67,57.53,56.5,57.53,2991400,VNM
2024-05-24 07:00:00,57.27,57.44,56.41,56.67,4104100,VNM
2024-05-27 07:00:00,56.75,57.18,56.5,56.75,2336600,VNM
2024-05-28 07:00:00,56.93,57.78,56.75,57.36,5347500,VNM
2024-05-29 07:00:00,57.53,57.78,56.67,56.93,3357900,VNM
2024-05-30 07:00:00,56.75,56.84,56.24,56.41,4412600,VNM
2024-05-31 07:00:00,56.58,56.58,56.07,56.15,4143400,VNM
2024-06-03 07:00:00,56.5,57.18,56.41,56.75,3190500,VNM
2024-06-04 07:00:00,56.75,57.18,56.67,56.67,2445200,VNM
2024-06-05 07:00:00,56.84,59.42,56.84,58.82,11865800,VNM
2024-06-06 07:00:00,59.24,59.24,57.7,57.7,4887800,VNM
2024-06-07 07:00:00,58.04,58.9,57.96,58.21,4127600,VNM
2024-06-10 07:00:00,58.73,58.82,57.7,57.7,4564100,VNM
2024-06-11 07:00:00,57.87,57.96,57.01,57.1,6177100,VNM
2024-06-12 07:00:00,57.1,57.78,56.93,57.53,3425100,VNM
2024-06-13 07:00:00,57.53,57.87,57.36,57.44,2803600,VNM
2024-06-14 07:00:00,57.53,57.78,56.84,56.84,4124200,VNM
2024-06-17 07:00:00,56.93,57.18,56.67,56.67,3617600,VNM
2024-06-18 07:00:00,57.1,57.1,56.58,56.58,2751700,VNM
2024-06-19 07:00:00,56.67,56.67,55.9,56.07,6155000,VNM
2024-06-20 07:00:00,56.15,57.36,55.98,56.67,4397100,VNM
2024-06-21 07:00:00,57.1,57.61,56.67,56.67,3967700,VNM
2024-06-24 07:00:00,56.75,57.18,56.07,56.24,3847700,VNM
2024-06-25 07:00:00,56.5,56.84,56.24,56.24,2433600,VNM
2024-06-26 07:00:00,56.5,56.5,55.9,55.98,2485100,VNM
2024-06-27 07:00:00,55.98,56.32,55.9,56.07,2708400,VNM
2024-06-28 07:00:00,56.24,56.67,56.07,56.24,2731700,VNM
2024-07-01 07:00:00,56.5,56.67,56.07,56.67,1909300,VNM
2024-07-02 07:00:00,56.67,56.93,56.5,56.84,2042800,VNM
2024-07-03 07:00:00,56.84,56.93,56.67,56.84,1332600,VNM
2024-07-04 07:00:00,56.93,57.44,56.93,57.01,2688900,VNM
2024-07-05 07:00:00,57.01,57.96,57.01,57.7,4180100,VNM
2024-07-08 07:00:00,57.78,58.13,57.53,58.04,4942400,VNM
2024-07-09 07:00:00,58.04,58.21,57.7,57.96,5045200,VNM
2024-07-10 07:00:00,57.96,58.21,57.36,57.36,3881700,VNM
2024-07-11 07:00:00,57.44,57.53,56.93,56.93,3787100,VNM
2024-07-12 07:00:00,57.01,57.18,56.75,56.93,2079900,VNM
2024-07-15 07:00:00,56.93,57.44,56.84,56.84,2155300,VNM
2024-07-16 07:00:00,57.01,57.27,56.75,56.75,2243700,VNM
2024-07-17 07:00:00,56.84,57.1,56.32,56.41,3464800,VNM
2024-07-18 07:00:00,56.67,56.67,56.24,56.58,2283000,VNM
2024-07-19 07:00:00,56.58,56.58,55.9,56.07,3392700,VNM
2024-07-22 07:00:00,56.07,56.67,55.98,56.15,2654800,VNM
2024-07-23 07:00:00,56.32,56.93,56.24,56.58,3777800,VNM
2024-07-24 07:00:00,56.5,56.75,56.32,56.32,3613500,VNM
2024-07-25 07:00:00,56.32,56.41,56.07,56.32,1957600,VNM
2024-07-26 07:00:00,56.15,56.84,56.15,56.5,2975400,VNM
2024-07-29 07:00:00,56.84,58.04,56.58,57.7,5781800,VNM
2024-07-30 07:00:00,57.78,58.73,57.44,58.13,6375600,VNM
2024-07-31 07:00:00,58.82,61.82,58.82,61.48,21144900,VNM
2024-08-01 07:00:00,61.65,61.73,60.19,60.36,8865800,VNM
2024-08-02 07:00:00,60.1,61.73,60.1,61.39,10290200,VNM
2024-08-05 07:00:00,60.96,61.13,58.82,59.59,12155500,VNM
2024-08-06 07:00:00,60.36,62.94,60.1,62.42,13496200,VNM
2024-08-07 07:00:00,62.85,63.36,62.16,63.36,10700700,VNM
2024-08-08 07:00:00,63.45,63.88,61.99,62.42,5811000,VNM
2024-08-09 07:00:00,62.51,63.02,62.25,62.94,4527500,VNM
2024-08-12 07:00:00,62.94,63.88,62.51,62.68,5804000,VNM
2024-08-13 07:00:00,62.51,63.88,62.42,63.36,6734400,VNM
2024-08-14 07:00:00,63.54,63.62,62.94,63.54,5456200,VNM
2024-08-15 07:00:00,63.54,64.05,63.28,63.36,4255800,VNM
2024-08-16 07:00:00,63.54,63.62,62.85,63.36,7392900,VNM
2024-08-19 07:00:00,63.54,65.25,63.36,65.25,7917900,VNM
2024-08-20 07:00:00,65.25,65.43,64.65,64.91,4177300,VNM
2024-08-21 07:00:00,64.57,65.34,64.48,64.65,3991000,VNM
2024-08-22 07:00:00,65.25,65.25,63.19,63.71,6025900,VNM
2024-08-23 07:00:00,64.31,64.91,63.88,64.31,3307600,VNM
2024-08-26 07:00:00,64.31,64.4,62.94,63.02,6324800,VNM
2024-08-27 07:00:00,63.02,63.36,62.34,63.11,4265800,VNM
2024-08-28 07:00:00,63.19,63.54,62.85,63.45,3352800,VNM
2024-08-29 07:00:00,63.28,63.54,63.02,63.11,2042900,VNM
2024-08-30 07:00:00,63.19,64.22,63.02,63.45,3675800,VNM
2024-09-04 07:00:00,62.94,63.97,62.76,63.8,2839100,VNM
2024-09-05 07:00:00,63.8,64.74,63.62,64.14,5857500,VNM
2024-09-06 07:00:00,64.31,64.82,64.22,64.74,3641800,VNM
2024-09-09 07:00:00,64.48,64.48,63.71,64.22,2638800,VNM
2024-09-10 07:00:00,64.22,64.82,63.8,64.31,3332400,VNM
2024-09-11 07:00:00,64.22,64.48,63.45,64.05,3165200,VNM
2024-09-12 07:00:00,64.4,64.57,63.88,64.14,2052100,VNM
2024-09-13 07:00:00,64.22,64.22,62.59,62.59,5347100,VNM
2024-09-16 07:00:00,62.68,62.68,61.73,61.73,4034700,VNM
2024-09-17 07:00:00,61.82,63.02,61.56,63.02,2390300,VNM
2024-09-18 07:00:00,63.19,63.45,62.68,62.94,2845300,VNM
2024-09-19 07:00:00,62.94,63.11,62.68,62.94,1572700,VNM
2024-09-20 07:00:00,63.11,63.54,62.42,62.42,5232400,VNM
2024-09-23 07:00:00,62.76,62.85,62.34,62.59,2930300,VNM
2024-09-24 07:00:00,63.04,63.04,62.24,62.42,2076500,VNM
2024-09-25 07:00:00,62.42,62.5,61.79,61.79,4520500,VNM
2024-09-26 07:00:00,61.79,63.12,61.79,62.77,3984100,VNM
2024-09-27 07:00:00,62.86,63.21,62.77,63.04,2968700,VNM
2024-09-30 07:00:00,63.04,63.04,62.24,62.24,2043500,VNM
2024-10-01 07:00:00,62.33,62.77,62.24,62.24,2040200,VNM
2024-10-02 07:00:00,62.33,62.33,61.79,62.24,2139900,VNM
2024-10-03 07:00:00,62.33,62.59,62.06,62.42,2948000,VNM
2024-10-04 07:00:00,62.59,62.59,60.73,60.82,6134000,VNM
2024-10-07 07:00:00,60.99,61.53,59.57,59.57,5986300,VNM
2024-10-08 07:00:00,59.66,60.55,59.66,60.55,2887600,VNM
2024-10-09 07:00:00,60.64,60.91,60.2,60.2,3527900,VNM
2024-10-10 07:00:00,60.64,61.08,60.11,60.11,2622600,VNM
2024-10-11 07:00:00,60.46,60.55,59.93,60.11,2370000,VNM
2024-10-14 07:00:00,60.46,60.46,59.57,59.66,2820500,VNM
2024-10-15 07:00:00,59.66,59.84,59.22,59.31,3073300,VNM
2024-10-16 07:00:00,59.31,60.46,59.31,59.93,2003900,VNM
2024-10-17 07:00:00,60.02,60.28,59.75,60.02,1655000,VNM
2024-10-18 07:00:00,60.02,60.37,59.84,59.84,1597500,VNM
2024-10-21 07:00:00,59.84,60.28,59.66,59.75,1860000,VNM
2024-10-22 07:00:00,59.75,60.2,59.66,59.75,2250400,VNM
2024-10-23 07:00:00,59.75,60.02,59.66,59.75,1635900,VNM
2024-10-24 07:00:00,59.75,61.26,59.75,60.73,4365000,VNM
2024-10-25 07:00:00,60.91,60.91,60.28,60.37,2170200,VNM
2024-10-28 07:00:00,60.11,60.37,59.22,59.66,2923300,VNM
2024-10-29 07:00:00,59.75,59.75,59.31,59.48,2030600,VNM
2024-10-30 07:00:00,59.48,59.75,58.86,58.86,3431700,VNM
2024-10-31 07:00:00,59.13,59.13,57.98,58.69,5170700,VNM
2024-11-01 07:00:00,58.69,58.86,58.24,58.42,2178000,VNM
2024-11-04 07:00:00,58.51,59.13,58.24,58.24,2118800,VNM
2024-11-05 07:00:00,58.33,58.6,58.15,58.15,1060900,VNM
2024-11-06 07:00:00,58.6,58.6,57.98,58.42,2594600,VNM
2024-11-07 07:00:00,58.6,58.78,58.24,58.51,1152300,VNM
2024-11-08 07:00:00,58.6,58.78,58.24,58.33,1592400,VNM
2024-11-11 07:00:00,58.33,58.42,57.44,57.89,2737600,VNM
2024-11-12 07:00:00,57.89,58.33,57.53,57.62,1729600,VNM
2024-11-13 07:00:00,57.8,58.24,57.44,57.71,2770700,VNM
2024-11-14 07:00:00,57.71,57.71,57.44,57.71,1779900,VNM
2024-11-15 07:00:00,57.62,57.62,56.56,56.56,3688300,VNM
2024-11-18 07:00:00,56.56,57.0,56.11,56.11,3747000,VNM
2024-11-19 07:00:00,56.2,56.38,55.93,55.93,2733600,VNM
2024-11-20 07:00:00,55.93,56.64,55.84,56.47,2818000,VNM
2024-11-21 07:00:00,56.56,56.91,56.29,56.73,2253500,VNM
2024-11-22 07:00:00,56.73,57.53,56.73,57.09,2176700,VNM
2024-11-25 07:00:00,57.09,57.35,57.0,57.09,2446600,VNM
2024-11-26 07:00:00,57.27,57.71,57.18,57.53,1675600,VNM
2024-11-27 07:00:00,57.53,57.71,57.27,57.35,1586400,VNM
2024-11-28 07:00:00,57.71,57.71,57.27,57.27,1273300,VNM
2024-11-29 07:00:00,57.27,57.53,57.09,57.35,1105500,VNM
2024-12-02 07:00:00,57.35,57.53,57.0,57.27,1229100,VNM
2024-12-03 07:00:00,57.35,57.35,56.73,56.73,2425200,VNM
2024-12-04 07:00:00,56.64,56.73,56.2,56.2,2745800,VNM
2024-12-05 07:00:00,56.38,57.44,56.11,57.09,2218400,VNM
2024-12-06 07:00:00,57.27,57.53,56.91,56.91,1677900,VNM
2024-12-09 07:00:00,57.27,57.27,56.82,56.91,1762700,VNM
2024-12-10 07:00:00,56.91,57.18,56.73,56.73,1711000,VNM
2024-12-11 07:00:00,56.73,57.35,56.73,57.0,2024600,VNM
2024-12-12 07:00:00,57.0,57.62,57.0,57.35,2249800,VNM
2024-12-13 07:00:00,57.09,57.27,56.91,57.0,1396700,VNM
2024-12-16 07:00:00,57.0,57.89,57.0,57.71,2387600,VNM
2024-12-17 07:00:00,57.62,57.71,57.27,57.35,1204000,VNM
2024-12-18 07:00:00,57.71,57.8,57.44,57.44,1614100,VNM
2024-12-19 07:00:00,57.18,57.27,56.73,56.73,2626900,VNM
2024-12-20 07:00:00,56.82,57.71,56.82,57.71,3799600,VNM
2024-12-23 07:00:00,57.44,57.71,57.09,57.18,1347800,VNM
2024-12-24 07:00:00,57.18,57.44,56.91,57.09,1287000,VNM
2024-12-25 07:00:00,57.18,57.62,57.18,57.18,1302500,VNM
2024-12-26 07:00:00,57.44,57.44,57.09,57.09,1708800,VNM
2024-12-27 07:00:00,57.18,57.36,57.0,57.09,2443700,VNM
2024-12-30 07:00:00,56.91,57.0,56.64,56.64,1490800,VNM
2024-12-31 07:00:00,56.73,57.09,56.64,56.73,1641900,VNM
2025-01-02 07:00:00,56.91,57.09,56.46,56.46,1336600,VNM
2025-01-03 07:00:00,56.55,56.64,56.28,56.37,1776700,VNM
2025-01-06 07:00:00,56.37,56.55,55.92,55.92,2103500,VNM
2025-01-07 07:00:00,56.01,56.37,55.12,55.21,2802100,VNM
2025-01-08 07:00:00,55.48,55.57,54.76,55.21,2053300,VNM
2025-01-09 07:00:00,55.3,55.39,54.85,55.3,1500000,VNM
2025-01-10 07:00:00,55.21,55.39,54.85,54.85,1189800,VNM
2025-01-13 07:00:00,54.76,55.39,54.67,54.94,1101700,VNM
2025-01-14 07:00:00,54.94,55.3,54.85,55.12,1147600,VNM
2025-01-15 07:00:00,55.57,55.74,55.21,55.21,1216400,VNM
2025-01-16 07:00:00,55.74,56.01,55.21,55.39,1684500,VNM
2025-01-17 07:00:00,55.66,55.66,55.48,55.48,889400,VNM
2025-01-20 07:00:00,55.48,55.66,55.12,55.39,1633600,VNM
2025-01-21 07:00:00,55.48,55.57,55.12,55.3,1403900,VNM
2025-01-22 07:00:00,55.48,55.48,55.12,55.12,1760900,VNM
2025-01-23 07:00:00,55.12,55.74,55.12,55.48,1781300,VNM
2025-01-24 07:00:00,55.39,55.92,55.3,55.66,1576400,VNM
2025-02-03 07:00:00,55.66,55.66,54.14,54.14,7279900,VNM
2025-02-04 07:00:00,54.22,54.49,53.69,53.87,7125000,VNM
2025-02-05 07:00:00,54.04,55.03,54.04,55.03,3198100,VNM
2025-02-06 07:00:00,55.03,55.12,54.14,54.31,3024800,VNM
2025-02-07 07:00:00,54.31,54.76,54.22,54.4,2552300,VNM
2025-02-10 07:00:00,54.76,54.76,54.22,54.22,2592100,VNM
2025-02-11 07:00:00,54.22,54.31,53.78,54.04,3433800,VNM
2025-02-12 07:00:00,54.22,54.58,54.14,54.58,2756600,VNM
2025-02-13 07:00:00,54.58,54.58,54.04,54.31,2576800,VNM
2025-02-14 07:00:00,54.31,54.31,53.96,53.96,6401800,VNM
2025-02-17 07:00:00,54.04,54.22,53.69,53.69,3612400,VNM
2025-02-18 07:00:00,54.04,54.14,53.69,53.96,2436800,VNM
2025-02-19 07:00:00,53.96,54.49,53.96,54.4,3072700,VNM
2025-02-20 07:00:00,54.49,54.49,54.22,54.31,2627900,VNM
2025-02-21 07:00:00,54.4,55.57,54.22,54.94,4717200,VNM
2025-02-24 07:00:00,55.12,57.18,55.12,57.09,11512800,VNM
2025-02-25 07:00:00,57.27,57.27,56.01,56.28,3884200,VNM
2025-02-26 07:00:00,56.37,56.73,56.28,56.46,3636600,VNM
2025-02-27 07:00:00,56.55,56.55,55.66,55.66,3520600,VNM
2025-02-28 07:00:00,55.74,56.55,55.66,55.66,4175600,VNM
2025-03-03 07:00:00,56.19,56.55,55.74,56.55,3610600,VNM
2025-03-04 07:00:00,56.55,57.09,56.28,56.82,6042000,VNM
2025-03-05 07:00:00,56.91,56.91,56.1,56.1,2275500,VNM
2025-03-06 07:00:00,56.1,56.28,55.66,56.28,3125600,VNM
2025-03-07 07:00:00,56.28,56.37,55.84,56.1,2655600,VNM
2025-03-10 07:00:00,56.37,56.37,55.92,55.92,2529500,VNM
2025-03-11 07:00:00,55.74,55.92,55.57,55.84,2287600,VNM
2025-03-12 07:00:00,55.92,56.19,55.66,55.66,2755400,VNM
2025-03-13 07:00:00,55.74,56.28,55.39,55.48,5100400,VNM
2025-03-14 07:00:00,55.84,56.1,55.57,55.57,2696700,VNM
2025-03-17 07:00:00,55.84,56.73,55.84,56.37,4062100,VNM
2025-03-18 07:00:00,56.46,56.46,55.92,55.92,3281900,VNM
2025-03-19 07:00:00,56.1,56.19,55.39,55.74,3038400,VNM
2025-03-20 07:00:00,55.66,55.66,54.85,55.3,3888200,VNM
2025-03-21 07:00:00,55.3,55.3,54.76,54.85,3325900,VNM
2025-03-24 07:00:00,54.94,55.48,54.67,54.94,2488900,VNM
2025-03-25 07:00:00,55.21,55.21,54.76,54.94,2323000,VNM
2025-03-26 07:00:00,55.03,55.39,54.76,54.76,1846000,VNM
2025-03-27 07:00:00,54.76,55.03,54.67,54.67,2230500,VNM
2025-03-28 07:00:00,54.58,54.67,53.87,53.96,5430100,VNM
2025-03-31 07:00:00,54.4,55.12,54.22,54.22,5301500,VNM
2025-04-01 07:00:00,54.76,54.76,53.96,54.4,3129300,VNM
2025-04-02 07:00:00,54.31,54.94,54.14,54.14,4684400,VNM
2025-04-03 07:00:00,53.24,53.33,50.38,50.56,16938200,VNM
2025-04-04 07:00:00,48.32,52.61,48.14,52.34,9776600,VNM
2025-04-08 07:00:00,50.73,50.91,48.77,48.77,13324100,VNM
2025-04-09 07:00:00,45.99,49.39,45.99,46.53,9882600,VNM
2025-04-10 07:00:00,49.75,49.75,49.75,49.75,1514300,VNM
2025-04-11 07:00:00,49.75,52.26,49.75,51.45,9164400,VNM
2025-04-14 07:00:00,51.81,51.81,50.56,50.91,5479700,VNM
2025-04-15 07:00:00,50.73,51.45,50.38,50.38,4163500,VNM
2025-04-16 07:00:00,50.47,51.18,50.11,50.11,3735600,VNM
2025-04-17 07:00:00,49.66,50.64,49.03,50.11,7219000,VNM
2025-04-18 07:00:00,50.73,51.27,50.64,50.64,3037200,VNM
2025-04-21 07:00:00,50.82,51.09,50.56,50.73,3021400,VNM
2025-04-22 07:00:00,50.64,50.64,48.23,50.11,6955000,VNM
2025-04-23 07:00:00,50.82,51.27,50.47,50.47,3586000,VNM
2025-04-24 07:00:00,50.56,50.82,50.29,50.38,1956400,VNM
2025-04-25 07:00:00,50.56,52.17,50.56,52.17,8119700,VNM
2025-04-28 07:00:00,52.17,52.17,51.45,51.45,2664700,VNM
2025-04-29 07:00:00,51.45,51.81,51.18,51.54,2556000,VNM
2025-05-05 07:00:00,51.45,51.54,50.91,50.91,4238300,VNM
2025-05-06 07:00:00,51.0,51.36,50.91,50.91,2502600,VNM
2025-05-07 07:00:00,50.91,51.63,50.91,51.18,2905500,VNM
2025-05-08 07:00:00,51.18,51.72,51.18,51.36,3262200,VNM
2025-05-09 07:00:00,51.63,52.43,51.63,51.63,3832400,VNM
2025-05-12 07:00:00,51.9,52.52,51.9,52.43,5863100,VNM
2025-05-13 07:00:00,52.7,52.79,52.17,52.34,4352200,VNM
2025-05-14 07:00:00,52.81,52.81,51.97,52.07,5034700,VNM
2025-05-15 07:00:00,52.07,52.81,52.07,52.62,4092100,VNM
2025-05-16 07:00:00,52.62,52.62,52.07,52.07,3198400,VNM
2025-05-19 07:00:00,52.07,52.81,51.88,51.88,2795600,VNM
2025-05-20 07:00:00,51.97,52.16,51.7,51.79,3224100,VNM
2025-05-21 07:00:00,51.88,51.88,51.33,51.33,4464400,VNM
2025-05-22 07:00:00,51.33,51.51,50.96,50.96,2665200,VNM
2025-05-23 07:00:00,51.14,51.42,51.05,51.23,1666700,VNM
2025-05-26 07:00:00,51.33,51.7,50.96,51.6,2729200,VNM
2025-05-27 07:00:00,51.79,51.88,51.23,51.33,3680800,VNM
2025-05-28 07:00:00,51.6,51.6,51.05,51.14,3901700,VNM
2025-05-29 07:00:00,51.42,51.42,51.05,51.05,2182300,VNM
2025-05-30 07:00:00,51.33,51.33,50.77,50.86,3273900,VNM
2025-06-02 07:00:00,50.86,51.14,50.49,50.58,2644100,VNM
2025-06-03 07:00:00,50.68,51.88,50.68,51.42,4311900,VNM
2025-06-04 07:00:00,51.7,53.55,51.42,52.72,8419300,VNM
2025-06-05 07:00:00,52.81,52.9,52.16,52.16,2794700,VNM
2025-06-06 07:00:00,52.25,52.25,51.05,51.23,4122400,VNM
2025-06-09 07:00:00,51.33,52.16,51.23,51.23,3035700,VNM
2025-06-10 07:00:00,51.42,51.97,51.05,51.23,2999200,VNM
2025-06-11 07:00:00,51.23,51.51,51.05,51.14,1720700,VNM
2025-06-12 07:00:00,51.51,52.07,51.42,51.79,3282700,VNM
2025-06-13 07:00:00,51.42,51.6,51.14,51.42,3545400,VNM
2025-06-16 07:00:00,51.33,52.44,51.33,52.16,4734300,VNM
2025-06-17 07:00:00,52.25,52.53,51.97,52.07,3406400,VNM
2025-06-18 07:00:00,52.16,52.62,51.88,51.88,4098100,VNM
2025-06-19 07:00:00,51.88,52.25,51.6,51.97,2628700,VNM
2025-06-20 07:00:00,52.16,52.53,51.79,52.44,4661400,VNM
2025-06-23 07:00:00,51.88,52.25,51.7,51.79,3022700,VNM
2025-06-24 07:00:00,52.07,52.34,51.97,52.25,2803800,VNM
2025-06-25 07:00:00,52.34,53.55,52.25,52.62,6268200,VNM
2025-06-26 07:00:00,52.62,52.81,52.16,52.25,3118900,VNM
2025-06-27 07:00:00,52.62,54.29,52.16,53.55,8895400,VNM
2025-06-30 07:00:00,53.83,54.38,53.64,53.74,4487800,VNM
2025-07-01 07:00:00,54.1,54.1,52.99,53.27,4013600,VNM
2025-07-02 07:00:00,53.36,53.74,53.09,53.46,3775700,VNM
2025-07-03 07:00:00,53.46,54.1,53.09,53.27,5293100,VNM
2025-07-04 07:00:00,53.27,53.64,53.09,53.55,2696200,VNM
2025-07-07 07:00:00,53.74,54.01,53.46,53.64,3762300,VNM
2025-07-08 07:00:00,53.74,54.85,53.64,54.66,7163100,VNM
2025-07-09 07:00:00,54.94,56.14,54.75,55.77,9636900,VNM
2025-07-10 07:00:00,56.05,56.14,55.31,55.31,5246100,VNM
2025-07-11 07:00:00,55.86,56.33,55.4,55.4,6233200,VNM
2025-07-14 07:00:00,55.59,56.33,54.94,55.86,6083200,VNM
2025-07-15 07:00:00,56.14,56.7,55.68,55.68,6553200,VNM
2025-07-16 07:00:00,55.59,55.77,55.22,55.68,4961100,VNM
2025-07-17 07:00:00,55.86,56.14,55.4,55.68,6357800,VNM
2025-07-18 07:00:00,55.68,56.61,55.59,55.77,5826800,VNM
2025-07-21 07:00:00,55.86,56.33,55.59,55.59,5503300,VNM
2025-07-22 07:00:00,55.59,55.77,55.12,55.77,4735100,VNM
2025-07-23 07:00:00,55.96,57.16,55.77,57.16,9228600,VNM
2025-07-24 07:00:00,57.53,59.29,57.53,59.02,13421100,VNM
2025-07-25 07:00:00,59.11,59.11,58.46,58.55,5124000,VNM
2025-07-28 07:00:00,58.64,59.2,58.37,58.64,8462700,VNM
2025-07-29 07:00:00,58.64,59.48,58.18,58.55,10714200,VNM
2025-07-30 07:00:00,58.37,58.83,58.18,58.27,6078500,VNM
2025-07-31 07:00:00,58.37,58.83,55.96,56.7,10570300,VNM
2025-08-01 07:00:00,56.88,56.88,55.59,55.59,5329800,VNM
2025-08-04 07:00:00,55.4,56.33,55.4,55.96,3746300,VNM
2025-08-05 07:00:00,56.05,56.98,55.59,55.68,9564600,VNM
2025-08-06 07:00:00,55.96,57.16,55.96,56.79,5377500,VNM
2025-08-07 07:00:00,57.35,57.44,56.33,56.42,4741600,VNM
2025-08-08 07:00:00,56.51,57.26,56.14,56.33,6503200,VNM
2025-08-11 07:00:00,56.51,57.53,56.42,56.98,5787800,VNM
2025-08-12 07:00:00,57.53,57.81,56.88,57.26,5207000,VNM
2025-08-13 07:00:00,57.44,57.53,56.33,56.61,6210800,VNM
2025-08-14 07:00:00,56.79,57.63,56.51,57.16,6534600,VNM
2025-08-15 07:00:00,57.44,57.63,56.51,56.51,5660400,VNM
2025-08-18 07:00:00,56.61,56.79,56.14,56.24,4775600,VNM
2025-08-19 07:00:00,56.33,56.7,55.96,56.05,5257700,VNM
2025-08-20 07:00:00,56.05,56.42,55.22,55.59,6338200,VNM
2025-08-21 07:00:00,55.68,56.42,55.22,55.68,5810000,VNM
2025-08-22 07:00:00,55.4,55.5,54.2,54.38,7201500,VNM
2025-08-25 07:00:00,54.57,55.22,54.38,54.38,3360400,VNM
2025-08-26 07:00:00,54.29,55.68,54.2,55.31,2990300,VNM
2025-08-27 07:00:00,55.31,56.7,55.12,56.05,4849200,VNM
2025-08-28 07:00:00,56.51,56.98,56.24,56.51,3661100,VNM
2025-08-29 07:00:00,56.79,56.79,55.86,55.86,4166400,VNM
2025-09-03 07:00:00,55.86,56.98,55.86,56.98,4767300,VNM
2025-09-04 07:00:00,57.16,57.9,56.98,57.26,4228100,VNM
2025-09-05 07:00:00,57.35,57.44,56.42,56.42,5355900,VNM
2025-09-08 07:00:00,56.42,57.35,56.14,56.14,6958800,VNM
2025-09-09 07:00:00,56.14,56.51,55.68,55.86,3516800,VNM
2025-09-10 07:00:00,56.05,56.14,55.31,55.4,3120100,VNM
2025-09-11 07:00:00,55.4,56.7,55.03,56.7,4998900,VNM
2025-09-12 07:00:00,56.79,58.83,56.51,58.55,13670300,VNM
2025-09-15 07:00:00,58.74,58.83,58.18,58.46,3527500,VNM
2025-09-16 07:00:00,58.83,60.59,58.55,59.94,12673100,VNM
2025-09-17 07:00:00,60.04,61.33,60.04,60.31,9865800,VNM
2025-09-18 07:00:00,60.31,60.5,58.83,58.92,5050800,VNM
2025-09-19 07:00:00,59.11,59.2,57.44,57.44,5300500,VNM
2025-09-22 07:00:00,57.53,58.18,56.88,56.88,5285200,VNM
2025-09-23 07:00:00,56.98,57.9,56.98,57.07,3425100,VNM
2025-09-24 07:00:00,57.35,57.44,56.51,57.44,3214500,VNM
2025-09-25 07:00:00,57.72,57.81,56.98,56.98,2752800,VNM
2025-09-26 07:00:00,56.98,57.26,56.61,56.61,2489900,VNM
2025-09-29 07:00:00,56.61,56.7,55.77,55.86,5130400,VNM
2025-09-30 07:00:00,55.96,56.33,55.59,55.59,3030200,VNM
2025-10-01 07:00:00,56.24,57.9,55.77,57.53,4526400,VNM
2025-10-02 07:00:00,57.9,58.0,56.7,56.7,3398700,VNM
2025-10-03 07:00:00,56.79,57.72,56.7,56.79,3998500,VNM
2025-10-06 07:00:00,58.09,58.09,57.26,57.81,4051900,VNM
2025-10-07 07:00:00,58.09,58.09,56.88,56.88,3715300,VNM
2025-10-08 07:00:00,57.72,58.83,57.16,58.74,5919700,VNM
2025-10-09 07:00:00,58.74,58.83,58.0,58.27,3297300,VNM
2025-10-10 07:00:00,58.74,58.74,57.81,57.81,4972200,VNM
2025-10-13 07:00:00,57.63,59.39,57.26,59.29,6305000,VNM
2025-10-14 07:00:00,59.66,59.66,58.64,58.83,5359800,VNM
2025-10-15 07:00:00,59.11,59.66,58.92,58.92,4645400,VNM
2025-10-16 07:00:00,58.92,59.31,58.34,59.31,5158400,VNM
2025-10-17 07:00:00,59.12,59.31,56.98,56.98,6041500,VNM
2025-10-20 07:00:00,57.08,57.57,53.3,53.3,8737700,VNM
2025-10-21 07:00:00,54.37,56.21,54.37,54.76,7068100,VNM
2025-10-22 07:00:00,55.34,55.53,53.98,54.56,3846700,VNM
2025-10-23 07:00:00,54.76,55.34,54.56,54.85,2327300,VNM
2025-10-24 07:00:00,55.14,56.31,54.37,56.31,3959900,VNM
2025-10-27 07:00:00,56.6,56.6,55.24,55.24,2998800,VNM
2025-10-28 07:00:00,55.43,55.63,55.05,55.63,2079100,VNM
2025-10-29 07:00:00,55.72,56.11,55.34,55.72,1973000,VNM
2025-10-30 07:00:00,56.02,56.11,55.24,55.34,1905200,VNM
2025-10-31 07:00:00,55.63,55.92,55.34,55.82,2641500,VNM
2025-11-03 07:00:00,55.92,56.5,55.53,55.53,2642700,VNM
2025-11-04 07:00:00,55.82,56.11,54.56,55.53,4175200,VNM
2025-11-05 07:00:00,55.53,56.69,55.34,56.21,3831600,VNM
2025-11-06 07:00:00,56.21,56.69,55.82,56.21,2241200,VNM
2025-11-07 07:00:00,55.82,56.6,55.72,55.82,3251100,VNM
2025-11-10 07:00:00,55.92,56.11,55.24,55.24,2675800,VNM
2025-11-11 07:00:00,55.24,57.18,55.24,57.08,5152700,VNM
2025-11-12 07:00:00,56.98,58.15,56.69,57.95,5161900,VNM
2025-11-13 07:00:00,57.95,60.09,57.86,59.89,9741800,VNM
2025-11-14 07:00:00,59.8,61.35,59.7,60.86,10146900,VNM
2025-11-17 07:00:00,60.96,61.35,59.89,60.18,4198400,VNM
2025-11-18 07:00:00,60.09,60.38,58.63,58.83,5559900,VNM
2025-11-19 07:00:00,58.83,59.99,58.63,59.02,4458500,VNM
2025-11-20 07:00:00,59.5,59.7,58.63,58.83,2656100,VNM
2025-11-21 07:00:00,58.44,58.83,57.86,58.05,4191100,VNM
2025-11-24 07:00:00,58.24,61.44,58.24,61.06,9900300,VNM
2025-11-25 07:00:00,61.06,61.25,59.99,59.99,4907900,VNM
2025-11-26 07:00:00,60.38,61.25,60.38,60.86,3651000,VNM
2025-11-27 07:00:00,61.06,61.44,60.09,60.09,3962300,VNM
2025-11-28 07:00:00,60.28,62.51,60.28,62.02,11898300,VNM
2025-12-01 07:00:00,62.32,63.86,62.32,62.9,9107300,VNM
2025-12-02 07:00:00,62.8,63.58,62.51,62.99,6764300,VNM
2025-12-03 07:00:00,63.09,63.19,62.02,62.6,5383600,VNM
2025-12-04 07:00:00,62.99,63.09,61.44,61.44,5918000,VNM
2025-12-05 07:00:00,61.64,62.51,61.44,61.44,3598900,VNM
2025-12-08 07:00:00,61.35,62.51,61.25,61.54,3322000,VNM
2025-12-09 07:00:00,61.54,62.12,60.57,60.57,5389200,VNM
2025-12-10 07:00:00,60.47,62.51,60.38,61.15,3470500,VNM
2025-12-11 07:00:00,61.06,61.54,59.6,59.6,4852300,VNM
2025-12-12 07:00:00,59.8,60.09,58.34,58.34,4396400,VNM
2025-12-15 07:00:00,58.44,60.67,58.44,60.09,4242600,VNM
2025-12-16 07:00:00,60.09,62.41,59.8,62.22,6863300,VNM
2025-12-17 07:00:00,62.12,62.12,60.96,60.96,2090400,VNM
2025-12-18 07:00:00,61.64,62.02,60.96,61.93,3065000,VNM
2025-12-19 07:00:00,61.73,62.02,61.06,62.02,2685700,VNM
2025-12-22 07:00:00,61.93,61.93,61.15,61.25,2650700,VNM
2025-12-23 07:00:00,61.54,62.12,60.38,60.67,4394700,VNM
2025-12-24 07:00:00,60.86,60.96,59.6,59.6,4870200,VNM
2025-12-25 07:00:00,59.7,60.38,59.41,59.41,2059600,VNM
2025-12-26 07:00:00,59.7,60.38,59.31,59.6,2399200,VNM
2025-12-29 07:00:00,59.6,60.28,59.5,60.18,1943000,VNM
2025-12-30 07:00:00,60.18,60.38,59.8,59.89,1581000,VNM
2025-12-31 07:00:00,59.99,60.09,59.31,59.31,1879600,VNM
2026-01-05 07:00:00,59.41,59.6,58.15,58.44,2814700,VNM
2026-01-06 07:00:00,58.63,59.02,58.44,58.92,2963300,VNM
2026-01-07 07:00:00,58.92,59.6,58.63,59.02,3228100,VNM
2026-01-08 07:00:00,59.21,61.44,59.21,60.28,5636400,VNM
2026-01-09 07:00:00,60.47,60.57,59.12,59.12,4184100,VNM
2026-01-12 07:00:00,59.21,60.76,59.21,60.76,4146300,VNM
2026-01-13 07:00:00,60.96,62.9,60.86,61.35,6761300,VNM
2026-01-14 07:00:00,61.64,65.61,61.44,65.61,24838300,VNM
2026-01-15 07:00:00,67.84,70.17,67.35,68.81,19260600,VNM
2026-01-16 07:00:00,68.9,70.75,66.97,67.45,13372500,VNM
2026-01-19 07:00:00,67.64,68.81,66.19,68.42,10385300,VNM
2026-01-20 07:00:00,69.29,73.17,68.9,71.13,21521900,VNM
2026-01-21 07:00:00,70.75,70.75,67.84,68.13,11234100,VNM
2026-01-22 07:00:00,68.9,70.55,67.84,68.71,8055200,VNM
2026-01-23 07:00:00,67.26,67.94,65.12,65.12,16050400,VNM
2026-01-26 07:00:00,65.32,67.16,65.32,66.77,8864800,VNM
2026-01-27 07:00:00,66.29,66.48,64.06,65.61,8357800,VNM
2026-01-28 07:00:00,65.61,67.35,65.12,65.61,9816800,VNM
2026-01-29 07:00:00,66.39,68.9,65.8,68.9,10036800,VNM
2026-01-30 07:00:00,69.29,70.26,68.32,68.42,7844800,VNM
2026-02-02 07:00:00,68.71,70.36,68.13,70.36,10777700,VNM
2026-02-03 07:00:00,70.65,71.33,69.1,69.39,7261000,VNM
2026-02-04 07:00:00,69.58,70.36,68.61,69.78,7672500,VNM
2026-02-05 07:00:00,69.68,69.97,66.97,66.97,8057000,VNM
2026-02-06 07:00:00,66.19,68.52,66.09,66.97,6695900,VNM
2026-02-09 07:00:00,67.26,68.23,67.16,67.45,2573300,VNM
2026-02-10 07:00:00,67.45,68.32,66.0,66.29,5090400,VNM
2026-02-11 07:00:00,66.29,67.74,66.29,66.97,2672900,VNM
2026-02-12 07:00:00,67.16,67.64,66.87,66.87,1951100,VNM
2026-02-13 07:00:00,66.87,67.64,66.48,67.35,3341400,VNM
2026-02-23 07:00:00,67.84,69.1,67.64,68.42,4211800,VNM
2026-02-24 07:00:00,68.42,69.1,68.03,68.03,3552500,VNM
2026-02-25 07:00:00,68.23,71.13,68.23,70.07,9804200,VNM
2026-02-26 07:00:00,69.0,69.2,67.45,68.42,14298200,VNM
2026-02-27 07:00:00,68.03,68.42,65.9,66.09,13371400,VNM
2026-03-02 07:00:00,64.83,67.64,64.45,64.54,12468700,VNM
2026-03-03 07:00:00,64.54,65.22,61.44,61.44,17815700,VNM
2026-03-04 07:00:00,61.44,62.9,60.09,62.9,13382500,VNM
2026-03-05 07:00:00,62.99,63.19,61.06,61.25,8165700,VNM
2026-03-06 07:00:00,61.06,61.06,60.28,60.47,6471800,VNM
2026-03-09 07:00:00,57.18,57.28,56.31,56.31,18046300,VNM
2026-03-10 07:00:00,58.15,60.18,57.66,60.18,10762100,VNM
2026-03-11 07:00:00,59.8,61.73,59.7,61.06,7507500,VNM
2026-03-12 07:00:00,60.09,60.76,59.41,59.7,6298800,VNM
2026-03-13 07:00:00,60.09,61.25,59.7,61.15,5388500,VNM
2026-03-16 07:00:00,60.67,60.96,59.8,59.89,2965000,VNM
2026-03-17 07:00:00,60.76,61.06,59.6,59.6,3816100,VNM
2026-03-18 07:00:00,59.89,60.76,59.7,59.8,2596400,VNM
2026-03-19 07:00:00,59.5,60.09,58.92,59.12,6400100,VNM
2026-03-20 07:00:00,59.12,59.6,58.15,58.15,5734800,VNM
2026-03-23 07:00:00,57.37,59.12,57.37,58.92,5908000,VNM
2026-03-24 07:00:00,59.89,59.89,59.02,59.31,2689900,VNM
2026-03-25 07:00:00,59.6,60.28,59.5,60.18,3445600,VNM
2026-03-26 07:00:00,60.18,60.18,59.12,59.12,2044000,VNM
2026-03-27 07:00:00,59.12,59.99,59.02,59.6,2137400,VNM
2026-03-30 07:00:00,58.73,59.6,58.34,58.73,4075600,VNM
2026-03-31 07:00:00,59.12,59.6,58.63,58.63,5323200,VNM
2026-04-01 07:00:00,59.41,60.28,59.12,59.41,5446200,VNM
2026-04-02 07:00:00,59.6,59.8,58.92,58.92,2855300,VNM
2026-04-03 07:00:00,59.12,59.8,58.15,58.15,3788600,VNM
2026-04-06 07:00:00,58.15,59.12,58.15,59.02,2587400,VNM
2026-04-07 07:00:00,59.02,59.31,58.44,59.12,1825200,VNM
2026-04-08 07:00:00,60.28,60.76,59.8,60.67,5568500,VNM
2026-04-09 07:00:00,59.89,60.18,59.5,59.89,2921000,VNM
2026-04-10 07:00:00,60.67,62.02,60.57,60.86,6158400,VNM
2026-04-13 07:00:00,60.47,60.86,60.28,60.86,3418300,VNM
2026-04-14 07:00:00,61.44,61.54,60.09,60.09,4247700,VNM
2026-04-15 07:00:00,60.18,60.67,59.31,59.41,4403200,VNM
2026-04-16 07:00:00,59.6,59.8,59.21,59.21,2272100,VNM
2026-04-17 07:00:00,59.41,60.76,59.41,59.41,3115500,VNM
2026-04-20 07:00:00,59.5,60.47,59.41,59.6,3251900,VNM
2026-04-21 07:00:00,59.99,60.76,59.6,59.7,5306600,VNM
2026-04-22 07:00:00,59.7,60.38,59.6,59.89,3939900,VNM
2026-04-23 07:00:00,60.09,60.57,59.12,60.09,4234100,VNM
2026-04-24 07:00:00,60.18,60.18,58.63,59.5,5855700,VNM
2026-04-28 07:00:00,59.31,59.41,58.63,59.31,3220800,VNM
2026-04-29 07:00:00,58.44,59.41,58.44,59.02,2407200,VNM
2026-05-04 07:00:00,59.21,59.7,58.83,59.02,1873800,VNM
2026-05-05 07:00:00,59.21,59.31,58.54,59.21,2751900,VNM
2026-05-06 07:00:00,59.31,59.8,58.83,59.6,2590900,VNM
2026-05-07 07:00:00,59.7,59.89,59.21,59.6,4751300,VNM
2026-05-08 07:00:00,59.89,59.89,59.02,59.02,2787000,VNM
2026-05-11 07:00:00,59.21,59.21,58.63,58.73,3875800,VNM
2026-05-12 07:00:00,58.73,58.83,58.05,58.24,4102800,VNM
2026-05-13 07:00:00,58.24,58.24,56.89,57.47,8534300,VNM
2026-05-14 07:00:00,57.47,58.24,57.47,58.24,3058300,VNM
2026-05-15 07:00:00,58.24,58.44,57.95,57.95,2010300,VNM
2026-05-18 07:00:00,57.66,58.83,57.66,58.63,4850600,VNM
2026-05-19 07:00:00,58.63,58.83,57.86,57.95,2739700,VNM
2026-05-20 07:00:00,57.95,58.05,56.79,57.28,5727600,VNM
2026-05-21 07:00:00,57.66,57.76,56.98,57.18,3271300,VNM
2026-05-22 07:00:00,57.28,57.86,56.89,57.66,6005000,VNM
2026-05-25 07:00:00,57.66,57.95,57.28,57.28,1587500,VNM
2026-05-26 07:00:00,57.28,57.57,57.18,57.28,1880800,VNM
2026-05-27 07:00:00,57.28,57.37,56.89,56.98,2976500,VNM
2026-05-28 07:00:00,57.18,57.95,57.18,57.18,3798600,VNM
2026-05-29 07:00:00,57.18,57.47,57.08,57.37,1960700,VNM
2026-06-01 07:00:00,57.37,57.47,56.98,57.28,2259500,VNM
2026-06-02 07:00:00,57.28,57.37,56.79,56.79,2961900,VNM
2026-06-03 07:00:00,56.79,56.98,56.31,56.5,3814300,VNM
2026-06-04 07:00:00,56.79,56.98,56.4,56.79,2126500,VNM
2026-06-05 07:00:00,56.98,57.08,56.5,56.6,1866100,VNM
2026-06-08 07:00:00,56.4,56.98,56.02,56.21,3179800,VNM
2026-06-09 07:00:00,56.31,56.69,56.21,56.5,1228000,VNM
2026-06-10 07:00:00,56.6,57.08,56.4,57.08,2353200,VNM
2026-06-11 07:00:00,56.98,57.76,56.69,57.37,1804500,VNM
2026-06-12 07:00:00,57.47,57.95,57.18,57.18,3489300,VNM
2026-06-15 07:00:00,57.47,57.95,57.47,57.86,2021700,VNM
2026-06-16 07:00:00,57.95,57.95,57.28,57.28,2029500,VNM
2026-06-17 07:00:00,57.28,57.86,57.18,57.18,2838900,VNM
2026-06-18 07:00:00,57.66,57.86,57.28,57.37,2482800,VNM
2026-06-19 07:00:00,57.37,57.57,57.08,57.18,3349900,VNM
2026-06-22 07:00:00,57.66,57.76,56.79,56.79,2997800,VNM
2026-06-23 07:00:00,56.89,57.18,56.6,56.6,2295600,VNM
2026-06-24 07:00:00,56.79,56.89,56.31,56.5,1532100,VNM
2026-06-25 07:00:00,56.69,56.79,56.4,56.5,1803300,VNM
2026-06-26 07:00:00,56.8,56.8,55.9,56.3,3173400,VNM
2026-06-29 07:00:00,56.5,56.5,56.0,56.1,1470900,VNM
2026-06-30 07:00:00,56.1,56.2,54.7,54.8,9320000,VNM
2026-07-01 07:00:00,55.0,55.5,54.8,55.2,2357300,VNM
2026-07-02 07:00:00,55.3,56.0,55.3,55.5,3669400,VNM
2026-07-03 07:00:00,55.5,55.7,54.7,54.9,4133600,VNM
2026-07-06 07:00:00,55.0,55.4,54.6,55.3,3211000,VNM
2026-07-07 07:00:00,55.2,55.3,54.9,55.1,1611400,VNM
2026-07-08 07:00:00,55.0,55.7,55.0,55.7,3705000,VNM
2026-07-09 07:00:00,55.6,55.9,55.4,55.7,2469400,VNM
2026-07-10 07:00:00,55.9,56.7,55.8,56.6,5573700,VNM
2026-07-13 07:00:00,56.6,56.6,55.3,55.4,1951400,VNM
2026-07-14 07:00:00,55.5,56.0,55.2,56.0,1755100,VNM
2026-07-15 07:00:00,56.0,56.4,55.5,56.2,2491200,VNM
2026-07-16 07:00:00,56.1,56.3,55.3,56.2,1991100,VNM
2026-07-17 07:00:00,56.3,59.4,56.2,59.0,12982500,VNM
2026-07-20 07:00:00,58.8,58.8,57.7,58.5,4583900,VNM
2026-07-21 07:00:00,58.1,58.8,58.1,58.4,3543700,VNM
2026-07-22 07:00:00,58.7,60.1,58.4,59.1,10506300,VNM
2026-07-23 07:00:00,59.1,59.1,56.9,57.8,4827500,VNM
2026-07-24 07:00:00,58.5,59.5,58.3,58.9,4176800,VNM
2026-07-27 07:00:00,59.2,59.8,57.9,57.9,3671400,VNM
2026-07-28 07:00:00,57.7,59.6,57.7,59.6,5256600,VNM
2026-07-29 07:00:00,59.9,61.0,59.4,60.0,6199800,VNM
2026-07-30 07:00:00,60.3,61.4,59.8,61.2,6944300,VNM
2026-07-31 07:00:00,61.2,61.3,60.1,60.9,4479800,VNM
2026-08-03 07:00:00,60.9,61.0,60.0,60.3,6377600,VNM
2026-08-04 07:00:00,60.4,60.4,59.0,59.5,5531900,VNM
2026-08-05 07:00:00,59.4,60.1,58.6,58.6,5288700,VNM
2026-08-06 07:00:00,58.7,59.6,58.6,59.0,3231300,VNM
2026-08-07 07:00:00,59.0,63.1,59.0,62.0,13239500,VNM
2026-08-10 07:00:00,61.6,62.7,61.6,62.1,3480200,VNM
2026-08-11 07:00:00,62.5,63.3,61.8,62.0,4475100,VNM
2026-08-12 07:00:00,61.9,62.5,61.4,61.8,2755600,VNM
2026-08-13 07:00:00,61.8,63.0,61.5,61.6,4257000,VNM
2026-08-14 07:00:00,61.6,62.6,61.0,61.6,3663300,VNM
2026-08-17 07:00:00,61.7,63.0,61.7,62.2,2965800,VNM
2026-08-18 07:00:00,62.2,62.6,61.8,62.1,1844100,VNM
2026-08-19 07:00:00,61.9,63.2,61.6,63.1,4664900,VNM
2026-08-20 07:00:00,63.1,64.3,62.7,64.0,6309900,VNM
2026-08-21 07:00:00,64.1,64.1,63.4,63.8,3581800,VNM
2026-08-24 07:00:00,64.0,64.4,63.2,63.2,3332500,VNM
2026-08-25 07:00:00,63.1,63.8,62.5,62.6,3343900,VNM
2026-08-26 07:00:00,62.7,63.5,62.4,62.8,2402700,VNM
2026-08-27 07:00:00,62.7,63.2,62.3,62.5,2651300,VNM
2026-08-28 07:00:00,62.9,63.0,62.3,62.3,2385900,VNM
2026-09-03 07:00:00,62.2,62.3,61.2,61.2,3947400,VNM
2026-09-04 07:00:00,61.4,62.1,61.2,61.9,1906600,VNM
2026-09-07 07:00:00,61.9,62.2,60.6,60.7,3004700,VNM
2026-09-08 07:00:00,60.7,61.1,60.4,61.0,1874400,VNM
2026-09-09 07:00:00,61.0,61.8,61.0,61.3,1620000,VNM
2026-09-10 07:00:00,61.3,61.9,61.1,61.6,1890400,VNM
2026-09-11 07:00:00,61.2,61.3,59.8,59.9,4047300,VNM
2026-09-14 07:00:00,59.7,60.1,58.6,59.3,3853000,VNM
2026-09-15 07:00:00,59.5,60.2,59.4,59.7,1835300,VNM
2026-09-16 07:00:00,59.8,60.3,59.6,59.6,1737400,VNM
2026-09-17 07:00:00,59.4,60.7,59.4,60.2,2437100,VNM
2026-09-18 07:00:00,60.4,61.2,60.3,61.2,4517300,VNM
2026-09-21 07:00:00,61.2,61.3,60.3,60.3,2522300,VNM
2026-09-22 07:00:00,60.4,61.3,60.3,61.2,1774600,VNM
2026-09-23 07:00:00,61.3,61.3,60.9,60.9,128100,VNM
