time,open,high,low,close,volume,ticker
2019-01-02 07:00:00,6.39,6.39,6.21,6.21,1037420,VPB
2019-01-03 07:00:00,6.21,6.28,5.99,6.08,3018830,VPB
2019-01-04 07:00:00,6.05,6.13,5.87,6.07,1928210,VPB
2019-01-07 07:00:00,6.18,6.28,6.13,6.16,1645360,VPB
2019-01-08 07:00:00,6.13,6.18,6.07,6.13,834840,VPB
2019-01-09 07:00:00,6.15,6.26,6.13,6.13,2027690,VPB
2019-01-10 07:00:00,6.15,6.23,6.13,6.15,988700,VPB
2019-01-11 07:00:00,6.18,6.21,6.1,6.11,1158060,VPB
2019-01-14 07:00:00,6.11,6.15,6.03,6.1,1149670,VPB
2019-01-15 07:00:00,6.1,6.2,6.08,6.16,1168800,VPB
2019-01-16 07:00:00,6.18,6.39,6.18,6.36,3962960,VPB
2019-01-17 07:00:00,6.34,6.37,6.08,6.08,1419860,VPB
2019-01-18 07:00:00,6.18,6.24,6.13,6.16,1672450,VPB
2019-01-21 07:00:00,6.18,6.47,6.18,6.4,2531400,VPB
2019-01-22 07:00:00,6.4,6.52,6.29,6.29,2282970,VPB
2019-01-23 07:00:00,6.26,6.39,6.26,6.37,1413360,VPB
2019-01-24 07:00:00,6.37,6.47,6.31,6.47,2058500,VPB
2019-01-25 07:00:00,6.44,6.5,6.37,6.42,1353240,VPB
2019-01-28 07:00:00,6.42,6.45,6.24,6.31,1415780,VPB
2019-01-29 07:00:00,6.31,6.4,6.23,6.4,1602910,VPB
2019-01-30 07:00:00,6.42,6.45,6.36,6.37,1292190,VPB
2019-01-31 07:00:00,6.42,6.52,6.42,6.47,2385210,VPB
2019-02-01 07:00:00,6.47,6.5,6.34,6.42,3212780,VPB
2019-02-11 07:00:00,6.48,6.79,6.45,6.79,3188300,VPB
2019-02-12 07:00:00,6.85,6.9,6.77,6.84,3980620,VPB
2019-02-13 07:00:00,6.85,6.95,6.84,6.88,3440610,VPB
2019-02-14 07:00:00,6.88,6.9,6.79,6.8,2299990,VPB
2019-02-15 07:00:00,6.79,6.88,6.69,6.8,2818810,VPB
2019-02-18 07:00:00,6.85,6.93,6.84,6.88,1634010,VPB
2019-02-19 07:00:00,6.95,6.98,6.79,6.79,2998200,VPB
2019-02-20 07:00:00,6.77,6.85,6.69,6.77,2173510,VPB
2019-02-21 07:00:00,6.82,6.85,6.69,6.85,2551090,VPB
2019-02-22 07:00:00,6.77,6.93,6.76,6.84,2761050,VPB
2019-02-25 07:00:00,6.95,6.98,6.87,6.88,2504220,VPB
2019-02-26 07:00:00,6.85,6.93,6.76,6.82,2884870,VPB
2019-02-27 07:00:00,6.82,6.84,6.76,6.79,1606160,VPB
2019-02-28 07:00:00,6.79,6.79,6.6,6.63,2771900,VPB
2019-03-01 07:00:00,6.63,6.69,6.6,6.69,2197980,VPB
2019-03-04 07:00:00,6.69,6.92,6.69,6.85,3088630,VPB
2019-03-05 07:00:00,6.84,6.95,6.8,6.85,3627360,VPB
2019-03-06 07:00:00,6.85,6.87,6.77,6.82,1409590,VPB
2019-03-07 07:00:00,6.82,6.9,6.79,6.82,2681570,VPB
2019-03-08 07:00:00,6.76,6.8,6.69,6.74,2774400,VPB
2019-03-11 07:00:00,6.74,6.79,6.71,6.76,799600,VPB
2019-03-12 07:00:00,6.79,6.88,6.71,6.88,2561330,VPB
2019-03-13 07:00:00,6.96,7.08,6.95,7.04,4507910,VPB
2019-03-14 07:00:00,7.03,7.04,6.95,6.95,1640600,VPB
2019-03-15 07:00:00,6.93,6.98,6.9,6.98,1720670,VPB
2019-03-18 07:00:00,7.0,7.2,7.0,7.2,4480400,VPB
2019-03-19 07:00:00,7.2,7.2,7.0,7.01,1689000,VPB
2019-03-20 07:00:00,7.0,7.01,6.88,6.96,2170730,VPB
2019-03-21 07:00:00,6.96,7.0,6.72,6.72,3158580,VPB
2019-03-22 07:00:00,6.8,6.8,6.68,6.72,2493250,VPB
2019-03-25 07:00:00,6.56,6.6,6.4,6.47,3398760,VPB
2019-03-26 07:00:00,6.5,6.56,6.47,6.47,1641900,VPB
2019-03-27 07:00:00,6.5,6.63,6.45,6.63,2064200,VPB
2019-03-28 07:00:00,6.53,6.63,6.53,6.55,1091520,VPB
2019-03-29 07:00:00,6.6,6.61,6.45,6.47,2449530,VPB
2019-04-01 07:00:00,6.5,6.55,6.45,6.48,1525280,VPB
2019-04-02 07:00:00,6.55,6.56,6.45,6.45,1690450,VPB
2019-04-03 07:00:00,6.44,6.45,6.32,6.39,3328450,VPB
2019-04-04 07:00:00,6.4,6.45,6.37,6.4,1017850,VPB
2019-04-05 07:00:00,6.4,6.45,6.37,6.42,1894700,VPB
2019-04-08 07:00:00,6.44,6.44,6.28,6.36,1657550,VPB
2019-04-09 07:00:00,6.37,6.45,6.36,6.39,2070500,VPB
2019-04-10 07:00:00,6.37,6.4,6.23,6.36,2382980,VPB
2019-04-11 07:00:00,6.37,6.37,6.28,6.29,900020,VPB
2019-04-12 07:00:00,6.26,6.28,6.21,6.23,1735450,VPB
2019-04-16 07:00:00,6.18,6.21,6.03,6.13,2661560,VPB
2019-04-17 07:00:00,6.15,6.28,6.13,6.23,2071330,VPB
2019-04-18 07:00:00,6.23,6.24,6.13,6.18,1293420,VPB
2019-04-19 07:00:00,6.21,6.21,6.13,6.21,1035910,VPB
2019-04-22 07:00:00,6.21,6.21,6.08,6.2,1251570,VPB
2019-04-23 07:00:00,6.13,6.21,6.1,6.11,1540170,VPB
2019-04-24 07:00:00,6.16,6.2,6.1,6.18,1338870,VPB
2019-04-25 07:00:00,6.18,6.18,6.1,6.1,916900,VPB
2019-04-26 07:00:00,6.1,6.15,6.07,6.1,1437530,VPB
2019-05-02 07:00:00,6.13,6.13,6.0,6.07,1096600,VPB
2019-05-03 07:00:00,6.03,6.07,5.95,6.07,2442790,VPB
2019-05-06 07:00:00,5.99,6.0,5.76,5.91,2312460,VPB
2019-05-07 07:00:00,5.92,5.95,5.84,5.84,1079800,VPB
2019-05-08 07:00:00,5.78,5.86,5.76,5.84,1565680,VPB
2019-05-09 07:00:00,5.81,5.89,5.79,5.84,1826500,VPB
2019-05-10 07:00:00,5.87,5.89,5.83,5.87,1422780,VPB
2019-05-13 07:00:00,5.87,6.0,5.86,5.89,1390780,VPB
2019-05-14 07:00:00,5.86,5.92,5.84,5.92,1398440,VPB
2019-05-15 07:00:00,5.94,6.05,5.92,6.05,1841710,VPB
2019-05-16 07:00:00,6.07,6.1,6.0,6.05,1825590,VPB
2019-05-17 07:00:00,6.02,6.05,5.97,6.03,991430,VPB
2019-05-20 07:00:00,5.99,6.07,5.97,6.02,1397930,VPB
2019-05-21 07:00:00,6.05,6.11,6.03,6.08,1825510,VPB
2019-05-22 07:00:00,6.11,6.18,6.08,6.11,2448820,VPB
2019-05-23 07:00:00,6.05,6.11,5.99,6.0,1249510,VPB
2019-05-24 07:00:00,5.95,6.08,5.94,5.97,1086690,VPB
2019-05-27 07:00:00,5.95,6.0,5.91,6.0,952130,VPB
2019-05-28 07:00:00,6.05,6.05,5.92,5.92,1012920,VPB
2019-05-29 07:00:00,5.95,5.95,5.86,5.86,916770,VPB
2019-05-30 07:00:00,5.86,5.91,5.83,5.89,1907020,VPB
2019-05-31 07:00:00,5.87,5.92,5.83,5.83,965850,VPB
2019-06-03 07:00:00,5.81,5.83,5.6,5.76,2063880,VPB
2019-06-04 07:00:00,5.73,5.78,5.63,5.76,1808710,VPB
2019-06-05 07:00:00,5.76,5.79,5.71,5.71,1091510,VPB
2019-06-06 07:00:00,5.63,5.75,5.6,5.75,1321980,VPB
2019-06-07 07:00:00,5.76,5.79,5.73,5.75,1571060,VPB
2019-06-10 07:00:00,5.81,5.83,5.67,5.79,1847070,VPB
2019-06-11 07:00:00,5.81,5.83,5.75,5.81,1180300,VPB
2019-06-12 07:00:00,5.81,5.83,5.78,5.81,1461730,VPB
2019-06-13 07:00:00,5.78,5.89,5.78,5.83,2107810,VPB
2019-06-14 07:00:00,5.84,6.0,5.83,5.95,3211970,VPB
2019-06-17 07:00:00,5.95,5.99,5.92,5.95,2330100,VPB
2019-06-18 07:00:00,5.92,5.95,5.83,5.91,2691590,VPB
2019-06-19 07:00:00,5.94,5.97,5.83,5.94,1292370,VPB
2019-06-20 07:00:00,5.89,6.15,5.89,6.15,4347040,VPB
2019-06-21 07:00:00,6.18,6.21,6.11,6.18,2318070,VPB
2019-06-24 07:00:00,6.15,6.23,6.13,6.18,2006700,VPB
2019-06-25 07:00:00,6.16,6.23,6.15,6.21,2603250,VPB
2019-06-26 07:00:00,6.18,6.21,6.15,6.15,1206480,VPB
2019-06-27 07:00:00,6.1,6.15,6.0,6.03,2671610,VPB
2019-06-28 07:00:00,5.99,6.07,5.91,6.05,1963890,VPB
2019-07-01 07:00:00,6.05,6.21,6.03,6.21,1679610,VPB
2019-07-02 07:00:00,6.2,6.28,6.16,6.18,1620120,VPB
2019-07-03 07:00:00,6.18,6.18,6.08,6.15,1335150,VPB
2019-07-04 07:00:00,6.15,6.23,6.15,6.2,1308820,VPB
2019-07-05 07:00:00,6.23,6.31,6.2,6.21,1625650,VPB
2019-07-08 07:00:00,6.15,6.21,6.08,6.2,1308420,VPB
2019-07-09 07:00:00,6.2,6.2,6.11,6.18,1034110,VPB
2019-07-10 07:00:00,6.18,6.24,6.16,6.21,1315600,VPB
2019-07-11 07:00:00,6.24,6.29,6.21,6.29,2589340,VPB
2019-07-12 07:00:00,6.31,6.34,6.24,6.24,2054520,VPB
2019-07-15 07:00:00,6.31,6.31,6.21,6.28,1860210,VPB
2019-07-16 07:00:00,6.28,6.32,6.28,6.31,1034460,VPB
2019-07-17 07:00:00,6.29,6.32,6.18,6.21,2774810,VPB
2019-07-18 07:00:00,6.18,6.21,6.13,6.18,1995060,VPB
2019-07-19 07:00:00,6.18,6.23,6.13,6.21,2494510,VPB
2019-07-22 07:00:00,6.15,6.21,6.08,6.11,1046360,VPB
2019-07-23 07:00:00,6.11,6.15,6.07,6.11,1211300,VPB
2019-07-24 07:00:00,6.13,6.13,6.05,6.11,761050,VPB
2019-07-25 07:00:00,6.11,6.11,6.02,6.02,1462890,VPB
2019-07-26 07:00:00,6.0,6.05,5.95,6.0,861490,VPB
2019-07-29 07:00:00,6.0,6.03,5.95,6.0,922180,VPB
2019-07-30 07:00:00,6.0,6.03,5.94,5.97,897070,VPB
2019-07-31 07:00:00,5.99,5.99,5.91,5.94,1469310,VPB
2019-08-01 07:00:00,5.94,5.95,5.86,5.92,800860,VPB
2019-08-02 07:00:00,5.95,6.21,5.89,6.1,3841410,VPB
2019-08-05 07:00:00,6.1,6.21,6.07,6.07,3066850,VPB
2019-08-06 07:00:00,5.95,6.02,5.91,6.02,2079640,VPB
2019-08-07 07:00:00,6.02,6.02,5.94,6.0,1287750,VPB
2019-08-08 07:00:00,5.95,6.02,5.92,5.99,1241320,VPB
2019-08-09 07:00:00,5.95,6.11,5.92,6.08,1900110,VPB
2019-08-12 07:00:00,6.08,6.11,6.02,6.08,851270,VPB
2019-08-13 07:00:00,6.1,6.21,6.05,6.11,3018430,VPB
2019-08-14 07:00:00,6.18,6.2,6.13,6.16,1094770,VPB
2019-08-15 07:00:00,6.05,6.18,6.05,6.18,1327430,VPB
2019-08-16 07:00:00,6.18,6.31,6.13,6.23,3323690,VPB
2019-08-19 07:00:00,6.24,6.29,6.2,6.23,1049300,VPB
2019-08-20 07:00:00,6.24,6.26,6.21,6.24,812870,VPB
2019-08-21 07:00:00,6.24,6.32,6.21,6.32,2071110,VPB
2019-08-22 07:00:00,6.32,6.37,6.28,6.34,1529840,VPB
2019-08-23 07:00:00,6.37,6.37,6.26,6.34,1582910,VPB
2019-08-26 07:00:00,6.31,6.45,6.28,6.44,3580730,VPB
2019-08-27 07:00:00,6.44,6.64,6.44,6.53,3137460,VPB
2019-08-28 07:00:00,6.53,6.56,6.47,6.5,933290,VPB
2019-08-29 07:00:00,6.5,6.53,6.44,6.53,1040260,VPB
2019-08-30 07:00:00,6.5,6.56,6.48,6.5,1126020,VPB
2019-09-03 07:00:00,6.52,6.53,6.24,6.5,1123930,VPB
2019-09-04 07:00:00,6.44,6.47,6.34,6.34,1331980,VPB
2019-09-05 07:00:00,6.4,6.48,6.37,6.48,1364320,VPB
2019-09-06 07:00:00,6.53,6.61,6.52,6.52,2112450,VPB
2019-09-09 07:00:00,6.5,6.52,6.4,6.45,1560310,VPB
2019-09-10 07:00:00,6.44,6.52,6.39,6.44,901250,VPB
2019-09-11 07:00:00,6.45,6.47,6.39,6.44,812800,VPB
2019-09-12 07:00:00,6.42,6.56,6.42,6.56,1856290,VPB
2019-09-13 07:00:00,6.56,6.66,6.5,6.63,2887060,VPB
2019-09-16 07:00:00,6.63,6.66,6.58,6.63,1619720,VPB
2019-09-17 07:00:00,6.6,6.64,6.56,6.6,925880,VPB
2019-09-18 07:00:00,6.61,6.76,6.58,6.76,3957290,VPB
2019-09-19 07:00:00,6.72,6.87,6.72,6.87,2486530,VPB
2019-09-20 07:00:00,6.87,6.88,6.79,6.85,2730910,VPB
2019-09-23 07:00:00,6.85,6.95,6.84,6.85,3619730,VPB
2019-09-24 07:00:00,6.82,6.87,6.79,6.84,1632130,VPB
2019-09-25 07:00:00,6.82,6.87,6.8,6.85,1989490,VPB
2019-09-26 07:00:00,6.87,6.95,6.87,6.93,2507810,VPB
2019-09-27 07:00:00,6.98,7.09,6.93,7.09,3953810,VPB
2019-09-30 07:00:00,7.14,7.19,7.04,7.06,2557340,VPB
2019-10-01 07:00:00,7.06,7.17,7.04,7.16,2565290,VPB
2019-10-02 07:00:00,7.14,7.3,7.12,7.24,6785320,VPB
2019-10-03 07:00:00,7.2,7.24,7.09,7.24,5776630,VPB
2019-10-04 07:00:00,7.28,7.28,7.14,7.14,5301990,VPB
2019-10-07 07:00:00,7.17,7.17,6.93,6.96,6787920,VPB
2019-10-08 07:00:00,6.96,7.04,6.95,7.04,6267420,VPB
2019-10-09 07:00:00,7.01,7.09,7.01,7.08,5862290,VPB
2019-10-10 07:00:00,7.08,7.14,7.08,7.11,4631640,VPB
2019-10-11 07:00:00,7.16,7.16,7.08,7.08,4901190,VPB
2019-10-14 07:00:00,7.08,7.14,7.06,7.14,6297580,VPB
2019-10-15 07:00:00,7.11,7.24,7.11,7.22,3596130,VPB
2019-10-16 07:00:00,7.22,7.27,7.19,7.22,3588970,VPB
2019-10-17 07:00:00,7.22,7.22,7.14,7.2,3383810,VPB
2019-10-18 07:00:00,7.2,7.2,7.04,7.17,5441580,VPB
2019-10-21 07:00:00,7.04,7.11,6.96,7.04,5984800,VPB
2019-10-22 07:00:00,7.03,7.04,6.96,7.01,6452040,VPB
2019-10-23 07:00:00,6.98,7.09,6.93,7.09,5490120,VPB
2019-10-24 07:00:00,7.08,7.08,6.96,6.98,1860430,VPB
2019-10-25 07:00:00,7.01,7.04,6.96,7.04,1523140,VPB
2019-10-28 07:00:00,7.04,7.08,7.03,7.06,1353560,VPB
2019-10-29 07:00:00,7.08,7.08,6.98,7.01,721860,VPB
2019-10-30 07:00:00,7.01,7.01,6.95,6.98,1420070,VPB
2019-10-31 07:00:00,7.0,7.0,6.88,6.88,1355840,VPB
2019-11-01 07:00:00,6.87,6.93,6.8,6.88,2147430,VPB
2019-11-04 07:00:00,6.92,7.04,6.9,7.04,2560810,VPB
2019-11-05 07:00:00,7.11,7.14,7.04,7.12,2840680,VPB
2019-11-06 07:00:00,7.09,7.17,7.06,7.09,1956570,VPB
2019-11-07 07:00:00,7.11,7.12,7.03,7.04,1413420,VPB
2019-11-08 07:00:00,7.04,7.12,7.04,7.09,2231330,VPB
2019-11-11 07:00:00,7.08,7.09,6.96,7.01,1616350,VPB
2019-11-12 07:00:00,6.98,6.98,6.93,6.93,1718900,VPB
2019-11-13 07:00:00,6.95,6.96,6.8,6.88,2355410,VPB
2019-11-14 07:00:00,6.82,6.88,6.72,6.72,2274640,VPB
2019-11-15 07:00:00,6.74,6.85,6.72,6.85,1380960,VPB
2019-11-18 07:00:00,6.85,6.85,6.77,6.79,792340,VPB
2019-11-19 07:00:00,6.79,6.82,6.76,6.82,681940,VPB
2019-11-20 07:00:00,6.82,6.82,6.66,6.69,1165400,VPB
2019-11-21 07:00:00,6.66,6.77,6.4,6.4,3763320,VPB
2019-11-22 07:00:00,6.47,6.55,6.37,6.47,1427400,VPB
2019-11-25 07:00:00,6.4,6.5,6.4,6.47,971910,VPB
2019-11-26 07:00:00,6.47,6.55,6.47,6.55,1466120,VPB
2019-11-27 07:00:00,6.55,6.56,6.48,6.53,811170,VPB
2019-11-28 07:00:00,6.5,6.53,6.4,6.42,1457550,VPB
2019-11-29 07:00:00,6.39,6.45,6.37,6.45,746320,VPB
2019-12-02 07:00:00,6.4,6.45,6.24,6.24,1081350,VPB
2019-12-03 07:00:00,6.16,6.23,5.99,5.99,1407780,VPB
2019-12-04 07:00:00,6.0,6.32,6.0,6.32,1792870,VPB
2019-12-05 07:00:00,6.28,6.32,6.2,6.28,659120,VPB
2019-12-06 07:00:00,6.2,6.29,6.18,6.28,724890,VPB
2019-12-09 07:00:00,6.23,6.31,6.15,6.21,681230,VPB
2019-12-10 07:00:00,6.21,6.21,6.08,6.1,588880,VPB
2019-12-11 07:00:00,6.11,6.18,6.08,6.16,1078520,VPB
2019-12-12 07:00:00,6.16,6.31,6.16,6.29,1210790,VPB
2019-12-13 07:00:00,6.32,6.39,6.29,6.29,971530,VPB
2019-12-16 07:00:00,6.24,6.32,6.16,6.28,1273040,VPB
2019-12-17 07:00:00,6.31,6.31,6.16,6.18,685290,VPB
2019-12-18 07:00:00,6.15,6.21,6.15,6.16,1037840,VPB
2019-12-19 07:00:00,6.15,6.18,6.1,6.15,2009470,VPB
2019-12-20 07:00:00,6.15,6.28,6.13,6.28,1853360,VPB
2019-12-23 07:00:00,6.28,6.29,6.16,6.2,2875410,VPB
2019-12-24 07:00:00,6.2,6.21,6.13,6.18,1781170,VPB
2019-12-25 07:00:00,6.21,6.29,6.21,6.26,1507470,VPB
2019-12-26 07:00:00,6.26,6.32,6.24,6.31,1151860,VPB
2019-12-27 07:00:00,6.31,6.32,6.24,6.31,1797050,VPB
2019-12-30 07:00:00,6.31,6.39,6.31,6.34,2141690,VPB
2019-12-31 07:00:00,6.34,6.45,6.34,6.4,2806420,VPB
2020-01-02 07:00:00,6.42,6.63,6.42,6.58,1721220,VPB
2020-01-03 07:00:00,6.6,6.71,6.52,6.53,1416280,VPB
2020-01-06 07:00:00,6.45,6.52,6.39,6.39,1655410,VPB
2020-01-07 07:00:00,6.4,6.52,6.4,6.52,1298520,VPB
2020-01-08 07:00:00,6.45,6.52,6.37,6.44,2417600,VPB
2020-01-09 07:00:00,6.5,6.66,6.48,6.64,3379270,VPB
2020-01-10 07:00:00,6.64,6.82,6.64,6.74,3102860,VPB
2020-01-13 07:00:00,6.72,6.77,6.6,6.6,1278670,VPB
2020-01-14 07:00:00,6.63,6.82,6.61,6.77,2049630,VPB
2020-01-15 07:00:00,6.77,6.95,6.77,6.93,2024320,VPB
2020-01-16 07:00:00,6.95,7.03,6.93,7.0,2814400,VPB
2020-01-17 07:00:00,7.03,7.09,6.95,7.01,2388200,VPB
2020-01-20 07:00:00,6.98,7.2,6.96,7.2,2478120,VPB
2020-01-21 07:00:00,7.27,7.56,7.24,7.54,5349510,VPB
2020-01-22 07:00:00,7.52,7.62,7.4,7.56,2728060,VPB
2020-01-30 07:00:00,7.36,7.49,7.16,7.27,4277050,VPB
2020-01-31 07:00:00,7.2,7.4,7.19,7.19,4664680,VPB
2020-02-03 07:00:00,6.93,7.51,6.8,7.24,4531780,VPB
2020-02-04 07:00:00,7.27,7.51,7.2,7.51,4567030,VPB
2020-02-05 07:00:00,7.64,7.88,7.6,7.73,6401650,VPB
2020-02-06 07:00:00,8.16,8.16,7.54,8.16,8466820,VPB
2020-02-07 07:00:00,8.04,8.21,7.97,8.12,5941140,VPB
2020-02-10 07:00:00,7.94,8.1,7.88,7.88,4827980,VPB
2020-02-11 07:00:00,7.88,8.13,7.86,8.13,4954840,VPB
2020-02-12 07:00:00,8.29,8.6,8.23,8.28,6169610,VPB
2020-02-13 07:00:00,8.21,8.52,8.12,8.52,3721290,VPB
2020-02-14 07:00:00,8.64,8.8,8.52,8.69,5754040,VPB
2020-02-17 07:00:00,8.68,8.74,8.56,8.68,2799180,VPB
2020-02-18 07:00:00,8.64,8.84,8.61,8.77,2659640,VPB
2020-02-19 07:00:00,8.84,8.93,8.8,8.9,3026480,VPB
2020-02-20 07:00:00,9.01,9.14,8.95,9.14,3989640,VPB
2020-02-21 07:00:00,9.12,9.38,9.03,9.22,4755490,VPB
2020-02-24 07:00:00,8.96,9.06,8.58,8.58,8083080,VPB
2020-02-25 07:00:00,8.39,9.06,8.39,9.06,6045630,VPB
2020-02-26 07:00:00,8.9,9.25,8.87,9.06,4144870,VPB
2020-02-27 07:00:00,8.96,9.14,8.92,9.08,2905090,VPB
2020-02-28 07:00:00,8.88,8.95,8.58,8.71,4992410,VPB
2020-03-02 07:00:00,8.68,8.74,8.58,8.61,3124310,VPB
2020-03-03 07:00:00,8.8,8.84,8.68,8.69,2436430,VPB
2020-03-04 07:00:00,8.63,8.74,8.5,8.69,2990200,VPB
2020-03-05 07:00:00,8.8,9.11,8.71,8.92,4983410,VPB
2020-03-06 07:00:00,8.77,8.87,8.71,8.8,2153680,VPB
2020-03-09 07:00:00,8.2,8.4,8.2,8.2,3853010,VPB
2020-03-10 07:00:00,8.2,8.48,7.86,8.32,4663130,VPB
2020-03-11 07:00:00,8.32,8.45,7.75,7.75,6458650,VPB
2020-03-12 07:00:00,7.24,7.46,7.22,7.22,3085820,VPB
2020-03-13 07:00:00,6.72,7.38,6.72,7.2,5358840,VPB
2020-03-16 07:00:00,7.11,7.12,6.71,6.71,5035890,VPB
2020-03-17 07:00:00,6.28,6.95,6.24,6.88,6240600,VPB
2020-03-18 07:00:00,6.88,7.0,6.69,6.9,3264600,VPB
2020-03-19 07:00:00,6.72,6.72,6.44,6.66,3825580,VPB
2020-03-20 07:00:00,6.66,6.84,6.6,6.74,2835760,VPB
2020-03-23 07:00:00,6.47,6.47,6.28,6.28,3494590,VPB
2020-03-24 07:00:00,6.28,6.45,5.95,6.24,5084480,VPB
2020-03-25 07:00:00,6.53,6.56,6.31,6.5,2774030,VPB
2020-03-26 07:00:00,6.4,6.45,6.21,6.28,3019180,VPB
2020-03-27 07:00:00,6.28,6.29,6.02,6.26,4778990,VPB
2020-03-30 07:00:00,5.83,5.89,5.83,5.83,853200,VPB
2020-03-31 07:00:00,5.83,5.91,5.43,5.43,4500760,VPB
2020-04-01 07:00:00,5.43,5.6,5.12,5.52,3686810,VPB
2020-04-03 07:00:00,5.52,5.71,5.51,5.62,3237360,VPB
2020-04-06 07:00:00,5.76,6.0,5.73,6.0,5262310,VPB
2020-04-07 07:00:00,6.08,6.23,5.97,6.23,4306110,VPB
2020-04-08 07:00:00,6.08,6.13,5.95,6.05,3738500,VPB
2020-04-09 07:00:00,6.05,6.18,6.0,6.02,5977360,VPB
2020-04-10 07:00:00,5.95,6.02,5.83,5.97,3400010,VPB
2020-04-13 07:00:00,6.1,6.39,6.08,6.39,4611900,VPB
2020-04-14 07:00:00,6.76,6.82,6.47,6.82,8107960,VPB
2020-04-15 07:00:00,6.96,7.24,6.88,6.96,4994760,VPB
2020-04-16 07:00:00,6.74,6.96,6.72,6.96,3778190,VPB
2020-04-17 07:00:00,7.04,7.11,6.77,6.87,5009510,VPB
2020-04-20 07:00:00,6.95,6.95,6.66,6.72,3363240,VPB
2020-04-21 07:00:00,6.56,6.69,6.26,6.26,5653730,VPB
2020-04-22 07:00:00,6.08,6.68,6.08,6.47,5779550,VPB
2020-04-23 07:00:00,6.63,6.63,6.37,6.37,3739790,VPB
2020-04-24 07:00:00,6.37,6.56,6.26,6.56,3362450,VPB
2020-04-27 07:00:00,7.01,7.01,6.71,6.72,8928000,VPB
2020-04-28 07:00:00,6.69,6.85,6.56,6.72,2453910,VPB
2020-04-29 07:00:00,6.56,6.76,6.56,6.56,4670320,VPB
2020-05-04 07:00:00,6.26,6.53,6.24,6.42,3624730,VPB
2020-05-05 07:00:00,6.48,6.55,6.4,6.52,2323990,VPB
2020-05-06 07:00:00,6.52,6.68,6.5,6.68,2650480,VPB
2020-05-07 07:00:00,6.66,6.85,6.66,6.85,3376550,VPB
2020-05-08 07:00:00,6.88,7.32,6.88,7.3,14723540,VPB
2020-05-11 07:00:00,7.72,7.73,7.43,7.72,8508370,VPB
2020-05-12 07:00:00,7.75,7.75,7.48,7.7,6834010,VPB
2020-05-13 07:00:00,7.59,7.75,7.38,7.65,7305760,VPB
2020-05-14 07:00:00,7.59,7.65,7.48,7.57,5055950,VPB
2020-05-15 07:00:00,7.6,7.67,7.51,7.64,5062250,VPB
2020-05-18 07:00:00,7.62,8.04,7.57,8.04,11745840,VPB
2020-05-19 07:00:00,8.32,8.32,7.99,8.0,7262590,VPB
2020-05-20 07:00:00,7.84,7.97,7.83,7.88,4798130,VPB
2020-05-21 07:00:00,7.84,7.92,7.73,7.91,6693720,VPB
2020-05-22 07:00:00,7.91,7.92,7.72,7.73,4840870,VPB
2020-05-25 07:00:00,7.68,7.76,7.56,7.68,5174030,VPB
2020-05-26 07:00:00,7.78,7.92,7.7,7.73,5056700,VPB
2020-05-27 07:00:00,7.78,7.83,7.36,7.36,7919070,VPB
2020-05-28 07:00:00,7.4,7.52,7.28,7.4,6455000,VPB
2020-05-29 07:00:00,7.4,7.49,7.35,7.48,3696450,VPB
2020-06-01 07:00:00,7.6,7.86,7.49,7.86,8948760,VPB
2020-06-02 07:00:00,7.96,7.96,7.67,7.72,5977010,VPB
2020-06-03 07:00:00,7.73,7.81,7.67,7.78,3922100,VPB
2020-06-04 07:00:00,7.84,7.88,7.67,7.68,5967540,VPB
2020-06-05 07:00:00,7.65,7.84,7.62,7.84,5507250,VPB
2020-06-08 07:00:00,7.96,8.0,7.81,7.83,8059810,VPB
2020-06-09 07:00:00,7.83,7.83,7.68,7.72,4906760,VPB
2020-06-10 07:00:00,7.68,7.84,7.52,7.73,5601590,VPB
2020-06-11 07:00:00,7.78,7.78,7.4,7.4,7897200,VPB
2020-06-12 07:00:00,7.08,7.46,7.08,7.4,6053520,VPB
2020-06-15 07:00:00,7.4,7.4,6.92,6.92,5816080,VPB
2020-06-16 07:00:00,7.14,7.2,7.01,7.11,3095910,VPB
2020-06-17 07:00:00,7.14,7.22,7.04,7.16,2786240,VPB
2020-06-18 07:00:00,7.11,7.22,7.08,7.14,1526680,VPB
2020-06-19 07:00:00,7.17,7.32,7.16,7.3,2450770,VPB
2020-06-22 07:00:00,7.36,7.36,7.2,7.27,2070530,VPB
2020-06-23 07:00:00,7.27,7.32,7.17,7.28,2034230,VPB
2020-06-24 07:00:00,7.27,7.3,7.11,7.14,2522610,VPB
2020-06-25 07:00:00,6.98,7.14,6.98,7.04,2302810,VPB
2020-06-26 07:00:00,7.16,7.17,6.98,7.04,1451880,VPB
2020-06-29 07:00:00,6.95,6.95,6.68,6.72,4380250,VPB
2020-06-30 07:00:00,6.85,6.85,6.48,6.55,2998040,VPB
2020-07-01 07:00:00,6.64,6.92,6.5,6.92,2251530,VPB
2020-07-02 07:00:00,6.88,6.95,6.79,6.87,1662300,VPB
2020-07-03 07:00:00,6.8,6.88,6.8,6.82,938470,VPB
2020-07-06 07:00:00,6.85,7.08,6.82,7.04,2037820,VPB
2020-07-07 07:00:00,7.08,7.14,6.93,6.95,2029580,VPB
2020-07-08 07:00:00,6.95,7.03,6.88,7.01,1670440,VPB
2020-07-09 07:00:00,7.06,7.35,7.06,7.32,4798980,VPB
2020-07-10 07:00:00,7.27,7.38,7.22,7.25,2240110,VPB
2020-07-13 07:00:00,7.33,7.35,7.11,7.16,2564770,VPB
2020-07-14 07:00:00,7.06,7.17,7.01,7.11,3437110,VPB
2020-07-15 07:00:00,7.22,7.3,7.2,7.2,2201940,VPB
2020-07-16 07:00:00,7.2,7.24,7.17,7.24,1943770,VPB
2020-07-17 07:00:00,7.2,7.43,7.19,7.38,5084760,VPB
2020-07-20 07:00:00,7.43,7.46,7.27,7.27,2940660,VPB
2020-07-21 07:00:00,7.27,7.32,7.2,7.28,1824020,VPB
2020-07-22 07:00:00,7.3,7.33,7.16,7.19,2218260,VPB
2020-07-23 07:00:00,7.17,7.2,7.08,7.2,2381770,VPB
2020-07-24 07:00:00,7.16,7.17,6.71,6.79,6808310,VPB
2020-07-27 07:00:00,6.4,6.71,6.32,6.32,6466340,VPB
2020-07-28 07:00:00,6.47,6.63,6.32,6.63,4735520,VPB
2020-07-29 07:00:00,6.42,6.48,6.21,6.39,3449970,VPB
2020-07-30 07:00:00,6.47,6.63,6.4,6.5,2303200,VPB
2020-07-31 07:00:00,6.37,6.55,6.31,6.47,2482510,VPB
2020-08-03 07:00:00,6.47,6.71,6.44,6.71,2830540,VPB
2020-08-04 07:00:00,6.79,6.92,6.71,6.76,3447430,VPB
2020-08-05 07:00:00,6.76,6.88,6.69,6.88,3364040,VPB
2020-08-06 07:00:00,6.92,6.95,6.79,6.84,3045480,VPB
2020-08-07 07:00:00,6.87,6.88,6.77,6.8,2371520,VPB
2020-08-10 07:00:00,6.88,6.95,6.84,6.84,3389710,VPB
2020-08-11 07:00:00,6.9,6.92,6.82,6.87,2037520,VPB
2020-08-12 07:00:00,6.92,6.96,6.87,6.95,3717070,VPB
2020-08-13 07:00:00,6.98,7.03,6.95,6.96,2332480,VPB
2020-08-14 07:00:00,6.96,7.01,6.82,6.85,3519020,VPB
2020-08-17 07:00:00,6.79,6.88,6.74,6.82,2622220,VPB
2020-08-18 07:00:00,6.85,6.9,6.82,6.82,1946050,VPB
2020-08-19 07:00:00,6.82,6.9,6.82,6.85,1674410,VPB
2020-08-20 07:00:00,6.85,6.93,6.82,6.84,3565530,VPB
2020-08-21 07:00:00,6.9,7.03,6.85,7.01,6115290,VPB
2020-08-24 07:00:00,7.16,7.43,7.14,7.43,7218650,VPB
2020-08-25 07:00:00,7.46,7.54,7.32,7.36,6281220,VPB
2020-08-26 07:00:00,7.32,7.43,7.3,7.33,4447250,VPB
2020-08-27 07:00:00,7.33,7.41,7.3,7.4,3895810,VPB
2020-08-28 07:00:00,7.46,7.67,7.4,7.56,7066080,VPB
2020-08-31 07:00:00,7.62,7.67,7.44,7.48,3366690,VPB
2020-09-01 07:00:00,7.46,7.52,7.3,7.49,5219730,VPB
2020-09-03 07:00:00,7.57,7.65,7.48,7.59,4243550,VPB
2020-09-04 07:00:00,7.43,7.59,7.41,7.51,4108490,VPB
2020-09-07 07:00:00,7.57,7.57,7.2,7.2,5894450,VPB
2020-09-08 07:00:00,7.24,7.36,7.2,7.33,4753470,VPB
2020-09-09 07:00:00,7.2,7.36,7.19,7.32,4942330,VPB
2020-09-10 07:00:00,7.35,7.38,7.3,7.3,3480600,VPB
2020-09-11 07:00:00,7.27,7.35,7.24,7.32,2477680,VPB
2020-09-14 07:00:00,7.33,7.49,7.33,7.43,3269680,VPB
2020-09-15 07:00:00,7.43,7.44,7.36,7.38,4132960,VPB
2020-09-16 07:00:00,7.36,7.4,7.33,7.36,2661850,VPB
2020-09-17 07:00:00,7.35,7.46,7.32,7.32,3498770,VPB
2020-09-18 07:00:00,7.33,7.44,7.33,7.44,3514770,VPB
2020-09-21 07:00:00,7.52,7.56,7.44,7.48,4397490,VPB
2020-09-22 07:00:00,7.4,7.52,7.4,7.49,3202400,VPB
2020-09-23 07:00:00,7.51,7.65,7.48,7.62,8698840,VPB
2020-09-24 07:00:00,7.56,7.62,7.48,7.51,4039760,VPB
2020-09-25 07:00:00,7.52,7.52,7.41,7.46,3183400,VPB
2020-09-28 07:00:00,7.46,7.65,7.46,7.62,8487830,VPB
2020-09-29 07:00:00,7.68,7.84,7.59,7.6,11580400,VPB
2020-09-30 07:00:00,7.59,7.62,7.51,7.6,5209330,VPB
2020-10-01 07:00:00,7.65,7.78,7.6,7.72,5282040,VPB
2020-10-02 07:00:00,7.73,7.75,7.44,7.57,7817380,VPB
2020-10-05 07:00:00,7.72,7.8,7.65,7.75,7056130,VPB
2020-10-06 07:00:00,7.8,7.81,7.67,7.73,6138720,VPB
2020-10-07 07:00:00,7.73,7.75,7.6,7.6,6265650,VPB
2020-10-08 07:00:00,7.6,7.65,7.43,7.51,7614850,VPB
2020-10-09 07:00:00,7.51,7.56,7.43,7.49,3496030,VPB
2020-10-12 07:00:00,7.59,7.64,7.43,7.49,3568850,VPB
2020-10-13 07:00:00,7.49,7.54,7.44,7.49,2640580,VPB
2020-10-14 07:00:00,7.52,7.73,7.49,7.68,10165900,VPB
2020-10-15 07:00:00,7.73,7.75,7.62,7.7,8354960,VPB
2020-10-16 07:00:00,7.7,8.02,7.65,7.88,11567220,VPB
2020-10-19 07:00:00,7.94,7.96,7.8,7.83,7119110,VPB
2020-10-20 07:00:00,7.75,7.99,7.72,7.94,12978810,VPB
2020-10-21 07:00:00,8.0,8.42,7.92,8.04,16059760,VPB
2020-10-22 07:00:00,8.1,8.2,8.0,8.2,8544500,VPB
2020-10-23 07:00:00,8.2,8.23,8.08,8.23,7225270,VPB
2020-10-26 07:00:00,8.23,8.32,7.78,7.78,9920290,VPB
2020-10-27 07:00:00,7.84,7.97,7.78,7.8,10193930,VPB
2020-10-28 07:00:00,7.75,7.83,7.43,7.43,9590780,VPB
2020-10-29 07:00:00,7.43,7.59,7.36,7.46,6042720,VPB
2020-10-30 07:00:00,7.56,7.56,7.33,7.56,6047360,VPB
2020-11-02 07:00:00,7.56,7.62,7.49,7.62,2448770,VPB
2020-11-03 07:00:00,7.62,7.72,7.6,7.67,5180160,VPB
2020-11-04 07:00:00,7.68,7.81,7.65,7.75,4114660,VPB
2020-11-05 07:00:00,7.75,7.76,7.56,7.59,4159850,VPB
2020-11-06 07:00:00,7.59,7.62,7.46,7.52,3498930,VPB
2020-11-09 07:00:00,7.59,7.64,7.56,7.64,4137770,VPB
2020-11-10 07:00:00,7.73,7.75,7.6,7.6,5001930,VPB
2020-11-11 07:00:00,7.6,7.64,7.51,7.6,5356460,VPB
2020-11-12 07:00:00,7.6,7.64,7.57,7.64,2895350,VPB
2020-11-13 07:00:00,7.67,7.84,7.64,7.84,7198130,VPB
2020-11-16 07:00:00,7.88,7.97,7.68,7.73,9138440,VPB
2020-11-17 07:00:00,7.73,8.0,7.68,8.0,7777280,VPB
2020-11-18 07:00:00,7.99,8.07,7.96,7.97,7668540,VPB
2020-11-19 07:00:00,8.02,8.2,7.97,8.16,11858880,VPB
2020-11-20 07:00:00,8.15,8.16,8.05,8.16,5233610,VPB
2020-11-23 07:00:00,8.16,8.18,7.6,8.16,6795490,VPB
2020-11-24 07:00:00,8.16,8.32,8.08,8.21,8744090,VPB
2020-11-25 07:00:00,8.32,8.55,8.23,8.55,12314880,VPB
2020-11-26 07:00:00,8.55,8.71,8.47,8.71,7724470,VPB
2020-11-27 07:00:00,8.69,8.72,8.55,8.64,6241440,VPB
2020-11-30 07:00:00,8.71,8.74,8.58,8.58,9088440,VPB
2020-12-01 07:00:00,8.45,8.96,8.44,8.93,10951390,VPB
2020-12-02 07:00:00,8.9,8.96,8.77,8.87,7549440,VPB
2020-12-03 07:00:00,8.87,9.11,8.8,9.06,8445590,VPB
2020-12-04 07:00:00,9.03,9.14,8.9,8.9,7675980,VPB
2020-12-07 07:00:00,9.0,9.08,8.93,9.0,4444700,VPB
2020-12-08 07:00:00,9.12,9.14,9.0,9.08,4733470,VPB
2020-12-09 07:00:00,9.17,9.22,9.08,9.11,5329840,VPB
2020-12-10 07:00:00,9.12,9.14,8.96,8.96,6090320,VPB
2020-12-11 07:00:00,9.01,9.06,8.9,9.06,4421030,VPB
2020-12-14 07:00:00,9.19,9.27,9.09,9.19,5650800,VPB
2020-12-15 07:00:00,9.25,9.27,8.98,9.0,6064100,VPB
2020-12-16 07:00:00,9.08,9.41,8.96,9.38,7373790,VPB
2020-12-17 07:00:00,9.35,9.68,9.3,9.48,9755270,VPB
2020-12-18 07:00:00,9.67,10.13,9.6,10.13,9700790,VPB
2020-12-21 07:00:00,10.28,10.72,10.28,10.56,5858030,VPB
2020-12-22 07:00:00,10.56,10.72,10.31,10.56,5859550,VPB
2020-12-23 07:00:00,10.56,10.56,9.92,10.24,5132140,VPB
2020-12-24 07:00:00,10.24,10.39,9.6,10.08,6840970,VPB
2020-12-25 07:00:00,9.92,10.4,9.89,10.4,6106960,VPB
2020-12-28 07:00:00,10.56,10.56,10.24,10.34,4538820,VPB
2020-12-29 07:00:00,10.32,10.37,10.12,10.15,5984160,VPB
2020-12-30 07:00:00,10.2,10.37,10.18,10.18,5655530,VPB
2020-12-31 07:00:00,10.18,10.52,10.18,10.4,7292340,VPB
2021-01-04 07:00:00,10.53,10.95,10.42,10.95,8385500,VPB
2021-01-05 07:00:00,10.88,11.09,10.85,11.0,5658200,VPB
2021-01-06 07:00:00,11.2,11.2,10.95,11.01,6159400,VPB
2021-01-07 07:00:00,11.06,11.19,10.92,11.17,4691100,VPB
2021-01-08 07:00:00,11.32,11.52,11.19,11.38,4558600,VPB
2021-01-11 07:00:00,11.52,11.52,11.22,11.27,4430300,VPB
2021-01-12 07:00:00,11.27,11.27,10.98,11.17,4612500,VPB
2021-01-13 07:00:00,11.17,11.59,11.11,11.43,5529300,VPB
2021-01-14 07:00:00,11.52,11.94,11.36,11.78,6531000,VPB
2021-01-15 07:00:00,11.89,12.16,11.84,11.92,4658200,VPB
2021-01-18 07:00:00,11.92,11.96,11.67,11.67,5121400,VPB
2021-01-19 07:00:00,11.56,11.6,10.85,10.85,7415600,VPB
2021-01-20 07:00:00,10.88,11.04,10.12,10.95,8073200,VPB
2021-01-21 07:00:00,11.2,11.7,10.95,11.59,6882400,VPB
2021-01-22 07:00:00,11.62,11.78,11.44,11.68,4065000,VPB
2021-01-25 07:00:00,11.65,11.65,11.4,11.49,3524100,VPB
2021-01-26 07:00:00,11.36,11.38,10.69,10.84,6629100,VPB
2021-01-27 07:00:00,10.56,11.04,10.12,10.2,8073900,VPB
2021-01-28 07:00:00,9.51,9.89,9.49,9.49,8709000,VPB
2021-01-29 07:00:00,9.03,10.15,9.03,9.6,7679900,VPB
2021-02-01 07:00:00,9.67,10.13,9.6,9.92,8096300,VPB
2021-02-02 07:00:00,9.92,10.61,9.92,10.61,4539500,VPB
2021-02-03 07:00:00,10.88,11.35,10.72,11.35,7212700,VPB
2021-02-04 07:00:00,11.36,11.91,11.36,11.72,8271100,VPB
2021-02-05 07:00:00,11.72,11.88,11.62,11.84,5609800,VPB
2021-02-08 07:00:00,11.84,11.84,11.04,11.52,8585000,VPB
2021-02-09 07:00:00,11.68,12.32,11.33,12.32,11427300,VPB
2021-02-17 07:00:00,12.64,13.17,12.55,13.17,6880800,VPB
2021-02-18 07:00:00,13.09,13.28,12.8,13.22,5151300,VPB
2021-02-19 07:00:00,12.9,13.2,12.84,13.0,5478300,VPB
2021-02-22 07:00:00,12.9,13.44,12.82,13.11,4886200,VPB
2021-02-23 07:00:00,13.12,13.32,12.64,12.96,8992000,VPB
2021-02-24 07:00:00,13.16,13.16,12.64,12.71,4924100,VPB
2021-02-25 07:00:00,12.71,12.8,12.31,12.68,7600300,VPB
2021-02-26 07:00:00,12.39,12.88,12.37,12.8,5846800,VPB
2021-03-01 07:00:00,13.03,13.11,12.82,13.06,3352500,VPB
2021-03-02 07:00:00,13.16,13.17,13.0,13.04,5150400,VPB
2021-03-03 07:00:00,13.04,13.35,13.0,13.32,6067500,VPB
2021-03-04 07:00:00,13.44,13.69,12.8,13.28,7501300,VPB
2021-03-05 07:00:00,13.09,13.41,12.96,13.38,3581200,VPB
2021-03-08 07:00:00,13.41,13.61,13.09,13.24,3558200,VPB
2021-03-09 07:00:00,13.12,13.61,12.96,13.38,5754000,VPB
2021-03-10 07:00:00,13.41,13.57,13.22,13.44,3655900,VPB
2021-03-11 07:00:00,13.61,14.21,13.51,14.01,7863700,VPB
2021-03-12 07:00:00,14.12,14.41,14.01,14.25,8652300,VPB
2021-03-15 07:00:00,14.25,14.41,14.05,14.34,5081100,VPB
2021-03-16 07:00:00,14.34,14.34,13.89,14.2,5495600,VPB
2021-03-17 07:00:00,14.2,14.39,14.05,14.28,3472100,VPB
2021-03-18 07:00:00,14.53,14.68,14.33,14.68,6211400,VPB
2021-03-19 07:00:00,14.47,14.61,14.34,14.47,2892600,VPB
2021-03-22 07:00:00,14.44,14.47,14.18,14.37,4302500,VPB
2021-03-23 07:00:00,14.17,14.37,14.09,14.25,3984700,VPB
2021-03-24 07:00:00,14.04,14.18,13.77,14.12,3766600,VPB
2021-03-25 07:00:00,14.12,14.18,13.8,13.85,2258200,VPB
2021-03-26 07:00:00,13.85,13.96,13.28,13.89,3505000,VPB
2021-03-29 07:00:00,13.93,14.25,13.78,14.25,2731800,VPB
2021-03-30 07:00:00,14.34,14.49,14.15,14.39,3701300,VPB
2021-03-31 07:00:00,14.15,14.39,14.15,14.29,2875600,VPB
2021-04-01 07:00:00,14.29,14.76,14.21,14.69,5147000,VPB
2021-04-02 07:00:00,14.85,14.92,14.68,14.79,2400100,VPB
2021-04-05 07:00:00,14.98,14.98,14.69,14.87,3162000,VPB
2021-04-06 07:00:00,14.87,15.05,14.41,14.87,3766400,VPB
2021-04-07 07:00:00,14.73,15.05,14.73,14.89,4134200,VPB
2021-04-08 07:00:00,15.05,15.11,14.76,14.95,4285000,VPB
2021-04-09 07:00:00,14.95,15.25,14.82,15.11,6145000,VPB
2021-04-12 07:00:00,15.21,15.8,15.21,15.69,12507000,VPB
2021-04-13 07:00:00,16.01,16.17,15.7,15.91,8737300,VPB
2021-04-14 07:00:00,16.01,16.07,15.69,16.04,8429500,VPB
2021-04-15 07:00:00,16.04,16.3,15.88,16.01,8588700,VPB
2021-04-16 07:00:00,15.85,16.01,15.53,15.67,7968700,VPB
2021-04-19 07:00:00,15.85,15.86,15.43,15.86,6235000,VPB
2021-04-20 07:00:00,15.86,15.97,15.69,15.85,7469200,VPB
2021-04-22 07:00:00,15.88,16.49,14.74,15.69,18528500,VPB
2021-04-23 07:00:00,15.77,16.33,15.62,16.33,17736800,VPB
2021-04-26 07:00:00,16.49,17.13,16.45,16.97,18067600,VPB
2021-04-27 07:00:00,16.77,17.1,16.45,17.03,16956600,VPB
2021-04-28 07:00:00,17.13,17.61,16.9,17.61,17660900,VPB
2021-04-29 07:00:00,17.77,18.82,17.35,18.73,41536000,VPB
2021-05-04 07:00:00,18.28,19.05,17.99,19.05,24846500,VPB
2021-05-05 07:00:00,19.05,19.72,18.79,19.4,21968300,VPB
2021-05-06 07:00:00,19.4,19.82,19.3,19.78,28868100,VPB
2021-05-07 07:00:00,19.69,19.72,19.24,19.69,36308200,VPB
2021-05-10 07:00:00,19.53,20.04,19.21,19.94,36069200,VPB
2021-05-11 07:00:00,19.98,20.33,19.69,20.17,24541400,VPB
2021-05-12 07:00:00,20.07,20.49,19.69,20.49,33403900,VPB
2021-05-13 07:00:00,20.33,20.97,20.26,20.84,25718500,VPB
2021-05-14 07:00:00,20.87,21.32,20.42,21.32,44422200,VPB
2021-05-17 07:00:00,21.38,21.58,20.78,21.06,36478300,VPB
2021-05-18 07:00:00,21.06,21.51,20.65,21.51,30645700,VPB
2021-05-19 07:00:00,21.29,21.61,20.81,21.61,41305500,VPB
2021-05-20 07:00:00,21.51,21.58,20.97,21.38,34350700,VPB
2021-05-21 07:00:00,21.38,21.77,20.81,21.7,42798800,VPB
2021-05-24 07:00:00,21.7,21.7,20.87,21.35,39712200,VPB
2021-05-25 07:00:00,20.97,21.61,20.94,21.38,31781000,VPB
2021-05-26 07:00:00,21.32,21.74,21.16,21.64,35197100,VPB
2021-05-27 07:00:00,21.67,21.67,21.16,21.54,38641900,VPB
2021-05-28 07:00:00,21.48,21.99,21.42,21.96,39912100,VPB
2021-05-31 07:00:00,21.96,22.15,21.51,22.15,33135900,VPB
2021-06-01 07:00:00,21.93,22.47,21.51,22.18,46477100,VPB
2021-06-02 07:00:00,22.09,22.5,21.8,22.47,29367400,VPB
2021-06-03 07:00:00,22.44,22.66,21.8,22.6,59255200,VPB
2021-06-04 07:00:00,22.18,22.98,21.96,22.95,76583400,VPB
2021-06-07 07:00:00,22.73,23.05,22.25,23.05,45648300,VPB
2021-06-08 07:00:00,22.76,23.05,22.44,22.89,50833300,VPB
2021-06-09 07:00:00,22.73,23.11,22.44,22.98,33409200,VPB
2021-06-10 07:00:00,22.73,23.08,22.44,22.98,76530000,VPB
2021-06-11 07:00:00,22.73,22.98,22.47,22.95,30016000,VPB
2021-06-14 07:00:00,22.82,22.82,22.41,22.7,35156100,VPB
2021-06-15 07:00:00,22.47,22.47,21.13,21.29,37834100,VPB
2021-06-16 07:00:00,21.13,21.77,21.13,21.38,24074100,VPB
2021-06-17 07:00:00,21.13,21.26,20.81,21.13,15732600,VPB
2021-06-18 07:00:00,21.1,21.35,21.1,21.29,14881900,VPB
2021-06-21 07:00:00,21.32,21.45,21.1,21.29,15519400,VPB
2021-06-22 07:00:00,21.29,21.38,20.97,21.13,16227700,VPB
2021-06-23 07:00:00,21.77,22.22,21.74,22.09,30671700,VPB
2021-06-24 07:00:00,22.25,22.28,21.9,21.96,13397200,VPB
2021-06-25 07:00:00,21.93,22.09,21.74,21.83,11060600,VPB
2021-06-28 07:00:00,21.9,21.9,21.67,21.77,17281700,VPB
2021-06-29 07:00:00,21.77,21.83,21.38,21.42,15695100,VPB
2021-06-30 07:00:00,21.45,21.77,21.45,21.67,15417000,VPB
2021-07-01 07:00:00,21.83,22.57,21.64,22.54,30912800,VPB
2021-07-02 07:00:00,22.98,23.11,22.57,23.08,31892600,VPB
2021-07-05 07:00:00,23.18,23.34,22.89,23.27,23568800,VPB
2021-07-06 07:00:00,23.21,23.47,22.73,22.73,29560100,VPB
2021-07-07 07:00:00,22.73,22.89,22.12,22.63,16762200,VPB
2021-07-08 07:00:00,22.66,22.79,22.18,22.18,19600100,VPB
2021-07-09 07:00:00,21.99,22.5,21.45,22.02,21204600,VPB
2021-07-12 07:00:00,21.9,21.93,20.49,20.49,22323700,VPB
2021-07-13 07:00:00,20.62,20.81,19.78,20.49,17823800,VPB
2021-07-14 07:00:00,20.33,20.49,19.24,19.69,22403200,VPB
2021-07-15 07:00:00,19.72,21.03,19.53,20.49,17772800,VPB
2021-07-16 07:00:00,20.81,20.9,20.58,20.65,15478800,VPB
2021-07-19 07:00:00,19.98,20.17,19.21,19.21,17012800,VPB
2021-07-20 07:00:00,19.21,19.53,18.73,19.4,11652900,VPB
2021-07-21 07:00:00,19.53,19.75,19.3,19.3,7778100,VPB
2021-07-22 07:00:00,19.3,19.62,19.11,19.46,6636500,VPB
2021-07-23 07:00:00,19.43,19.53,18.73,18.73,11176300,VPB
2021-07-26 07:00:00,18.57,18.7,18.09,18.15,9337800,VPB
2021-07-27 07:00:00,18.5,18.66,18.12,18.25,12908100,VPB
2021-07-28 07:00:00,18.12,18.28,18.02,18.02,4633700,VPB
2021-07-29 07:00:00,18.57,18.63,18.25,18.47,8593600,VPB
2021-07-30 07:00:00,18.57,19.53,18.47,19.53,15637500,VPB
2021-08-02 07:00:00,19.69,19.69,19.34,19.34,7576200,VPB
2021-08-03 07:00:00,19.27,19.5,19.27,19.46,8690200,VPB
2021-08-04 07:00:00,19.43,19.59,19.34,19.37,8030500,VPB
2021-08-05 07:00:00,19.4,19.78,19.3,19.78,8050400,VPB
2021-08-06 07:00:00,19.69,19.85,19.4,19.4,11940900,VPB
2021-08-09 07:00:00,19.21,19.62,19.21,19.53,8858800,VPB
2021-08-10 07:00:00,19.62,19.69,19.24,19.37,6199800,VPB
2021-08-11 07:00:00,19.43,19.82,19.37,19.59,13475100,VPB
2021-08-12 07:00:00,19.66,20.04,19.62,19.82,9887800,VPB
2021-08-13 07:00:00,20.17,20.36,20.07,20.36,15126300,VPB
2021-08-16 07:00:00,20.49,21.38,20.46,21.0,15639700,VPB
2021-08-17 07:00:00,21.13,21.26,20.65,20.84,11377300,VPB
2021-08-18 07:00:00,20.81,20.84,20.36,20.49,14072500,VPB
2021-08-19 07:00:00,20.42,20.68,20.2,20.68,12087300,VPB
2021-08-20 07:00:00,20.52,20.55,19.53,20.01,15943000,VPB
2021-08-23 07:00:00,19.85,19.98,19.4,19.4,9160600,VPB
2021-08-24 07:00:00,19.5,19.88,19.34,19.53,8345400,VPB
2021-08-25 07:00:00,19.69,19.75,19.46,19.66,3674100,VPB
2021-08-26 07:00:00,19.78,19.85,19.43,19.46,4178000,VPB
2021-08-27 07:00:00,19.27,19.59,19.14,19.59,6435800,VPB
2021-08-30 07:00:00,19.82,19.85,19.56,19.72,4085900,VPB
2021-08-31 07:00:00,19.75,19.88,19.66,19.72,5355800,VPB
2021-09-01 07:00:00,19.59,19.85,19.43,19.69,6559200,VPB
2021-09-06 07:00:00,19.75,19.78,19.5,19.56,4629400,VPB
2021-09-07 07:00:00,19.59,20.42,19.59,20.33,10516500,VPB
2021-09-08 07:00:00,20.36,20.39,19.85,19.85,5217900,VPB
2021-09-09 07:00:00,19.85,20.33,19.85,20.3,6166500,VPB
2021-09-10 07:00:00,20.36,20.94,20.36,20.68,10239100,VPB
2021-09-13 07:00:00,20.81,21.13,20.71,20.74,7447900,VPB
2021-09-14 07:00:00,20.74,20.74,20.39,20.46,6174200,VPB
2021-09-15 07:00:00,20.23,20.52,20.2,20.46,4153000,VPB
2021-09-16 07:00:00,20.58,20.81,20.55,20.81,4700400,VPB
2021-09-17 07:00:00,20.97,21.58,20.94,21.45,13065500,VPB
2021-09-20 07:00:00,21.93,22.02,21.48,21.61,8121300,VPB
2021-09-21 07:00:00,21.51,21.67,21.29,21.42,6883800,VPB
2021-09-22 07:00:00,21.42,21.45,21.13,21.38,4623100,VPB
2021-09-23 07:00:00,21.32,21.64,21.22,21.45,5168200,VPB
2021-09-24 07:00:00,21.45,21.54,21.35,21.45,4296300,VPB
2021-09-27 07:00:00,21.42,21.86,21.38,21.45,9520500,VPB
2021-09-28 07:00:00,21.45,21.45,20.97,21.38,6959900,VPB
2021-09-29 07:00:00,21.32,21.32,21.0,21.13,6609400,VPB
2021-09-30 07:00:00,21.19,21.29,20.94,21.1,6847300,VPB
2021-10-01 07:00:00,21.0,21.03,20.39,20.46,8924700,VPB
2021-10-04 07:00:00,20.42,20.46,19.75,20.17,11432400,VPB
2021-10-05 07:00:00,20.14,20.17,19.98,20.04,8952200,VPB
2021-10-06 07:00:00,20.07,20.07,19.53,19.72,16536400,VPB
2021-10-07 07:00:00,20.3,20.7,20.12,20.56,12448200,VPB
2021-10-08 07:00:00,20.61,20.76,20.35,20.7,6885300,VPB
2021-10-11 07:00:00,20.64,21.22,20.47,21.22,10741700,VPB
2021-10-12 07:00:00,21.22,21.34,20.9,21.16,6415500,VPB
2021-10-13 07:00:00,21.1,21.28,20.93,21.25,5638900,VPB
2021-10-14 07:00:00,21.05,21.31,21.05,21.31,8081300,VPB
2021-10-15 07:00:00,21.31,21.68,21.25,21.62,11593400,VPB
2021-10-18 07:00:00,21.68,22.49,21.62,22.14,15081500,VPB
2021-10-19 07:00:00,22.23,22.29,22.0,22.2,10105300,VPB
2021-10-20 07:00:00,22.17,22.37,21.77,22.08,8407100,VPB
2021-10-21 07:00:00,22.08,22.2,21.65,21.65,8996800,VPB
2021-10-22 07:00:00,21.77,21.85,21.45,21.45,6945900,VPB
2021-10-25 07:00:00,21.39,21.39,21.16,21.34,8556600,VPB
2021-10-26 07:00:00,21.13,21.36,20.87,21.36,5707200,VPB
2021-10-27 07:00:00,21.62,22.0,21.36,21.88,6771900,VPB
2021-10-28 07:00:00,22.17,22.26,21.88,22.26,10666700,VPB
2021-10-29 07:00:00,22.32,22.49,21.85,21.94,7850700,VPB
2021-11-01 07:00:00,21.91,22.11,21.62,21.65,6479400,VPB
2021-11-02 07:00:00,21.56,21.74,21.54,21.65,5691000,VPB
2021-11-03 07:00:00,21.62,22.49,21.62,22.14,17622200,VPB
2021-11-04 07:00:00,22.23,22.23,21.85,21.91,4579500,VPB
2021-11-05 07:00:00,21.91,22.17,21.82,21.88,4384700,VPB
2021-11-08 07:00:00,22.03,22.03,21.62,21.65,8065600,VPB
2021-11-09 07:00:00,21.68,21.74,21.36,21.36,10137900,VPB
2021-11-10 07:00:00,21.39,21.45,21.1,21.16,6277200,VPB
2021-11-11 07:00:00,21.16,21.36,20.5,21.05,9202600,VPB
2021-11-12 07:00:00,21.05,21.34,20.73,21.19,6948500,VPB
2021-11-15 07:00:00,21.1,21.13,20.79,20.84,10094400,VPB
2021-11-16 07:00:00,20.84,21.34,20.7,20.84,9094400,VPB
2021-11-17 07:00:00,20.9,21.05,20.67,20.84,11946000,VPB
2021-11-18 07:00:00,20.76,20.87,20.41,20.41,12144300,VPB
2021-11-19 07:00:00,20.47,21.22,20.1,20.87,19584000,VPB
2021-11-22 07:00:00,20.87,21.71,20.7,21.16,17052800,VPB
2021-11-23 07:00:00,21.28,21.39,20.82,20.9,7528100,VPB
2021-11-24 07:00:00,20.9,21.68,20.7,21.51,35983800,VPB
2021-11-25 07:00:00,21.82,22.2,21.56,21.91,32485400,VPB
2021-11-26 07:00:00,22.14,22.78,22.03,22.6,44749100,VPB
2021-11-29 07:00:00,22.26,22.43,21.91,22.14,25498200,VPB
2021-11-30 07:00:00,22.37,22.43,21.51,21.74,20488900,VPB
2021-12-01 07:00:00,21.62,21.85,21.31,21.85,19113100,VPB
2021-12-02 07:00:00,21.85,21.88,21.34,21.34,10419400,VPB
2021-12-03 07:00:00,21.51,21.65,20.35,20.58,23234900,VPB
2021-12-06 07:00:00,20.61,20.79,19.6,20.47,21344000,VPB
2021-12-07 07:00:00,20.58,20.79,20.1,20.56,15361100,VPB
2021-12-08 07:00:00,20.58,20.99,20.18,20.61,16491700,VPB
2021-12-09 07:00:00,20.41,20.73,20.41,20.53,12963000,VPB
2021-12-10 07:00:00,20.61,20.87,20.5,20.64,15276400,VPB
2021-12-13 07:00:00,20.76,20.82,20.35,20.41,11569800,VPB
2021-12-14 07:00:00,20.41,20.64,20.18,20.18,16088600,VPB
2021-12-15 07:00:00,20.18,20.24,19.86,19.98,24972100,VPB
2021-12-16 07:00:00,20.18,20.18,19.32,19.43,37476500,VPB
2021-12-17 07:00:00,19.55,19.84,19.43,19.49,27609900,VPB
2021-12-20 07:00:00,19.78,20.15,19.49,19.69,22590800,VPB
2021-12-21 07:00:00,19.6,19.89,19.6,19.69,11683300,VPB
2021-12-22 07:00:00,19.72,19.84,19.37,19.37,20011000,VPB
2021-12-23 07:00:00,19.37,19.55,18.62,18.68,18152200,VPB
2021-12-24 07:00:00,18.86,19.81,18.74,19.75,13097600,VPB
2021-12-27 07:00:00,19.92,20.01,19.6,19.81,7135700,VPB
2021-12-28 07:00:00,19.89,19.92,19.66,19.92,9869300,VPB
2021-12-29 07:00:00,20.01,20.3,19.98,20.04,8833300,VPB
2021-12-30 07:00:00,20.12,20.5,20.1,20.41,9529200,VPB
2021-12-31 07:00:00,20.47,20.87,20.44,20.64,11228400,VPB
2022-01-04 07:00:00,20.84,20.96,20.76,20.79,14307900,VPB
2022-01-05 07:00:00,20.79,20.84,20.47,20.47,13262600,VPB
2022-01-06 07:00:00,20.35,20.47,20.12,20.27,14344800,VPB
2022-01-07 07:00:00,20.24,20.27,19.95,19.95,11996200,VPB
2022-01-10 07:00:00,19.89,20.24,19.69,19.84,11049800,VPB
2022-01-11 07:00:00,19.84,20.07,19.6,19.78,9312300,VPB
2022-01-12 07:00:00,19.72,20.44,19.52,20.41,12092100,VPB
2022-01-13 07:00:00,20.58,20.9,20.15,20.32,15856600,VPB
2022-01-14 07:00:00,20.32,20.41,20.01,20.1,6912100,VPB
2022-01-17 07:00:00,20.1,20.24,19.06,19.06,12758900,VPB
2022-01-18 07:00:00,19.06,19.55,19.03,19.17,6343100,VPB
2022-01-19 07:00:00,19.2,19.58,19.2,19.32,6515600,VPB
2022-01-20 07:00:00,19.37,19.58,19.14,19.58,7756800,VPB
2022-01-21 07:00:00,19.6,20.04,19.34,19.78,9127100,VPB
2022-01-24 07:00:00,19.63,19.81,19.03,19.29,11998200,VPB
2022-01-25 07:00:00,19.26,20.12,19.09,20.12,11700500,VPB
2022-01-26 07:00:00,20.12,20.96,20.07,20.7,18805000,VPB
2022-01-27 07:00:00,20.7,21.13,20.41,20.44,16417500,VPB
2022-01-28 07:00:00,20.56,21.16,20.47,21.13,24088600,VPB
2022-02-07 07:00:00,21.34,21.45,20.93,20.93,11233200,VPB
2022-02-08 07:00:00,20.84,21.85,20.82,21.51,22298900,VPB
2022-02-09 07:00:00,21.62,21.91,21.39,21.39,18041900,VPB
2022-02-10 07:00:00,21.36,21.48,20.84,21.16,15375100,VPB
2022-02-11 07:00:00,21.22,21.45,21.05,21.1,11792400,VPB
2022-02-14 07:00:00,20.87,21.02,20.18,20.18,19972100,VPB
2022-02-15 07:00:00,20.3,20.87,20.3,20.73,12555400,VPB
2022-02-16 07:00:00,20.82,20.99,20.56,20.56,6911100,VPB
2022-02-17 07:00:00,20.56,20.93,20.5,20.93,10943800,VPB
2022-02-18 07:00:00,20.7,20.76,20.58,20.7,9693800,VPB
2022-02-21 07:00:00,20.64,20.84,20.41,20.7,10170500,VPB
2022-02-22 07:00:00,20.47,20.7,20.3,20.5,10692300,VPB
2022-02-23 07:00:00,20.58,20.84,20.47,20.7,13643600,VPB
2022-02-24 07:00:00,20.67,21.45,20.53,21.28,35730400,VPB
2022-02-25 07:00:00,21.51,22.37,21.34,22.03,49379700,VPB
2022-02-28 07:00:00,22.03,22.32,21.62,21.91,21335600,VPB
2022-03-01 07:00:00,21.85,22.03,21.59,21.77,16869400,VPB
2022-03-02 07:00:00,21.56,21.56,21.05,21.05,29095300,VPB
2022-03-03 07:00:00,21.22,21.59,21.05,21.59,20145000,VPB
2022-03-04 07:00:00,21.62,22.46,21.59,21.97,47246400,VPB
2022-03-07 07:00:00,21.91,22.08,21.54,21.74,19257100,VPB
2022-03-08 07:00:00,21.62,21.74,21.19,21.34,16269800,VPB
2022-03-09 07:00:00,21.42,21.48,21.05,21.25,13754700,VPB
2022-03-10 07:00:00,21.62,21.65,21.19,21.19,10978100,VPB
2022-03-11 07:00:00,21.13,21.36,20.87,20.99,10846400,VPB
2022-03-14 07:00:00,20.82,20.93,20.53,20.76,14189800,VPB
2022-03-15 07:00:00,20.76,21.31,20.76,21.28,11626100,VPB
2022-03-16 07:00:00,21.34,21.48,21.22,21.22,8577500,VPB
2022-03-17 07:00:00,21.31,21.39,21.02,21.02,8245000,VPB
2022-03-18 07:00:00,21.08,21.16,20.87,20.9,9468400,VPB
2022-03-21 07:00:00,21.05,21.28,20.82,21.22,6580000,VPB
2022-03-22 07:00:00,21.22,21.68,21.22,21.25,10463600,VPB
2022-03-23 07:00:00,21.36,21.36,21.13,21.13,9286100,VPB
2022-03-24 07:00:00,21.13,21.16,20.96,20.96,12673000,VPB
2022-03-25 07:00:00,20.96,21.28,20.93,21.19,9600800,VPB
2022-03-28 07:00:00,21.13,21.13,20.76,20.9,12230200,VPB
2022-03-29 07:00:00,20.9,21.05,20.9,20.99,7423300,VPB
2022-03-30 07:00:00,20.93,21.59,20.87,21.22,16622400,VPB
2022-03-31 07:00:00,21.28,21.62,21.22,21.45,9162300,VPB
2022-04-01 07:00:00,21.39,22.26,21.34,22.26,36857900,VPB
2022-04-04 07:00:00,22.83,23.01,22.43,22.49,24503700,VPB
2022-04-05 07:00:00,22.32,22.6,22.0,22.08,15772700,VPB
2022-04-06 07:00:00,21.97,23.18,21.82,23.04,41068500,VPB
2022-04-07 07:00:00,23.12,23.67,22.95,22.95,31583800,VPB
2022-04-08 07:00:00,22.95,23.09,22.37,22.37,23996600,VPB
2022-04-12 07:00:00,22.54,23.18,22.49,22.49,25203900,VPB
2022-04-13 07:00:00,22.72,22.75,21.91,22.49,25270100,VPB
2022-04-14 07:00:00,22.49,23.41,22.43,22.78,23375700,VPB
2022-04-15 07:00:00,22.66,22.89,21.74,22.2,29772100,VPB
2022-04-18 07:00:00,22.2,22.26,21.13,21.13,28756000,VPB
2022-04-19 07:00:00,21.25,21.59,20.58,20.64,24120700,VPB
2022-04-20 07:00:00,20.47,20.9,20.3,20.3,21334600,VPB
2022-04-21 07:00:00,20.24,21.05,19.89,20.47,18919400,VPB
2022-04-22 07:00:00,20.87,21.45,20.41,21.22,22705300,VPB
2022-04-25 07:00:00,21.13,21.31,19.75,19.75,32739600,VPB
2022-04-26 07:00:00,19.37,21.1,19.09,20.99,22646100,VPB
2022-04-27 07:00:00,20.76,21.02,20.41,20.73,12469900,VPB
2022-04-28 07:00:00,20.82,21.16,20.67,21.05,11125800,VPB
2022-04-29 07:00:00,21.05,21.28,20.93,21.16,13253000,VPB
2022-05-04 07:00:00,21.19,21.19,20.64,20.64,12017800,VPB
2022-05-05 07:00:00,20.96,20.96,20.04,20.5,10625200,VPB
2022-05-06 07:00:00,20.18,20.27,19.69,19.69,12789500,VPB
2022-05-09 07:00:00,19.43,19.58,18.34,18.34,23931200,VPB
2022-05-10 07:00:00,17.96,19.2,17.96,19.2,15091000,VPB
2022-05-11 07:00:00,19.2,19.55,18.77,19.26,7613600,VPB
2022-05-12 07:00:00,19.0,19.03,17.93,17.93,17904700,VPB
2022-05-13 07:00:00,17.99,18.22,16.72,16.72,20466800,VPB
2022-05-16 07:00:00,17.3,17.61,16.72,16.72,12267800,VPB
2022-05-17 07:00:00,16.72,17.88,16.69,17.88,10387900,VPB
2022-05-18 07:00:00,18.16,18.54,17.7,17.85,11877200,VPB
2022-05-19 07:00:00,17.36,17.82,17.27,17.56,9190800,VPB
2022-05-20 07:00:00,17.64,17.85,17.47,17.64,7415500,VPB
2022-05-23 07:00:00,17.76,17.76,16.84,16.9,11050700,VPB
2022-05-24 07:00:00,17.07,17.41,16.84,17.3,9892000,VPB
2022-05-25 07:00:00,17.5,18.16,17.41,18.16,12839500,VPB
2022-05-26 07:00:00,18.28,18.31,17.9,17.9,8627400,VPB
2022-05-27 07:00:00,17.93,18.05,17.73,17.93,10558700,VPB
2022-05-30 07:00:00,18.13,18.22,17.9,18.22,11854000,VPB
2022-05-31 07:00:00,18.16,18.22,17.76,17.88,10284800,VPB
2022-06-01 07:00:00,17.82,17.99,17.53,17.79,10029300,VPB
2022-06-02 07:00:00,17.82,17.85,17.36,17.44,9005500,VPB
2022-06-03 07:00:00,17.41,17.73,17.39,17.73,7124300,VPB
2022-06-06 07:00:00,17.7,17.99,17.5,17.64,7703100,VPB
2022-06-07 07:00:00,17.61,17.7,17.18,17.56,7824600,VPB
2022-06-08 07:00:00,17.64,18.42,17.44,18.34,19013900,VPB
2022-06-09 07:00:00,18.39,18.42,18.16,18.16,9402900,VPB
2022-06-10 07:00:00,18.05,18.31,17.82,17.82,9656300,VPB
2022-06-13 07:00:00,17.3,17.56,16.58,16.58,20960500,VPB
2022-06-14 07:00:00,16.26,16.84,16.26,16.64,11517000,VPB
2022-06-15 07:00:00,16.64,16.95,15.91,16.64,12843800,VPB
2022-06-16 07:00:00,16.84,16.95,16.69,16.72,5252400,VPB
2022-06-17 07:00:00,16.32,16.43,15.74,16.09,12547400,VPB
2022-06-20 07:00:00,16.09,16.14,15.28,15.63,9859300,VPB
2022-06-21 07:00:00,15.77,16.12,15.45,15.68,7203800,VPB
2022-06-22 07:00:00,16.06,16.69,15.86,16.38,7054900,VPB
2022-06-23 07:00:00,16.14,16.46,16.12,16.4,4754900,VPB
2022-06-24 07:00:00,16.32,16.58,16.23,16.23,3607300,VPB
2022-06-27 07:00:00,16.32,16.78,16.29,16.66,5872800,VPB
2022-06-28 07:00:00,16.43,17.5,16.43,17.3,12179100,VPB
2022-06-29 07:00:00,17.07,17.44,17.01,17.3,8388900,VPB
2022-06-30 07:00:00,17.24,17.41,16.72,16.72,7880400,VPB
2022-07-01 07:00:00,16.78,16.92,16.2,16.78,7028900,VPB
2022-07-04 07:00:00,16.84,17.01,16.64,16.84,8848600,VPB
2022-07-05 07:00:00,16.87,17.21,16.84,17.01,11408500,VPB
2022-07-06 07:00:00,16.9,17.04,16.61,16.61,5589500,VPB
2022-07-07 07:00:00,16.64,16.75,16.4,16.66,7855100,VPB
2022-07-08 07:00:00,16.72,16.81,16.46,16.49,7340400,VPB
2022-07-11 07:00:00,16.38,16.43,15.86,15.86,8474400,VPB
2022-07-12 07:00:00,15.94,16.26,15.83,16.0,8383200,VPB
2022-07-13 07:00:00,16.03,16.26,15.89,16.0,10535300,VPB
2022-07-14 07:00:00,15.94,16.2,15.86,16.17,9794300,VPB
2022-07-15 07:00:00,16.2,16.35,16.17,16.29,8732200,VPB
2022-07-18 07:00:00,16.43,16.52,16.23,16.23,7537400,VPB
2022-07-19 07:00:00,16.23,16.23,16.0,16.14,6233900,VPB
2022-07-20 07:00:00,16.32,16.4,16.2,16.23,9698300,VPB
2022-07-21 07:00:00,16.26,16.35,16.14,16.26,9258800,VPB
2022-07-22 07:00:00,16.32,16.43,16.2,16.23,7270700,VPB
2022-07-25 07:00:00,16.23,16.23,15.94,15.94,7813800,VPB
2022-07-26 07:00:00,15.91,16.17,15.89,15.97,7418900,VPB
2022-07-27 07:00:00,15.91,16.0,15.83,15.97,6395800,VPB
2022-07-28 07:00:00,16.14,16.61,16.03,16.38,18936300,VPB
2022-07-29 07:00:00,16.43,16.55,16.32,16.55,12985400,VPB
2022-08-01 07:00:00,16.55,16.78,16.46,16.78,12729400,VPB
2022-08-02 07:00:00,16.9,16.9,16.58,16.75,11967000,VPB
2022-08-03 07:00:00,16.64,16.81,16.52,16.72,13033100,VPB
2022-08-04 07:00:00,16.87,17.27,16.75,16.95,18168400,VPB
2022-08-05 07:00:00,16.95,17.01,16.69,16.92,12186100,VPB
2022-08-08 07:00:00,16.95,17.3,16.84,17.3,17182600,VPB
2022-08-09 07:00:00,17.41,17.76,17.3,17.44,20344900,VPB
2022-08-10 07:00:00,17.47,17.5,17.27,17.36,10950100,VPB
2022-08-11 07:00:00,17.53,17.59,17.07,17.07,15022600,VPB
2022-08-12 07:00:00,17.1,17.24,16.95,17.24,8700500,VPB
2022-08-15 07:00:00,17.41,17.56,17.3,17.5,11208300,VPB
2022-08-16 07:00:00,17.5,17.5,17.27,17.39,10232300,VPB
2022-08-17 07:00:00,17.41,17.59,17.33,17.39,10393600,VPB
2022-08-18 07:00:00,17.47,17.5,17.27,17.33,11851100,VPB
2022-08-19 07:00:00,17.41,18.34,17.33,18.02,31776400,VPB
2022-08-22 07:00:00,18.02,18.22,17.85,18.02,13398800,VPB
2022-08-23 07:00:00,17.76,17.99,17.59,17.99,8849600,VPB
2022-08-24 07:00:00,17.99,18.22,17.9,18.11,12754800,VPB
2022-08-25 07:00:00,18.19,18.65,18.19,18.42,17456000,VPB
2022-08-26 07:00:00,18.57,18.8,18.05,18.22,15131200,VPB
2022-08-29 07:00:00,17.88,18.16,17.64,17.99,17970200,VPB
2022-08-30 07:00:00,18.11,18.45,17.99,18.08,9111400,VPB
2022-08-31 07:00:00,18.13,18.34,17.96,18.34,8456400,VPB
2022-09-05 07:00:00,18.28,18.34,18.02,18.05,11936400,VPB
2022-09-06 07:00:00,18.05,18.34,17.96,18.11,11575500,VPB
2022-09-07 07:00:00,18.11,18.11,17.47,17.47,18602000,VPB
2022-09-08 07:00:00,17.5,17.59,17.24,17.24,10654300,VPB
2022-09-09 07:00:00,17.44,17.76,17.24,17.59,17656800,VPB
2022-09-12 07:00:00,17.7,17.96,17.53,17.56,7759400,VPB
2022-09-13 07:00:00,17.56,17.7,17.5,17.59,6754100,VPB
2022-09-14 07:00:00,17.18,17.47,17.18,17.47,15232600,VPB
2022-09-15 07:00:00,17.56,17.73,17.47,17.47,9271800,VPB
2022-09-16 07:00:00,17.53,17.99,17.53,17.61,16945700,VPB
2022-09-19 07:00:00,17.7,17.88,17.18,17.24,14967200,VPB
2022-09-20 07:00:00,17.41,17.47,17.01,17.3,12528400,VPB
2022-09-21 07:00:00,17.18,17.3,16.78,17.01,12579500,VPB
2022-09-22 07:00:00,16.84,17.1,16.66,16.9,8541400,VPB
2022-09-23 07:00:00,16.92,17.07,16.55,16.58,9847300,VPB
2022-09-26 07:00:00,16.32,16.4,15.6,15.91,17753300,VPB
2022-09-27 07:00:00,16.03,16.14,15.66,15.8,12957000,VPB
2022-09-28 07:00:00,16.1,16.23,15.84,16.02,10527500,VPB
2022-09-29 07:00:00,16.23,16.27,15.58,15.58,5605100,VPB
2022-09-30 07:00:00,15.76,15.8,14.8,15.58,15853300,VPB
2022-10-03 07:00:00,15.45,15.45,14.5,14.72,24720900,VPB
2022-10-04 07:00:00,14.89,15.19,13.85,14.54,17447600,VPB
2022-10-05 07:00:00,15.06,15.11,14.54,14.72,13912600,VPB
2022-10-06 07:00:00,14.8,14.8,13.72,14.28,13937100,VPB
2022-10-07 07:00:00,13.85,14.2,13.29,13.29,19180300,VPB
2022-10-10 07:00:00,12.81,13.76,12.38,13.29,14888700,VPB
2022-10-11 07:00:00,12.99,13.29,12.38,13.29,19258200,VPB
2022-10-12 07:00:00,13.24,14.02,12.99,13.85,10409800,VPB
2022-10-13 07:00:00,13.94,14.02,13.33,13.85,11415600,VPB
2022-10-14 07:00:00,14.28,14.28,13.85,13.98,8932700,VPB
2022-10-17 07:00:00,13.68,13.98,13.24,13.81,7432900,VPB
2022-10-18 07:00:00,14.02,14.15,13.81,13.81,7378800,VPB
2022-10-19 07:00:00,13.94,13.94,13.59,13.81,9833500,VPB
2022-10-20 07:00:00,13.72,13.98,13.59,13.81,8684100,VPB
2022-10-21 07:00:00,13.85,13.85,13.07,13.46,13706600,VPB
2022-10-24 07:00:00,13.5,13.55,12.81,13.33,10493200,VPB
2022-10-25 07:00:00,13.2,13.9,12.9,13.38,15262300,VPB
2022-10-26 07:00:00,13.42,13.64,13.16,13.46,7060400,VPB
2022-10-27 07:00:00,13.42,14.33,13.03,14.33,20959900,VPB
2022-10-28 07:00:00,14.37,14.63,14.15,14.15,8111200,VPB
2022-10-31 07:00:00,14.28,14.37,13.55,14.15,11070200,VPB
2022-11-01 07:00:00,14.28,15.11,14.28,14.89,25628600,VPB
2022-11-02 07:00:00,14.89,15.41,14.63,15.15,21507900,VPB
2022-11-03 07:00:00,14.85,15.28,14.85,15.15,11402300,VPB
2022-11-04 07:00:00,14.85,15.06,14.33,14.67,32346400,VPB
2022-11-07 07:00:00,14.8,15.02,14.59,14.8,23171500,VPB
2022-11-08 07:00:00,14.54,14.93,14.41,14.89,22335400,VPB
2022-11-09 07:00:00,15.02,15.28,14.76,15.15,16395500,VPB
2022-11-10 07:00:00,15.06,15.06,14.11,14.11,23021600,VPB
2022-11-11 07:00:00,14.41,14.72,14.07,14.11,17937800,VPB
2022-11-14 07:00:00,13.85,13.98,13.16,13.59,16001400,VPB
2022-11-15 07:00:00,13.12,13.59,12.68,12.68,18164400,VPB
2022-11-16 07:00:00,11.82,13.55,11.82,13.42,29662500,VPB
2022-11-17 07:00:00,13.64,13.72,13.29,13.42,13169500,VPB
2022-11-18 07:00:00,12.99,13.64,12.73,13.42,16315900,VPB
2022-11-21 07:00:00,13.59,13.59,13.07,13.42,11391400,VPB
2022-11-22 07:00:00,13.2,14.24,13.07,13.42,16566500,VPB
2022-11-23 07:00:00,13.2,13.5,13.03,13.03,6000000,VPB
2022-11-24 07:00:00,12.86,13.2,12.6,13.07,10247900,VPB
2022-11-25 07:00:00,13.24,13.42,13.12,13.42,9694700,VPB
2022-11-28 07:00:00,13.5,14.02,13.5,13.94,16558000,VPB
2022-11-29 07:00:00,14.02,14.15,13.46,13.98,16820500,VPB
2022-11-30 07:00:00,14.07,14.72,13.76,14.54,23312200,VPB
2022-12-01 07:00:00,14.76,15.06,14.37,14.54,31045800,VPB
2022-12-02 07:00:00,14.54,15.06,14.33,14.98,25887700,VPB
2022-12-05 07:00:00,15.32,15.93,15.11,15.71,43389200,VPB
2022-12-06 07:00:00,15.71,16.1,14.63,14.63,34482600,VPB
2022-12-07 07:00:00,14.54,14.72,13.72,14.02,26221800,VPB
2022-12-08 07:00:00,14.24,14.98,14.2,14.72,29415300,VPB
2022-12-09 07:00:00,14.85,14.89,14.41,14.63,13749900,VPB
2022-12-12 07:00:00,14.67,15.11,14.41,14.41,23202300,VPB
2022-12-13 07:00:00,14.46,14.8,14.2,14.8,18048300,VPB
2022-12-14 07:00:00,14.93,15.02,14.72,14.76,18923500,VPB
2022-12-15 07:00:00,14.76,15.76,14.76,15.76,66731500,VPB
2022-12-16 07:00:00,15.97,16.32,15.84,16.02,27564100,VPB
2022-12-19 07:00:00,15.89,16.23,15.54,15.54,29429800,VPB
2022-12-20 07:00:00,15.5,15.5,14.63,14.98,26419500,VPB
2022-12-21 07:00:00,15.15,15.5,14.72,15.28,20499300,VPB
2022-12-22 07:00:00,15.58,16.32,15.54,15.97,52431700,VPB
2022-12-23 07:00:00,15.97,16.14,15.67,15.89,16849000,VPB
2022-12-26 07:00:00,15.89,16.02,14.89,14.89,26485700,VPB
2022-12-27 07:00:00,14.98,15.5,14.85,15.5,14921400,VPB
2022-12-28 07:00:00,15.5,16.02,15.15,15.71,17482100,VPB
2022-12-29 07:00:00,15.67,16.02,15.41,15.41,20198000,VPB
2022-12-30 07:00:00,15.5,15.67,15.24,15.5,10035400,VPB
2023-01-03 07:00:00,15.58,16.02,15.41,16.02,20274800,VPB
2023-01-04 07:00:00,16.02,16.71,16.02,16.36,42535900,VPB
2023-01-05 07:00:00,16.45,16.49,16.06,16.4,15385600,VPB
2023-01-06 07:00:00,16.32,17.01,16.27,16.4,31406400,VPB
2023-01-09 07:00:00,16.62,16.71,16.27,16.32,18731600,VPB
2023-01-10 07:00:00,16.32,16.45,16.06,16.19,13485000,VPB
2023-01-11 07:00:00,16.45,16.45,15.97,15.97,17427300,VPB
2023-01-12 07:00:00,16.1,16.23,15.93,16.19,15245400,VPB
2023-01-13 07:00:00,16.32,16.88,16.06,16.8,25700900,VPB
2023-01-16 07:00:00,16.97,16.97,16.62,16.8,17941500,VPB
2023-01-17 07:00:00,16.88,16.97,16.75,16.97,32912200,VPB
2023-01-18 07:00:00,16.97,17.14,16.8,17.01,19675400,VPB
2023-01-19 07:00:00,16.92,17.05,16.8,16.88,18347800,VPB
2023-01-27 07:00:00,17.01,17.53,16.8,17.05,24443100,VPB
2023-01-30 07:00:00,17.05,17.1,16.66,16.66,23819000,VPB
2023-01-31 07:00:00,16.58,16.88,16.49,16.84,25095200,VPB
2023-02-01 07:00:00,16.92,16.97,15.67,15.84,32198300,VPB
2023-02-02 07:00:00,16.1,16.19,15.71,15.93,25931700,VPB
2023-02-03 07:00:00,16.02,16.06,15.63,15.8,20039600,VPB
2023-02-06 07:00:00,15.71,16.06,15.54,16.02,16961600,VPB
2023-02-07 07:00:00,16.06,16.14,15.54,15.54,15658900,VPB
2023-02-08 07:00:00,15.67,15.8,15.45,15.54,11578100,VPB
2023-02-09 07:00:00,15.54,16.06,15.5,15.58,15157900,VPB
2023-02-10 07:00:00,15.58,15.84,15.15,15.15,13102800,VPB
2023-02-13 07:00:00,15.24,15.28,14.37,14.72,25784300,VPB
2023-02-14 07:00:00,14.72,14.89,14.46,14.46,16873000,VPB
2023-02-15 07:00:00,14.46,14.89,14.46,14.89,12674000,VPB
2023-02-16 07:00:00,15.06,15.24,14.8,15.15,14454300,VPB
2023-02-17 07:00:00,14.98,15.15,14.89,14.98,10770300,VPB
2023-02-20 07:00:00,14.8,15.84,14.8,15.84,20553100,VPB
2023-02-21 07:00:00,15.93,15.93,15.41,15.41,18376200,VPB
2023-02-22 07:00:00,15.24,15.58,15.11,15.11,16999300,VPB
2023-02-23 07:00:00,15.11,15.19,14.8,15.19,12980300,VPB
2023-02-24 07:00:00,15.19,15.28,14.85,14.85,10418800,VPB
2023-02-27 07:00:00,14.72,14.85,14.33,14.72,10311400,VPB
2023-02-28 07:00:00,14.85,14.93,14.63,14.76,8629400,VPB
2023-03-01 07:00:00,14.59,15.15,14.46,15.11,9654500,VPB
2023-03-02 07:00:00,15.11,15.19,14.93,14.98,4287200,VPB
2023-03-03 07:00:00,15.11,15.15,14.63,14.72,8977500,VPB
2023-03-06 07:00:00,14.98,15.15,14.76,14.8,13129000,VPB
2023-03-07 07:00:00,15.06,15.32,14.98,15.06,13127900,VPB
2023-03-08 07:00:00,14.89,15.71,14.89,15.71,27188600,VPB
2023-03-09 07:00:00,15.71,15.84,15.58,15.76,15264000,VPB
2023-03-10 07:00:00,15.5,15.84,15.5,15.84,14754800,VPB
2023-03-13 07:00:00,16.27,16.8,16.1,16.8,41362700,VPB
2023-03-14 07:00:00,16.97,16.97,16.54,16.8,22988900,VPB
2023-03-15 07:00:00,17.14,17.18,16.92,17.14,22320800,VPB
2023-03-16 07:00:00,16.88,17.01,16.58,16.84,15492200,VPB
2023-03-17 07:00:00,16.97,17.1,16.75,17.05,15548900,VPB
2023-03-20 07:00:00,16.92,17.05,16.71,17.05,18939800,VPB
2023-03-21 07:00:00,17.05,17.62,16.88,17.62,29194300,VPB
2023-03-22 07:00:00,17.75,18.35,17.7,18.18,42033400,VPB
2023-03-23 07:00:00,18.18,18.31,18.01,18.22,22821300,VPB
2023-03-24 07:00:00,18.22,18.35,18.05,18.31,19655000,VPB
2023-03-27 07:00:00,18.31,18.66,18.18,18.4,29328600,VPB
2023-03-28 07:00:00,18.53,18.7,17.79,18.18,37168400,VPB
2023-03-29 07:00:00,18.09,18.09,17.83,18.09,16599000,VPB
2023-03-30 07:00:00,18.18,18.22,17.92,18.09,15528600,VPB
2023-03-31 07:00:00,18.01,18.44,18.01,18.22,23139600,VPB
2023-04-03 07:00:00,18.31,18.4,18.09,18.35,13548900,VPB
2023-04-04 07:00:00,18.35,18.57,18.18,18.53,16356500,VPB
2023-04-05 07:00:00,18.44,18.57,18.31,18.35,11992000,VPB
2023-04-06 07:00:00,18.35,18.61,18.09,18.09,12254900,VPB
2023-04-07 07:00:00,18.09,18.22,17.88,18.09,7668500,VPB
2023-04-10 07:00:00,18.09,18.48,17.92,18.09,16772700,VPB
2023-04-11 07:00:00,18.09,18.27,17.92,18.18,9490100,VPB
2023-04-12 07:00:00,18.18,18.22,17.88,17.88,8669800,VPB
2023-04-13 07:00:00,17.88,17.88,17.49,17.83,19916500,VPB
2023-04-14 07:00:00,17.83,17.92,17.62,17.75,8543300,VPB
2023-04-17 07:00:00,17.7,17.83,17.57,17.7,5197600,VPB
2023-04-18 07:00:00,17.7,17.79,17.4,17.53,10605300,VPB
2023-04-19 07:00:00,17.7,17.79,17.05,17.05,18419600,VPB
2023-04-20 07:00:00,17.01,17.14,16.66,16.75,12244000,VPB
2023-04-21 07:00:00,16.75,16.97,16.75,16.84,8123300,VPB
2023-04-24 07:00:00,16.84,17.36,16.75,16.88,7087200,VPB
2023-04-25 07:00:00,17.05,17.1,16.66,16.71,7168900,VPB
2023-04-26 07:00:00,16.71,16.8,16.54,16.75,7850900,VPB
2023-04-27 07:00:00,16.75,17.05,16.75,16.8,5199300,VPB
2023-04-28 07:00:00,16.92,17.23,16.88,17.23,8573200,VPB
2023-05-04 07:00:00,16.92,17.14,16.88,16.92,7484200,VPB
2023-05-05 07:00:00,16.97,17.23,16.84,16.84,5917600,VPB
2023-05-08 07:00:00,16.84,17.01,16.8,16.84,5491600,VPB
2023-05-09 07:00:00,16.92,16.97,16.8,16.84,4727700,VPB
2023-05-10 07:00:00,16.88,16.97,16.84,16.92,8932500,VPB
2023-05-11 07:00:00,16.97,17.18,16.97,17.14,6668100,VPB
2023-05-12 07:00:00,17.14,17.18,16.92,17.1,7522200,VPB
2023-05-15 07:00:00,17.14,17.49,17.1,17.14,13095400,VPB
2023-05-16 07:00:00,17.23,17.23,16.97,16.97,7492900,VPB
2023-05-17 07:00:00,16.97,17.01,16.62,16.62,12684600,VPB
2023-05-18 07:00:00,16.71,16.88,16.62,16.66,7579700,VPB
2023-05-19 07:00:00,16.71,16.8,16.62,16.71,6594600,VPB
2023-05-22 07:00:00,16.71,17.05,16.71,17.05,12024200,VPB
2023-05-23 07:00:00,17.1,17.14,16.88,16.92,7235600,VPB
2023-05-24 07:00:00,17.01,17.05,16.8,16.8,8335700,VPB
2023-05-25 07:00:00,16.75,16.84,16.62,16.62,7299200,VPB
2023-05-26 07:00:00,16.71,16.71,16.54,16.58,6988000,VPB
2023-05-29 07:00:00,16.62,16.84,16.62,16.75,7043800,VPB
2023-05-30 07:00:00,16.88,16.88,16.75,16.84,8975200,VPB
2023-05-31 07:00:00,16.92,16.92,16.66,16.71,7913900,VPB
2023-06-01 07:00:00,16.71,16.8,16.62,16.8,9750400,VPB
2023-06-02 07:00:00,16.97,17.49,16.92,17.18,24536300,VPB
2023-06-05 07:00:00,17.4,17.44,17.1,17.1,13421500,VPB
2023-06-06 07:00:00,17.1,17.31,17.05,17.18,14948300,VPB
2023-06-07 07:00:00,17.31,17.4,17.1,17.23,16189900,VPB
2023-06-08 07:00:00,17.23,17.36,16.88,16.88,16595600,VPB
2023-06-09 07:00:00,16.97,16.97,16.71,16.88,9596000,VPB
2023-06-12 07:00:00,17.05,17.05,16.75,16.97,8506300,VPB
2023-06-13 07:00:00,17.05,17.1,16.8,16.88,9666700,VPB
2023-06-14 07:00:00,16.97,17.4,16.92,17.1,25385000,VPB
2023-06-15 07:00:00,17.1,17.18,16.92,17.05,9431000,VPB
2023-06-16 07:00:00,17.18,17.4,16.88,16.92,33727700,VPB
2023-06-19 07:00:00,16.92,17.01,16.66,16.84,12070100,VPB
2023-06-20 07:00:00,16.84,16.92,16.66,16.88,14470100,VPB
2023-06-21 07:00:00,16.88,17.01,16.8,17.01,8111300,VPB
2023-06-22 07:00:00,17.1,17.18,16.97,16.97,12409600,VPB
2023-06-23 07:00:00,17.05,17.66,17.01,17.49,42322900,VPB
2023-06-26 07:00:00,17.75,17.75,17.27,17.53,16576800,VPB
2023-06-27 07:00:00,17.7,17.7,17.4,17.4,14429100,VPB
2023-06-28 07:00:00,17.49,17.62,17.36,17.53,16754200,VPB
2023-06-29 07:00:00,17.57,17.7,17.23,17.23,18446100,VPB
2023-06-30 07:00:00,17.23,17.31,17.1,17.18,12376000,VPB
2023-07-03 07:00:00,17.18,17.31,17.1,17.18,9808600,VPB
2023-07-04 07:00:00,17.18,17.27,17.1,17.18,7339700,VPB
2023-07-05 07:00:00,17.23,17.57,17.23,17.27,20485400,VPB
2023-07-06 07:00:00,17.27,17.4,16.92,16.92,16274900,VPB
2023-07-07 07:00:00,16.97,17.18,16.88,17.18,8345400,VPB
2023-07-10 07:00:00,17.27,17.44,17.14,17.36,15275400,VPB
2023-07-11 07:00:00,17.57,17.57,17.14,17.23,19607100,VPB
2023-07-12 07:00:00,17.31,17.31,17.01,17.01,13715900,VPB
2023-07-13 07:00:00,17.23,17.27,17.01,17.27,16403200,VPB
2023-07-14 07:00:00,17.36,17.4,16.97,17.23,17478700,VPB
2023-07-17 07:00:00,17.4,17.75,17.36,17.7,34232500,VPB
2023-07-18 07:00:00,17.7,18.27,17.57,18.14,37316000,VPB
2023-07-19 07:00:00,18.18,18.18,17.88,17.88,22965200,VPB
2023-07-20 07:00:00,17.83,18.18,17.75,18.18,19553900,VPB
2023-07-21 07:00:00,18.14,18.57,18.01,18.53,28604200,VPB
2023-07-24 07:00:00,18.61,18.96,18.44,18.92,24112900,VPB
2023-07-25 07:00:00,18.96,19.35,18.87,18.92,26110300,VPB
2023-07-26 07:00:00,18.87,18.96,18.66,18.92,17436600,VPB
2023-07-27 07:00:00,18.87,18.92,18.61,18.83,17807700,VPB
2023-07-28 07:00:00,18.83,19.13,18.7,19.13,18133600,VPB
2023-07-31 07:00:00,19.18,19.26,18.96,19.18,19655800,VPB
2023-08-01 07:00:00,19.18,19.22,18.74,19.0,25773800,VPB
2023-08-02 07:00:00,19.0,19.26,18.79,19.05,17047500,VPB
2023-08-03 07:00:00,19.0,19.05,18.7,18.79,15903700,VPB
2023-08-04 07:00:00,18.87,19.22,18.7,19.22,15491700,VPB
2023-08-07 07:00:00,19.43,19.91,19.3,19.61,20240800,VPB
2023-08-08 07:00:00,19.61,19.61,19.22,19.22,13851300,VPB
2023-08-09 07:00:00,19.13,19.22,18.79,19.09,21337900,VPB
2023-08-10 07:00:00,19.09,19.09,18.66,19.0,19843500,VPB
2023-08-11 07:00:00,19.0,19.05,18.66,19.05,12402500,VPB
2023-08-14 07:00:00,18.96,19.05,18.87,19.0,11667300,VPB
2023-08-15 07:00:00,19.0,19.05,18.74,19.05,18407400,VPB
2023-08-16 07:00:00,18.96,19.57,18.74,19.39,39587900,VPB
2023-08-17 07:00:00,19.48,19.61,19.18,19.18,15635100,VPB
2023-08-18 07:00:00,19.05,19.09,17.83,17.83,34224900,VPB
2023-08-21 07:00:00,17.83,18.18,17.66,18.01,12657600,VPB
2023-08-22 07:00:00,17.96,18.05,17.36,17.83,21183300,VPB
2023-08-23 07:00:00,17.96,18.05,17.53,17.53,14416600,VPB
2023-08-24 07:00:00,17.53,17.75,17.44,17.75,9969500,VPB
2023-08-25 07:00:00,17.7,17.79,17.31,17.49,16068000,VPB
2023-08-28 07:00:00,17.49,17.66,17.4,17.57,11608800,VPB
2023-08-29 07:00:00,17.62,18.09,17.53,18.05,16213200,VPB
2023-08-30 07:00:00,18.09,18.09,17.83,18.01,9352600,VPB
2023-08-31 07:00:00,18.01,18.22,17.92,18.14,14336300,VPB
2023-09-05 07:00:00,18.35,18.44,18.14,18.18,14495100,VPB
2023-09-06 07:00:00,18.4,18.87,18.09,18.87,23267300,VPB
2023-09-07 07:00:00,18.96,19.13,18.79,18.83,20570900,VPB
2023-09-08 07:00:00,18.83,18.96,18.79,18.87,16766200,VPB
2023-09-11 07:00:00,19.13,19.3,18.61,18.96,38037700,VPB
2023-09-12 07:00:00,18.96,19.3,18.79,19.3,19787600,VPB
2023-09-13 07:00:00,19.3,19.52,19.09,19.43,30576700,VPB
2023-09-14 07:00:00,19.39,19.57,19.05,19.39,23071700,VPB
2023-09-15 07:00:00,19.43,19.61,19.22,19.52,24180400,VPB
2023-09-18 07:00:00,19.48,19.48,18.96,19.18,17640000,VPB
2023-09-19 07:00:00,19.09,19.18,18.7,18.96,13549100,VPB
2023-09-20 07:00:00,18.87,19.09,18.66,18.96,14203800,VPB
2023-09-21 07:00:00,18.79,18.96,18.74,18.74,10971400,VPB
2023-09-22 07:00:00,18.35,18.48,18.05,18.4,19598000,VPB
2023-09-25 07:00:00,18.35,18.44,17.66,17.66,14432900,VPB
2023-09-26 07:00:00,17.83,17.92,17.53,17.7,18954700,VPB
2023-09-27 07:00:00,17.75,18.18,17.57,18.18,12676000,VPB
2023-09-28 07:00:00,17.96,18.53,17.79,18.35,13128800,VPB
2023-09-29 07:00:00,18.44,18.79,18.27,18.79,8454600,VPB
2023-10-02 07:00:00,18.7,18.87,18.53,18.87,11272900,VPB
2023-10-03 07:00:00,18.61,18.7,17.92,18.18,12856900,VPB
2023-10-04 07:00:00,17.75,18.4,17.75,18.18,6975100,VPB
2023-10-05 07:00:00,18.09,18.27,18.01,18.01,5682000,VPB
2023-10-06 07:00:00,18.14,18.22,17.92,18.14,8351000,VPB
2023-10-09 07:00:00,18.18,18.53,17.96,18.53,13601600,VPB
2023-10-10 07:00:00,18.48,18.7,18.44,18.7,11693200,VPB
2023-10-11 07:00:00,18.7,18.87,18.53,18.87,8928600,VPB
2023-10-12 07:00:00,18.96,18.96,18.7,18.92,10399300,VPB
2023-10-13 07:00:00,18.74,19.05,18.53,19.0,13714000,VPB
2023-10-16 07:00:00,18.79,19.48,18.79,19.48,26096800,VPB
2023-10-17 07:00:00,19.43,19.65,19.22,19.65,25974900,VPB
2023-10-18 07:00:00,19.48,20.04,18.83,19.48,39738000,VPB
2023-10-19 07:00:00,19.22,19.39,18.57,18.57,11470700,VPB
2023-10-20 07:00:00,18.7,19.13,18.57,18.7,10805700,VPB
2023-10-23 07:00:00,18.7,18.79,17.92,18.22,13595100,VPB
2023-10-24 07:00:00,18.05,18.53,18.05,18.22,5469700,VPB
2023-10-25 07:00:00,18.22,18.4,18.09,18.18,5160700,VPB
2023-10-26 07:00:00,17.92,18.05,16.92,17.49,17363600,VPB
2023-10-27 07:00:00,17.49,17.75,17.23,17.49,5693300,VPB
2023-10-30 07:00:00,17.31,17.44,17.14,17.23,4922200,VPB
2023-10-31 07:00:00,17.14,17.36,16.92,17.31,6938600,VPB
2023-11-01 07:00:00,17.31,17.4,17.14,17.14,4810600,VPB
2023-11-02 07:00:00,17.27,17.66,17.18,17.57,6159200,VPB
2023-11-03 07:00:00,17.7,17.75,17.14,17.14,13532500,VPB
2023-11-06 07:00:00,17.49,18.05,17.49,18.01,9583200,VPB
2023-11-07 07:00:00,18.09,18.27,17.92,17.92,6341900,VPB
2023-11-08 07:00:00,18.01,18.48,17.83,18.48,13583900,VPB
2023-11-09 07:00:00,18.62,18.66,18.16,18.16,13599100,VPB
2023-11-10 07:00:00,18.07,18.07,17.76,17.76,12157400,VPB
2023-11-13 07:00:00,17.76,17.89,17.3,17.44,10465400,VPB
2023-11-14 07:00:00,17.62,18.16,17.53,17.8,12703100,VPB
2023-11-15 07:00:00,18.07,18.3,17.98,18.12,17930900,VPB
2023-11-16 07:00:00,17.94,18.16,17.94,18.07,9904000,VPB
2023-11-17 07:00:00,18.16,18.16,17.26,17.53,15196300,VPB
2023-11-20 07:00:00,17.17,18.07,17.12,17.71,11870100,VPB
2023-11-21 07:00:00,17.8,18.07,17.71,17.85,8679600,VPB
2023-11-22 07:00:00,17.85,17.94,17.62,17.85,7319900,VPB
2023-11-23 07:00:00,17.89,17.94,17.39,17.39,10595200,VPB
2023-11-24 07:00:00,17.39,17.62,17.26,17.44,10847900,VPB
2023-11-27 07:00:00,17.48,17.66,17.39,17.44,8007700,VPB
2023-11-28 07:00:00,17.44,17.66,17.3,17.58,5746400,VPB
2023-11-29 07:00:00,17.62,17.62,17.48,17.48,5477900,VPB
2023-11-30 07:00:00,17.44,17.66,17.35,17.35,6750000,VPB
2023-12-01 07:00:00,17.44,17.58,17.3,17.53,4871900,VPB
2023-12-04 07:00:00,17.53,17.8,17.48,17.71,10850300,VPB
2023-12-05 07:00:00,17.71,17.76,17.39,17.39,11505600,VPB
2023-12-06 07:00:00,17.48,17.66,17.39,17.62,9473600,VPB
2023-12-07 07:00:00,17.62,17.85,17.39,17.85,17158000,VPB
2023-12-08 07:00:00,17.85,17.89,17.53,17.8,8339400,VPB
2023-12-11 07:00:00,17.71,17.8,17.44,17.62,7675600,VPB
2023-12-12 07:00:00,17.62,17.66,17.44,17.66,6823800,VPB
2023-12-13 07:00:00,17.58,17.62,17.35,17.44,9962400,VPB
2023-12-14 07:00:00,17.44,17.53,17.21,17.26,9433900,VPB
2023-12-15 07:00:00,17.26,17.35,16.94,16.98,12092300,VPB
2023-12-18 07:00:00,16.94,16.98,16.39,16.71,22104100,VPB
2023-12-19 07:00:00,16.44,16.62,16.35,16.62,11907200,VPB
2023-12-20 07:00:00,16.62,16.67,16.39,16.58,7715000,VPB
2023-12-21 07:00:00,16.53,16.58,16.35,16.53,9592700,VPB
2023-12-22 07:00:00,16.53,16.67,16.39,16.48,10359500,VPB
2023-12-25 07:00:00,16.58,16.8,16.58,16.8,8637100,VPB
2023-12-26 07:00:00,16.8,16.85,16.58,16.8,8402900,VPB
2023-12-27 07:00:00,16.8,16.89,16.67,16.8,7673900,VPB
2023-12-28 07:00:00,16.8,17.08,16.76,17.08,10315400,VPB
2023-12-29 07:00:00,17.08,17.44,16.98,17.44,17010800,VPB
2024-01-02 07:00:00,17.44,17.44,17.12,17.12,8798600,VPB
2024-01-03 07:00:00,17.12,17.35,16.94,17.35,8220900,VPB
2024-01-04 07:00:00,17.39,17.85,17.21,17.58,25321300,VPB
2024-01-05 07:00:00,17.58,17.66,17.35,17.44,9906800,VPB
2024-01-08 07:00:00,17.53,17.62,17.39,17.48,9012800,VPB
2024-01-09 07:00:00,17.48,17.58,17.35,17.39,6451500,VPB
2024-01-10 07:00:00,17.35,17.94,17.35,17.8,31567400,VPB
2024-01-11 07:00:00,17.98,18.03,17.76,17.85,17937600,VPB
2024-01-12 07:00:00,17.66,17.94,17.53,17.85,25020500,VPB
2024-01-15 07:00:00,17.98,17.98,17.58,17.58,11340300,VPB
2024-01-16 07:00:00,17.53,17.66,17.44,17.66,9593500,VPB
2024-01-17 07:00:00,17.66,17.76,17.48,17.53,11934200,VPB
2024-01-18 07:00:00,17.62,17.76,17.53,17.71,8447900,VPB
2024-01-19 07:00:00,17.76,17.94,17.76,17.89,16580100,VPB
2024-01-22 07:00:00,18.03,18.12,17.89,17.98,16135000,VPB
2024-01-23 07:00:00,18.03,18.07,17.85,17.89,10961900,VPB
2024-01-24 07:00:00,17.89,17.98,17.76,17.85,7406900,VPB
2024-01-25 07:00:00,17.85,17.89,17.76,17.85,5002000,VPB
2024-01-26 07:00:00,17.89,17.94,17.85,17.94,7546300,VPB
2024-01-29 07:00:00,17.94,17.94,17.76,17.94,4834600,VPB
2024-01-30 07:00:00,17.85,18.03,17.85,17.89,6805100,VPB
2024-01-31 07:00:00,17.85,17.89,17.39,17.62,20001700,VPB
2024-02-01 07:00:00,17.58,17.58,17.35,17.39,6507100,VPB
2024-02-02 07:00:00,17.39,17.44,17.08,17.08,16720300,VPB
2024-02-05 07:00:00,17.12,17.66,17.12,17.44,10730400,VPB
2024-02-06 07:00:00,17.53,17.62,17.44,17.53,5805600,VPB
2024-02-07 07:00:00,17.58,17.8,17.53,17.8,10722600,VPB
2024-02-15 07:00:00,17.8,18.3,17.8,17.98,19362100,VPB
2024-02-16 07:00:00,18.12,18.12,17.89,18.03,7324700,VPB
2024-02-19 07:00:00,18.03,18.12,17.85,17.98,11047900,VPB
2024-02-20 07:00:00,17.89,17.94,17.71,17.8,16244900,VPB
2024-02-21 07:00:00,17.8,18.16,17.8,17.94,17579300,VPB
2024-02-22 07:00:00,17.98,18.07,17.8,17.89,10541600,VPB
2024-02-23 07:00:00,17.89,18.39,17.71,17.71,42130600,VPB
2024-02-26 07:00:00,17.76,17.76,17.44,17.48,12770300,VPB
2024-02-27 07:00:00,17.58,17.71,17.44,17.58,17762400,VPB
2024-02-28 07:00:00,17.62,18.07,17.62,18.07,20960400,VPB
2024-02-29 07:00:00,18.26,18.35,17.85,18.07,17115500,VPB
2024-03-01 07:00:00,18.07,18.07,17.85,17.85,9758900,VPB
2024-03-04 07:00:00,17.98,17.98,17.8,17.8,12989200,VPB
2024-03-05 07:00:00,17.8,17.94,17.76,17.94,8094000,VPB
2024-03-06 07:00:00,17.98,18.03,17.53,17.62,11549500,VPB
2024-03-07 07:00:00,17.62,17.8,17.62,17.66,8016100,VPB
2024-03-08 07:00:00,17.66,17.71,17.21,17.26,29743400,VPB
2024-03-11 07:00:00,17.21,17.35,16.85,16.85,16575400,VPB
2024-03-12 07:00:00,16.85,17.03,16.8,16.85,10959400,VPB
2024-03-13 07:00:00,16.94,17.35,16.89,17.3,10986000,VPB
2024-03-14 07:00:00,17.35,17.35,16.94,17.08,9582800,VPB
2024-03-15 07:00:00,17.03,17.08,16.85,16.94,13581400,VPB
2024-03-18 07:00:00,16.94,16.98,16.3,16.53,23317100,VPB
2024-03-19 07:00:00,16.53,16.8,16.44,16.48,12349900,VPB
2024-03-20 07:00:00,16.53,16.94,16.53,16.94,11504800,VPB
2024-03-21 07:00:00,17.03,17.21,16.85,17.03,16882000,VPB
2024-03-22 07:00:00,17.17,17.26,16.94,17.08,14969100,VPB
2024-03-25 07:00:00,17.08,17.39,16.94,17.17,19751100,VPB
2024-03-26 07:00:00,17.17,17.8,17.17,17.8,37172800,VPB
2024-03-27 07:00:00,17.85,17.94,17.58,17.8,16220800,VPB
2024-03-28 07:00:00,17.85,17.98,17.71,17.85,14691300,VPB
2024-03-29 07:00:00,17.89,17.98,17.66,17.94,20541100,VPB
2024-04-01 07:00:00,17.8,17.94,17.66,17.85,11686300,VPB
2024-04-02 07:00:00,17.76,17.8,17.17,17.76,25838800,VPB
2024-04-03 07:00:00,17.58,17.71,17.48,17.58,16269600,VPB
2024-04-04 07:00:00,17.62,17.8,17.44,17.53,12592700,VPB
2024-04-05 07:00:00,17.35,17.66,17.26,17.66,11106300,VPB
2024-04-08 07:00:00,17.66,17.66,17.35,17.62,8428800,VPB
2024-04-09 07:00:00,17.58,17.62,17.39,17.58,9349100,VPB
2024-04-10 07:00:00,17.62,18.12,17.53,17.58,29210400,VPB
2024-04-11 07:00:00,17.58,17.8,17.53,17.58,9554900,VPB
2024-04-12 07:00:00,17.62,17.89,17.62,17.89,17723300,VPB
2024-04-15 07:00:00,17.8,17.98,16.71,16.89,28346300,VPB
2024-04-16 07:00:00,16.98,17.26,16.8,17.03,23551000,VPB
2024-04-17 07:00:00,17.21,17.3,16.48,16.48,13194900,VPB
2024-04-19 07:00:00,16.48,16.8,16.3,16.44,15355900,VPB
2024-04-22 07:00:00,16.71,16.89,16.58,16.62,8682900,VPB
2024-04-23 07:00:00,16.67,16.89,16.35,16.71,15635300,VPB
2024-04-24 07:00:00,16.8,17.03,16.71,16.89,13072600,VPB
2024-04-25 07:00:00,17.03,17.03,16.67,16.89,10618000,VPB
2024-04-26 07:00:00,16.71,16.89,16.62,16.85,8253200,VPB
2024-05-02 07:00:00,16.85,16.89,16.62,16.62,6332900,VPB
2024-05-03 07:00:00,16.71,16.8,16.67,16.71,10568400,VPB
2024-05-06 07:00:00,16.8,17.03,16.71,17.03,11299500,VPB
2024-05-07 07:00:00,17.03,17.12,16.85,17.08,7408000,VPB
2024-05-08 07:00:00,16.94,17.08,16.8,16.85,10945500,VPB
2024-05-09 07:00:00,16.94,17.12,16.8,17.03,9750600,VPB
2024-05-10 07:00:00,16.98,17.03,16.71,16.8,10354900,VPB
2024-05-13 07:00:00,16.85,17.17,16.76,17.08,16732700,VPB
2024-05-14 07:00:00,17.26,17.53,17.17,17.35,20931300,VPB
2024-05-15 07:00:00,17.48,17.48,17.3,17.3,10503000,VPB
2024-05-16 07:00:00,17.44,17.66,17.35,17.62,20748200,VPB
2024-05-17 07:00:00,17.62,17.66,17.48,17.62,12369500,VPB
2024-05-20 07:00:00,17.76,18.03,17.71,17.98,25252400,VPB
2024-05-21 07:00:00,17.98,18.03,17.8,17.98,24050900,VPB
2024-05-22 07:00:00,17.98,17.98,17.46,17.5,22572900,VPB
2024-05-23 07:00:00,17.5,17.7,17.36,17.7,9367000,VPB
2024-05-24 07:00:00,17.6,17.7,17.22,17.22,19560300,VPB
2024-05-27 07:00:00,17.36,17.36,17.17,17.22,7401000,VPB
2024-05-28 07:00:00,17.31,17.41,17.22,17.27,8406700,VPB
2024-05-29 07:00:00,17.31,17.31,17.17,17.27,8290900,VPB
2024-05-30 07:00:00,17.22,17.22,16.93,17.17,10458100,VPB
2024-05-31 07:00:00,17.17,17.27,17.12,17.22,5706900,VPB
2024-06-03 07:00:00,17.31,17.65,17.27,17.5,14012200,VPB
2024-06-04 07:00:00,17.6,17.6,17.36,17.41,9138000,VPB
2024-06-05 07:00:00,17.41,17.5,17.31,17.31,11802100,VPB
2024-06-06 07:00:00,17.36,17.46,17.17,17.31,16613400,VPB
2024-06-07 07:00:00,17.46,17.46,17.17,17.22,9957000,VPB
2024-06-10 07:00:00,17.27,17.41,17.22,17.27,10496400,VPB
2024-06-11 07:00:00,17.41,17.55,17.27,17.5,31079900,VPB
2024-06-12 07:00:00,17.5,18.56,17.36,18.56,69932300,VPB
2024-06-13 07:00:00,18.65,18.94,18.41,18.6,44255400,VPB
2024-06-14 07:00:00,18.6,18.65,17.89,17.89,35956600,VPB
2024-06-17 07:00:00,17.89,18.22,17.65,17.93,26718200,VPB
2024-06-18 07:00:00,17.98,18.27,17.79,17.79,35291600,VPB
2024-06-19 07:00:00,17.84,18.37,17.6,18.18,51393800,VPB
2024-06-20 07:00:00,18.32,18.94,18.18,18.84,66042200,VPB
2024-06-21 07:00:00,18.84,18.99,18.51,18.75,48973500,VPB
2024-06-24 07:00:00,18.6,18.75,18.03,18.03,45272700,VPB
2024-06-25 07:00:00,18.03,18.37,18.03,18.18,19532800,VPB
2024-06-26 07:00:00,18.18,18.27,17.74,18.18,27222600,VPB
2024-06-27 07:00:00,18.18,18.22,17.89,18.18,25081800,VPB
2024-06-28 07:00:00,18.13,18.46,17.79,17.84,41520600,VPB
2024-07-01 07:00:00,17.84,18.22,17.7,18.18,16520100,VPB
2024-07-02 07:00:00,18.18,18.37,17.98,18.13,16424000,VPB
2024-07-03 07:00:00,18.18,18.37,17.93,18.18,20129200,VPB
2024-07-04 07:00:00,18.32,18.6,18.22,18.22,26247200,VPB
2024-07-05 07:00:00,18.22,18.46,18.18,18.32,18430400,VPB
2024-07-08 07:00:00,18.37,18.46,18.18,18.22,16156200,VPB
2024-07-09 07:00:00,18.37,18.6,18.18,18.56,32010600,VPB
2024-07-10 07:00:00,18.65,18.7,18.37,18.37,15163800,VPB
2024-07-11 07:00:00,18.37,18.7,18.22,18.22,25226500,VPB
2024-07-12 07:00:00,18.27,18.37,18.13,18.18,16053100,VPB
2024-07-15 07:00:00,18.22,18.27,17.89,17.98,16131600,VPB
2024-07-16 07:00:00,18.08,18.27,17.98,18.18,17481000,VPB
2024-07-17 07:00:00,18.18,18.56,17.98,18.18,34909100,VPB
2024-07-18 07:00:00,18.18,18.27,17.84,18.22,15897100,VPB
2024-07-19 07:00:00,18.18,18.37,17.98,17.98,16979400,VPB
2024-07-22 07:00:00,17.98,18.22,17.84,17.98,15847000,VPB
2024-07-23 07:00:00,18.03,18.08,17.41,17.6,17890000,VPB
2024-07-24 07:00:00,17.55,17.79,17.41,17.7,13366800,VPB
2024-07-25 07:00:00,17.6,17.7,17.5,17.55,10459200,VPB
2024-07-26 07:00:00,17.6,17.7,17.5,17.6,7748600,VPB
2024-07-29 07:00:00,17.7,17.79,17.6,17.6,6226600,VPB
2024-07-30 07:00:00,17.6,17.89,17.5,17.74,12800200,VPB
2024-07-31 07:00:00,17.79,18.32,17.79,18.18,35033400,VPB
2024-08-01 07:00:00,18.32,18.32,17.65,17.74,15647200,VPB
2024-08-02 07:00:00,17.7,17.93,17.55,17.93,14027800,VPB
2024-08-05 07:00:00,17.6,17.79,17.17,17.36,28580900,VPB
2024-08-06 07:00:00,17.55,17.7,17.31,17.55,13180000,VPB
2024-08-07 07:00:00,17.6,17.6,17.22,17.22,13538000,VPB
2024-08-08 07:00:00,17.12,17.22,16.74,17.08,21942400,VPB
2024-08-09 07:00:00,17.08,17.31,17.03,17.22,10704400,VPB
2024-08-12 07:00:00,17.22,17.36,17.03,17.36,12636700,VPB
2024-08-13 07:00:00,17.31,17.41,17.17,17.36,10643300,VPB
2024-08-14 07:00:00,17.36,17.41,17.22,17.22,8233100,VPB
2024-08-15 07:00:00,17.22,17.31,17.17,17.22,7537900,VPB
2024-08-16 07:00:00,17.27,17.65,17.22,17.6,23592000,VPB
2024-08-19 07:00:00,17.6,17.79,17.6,17.65,12496800,VPB
2024-08-20 07:00:00,17.65,17.84,17.6,17.79,18245300,VPB
2024-08-21 07:00:00,17.7,18.03,17.65,17.93,33804500,VPB
2024-08-22 07:00:00,17.93,18.03,17.79,17.93,13069100,VPB
2024-08-23 07:00:00,17.98,18.18,17.89,17.93,23789000,VPB
2024-08-26 07:00:00,17.98,18.46,17.98,18.18,39610000,VPB
2024-08-27 07:00:00,18.27,18.32,18.13,18.18,15396700,VPB
2024-08-28 07:00:00,18.18,18.27,18.08,18.13,13771100,VPB
2024-08-29 07:00:00,18.13,18.51,18.08,18.13,23609900,VPB
2024-08-30 07:00:00,18.27,18.27,18.13,18.13,11969500,VPB
2024-09-04 07:00:00,17.98,17.98,17.7,17.7,23328500,VPB
2024-09-05 07:00:00,17.74,17.74,17.5,17.5,15906000,VPB
2024-09-06 07:00:00,17.5,17.65,17.41,17.65,15016900,VPB
2024-09-09 07:00:00,17.6,17.65,17.46,17.55,15693400,VPB
2024-09-10 07:00:00,17.6,17.65,17.31,17.36,20585600,VPB
2024-09-11 07:00:00,17.31,17.5,17.27,17.46,11712500,VPB
2024-09-12 07:00:00,17.46,17.79,17.46,17.7,22640600,VPB
2024-09-13 07:00:00,17.7,17.74,17.5,17.65,9336300,VPB
2024-09-16 07:00:00,17.6,17.74,17.46,17.55,8949100,VPB
2024-09-17 07:00:00,17.55,17.84,17.5,17.84,10212200,VPB
2024-09-18 07:00:00,17.84,17.98,17.7,17.84,22132500,VPB
2024-09-19 07:00:00,17.84,17.98,17.84,17.93,17466800,VPB
2024-09-20 07:00:00,17.98,18.27,17.98,18.13,52246200,VPB
2024-09-23 07:00:00,18.18,18.37,18.08,18.18,29074100,VPB
2024-09-24 07:00:00,18.18,18.37,18.13,18.37,37613000,VPB
2024-09-25 07:00:00,18.46,18.7,18.37,18.6,45912400,VPB
2024-09-26 07:00:00,18.65,18.99,18.51,18.75,55121600,VPB
2024-09-27 07:00:00,18.84,19.27,18.75,18.89,62864300,VPB
2024-09-30 07:00:00,18.84,19.27,18.8,19.23,26723800,VPB
2024-10-01 07:00:00,19.23,19.42,18.99,19.04,33052600,VPB
2024-10-02 07:00:00,18.94,19.04,18.75,18.84,37579900,VPB
2024-10-03 07:00:00,18.94,19.56,18.94,19.13,49868500,VPB
2024-10-04 07:00:00,19.13,19.56,19.08,19.13,34247700,VPB
2024-10-07 07:00:00,19.23,19.27,18.84,19.13,25931500,VPB
2024-10-08 07:00:00,19.13,19.27,18.99,19.23,27923200,VPB
2024-10-09 07:00:00,19.13,19.42,19.13,19.37,49592300,VPB
2024-10-10 07:00:00,19.47,19.8,19.42,19.66,45236500,VPB
2024-10-11 07:00:00,19.61,19.8,19.47,19.8,22150500,VPB
2024-10-14 07:00:00,19.9,19.9,19.51,19.75,22645500,VPB
2024-10-15 07:00:00,19.61,20.14,19.61,19.94,44778300,VPB
2024-10-16 07:00:00,19.9,19.99,19.75,19.94,17841900,VPB
2024-10-17 07:00:00,19.94,20.04,19.8,19.99,22772200,VPB
2024-10-18 07:00:00,19.94,20.04,19.66,19.66,24407500,VPB
2024-10-21 07:00:00,19.66,19.85,19.51,19.75,18193500,VPB
2024-10-22 07:00:00,19.7,19.75,19.42,19.7,22323400,VPB
2024-10-23 07:00:00,19.61,19.66,19.42,19.56,15969500,VPB
2024-10-24 07:00:00,19.51,19.56,19.13,19.13,26049600,VPB
2024-10-25 07:00:00,19.23,19.32,19.13,19.23,16940400,VPB
2024-10-28 07:00:00,19.13,19.23,19.04,19.23,11242600,VPB
2024-10-29 07:00:00,19.32,19.42,19.27,19.37,14155600,VPB
2024-10-30 07:00:00,19.37,19.47,19.27,19.37,9997900,VPB
2024-10-31 07:00:00,19.37,19.56,19.27,19.56,13914600,VPB
2024-11-01 07:00:00,19.51,19.51,19.18,19.27,16603900,VPB
2024-11-04 07:00:00,19.27,19.32,18.75,18.84,30569300,VPB
2024-11-05 07:00:00,18.7,18.94,18.7,18.84,9956500,VPB
2024-11-06 07:00:00,18.89,19.08,18.84,18.99,16235900,VPB
2024-11-07 07:00:00,19.04,19.08,18.75,18.84,13396000,VPB
2024-11-08 07:00:00,18.94,18.94,18.46,18.65,24424300,VPB
2024-11-11 07:00:00,18.6,18.6,18.13,18.37,28129900,VPB
2024-11-12 07:00:00,18.41,18.41,18.08,18.27,15114900,VPB
2024-11-13 07:00:00,18.13,18.51,17.93,18.51,20297800,VPB
2024-11-14 07:00:00,18.27,18.37,17.98,18.18,12405400,VPB
2024-11-15 07:00:00,18.03,18.13,17.89,17.89,16699300,VPB
2024-11-18 07:00:00,17.79,18.08,17.65,17.89,19557500,VPB
2024-11-19 07:00:00,17.93,17.98,17.7,17.7,11166800,VPB
2024-11-20 07:00:00,17.6,18.08,17.6,17.89,17682700,VPB
2024-11-21 07:00:00,17.89,18.37,17.79,18.37,27855200,VPB
2024-11-22 07:00:00,18.37,18.46,18.22,18.22,18059300,VPB
2024-11-25 07:00:00,18.22,18.37,18.22,18.22,7649800,VPB
2024-11-26 07:00:00,18.22,18.56,18.22,18.22,18360500,VPB
2024-11-27 07:00:00,18.22,18.37,18.18,18.22,6902700,VPB
2024-11-28 07:00:00,18.37,18.51,18.22,18.22,11978600,VPB
2024-11-29 07:00:00,18.32,18.37,18.18,18.32,6008400,VPB
2024-12-02 07:00:00,18.46,18.46,18.27,18.37,6324600,VPB
2024-12-03 07:00:00,18.32,18.37,18.18,18.37,10874600,VPB
2024-12-04 07:00:00,18.22,18.32,18.13,18.18,8458600,VPB
2024-12-05 07:00:00,18.18,18.65,17.98,18.65,31488800,VPB
2024-12-06 07:00:00,18.65,18.65,18.46,18.51,11632800,VPB
2024-12-09 07:00:00,18.41,18.7,18.37,18.56,19955200,VPB
2024-12-10 07:00:00,18.56,18.6,18.37,18.41,7241900,VPB
2024-12-11 07:00:00,18.41,18.46,18.22,18.41,13262400,VPB
2024-12-12 07:00:00,18.41,18.7,18.32,18.46,23034300,VPB
2024-12-13 07:00:00,18.37,18.46,18.27,18.32,7750600,VPB
2024-12-16 07:00:00,18.32,18.37,18.18,18.27,6791900,VPB
2024-12-17 07:00:00,18.27,18.32,18.13,18.13,8186500,VPB
2024-12-18 07:00:00,18.18,18.27,18.13,18.18,4843000,VPB
2024-12-19 07:00:00,18.13,18.13,17.79,17.98,21112100,VPB
2024-12-20 07:00:00,17.98,18.08,17.84,18.08,6638600,VPB
2024-12-23 07:00:00,18.13,18.32,18.08,18.13,7737800,VPB
2024-12-24 07:00:00,18.13,18.18,17.93,18.13,5918600,VPB
2024-12-25 07:00:00,18.13,18.46,17.98,18.37,14786600,VPB
2024-12-26 07:00:00,18.41,18.46,18.22,18.41,8211900,VPB
2024-12-27 07:00:00,18.37,18.51,18.27,18.41,16560300,VPB
2024-12-30 07:00:00,18.37,18.41,18.27,18.41,6678700,VPB
2024-12-31 07:00:00,18.41,18.41,18.22,18.37,8163800,VPB
2025-01-02 07:00:00,18.27,18.37,18.13,18.32,8363400,VPB
2025-01-03 07:00:00,18.27,18.27,17.93,17.93,10601500,VPB
2025-01-06 07:00:00,17.93,18.08,17.89,17.98,6917300,VPB
2025-01-07 07:00:00,18.03,18.08,17.89,17.89,6745900,VPB
2025-01-08 07:00:00,17.89,18.08,17.84,18.03,4829800,VPB
2025-01-09 07:00:00,18.08,18.08,17.84,17.89,3978900,VPB
2025-01-10 07:00:00,17.89,17.93,17.65,17.7,6522500,VPB
2025-01-13 07:00:00,17.65,17.7,17.46,17.5,8588900,VPB
2025-01-14 07:00:00,17.46,17.55,17.27,17.36,11010000,VPB
2025-01-15 07:00:00,17.5,17.7,17.41,17.6,5618700,VPB
2025-01-16 07:00:00,17.7,17.7,17.41,17.6,9492000,VPB
2025-01-17 07:00:00,17.6,17.65,17.5,17.65,4423700,VPB
2025-01-20 07:00:00,17.6,17.74,17.55,17.6,6430800,VPB
2025-01-21 07:00:00,17.7,17.7,17.46,17.6,11084100,VPB
2025-01-22 07:00:00,17.6,17.7,17.46,17.55,10799900,VPB
2025-01-23 07:00:00,17.7,18.08,17.6,18.08,26477400,VPB
2025-01-24 07:00:00,18.08,18.18,17.98,18.08,11206200,VPB
2025-02-03 07:00:00,17.98,17.98,17.7,17.7,9498400,VPB
2025-02-04 07:00:00,17.93,17.98,17.74,17.93,11820000,VPB
2025-02-05 07:00:00,17.93,18.27,17.93,18.22,12836500,VPB
2025-02-06 07:00:00,18.27,18.37,18.13,18.22,9985800,VPB
2025-02-07 07:00:00,18.13,18.37,18.08,18.13,8925500,VPB
2025-02-10 07:00:00,18.08,18.27,17.93,18.03,13500000,VPB
2025-02-11 07:00:00,18.03,18.32,17.98,18.08,20352000,VPB
2025-02-12 07:00:00,18.18,18.27,17.98,18.08,7800900,VPB
2025-02-13 07:00:00,18.08,18.18,17.98,18.08,8322600,VPB
2025-02-14 07:00:00,18.27,18.32,18.18,18.18,11535000,VPB
2025-02-17 07:00:00,18.18,18.27,18.03,18.03,11944500,VPB
2025-02-18 07:00:00,18.03,18.37,17.93,18.13,18113100,VPB
2025-02-19 07:00:00,18.18,18.27,18.13,18.22,9257700,VPB
2025-02-20 07:00:00,18.27,18.46,18.18,18.37,18762900,VPB
2025-02-21 07:00:00,18.32,18.75,18.22,18.6,42288600,VPB
2025-02-24 07:00:00,18.56,18.7,18.37,18.7,22721400,VPB
2025-02-25 07:00:00,18.7,18.75,18.41,18.51,14015500,VPB
2025-02-26 07:00:00,18.51,18.56,18.41,18.41,11212100,VPB
2025-02-27 07:00:00,18.41,18.51,18.22,18.46,9546600,VPB
2025-02-28 07:00:00,18.27,18.56,18.27,18.46,9236600,VPB
2025-03-03 07:00:00,18.51,18.51,18.27,18.37,9400800,VPB
2025-03-04 07:00:00,18.27,18.37,18.13,18.27,19237100,VPB
2025-03-05 07:00:00,18.27,18.51,18.18,18.18,16030300,VPB
2025-03-06 07:00:00,18.22,18.51,18.22,18.32,20891200,VPB
2025-03-07 07:00:00,18.37,18.6,18.32,18.41,20716400,VPB
2025-03-10 07:00:00,18.56,18.8,18.46,18.56,34122100,VPB
2025-03-11 07:00:00,18.41,18.89,18.37,18.84,37545200,VPB
2025-03-12 07:00:00,18.94,18.94,18.65,18.75,27171700,VPB
2025-03-13 07:00:00,18.8,18.8,18.37,18.41,16157500,VPB
2025-03-14 07:00:00,18.46,18.75,18.37,18.75,17673600,VPB
2025-03-17 07:00:00,18.89,19.51,18.75,19.32,71545100,VPB
2025-03-18 07:00:00,19.37,19.42,18.94,18.94,25977100,VPB
2025-03-19 07:00:00,18.89,18.89,18.56,18.6,29438700,VPB
2025-03-20 07:00:00,18.75,18.84,18.56,18.75,18739400,VPB
2025-03-21 07:00:00,18.75,18.8,18.56,18.65,9370100,VPB
2025-03-24 07:00:00,18.65,18.8,18.41,18.75,16805100,VPB
2025-03-25 07:00:00,18.8,18.84,18.6,18.65,11786900,VPB
2025-03-26 07:00:00,18.65,18.8,18.46,18.51,9453500,VPB
2025-03-27 07:00:00,18.41,18.6,18.41,18.41,6689600,VPB
2025-03-28 07:00:00,18.41,18.56,18.37,18.41,11134300,VPB
2025-03-31 07:00:00,18.32,18.41,18.18,18.18,14764100,VPB
2025-04-01 07:00:00,18.32,18.37,18.18,18.32,8728300,VPB
2025-04-02 07:00:00,18.32,18.51,18.27,18.32,11401400,VPB
2025-04-03 07:00:00,17.41,17.74,17.08,17.08,40611200,VPB
2025-04-04 07:00:00,16.07,16.69,15.93,16.69,46810000,VPB
2025-04-08 07:00:00,16.26,16.45,15.54,15.54,24697900,VPB
2025-04-09 07:00:00,14.54,15.78,14.49,15.26,56107800,VPB
2025-04-10 07:00:00,16.31,16.31,16.31,16.31,1665400,VPB
2025-04-11 07:00:00,16.26,16.88,16.07,16.69,60038400,VPB
2025-04-14 07:00:00,16.74,16.93,16.5,16.55,28905800,VPB
2025-04-15 07:00:00,16.45,16.5,16.12,16.17,19615100,VPB
2025-04-16 07:00:00,16.12,16.26,15.97,16.07,13818200,VPB
2025-04-17 07:00:00,16.07,16.07,15.64,15.83,21615700,VPB
2025-04-18 07:00:00,15.93,16.5,15.93,16.21,16480100,VPB
2025-04-21 07:00:00,16.17,16.31,15.97,15.97,12080600,VPB
2025-04-22 07:00:00,15.88,16.07,14.87,15.88,30670500,VPB
2025-04-23 07:00:00,16.26,16.26,15.97,15.97,10954900,VPB
2025-04-24 07:00:00,16.07,16.21,15.93,15.93,12820700,VPB
2025-04-25 07:00:00,15.97,16.02,15.74,15.78,24808000,VPB
2025-04-28 07:00:00,15.97,15.97,15.78,15.83,9938200,VPB
2025-04-29 07:00:00,15.88,15.97,15.78,15.83,14256100,VPB
2025-05-05 07:00:00,15.97,16.02,15.78,15.88,7593000,VPB
2025-05-06 07:00:00,15.97,16.45,15.93,16.17,25315800,VPB
2025-05-07 07:00:00,16.21,16.26,16.07,16.26,10235800,VPB
2025-05-08 07:00:00,16.31,16.45,16.21,16.26,15414400,VPB
2025-05-09 07:00:00,16.36,16.5,16.17,16.26,17694500,VPB
2025-05-12 07:00:00,16.36,16.69,16.21,16.6,36530800,VPB
2025-05-13 07:00:00,16.88,16.93,16.69,16.93,27752400,VPB
2025-05-14 07:00:00,17.03,18.08,16.98,18.08,95581000,VPB
2025-05-15 07:00:00,18.32,18.47,17.93,18.23,55071300,VPB
2025-05-16 07:00:00,18.03,18.37,17.74,17.74,37978200,VPB
2025-05-19 07:00:00,17.69,18.52,17.49,17.88,64648000,VPB
2025-05-20 07:00:00,17.88,18.23,17.83,17.88,27838100,VPB
2025-05-21 07:00:00,17.98,18.47,17.93,18.13,68308300,VPB
2025-05-22 07:00:00,18.18,18.37,17.88,17.98,40934700,VPB
2025-05-23 07:00:00,17.93,18.03,17.78,17.78,14934100,VPB
2025-05-26 07:00:00,17.78,17.88,17.0,17.83,24583500,VPB
2025-05-27 07:00:00,17.83,17.98,17.74,17.78,22988200,VPB
2025-05-28 07:00:00,17.88,17.98,17.69,17.69,13063100,VPB
2025-05-29 07:00:00,17.78,18.23,17.69,17.83,46408000,VPB
2025-05-30 07:00:00,17.93,17.98,17.59,17.64,11859100,VPB
2025-06-02 07:00:00,17.64,17.83,17.49,17.69,13488800,VPB
2025-06-03 07:00:00,17.78,18.08,17.69,17.98,22863000,VPB
2025-06-04 07:00:00,17.98,18.23,17.88,17.93,41724400,VPB
2025-06-05 07:00:00,17.88,18.08,17.74,17.78,12655700,VPB
2025-06-06 07:00:00,17.78,17.78,17.49,17.49,20106300,VPB
2025-06-09 07:00:00,17.44,17.59,17.34,17.54,14015700,VPB
2025-06-10 07:00:00,17.59,17.88,17.54,17.64,20277000,VPB
2025-06-11 07:00:00,17.74,17.74,17.59,17.69,6795100,VPB
2025-06-12 07:00:00,17.74,17.98,17.74,17.88,21883000,VPB
2025-06-13 07:00:00,17.74,18.08,17.59,17.83,29219800,VPB
2025-06-16 07:00:00,17.83,18.47,17.83,18.47,71722500,VPB
2025-06-17 07:00:00,18.57,18.67,18.27,18.47,35021100,VPB
2025-06-18 07:00:00,18.47,18.62,18.18,18.18,23610700,VPB
2025-06-19 07:00:00,18.18,18.42,18.18,18.18,17971800,VPB
2025-06-20 07:00:00,18.27,18.52,18.13,18.13,24901400,VPB
2025-06-23 07:00:00,18.03,18.18,17.93,18.08,18209500,VPB
2025-06-24 07:00:00,18.23,18.42,18.13,18.23,42718000,VPB
2025-06-25 07:00:00,18.27,18.37,18.08,18.08,17177500,VPB
2025-06-26 07:00:00,18.18,18.23,18.03,18.03,10934900,VPB
2025-06-27 07:00:00,18.18,18.42,18.13,18.18,21153100,VPB
2025-06-30 07:00:00,18.23,18.32,18.18,18.18,11547500,VPB
2025-07-01 07:00:00,18.18,18.27,18.08,18.13,17060200,VPB
2025-07-02 07:00:00,18.13,18.27,18.03,18.27,18377700,VPB
2025-07-03 07:00:00,18.23,18.52,18.18,18.32,47153200,VPB
2025-07-04 07:00:00,18.37,18.52,18.27,18.42,22180000,VPB
2025-07-07 07:00:00,18.57,19.01,18.57,18.96,53672800,VPB
2025-07-08 07:00:00,19.01,19.26,18.72,19.26,45382200,VPB
2025-07-09 07:00:00,19.45,19.8,19.36,19.7,66441400,VPB
2025-07-10 07:00:00,19.8,19.9,19.55,19.8,36743400,VPB
2025-07-11 07:00:00,19.85,20.0,19.55,19.8,45180900,VPB
2025-07-14 07:00:00,19.9,20.83,19.85,20.63,63378600,VPB
2025-07-15 07:00:00,20.78,20.83,20.39,20.39,48779100,VPB
2025-07-16 07:00:00,20.39,20.63,20.14,20.49,31463400,VPB
2025-07-17 07:00:00,20.63,20.93,20.39,20.54,49437400,VPB
2025-07-18 07:00:00,20.54,21.27,20.44,20.98,47947600,VPB
2025-07-21 07:00:00,21.22,22.11,20.98,21.91,72588400,VPB
2025-07-22 07:00:00,21.76,22.21,21.42,22.11,41725200,VPB
2025-07-23 07:00:00,22.4,23.19,22.11,22.94,73950900,VPB
2025-07-24 07:00:00,23.48,23.48,22.75,23.09,47157800,VPB
2025-07-25 07:00:00,23.09,23.73,22.99,23.63,54483100,VPB
2025-07-28 07:00:00,23.92,24.71,23.58,24.66,57164800,VPB
2025-07-29 07:00:00,24.66,25.35,23.14,23.19,83065000,VPB
2025-07-30 07:00:00,23.38,24.81,23.09,24.81,70974800,VPB
2025-07-31 07:00:00,25.35,25.64,25.1,25.35,55195800,VPB
2025-08-01 07:00:00,25.45,25.45,24.56,25.35,55593400,VPB
2025-08-04 07:00:00,24.81,25.94,24.81,25.94,38227100,VPB
2025-08-05 07:00:00,26.18,27.17,25.15,26.04,71760200,VPB
2025-08-06 07:00:00,26.09,26.63,25.84,26.63,28376400,VPB
2025-08-07 07:00:00,27.36,28.44,26.92,28.44,62566800,VPB
2025-08-08 07:00:00,28.98,29.03,27.51,29.03,44921400,VPB
2025-08-11 07:00:00,28.98,29.43,28.49,29.08,33778300,VPB
2025-08-12 07:00:00,29.08,29.28,28.69,29.08,35529800,VPB
2025-08-13 07:00:00,28.79,29.03,27.51,28.3,43486100,VPB
2025-08-14 07:00:00,28.89,30.26,28.69,30.26,69328900,VPB
2025-08-15 07:00:00,32.23,32.23,30.36,30.56,64889700,VPB
2025-08-18 07:00:00,31.49,31.98,31.05,31.44,46632900,VPB
2025-08-19 07:00:00,32.13,33.6,32.13,33.6,21644900,VPB
2025-08-20 07:00:00,34.98,35.91,33.11,35.91,75558800,VPB
2025-08-21 07:00:00,36.35,38.22,36.06,37.98,51427900,VPB
2025-08-22 07:00:00,37.34,37.58,35.32,35.32,75347200,VPB
2025-08-25 07:00:00,35.32,35.37,32.87,32.92,67974200,VPB
2025-08-26 07:00:00,32.47,33.75,32.18,33.7,47968700,VPB
2025-08-27 07:00:00,33.9,34.09,31.93,32.72,57247900,VPB
2025-08-28 07:00:00,32.52,33.6,32.03,33.41,37019300,VPB
2025-08-29 07:00:00,33.41,35.67,33.06,34.39,65834600,VPB
2025-09-03 07:00:00,34.54,34.78,33.75,33.9,28617800,VPB
2025-09-04 07:00:00,34.09,34.39,33.21,34.29,44836900,VPB
2025-09-05 07:00:00,34.88,34.88,32.92,32.92,37902100,VPB
2025-09-08 07:00:00,32.72,32.77,30.66,30.66,58073200,VPB
2025-09-09 07:00:00,30.95,31.98,30.8,31.84,39698200,VPB
2025-09-10 07:00:00,32.28,32.38,31.24,31.88,22042300,VPB
2025-09-11 07:00:00,31.49,31.78,29.92,31.69,44389200,VPB
2025-09-12 07:00:00,31.54,31.74,31.0,31.05,23141700,VPB
2025-09-15 07:00:00,30.95,31.64,30.41,31.0,64130100,VPB
2025-09-16 07:00:00,31.0,32.28,30.95,31.15,70212600,VPB
2025-09-17 07:00:00,31.15,31.39,30.46,30.46,26679300,VPB
2025-09-18 07:00:00,30.56,30.7,29.77,30.26,26645900,VPB
2025-09-19 07:00:00,30.36,30.41,29.48,29.87,28454900,VPB
2025-09-22 07:00:00,29.82,29.87,28.79,28.98,54206200,VPB
2025-09-23 07:00:00,29.08,30.12,29.08,29.38,27129500,VPB
2025-09-24 07:00:00,29.58,31.05,29.03,31.05,40528600,VPB
2025-09-25 07:00:00,31.15,31.29,30.36,30.41,30534200,VPB
2025-09-26 07:00:00,30.41,30.56,29.87,29.87,25508600,VPB
2025-09-29 07:00:00,29.97,30.66,29.53,30.56,33075500,VPB
2025-09-30 07:00:00,30.7,30.7,29.77,30.56,28902200,VPB
2025-10-01 07:00:00,30.56,31.0,30.31,30.36,16624800,VPB
2025-10-02 07:00:00,30.56,30.95,29.62,29.62,31474300,VPB
2025-10-03 07:00:00,29.62,29.67,28.98,28.98,30206400,VPB
2025-10-06 07:00:00,29.72,31.0,29.48,31.0,42838700,VPB
2025-10-07 07:00:00,31.34,31.34,30.36,30.51,26704000,VPB
2025-10-08 07:00:00,30.85,31.1,30.16,30.56,25369900,VPB
2025-10-09 07:00:00,30.75,31.54,30.56,31.54,39130900,VPB
2025-10-10 07:00:00,31.74,31.78,31.15,31.54,34643000,VPB
2025-10-13 07:00:00,31.05,31.29,30.7,31.15,35739000,VPB
2025-10-14 07:00:00,31.34,32.28,31.34,31.93,57074600,VPB
2025-10-15 07:00:00,32.18,34.04,32.18,33.11,92652500,VPB
2025-10-16 07:00:00,33.21,33.31,32.62,32.62,30745500,VPB
2025-10-17 07:00:00,32.62,32.77,31.34,31.39,50287200,VPB
2025-10-20 07:00:00,31.0,31.24,29.23,29.23,52634700,VPB
2025-10-21 07:00:00,28.98,30.12,27.86,29.82,54104300,VPB
2025-10-22 07:00:00,29.92,29.92,28.89,29.92,26715100,VPB
2025-10-23 07:00:00,29.97,30.26,29.48,29.48,14351400,VPB
2025-10-24 07:00:00,29.38,29.38,28.49,28.69,23926000,VPB
2025-10-27 07:00:00,28.98,29.28,27.81,27.81,23908400,VPB
2025-10-28 07:00:00,27.71,28.94,27.56,28.94,26721300,VPB
2025-10-29 07:00:00,29.18,29.77,28.94,29.33,25082900,VPB
2025-10-30 07:00:00,29.72,29.72,28.44,28.69,19085200,VPB
2025-10-31 07:00:00,28.69,28.84,28.15,28.2,15506600,VPB
2025-11-03 07:00:00,28.54,28.54,27.12,27.12,23165800,VPB
2025-11-04 07:00:00,27.07,28.98,26.77,28.98,31974700,VPB
2025-11-05 07:00:00,28.49,28.94,28.3,28.74,13066000,VPB
2025-11-06 07:00:00,28.69,28.69,27.9,28.0,13235900,VPB
2025-11-07 07:00:00,27.95,28.0,26.82,27.02,23937800,VPB
2025-11-10 07:00:00,26.92,27.71,26.92,27.02,16818300,VPB
2025-11-11 07:00:00,27.27,27.32,26.92,27.02,14818100,VPB
2025-11-12 07:00:00,27.17,27.81,27.02,27.51,16274200,VPB
2025-11-13 07:00:00,27.81,27.86,27.27,27.27,12863200,VPB
2025-11-14 07:00:00,27.12,27.71,27.12,27.32,11783400,VPB
2025-11-17 07:00:00,27.46,27.9,27.36,27.61,12074200,VPB
2025-11-18 07:00:00,27.81,28.3,27.66,28.3,18859400,VPB
2025-11-19 07:00:00,28.2,28.25,27.61,27.61,16825600,VPB
2025-11-20 07:00:00,27.76,28.25,27.51,28.05,19548400,VPB
2025-11-21 07:00:00,27.86,28.2,27.51,28.05,18164600,VPB
2025-11-24 07:00:00,28.05,28.69,27.9,28.49,18118500,VPB
2025-11-25 07:00:00,28.44,28.49,27.61,27.71,14577900,VPB
2025-11-26 07:00:00,27.71,28.59,27.71,28.49,18812900,VPB
2025-11-27 07:00:00,28.54,28.98,28.3,28.59,14878100,VPB
2025-11-28 07:00:00,28.59,28.74,28.2,28.74,11904900,VPB
2025-12-01 07:00:00,28.54,29.03,28.35,28.79,11852800,VPB
2025-12-02 07:00:00,28.74,28.74,28.2,28.4,10412200,VPB
2025-12-03 07:00:00,28.64,29.77,28.49,29.72,30066400,VPB
2025-12-04 07:00:00,29.82,29.92,29.38,29.72,16875100,VPB
2025-12-05 07:00:00,29.72,29.77,29.28,29.33,12515000,VPB
2025-12-08 07:00:00,29.28,29.72,29.03,29.18,15691000,VPB
2025-12-09 07:00:00,29.13,29.18,27.9,28.25,25274800,VPB
2025-12-10 07:00:00,28.25,28.59,28.0,28.49,9284000,VPB
2025-12-11 07:00:00,28.44,28.49,27.66,27.66,10971700,VPB
2025-12-12 07:00:00,27.61,27.71,26.09,26.09,21016800,VPB
2025-12-15 07:00:00,26.14,27.02,26.14,27.02,18306600,VPB
2025-12-16 07:00:00,26.97,27.81,26.33,27.76,11815200,VPB
2025-12-17 07:00:00,27.71,27.81,27.32,27.51,6311700,VPB
2025-12-18 07:00:00,27.51,27.81,27.22,27.81,7996800,VPB
2025-12-19 07:00:00,27.76,27.95,27.51,27.95,9896000,VPB
2025-12-22 07:00:00,27.95,28.49,27.61,28.49,13903800,VPB
2025-12-23 07:00:00,28.59,28.89,28.05,28.2,12224300,VPB
2025-12-24 07:00:00,28.1,28.79,27.9,28.79,15286500,VPB
2025-12-25 07:00:00,28.79,29.18,28.25,28.25,14199000,VPB
2025-12-26 07:00:00,27.71,28.35,26.87,27.66,27183600,VPB
2025-12-29 07:00:00,27.66,27.81,27.32,27.51,20347900,VPB
2025-12-30 07:00:00,27.41,28.59,27.41,28.2,23124400,VPB
2025-12-31 07:00:00,28.2,28.49,28.05,28.15,22530100,VPB
2026-01-05 07:00:00,28.15,28.3,27.07,27.41,16194100,VPB
2026-01-06 07:00:00,27.36,28.4,27.17,28.35,21660200,VPB
2026-01-07 07:00:00,28.64,29.23,28.59,28.74,34203500,VPB
2026-01-08 07:00:00,28.79,29.23,28.49,28.74,29952600,VPB
2026-01-09 07:00:00,28.74,29.13,27.71,27.76,37610200,VPB
2026-01-12 07:00:00,28.0,29.67,27.66,29.67,49690500,VPB
2026-01-13 07:00:00,30.75,30.9,29.77,29.97,42211100,VPB
2026-01-14 07:00:00,30.02,30.26,28.69,28.98,44749400,VPB
2026-01-15 07:00:00,28.84,28.89,28.25,28.49,34620800,VPB
2026-01-16 07:00:00,28.79,28.94,28.35,28.4,24981000,VPB
2026-01-19 07:00:00,28.44,29.28,28.4,29.13,30777100,VPB
2026-01-20 07:00:00,29.62,30.41,29.18,29.23,48697600,VPB
2026-01-21 07:00:00,29.13,29.13,28.49,28.54,34082700,VPB
2026-01-22 07:00:00,28.59,28.89,28.54,28.69,19795300,VPB
2026-01-23 07:00:00,28.69,28.79,28.0,28.0,31092900,VPB
2026-01-26 07:00:00,28.1,28.15,27.12,27.27,32470600,VPB
2026-01-27 07:00:00,27.32,27.61,27.22,27.32,12846500,VPB
2026-01-28 07:00:00,27.46,27.81,27.17,27.27,14212000,VPB
2026-01-29 07:00:00,27.51,27.66,27.17,27.17,8246800,VPB
2026-01-30 07:00:00,27.27,27.51,27.07,27.51,15839700,VPB
2026-02-02 07:00:00,27.36,27.51,26.77,27.12,14154800,VPB
2026-02-03 07:00:00,27.36,27.51,27.02,27.02,15333400,VPB
2026-02-04 07:00:00,27.02,27.32,26.77,27.27,16720100,VPB
2026-02-05 07:00:00,27.51,27.56,26.92,26.92,9669100,VPB
2026-02-06 07:00:00,26.72,26.77,26.33,26.33,18137700,VPB
2026-02-09 07:00:00,26.53,26.68,26.18,26.28,8770500,VPB
2026-02-10 07:00:00,26.23,26.82,25.89,26.14,11076900,VPB
2026-02-11 07:00:00,26.33,27.81,26.33,27.81,28252000,VPB
2026-02-12 07:00:00,27.86,28.0,27.66,27.76,8140700,VPB
2026-02-13 07:00:00,27.61,27.81,27.41,27.81,12905500,VPB
2026-02-23 07:00:00,27.95,28.64,27.81,28.3,15465000,VPB
2026-02-24 07:00:00,28.2,28.64,28.05,28.49,18101200,VPB
2026-02-25 07:00:00,28.49,28.98,28.3,28.35,20144800,VPB
2026-02-26 07:00:00,28.49,28.69,28.35,28.4,13933100,VPB
2026-02-27 07:00:00,28.54,28.94,28.25,28.44,18002900,VPB
2026-03-02 07:00:00,27.76,28.2,27.46,27.56,24664300,VPB
2026-03-03 07:00:00,27.56,27.95,26.82,26.97,18795100,VPB
2026-03-04 07:00:00,26.87,27.17,26.04,26.68,26580500,VPB
2026-03-05 07:00:00,26.97,27.61,26.48,26.53,21450200,VPB
2026-03-06 07:00:00,26.53,26.53,26.18,26.18,15454600,VPB
2026-03-09 07:00:00,24.37,24.76,24.37,24.37,32371300,VPB
2026-03-10 07:00:00,25.55,25.55,24.37,25.06,30382100,VPB
2026-03-11 07:00:00,25.06,26.04,24.96,25.99,17296100,VPB
2026-03-12 07:00:00,25.4,25.74,25.06,25.3,12809200,VPB
2026-03-13 07:00:00,24.96,25.55,24.56,25.2,13865300,VPB
2026-03-16 07:00:00,25.25,25.3,24.96,25.06,7467100,VPB
2026-03-17 07:00:00,25.35,25.94,25.25,25.25,9324100,VPB
2026-03-18 07:00:00,25.5,25.69,24.96,25.15,9271600,VPB
2026-03-19 07:00:00,24.81,25.35,24.52,25.15,23991600,VPB
2026-03-20 07:00:00,24.86,25.45,24.61,24.61,15978800,VPB
2026-03-23 07:00:00,24.46,24.46,23.48,23.58,22738500,VPB
2026-03-24 07:00:00,24.02,25.2,23.83,24.81,29998900,VPB
2026-03-25 07:00:00,25.5,25.94,25.1,25.84,21942900,VPB
2026-03-26 07:00:00,25.84,26.04,25.4,25.74,19426700,VPB
2026-03-27 07:00:00,25.55,26.09,25.45,25.99,11263600,VPB
2026-03-30 07:00:00,25.2,25.94,25.1,25.64,16541700,VPB
2026-03-31 07:00:00,25.94,26.43,25.79,26.23,19377200,VPB
2026-04-01 07:00:00,26.82,26.87,26.33,26.33,10288600,VPB
2026-04-02 07:00:00,26.14,26.14,25.55,25.79,11441500,VPB
2026-04-03 07:00:00,25.84,25.94,25.3,25.35,16758100,VPB
2026-04-06 07:00:00,25.35,25.5,25.06,25.15,11093100,VPB
2026-04-07 07:00:00,25.15,25.64,25.06,25.6,11428900,VPB
2026-04-08 07:00:00,26.72,27.27,26.18,27.12,24909900,VPB
2026-04-09 07:00:00,26.87,27.02,26.58,26.63,11852400,VPB
2026-04-10 07:00:00,27.02,27.41,26.82,26.82,14448500,VPB
2026-04-13 07:00:00,26.53,26.72,26.33,26.43,13557000,VPB
2026-04-14 07:00:00,26.82,27.27,26.63,26.87,14453500,VPB
2026-04-15 07:00:00,27.36,27.36,26.77,26.87,12229700,VPB
2026-04-16 07:00:00,26.82,27.41,26.53,27.12,15412800,VPB
2026-04-17 07:00:00,27.32,28.0,27.17,27.76,25668400,VPB
2026-04-20 07:00:00,28.0,28.0,27.56,27.56,14857100,VPB
2026-04-21 07:00:00,27.51,27.76,27.07,27.07,12776900,VPB
2026-04-22 07:00:00,27.12,27.36,26.92,27.07,13650100,VPB
2026-04-23 07:00:00,27.17,27.61,26.92,26.92,12903100,VPB
2026-04-24 07:00:00,26.92,27.12,26.72,26.77,8708200,VPB
2026-04-28 07:00:00,26.77,26.97,26.53,26.53,7722200,VPB
2026-04-29 07:00:00,26.33,26.53,26.04,26.04,18791500,VPB
2026-05-04 07:00:00,26.23,26.68,26.23,26.48,6238600,VPB
2026-05-05 07:00:00,26.43,27.51,26.04,27.51,22244500,VPB
2026-05-06 07:00:00,27.41,27.61,27.07,27.51,18609200,VPB
2026-05-07 07:00:00,27.51,27.76,27.32,27.66,18127700,VPB
2026-05-08 07:00:00,27.61,27.81,27.41,27.46,15747600,VPB
2026-05-11 07:00:00,27.41,27.61,27.32,27.32,14897400,VPB
2026-05-12 07:00:00,27.27,27.41,27.02,27.36,14565400,VPB
2026-05-13 07:00:00,27.51,27.66,27.22,27.27,13166100,VPB
2026-05-14 07:00:00,27.27,28.15,27.27,28.15,25280800,VPB
2026-05-15 07:00:00,28.2,28.25,27.55,27.55,12744400,VPB
2026-05-18 07:00:00,27.45,27.5,27.1,27.45,15227700,VPB
2026-05-19 07:00:00,27.5,27.5,26.75,26.75,19221900,VPB
2026-05-20 07:00:00,26.7,26.8,25.65,26.7,24208300,VPB
2026-05-21 07:00:00,26.9,27.15,26.55,27.0,10367000,VPB
2026-05-22 07:00:00,27.0,27.0,26.55,26.8,7815500,VPB
2026-05-25 07:00:00,26.8,27.3,26.8,27.0,8099400,VPB
2026-05-26 07:00:00,27.0,27.8,26.9,27.6,15075400,VPB
2026-05-27 07:00:00,27.65,28.25,27.55,28.05,21261000,VPB
2026-05-28 07:00:00,28.05,28.1,27.3,27.3,12835600,VPB
2026-05-29 07:00:00,27.2,27.4,27.05,27.1,12537100,VPB
2026-06-01 07:00:00,27.0,27.2,26.95,26.95,7009500,VPB
2026-06-02 07:00:00,26.95,27.1,26.2,26.45,16345300,VPB
2026-06-03 07:00:00,26.4,26.75,26.1,26.45,12339400,VPB
2026-06-04 07:00:00,26.55,26.6,26.25,26.5,7702400,VPB
2026-06-05 07:00:00,26.5,26.7,26.3,26.45,6898800,VPB
2026-06-08 07:00:00,26.15,26.25,25.6,25.6,14124400,VPB
2026-06-09 07:00:00,25.6,26.05,25.6,25.9,9222900,VPB
2026-06-10 07:00:00,25.85,26.15,25.8,26.05,10242500,VPB
2026-06-11 07:00:00,25.9,26.05,25.7,26.0,8711700,VPB
2026-06-12 07:00:00,26.5,26.5,25.95,26.0,12467100,VPB
2026-06-15 07:00:00,26.5,26.5,26.0,26.25,19473200,VPB
2026-06-16 07:00:00,26.5,26.65,26.2,26.35,13094700,VPB
2026-06-17 07:00:00,26.35,26.8,26.25,26.5,15641900,VPB
2026-06-18 07:00:00,26.5,26.55,26.25,26.4,10095500,VPB
2026-06-19 07:00:00,26.3,26.4,25.85,25.9,14326900,VPB
2026-06-22 07:00:00,25.9,26.05,25.8,26.0,6206700,VPB
2026-06-23 07:00:00,26.15,27.25,26.05,26.55,23143600,VPB
2026-06-24 07:00:00,26.55,26.8,26.2,26.55,12665100,VPB
2026-06-25 07:00:00,26.45,26.85,26.45,26.7,5889800,VPB
2026-06-26 07:00:00,26.75,26.75,26.35,26.75,7818600,VPB
2026-06-29 07:00:00,26.8,27.15,26.8,27.05,12693500,VPB
2026-06-30 07:00:00,27.1,27.15,27.0,27.0,6681700,VPB
2026-07-01 07:00:00,27.05,27.9,27.05,27.7,25427300,VPB
2026-07-02 07:00:00,27.85,28.0,27.45,27.7,12453200,VPB
2026-07-03 07:00:00,27.7,27.85,27.45,27.8,11584000,VPB
2026-07-06 07:00:00,27.8,27.95,26.95,27.45,14582500,VPB
2026-07-07 07:00:00,27.35,27.7,27.25,27.6,8051500,VPB
2026-07-08 07:00:00,27.6,28.1,27.5,27.75,18004600,VPB
2026-07-09 07:00:00,27.65,27.7,27.25,27.25,9817200,VPB
2026-07-10 07:00:00,27.2,27.25,26.7,26.7,14081800,VPB
2026-07-13 07:00:00,26.45,26.45,25.8,26.4,21924200,VPB
2026-07-14 07:00:00,26.25,26.5,25.9,26.5,14462900,VPB
2026-07-15 07:00:00,26.5,26.5,25.8,25.8,12957400,VPB
2026-07-16 07:00:00,25.8,26.25,25.05,26.0,22414600,VPB
2026-07-17 07:00:00,25.95,26.55,25.7,25.85,11440800,VPB
2026-07-20 07:00:00,25.85,26.0,24.6,25.0,22577700,VPB
2026-07-21 07:00:00,24.8,25.45,24.8,25.35,13683400,VPB
2026-07-22 07:00:00,25.35,25.55,24.45,25.0,26398100,VPB
2026-07-23 07:00:00,24.85,25.15,24.0,25.0,19164900,VPB
2026-07-24 07:00:00,24.4,24.95,24.35,24.95,12405700,VPB
2026-07-27 07:00:00,24.9,25.0,24.35,24.55,12699000,VPB
2026-07-28 07:00:00,24.1,24.7,23.95,24.6,12046500,VPB
2026-07-29 07:00:00,24.35,24.55,24.2,24.35,10055400,VPB
2026-07-30 07:00:00,24.5,25.05,24.4,25.0,13162500,VPB
2026-07-31 07:00:00,25.2,25.5,24.8,24.8,12104700,VPB
2026-08-03 07:00:00,24.9,25.6,24.9,25.5,13595900,VPB
2026-08-04 07:00:00,25.6,25.65,25.35,25.65,11402500,VPB
2026-08-05 07:00:00,25.6,26.0,25.5,25.5,13987100,VPB
2026-08-06 07:00:00,25.5,25.5,25.0,25.15,14053700,VPB
2026-08-07 07:00:00,24.9,25.1,24.65,25.0,24187100,VPB
2026-08-10 07:00:00,25.1,25.85,25.1,25.85,17881200,VPB
2026-08-11 07:00:00,25.9,26.0,25.5,25.5,9988200,VPB
2026-08-12 07:00:00,25.55,25.8,25.35,25.7,7494700,VPB
2026-08-13 07:00:00,25.75,25.8,25.2,25.35,13839600,VPB
2026-08-14 07:00:00,25.1,25.35,24.85,25.1,13926300,VPB
2026-08-17 07:00:00,24.9,25.2,24.75,24.75,12064300,VPB
2026-08-18 07:00:00,24.75,24.95,24.5,24.9,18835800,VPB
2026-08-19 07:00:00,24.8,24.95,24.6,24.85,9828400,VPB
2026-08-20 07:00:00,24.9,25.05,24.8,24.9,10121700,VPB
2026-08-21 07:00:00,24.9,25.7,24.75,25.7,13914800,VPB
2026-08-24 07:00:00,26.1,26.5,25.9,26.35,19279300,VPB
2026-08-25 07:00:00,26.3,26.65,26.15,26.4,16309200,VPB
2026-08-26 07:00:00,26.25,26.8,26.1,26.75,16398100,VPB
2026-08-27 07:00:00,26.7,27.45,26.7,27.4,29962700,VPB
2026-08-28 07:00:00,27.1,27.9,27.1,27.8,28676500,VPB
2026-09-03 07:00:00,27.4,27.5,26.95,26.95,21793800,VPB
2026-09-04 07:00:00,26.95,27.8,26.95,27.8,21390000,VPB
2026-09-07 07:00:00,27.9,28.2,27.3,27.3,14906800,VPB
2026-09-08 07:00:00,27.3,27.55,27.05,27.4,13899400,VPB
2026-09-09 07:00:00,27.35,27.55,27.25,27.4,11247800,VPB
2026-09-10 07:00:00,27.3,27.6,27.15,27.5,13222300,VPB
2026-09-11 07:00:00,27.45,27.6,26.85,26.95,21893700,VPB
2026-09-14 07:00:00,26.95,27.45,26.85,27.2,25705400,VPB
2026-09-15 07:00:00,27.4,27.8,27.3,27.65,22318600,VPB
2026-09-16 07:00:00,27.65,27.7,27.3,27.6,17558200,VPB
2026-09-17 07:00:00,27.35,28.2,27.35,28.2,31764100,VPB
2026-09-18 07:00:00,28.3,29.05,27.45,27.45,49102400,VPB
2026-09-21 07:00:00,27.85,28.45,27.6,28.45,33290700,VPB
2026-09-22 07:00:00,28.35,28.4,27.85,28.0,16166700,VPB
2026-09-23 07:00:00,27.85,28.0,27.6,27.85,2238200,VPB
